sextupole,sextupole_s_m,quadrupole,quadrupole_index,screen_rank,optics_leverage,information_gain_logdet,precision_improvement_worst_axis,precision_improvement_worst_direction,baseline_sigma_x_um,baseline_sigma_y_um,candidate_sigma_x_um,candidate_sigma_y_um,max_abs_tune_shift,max_detector_beta_beating
SEX_08E,725.6516956369732,Q01W,4,1,0.12182573965771991,1.9833040048870174,1.6306107147610627,1.603362436147995,376.3104588460468,280.17905600012637,230.7788458885409,172.0375852643261,0.0032366531962004785,0.12099320014111448
SEX_08E,725.6516956369732,Q00W,2,2,0.09843759445241874,3.5309579444447294,1.588284287655768,1.5879722467413937,376.3104588460468,280.17905600012637,236.9289060974488,76.27227066536464,0.007391830282280409,0.10763171022270224
SEX_08E,725.6516956369732,Q00E,1,3,0.09828640673918705,3.5403015391456734,1.5909848452850062,1.5909747701433252,376.3104588460468,280.17905600012637,236.52674000086733,75.92061026063215,0.00738780564499919,0.1076620105801478
SEX_08E,725.6516956369732,Q01E,3,4,0.06018489895361547,2.1245703611143654,1.6531079659226378,1.652910075944515,376.3104588460468,280.17905600012637,227.63816193700285,160.11994941596387,0.003307754480699643,0.12442663319088831
SEX_08E,725.6516956369732,Q48E,101,5,0.034415439679908545,1.2080619748673627,1.5563960185199959,1.5563945961321828,376.3104588460468,280.17905600012637,238.35726442297093,241.78323149649725,0.0009820247937000204,0.034229974482566705
SEX_08E,725.6516956369732,Q06W,14,6,0.03233963636052355,1.144342414890204,1.5063800529616997,1.506379806838363,376.3104588460468,280.17905600012637,238.1657827301317,249.81110052949873,0.0007945838924001691,0.027127415637041574
SEX_08E,725.6516956369732,Q45E,93,7,0.019161606646393495,1.1553460054603732,1.5159376218970257,1.515937202878249,376.3104588460468,280.17905600012637,238.36184797607092,248.23611038502793,0.0005855869624991072,0.02004756661888707
SEX_08E,725.6516956369732,Q48W,102,8,0.01776876466792615,1.1858888353732766,1.5390188940314078,1.5390191029040525,376.3104588460468,280.17905600012637,238.32360334097683,244.51321572818014,0.0009791905211997687,0.0340151034950531
SEX_08E,725.6516956369732,Q24W,50,9,0.01649751546608298,1.1368131874706293,1.501950268442631,1.5019499384045492,376.3104588460468,280.17905600012637,238.36106514358735,250.5478821454204,0.0004682889442992888,0.017291241677299674
SEX_08E,725.6516956369732,Q34W,70,10,0.015684199584145957,1.139696371569073,1.504121704841883,1.5041213130258846,376.3104588460468,280.17905600012637,238.36180672312122,250.18617684637795,0.0004225941501001529,0.015350367975699886
SEX_08E,725.6516956369732,Q20E,41,11,0.015508998298442055,1.1403748848330082,1.5046437430221042,1.5046435328792696,376.3104588460468,280.17905600012637,238.36365221233973,250.09937441418552,0.00043989251359910497,0.015240709030791555
SEX_08E,725.6516956369732,Q14W,30,12,0.015195034777686774,1.1360726108912047,1.5014029382663532,1.5014027367439051,376.3104588460468,280.17905600012637,238.3624476902826,250.6392183304015,0.0004140267502990014,0.014760793096466829
SEX_08E,725.6516956369732,Q06E,13,13,0.01512280618999706,1.1623042375580397,1.520154661605866,1.5201537319965017,376.3104588460468,280.17905600012637,238.19477900918494,247.54748207561897,0.0008040407854004172,0.027665978720859297
SEX_08E,725.6516956369732,Q02W,6,14,0.015100992725187987,1.1511791585697893,1.5072786476772249,1.5062052359449134,376.3104588460468,280.17905600012637,237.51265084425555,249.66217057871543,0.00036923420250012384,0.012939214087367756
SEX_08E,725.6516956369732,Q16E,33,15,0.014674931674606304,1.1233559106934194,1.4915055675597615,1.4915054610077683,376.3104588460468,280.17905600012637,238.30154016998915,252.30241645140146,0.00041769091689936033,0.0149327098906884
SEX_08W,43.04349877919489,Q01W,4,1,0.10958609221694697,2.0113611883417946,1.608804533846082,1.6089261254977774,351.1240612668559,292.4120328941206,218.25153639233142,172.0776973428571,0.0032366531962004785,0.12099320014111448
SEX_08W,43.04349877919489,Q01E,3,2,0.09448115939400127,1.863181818441582,1.5919913656369609,1.5584704207703552,351.1240612668559,292.4120328941206,220.55651107527837,185.31830170024026,0.003307754480699643,0.12442663319088831
SEX_08W,43.04349877919489,Q00W,2,3,0.09058580890221699,3.3508527644740838,1.5547253704488824,1.554882002504104,351.1240612668559,292.4120328941206,225.84314113654614,85.1159564454779,0.007391830282280409,0.10763171022270224
SEX_08W,43.04349877919489,Q00E,1,4,0.0885764816989227,3.3399791323391312,1.5525746955525284,1.552461950352414,351.1240612668559,292.4120328941206,226.1559861001717,85.55049209528183,0.00738780564499919,0.1076620105801478
SEX_08W,43.04349877919489,Q48W,102,5,0.03298067193948609,1.1774383431970676,1.3999525563191728,1.3998366523723942,351.1240612668559,292.4120328941206,227.21070445335044,250.81140048777746,0.0009791905211997687,0.0340151034950531
SEX_08W,43.04349877919489,Q48E,101,6,0.03296856632205652,1.1568111978196498,1.3856588892597466,1.3855614667681027,351.1240612668559,292.4120328941206,227.2226668621408,253.39862789350352,0.0009820247937000204,0.034229974482566705
SEX_08W,43.04349877919489,Q06W,14,7,0.03061438811154773,1.140126284296251,1.3726817149946795,1.3726012073299232,351.1240612668559,292.4120328941206,226.98067520188405,255.79422923122195,0.0007945838924001691,0.027127415637041574
SEX_08W,43.04349877919489,Q06E,13,8,0.025245433753621073,1.1206874441359531,1.3593309711753572,1.3592650065221952,351.1240612668559,292.4120328941206,226.96862451214204,258.3065263077567,0.0008040407854004172,0.027665978720859297
SEX_08W,43.04349877919489,Q45W,94,9,0.0212750830130158,1.1301831406805434,1.3673512872141473,1.367272766342697,351.1240612668559,292.4120328941206,227.22631490235221,256.79140726319054,0.0005829007569992939,0.020058241873739613
SEX_08W,43.04349877919489,Q45E,93,10,0.021242362451897402,1.1266055583419075,1.3649395250199643,1.3648636756122001,351.1240612668559,292.4120328941206,227.23168030778223,257.24514151036857,0.0005855869624991072,0.02004756661888707
SEX_08W,43.04349877919489,Q24W,50,11,0.018470277388814665,1.1127950487549185,1.3555315969577382,1.3554643434092304,351.1240612668559,292.4120328941206,227.22938759247558,259.0305250389549,0.0004682889442992888,0.017291241677299674
SEX_08W,43.04349877919489,Q16W,34,12,0.01695357477896789,1.1070363729967312,1.3508996163777078,1.350838292222625,351.1240612668559,292.4120328941206,227.10596255414782,259.91869196643745,0.0004936009012990183,0.01614645007216442
SEX_08W,43.04349877919489,Q24E,49,13,0.016524689632939245,1.119492369432379,1.3601023915621115,1.3600314642172011,351.1240612668559,292.4120328941206,227.23325278551965,258.1600204846204,0.0004925656637002618,0.015548847382513609
SEX_08W,43.04349877919489,Q16E,33,14,0.016158172583448673,1.1038614536317652,1.3489858683617733,1.3489261378778779,351.1240612668559,292.4120328941206,227.14456230870113,260.2874273940807,0.00041769091689936033,0.0149327098906884
SEX_08W,43.04349877919489,Q20E,41,15,0.015672401852152667,1.1121360487702177,1.3551169176605669,1.3550516694148669,351.1240612668559,292.4120328941206,227.23466148980512,259.1097909640343,0.00043989251359910497,0.015240709030791555
SEX_09E,716.2180656369733,Q01E,3,1,0.10197436006996173,2.2225899169283956,1.6887871712957443,1.6886271897783411,418.6967040555678,324.51043865636177,247.92745419443065,180.3893693278356,0.003307754480699643,0.12442663319088831
SEX_09E,716.2180656369733,Q00W,2,2,0.08879027489780657,3.0576758087065805,1.644302177439415,1.6433887436884946,418.6967040555678,324.51043865636177,254.63488998572151,115.92351458346278,0.007391830282280409,0.10763171022270224
SEX_09E,716.2180656369733,Q00E,1,3,0.08767020806855727,3.078506003279383,1.6459721581662112,1.6456017612209666,418.6967040555678,324.51043865636177,254.376540926452,114.6954045015755,0.00738780564499919,0.1076620105801478
SEX_09E,716.2180656369733,Q01W,4,4,0.0794776380943594,1.9290521371929863,1.6799956788820416,1.6578069964265898,418.6967040555678,324.51043865636177,249.22486963430217,209.09836023903344,0.0032366531962004785,0.12099320014111448
SEX_09E,716.2180656369733,Q48W,102,5,0.028461776462496508,1.3799533893257525,1.5742171927011352,1.574191319055828,418.6967040555678,324.51043865636177,256.23635954103827,265.97137040356114,0.0009791905211997687,0.0340151034950531
SEX_09E,716.2180656369733,Q06E,13,6,0.02160006042827656,1.416568626805681,1.6039244940278252,1.6038769166815243,418.6967040555678,324.51043865636177,256.3356726063336,261.0451462114177,0.0008040407854004172,0.027665978720859297
SEX_09E,716.2180656369733,Q34E,69,7,0.014807149841443037,1.3770281304363117,1.5724286182152756,1.5724046958459168,418.6967040555678,324.51043865636177,256.31984166883865,266.2739021697489,0.0004636479630999446,0.015059127700880914
SEX_09E,716.2180656369733,Q14E,29,8,0.014535972709914097,1.3701074649160425,1.5670090892369308,1.566986991456395,418.6967040555678,324.51043865636177,256.3218410561416,267.19481522564485,0.0004551897879991884,0.014998701957456229
SEX_09E,716.2180656369733,Q06W,14,9,0.013928684897294692,1.3944334147729798,1.5859894566568105,1.5859602546808909,418.6967040555678,324.51043865636177,256.2902217033235,263.99715477186106,0.0007945838924001691,0.027127415637041574
SEX_09E,716.2180656369733,Q45W,94,10,0.01251929815197734,1.3752347303201766,1.5709931176767375,1.5709699131628274,418.6967040555678,324.51043865636177,256.31557620387287,266.5172108931688,0.0005829007569992939,0.020058241873739613
SEX_09E,716.2180656369733,Q28W,58,11,0.012170313538369249,1.3775072737270513,1.572973387141314,1.5729504957708191,418.6967040555678,324.51043865636177,256.3472058455575,266.18168335098,0.0004294453712994084,0.013388524451245942
SEX_09E,716.2180656369733,Q02E,5,12,0.012060555127788345,1.399714410045636,1.5852550448242597,1.5852314094595852,418.6967040555678,324.51043865636177,255.49598989044756,264.1194585203066,0.00037642751589928025,0.013256954787921438
SEX_09E,716.2180656369733,Q18E,37,13,0.011795434968505807,1.368198542448031,1.5655734112367508,1.5655521208114815,418.6967040555678,324.51043865636177,256.33153894183056,267.4398409237235,0.00034369866659922366,0.011846036281043304
SEX_09E,716.2180656369733,Q38W,78,14,0.011296925970132345,1.3762598346346344,1.5719912554718725,1.571969009203747,418.6967040555678,324.51043865636177,256.34698369948336,266.34798545993533,0.00034638237739947897,0.011411448038224803
SEX_09E,716.2180656369733,Q26E,53,15,0.011231626679558382,1.3747080372247389,1.5707740971619364,1.5707521451780915,418.6967040555678,324.51043865636177,256.3473247399934,266.55437265744706,0.00034297696289975477,0.011746809617793286
SEX_09W,52.48582877919489,Q01W,4,1,0.12328630257364415,2.7464450529495608,1.8321411043109832,1.8321296286862634,360.068909344023,227.49606576622793,196.52902742959571,105.57448662150651,0.0032366531962004785,0.12099320014111448
SEX_09W,52.48582877919489,Q00E,1,2,0.09859236098324983,3.864911293596734,1.6362680718954656,1.6352444919811504,360.068909344023,227.49606576622793,220.05496258746672,54.42879639989869,0.00738780564499919,0.1076620105801478
SEX_09W,52.48582877919489,Q00W,2,3,0.09807020316299528,3.9048994119941085,1.6503057635845921,1.6500232603925606,360.068909344023,227.49606576622793,218.18314962551267,53.43248462072739,0.007391830282280409,0.10763171022270224
SEX_09W,52.48582877919489,Q01E,3,4,0.08702095565628656,2.2531399402517494,1.7273305653345639,1.6845018965230074,360.068909344023,227.49606576622793,208.45396739348607,132.9199806969424,0.003307754480699643,0.12442663319088831
SEX_09W,52.48582877919489,Q48E,101,5,0.03705441914179092,1.204148095372588,1.6132850060780644,1.613245844949683,360.068909344023,227.49606576622793,223.18989390433833,201.00496757785712,0.0009820247937000204,0.034229974482566705
SEX_09W,52.48582877919489,Q06W,14,6,0.03204816964364152,1.2618334273124816,1.613010762509336,1.6129876988098912,360.068909344023,227.49606576622793,223.22784057799424,195.25689799225523,0.0007945838924001691,0.027127415637041574
SEX_09W,52.48582877919489,Q48W,102,7,0.02479784057351545,1.2376273549923411,1.61310441197174,1.6130753583606494,360.068909344023,227.49606576622793,223.21488099081031,197.64600925175571,0.0009791905211997687,0.0340151034950531
SEX_09W,52.48582877919489,Q45E,93,8,0.02115889097356916,1.1909466854673099,1.6130804669503227,1.6130442215669722,360.068909344023,227.49606576622793,223.21819445546103,202.31030339316635,0.0005855869624991072,0.02004756661888707
SEX_09W,52.48582877919489,Q06E,13,9,0.019840182368355188,1.2318977619965636,1.6131042936704725,1.613070001240703,360.068909344023,227.49606576622793,223.21489736086366,198.21316043017862,0.0008040407854004172,0.027665978720859297
SEX_09W,52.48582877919489,Q24W,50,10,0.018248072750886246,1.1801432576114763,1.6130508940175197,1.6130143645365125,360.068909344023,227.49606576622793,223.22228683511844,203.4022861406221,0.0004682889442992888,0.017291241677299674
SEX_09W,52.48582877919489,Q45W,94,11,0.017229397987413558,1.1938658136356537,1.613046200074518,1.6130127539176748,360.068909344023,227.49606576622793,223.22293640900605,202.01088591413844,0.0005829007569992939,0.020058241873739613
SEX_09W,52.48582877919489,Q34W,70,12,0.017006541083838436,1.1851378398038719,1.6130509160174995,1.613013226803997,360.068909344023,227.49606576622793,223.22228379064802,202.89503346647402,0.0004225941501001529,0.015350367975699886
SEX_09W,52.48582877919489,Q20E,41,13,0.01674766956477002,1.1801162608710172,1.613043138037302,1.6130053336176309,360.068909344023,227.49606576622793,223.2233601527502,203.40408656264876,0.00043989251359910497,0.015240709030791555
SEX_09W,52.48582877919489,Q14W,30,14,0.016396890779436964,1.176434423381437,1.613039817267162,1.6130009335656408,360.068909344023,227.49606576622793,223.2238197033831,203.7784632690974,0.0004140267502990014,0.014760793096466829
SEX_09W,52.48582877919489,Q02W,6,15,0.015139332497411333,1.2594872409523958,1.6344771122540636,1.6343598921397882,360.068909344023,227.49606576622793,220.29608530122616,198.09008068172173,0.00036923420250012384,0.012939214087367756
SEX_10E,709.7073956369733,Q01E,3,1,0.10064333537889603,2.451740909601561,1.6098051264859983,1.6105404187154118,344.38311124175317,336.9145692465267,213.92844734784646,159.25268171316756,0.003307754480699643,0.12442663319088831
SEX_10E,709.7073956369733,Q00W,2,2,0.04674844505598939,3.563839330425239,1.5552039288663266,1.5564957531678243,344.38311124175317,336.9145692465267,221.43919832609535,88.28453322139325,0.007391830282280409,0.10763171022270224
SEX_10E,709.7073956369733,Q00E,1,3,0.046028505693194055,3.5170635445414646,1.5562760903715924,1.5577353767591877,344.38311124175317,336.9145692465267,221.28664275727886,90.38197828193952,0.00738780564499919,0.1076620105801478
SEX_10E,709.7073956369733,Q48W,102,4,0.0320549259657402,1.3084603054255695,1.264576396424543,1.2658128450734196,344.38311124175317,336.9145692465267,221.47692055099543,272.3308075458788,0.0009791905211997687,0.0340151034950531
SEX_10E,709.7073956369733,Q06E,13,5,0.026835538487902242,1.3583220205870603,1.2981218192040567,1.2993826347131985,344.38311124175317,336.9145692465267,221.7535763805042,265.2933693487347,0.0008040407854004172,0.027665978720859297
SEX_10E,709.7073956369733,Q45W,94,6,0.019295178961001313,1.28962075906869,1.2537873961591455,1.2550177975718455,344.38311124175317,336.9145692465267,221.66546625038225,274.67424883735237,0.0005829007569992939,0.020058241873739613
SEX_10E,709.7073956369733,Q16W,34,7,0.017523593926137917,1.3140140464045018,1.2697304162424425,1.2709738754506383,344.38311124175317,336.9145692465267,221.76254360151992,271.2253773213515,0.0004936009012990183,0.01614645007216442
SEX_10E,709.7073956369733,Q48E,101,8,0.015528230801466574,1.3152370739214305,1.2691409317605662,1.2703864614736773,344.38311124175317,336.9145692465267,221.52391033774316,271.35135478139625,0.0009820247937000204,0.034229974482566705
SEX_10E,709.7073956369733,Q24E,49,9,0.015140405785078848,1.2860321761203224,1.2517540487196777,1.252983529774924,344.38311124175317,336.9145692465267,221.70337413991524,275.1204292840083,0.0004925656637002618,0.015548847382513609
SEX_10E,709.7073956369733,Q45E,93,10,0.014555108671370243,1.2860842444399125,1.251619032241843,1.2528492648027238,344.38311124175317,336.9145692465267,221.6736141914159,275.15010747712097,0.0005855869624991072,0.02004756661888707
SEX_10E,709.7073956369733,Q16E,33,11,0.013712717348833567,1.30734154527822,1.2655398199152985,1.2667801640420373,344.38311124175317,336.9145692465267,221.76932732430706,272.1234889825928,0.00041769091689936033,0.0149327098906884
SEX_10E,709.7073956369733,Q14E,29,12,0.013452808980545721,1.2854762351003473,1.2515019906229563,1.252730763458395,344.38311124175317,336.9145692465267,221.72040305294172,275.17583976860533,0.0004551897879991884,0.014998701957456229
SEX_10E,709.7073956369733,Q34E,69,13,0.013343620976668231,1.3054310626944456,1.264044592230496,1.2652816598027268,344.38311124175317,336.9145692465267,221.71921852648717,272.44538156210524,0.0004636479630999446,0.015059127700880914
SEX_10E,709.7073956369733,Q20W,42,14,0.013293901129694129,1.279466303949512,1.2477820192998068,1.2490089046210984,344.38311124175317,336.9145692465267,221.72658176465683,275.9962124113664,0.0004030048136005604,0.013426276428916584
SEX_10E,709.7073956369733,Q24W,50,15,0.012882083847366244,1.2804056325346664,1.2482509667644157,1.2494788803898136,344.38311124175317,336.9145692465267,221.70569458214592,275.89252515015204,0.0004682889442992888,0.017291241677299674
SEX_10W,58.99139877919489,Q01W,4,1,0.10735405986289029,2.7071970585019614,1.67013209649988,1.6693624304540022,367.84303319574235,308.43390669553213,220.24786779838334,133.18836896991226,0.0032366531962004785,0.12099320014111448
SEX_10W,58.99139877919489,Q00E,1,2,0.079244280531185,3.800050567303522,1.5911109622647537,1.5910360986668768,367.84303319574235,308.43390669553213,231.18628550717943,73.50127669772574,0.00738780564499919,0.1076620105801478
SEX_10W,58.99139877919489,Q00W,2,3,0.07802596101962547,3.7684564885974297,1.5934929618646474,1.5935728660883757,367.84303319574235,308.43390669553213,230.84070152735774,74.71693231453195,0.007391830282280409,0.10763171022270224
SEX_10W,58.99139877919489,Q01E,3,4,0.05531264338363047,2.5575650101923557,1.6452387513852385,1.636409418071443,367.84303319574235,308.43390669553213,223.58033621930574,142.43289139969946,0.003307754480699643,0.12442663319088831
SEX_10W,58.99139877919489,Q48E,101,5,0.03477776797236526,1.3384260529443068,1.4645132449055143,1.4645607418152415,367.84303319574235,308.43390669553213,231.31580143905606,251.17084770337766,0.0009820247937000204,0.034229974482566705
SEX_10W,58.99139877919489,Q06W,14,6,0.030915754469456522,1.4061298495150965,1.5163909018404556,1.5163540963133197,367.84303319574235,308.43390669553213,231.53732034054747,242.57797428703137,0.0007945838924001691,0.027127415637041574
SEX_10W,58.99139877919489,Q48W,102,7,0.026128085413562187,1.347600320122254,1.4719931797604557,1.4720544471841754,367.84303319574235,308.43390669553213,231.43258083284417,249.89452278277753,0.0009791905211997687,0.0340151034950531
SEX_10W,58.99139877919489,Q45E,93,8,0.02238521647345351,1.314697124607136,1.4482282661040253,1.4483004325447912,367.84303319574235,308.43390669553213,231.47336837044378,253.99520352223288,0.0005855869624991072,0.02004756661888707
SEX_10W,58.99139877919489,Q45W,94,9,0.019927785624296795,1.311855461648328,1.4463016845623704,1.4463790594016475,367.84303319574235,308.43390669553213,231.4939878903518,254.33354404689518,0.0005829007569992939,0.020058241873739613
SEX_10W,58.99139877919489,Q24W,50,10,0.01944336155876491,1.3060723366949887,1.4421541972157925,1.4422324681813374,367.84303319574235,308.43390669553213,231.49862829547365,255.06498119680697,0.0004682889442992888,0.017291241677299674
SEX_10W,58.99139877919489,Q06E,13,11,0.016977747838557208,1.4118039563255635,1.5204490718346706,1.520377172818724,367.84303319574235,308.43390669553213,231.49957144527767,241.9305190879426,0.0008040407854004172,0.027665978720859297
SEX_10W,58.99139877919489,Q20E,41,12,0.016670380664719594,1.3069776482528326,1.4428506192937338,1.442927560214028,367.84303319574235,308.43390669553213,231.5056333433581,254.94186874022978,0.00043989251359910497,0.015240709030791555
SEX_10W,58.99139877919489,Q16E,33,13,0.0166568085000456,1.333520259222503,1.462400974823635,1.4624636775735997,367.84303319574235,308.43390669553213,231.54902816482536,251.533635116801,0.00041769091689936033,0.0149327098906884
SEX_10W,58.99139877919489,Q16W,34,14,0.0153482857745252,1.355313075849061,1.4783993040409396,1.4784417725704735,367.84303319574235,308.43390669553213,231.54540241179546,248.8116926126178,0.0004936009012990183,0.01614645007216442
SEX_10W,58.99139877919489,Q24E,49,15,0.0153244915561018,1.309797829310945,1.4449611034022365,1.4450395773934732,367.84303319574235,308.43390669553213,231.51747063759362,254.56950524802133,0.0004925656637002618,0.015548847382513609
SEX_11E,701.5022036369731,Q01W,4,1,0.11579321536670775,1.448234759356147,1.7603086746199066,1.7602736646671442,433.707814693782,75.96347562799212,246.3816834780014,64.83495395252855,0.0032366531962004785,0.12099320014111448
SEX_11E,701.5022036369731,Q01E,3,2,0.062478302958602794,1.3979592098604527,1.762835536601527,1.7628358091686849,433.707814693782,75.96347562799212,246.02851808280613,66.56278715894196,0.003307754480699643,0.12442663319088831
SEX_11E,701.5022036369731,Q00W,2,3,0.0440746959745024,1.5265837850911481,1.7309934895273933,1.7309842516338305,433.707814693782,75.96347562799212,250.5542726288333,61.29504351281724,0.007391830282280409,0.10763171022270224
SEX_11E,701.5022036369731,Q00E,1,4,0.0432806266078852,1.4968202935644541,1.7298378881456347,1.7298270530407196,433.707814693782,75.96347562799212,250.72165297449433,62.17316772619119,0.00738780564499919,0.1076620105801478
SEX_11E,701.5022036369731,Q48E,101,5,0.033966183261962324,1.325028966789091,1.724434506581615,1.7244338164071702,433.707814693782,75.96347562799212,251.50726979682787,67.53148965645659,0.0009820247937000204,0.034229974482566705
SEX_11E,701.5022036369731,Q06W,14,6,0.03204654237950923,1.3281235310843442,1.7241547791675353,1.724154200825813,433.707814693782,75.96347562799212,251.54807441544597,67.41609659892906,0.0007945838924001691,0.027127415637041574
SEX_11E,701.5022036369731,Q45E,93,7,0.018757544890553042,1.3244056237303923,1.7242327880835606,1.724232111132492,433.707814693782,75.96347562799212,251.5366937058637,67.54463145205413,0.0005855869624991072,0.02004756661888707
SEX_11E,701.5022036369731,Q48W,102,8,0.018607443219154255,1.3284778963900976,1.7242165904742097,1.7242158597138637,433.707814693782,75.96347562799212,251.5390566880578,67.4066467343417,0.0009791905211997687,0.0340151034950531
SEX_11E,701.5022036369731,Q16E,33,9,0.01763369775223629,1.324143891610646,1.7241497146046798,1.7241491080479694,433.707814693782,75.96347562799212,251.5488133193957,67.55018094191851,0.00041769091689936033,0.0149327098906884
SEX_11E,701.5022036369731,Q06E,13,10,0.016633888482518795,1.325174649370723,1.7242194718072872,1.72421888343062,433.707814693782,75.96347562799212,251.53863634261097,67.51810078467423,0.0008040407854004172,0.027665978720859297
SEX_11E,701.5022036369731,Q16W,34,11,0.016405624991027244,1.324225447638952,1.724159389358054,1.7241587884848937,433.707814693782,75.96347562799212,251.5474018067795,67.54780276174407,0.0004936009012990183,0.01614645007216442
SEX_11E,701.5022036369731,Q24W,50,12,0.016271090992758235,1.323914958242895,1.7242071380913113,1.724206478179174,433.707814693782,75.96347562799212,251.5404356659226,67.56018955578776,0.0004682889442992888,0.017291241677299674
SEX_11E,701.5022036369731,Q34W,70,13,0.015940873286062026,1.3236776587076093,1.7242124718131495,1.7242118251035075,433.707814693782,75.96347562799212,251.53965754446895,67.56840770122061,0.0004225941501001529,0.015350367975699886
SEX_11E,701.5022036369731,Q14W,30,14,0.015257003288538963,1.3239131836239508,1.7242118329819618,1.7242111804288083,433.707814693782,75.96347562799212,251.5397507414736,67.56042971927805,0.0004140267502990014,0.014760793096466829
SEX_11E,701.5022036369731,Q20E,41,15,0.01514368071653613,1.3239897333139083,1.724207255114863,1.7242065965254207,433.707814693782,75.96347562799212,251.540418593639,67.5576678198613,0.00043989251359910497,0.015240709030791555
SEX_11W,67.46407077919488,Q01E,3,1,0.10581012166040492,1.4519069248577523,1.7573602545254816,1.7574209082102572,333.8057058365281,71.57581204676035,189.94722623146015,60.818363187222154,0.003307754480699643,0.12442663319088831
SEX_11W,67.46407077919488,Q00E,1,2,0.07930156311160655,1.5576350416395144,1.7299212829101183,1.7299804736191895,333.8057058365281,71.57581204676035,192.96005496561756,56.78630201523551,0.00738780564499919,0.1076620105801478
SEX_11W,67.46407077919488,Q00W,2,3,0.0776279083770631,1.5281150225317077,1.7288765385991687,1.728937194421637,333.8057058365281,71.57581204676035,193.0766589654782,57.59535085144507,0.007391830282280409,0.10763171022270224
SEX_11W,67.46407077919488,Q01W,4,4,0.06390893231060538,1.3993063703822557,1.757308603614312,1.757367429283165,333.8057058365281,71.57581204676035,189.952809170785,62.43780243579643,0.0032366531962004785,0.12099320014111448
SEX_11W,67.46407077919488,Q06E,13,5,0.02398419659406938,1.3361175579461033,1.723387452398807,1.723381309766638,333.8057058365281,71.57581204676035,193.69161900993257,63.21772378006567,0.0008040407854004172,0.027665978720859297
SEX_11W,67.46407077919488,Q48W,102,6,0.023978666157916623,1.3335002972607484,1.7234275131415504,1.7234207730609308,333.8057058365281,71.57581204676035,193.68711668531404,63.30209917381857,0.0009791905211997687,0.0340151034950531
SEX_11W,67.46407077919488,Q48E,101,7,0.015099308921969307,1.3377893646841272,1.7233867753528462,1.7233800455954398,333.8057058365281,71.57581204676035,193.69169510319855,63.16509647630598,0.0009820247937000204,0.034229974482566705
SEX_11W,67.46407077919488,Q34E,69,8,0.013617898829436774,1.3321272566888709,1.723385118118609,1.7233789179818342,333.8057058365281,71.57581204676035,193.69188136017922,63.34381879064488,0.0004636479630999446,0.015059127700880914
SEX_11W,67.46407077919488,Q14E,29,9,0.013171635871841607,1.3323834249735,1.7233904234473627,1.7233841921237032,333.8057058365281,71.57581204676035,193.69128509418312,63.33591611635311,0.0004551897879991884,0.014998701957456229
SEX_11W,67.46407077919488,Q28W,58,10,0.012842868317082794,1.3330200542435051,1.7233743406164534,1.723368183103048,333.8057058365281,71.57581204676035,193.69309265514843,63.315160544708235,0.0004294453712994084,0.013388524451245942
SEX_11W,67.46407077919488,Q02E,5,11,0.012512355114244337,1.33662833247962,1.7264197360891917,1.7264191083256633,333.8057058365281,71.57581204676035,193.35141904290808,63.31094613473089,0.00037642751589928025,0.013256954787921438
SEX_11W,67.46407077919488,Q26E,53,12,0.011588535313758981,1.3324704254520938,1.723372910812967,1.723366764982844,333.8057058365281,71.57581204676035,193.69325335342648,63.33249417733475,0.00034297696289975477,0.011746809617793286
SEX_11W,67.46407077919488,Q38W,78,13,0.011197064406249435,1.3325436195273141,1.7233725511430733,1.7233664094097274,333.8057058365281,71.57581204676035,193.693293777438,63.33016366280913,0.00034638237739947897,0.011411448038224803
SEX_11W,67.46407077919488,Q28E,57,14,0.011103279297761625,1.3318022535385694,1.7233797671804574,1.7233736472279562,333.8057058365281,71.57581204676035,193.69248275593503,63.35388460606997,0.00031675270289888147,0.012399677096547768
SEX_11W,67.46407077919488,Q18E,37,15,0.011002233610192064,1.331920973199729,1.7233818977565132,1.723375721040402,333.8057058365281,71.57581204676035,193.6922432985249,63.35022239000639,0.00034369866659922366,0.011846036281043304
SEX_12E,693.2993606369731,Q01W,4,1,0.10900418460285255,1.6310382314620284,1.6716302593442303,1.6688581591682123,469.22753260557164,220.37588914983655,280.7005496476515,163.5099695342142,0.0032366531962004785,0.12099320014111448
SEX_12E,693.2993606369731,Q00E,1,2,0.09753181765900212,1.8305163366068484,1.6312345121138685,1.6309733662584063,469.22753260557164,220.37588914983655,287.6517932406381,144.01120187339285,0.00738780564499919,0.1076620105801478
SEX_12E,693.2993606369731,Q01E,3,3,0.09743346813937627,1.4594438858025143,1.6732155723994462,1.6720358871969099,469.22753260557164,220.37588914983655,280.4345957243775,177.93255158137214,0.003307754480699643,0.12442663319088831
SEX_12E,693.2993606369731,Q00W,2,4,0.09674402789538572,1.8765001006343525,1.6317423173939842,1.6314307956477156,469.22753260557164,220.37588914983655,287.56227475608,140.79967418532604,0.007391830282280409,0.10763171022270224
SEX_12E,693.2993606369731,Q48W,102,5,0.030576459841335158,1.2849537589774584,1.6286184656976639,1.6285794623907117,469.22753260557164,220.37588914983655,288.1138477111427,188.7861285320548,0.0009791905211997687,0.0340151034950531
SEX_12E,693.2993606369731,Q06W,14,6,0.030222469078284082,1.2445410761595497,1.6308544792383133,1.6308054299310175,469.22753260557164,220.37588914983655,287.7188238307585,192.90499305787364,0.0007945838924001691,0.027127415637041574
SEX_12E,693.2993606369731,Q48E,101,7,0.02997602874898776,1.2751441901852445,1.6285623189935268,1.6285232934068232,469.22753260557164,220.37588914983655,288.1237807930866,189.70770625225816,0.0009820247937000204,0.034229974482566705
SEX_12E,693.2993606369731,Q06E,13,8,0.025823338739058156,1.2350851691014242,1.6312817612345174,1.6312313273779357,469.22753260557164,220.37588914983655,287.6434615749463,193.87002493292843,0.0008040407854004172,0.027665978720859297
SEX_12E,693.2993606369731,Q45E,93,9,0.02002307852562425,1.247615797263478,1.628512913047153,1.6284668947032885,469.22753260557164,220.37588914983655,288.13252191386545,192.33180138880357,0.0005855869624991072,0.02004756661888707
SEX_12E,693.2993606369731,Q45W,94,10,0.019911825489371895,1.2498270082421215,1.6285293602731052,1.6284835696505393,469.22753260557164,220.37588914983655,288.1296119382717,192.12121190942824,0.0005829007569992939,0.020058241873739613
SEX_12E,693.2993606369731,Q16E,33,11,0.018421994829542567,1.227136214832349,1.629561563380161,1.629509796394257,469.22753260557164,220.37588914983655,287.9471037794142,194.4369819003789,0.00041769091689936033,0.0149327098906884
SEX_12E,693.2993606369731,Q16W,34,12,0.01752490458784707,1.2286879780210782,1.6298350849452103,1.6297835106242098,469.22753260557164,220.37588914983655,287.89878002984915,194.3187756380913,0.0004936009012990183,0.01614645007216442
SEX_12E,693.2993606369731,Q24W,50,13,0.01751348335159289,1.2381471786663383,1.6285408699136574,1.6284927444362591,469.22753260557164,220.37588914983655,288.127575594986,193.24801237912246,0.0004682889442992888,0.017291241677299674
SEX_12E,693.2993606369731,Q24E,49,14,0.01543051372306743,1.242235986063946,1.628512175470498,1.6284646504247844,469.22753260557164,220.37588914983655,288.1326524132408,192.8499118918782,0.0004925656637002618,0.015548847382513609
SEX_12E,693.2993606369731,Q20E,41,15,0.014546659135468104,1.2379080525745962,1.6285210375922754,1.6284728048076587,469.22753260557164,220.37588914983655,288.13108444660435,193.26877841525481,0.00043989251359910497,0.015240709030791555
SEX_12W,75.40003377919489,Q01W,4,1,0.12016067667699487,1.4831508584690383,1.6213968621076464,1.615002680938556,407.4942095169866,240.4225762660157,251.322929654179,186.3134262839494,0.0032366531962004785,0.12099320014111448
SEX_12W,75.40003377919489,Q00W,2,2,0.10034217010036499,1.863176403489149,1.588336975376268,1.5876482299778971,407.4942095169866,240.4225762660157,256.5540032337619,150.55452566949907,0.007391830282280409,0.10763171022270224
SEX_12W,75.40003377919489,Q00E,1,3,0.09924699645709882,1.8733966614801218,1.5889329435709856,1.5884315505080742,407.4942095169866,240.4225762660157,256.45777637486674,149.81076008749207,0.00738780564499919,0.1076620105801478
SEX_12W,75.40003377919489,Q01E,3,4,0.06468098515130179,1.5808936684327008,1.6225076391319393,1.6161733731997645,407.4942095169866,240.4225762660157,251.15087269173094,177.6689026009722,0.003307754480699643,0.12442663319088831
SEX_12W,75.40003377919489,Q48E,101,5,0.036800013598270946,1.2242248083705576,1.5846868623462869,1.5846812234557959,407.4942095169866,240.4225762660157,257.144940870937,206.5772443387225,0.0009820247937000204,0.034229974482566705
SEX_12W,75.40003377919489,Q06W,14,6,0.032384976519779424,1.1343784469455258,1.5862796484144548,1.5862650057618302,407.4942095169866,240.4225762660157,256.8867412024684,216.2865224334041,0.0007945838924001691,0.027127415637041574
SEX_12W,75.40003377919489,Q48W,102,7,0.024471026152523508,1.2209789669193825,1.5849663664623554,1.5849598210310512,407.4942095169866,240.4225762660157,257.09959412357347,206.94932959310384,0.0009791905211997687,0.0340151034950531
SEX_12W,75.40003377919489,Q45E,93,8,0.022414674263557838,1.1657727474218333,1.5848332212206715,1.5848225910283062,407.4942095169866,240.4225762660157,257.1211936124901,212.72365373698574,0.0005855869624991072,0.02004756661888707
SEX_12W,75.40003377919489,Q24W,50,9,0.01938531265885488,1.1484939009940476,1.5848719343191637,1.584859612507864,407.4942095169866,240.4225762660157,257.11491300528314,214.574729732826,0.0004682889442992888,0.017291241677299674
SEX_12W,75.40003377919489,Q45W,94,10,0.018800670275168612,1.1651719643272997,1.5848895785311972,1.5848788067755746,407.4942095169866,240.4225762660157,257.11205060395025,212.79513769103158,0.0005829007569992939,0.020058241873739613
SEX_12W,75.40003377919489,Q20E,41,11,0.017181754302458153,1.1482384230895093,1.5848523345225178,1.5848399863345652,407.4942095169866,240.4225762660157,257.1180927337031,214.59948816002708,0.00043989251359910497,0.015240709030791555
SEX_12W,75.40003377919489,Q06E,13,12,0.017088295789707275,1.1439826725199467,1.58610013308956,1.5860873837998286,407.4942095169866,240.4225762660157,256.91581572673454,215.225940054908,0.0008040407854004172,0.027665978720859297
SEX_12W,75.40003377919489,Q16E,33,13,0.01634494031218926,1.1231654412313148,1.5853892812281885,1.585373539130259,407.4942095169866,240.4225762660157,257.0310108324336,217.3804915024801,0.00041769091689936033,0.0149327098906884
SEX_12W,75.40003377919489,Q34W,70,14,0.0160559378524824,1.141941607650132,1.5848701091667576,1.5848570828482138,407.4942095169866,240.4225762660157,257.11520910141076,215.27863790207826,0.0004225941501001529,0.015350367975699886
SEX_12W,75.40003377919489,Q14W,30,15,0.0157989167055252,1.144581020152728,1.5848688747102504,1.5848562366464078,407.4942095169866,240.4225762660157,257.1154093687944,214.99453732006845,0.0004140267502990014,0.014760793096466829
SEX_13E,684.6337186369731,Q01W,4,1,0.11110305638772662,1.7012752368656834,1.6512248690592988,1.6506852730481567,446.530798362897,258.7073585142588,270.42397842353546,182.5397434713042,0.0032366531962004785,0.12099320014111448
SEX_13E,684.6337186369731,Q00W,2,2,0.08947443005046504,2.325393770409626,1.635692484187696,1.635606743002426,446.530798362897,258.7073585142588,272.9918995651859,132.32203394647226,0.007391830282280409,0.10763171022270224
SEX_13E,684.6337186369731,Q00E,1,3,0.08839338784537686,2.3857431592354104,1.6356149650311822,1.635568239142834,446.530798362897,258.7073585142588,273.0048378802795,128.3738366131333,0.00738780564499919,0.1076620105801478
SEX_13E,684.6337186369731,Q01E,3,4,0.07875471364433846,1.9645151313571887,1.644023318289408,1.6435115266755735,446.530798362897,258.7073585142588,271.60855530170244,159.3623535394291,0.003307754480699643,0.12442663319088831
SEX_13E,684.6337186369731,Q06W,14,5,0.02487904532328214,1.5831937777460894,1.6336453685931858,1.6336465658451524,446.530798362897,258.7073585142588,273.3339848093391,191.50484907389534,0.0007945838924001691,0.027127415637041574
SEX_13E,684.6337186369731,Q48E,101,6,0.024001272710781604,1.61631261768418,1.6332891365655864,1.633290155531239,446.530798362897,258.7073585142588,273.39360090390585,188.3187013538889,0.0009820247937000204,0.034229974482566705
SEX_13E,684.6337186369731,Q48W,102,7,0.019719980090194298,1.595915153631701,1.6335473279115018,1.6335484456299085,446.530798362897,258.7073585142588,273.3503895071034,190.27920214691534,0.0009791905211997687,0.0340151034950531
SEX_13E,684.6337186369731,Q06E,13,8,0.013567775957937485,1.5996809814356538,1.6334882394145607,1.6334893978824239,446.530798362897,258.7073585142588,273.3602774654397,189.91438507195826,0.0008040407854004172,0.027665978720859297
SEX_13E,684.6337186369731,Q28E,57,9,0.013381137913222685,1.5789158418365759,1.6333382643665662,1.6333394642880525,446.530798362897,258.7073585142588,273.3853777288861,191.8788323265099,0.00031675270289888147,0.012399677096547768
SEX_13E,684.6337186369731,Q34W,70,10,0.0131640454137044,1.5886706027332806,1.633276095680925,1.6332772766973227,446.530798362897,258.7073585142588,273.3957838137189,190.9379793439606,0.0004225941501001529,0.015350367975699886
SEX_13E,684.6337186369731,Q02W,6,11,0.013152370598871522,1.5828455384882005,1.6346526880462815,1.6346524293816052,446.530798362897,258.7073585142588,273.1655486380936,191.65647694416273,0.00036923420250012384,0.012939214087367756
SEX_13E,684.6337186369731,Q28W,58,12,0.01313822711546625,1.585168175008505,1.6332773540023435,1.6332785443004596,446.530798362897,258.7073585142588,273.39557318215054,191.27279173956924,0.0004294453712994084,0.013388524451245942
SEX_13E,684.6337186369731,Q34E,69,13,0.01256179107346237,1.5838666210398031,1.6333490126809909,1.6333502046740993,446.530798362897,258.7073585142588,273.38357870615664,191.40570537384218,0.0004636479630999446,0.015059127700880914
SEX_13E,684.6337186369731,Q14E,29,14,0.01230322301970128,1.5841263975206559,1.6333499567704757,1.6333511459610863,446.530798362897,258.7073585142588,273.38342068823715,191.3809566003442,0.0004551897879991884,0.014998701957456229
SEX_13E,684.6337186369731,Q18W,38,15,0.012152794478224588,1.5833093039707222,1.6332717443070175,1.6332729364364775,446.530798362897,258.7073585142588,273.396512196662,191.44999231630527,0.0003812354201002677,0.012824870699141844
SEX_13W,84.06882577919488,Q01W,4,1,0.11862787750719869,2.288562177002504,1.6686881646722596,1.660394338078194,377.50257931709587,233.74198936594973,226.22715694231562,125.64944596849217,0.0032366531962004785,0.12099320014111448
SEX_13W,84.06882577919488,Q01E,3,2,0.10230511517863518,1.6661776684439147,1.67655899882351,1.67590714425601,377.50257931709587,233.74198936594973,225.16510279805266,170.4021969919899,0.003307754480699643,0.12442663319088831
SEX_13W,84.06882577919488,Q00E,1,3,0.08458823904216053,2.263101565584087,1.634346671853627,1.6337631669091321,377.50257931709587,233.74198936594973,230.98072509239654,123.32335978217678,0.00738780564499919,0.1076620105801478
SEX_13W,84.06882577919488,Q00W,2,4,0.08302278264342591,2.424904275924142,1.6353933107534468,1.634638824370158,377.50257931709587,233.74198936594973,230.83289923888435,113.8738901305604,0.007391830282280409,0.10763171022270224
SEX_13W,84.06882577919488,Q48E,101,5,0.03493615522803035,1.3875651442114147,1.6308356760660383,1.630801818534912,377.50257931709587,233.74198936594973,231.47799919837507,190.47773707867307,0.0009820247937000204,0.034229974482566705
SEX_13W,84.06882577919488,Q06W,14,6,0.03067270291262614,1.4157765399128621,1.6307344861144626,1.6306925107165888,377.50257931709587,233.74198936594973,231.49236281656624,187.79879306064544,0.0007945838924001691,0.027127415637041574
SEX_13W,84.06882577919488,Q48W,102,7,0.02854106771491287,1.4696610645650097,1.6307451269333324,1.6307259575403685,377.50257931709587,233.74198936594973,231.490852299526,182.80669960216838,0.0009791905211997687,0.0340151034950531
SEX_13W,84.06882577919488,Q06E,13,8,0.0241155280032263,1.3618246150950668,1.6307844836673882,1.6307269352283293,377.50257931709587,233.74198936594973,231.48526558711765,192.94008998792742,0.0008040407854004172,0.027665978720859297
SEX_13W,84.06882577919488,Q45E,93,9,0.019815400263481827,1.370735789962417,1.6307276667931843,1.6306839776529964,377.50257931709587,233.74198936594973,231.49333086342511,192.075003874322,0.0005855869624991072,0.02004756661888707
SEX_13W,84.06882577919488,Q45W,94,10,0.017717748467195944,1.389889934817802,1.630714877764784,1.630676507659894,377.50257931709587,233.74198936594973,231.4951463707362,190.24263292905178,0.0005829007569992939,0.020058241873739613
SEX_13W,84.06882577919488,Q24W,50,11,0.017130587528911067,1.3565221921502584,1.6307124193993237,1.6306616488282117,377.50257931709587,233.74198936594973,231.49549535910796,193.443344178266,0.0004682889442992888,0.017291241677299674
SEX_13W,84.06882577919488,Q34W,70,12,0.016333311879754436,1.3487879007471335,1.6307109205349433,1.630656386116193,377.50257931709587,233.74198936594973,231.49570813768682,194.1928050763198,0.0004225941501001529,0.015350367975699886
SEX_13W,84.06882577919488,Q20E,41,13,0.015678628088980566,1.3595675488523895,1.6307107938129082,1.6306616162414926,377.50257931709587,233.74198936594973,231.49572612714726,193.14876953996654,0.00043989251359910497,0.015240709030791555
SEX_13W,84.06882577919488,Q14W,30,14,0.015671622901778606,1.3554569454236045,1.6307148599918877,1.6306637594539861,377.50257931709587,233.74198936594973,231.49514889376417,193.54670071459026,0.0004140267502990014,0.014760793096466829
SEX_13W,84.06882577919488,Q02W,6,15,0.014439934655690793,1.3693439423967035,1.6355933438491697,1.6352056002733544,377.50257931709587,233.74198936594973,230.80466837110595,192.79971093074852,0.00036923420250012384,0.012939214087367756
SEX_14E,676.430226636973,Q01E,3,1,0.1057670052105692,2.85668935089803,1.7996366790486498,1.78585439016036,321.4578769254553,356.5930227647757,198.14722989158184,139.8048055343627,0.003307754480699643,0.12442663319088831
SEX_14E,676.430226636973,Q00E,1,2,0.0782527186082957,3.955803927136408,1.7438892242480746,1.743606371011705,321.4578769254553,356.5930227647757,204.48146465182185,77.64661846655258,0.00738780564499919,0.1076620105801478
SEX_14E,676.430226636973,Q00W,2,3,0.07424361891732315,3.8652958880542627,1.7417520016650163,1.7414286282355018,321.4578769254553,356.5930227647757,204.73237431269948,81.1433532560288,0.007391830282280409,0.10763171022270224
SEX_14E,676.430226636973,Q01W,4,4,0.03524226008922733,2.340759987584754,1.7934526503038628,1.7930366814344394,321.4578769254553,356.5930227647757,198.83046407963909,178.87443255370803,0.0032366531962004785,0.12099320014111448
SEX_14E,676.430226636973,Q48W,102,5,0.032430292693138046,1.4993651218828816,1.3478201806014125,1.3478391232723665,321.4578769254553,356.5930227647757,204.72599326414417,264.570176272075,0.0009791905211997687,0.0340151034950531
SEX_14E,676.430226636973,Q06E,13,6,0.026334078905646603,1.5903159040898984,1.4116631914378455,1.411678407043612,321.4578769254553,356.5930227647757,204.89090680020342,252.6048882818634,0.0008040407854004172,0.027665978720859297
SEX_14E,676.430226636973,Q45W,94,7,0.017904944760196755,1.4917538416251048,1.3435126483860094,1.343532333996043,321.4578769254553,356.5930227647757,204.84973705863598,265.4184336806643,0.0005829007569992939,0.020058241873739613
SEX_14E,676.430226636973,Q16W,34,8,0.01613481836283598,1.511900812653316,1.3574690841282113,1.357489052687961,321.4578769254553,356.5930227647757,204.90314448426108,262.6896088714871,0.0004936009012990183,0.01614645007216442
SEX_14E,676.430226636973,Q14E,29,9,0.014592952986657488,1.484471548012344,1.338792657976001,1.3388127697797385,321.4578769254553,356.5930227647757,204.8746502107348,266.3541816130634,0.0004551897879991884,0.014998701957456229
SEX_14E,676.430226636973,Q34E,69,10,0.014404793040591005,1.4865817095040725,1.340204267554593,1.3402242455855122,321.4578769254553,356.5930227647757,204.87440664737593,266.0736362341496,0.0004636479630999446,0.015059127700880914
SEX_14E,676.430226636973,Q24E,49,11,0.014195915336666868,1.4837338332377712,1.3382755137874032,1.3382956384656537,321.4578769254553,356.5930227647757,204.87106575919253,266.45710774128656,0.0004925656637002618,0.015548847382513609
SEX_14E,676.430226636973,Q20W,42,12,0.012950604990854608,1.473560119404688,1.33156559730522,1.331586161271077,321.4578769254553,356.5930227647757,204.8834013036813,267.7998166116917,0.0004030048136005604,0.013426276428916584
SEX_14E,676.430226636973,Q02E,5,13,0.012735271509740834,1.525741172028141,1.3615970398820185,1.361570281851421,321.4578769254553,356.5930227647757,204.1134079763641,261.8932123968735,0.00037642751589928025,0.013256954787921438
SEX_14E,676.430226636973,Q10E,21,14,0.011541640802163036,1.4760203262664788,1.3332413228992757,1.3332616630896879,321.4578769254553,356.5930227647757,204.88907144113386,267.4632241290917,0.0003643361405991641,0.01257996745430301
SEX_14E,676.430226636973,Q45E,93,15,0.01136936557871149,1.5023864574704575,1.3507465522148094,1.3507660913020947,321.4578769254553,356.5930227647757,204.8607120586743,263.99698905769753,0.0005855869624991072,0.02004756661888707
SEX_14W,92.26991777919488,Q01W,4,1,0.11087932444059007,2.7639521685507447,1.613879243871711,1.6028528001939624,347.9042844952285,342.1352831384928,215.5702081282135,140.05675965094954,0.0032366531962004785,0.12099320014111448
SEX_14W,92.26991777919488,Q01E,3,2,0.05639632858900365,2.1781034900770564,1.6155558326997972,1.6126235018822386,347.9042844952285,342.1352831384928,215.34649403842434,186.1489132095132,0.003307754480699643,0.12442663319088831
SEX_14W,92.26991777919488,Q48E,101,3,0.035712177330867366,1.476761286154371,1.3546690027832438,1.3550390248094977,347.9042844952285,342.1352831384928,221.48954035770421,256.8186647664039,0.0009820247937000204,0.034229974482566705
SEX_14W,92.26991777919488,Q06W,14,4,0.031573135057237606,1.5771900658051976,1.4267399570663222,1.4271268579682674,347.9042844952285,342.1352831384928,221.84865444019158,243.84561655551656,0.0007945838924001691,0.027127415637041574
SEX_14W,92.26991777919488,Q00W,2,5,0.030068442305021148,3.47597868066876,1.5703608321017584,1.5704548329366095,347.9042844952285,342.1352831384928,221.5441683104107,94.58522481202061,0.007391830282280409,0.10763171022270224
SEX_14W,92.26991777919488,Q48W,102,6,0.0253152388244777,1.5408244643453344,1.4000379209858151,1.4004207252013219,347.9042844952285,342.1352831384928,221.69117047489564,248.49632947817375,0.0009791905211997687,0.0340151034950531
SEX_14W,92.26991777919488,Q00E,1,7,0.02466221528569734,3.329831206906377,1.5693367840254906,1.569525477326562,347.9042844952285,342.1352831384928,221.6887337610367,101.64987562578169,0.00738780564499919,0.1076620105801478
SEX_14W,92.26991777919488,Q45E,93,8,0.022432443889286786,1.4700171601865222,1.351673878827448,1.3520419292223331,347.9042844952285,342.1352831384928,221.74638823446966,257.38773970909983,0.0005855869624991072,0.02004756661888707
SEX_14W,92.26991777919488,Q45W,94,9,0.019502980822145032,1.4864643032261213,1.3630534611393126,1.3634245777633716,347.9042844952285,342.1352831384928,221.78184904919308,255.23891352319495,0.0005829007569992939,0.020058241873739613
SEX_14W,92.26991777919488,Q24W,50,10,0.019454305176600198,1.4579190304788483,1.3437680902574805,1.3441334354863017,347.9042844952285,342.1352831384928,221.7870317679623,258.9020285699494,0.0004682889442992888,0.017291241677299674
SEX_14W,92.26991777919488,Q20E,41,11,0.01694067492655601,1.4617268782617003,1.3463913393191393,1.346757510272382,347.9042844952285,342.1352831384928,221.79729162301305,258.39759536121295,0.00043989251359910497,0.015240709030791555
SEX_14W,92.26991777919488,Q06E,13,12,0.016674153818584506,1.4997576026856194,1.3721633184299473,1.3725346728463186,347.9042844952285,342.1352831384928,221.7851540386284,253.54437028188931,0.0008040407854004172,0.027665978720859297
SEX_14W,92.26991777919488,Q16E,33,13,0.016601054728275017,1.4773380618525351,1.3573746567360845,1.357742715867301,347.9042844952285,342.1352831384928,221.86805674459455,256.306748301749,0.00041769091689936033,0.0149327098906884
SEX_14W,92.26991777919488,Q14W,30,14,0.015288713558105987,1.4602504086250008,1.3454552599414853,1.345821054071729,347.9042844952285,342.1352831384928,221.8067823293608,258.5773714321494,0.0004140267502990014,0.014760793096466829
SEX_14W,92.26991777919488,Q34W,70,15,0.015086188801626895,1.4564301427336375,1.3428681803054077,1.3432332855780567,347.9042844952285,342.1352831384928,221.8035643524204,259.0755292273773,0.0004225941501001529,0.015350367975699886
SEX_15E,666.306984636973,Q01W,4,1,0.11932611306957007,1.4912559357904058,1.8447532126337711,1.844649294284347,355.6644199885701,76.78118168830653,192.79783200961865,67.22752448103935,0.0032366531962004785,0.12099320014111448
SEX_15E,666.306984636973,Q01E,3,2,0.10157577323738823,1.4446036514709348,1.8308604476475892,1.8302715788651605,355.6644199885701,76.78118168830653,194.26080258905117,68.42382027826619,0.003307754480699643,0.12442663319088831
SEX_15E,666.306984636973,Q00E,1,3,0.10081628876204111,1.6234699810218984,1.7568489181192835,1.756630169179697,355.6644199885701,76.78118168830653,202.4445109197613,59.98180799292481,0.00738780564499919,0.1076620105801478
SEX_15E,666.306984636973,Q00W,2,4,0.10041992820492723,1.6345093013966334,1.7594814045328295,1.7594597164536185,355.6644199885701,76.78118168830653,202.14161915681328,59.67134906922163,0.007391830282280409,0.10763171022270224
SEX_15E,666.306984636973,Q06W,14,5,0.030657305654114432,1.2946401673857153,1.7281837752774607,1.7281838936721956,355.6644199885701,76.78118168830653,205.80242973955015,69.45704169711082,0.0007945838924001691,0.027127415637041574
SEX_15E,666.306984636973,Q48W,102,6,0.029355328777043388,1.2955317975840472,1.7281822883661488,1.728182395205691,355.6644199885701,76.78118168830653,205.8026068099685,69.42602751007905,0.0009791905211997687,0.0340151034950531
SEX_15E,666.306984636973,Q48E,101,7,0.027259316462303142,1.2942286773630585,1.7282199274983896,1.7282200263515748,355.6644199885701,76.78118168830653,205.79812460755318,69.47279298476009,0.0009820247937000204,0.034229974482566705
SEX_15E,666.306984636973,Q06E,13,8,0.023652561515172667,1.2934547444384492,1.7282117564671506,1.7282118662100086,355.6644199885701,76.78118168830653,205.79909762657056,69.49934980196645,0.0008040407854004172,0.027665978720859297
SEX_15E,666.306984636973,Q16W,34,9,0.017716400729928604,1.2926936999848095,1.7281856744350468,1.7281857923535398,355.6644199885701,76.78118168830653,205.80220357678797,69.52474902605823,0.0004936009012990183,0.01614645007216442
SEX_15E,666.306984636973,Q16E,33,10,0.017182069158729607,1.2926326884884531,1.7281833382326743,1.7281834566001497,355.6644199885701,76.78118168830653,205.80248178546273,69.52677583281141,0.00041769091689936033,0.0149327098906884
SEX_15E,666.306984636973,Q45W,94,11,0.01653294936352515,1.2935720213531,1.728184305125512,1.7281844179278554,355.6644199885701,76.78118168830653,205.80236664210386,69.49416975646857,0.0005829007569992939,0.020058241873739613
SEX_15E,666.306984636973,Q45E,93,12,0.015963378995347634,1.2933552041721867,1.7281888040362479,1.7281889169774434,355.6644199885701,76.78118168830653,205.80183088670805,69.5018848098601,0.0005855869624991072,0.02004756661888707
SEX_15E,666.306984636973,Q02W,6,13,0.014580826100119642,1.3068112397961045,1.7395194128737903,1.7395188406235524,355.6644199885701,76.78118168830653,204.46131118536422,69.48867690211702,0.00036923420250012384,0.012939214087367756
SEX_15E,666.306984636973,Q34E,69,14,0.014406133790422646,1.2936015669012875,1.728186459727134,1.728186575225041,355.6644199885701,76.78118168830653,205.80211005977128,69.49322894108629,0.0004636479630999446,0.015059127700880914
SEX_15E,666.306984636973,Q24W,50,15,0.014018446108903739,1.2927639990068371,1.728182359088537,1.7281824752232735,355.6644199885701,76.78118168830653,205.80259838791062,69.52217249613521,0.0004682889442992888,0.017291241677299674
SEX_15W,102.39410977919488,Q01W,4,1,0.11850933435826412,1.4133982701701697,1.8436633253245354,1.841815926713668,339.0405909030149,87.70629771839627,183.8950670905896,80.10201099764332,0.0032366531962004785,0.12099320014111448
SEX_15W,102.39410977919488,Q00W,2,2,0.07985795146258674,1.7178891359608883,1.7566287958784936,1.7560927125752195,339.0405909030149,87.70629771839627,193.00639480491952,65.41586586187779,0.007391830282280409,0.10763171022270224
SEX_15W,102.39410977919488,Q00E,1,3,0.07597551736720497,1.7355654079281635,1.7590114290391174,1.7589800441504428,339.0405909030149,87.70629771839627,192.74496191774045,64.78429405377729,0.00738780564499919,0.1076620105801478
SEX_15W,102.39410977919488,Q01E,3,4,0.0669219733883293,1.4853598964574957,1.8524174087074756,1.8519300381174095,339.0405909030149,87.70629771839627,183.02602281177033,77.39754020360836,0.003307754480699643,0.12442663319088831
SEX_15W,102.39410977919488,Q48E,101,5,0.03503450588321295,1.2308747110314044,1.7261333376780899,1.7261313834842928,339.0405909030149,87.70629771839627,196.41622318648672,81.80885192315313,0.0009820247937000204,0.034229974482566705
SEX_15W,102.39410977919488,Q06W,14,6,0.028258908083045976,1.2281209707994307,1.726191714957772,1.7261896098041405,339.0405909030149,87.70629771839627,196.40958067702746,81.9243637639947,0.0007945838924001691,0.027127415637041574
SEX_15W,102.39410977919488,Q45E,93,7,0.017747418938277405,1.228018162142746,1.7261328304782264,1.7261307653343323,339.0405909030149,87.70629771839627,196.41628090063236,81.9257714846033,0.0005855869624991072,0.02004756661888707
SEX_15W,102.39410977919488,Q34W,70,8,0.01661544147329177,1.2272937974646538,1.726134025254809,1.7261319382743314,339.0405909030149,87.70629771839627,196.4161449473579,81.95550791864447,0.0004225941501001529,0.015350367975699886
SEX_15W,102.39410977919488,Q20E,41,9,0.01517984264478294,1.2272757271681982,1.7261309838958558,1.726128870747042,339.0405909030149,87.70629771839627,196.4164910230651,81.95610985417086,0.00043989251359910497,0.015240709030791555
SEX_15W,102.39410977919488,Q24W,50,10,0.015105420962253743,1.227021255595261,1.726130981022363,1.7261289052724156,339.0405909030149,87.70629771839627,196.41649135003993,81.96652877775195,0.0004682889442992888,0.017291241677299674
SEX_15W,102.39410977919488,Q02W,6,11,0.013994077997583147,1.2406700156995356,1.737648217611759,1.737628969331032,339.0405909030149,87.70629771839627,195.11463106669294,81.95597784561727,0.00036923420250012384,0.012939214087367756
SEX_15W,102.39410977919488,Q18W,38,12,0.013714070950347363,1.2265063736402908,1.7261312723062694,1.7261291516475004,339.0405909030149,87.70629771839627,196.4164582048419,81.98765510104629,0.0003812354201002677,0.012824870699141844
SEX_15W,102.39410977919488,Q14W,30,13,0.013674863833707638,1.2274491122369682,1.7261370023524643,1.726134799614076,339.0405909030149,87.70629771839627,196.41580618511378,81.94931167183697,0.0004140267502990014,0.014760793096466829
SEX_15W,102.39410977919488,Q28E,57,14,0.012651649335336886,1.226220585213909,1.7261376830107746,1.7261355757145906,339.0405909030149,87.70629771839627,196.415728733557,81.99967192851763,0.00031675270289888147,0.012399677096547768
SEX_15W,102.39410977919488,Q30E,61,15,0.01250412201989517,1.226786962605516,1.7261302039632187,1.7261281001618836,339.0405909030149,87.70629771839627,196.41657977166093,81.97609999609273,0.000341779769600592,0.011778350933844939
SEX_16E,658.1009426369728,Q01W,4,1,0.1173578803836415,2.0943064186403575,1.6077819566375287,1.6024005456428574,349.77209482264584,312.5323198188243,217.54945897897105,176.65313690443298,0.0032366531962004785,0.12099320014111448
SEX_16E,658.1009426369728,Q00W,2,2,0.07492027568002872,3.4906549187324813,1.5671538704565149,1.5670781081721665,349.77209482264584,312.5323198188243,223.18937624214055,85.538925203875,0.007391830282280409,0.10763171022270224
SEX_16E,658.1009426369728,Q00E,1,3,0.07073047760257008,3.5186382263793234,1.5676215619697462,1.5676136189499723,349.77209482264584,312.5323198188243,223.12278888480623,84.35460203264579,0.00738780564499919,0.1076620105801478
SEX_16E,658.1009426369728,Q01E,3,4,0.06663340471567757,2.3294201142287463,1.6106626136205846,1.604087818930526,349.77209482264584,312.5323198188243,217.1603735411716,157.65564548868275,0.003307754480699643,0.12442663319088831
SEX_16E,658.1009426369728,Q48E,101,5,0.03453301556395219,1.5117177001386182,1.5285582756481926,1.5285658477182507,349.77209482264584,312.5323198188243,224.34206293110805,228.82483474457217,0.0009820247937000204,0.034229974482566705
SEX_16E,658.1009426369728,Q06W,14,6,0.03218533589853902,1.4289965214136515,1.4661990536327492,1.4662045321519706,349.77209482264584,312.5323198188243,224.2768983188332,238.55703218197286,0.0007945838924001691,0.027127415637041574
SEX_16E,658.1009426369728,Q48W,102,7,0.021105902553749268,1.484083897353642,1.5076190085506336,1.5076289183807494,349.77209482264584,312.5323198188243,224.3473360217146,232.00297478266953,0.0009791905211997687,0.0340151034950531
SEX_16E,658.1009426369728,Q45E,93,8,0.020235813285496722,1.444355684656479,1.4780777715570645,1.4780841772520203,349.77209482264584,312.5323198188243,224.3642310251019,236.63984504291838,0.0005855869624991072,0.02004756661888707
SEX_16E,658.1009426369728,Q06E,13,9,0.018207122871776237,1.4344378011205094,1.470361189436741,1.4703665841612596,349.77209482264584,312.5323198188243,224.30247589298997,237.88175132440412,0.0008040407854004172,0.027665978720859297
SEX_16E,658.1009426369728,Q24W,50,10,0.017524621661752962,1.4251432589586628,1.4639611709285283,1.463967372016097,349.77209482264584,312.5323198188243,224.3664240998163,238.9217021383158,0.0004682889442992888,0.017291241677299674
SEX_16E,658.1009426369728,Q16E,33,11,0.016420869733364887,1.4050002566474404,1.4491474643324755,1.4491533024714844,349.77209482264584,312.5323198188243,224.344252615845,241.36404571067047,0.00041769091689936033,0.0149327098906884
SEX_16E,658.1009426369728,Q45W,94,12,0.015910249591076415,1.440084944730053,1.4749379469123485,1.474944554031615,349.77209482264584,312.5323198188243,224.3662172136073,237.1436002137328,0.0005829007569992939,0.020058241873739613
SEX_16E,658.1009426369728,Q20E,41,13,0.015896227734796247,1.4294943112207932,1.4671780755445383,1.4671844225453181,349.77209482264584,312.5323198188243,224.37078268993622,238.39784730481958,0.00043989251359910497,0.015240709030791555
SEX_16E,658.1009426369728,Q34W,70,14,0.015267139270673321,1.4249446938523675,1.4638377041581594,1.4638435952635316,349.77209482264584,312.5323198188243,224.36978302750293,238.9418538879601,0.0004225941501001529,0.015350367975699886
SEX_16E,658.1009426369728,Q14W,30,15,0.015048124413770434,1.427177236801512,1.4654734532604166,1.4654797367382093,349.77209482264584,312.5323198188243,224.3698944742079,238.6751490069407,0.0004140267502990014,0.014760793096466829
SEX_16W,110.60030177919488,Q01W,4,1,0.11002083845034485,2.0763229768455957,1.880380739897535,1.8717582404428608,255.9581199486745,327.57930906653013,170.47198723457848,174.20903230713822,0.0032366531962004785,0.12099320014111448
SEX_16W,110.60030177919488,Q00E,1,2,0.09954267343089734,3.1695927569315145,1.8439011192613448,1.843769276697538,255.9581199486745,327.57930906653013,177.6555725492245,96.76499680124843,0.00738780564499919,0.1076620105801478
SEX_16W,110.60030177919488,Q00W,2,3,0.09840107273231331,3.1875227600700384,1.844848013448995,1.8448566458683509,255.9581199486745,327.57930906653013,177.5643883281807,95.93330669043546,0.007391830282280409,0.10763171022270224
SEX_16W,110.60030177919488,Q01E,3,4,0.09409679415297717,1.94673766634655,1.7660242834470752,1.7515917285592255,255.9581199486745,327.57930906653013,171.05601138342814,185.48969690673403,0.003307754480699643,0.12442663319088831
SEX_16W,110.60030177919488,Q48E,101,5,0.033177556049038756,1.5216050600198443,1.4891274306375117,1.4891334078549876,255.9581199486745,327.57930906653013,178.1095074124543,219.98070972763549,0.0009820247937000204,0.034229974482566705
SEX_16W,110.60030177919488,Q48W,102,6,0.03272625319213066,1.5306685497172694,1.4960395398355368,1.4960451323804704,255.9581199486745,327.57930906653013,178.12719626885377,218.9643390725767,0.0009791905211997687,0.0340151034950531
SEX_16W,110.60030177919488,Q06W,14,7,0.030688661029037126,1.5080926107480153,1.476167957344211,1.476173283005226,255.9581199486745,327.57930906653013,177.75644951954584,221.91194940708604,0.0007945838924001691,0.027127415637041574
SEX_16W,110.60030177919488,Q06E,13,8,0.025179539842771045,1.5013983371880784,1.4711803362693843,1.4711865471445351,255.9581199486745,327.57930906653013,177.74975824004596,222.66427914419043,0.0008040407854004172,0.027665978720859297
SEX_16W,110.60030177919488,Q45E,93,9,0.021388606339348366,1.5015493422035817,1.4746879934496828,1.4746940234331083,255.9581199486745,327.57930906653013,178.16010742130987,222.13465527730787,0.0005855869624991072,0.02004756661888707
SEX_16W,110.60030177919488,Q45W,94,10,0.02124958933875737,1.5033038336011728,1.4759663624932295,1.4759723688595008,255.9581199486745,327.57930906653013,178.15819257532246,221.94225924849474,0.0005829007569992939,0.020058241873739613
SEX_16W,110.60030177919488,Q24W,50,11,0.01861671185348279,1.4951378743773986,1.469982838970872,1.4699889482706618,255.9581199486745,327.57930906653013,178.16189420699595,222.8456689303032,0.0004682889442992888,0.017291241677299674
SEX_16W,110.60030177919488,Q16W,34,12,0.017065469153573133,1.4916230172060736,1.4658645918189062,1.4658706313112737,255.9581199486745,327.57930906653013,177.9752799449739,223.47173872319,0.0004936009012990183,0.01614645007216442
SEX_16W,110.60030177919488,Q24E,49,13,0.016513593910855696,1.4974521325854866,1.4717826184701845,1.4717886026848315,255.9581199486745,327.57930906653013,178.17374396759024,222.57316057110796,0.0004925656637002618,0.015548847382513609
SEX_16W,110.60030177919488,Q16E,33,14,0.01623831261912243,1.4900417459955904,1.4651976427515456,1.465203592812257,255.9581199486745,327.57930906653013,178.0350150975076,223.57346170128798,0.00041769091689936033,0.0149327098906884
SEX_16W,110.60030177919488,Q20E,41,15,0.015781325471601007,1.4933233725128403,1.4687367822751156,1.4687427756497116,255.9581199486745,327.57930906653013,178.17245550631284,223.03472822346038,0.00043989251359910497,0.015240709030791555
SEX_17E,649.8934006369727,Q01W,4,1,0.11191088801793438,1.6355352792946327,1.7118106952386245,1.7110600995137848,535.2217134332152,244.83909769275516,312.66407840652374,185.15517024895766,0.0032366531962004785,0.12099320014111448
SEX_17E,649.8934006369727,Q01E,3,2,0.07569828932000162,1.9693619667679947,1.7222882312468033,1.7213164946913528,535.2217134332152,244.83909769275516,310.7619872927751,157.78015975481804,0.003307754480699643,0.12442663319088831
SEX_17E,649.8934006369727,Q00E,1,3,0.04903004492919743,2.054595177959019,1.6832660218495372,1.6832704716189903,535.2217134332152,244.83909769275516,317.9662076497718,147.52971701577135,0.00738780564499919,0.1076620105801478
SEX_17E,649.8934006369727,Q00W,2,4,0.04854638392291331,1.99217124345682,1.6825169112712641,1.682429032397771,535.2217134332152,244.83909769275516,318.107776419802,152.16743332790594,0.007391830282280409,0.10763171022270224
SEX_17E,649.8934006369727,Q06W,14,5,0.025517243050692945,1.5074196902992973,1.6792508958603765,1.6792535110642122,535.2217134332152,244.83909769275516,318.72647187661045,193.49097726999716,0.0007945838924001691,0.027127415637041574
SEX_17E,649.8934006369727,Q48E,101,6,0.025022257093048415,1.5459204000138307,1.678522450292483,1.678524360298914,535.2217134332152,244.83909769275516,318.8647928658641,189.71966556380667,0.0009820247937000204,0.034229974482566705
SEX_17E,649.8934006369727,Q48W,102,7,0.018961235823046842,1.5150561800829543,1.679009348807873,1.6790116775695094,535.2217134332152,244.83909769275516,318.77232477188545,192.72592598782558,0.0009791905211997687,0.0340151034950531
SEX_17E,649.8934006369727,Q34W,70,8,0.013571240706218169,1.5089239182995549,1.6784991387261086,1.6785016461246158,535.2217134332152,244.83909769275516,318.8692213684542,193.25897212420313,0.0004225941501001529,0.015350367975699886
SEX_17E,649.8934006369727,Q28E,57,9,0.013440568680213184,1.4988733908766925,1.6786282488960211,1.6786309201074612,535.2217134332152,244.83909769275516,318.84469583138076,194.24749524428788,0.00031675270289888147,0.012399677096547768
SEX_17E,649.8934006369727,Q28W,58,10,0.013191016460764012,1.5066373930990729,1.6785045164450116,1.6785070880796347,535.2217134332152,244.83909769275516,318.86819975128094,193.48064990503804,0.0004294453712994084,0.013388524451245942
SEX_17E,649.8934006369727,Q06E,13,11,0.013124240735954177,1.5195238880241568,1.6789405266825168,1.6789429664736373,535.2217134332152,244.83909769275516,318.78539169626237,192.2879838060464,0.0008040407854004172,0.027665978720859297
SEX_17E,649.8934006369727,Q02W,6,12,0.013079789706629423,1.5027926919752481,1.6807158205425248,1.6807136760959023,535.2217134332152,244.83909769275516,318.44866746149205,194.10924821749717,0.00036923420250012384,0.012939214087367756
SEX_17E,649.8934006369727,Q18W,38,13,0.01240756312793935,1.5053941880478767,1.6784966144226345,1.6784991854152052,535.2217134332152,244.83909769275516,318.8697009182348,193.6000432720131,0.0003812354201002677,0.012824870699141844
SEX_17E,649.8934006369727,Q14W,30,14,0.012378517966403088,1.5079923698979236,1.6785010016874269,1.6785035005741575,535.2217134332152,244.83909769275516,318.86886745682443,193.34922380604883,0.0004140267502990014,0.014760793096466829
SEX_17E,649.8934006369727,Q34E,69,15,0.01204513706416142,1.5012384141556048,1.6786449013549765,1.6786475033493211,535.2217134332152,244.83909769275516,318.84153283472426,194.0198707949492,0.0004636479630999446,0.015059127700880914
SEX_17W,118.80139277919488,Q01W,4,1,0.11633971406851268,2.1135658777131496,1.7383367773186273,1.7367592416422244,487.9492980100365,208.16025538865404,280.6989441727713,126.22413559933382,0.0032366531962004785,0.12099320014111448
SEX_17W,118.80139277919488,Q01E,3,2,0.1042355068333982,1.7892469281045038,1.7097811758399142,1.707164177571446,487.9492980100365,208.16025538865404,285.3869868875682,146.11602500742623,0.003307754480699643,0.12442663319088831
SEX_17W,118.80139277919488,Q00E,1,3,0.07581125597963721,2.677803142710019,1.6705934048615785,1.670509425499329,487.9492980100365,208.16025538865404,292.08142243951147,91.20081935058009,0.00738780564499919,0.1076620105801478
SEX_17W,118.80139277919488,Q00W,2,4,0.0746855392819855,2.71727703525157,1.6729060098969564,1.6729058166691095,487.9492980100365,208.16025538865404,291.67765261366475,89.5007220461563,0.007391830282280409,0.10763171022270224
SEX_17W,118.80139277919488,Q48E,101,5,0.03438461375672198,1.4729052355363237,1.6643131377582505,1.6642862280088604,487.9492980100365,208.16025538865404,293.18358843653704,165.8852318200983,0.0009820247937000204,0.034229974482566705
SEX_17W,118.80139277919488,Q06W,14,6,0.03037623313055521,1.4825770393325328,1.6640697797510513,1.664041796989063,487.9492980100365,208.16025538865404,293.2264643872295,165.06115514010804,0.0007945838924001691,0.027127415637041574
SEX_17W,118.80139277919488,Q48W,102,7,0.029371433291696367,1.5004562461213666,1.6640017010732813,1.6639776249256217,487.9492980100365,208.16025538865404,293.23846105163784,163.58479025636643,0.0009791905211997687,0.0340151034950531
SEX_17W,118.80139277919488,Q06E,13,8,0.024994678692836014,1.4715210060776869,1.6642774817540527,1.6642478101335438,487.9492980100365,208.16025538865404,293.18986969394433,165.99709823273062,0.0008040407854004172,0.027665978720859297
SEX_17W,118.80139277919488,Q45E,93,9,0.019600078023422274,1.464392658247668,1.663981611881264,1.6639532117347384,487.9492980100365,208.16025538865404,293.2420013093599,166.55984633820555,0.0005855869624991072,0.02004756661888707
SEX_17W,118.80139277919488,Q16W,34,10,0.018260901757315002,1.4623670984810744,1.6640329124378461,1.6640033020707625,487.9492980100365,208.16025538865404,293.23296093655966,166.73399226407497,0.0004936009012990183,0.01614645007216442
SEX_17W,118.80139277919488,Q45W,94,11,0.01800038205808712,1.4695519130794636,1.6639340808743452,1.6639064155911565,487.9492980100365,208.16025538865404,293.25037789576044,166.12589084356085,0.0005829007569992939,0.020058241873739613
SEX_17W,118.80139277919488,Q24W,50,12,0.016958451723059088,1.4601515774909757,1.663945599191706,1.6639166849324307,487.9492980100365,208.16025538865404,293.2483479310065,166.9098709985831,0.0004682889442992888,0.017291241677299674
SEX_17W,118.80139277919488,Q34W,70,13,0.016075644088577017,1.4579469303176396,1.6639428411782364,1.6639133275016076,487.9492980100365,208.16025538865404,293.2488339951149,167.09378671359852,0.0004225941501001529,0.015350367975699886
SEX_17W,118.80139277919488,Q20E,41,14,0.015456123116592583,1.4598053148097279,1.6639314477656737,1.663902346988853,487.9492980100365,208.16025538865404,293.25084195340776,166.93738692438862,0.00043989251359910497,0.015240709030791555
SEX_17W,118.80139277919488,Q16E,33,15,0.014247277759938523,1.461359231330384,1.6639271294782134,1.6638975445708906,487.9492980100365,208.16025538865404,293.25160300923227,166.80741874343693,0.00041769091689936033,0.0149327098906884
SEX_18E,641.6931586369727,Q01E,3,1,0.10698653312972974,2.843572285219601,2.3170044543041204,2.2165087055384003,347.8884018543539,486.006531629853,209.7564079892191,196.71194474316715,0.003307754480699643,0.12442663319088831
SEX_18E,641.6931586369727,Q00E,1,2,0.08044340136442572,3.588192517376015,2.2477037839118825,2.2465422070244063,347.8884018543539,486.006531629853,216.2235678511035,130.13977229903844,0.00738780564499919,0.1076620105801478
SEX_18E,641.6931586369727,Q00W,2,3,0.07879295073347674,3.448108582482824,2.2444421155710916,2.243234733683761,347.8884018543539,486.006531629853,216.53778828071492,139.35836775882998,0.007391830282280409,0.10763171022270224
SEX_18E,641.6931586369727,Q01W,4,4,0.050531033651923137,2.16560617897391,1.7943206811475014,1.793899844350591,347.8884018543539,486.006531629853,211.42180545911884,270.8582343926632,0.0032366531962004785,0.12099320014111448
SEX_18E,641.6931586369727,Q48W,102,5,0.03164659713571936,1.5800567673642263,1.3715603418686968,1.3715621816176526,347.8884018543539,486.006531629853,216.54568735066874,354.3457161845962,0.0009791905211997687,0.0340151034950531
SEX_18E,641.6931586369727,Q06E,13,6,0.025399936584462487,1.6726336570294151,1.4369607418465113,1.4369631436008874,347.8884018543539,486.006531629853,216.60897011228815,338.2183781898794,0.0008040407854004172,0.027665978720859297
SEX_18E,641.6931586369727,Q45W,94,7,0.016352492021357343,1.5756530671741942,1.3689119682890691,1.3689137485198914,347.8884018543539,486.006531629853,216.60397578772395,355.03125320562935,0.0005829007569992939,0.020058241873739613
SEX_18E,641.6931586369727,Q16W,34,8,0.014851705946972243,1.5951172296738534,1.382426264309179,1.382428006678174,347.8884018543539,486.006531629853,216.62386689029688,351.5605455258899,0.0004936009012990183,0.01614645007216442
SEX_18E,641.6931586369727,Q34E,69,9,0.014850025666578743,1.564580186116892,1.3614198984400052,1.361421582132286,347.8884018543539,486.006531629853,216.61448707267124,356.98503612790427,0.0004636479630999446,0.015059127700880914
SEX_18E,641.6931586369727,Q14E,29,10,0.014177510023035252,1.5693506511364816,1.3646748039344871,1.364676512151142,347.8884018543539,486.006531629853,216.6150710611544,356.1335859859433,0.0004551897879991884,0.014998701957456229
SEX_18E,641.6931586369727,Q24E,49,11,0.013043773469715785,1.5685221782623415,1.3641010908628972,1.3641027805147456,347.8884018543539,486.006531629853,216.6137213779963,356.28336850197593,0.0004925656637002618,0.015548847382513609
SEX_18E,641.6931586369727,Q02E,5,12,0.012812810130507534,1.6010843625886295,1.3809305425405005,1.3808671352452506,347.8884018543539,486.006531629853,215.7617519445132,351.94132989175966,0.00037642751589928025,0.013256954787921438
SEX_18E,641.6931586369727,Q20W,42,13,0.012280385087229985,1.55965907796881,1.3581057647030195,1.3581073540124455,347.8884018543539,486.006531629853,216.61955354952832,357.8561731060241,0.0004030048136005604,0.013426276428916584
SEX_18E,641.6931586369727,Q18E,37,14,0.01156431763174315,1.5581934538437352,1.35712482132134,1.3571264025872354,347.8884018543539,486.006531629853,216.621779328172,358.1148351237593,0.00034369866659922366,0.011846036281043304
SEX_18E,641.6931586369727,Q38W,78,15,0.011049553468432971,1.5719114049939549,1.3664993980864526,1.3665010306323944,347.8884018543539,486.006531629853,216.62716698669604,355.6580649142045,0.00034638237739947897,0.011411448038224803
SEX_18W,127.00013477919488,Q01W,4,1,0.11977492040728505,2.5192446093013174,2.2061192014937867,2.1202051624626614,311.3513178271343,438.3746257868516,195.83954329258043,198.70849475858944,0.0032366531962004785,0.12099320014111448
SEX_18W,127.00013477919488,Q01E,3,2,0.07007534052386383,2.0256627073418585,1.7176798652072014,1.715186910173159,311.3513178271343,438.3746257868516,194.44015790898044,255.21322958162,0.003307754480699643,0.12442663319088831
SEX_18W,127.00013477919488,Q00E,1,3,0.0656864091361181,2.6549360876188146,2.1998973075507666,2.1989664503261186,311.3513178271343,438.3746257868516,199.27049516457274,181.62611467432367,0.00738780564499919,0.1076620105801478
SEX_18W,127.00013477919488,Q00W,2,4,0.06497872678152566,2.819596746515579,2.1997882300851717,2.1979360968289936,311.3513178271343,438.3746257868516,199.28037607960042,167.30843905009166,0.007391830282280409,0.10763171022270224
SEX_18W,127.00013477919488,Q48E,101,5,0.037355451043897446,1.6146580312041792,1.4317625297235146,1.4317640469593236,311.3513178271343,438.3746257868516,198.83953953804132,306.17830588952864,0.0009820247937000204,0.034229974482566705
SEX_18W,127.00013477919488,Q06W,14,6,0.03237287868566656,1.6696667107644458,1.475855538733853,1.4758570944405598,311.3513178271343,438.3746257868516,199.402505713107,297.0308504333265,0.0007945838924001691,0.027127415637041574
SEX_18W,127.00013477919488,Q48W,102,7,0.023897429261009333,1.6689618137112134,1.473804362501484,1.473805836105864,311.3513178271343,438.3746257868516,199.1955793397656,297.4442449354673,0.0009791905211997687,0.0340151034950531
SEX_18W,127.00013477919488,Q45E,93,8,0.022171411987310714,1.6070573864193634,1.4292812798361432,1.4292828533570379,311.3513178271343,438.3746257868516,199.25071854395682,306.70983519570626,0.0005855869624991072,0.02004756661888707
SEX_18W,127.00013477919488,Q24W,50,9,0.019176891637392484,1.599045124631722,1.42399662020736,1.4239982141215022,311.3513178271343,438.3746257868516,199.31086773792828,307.84808023140965,0.0004682889442992888,0.017291241677299674
SEX_18W,127.00013477919488,Q45W,94,10,0.018180399338233403,1.6207850269916975,1.4395703398717161,1.4395719052179525,311.3513178271343,438.3746257868516,199.31233024158502,304.51768395416946,0.0005829007569992939,0.020058241873739613
SEX_18W,127.00013477919488,Q06E,13,11,0.017347059215675212,1.6265130680057567,1.4435639224491073,1.4435656036955384,311.3513178271343,438.3746257868516,199.29363225290194,303.6752435895727,0.0008040407854004172,0.027665978720859297
SEX_18W,127.00013477919488,Q20E,41,12,0.017239527971506567,1.6010635165677698,1.4255639835397869,1.4255655722518425,311.3513178271343,438.3746257868516,199.3289826653647,307.50961082668005,0.00043989251359910497,0.015240709030791555
SEX_18W,127.00013477919488,Q16W,34,13,0.01654247010121823,1.6082580488033642,1.431237131763919,1.4312387685195342,311.3513178271343,438.3746257868516,199.4036204092114,306.2907019793286,0.0004936009012990183,0.01614645007216442
SEX_18W,127.00013477919488,Q34W,70,14,0.016539204888956643,1.5959960342878432,1.4219968208455982,1.4219984182815195,311.3513178271343,438.3746257868516,199.3346263424992,308.28101677904573,0.0004225941501001529,0.015350367975699886
SEX_18W,127.00013477919488,Q16E,33,15,0.01595099664276034,1.6078844486708235,1.4312112263837742,1.431212850500083,311.3513178271343,438.3746257868516,199.4372649882768,306.2962459388248,0.00041769091689936033,0.0149327098906884
SEX_19E,635.0328586369727,Q00E,1,1,0.09374150630397503,2.911561085091833,1.691600585884083,1.6911619890593976,471.745398386381,243.4120125197462,278.8751684782801,96.21472569582167,0.00738780564499919,0.1076620105801478
SEX_19E,635.0328586369727,Q00W,2,2,0.0908896248544103,2.871735560423076,1.690853457136075,1.6903557104137257,471.745398386381,243.4120125197462,278.99839361916764,98.12288504016574,0.007391830282280409,0.10763171022270224
SEX_19E,635.0328586369727,Q01E,3,3,0.08642493496157201,2.0089642277025774,1.7440374613334877,1.7411926203836068,471.745398386381,243.4120125197462,270.4904045040898,155.9887178076765,0.003307754480699643,0.12442663319088831
SEX_19E,635.0328586369727,Q01W,4,4,0.03701872243009983,1.880010024559553,1.749159523063832,1.7484807118444559,471.745398386381,243.4120125197462,269.6983277774863,166.42034052675325,0.0032366531962004785,0.12099320014111448
SEX_19E,635.0328586369727,Q48W,102,5,0.028937090361643856,1.3499716352856765,1.681850235996528,1.6818520833526132,471.745398386381,243.4120125197462,280.49191794230296,208.44185611374706,0.0009791905211997687,0.0340151034950531
SEX_19E,635.0328586369727,Q06E,13,6,0.02546215553192895,1.375106625523756,1.680982603472624,1.6809845645953558,471.745398386381,243.4120125197462,280.6366927366382,205.73246178831363,0.0008040407854004172,0.027665978720859297
SEX_19E,635.0328586369727,Q48E,101,7,0.024400861360843167,1.3524685702261934,1.6822686208146918,1.682270574451218,471.745398386381,243.4120125197462,280.42215883330414,208.2335635321672,0.0009820247937000204,0.034229974482566705
SEX_19E,635.0328586369727,Q45W,94,8,0.01989509001448172,1.3454187675093294,1.681273936539215,1.6812760501729263,471.745398386381,243.4120125197462,280.5880636902253,208.84528631453045,0.0005829007569992939,0.020058241873739613
SEX_19E,635.0328586369727,Q16W,34,9,0.018532500501479976,1.3529176881680272,1.6808828520470962,1.6808850748211157,471.745398386381,243.4120125197462,280.653347026449,208.0152873896274,0.0004936009012990183,0.01614645007216442
SEX_19E,635.0328586369727,Q45E,93,10,0.01852505071481276,1.3458949902703097,1.681346129131935,1.681348246685594,471.745398386381,243.4120125197462,280.5760159747352,208.80452897575827,0.0005855869624991072,0.02004756661888707
SEX_19E,635.0328586369727,Q24W,50,11,0.016223399844404667,1.3416454418749169,1.6811805168408724,1.6811827011351224,471.745398386381,243.4120125197462,280.6036553842794,209.22804495029453,0.0004682889442992888,0.017291241677299674
SEX_19E,635.0328586369727,Q06W,14,12,0.01612809066639335,1.3639160545566753,1.6808914167520175,1.6808936017600047,471.745398386381,243.4120125197462,280.65191700361794,206.875572121561,0.0007945838924001691,0.027127415637041574
SEX_19E,635.0328586369727,Q24E,49,13,0.015377450453309457,1.3433187540372415,1.681119248319254,1.6811214213628398,471.745398386381,243.4120125197462,280.61388200630125,209.04544891862548,0.0004925656637002618,0.015548847382513609
SEX_19E,635.0328586369727,Q14E,29,14,0.01413417987292305,1.343393275593769,1.6810510472617637,1.6810532560774094,471.745398386381,243.4120125197462,280.62526664779114,209.02917590636002,0.0004551897879991884,0.014998701957456229
SEX_19E,635.0328586369727,Q10E,21,15,0.012923433061031006,1.3411760133303972,1.6809925502134138,1.680994759978029,471.745398386381,243.4120125197462,280.6350321579293,209.25375845140482,0.0003643361405991641,0.01257996745430301
SEX_19W,133.66543477919487,Q01W,4,1,0.08123108882227215,2.310247248406469,1.804462453904895,1.797508713524739,511.7658734475771,204.65563202485455,283.6112618137911,118.54575671335584,0.0032366531962004785,0.12099320014111448
SEX_19W,133.66543477919487,Q01E,3,2,0.0587697564516098,2.073285846496347,1.8214342886757473,1.821415207825482,511.7658734475771,204.65563202485455,280.9686172206907,132.20400014903134,0.003307754480699643,0.12442663319088831
SEX_19W,133.66543477919487,Q00W,2,3,0.05049730851376271,3.1917454261052995,1.7022859477205332,1.7017215755535329,511.7658734475771,204.65563202485455,300.6344933604507,71.0283701106694,0.007391830282280409,0.10763171022270224
SEX_19W,133.66543477919487,Q00E,1,4,0.046134114809605484,3.109980814233353,1.7008471694033358,1.7003881208311535,511.7658734475771,204.65563202485455,300.88880568094004,73.82552221226604,0.00738780564499919,0.1076620105801478
SEX_19W,133.66543477919487,Q48W,102,5,0.030273053931935887,1.3179908274163594,1.6890246951397563,1.6890253873535332,511.7658734475771,204.65563202485455,302.9949028692157,178.83836335232937,0.0009791905211997687,0.0340151034950531
SEX_19W,133.66543477919487,Q48E,101,6,0.028499920265094295,1.3039414723064766,1.6894090343076662,1.6894097238860346,511.7658734475771,204.65563202485455,302.92597177764173,180.1400502500948,0.0009820247937000204,0.034229974482566705
SEX_19W,133.66543477919487,Q06W,14,7,0.026487407632148352,1.3540890354781538,1.6884582806427908,1.6884589682827829,511.7658734475771,204.65563202485455,303.09654630776515,175.58054704419607,0.0007945838924001691,0.027127415637041574
SEX_19W,133.66543477919487,Q45W,94,8,0.02125472009355841,1.3000268936145858,1.6887326472777813,1.6887333373014284,511.7658734475771,204.65563202485455,303.0473025274535,180.42071778824754,0.0005829007569992939,0.020058241873739613
SEX_19W,133.66543477919487,Q45E,93,9,0.02068847123976775,1.2955948073739307,1.6887987741784911,1.6887994564343445,511.7658734475771,204.65563202485455,303.03543635417634,180.8280632465633,0.0005855869624991072,0.02004756661888707
SEX_19W,133.66543477919487,Q06E,13,10,0.020366251266927968,1.3203120199567735,1.6886350352550223,1.6886356730661696,511.7658734475771,204.65563202485455,303.0648202619395,178.58972505175626,0.0008040407854004172,0.027665978720859297
SEX_19W,133.66543477919487,Q24W,50,11,0.0180832282427166,1.2881164088829422,1.6886924519778237,1.688693113198391,511.7658734475771,204.65563202485455,303.05451584638087,181.49405801760605,0.0004682889442992888,0.017291241677299674
SEX_19W,133.66543477919487,Q16W,34,12,0.017853244520978962,1.3008487806990559,1.6884894178883632,1.6884900339636615,511.7658734475771,204.65563202485455,303.09095693806313,180.32062924024802,0.0004936009012990183,0.01614645007216442
SEX_19W,133.66543477919487,Q24E,49,13,0.016451293345656145,1.29529415776679,1.688636528805736,1.688637203631571,511.7658734475771,204.65563202485455,303.0645522097738,180.8378746310258,0.0004925656637002618,0.015548847382513609
SEX_19W,133.66543477919487,Q16E,33,14,0.016186081409946176,1.300487075922149,1.6884656499270783,1.6884662822238203,511.7658734475771,204.65563202485455,303.0952234472045,180.3507016993902,0.00041769091689936033,0.0149327098906884
SEX_19W,133.66543477919487,Q20E,41,15,0.014481841221644445,1.291128111526774,1.688663525123912,1.688664189773614,511.7658734475771,204.65563202485455,303.0597071788025,181.2178557291938,0.00043989251359910497,0.015240709030791555
SEX_20E,626.8242166369727,Q01W,4,1,0.09733353687988949,2.1379195340497716,1.5156612027781087,1.5069334856696257,324.3624987193682,301.25566755426644,214.00725843271093,157.6317536154242,0.0032366531962004785,0.12099320014111448
SEX_20E,626.8242166369727,Q01E,3,2,0.05311882709319348,1.77685838998039,1.5055670060874518,1.5057249747512162,324.3624987193682,301.25566755426644,215.44208753770167,186.55930225416486,0.003307754480699643,0.12442663319088831
SEX_20E,626.8242166369727,Q00W,2,3,0.04726101424472239,2.9414568138570587,1.4306701642935344,1.43110804927261,324.3624987193682,301.25566755426644,226.72067036467385,99.09281037328893,0.007391830282280409,0.10763171022270224
SEX_20E,626.8242166369727,Q00E,1,4,0.04202303906379518,2.8433923608719027,1.4284467975249777,1.4288345251868593,324.3624987193682,301.25566755426644,227.07355939428774,103.9159345686943,0.00738780564499919,0.1076620105801478
SEX_20E,626.8242166369727,Q48E,101,5,0.03434757890217189,1.1579984048632994,1.3433022860776473,1.3435112667961266,324.3624987193682,301.25566755426644,226.79748240240414,241.46649795891062,0.0009820247937000204,0.034229974482566705
SEX_20E,626.8242166369727,Q06W,14,6,0.029363726936614962,1.2121464115747287,1.383670851551913,1.3833853170115866,324.3624987193682,301.25566755426644,227.37321557404306,234.4217183989719,0.0007945838924001691,0.027127415637041574
SEX_20E,626.8242166369727,Q45E,93,7,0.020430744917656708,1.1533318794422698,1.3426388395156055,1.342847528636329,324.3624987193682,301.25566755426644,227.2147790041268,241.5858153160466,0.0005855869624991072,0.02004756661888707
SEX_20E,626.8242166369727,Q48W,102,8,0.01866451809089345,1.199290279679623,1.3736277024528851,1.373498575388146,324.3624987193682,301.25566755426644,227.1791210726715,236.13567063342893,0.0009791905211997687,0.0340151034950531
SEX_20E,626.8242166369727,Q06E,13,9,0.017903693377367906,1.1739330090965083,1.357066788215447,1.3571767179424798,324.3624987193682,301.25566755426644,227.30292903520106,239.01734353539615,0.0008040407854004172,0.027665978720859297
SEX_20E,626.8242166369727,Q24W,50,10,0.017760972395252244,1.1476159462174849,1.33915497741062,1.339386429610794,324.3624987193682,301.25566755426644,227.2736735456212,242.21430991247414,0.0004682889442992888,0.017291241677299674
SEX_20E,626.8242166369727,Q16W,34,11,0.017093177629130374,1.1573949981829301,1.3463631825837774,1.3465571037706732,324.3624987193682,301.25566755426644,227.3823669026,240.91753467061608,0.0004936009012990183,0.01614645007216442
SEX_20E,626.8242166369727,Q16E,33,12,0.01659692645461214,1.1595438794491457,1.3478908108160093,1.348072391819308,324.3624987193682,301.25566755426644,227.39595723206205,240.6444914651507,0.00041769091689936033,0.0149327098906884
SEX_20E,626.8242166369727,Q45W,94,13,0.016006975682939757,1.1640381011860086,1.350239017721343,1.3503892734378309,324.3624987193682,301.25566755426644,227.28122447437894,240.22598551977916,0.0005829007569992939,0.020058241873739613
SEX_20E,626.8242166369727,Q20E,41,14,0.01599115308945407,1.1488523392772834,1.3400385439238953,1.3402643662223828,324.3624987193682,301.25566755426644,227.28309822440994,242.0546037202566,0.00043989251359910497,0.015240709030791555
SEX_20E,626.8242166369727,Q34W,70,15,0.015181351853186878,1.1458413572925323,1.3380203329567402,1.3382589213309746,324.3624987193682,301.25566755426644,227.28264286460256,242.41970822864562,0.0004225941501001529,0.015350367975699886
SEX_20W,141.87332677919488,Q01E,3,1,0.09794764504065893,2.0226982404656155,1.5737513442792106,1.570824862215462,340.2862039652186,270.3880869575751,216.2261561854755,155.05153764418137,0.003307754480699643,0.12442663319088831
SEX_20W,141.87332677919488,Q00E,1,2,0.0918240232466198,2.9912357387705555,1.5147734782050126,1.514671259359951,340.2862039652186,270.3880869575751,224.64494451569976,91.82944275686438,0.00738780564499919,0.1076620105801478
SEX_20W,141.87332677919488,Q00W,2,3,0.08790428215659209,2.9408702936186515,1.5130800622988918,1.512936652476815,340.2862039652186,270.3880869575751,224.89636367834112,94.0759408650776,0.007391830282280409,0.10763171022270224
SEX_20W,141.87332677919488,Q48W,102,4,0.033005307903685034,1.2273237574025018,1.5152583136149511,1.515281419948547,340.2862039652186,270.3880869575751,224.57306513857557,221.7987702623704,0.0009791905211997687,0.0340151034950531
SEX_20W,141.87332677919488,Q06E,13,5,0.026831854216127132,1.2568446696782374,1.5124860136394276,1.51251058199155,340.2862039652186,270.3880869575751,224.9846946659712,218.14913755092562,0.0008040407854004172,0.027665978720859297
SEX_20W,141.87332677919488,Q01W,4,6,0.019583639548339925,1.8025185705478748,1.5584957849977552,1.5582761257412898,340.2862039652186,270.3880869575751,218.34271689461693,171.12762734767995,0.0032366531962004785,0.12099320014111448
SEX_20W,141.87332677919488,Q16W,34,7,0.0181981190973777,1.2272950396220352,1.5123363285436584,1.5123628105628222,340.2862039652186,270.3880869575751,225.00696276529018,221.37423042125127,0.0004936009012990183,0.01614645007216442
SEX_20W,141.87332677919488,Q45W,94,8,0.01809706127159556,1.2213306993950823,1.5132616323839725,1.5132854992749043,340.2862039652186,270.3880869575751,224.8693792818471,222.17124474905242,0.0005829007569992939,0.020058241873739613
SEX_20W,141.87332677919488,Q34E,69,9,0.014732994411506458,1.2164839953020135,1.5127807265278446,1.5128051947869265,340.2862039652186,270.3880869575751,224.94086419665607,222.63951506436499,0.0004636479630999446,0.015059127700880914
SEX_20W,141.87332677919488,Q14E,29,10,0.014678447566052752,1.2176830306320028,1.512776481207282,1.512801308766365,340.2862039652186,270.3880869575751,224.94149545057098,222.50545433441033,0.0004551897879991884,0.014998701957456229
SEX_20W,141.87332677919488,Q24E,49,11,0.014325536001597458,1.2173730936718528,1.5128886471678273,1.5129129946736244,340.2862039652186,270.3880869575751,224.92481822918333,222.55643969337,0.0004925656637002618,0.015548847382513609
SEX_20W,141.87332677919488,Q20W,42,12,0.013324361359736832,1.2134802526173303,1.5126764035823759,1.5127011462268676,340.2862039652186,270.3880869575751,224.95637742437202,222.95876228316519,0.0004030048136005604,0.013426276428916584
SEX_20W,141.87332677919488,Q10E,21,13,0.012723022181843065,1.2142165449796707,1.5126043597109178,1.5126287513492083,340.2862039652186,270.3880869575751,224.96709187738463,222.86608291560168,0.0003643361405991641,0.01257996745430301
SEX_20W,141.87332677919488,Q02E,5,14,0.012364119859730925,1.2391193006525043,1.5178068075867939,1.5175782209144575,340.2862039652186,270.3880869575751,224.1959927075632,220.86648091951974,0.00037642751589928025,0.013256954787921438
SEX_20W,141.87332677919488,Q18E,37,15,0.011243410421646954,1.212600974942987,1.5125128544511068,1.512537651778639,340.2862039652186,270.3880869575751,224.98070212349302,223.03268791235863,0.00034369866659922366,0.011846036281043304
SEX_21E,618.6199746369726,Q01W,4,1,0.12171776017005737,1.440764203125049,1.7586422910007748,1.7585871573279093,503.005251403905,72.63732745539374,286.0190807294099,62.19062628488615,0.0032366531962004785,0.12099320014111448
SEX_21E,618.6199746369726,Q01E,3,2,0.09452451112515652,1.361291719897018,1.7536627527552338,1.753666352294145,503.005251403905,72.63732745539374,286.8312340064348,64.48487990205363,0.003307754480699643,0.12442663319088831
SEX_21E,618.6199746369726,Q00E,1,3,0.08422965230095567,1.435441419610207,1.7305453561691921,1.7305458383541896,503.005251403905,72.63732745539374,290.66285353963707,61.321173724505,0.00738780564499919,0.1076620105801478
SEX_21E,618.6199746369726,Q00W,2,4,0.08300542624209895,1.4663942163408166,1.732504191843212,1.7325021681587118,503.005251403905,72.63732745539374,290.3342189716479,60.449804087325305,0.007391830282280409,0.10763171022270224
SEX_21E,618.6199746369726,Q06W,14,5,0.03145988998343414,1.3119142463308222,1.7278691524945682,1.7278718007929426,503.005251403905,72.63732745539374,291.1130456132651,65.12521569016057,0.0007945838924001691,0.027127415637041574
SEX_21E,618.6199746369726,Q48E,101,6,0.028741047682862696,1.310254459714912,1.7283253117807675,1.728327867114227,503.005251403905,72.63732745539374,291.03621174513563,65.1965559715963,0.0009820247937000204,0.034229974482566705
SEX_21E,618.6199746369726,Q48W,102,7,0.026671389384936788,1.3145720685281432,1.7278935002633442,1.7278960713114058,503.005251403905,72.63732745539374,291.10894353572326,65.03970265880027,0.0009791905211997687,0.0340151034950531
SEX_21E,618.6199746369726,Q06E,13,8,0.021839448051359713,1.3082410049528335,1.7280696566941762,1.7280723076630513,503.005251403905,72.63732745539374,291.07926839370685,65.25250014600832,0.0008040407854004172,0.027665978720859297
SEX_21E,618.6199746369726,Q16W,34,9,0.01731835923115706,1.3072095497780936,1.7278937927759062,1.7278964358573277,503.005251403905,72.63732745539374,291.1088942543245,65.27952188723623,0.0004936009012990183,0.01614645007216442
SEX_21E,618.6199746369726,Q20E,41,10,0.0162525473825443,1.3074223174233168,1.7279560536936494,1.7279586572015735,503.005251403905,72.63732745539374,291.098405152544,65.27495791775834,0.00043989251359910497,0.015240709030791555
SEX_21E,618.6199746369726,Q45E,93,11,0.015977623754338248,1.3083524101845754,1.7279588613395676,1.7279614499988736,503.005251403905,72.63732745539374,291.0979321660237,65.2447268941989,0.0005855869624991072,0.02004756661888707
SEX_21E,618.6199746369726,Q45W,94,12,0.015077891362983934,1.3093069742644445,1.7278865467771212,1.727889131426537,503.005251403905,72.63732745539374,291.110115037424,65.21086926119959,0.0005829007569992939,0.020058241873739613
SEX_21E,618.6199746369726,Q02W,6,13,0.014810702193135518,1.3110612303549019,1.730524779211476,1.7305282412839174,503.005251403905,72.63732745539374,290.6663096919666,65.25255007166834,0.00036923420250012384,0.012939214087367756
SEX_21E,618.6199746369726,Q16E,33,14,0.01460101491407039,1.307353172201971,1.7278458061763595,1.7278484442311484,503.005251403905,72.63732745539374,291.1169790764094,65.27302531371643,0.00041769091689936033,0.0149327098906884
SEX_21E,618.6199746369726,Q34W,70,15,0.014059476527720783,1.3069515979721587,1.727939199357173,1.727941810840813,503.005251403905,72.63732745539374,291.10124452934036,65.28967972322933,0.0004225941501001529,0.015350367975699886
SEX_21W,150.0752687791949,Q01W,4,1,0.09991959527556707,1.355241645457781,1.756478359326146,1.7565078525683824,457.8776709285486,74.2415993387766,260.6793693172562,66.18061322571539,0.0032366531962004785,0.12099320014111448
SEX_21W,150.0752687791949,Q01E,3,2,0.08956241895839126,1.4172083461006864,1.7617230806537736,1.761739515113379,457.8776709285486,74.2415993387766,259.9033162230188,64.3605015125277,0.003307754480699643,0.12442663319088831
SEX_21W,150.0752687791949,Q00E,1,3,0.0842395693438011,1.5029921680291025,1.732505664022915,1.732534939617217,457.8776709285486,74.2415993387766,264.28639192171346,60.62873635886632,0.00738780564499919,0.1076620105801478
SEX_21W,150.0752687791949,Q00W,2,4,0.0841990530277576,1.4762817947020466,1.7310289754239807,1.731058407297434,457.8776709285486,74.2415993387766,264.51184666992685,61.39138851491601,0.007391830282280409,0.10763171022270224
SEX_21W,150.0752687791949,Q48E,101,5,0.027974002095954954,1.3070311130648733,1.7270554080367193,1.7270617661365295,457.8776709285486,74.2415993387766,265.1204291407503,66.67260409745995,0.0009820247937000204,0.034229974482566705
SEX_21W,150.0752687791949,Q06W,14,6,0.020841771883536673,1.2997727488761015,1.7272831346388577,1.7272899472776115,457.8776709285486,74.2415993387766,265.08547541876055,66.92346644414201,0.0007945838924001691,0.027127415637041574
SEX_21W,150.0752687791949,Q06E,13,7,0.017022070939343135,1.302698404374766,1.727169138471599,1.7271758614539117,457.8776709285486,74.2415993387766,265.1029715212097,66.82132480842509,0.0008040407854004172,0.027665978720859297
SEX_21W,150.0752687791949,Q34W,70,8,0.014618725790061288,1.300567360891172,1.727048379964237,1.7270551143923472,457.8776709285486,74.2415993387766,265.1215080251719,66.8878530785579,0.0004225941501001529,0.015350367975699886
SEX_21W,150.0752687791949,Q28W,58,9,0.013491568745980766,1.2999377967710402,1.7270555424577618,1.7270623197042279,457.8776709285486,74.2415993387766,265.1204085057657,66.90915570685335,0.0004294453712994084,0.013388524451245942
SEX_21W,150.0752687791949,Q28E,57,10,0.012900976870130957,1.2985392192654857,1.727095075230203,1.7271018815490462,457.8776709285486,74.2415993387766,265.1143399662109,66.9574565999887,0.00031675270289888147,0.012399677096547768
SEX_21W,150.0752687791949,Q48W,102,11,0.012871221740439559,1.3021930879739188,1.727220193251591,1.7272266182164022,457.8776709285486,74.2415993387766,265.0951353611537,66.8403470214325,0.0009791905211997687,0.0340151034950531
SEX_21W,150.0752687791949,Q02W,6,12,0.011660362164089463,1.3021248021492724,1.7297570000867917,1.7297657616633555,457.8776709285486,74.2415993387766,264.70635523115345,66.93940134032616,0.00036923420250012384,0.012939214087367756
SEX_21W,150.0752687791949,Q26E,53,13,0.011411176585655056,1.2992759931431905,1.727055193707289,1.727061983050283,457.8776709285486,74.2415993387766,265.12046204248423,66.93127024531981,0.00034297696289975477,0.011746809617793286
SEX_21W,150.0752687791949,Q45E,93,14,0.011340805807470645,1.3015335141501865,1.7270535963895117,1.7270602663830124,457.8776709285486,74.2415993387766,265.1207072471658,66.85580073841984,0.0005855869624991072,0.02004756661888707
SEX_21W,150.0752687791949,Q20E,41,15,0.01115217169194173,1.3001997386657678,1.7270474626450123,1.7270541884193327,457.8776709285486,74.2415993387766,265.12164884414847,66.90011329960801,0.00043989251359910497,0.015240709030791555
SEX_22E,610.4185326369727,Q01W,4,1,0.10945621677047583,1.6556849830635585,1.6222469805006772,1.6193002571231392,381.8330577121078,238.6586747109777,235.37295017449313,169.47513710734458,0.0032366531962004785,0.12099320014111448
SEX_22E,610.4185326369727,Q01E,3,2,0.09262192572116149,1.5143143354807833,1.6290019728386704,1.6286742515557444,381.8330577121078,238.6586747109777,234.3969277377437,182.35732820235964,0.003307754480699643,0.12442663319088831
SEX_22E,610.4185326369727,Q00W,2,3,0.08583355466347489,2.000111597108969,1.5750307258625575,1.574755934760521,381.8330577121078,238.6586747109777,242.42895801477073,138.32690945684396,0.007391830282280409,0.10763171022270224
SEX_22E,610.4185326369727,Q00E,1,4,0.0852399830836044,1.9524311745657883,1.5750896549871518,1.5749852833650637,381.8330577121078,238.6586747109777,242.41988797470864,141.636258280559,0.00738780564499919,0.1076620105801478
SEX_22E,610.4185326369727,Q48E,101,5,0.030951277863067617,1.3335713890025076,1.5724069276911676,1.5723609011678876,381.8330577121078,238.6586747109777,242.83348730393195,192.6480261565809,0.0009820247937000204,0.034229974482566705
SEX_22E,610.4185326369727,Q06W,14,6,0.030668385186985888,1.3218660939620648,1.5756628500731003,1.5756085614975681,381.8330577121078,238.6586747109777,242.33170039795843,194.18041175310148,0.0007945838924001691,0.027127415637041574
SEX_22E,610.4185326369727,Q48W,102,7,0.029359333967654964,1.3372869102468954,1.5725870012645249,1.572540376056283,381.8330577121078,238.6586747109777,242.80568096078247,192.31256694646447,0.0009791905211997687,0.0340151034950531
SEX_22E,610.4185326369727,Q06E,13,8,0.025022793257522942,1.3182920045885709,1.5762968460739748,1.5762421497134143,381.8330577121078,238.6586747109777,242.23423314150853,194.6059610306863,0.0008040407854004172,0.027665978720859297
SEX_22E,610.4185326369727,Q45E,93,9,0.020364457035935906,1.318960581516798,1.5724017588132961,1.5723501139020342,381.8330577121078,238.6586747109777,242.83428555834243,194.0601351031699,0.0005855869624991072,0.02004756661888707
SEX_22E,610.4185326369727,Q45W,94,10,0.019598048381063052,1.3198810629870863,1.5724387208768236,1.5723871601652437,381.8330577121078,238.6586747109777,242.82857744636942,193.97540540264944,0.0005829007569992939,0.020058241873739613
SEX_22E,610.4185326369727,Q24W,50,11,0.01778662285996901,1.3139211434498392,1.5724399600829797,1.5723867594897096,381.8330577121078,238.6586747109777,242.82838607838357,194.55449742319058,0.0004682889442992888,0.017291241677299674
SEX_22E,610.4185326369727,Q16W,34,12,0.016954966934356278,1.3117392194747453,1.5742292314493256,1.5741734138252628,381.8330577121078,238.6586747109777,242.55238696118633,194.9885753695116,0.0004936009012990183,0.01614645007216442
SEX_22E,610.4185326369727,Q16E,33,13,0.01622149101648799,1.310057720486519,1.5736546689425286,1.5735987370601439,381.8330577121078,238.6586747109777,242.640946103311,195.08136019267283,0.00041769091689936033,0.0149327098906884
SEX_22E,610.4185326369727,Q20E,41,14,0.015744228395550258,1.3147890708524628,1.572444196704214,1.5723910543384738,381.8330577121078,238.6586747109777,242.82773182820483,194.47061717269102,0.00043989251359910497,0.015240709030791555
SEX_22E,610.4185326369727,Q24E,49,15,0.015165335524974692,1.3160093253989302,1.572426283952051,1.5723734311281,381.8330577121078,238.6586747109777,242.83049807106332,194.3497838788533,0.0004925656637002618,0.015548847382513609
SEX_22W,158.2819607791949,Q01W,4,1,0.11859599878700437,1.5336315386316457,1.6200678516239615,1.6152350705751877,441.6295021788264,277.57880945112186,272.5993863381311,209.32255101648303,0.0032366531962004785,0.12099320014111448
SEX_22W,158.2819607791949,Q00E,1,2,0.08135612035439221,1.8458949779042442,1.5877506054431914,1.5864292007441056,441.6295021788264,277.57880945112186,278.1479034961877,175.3430569921349,0.00738780564499919,0.1076620105801478
SEX_22W,158.2819607791949,Q00W,2,3,0.08054774312707288,1.807078466741224,1.5881711262879787,1.5874376566576216,441.6295021788264,277.57880945112186,278.0742546371838,178.7175797350582,0.007391830282280409,0.10763171022270224
SEX_22W,158.2819607791949,Q01E,3,4,0.06620021555127527,1.6687584147226815,1.6231429063572835,1.6119110789971396,441.6295021788264,277.57880945112186,272.0829450377524,196.8966302614504,0.003307754480699643,0.12442663319088831
SEX_22W,158.2819607791949,Q48E,101,5,0.036580369069362566,1.3655741555298349,1.5828453776399656,1.5828231974233877,441.6295021788264,277.57880945112186,279.0098820879771,221.97142302632557,0.0009820247937000204,0.034229974482566705
SEX_22W,158.2819607791949,Q06W,14,6,0.03236502384736421,1.3117414219423793,1.5836511200331218,1.5836161475682817,441.6295021788264,277.57880945112186,278.86792525969344,228.143905119364,0.0007945838924001691,0.027127415637041574
SEX_22W,158.2819607791949,Q48W,102,7,0.025750423068998007,1.3670184546533264,1.5830883159364058,1.5830658760039604,441.6295021788264,277.57880945112186,278.9670656608946,221.84525374125673,0.0009791905211997687,0.0340151034950531
SEX_22W,158.2819607791949,Q45E,93,8,0.02249081680014024,1.329792364576484,1.582969575056428,1.5829395347072033,441.6295021788264,277.57880945112186,278.9879913914856,225.9965514941337,0.0005855869624991072,0.02004756661888707
SEX_22W,158.2819607791949,Q24W,50,9,0.019494604823012407,1.3188723561285869,1.582995161151874,1.5829625799786144,441.6295021788264,277.57880945112186,278.98348208308647,227.237648995006,0.0004682889442992888,0.017291241677299674
SEX_22W,158.2819607791949,Q45W,94,10,0.019331579192870214,1.3304546686548733,1.5830128056788142,1.5829828620200923,441.6295021788264,277.57880945112186,278.98037248627975,225.92789113658046,0.0005829007569992939,0.020058241873739613
SEX_22W,158.2819607791949,Q06E,13,11,0.01811091960933221,1.314532965327416,1.5834851377740757,1.5834520565851606,441.6295021788264,277.57880945112186,278.89715643282284,227.80170231905998,0.0008040407854004172,0.027665978720859297
SEX_22W,158.2819607791949,Q20E,41,12,0.017152708743270444,1.3196043517632816,1.5829586537477778,1.5829263672929292,441.6295021788264,277.57880945112186,278.98991621368896,227.14924180572498,0.00043989251359910497,0.015240709030791555
SEX_22W,158.2819607791949,Q16E,33,13,0.016454679763067408,1.3036450511690205,1.5832185999078718,1.583181886403197,441.6295021788264,277.57880945112186,278.94410930020973,229.0068496820926,0.00041769091689936033,0.0149327098906884
SEX_22W,158.2819607791949,Q34W,70,14,0.01586562316128982,1.315002770997026,1.5829566789955363,1.5829231717384784,441.6295021788264,277.57880945112186,278.99026425603887,227.67223593039873,0.0004225941501001529,0.015350367975699886
SEX_22W,158.2819607791949,Q14W,30,15,0.014933099223462976,1.3187065995042886,1.5829681433012692,1.5829360834369806,441.6295021788264,277.57880945112186,278.9882437291575,227.25256547604997,0.0004140267502990014,0.014760793096466829
SEX_23E,602.2144906369726,Q01W,4,1,0.10224346102055379,1.8488841353928933,1.828558682705355,1.8110244125495305,479.01041537909737,192.1098031597314,261.9606468797604,142.7891895573403,0.0032366531962004785,0.12099320014111448
SEX_23E,602.2144906369726,Q00E,1,2,0.08945519508061872,3.072832724001259,1.7260700888666645,1.7258006044159002,479.01041537909737,192.1098031597314,277.51504325853597,71.5038151690154,0.00738780564499919,0.1076620105801478
SEX_23E,602.2144906369726,Q01E,3,3,0.0877190069947737,2.1145793671060247,1.8611725428081543,1.8607434062439026,479.01041537909737,192.1098031597314,257.37023535516056,124.3042594075779,0.003307754480699643,0.12442663319088831
SEX_23E,602.2144906369726,Q00W,2,4,0.08749983487008287,3.0207506371690087,1.7143877486742107,1.7134210131043173,479.01041537909737,192.1098031597314,279.40611203593295,73.2957172096846,0.007391830282280409,0.10763171022270224
SEX_23E,602.2144906369726,Q48W,102,5,0.023030337597298257,1.3241739186925585,1.6906109521639663,1.6906137977599895,479.01041537909737,192.1098031597314,283.3356868805141,167.5107849932838,0.0009791905211997687,0.0340151034950531
SEX_23E,602.2144906369726,Q06W,14,6,0.021479817856029856,1.319452018752564,1.6906142177916315,1.6906176100559829,479.01041537909737,192.1098031597314,283.3351395830598,167.90695164651342,0.0007945838924001691,0.027127415637041574
SEX_23E,602.2144906369726,Q48E,101,7,0.019522847736824205,1.3377552191828173,1.6905297078998096,1.6905314317746596,479.01041537909737,192.1098031597314,283.34930355893295,166.36937241062017,0.0009820247937000204,0.034229974482566705
SEX_23E,602.2144906369726,Q06E,13,8,0.01635038896461653,1.3381303456770368,1.6905844022954108,1.6905874549782371,479.01041537909737,192.1098031597314,283.3401365401901,166.34330412731344,0.0008040407854004172,0.027665978720859297
SEX_23E,602.2144906369726,Q34E,69,9,0.013437746631698107,1.3165757917035492,1.6905422650774502,1.6905454840424128,479.01041537909737,192.1098031597314,283.34719886885057,168.14146505980253,0.0004636479630999446,0.015059127700880914
SEX_23E,602.2144906369726,Q28W,58,10,0.013023283165054526,1.3124837452988416,1.6905114518745483,1.6905149125961119,479.01041537909737,192.1098031597314,283.352363480259,168.4827162003204,0.0004294453712994084,0.013388524451245942
SEX_23E,602.2144906369726,Q28E,57,11,0.012561185559660569,1.308500197621008,1.690531638641889,1.6905351406888431,479.01041537909737,192.1098031597314,283.3489799480575,168.8206314145409,0.00031675270289888147,0.012399677096547768
SEX_23E,602.2144906369726,Q02W,6,12,0.012105660344141464,1.3392176608733806,1.7086989736974276,1.70866372627843,479.01041537909737,192.1098031597314,280.33633937438026,168.04093570063762,0.00036923420250012384,0.012939214087367756
SEX_23E,602.2144906369726,Q26E,53,13,0.011524212259490548,1.310486763079446,1.690510413937918,1.6905139743757223,479.01041537909737,192.1098031597314,283.3525374524481,168.6509035239822,0.00034297696289975477,0.011746809617793286
SEX_23E,602.2144906369726,Q20E,41,14,0.011512417774790625,1.3188410681666554,1.690512667646136,1.6905157305799499,479.01041537909737,192.1098031597314,283.3521597008024,167.9482218718333,0.00043989251359910497,0.015240709030791555
SEX_23E,602.2144906369726,Q34W,70,15,0.011434836301741236,1.315657414011632,1.6905193069938727,1.6905225423691703,479.01041537909737,192.1098031597314,283.35104686315987,168.21640242457278,0.0004225941501001529,0.015350367975699886
SEX_23W,166.4857027791949,Q01W,4,1,0.12090370233047089,1.937389701056702,1.7182095640759947,1.7174317810602635,568.9943110127358,296.65310291208505,331.15536248264635,193.64468009488414,0.0032366531962004785,0.12099320014111448
SEX_23W,166.4857027791949,Q01E,3,2,0.09300128229988472,1.736563414491897,1.7247674782671925,1.7244014465488167,568.9943110127358,296.65310291208505,329.8962429326314,214.79035341312053,0.003307754480699643,0.12442663319088831
SEX_23W,166.4857027791949,Q00W,2,3,0.041669195200784805,2.1487234005317077,1.7002858195556314,1.7001654167225533,568.9943110127358,296.65310291208505,334.6462720964421,172.292665658909,0.007391830282280409,0.10763171022270224
SEX_23W,166.4857027791949,Q00E,1,4,0.03655390467719052,2.0920142823716645,1.6997253927964056,1.6994535026440243,568.9943110127358,296.65310291208505,334.7566103466988,177.22749360146844,0.00738780564499919,0.1076620105801478
SEX_23W,166.4857027791949,Q48E,101,5,0.036378001417992696,1.6524354319611305,1.6944616524241636,1.6944592539134287,568.9943110127358,296.65310291208505,335.7965110622068,220.018659521089,0.0009820247937000204,0.034229974482566705
SEX_23W,166.4857027791949,Q06W,14,6,0.03162013101078667,1.6628027161946477,1.6939074172259754,1.6939046919841627,568.9943110127358,296.65310291208505,335.90638143880875,218.80958676499466,0.0007945838924001691,0.027127415637041574
SEX_23W,166.4857027791949,Q48W,102,7,0.02624525970472574,1.664935782891078,1.6940413287165683,1.6940386954729132,568.9943110127358,296.65310291208505,335.8798285304023,218.59360850232574,0.0009791905211997687,0.0340151034950531
SEX_23W,166.4857027791949,Q06E,13,8,0.021742969770043617,1.6503632869926435,1.694091234268082,1.694088289501157,568.9943110127358,296.65310291208505,335.8699339817817,220.19867910195978,0.0008040407854004172,0.027665978720859297
SEX_23W,166.4857027791949,Q45E,93,9,0.020567003325411674,1.6512682177461642,1.694047246619515,1.694044470205576,568.9943110127358,296.65310291208505,335.87865518400895,220.09332638893576,0.0005855869624991072,0.02004756661888707
SEX_23W,166.4857027791949,Q24W,50,10,0.017756881670829606,1.6493889762239249,1.6939915633197409,1.693988701962189,568.9943110127358,296.65310291208505,335.88969587172505,220.29299952898992,0.0004682889442992888,0.017291241677299674
SEX_23W,166.4857027791949,Q45W,94,11,0.01735164992002603,1.6536996545282463,1.6939782830699062,1.6939755555530862,568.9943110127358,296.65310291208505,335.89232913988593,219.8169625598771,0.0005829007569992939,0.020058241873739613
SEX_23W,166.4857027791949,Q16W,34,12,0.01733660959831945,1.6488807544812616,1.693930446089238,1.693927464598197,568.9943110127358,296.65310291208505,335.90181481557755,220.3410559005318,0.0004936009012990183,0.01614645007216442
SEX_23W,166.4857027791949,Q34W,70,13,0.016727836582868735,1.6483143794588173,1.6939903438228843,1.693987454937884,568.9943110127358,296.65310291208505,335.88993767737037,220.41123940299676,0.0004225941501001529,0.015350367975699886
SEX_23W,166.4857027791949,Q20E,41,14,0.01637253737866525,1.649187835160859,1.6939842074856504,1.6939813584740475,568.9943110127358,296.65310291208505,335.8911544147649,220.31419664356875,0.00043989251359910497,0.015240709030791555
SEX_23W,166.4857027791949,Q16E,33,15,0.014679666481460355,1.6498074232076547,1.6938848414853491,1.6938818942730762,568.9943110127358,296.65310291208505,335.91085832835654,220.2330537804525,0.00041769091689936033,0.0149327098906884
SEX_24E,592.0085476369725,Q01E,3,1,0.0878849906697967,2.1693718149856736,1.9634464277189623,1.9597180792614532,265.3272979999986,375.0393408409659,176.1453597145992,191.0107327331913,0.003307754480699643,0.12442663319088831
SEX_24E,592.0085476369725,Q00W,2,2,0.046226656034844445,3.2204968237306772,2.0709236703030776,2.070345884131852,265.3272979999986,375.0393408409659,181.09761659447318,109.85953802264694,0.007391830282280409,0.10763171022270224
SEX_24E,592.0085476369725,Q00E,1,3,0.04470891290347782,3.139164192629913,2.071280687813151,2.0708560090574486,265.3272979999986,375.0393408409659,181.06640159761773,114.41892947625254,0.00738780564499919,0.1076620105801478
SEX_24E,592.0085476369725,Q48W,102,4,0.029598861718968777,1.5336755682644068,1.4670286707224485,1.4670421359541637,265.3272979999986,375.0393408409659,180.79363798743026,255.645542807473,0.0009791905211997687,0.0340151034950531
SEX_24E,592.0085476369725,Q01W,4,5,0.027942830204367365,2.276289058025206,2.0708724152448013,2.0369341902037723,265.3272979999986,375.0393408409659,176.31932459828664,181.10209884496038,0.0032366531962004785,0.12099320014111448
SEX_24E,592.0085476369725,Q06E,13,6,0.02588745796843489,1.5451641936245224,1.4790226430464348,1.4790364201900046,265.3272979999986,375.0393408409659,181.2276453142387,253.57241324478582,0.0008040407854004172,0.027665978720859297
SEX_24E,592.0085476369725,Q48E,101,7,0.023221156202106265,1.524926666976178,1.4597157164484933,1.4597302587681473,265.3272979999986,375.0393408409659,180.68094471196824,256.92628819085496,0.0009820247937000204,0.034229974482566705
SEX_24E,592.0085476369725,Q45W,94,8,0.019927292903243354,1.5167970230916623,1.456991465885798,1.4570054053751262,265.3272979999986,375.0393408409659,181.0783704607423,257.40668330747945,0.0005829007569992939,0.020058241873739613
SEX_24E,592.0085476369725,Q16W,34,9,0.018501880328578985,1.524568170582775,1.4640779112514124,1.464092014590821,265.3272979999986,375.0393408409659,181.2534047462584,256.1607807609112,0.0004936009012990183,0.01614645007216442
SEX_24E,592.0085476369725,Q45E,93,10,0.01802327347358842,1.5118585505472666,1.4532469733565399,1.4532612210171463,265.3272979999986,375.0393408409659,181.0594931611578,258.06992735360313,0.0005855869624991072,0.02004756661888707
SEX_24E,592.0085476369725,Q24W,50,11,0.015841655336764134,1.5089702336122528,1.4517052331613154,1.4517195389005082,265.3272979999986,375.0393408409659,181.12879226262928,258.34400281402793,0.0004682889442992888,0.017291241677299674
SEX_24E,592.0085476369725,Q24E,49,12,0.01555483237926849,1.5134149475801806,1.4550923100553088,1.4551063982291752,265.3272979999986,375.0393408409659,181.1483923472567,257.74264508807033,0.0004925656637002618,0.015548847382513609
SEX_24E,592.0085476369725,Q06W,14,13,0.015057823868115402,1.5589927306153442,1.4891082491653453,1.4891215882707476,265.3272979999986,375.0393408409659,181.2062305214052,251.8549884141585,0.0007945838924001691,0.027127415637041574
SEX_24E,592.0085476369725,Q14E,29,14,0.014207075528895724,1.5135318340632438,1.4553495442178919,1.455363615063721,265.3272979999986,375.0393408409659,181.16982865678034,257.697088875314,0.0004551897879991884,0.014998701957456229
SEX_24E,592.0085476369725,Q10E,21,15,0.012997346261842275,1.5151394791940902,1.4567763182698392,1.4567903666585937,265.3272979999986,375.0393408409659,181.20172724285555,257.4446990505629,0.0003643361405991641,0.01257996745430301
SEX_24W,176.6882957791949,Q00E,1,1,0.0854331562552782,3.9045809465639216,1.5903990376109958,1.5913256496838768,346.0322192389873,334.9180361033283,217.57572222803694,75.65367006197118,0.00738780564499919,0.1076620105801478
SEX_24W,176.6882957791949,Q00W,2,2,0.08298065528494274,3.869255344770874,1.591444971614039,1.592446793404885,346.0322192389873,334.9180361033283,217.43272649134855,77.02522857993873,0.007391830282280409,0.10763171022270224
SEX_24W,176.6882957791949,Q01W,4,3,0.077313822264842,2.7865830859073633,1.685655100869864,1.685889031484206,346.0322192389873,334.9180361033283,205.28055772525536,140.23373935096615,0.0032366531962004785,0.12099320014111448
SEX_24W,176.6882957791949,Q01E,3,4,0.06345816142035704,2.8117985909205707,1.668795037717443,1.663201782367716,346.0322192389873,334.9180361033283,207.3545351095278,137.72577970632318,0.003307754480699643,0.12442663319088831
SEX_24W,176.6882957791949,Q48W,102,5,0.031099454115908042,1.6331463308151122,1.471335689206144,1.4722188355013706,346.0322192389873,334.9180361033283,217.77200440440632,235.18237325276073,0.0009791905211997687,0.0340151034950531
SEX_24W,176.6882957791949,Q48E,101,6,0.02715989505812653,1.6574703631683967,1.4891533734479994,1.4900036638523622,346.0322192389873,334.9180361033283,217.7452820277464,232.3684218219787,0.0009820247937000204,0.034229974482566705
SEX_24W,176.6882957791949,Q06W,14,7,0.025356277236600496,1.6873701964303187,1.5117954159043043,1.5126102852854428,346.0322192389873,334.9180361033283,217.77583165137077,228.88825802663428,0.0007945838924001691,0.027127415637041574
SEX_24W,176.6882957791949,Q45W,94,8,0.02136689935713365,1.6213691695488812,1.4628280178995046,1.4637171276176386,346.0322192389873,334.9180361033283,217.79140590247755,236.55017199893385,0.0005829007569992939,0.020058241873739613
SEX_24W,176.6882957791949,Q06E,13,9,0.021240441979559422,1.70582520708383,1.52574953941438,1.5265048193143547,346.0322192389873,334.9180361033283,217.7674389997494,226.79490329179646,0.0008040407854004172,0.027665978720859297
SEX_24W,176.6882957791949,Q45E,93,10,0.020276976898028074,1.6290188100926706,1.4684030022318617,1.4692869473900079,346.0322192389873,334.9180361033283,217.7869377297579,235.65207828712175,0.0005855869624991072,0.02004756661888707
SEX_24W,176.6882957791949,Q16W,34,11,0.01814233086696906,1.6483684021596012,1.4827291124202864,1.483605972857769,346.0322192389873,334.9180361033283,217.79439040692864,233.37521084627014,0.0004936009012990183,0.01614645007216442
SEX_24W,176.6882957791949,Q24W,50,12,0.017955549658233223,1.6189893525014831,1.461099350596897,1.4619897499891104,346.0322192389873,334.9180361033283,217.79300855254849,236.8300410903777,0.0004682889442992888,0.017291241677299674
SEX_24W,176.6882957791949,Q24E,49,13,0.01660728636873082,1.6187041650439618,1.4609224798205571,1.4618137517152998,346.0322192389873,334.9180361033283,217.79767473458816,236.85871359956752,0.0004925656637002618,0.015548847382513609
SEX_24W,176.6882957791949,Q16E,33,14,0.015860435040021416,1.635592534982802,1.4732968585041817,1.4741809370554413,346.0322192389873,334.9180361033283,217.79568247546538,234.86931180339928,0.00041769091689936033,0.0149327098906884
SEX_24W,176.6882957791949,Q20E,41,15,0.013971346334121,1.6209322449575403,1.4625263503041916,1.4634150056863884,346.0322192389873,334.9180361033283,217.79408050220738,236.5989639550876,0.00043989251359910497,0.015240709030791555
SEX_25E,583.8050056369724,Q01W,4,1,0.10430388379245156,1.541586961520835,1.7620684646774636,1.7611624330358373,373.26729829584815,100.95476831837439,211.83473047636235,82.52972391194125,0.0032366531962004785,0.12099320014111448
SEX_25E,583.8050056369724,Q00E,1,2,0.060080682139401355,1.6512652942302424,1.7117565839175963,1.7117277018559711,373.26729829584815,100.95476831837439,218.06096836594213,75.6872417078584,0.00738780564499919,0.1076620105801478
SEX_25E,583.8050056369724,Q00W,2,3,0.05920431245905682,1.7439529466383732,1.7134096230881897,1.7133439759618099,373.26729829584815,100.95476831837439,217.85059058036813,72.343648046028,0.007391830282280409,0.10763171022270224
SEX_25E,583.8050056369724,Q01E,3,4,0.054073381150299034,1.3536474075904579,1.758880089947081,1.7588413933192475,373.26729829584815,100.95476831837439,212.21872965034163,90.24374011355017,0.003307754480699643,0.12442663319088831
SEX_25E,583.8050056369724,Q48E,101,5,0.034532523854173776,1.1448173415317555,1.7076462038051046,1.7076331964094629,373.26729829584815,100.95476831837439,218.5858507834387,97.25073255998706,0.0009820247937000204,0.034229974482566705
SEX_25E,583.8050056369724,Q06W,14,6,0.03033387781976332,1.163727204589577,1.707134089654091,1.7071225965732095,373.26729829584815,100.95476831837439,218.65142319985048,96.30653298674602,0.0007945838924001691,0.027127415637041574
SEX_25E,583.8050056369724,Q45E,93,7,0.020003492027244336,1.1431704237116023,1.7072956131685952,1.7072829248364048,373.26729829584815,100.95476831837439,218.63073706556057,97.31078322402098,0.0005855869624991072,0.02004756661888707
SEX_25E,583.8050056369724,Q48W,102,8,0.018000098170440376,1.1625862141932544,1.7073005781935853,1.7072869315218457,373.26729829584815,100.95476831837439,218.63010126241787,96.37137708447274,0.0009791905211997687,0.0340151034950531
SEX_25E,583.8050056369724,Q24W,50,9,0.017341850605756125,1.141621278926202,1.707247498027054,1.7072349704433611,373.26729829584815,100.95476831837439,218.63689870812925,97.38339023503163,0.0004682889442992888,0.017291241677299674
SEX_25E,583.8050056369724,Q06E,13,10,0.016970341520038686,1.150649649021176,1.7072412704247282,1.707230101802834,373.26729829584815,100.95476831837439,218.63769624253902,96.94419878009735,0.0008040407854004172,0.027665978720859297
SEX_25E,583.8050056369724,Q16W,34,11,0.016773591827517673,1.1449956736540514,1.7071536096405824,1.7071418887706762,373.26729829584815,100.95476831837439,218.64892308925522,97.21372811902391,0.0004936009012990183,0.01614645007216442
SEX_25E,583.8050056369724,Q20E,41,12,0.016578862384057782,1.1419744779168965,1.7072506606507023,1.7072381552117941,373.26729829584815,100.95476831837439,218.63649369072778,97.36637272548053,0.00043989251359910497,0.015240709030791555
SEX_25E,583.8050056369724,Q16E,33,13,0.016471433121498503,1.1453289247818503,1.7071425176103219,1.707130624141841,373.26729829584815,100.95476831837439,218.65034374420716,97.19694320652522,0.00041769091689936033,0.0149327098906884
SEX_25E,583.8050056369724,Q34W,70,14,0.01567557983947156,1.1408157657127447,1.7072490945220162,1.7072368029898135,373.26729829584815,100.95476831837439,218.63669425483158,97.42264829930929,0.0004225941501001529,0.015350367975699886
SEX_25E,583.8050056369724,Q24E,49,15,0.015453339199167797,1.1442131885189113,1.7072234017947872,1.7072107712418707,373.26729829584815,100.95476831837439,218.63998461093956,97.25594599557586,0.0004925656637002618,0.015548847382513609
SEX_25W,184.8940877791949,Q01E,3,1,0.10797401276752781,1.425244422299393,1.7305211394527416,1.7303013359547175,388.75976990557297,112.5260344417376,224.6489574975744,95.53749459942452,0.003307754480699643,0.12442663319088831
SEX_25W,184.8940877791949,Q00E,1,2,0.08250395233265823,1.618694194026169,1.7127897048034793,1.7127662885033244,388.75976990557297,112.5260344417376,226.97460687398174,85.79926871319918,0.00738780564499919,0.1076620105801478
SEX_25W,184.8940877791949,Q00W,2,3,0.08044995001471851,1.5467396002807376,1.71232970132137,1.7123063045811255,388.75976990557297,112.5260344417376,227.03558176067082,88.91754081697685,0.007391830282280409,0.10763171022270224
SEX_25W,184.8940877791949,Q01W,4,4,0.033240998714352245,1.27540341083278,1.7333109292805091,1.7333211091243628,388.75976990557297,112.5260344417376,224.28738164533797,103.0739795509966,0.0032366531962004785,0.12099320014111448
SEX_25W,184.8940877791949,Q48W,102,5,0.029941480108565188,1.1547467370833076,1.7090891032753879,1.7090770668950321,388.75976990557297,112.5260344417376,227.46606315641085,107.95847481637104,0.0009791905211997687,0.0340151034950531
SEX_25W,184.8940877791949,Q06E,13,6,0.026944471682686412,1.1670453771829443,1.7088198544266455,1.7088084946423823,388.75976990557297,112.5260344417376,227.5019036667339,107.27967345356859,0.0008040407854004172,0.027665978720859297
SEX_25W,184.8940877791949,Q16W,34,7,0.016616362882036426,1.1570877842473166,1.7088109004327185,1.708799317183084,388.75976990557297,112.5260344417376,227.50309575338508,107.81454930348018,0.0004936009012990183,0.01614645007216442
SEX_25W,184.8940877791949,Q34E,69,8,0.014946786457588904,1.1526295478211992,1.7088662324658879,1.7088543779724628,388.75976990557297,112.5260344417376,227.4957293436561,108.05867698198843,0.0004636479630999446,0.015059127700880914
SEX_25W,184.8940877791949,Q14E,29,9,0.014640441802098355,1.1529898144027797,1.7088683566053933,1.7088564719884238,388.75976990557297,112.5260344417376,227.49544656431613,108.03935690147154,0.0004551897879991884,0.014998701957456229
SEX_25W,184.8940877791949,Q45W,94,10,0.014147533771968831,1.153869650535917,1.7088897215773975,1.7088777257001433,388.75976990557297,112.5260344417376,227.49260235863946,107.99321856767406,0.0005829007569992939,0.020058241873739613
SEX_25W,184.8940877791949,Q02E,5,11,0.013187225263827308,1.1587335465404252,1.7108384066894198,1.7108345532270743,388.75976990557297,112.5260344417376,227.23348294351638,107.85198540192273,0.00037642751589928025,0.013256954787921438
SEX_25W,184.8940877791949,Q20W,42,12,0.012964133197412768,1.1524401445166106,1.708852592142563,1.708840692308807,388.75976990557297,112.5260344417376,227.4975452494385,108.0680570271919,0.0004030048136005604,0.013426276428916584
SEX_25W,184.8940877791949,Q10E,21,13,0.01175516397477018,1.1522787926682483,1.7088426690269907,1.7088307764078052,388.75976990557297,112.5260344417376,227.4988663098701,108.07614583284015,0.0003643361405991641,0.01257996745430301
SEX_25W,184.8940877791949,Q18E,37,14,0.011693797167022173,1.1521551587319934,1.7088407224353177,1.7088288561593636,388.75976990557297,112.5260344417376,227.4991254606458,108.08269737329528,0.00034369866659922366,0.011846036281043304
SEX_25W,184.8940877791949,Q24E,49,15,0.011372655452841293,1.1532033989370376,1.708860052893946,1.7088481220018241,388.75976990557297,112.5260344417376,227.49655201267666,108.0273063948016,0.0004925656637002618,0.015548847382513609
SEX_26E,575.6012636369724,Q01W,4,1,0.1189469114520138,1.5411725417033182,1.7730608651722852,1.7726773584119055,450.13123213892624,97.35808398867547,253.87240843262748,80.00471045930676,0.0032366531962004785,0.12099320014111448
SEX_26E,575.6012636369724,Q01E,3,2,0.09942269559488202,1.4923663056329843,1.762623407079156,1.7626856953497774,450.13123213892624,97.35808398867547,255.37572593844018,81.31212128443448,0.003307754480699643,0.12442663319088831
SEX_26E,575.6012636369724,Q00E,1,3,0.07609697021338323,1.5728786339004444,1.71173191801585,1.7117612255558754,450.13123213892624,97.35808398867547,262.9682997678134,75.86398566716682,0.00738780564499919,0.1076620105801478
SEX_26E,575.6012636369724,Q00W,2,4,0.07596791410876505,1.5821442362980775,1.7133468477391405,1.7133007272157221,450.13123213892624,97.35808398867547,262.72043674805263,75.62155332924706,0.007391830282280409,0.10763171022270224
SEX_26E,575.6012636369724,Q06W,14,5,0.03079746664606412,1.4069901955389668,1.7089762025350104,1.7089647567720188,450.13123213892624,97.35808398867547,263.3923348208266,82.30756322226827,0.0007945838924001691,0.027127415637041574
SEX_26E,575.6012636369724,Q48W,102,6,0.028615028363018363,1.4070093351785289,1.7088874021432812,1.7088761772132606,450.13123213892624,97.35808398867547,263.4060217041644,82.30240878813493,0.0009791905211997687,0.0340151034950531
SEX_26E,575.6012636369724,Q48E,101,7,0.02772217961349269,1.408432266403949,1.7112434930714584,1.7112319686644906,450.13123213892624,97.35808398867547,263.0433564606282,82.35724772554627,0.0009820247937000204,0.034229974482566705
SEX_26E,575.6012636369724,Q06E,13,8,0.023302716272200468,1.407617406934449,1.710375389992909,1.7103637082331964,450.13123213892624,97.35808398867547,263.1768644313763,82.34912839902066,0.0008040407854004172,0.027665978720859297
SEX_26E,575.6012636369724,Q16W,34,9,0.01768095414926155,1.4053589798818962,1.709153394309011,1.709141830316587,450.13123213892624,97.35808398867547,263.3650283454567,82.38324167635311,0.0004936009012990183,0.01614645007216442
SEX_26E,575.6012636369724,Q45W,94,10,0.016002001338111946,1.4052449746389257,1.7088507964083326,1.708839348343858,450.13123213892624,97.35808398867547,263.4116641926921,82.37332187876555,0.0005829007569992939,0.020058241873739613
SEX_26E,575.6012636369724,Q45E,93,11,0.015924503571949012,1.4055051582090385,1.7092439786584415,1.7092324625876556,450.13123213892624,97.35808398867547,263.3510708589579,82.38156262579038,0.0005855869624991072,0.02004756661888707
SEX_26E,575.6012636369724,Q20E,41,12,0.015869523293891127,1.4051477649280883,1.7093150606188927,1.7093035176090254,450.13123213892624,97.35808398867547,263.34011939024685,82.39970504422861,0.00043989251359910497,0.015240709030791555
SEX_26E,575.6012636369724,Q02W,6,13,0.014397732615431329,1.41228198700027,1.7145081434285034,1.714486879709344,450.13123213892624,97.35808398867547,262.54248710583454,82.35983459320838,0.00036923420250012384,0.012939214087367756
SEX_26E,575.6012636369724,Q16E,33,14,0.01427781350532967,1.4048202072509781,1.7087470032476826,1.7087354388598803,450.13123213892624,97.35808398867547,263.42766441339575,82.38585979728083,0.00041769091689936033,0.0149327098906884
SEX_26E,575.6012636369724,Q34E,69,15,0.014219498351774034,1.4049558404366067,1.7085907653776902,1.7085792796803163,450.13123213892624,97.35808398867547,263.45175290668453,82.37272372683144,0.0004636479630999446,0.015059127700880914
SEX_26W,193.10052977919491,Q01W,4,1,0.11151939584906864,1.3331187610908657,1.7431192070176749,1.7429948448011277,371.37552036661,133.33942326401498,213.052279426145,119.3628990021464,0.0032366531962004785,0.12099320014111448
SEX_26W,193.10052977919491,Q01E,3,2,0.07492030917062364,1.3847776224919954,1.7402659088713062,1.7398358648324312,371.37552036661,133.33942326401498,213.40159482149198,116.1790394460298,0.003307754480699643,0.12442663319088831
SEX_26W,193.10052977919491,Q00W,2,3,0.03942410415853455,1.431630617252054,1.6950094177655672,1.695004502752155,371.37552036661,133.33942326401498,219.0993846253508,110.47370108385373,0.007391830282280409,0.10763171022270224
SEX_26W,193.10052977919491,Q00E,1,4,0.038597180755312495,1.4441272414565702,1.6955919301570028,1.6955723032724082,371.37552036661,133.33942326401498,219.024114093432,109.82616151228939,0.00738780564499919,0.1076620105801478
SEX_26W,193.10052977919491,Q48E,101,5,0.03277484180466281,1.2513351022107173,1.6921418704625593,1.6921415928868169,371.37552036661,133.33942326401498,219.47067609945245,120.68979969201362,0.0009820247937000204,0.034229974482566705
SEX_26W,193.10052977919491,Q06W,14,6,0.025591888429325547,1.2506821083836002,1.6948052843247845,1.6948050795681358,371.37552036661,133.33942326401498,219.12577438921963,120.91922371631618,0.0007945838924001691,0.027127415637041574
SEX_26W,193.10052977919491,Q34W,70,7,0.015993316692547888,1.2471580903901298,1.692225131057535,1.692224914199244,371.37552036661,133.33942326401498,219.45987773773544,120.94806420017942,0.0004225941501001529,0.015350367975699886
SEX_26W,193.10052977919491,Q45E,93,8,0.015509874782685259,1.2477558471298096,1.6922032097152433,1.692202980824698,371.37552036661,133.33942326401498,219.46272069127173,120.91035666700418,0.0005855869624991072,0.02004756661888707
SEX_26W,193.10052977919491,Q20E,41,9,0.013855765168764475,1.2471604720698934,1.6922026562886157,1.6922024320812705,371.37552036661,133.33942326401498,219.46279246548445,120.9463150564672,0.00043989251359910497,0.015240709030791555
SEX_26W,193.10052977919491,Q06E,13,10,0.013125279102848105,1.250883057188588,1.6937826201544004,1.6937823907441816,371.37552036661,133.33942326401498,219.25807712725052,120.83412308262291,0.0008040407854004172,0.027665978720859297
SEX_26W,193.10052977919491,Q02W,6,11,0.012980839253010601,1.248278971279774,1.6937895259609634,1.6937880762528212,371.37552036661,133.33942326401498,219.25718318272857,120.99224849358562,0.00036923420250012384,0.012939214087367756
SEX_26W,193.10052977919491,Q28E,57,12,0.012842305678323548,1.2465820837153458,1.6926625999182952,1.692662392777229,371.37552036661,133.33942326401498,219.40315830487202,121.01417678834324,0.00031675270289888147,0.012399677096547768
SEX_26W,193.10052977919491,Q28W,58,13,0.01266396456442165,1.2469565449720363,1.6923684881192969,1.6923682756076168,371.37552036661,133.33942326401498,219.44128774184034,120.97049939020121,0.0004294453712994084,0.013388524451245942
SEX_26W,193.10052977919491,Q14W,30,14,0.01247088160255826,1.2473423277240414,1.6922245789766146,1.6922243506304717,371.37552036661,133.33942326401498,219.45994933556753,120.93688561313976,0.0004140267502990014,0.014760793096466829
SEX_26W,193.10052977919491,Q18W,38,15,0.012463427959765691,1.2468843690374456,1.6922305999965288,1.692230381464415,371.37552036661,133.33942326401498,219.45916848884056,120.96500950242722,0.0003812354201002677,0.012824870699141844
SEX_27E,567.1709216369723,Q01W,4,1,0.11630472163045756,1.489566202851364,1.7458572988272933,1.7413279307456202,478.8072396400506,252.4548169938143,274.25336535905274,209.67784036000586,0.0032366531962004785,0.12099320014111448
SEX_27E,567.1709216369723,Q00W,2,2,0.0911522794533246,2.2111787616257956,1.7065854738830835,1.7063914220384526,478.8072396400506,252.4548169938143,280.5644645214256,142.6599648378487,0.007391830282280409,0.10763171022270224
SEX_27E,567.1709216369723,Q00E,1,3,0.08830591470522356,2.236556514941171,1.7065046154920043,1.706458956256898,478.8072396400506,252.4548169938143,280.57775835666587,140.8197684076298,0.00738780564499919,0.1076620105801478
SEX_27E,567.1709216369723,Q01E,3,4,0.07128102636056008,1.584041061207735,1.7475196111915159,1.7427870440509747,478.8072396400506,252.4548169938143,273.9924843038438,200.29894746012118,0.003307754480699643,0.12442663319088831
SEX_27E,567.1709216369723,Q48E,101,5,0.034379970354650145,1.267104471371887,1.6891743123596636,1.6891720253329325,478.8072396400506,252.4548169938143,283.4563822908181,226.31321697371348,0.0009820247937000204,0.034229974482566705
SEX_27E,567.1709216369723,Q06W,14,6,0.0319671648728765,1.2449855636122678,1.6895347387884698,1.6895308514059444,478.8072396400506,252.4548169938143,283.39591287918313,228.87893719729882,0.0007945838924001691,0.027127415637041574
SEX_27E,567.1709216369723,Q48W,102,7,0.022540000716658518,1.2623106891039058,1.6892275903511365,1.6892247171579788,478.8072396400506,252.4548169938143,283.44744211792204,226.86351216170164,0.0009791905211997687,0.0340151034950531
SEX_27E,567.1709216369723,Q45E,93,8,0.020513102305255243,1.249567769491911,1.689173545443961,1.6891700556596034,478.8072396400506,252.4548169938143,283.4565109852031,228.30630987258039,0.0005855869624991072,0.02004756661888707
SEX_27E,567.1709216369723,Q06E,13,9,0.019414778378945813,1.2471105236495603,1.6895394408211293,1.6895357317457198,478.8072396400506,252.4548169938143,283.39512418091084,228.63651236360533,0.0008040407854004172,0.027665978720859297
SEX_27E,567.1709216369723,Q24W,50,10,0.017781192638610426,1.2449078335608732,1.6891746094400955,1.6891708637582314,478.8072396400506,252.4548169938143,283.4563324384559,228.83903515765394,0.0004682889442992888,0.017291241677299674
SEX_27E,567.1709216369723,Q20E,41,11,0.01690499154631965,1.2426157220837482,1.6891670224528046,1.6891630572263114,478.8072396400506,252.4548169938143,283.45760559828153,229.10043253025128,0.00043989251359910497,0.015240709030791555
SEX_27E,567.1709216369723,Q45W,94,12,0.01668141362795972,1.248731737800199,1.6891844303462997,1.6891809009821688,478.8072396400506,252.4548169938143,283.45468442536514,228.40323943759637,0.0005829007569992939,0.020058241873739613
SEX_27E,567.1709216369723,Q16E,33,13,0.016518554261324727,1.2392353372786502,1.6893062683204674,1.6893022016417527,478.8072396400506,252.4548169938143,283.43424079997504,229.5069052330334,0.00041769091689936033,0.0149327098906884
SEX_27E,567.1709216369723,Q24E,49,14,0.01531100551535518,1.243821654590647,1.6891707106041944,1.6891667450378955,478.8072396400506,252.4548169938143,283.4569866942504,228.96283541452206,0.0004925656637002618,0.015548847382513609
SEX_27E,567.1709216369723,Q34W,70,15,0.015050141861350423,1.2447130228411893,1.6891790317659061,1.6891752507963442,478.8072396400506,252.4548169938143,283.4555903405305,228.86192792732203,0.0004225941501001529,0.015350367975699886
SEX_27W,201.5302217791949,Q01W,4,1,0.1084246093590828,1.8906633324241682,1.8754426279162015,1.8694618267589225,435.9943002379545,184.24011961905893,232.4754134027477,135.11619599500898,0.0032366531962004785,0.12099320014111448
SEX_27W,201.5302217791949,Q00E,1,2,0.10068149097754431,2.8978650444678635,1.7277402521985292,1.727245438391605,435.9943002379545,184.24011961905893,252.34944875721735,74.97042139258116,0.00738780564499919,0.1076620105801478
SEX_27W,201.5302217791949,Q00W,2,3,0.10046909947336073,2.918506677245219,1.734561872915683,1.7345439598668997,435.9943002379545,184.24011961905893,251.35701818758247,74.28068528205324,0.007391830282280409,0.10763171022270224
SEX_27W,201.5302217791949,Q01E,3,4,0.09973139802920898,1.7422174691610763,1.8294968676250574,1.808008242168364,435.9943002379545,184.24011961905893,238.31377246572498,144.18991782891854,0.003307754480699643,0.12442663319088831
SEX_27W,201.5302217791949,Q48W,102,5,0.03328718345580585,1.2253249951298386,1.6855647131061076,1.6855641566446273,435.9943002379545,184.24011961905893,258.66363768052395,168.28813895154926,0.0009791905211997687,0.0340151034950531
SEX_27W,201.5302217791949,Q48E,101,6,0.03235902875650281,1.2159394232954455,1.685549395626494,1.6855490390461387,435.9943002379545,184.24011961905893,258.66598829392467,169.07816948300936,0.0009820247937000204,0.034229974482566705
SEX_27W,201.5302217791949,Q06W,14,7,0.029976839504607316,1.2098347147774149,1.685711181457589,1.6857106947597627,435.9943002379545,184.24011961905893,258.6411628716623,169.6113389152338,0.0007945838924001691,0.027127415637041574
SEX_27W,201.5302217791949,Q06E,13,8,0.02613916337114508,1.2036575781303753,1.6857355622462047,1.6857348595787194,435.9943002379545,184.24011961905893,258.6374221452633,170.13849284494242,0.0008040407854004172,0.027665978720859297
SEX_27W,201.5302217791949,Q45W,94,9,0.02105040489025268,1.2058548402990397,1.6855591274377721,1.6855586884795706,435.9943002379545,184.24011961905893,258.6644948496775,169.9338540348447,0.0005829007569992939,0.020058241873739613
SEX_27W,201.5302217791949,Q45E,93,10,0.02077928797464775,1.2044254876817746,1.6855574896206738,1.6855570230483643,435.9943002379545,184.24011961905893,258.6647461879647,170.0551832645393,0.0005855869624991072,0.02004756661888707
SEX_27W,201.5302217791949,Q16W,34,11,0.017666390542921837,1.1966501987033666,1.6856447284203124,1.685644200880582,435.9943002379545,184.24011961905893,258.65135926153476,170.72642615435325,0.0004936009012990183,0.01614645007216442
SEX_27W,201.5302217791949,Q24W,50,12,0.017413159704235227,1.2011020878915843,1.6855571259722952,1.6855565188257402,435.9943002379545,184.24011961905893,258.6648019932614,170.33797994194222,0.0004682889442992888,0.017291241677299674
SEX_27W,201.5302217791949,Q24E,49,13,0.01638866885232277,1.201495025875296,1.6855548926356854,1.6855544357522703,435.9943002379545,184.24011961905893,258.66514472049886,170.3042717049744,0.0004925656637002618,0.015548847382513609
SEX_27W,201.5302217791949,Q16E,33,14,0.015777862090763827,1.1954177463035336,1.685615977439878,1.685615464124479,435.9943002379545,184.24011961905893,258.65577099010704,170.8287487757585,0.00041769091689936033,0.0149327098906884
SEX_27W,201.5302217791949,Q20E,41,15,0.015339248595010305,1.1982669429124044,1.6855556521506392,1.6855551474101516,435.9943002379545,184.24011961905893,258.66502816543573,170.57945428263022,0.00043989251359910497,0.015240709030791555
SEX_28E,558.9658796369721,Q01W,4,1,0.10021359532530708,2.0745676148030974,1.7138823769161167,1.6325265084006932,353.0064214595559,371.14851031201806,215.66546665378303,216.5542485942624,0.0032366531962004785,0.12099320014111448
SEX_28E,558.9658796369721,Q01E,3,2,0.08726854578779586,2.7044589513054653,1.7776966880057263,1.7666938433185342,353.0064214595559,371.14851031201806,208.78056015752816,163.0307513327136,0.003307754480699643,0.12442663319088831
SEX_28E,558.9658796369721,Q00W,2,3,0.03136270407408702,3.0941007297889733,1.6995853628052144,1.6996818832147116,353.0064214595559,371.14851031201806,218.37591593482944,127.79002922144741,0.007391830282280409,0.10763171022270224
SEX_28E,558.9658796369721,Q00E,1,4,0.030337976026967146,3.1534270563569713,1.7043707452214163,1.7050058210066075,353.0064214595559,371.14851031201806,217.76277922665346,124.32878965591888,0.00738780564499919,0.1076620105801478
SEX_28E,558.9658796369721,Q48W,102,5,0.023141969670339012,1.662941210380783,1.4230248621638788,1.4234150394690852,353.0064214595559,371.14851031201806,218.722206978146,260.81660284391836,0.0009791905211997687,0.0340151034950531
SEX_28E,558.9658796369721,Q06W,14,6,0.021353853963532596,1.6709891774067636,1.4286755766657004,1.4290734904476166,353.0064214595559,371.14851031201806,218.70825271600864,259.78501793823557,0.0007945838924001691,0.027127415637041574
SEX_28E,558.9658796369721,Q48E,101,7,0.019804627945003185,1.7327588133816612,1.4735528430947558,1.473918802087929,353.0064214595559,371.14851031201806,218.71822231765597,251.87322738459244,0.0009820247937000204,0.034229974482566705
SEX_28E,558.9658796369721,Q06E,13,8,0.016643630251342027,1.6988334467505801,1.4485455271534167,1.4489359771423318,353.0064214595559,371.14851031201806,218.6841392794377,256.2215017441488,0.0008040407854004172,0.027665978720859297
SEX_28E,558.9658796369721,Q34E,69,9,0.013595036819525695,1.645080812883176,1.410472867569437,1.410870561453315,353.0064214595559,371.14851031201806,218.73739420514673,263.1376461367816,0.0004636479630999446,0.015059127700880914
SEX_28E,558.9658796369721,Q28W,58,10,0.013215745984344744,1.6568950074980613,1.4188198301045403,1.419214808937995,353.0064214595559,371.14851031201806,218.73592976977594,261.5895989307335,0.0004294453712994084,0.013388524451245942
SEX_28E,558.9658796369721,Q28E,57,11,0.012827632803529032,1.64002096914815,1.4069081546734539,1.4073068013045684,353.0064214595559,371.14851031201806,218.73727163992578,263.8043635465048,0.00031675270289888147,0.012399677096547768
SEX_28E,558.9658796369721,Q34W,70,12,0.011573505326706353,1.6587853755248965,1.4201651644205282,1.4205587767490975,353.0064214595559,371.14851031201806,218.73655128517353,261.34179291988073,0.0004225941501001529,0.015350367975699886
SEX_28E,558.9658796369721,Q20E,41,13,0.011509821183917017,1.655741951976335,1.418012479194942,1.4184071745389606,353.0064214595559,371.14851031201806,218.7375715412604,261.73853598434675,0.00043989251359910497,0.015240709030791555
SEX_28E,558.9658796369721,Q02W,6,14,0.011380778320697109,1.6507049455456375,1.4119022696991785,1.41210442749707,353.0064214595559,371.14851031201806,218.35789156777255,262.87124702412683,0.00036923420250012384,0.012939214087367756
SEX_28E,558.9658796369721,Q18W,38,15,0.011345910361076123,1.6533990516614914,1.4163536925183433,1.416748744041196,353.0064214595559,371.14851031201806,218.73779766656358,262.04507551507044,0.0003812354201002677,0.012824870699141844
SEX_28W,209.73341377919488,Q01W,4,1,0.12040262932322437,2.2374302500982424,1.6732658969613297,1.6715450664304468,287.56509684131896,306.92175162089296,183.4267656911352,157.25835337635908,0.0032366531962004785,0.12099320014111448
SEX_28W,209.73341377919488,Q01E,3,2,0.09506473595250668,2.062753619940409,1.6873378623521422,1.6728000371437783,287.56509684131896,306.92175162089296,181.89703346847514,173.1737404051219,0.003307754480699643,0.12442663319088831
SEX_28W,209.73341377919488,Q00E,1,3,0.07583139122305266,2.9000378890625598,1.6396058634259327,1.6395190396675967,287.56509684131896,306.92175162089296,187.19239694568083,110.61068496483766,0.00738780564499919,0.1076620105801478
SEX_28W,209.73341377919488,Q00W,2,4,0.07448101000454116,2.9057747284979456,1.639622419506403,1.6396494068037821,287.56509684131896,306.92175162089296,187.19050677124164,110.28070233067757,0.007391830282280409,0.10763171022270224
SEX_28W,209.73341377919488,Q48E,101,5,0.03603358376463676,1.7049951260794813,1.5232546637123734,1.5232824833495604,287.56509684131896,306.92175162089296,186.7551551501691,201.49076771764743,0.0009820247937000204,0.034229974482566705
SEX_28W,209.73341377919488,Q06W,14,6,0.03127164325374699,1.7142470757743666,1.5349797065176967,1.5350076402847521,287.56509684131896,306.92175162089296,187.32411425040885,199.95166732020536,0.0007945838924001691,0.027127415637041574
SEX_28W,209.73341377919488,Q48W,102,7,0.026320591001470647,1.726002721560441,1.542734084372679,1.5427624511503708,287.56509684131896,306.92175162089296,187.16705491137662,198.9466329485398,0.0009791905211997687,0.0340151034950531
SEX_28W,209.73341377919488,Q06E,13,8,0.022044393106557116,1.7070721118664522,1.5285193316838426,1.528547063747385,287.56509684131896,306.92175162089296,187.20610759309236,200.79677453786783,0.0008040407854004172,0.027665978720859297
SEX_28W,209.73341377919488,Q45E,93,9,0.02037032831213112,1.6951378425107038,1.5194540838951267,1.519481920879255,287.56509684131896,306.92175162089296,187.20961104940955,201.994752506175,0.0005855869624991072,0.02004756661888707
SEX_28W,209.73341377919488,Q16W,34,10,0.017373250620897857,1.6956066683065387,1.5209392702692965,1.5209670902077446,287.56509684131896,306.92175162089296,187.3486773132447,201.7975060677798,0.0004936009012990183,0.01614645007216442
SEX_28W,209.73341377919488,Q45W,94,11,0.017228770706797205,1.6989408462273161,1.5229177895930277,1.522945729695792,287.56509684131896,306.92175162089296,187.27991617020078,201.53533809787083,0.0005829007569992939,0.020058241873739613
SEX_28W,209.73341377919488,Q34W,70,12,0.01661970100240299,1.6907403503001888,1.5168352481995142,1.5168629907539852,287.56509684131896,306.92175162089296,187.29831834364825,202.34349906175345,0.0004225941501001529,0.015350367975699886
SEX_28W,209.73341377919488,Q20E,41,13,0.016228528354528142,1.6913439639045293,1.5172694969453562,1.517297276152421,287.56509684131896,306.92175162089296,187.2954030761376,202.28558752337892,0.00043989251359910497,0.015240709030791555
SEX_28W,209.73341377919488,Q02W,6,14,0.014599453823418049,1.7045950850064173,1.5259419437229444,1.5259589776600466,287.56509684131896,306.92175162089296,187.1222537488397,201.13592976681343,0.00036923420250012384,0.012939214087367756
SEX_28W,209.73341377919488,Q16E,33,15,0.014449374217057234,1.6942793348927552,1.5203281747582185,1.520355980454194,287.56509684131896,306.92175162089296,187.39773125921897,201.8786185224144,0.00041769091689936033,0.0149327098906884
SEX_29E,550.536737636972,Q01E,3,1,0.09911226299935028,1.8820399409841855,1.701342330872357,1.700625029543757,518.6645716880032,222.61148283984997,304.8560905564842,147.99776207727874,0.003307754480699643,0.12442663319088831
SEX_29E,550.536737636972,Q00E,1,2,0.09793834979675944,1.700864881451949,1.68361579794052,1.6835911591911314,518.6645716880032,222.61148283984997,308.0658736526818,160.12885756576358,0.00738780564499919,0.1076620105801478
SEX_29E,550.536737636972,Q00W,2,3,0.09568707574052689,1.6659298644204839,1.6836788831875233,1.6836781323068037,518.6645716880032,222.61148283984997,308.0543308270713,162.95033171306133,0.007391830282280409,0.10763171022270224
SEX_29E,550.536737636972,Q48W,102,4,0.0315665985343894,1.5537753780768782,1.6821308153517307,1.6821257065769974,518.6645716880032,222.61148283984997,308.3378337490068,172.1916942329345,0.0009791905211997687,0.0340151034950531
SEX_29E,550.536737636972,Q06E,13,5,0.027023306602889964,1.5746614342208787,1.6816066919610189,1.6816024874091786,518.6645716880032,222.61148283984997,308.43393652481154,170.34958250084748,0.0008040407854004172,0.027665978720859297
SEX_29E,550.536737636972,Q01W,4,6,0.021561747326669208,1.7685308029623101,1.6992814522718114,1.698825907975016,518.6645716880032,222.61148283984997,305.2258182389902,156.35406163950546,0.0032366531962004785,0.12099320014111448
SEX_29E,550.536737636972,Q45W,94,7,0.019788372995334057,1.5513321046904167,1.6817906225039716,1.681785541226137,518.6645716880032,222.61148283984997,308.40020437013607,172.36730326641742,0.0005829007569992939,0.020058241873739613
SEX_29E,550.536737636972,Q48E,101,8,0.018367938812556276,1.5627433121745185,1.6821362703837772,1.6821322312168983,518.6645716880032,222.61148283984997,308.3368338343186,171.42164808916357,0.0009820247937000204,0.034229974482566705
SEX_29E,550.536737636972,Q16W,34,9,0.01825007947952166,1.5598057566752743,1.6815878770498816,1.6815830468787034,518.6645716880032,222.61148283984997,308.4373875232319,171.61782421295737,0.0004936009012990183,0.01614645007216442
SEX_29E,550.536737636972,Q45E,93,10,0.01600813933774083,1.5535522332935727,1.6817901848572867,1.681785353249074,518.6645716880032,222.61148283984997,308.40028462409896,172.17597309227517,0.0005855869624991072,0.02004756661888707
SEX_29E,550.536737636972,Q14E,29,11,0.014786042621537704,1.5512461143497092,1.6816862485737913,1.681681110672235,518.6645716880032,222.61148283984997,308.4193452422374,172.36402972773104,0.0004551897879991884,0.014998701957456229
SEX_29E,550.536737636972,Q24E,49,12,0.014273618723713875,1.5513972297075185,1.6817029646736945,1.6816978773889142,518.6645716880032,222.61148283984997,308.41627955900117,172.35270872951952,0.0004925656637002618,0.015548847382513609
SEX_29E,550.536737636972,Q24W,50,13,0.014092477139987828,1.5521845134251322,1.681720807958439,1.6817158480528838,518.6645716880032,222.61148283984997,308.41300722064994,172.28667729026787,0.0004682889442992888,0.017291241677299674
SEX_29E,550.536737636972,Q20W,42,14,0.01331970698944016,1.5508883040833297,1.6816645911092303,1.6816594563249232,518.6645716880032,222.61148283984997,308.4233172477579,172.3926479166613,0.0004030048136005604,0.013426276428916584
SEX_29E,550.536737636972,Q10E,21,15,0.012732282155402536,1.551514926800948,1.6816527556782477,1.681647588458291,518.6645716880032,222.61148283984997,308.4254879235246,172.3374393313106,0.0003643361405991641,0.01257996745430301
SEX_29W,218.16160577919487,Q00W,2,1,0.09672906315258979,2.1377073680155974,1.6558372730902646,1.6558129345890424,463.3397751701655,179.69587700565663,279.82204694875685,102.18911657060453,0.007391830282280409,0.10763171022270224
SEX_29W,218.16160577919487,Q00E,1,2,0.09607518323518373,2.1555147562952754,1.6559346096990646,1.6559506035970122,463.3397751701655,179.69587700565663,279.8055988783089,101.27325291926823,0.00738780564499919,0.1076620105801478
SEX_29W,218.16160577919487,Q01W,4,3,0.09433283824109014,1.925961820231791,1.686630588402679,1.684909602502934,463.3397751701655,179.69587700565663,274.7132527751502,116.24782271593813,0.0032366531962004785,0.12099320014111448
SEX_29W,218.16160577919487,Q01E,3,4,0.05620644692202036,1.8365554307168708,1.6862886020685826,1.6851217202928463,463.3397751701655,179.69587700565663,274.76896576409473,121.31296314719235,0.003307754480699643,0.12442663319088831
SEX_29W,218.16160577919487,Q48E,101,5,0.03159645308023149,1.3668121365025883,1.6537235654830502,1.6536248061006613,463.3397751701655,179.69587700565663,280.17970163884354,150.05442622673777,0.0009820247937000204,0.034229974482566705
SEX_29W,218.16160577919487,Q48W,102,6,0.028527406872228826,1.3769058051407939,1.653394341313748,1.653304200708833,463.3397751701655,179.69587700565663,280.2354910698477,149.2677627792401,0.0009791905211997687,0.0340151034950531
SEX_29W,218.16160577919487,Q06W,14,7,0.028494515655974936,1.3943347814786478,1.6529681631115145,1.6528801632284484,463.3397751701655,179.69587700565663,280.307743071097,147.93464136736452,0.0007945838924001691,0.027127415637041574
SEX_29W,218.16160577919487,Q45E,93,8,0.021703059503467455,1.3587322646984177,1.6532316941473697,1.653134178305343,463.3397751701655,179.69587700565663,280.26306101585254,150.61651775404493,0.0005855869624991072,0.02004756661888707
SEX_29W,218.16160577919487,Q45W,94,9,0.020876801100880252,1.3609434676470187,1.6531768499540807,1.6530813331490584,463.3397751701655,179.69587700565663,280.27235875159727,150.44473544888226,0.0005829007569992939,0.020058241873739613
SEX_29W,218.16160577919487,Q06E,13,10,0.018436662968345806,1.3912907989679297,1.6531189048055224,1.6530256345222947,463.3397751701655,179.69587700565663,280.28218286250507,148.17457682305724,0.0008040407854004172,0.027665978720859297
SEX_29W,218.16160577919487,Q24W,50,11,0.01793498217149007,1.3575799359922556,1.6531404601567552,1.6530425016659416,463.3397751701655,179.69587700565663,280.27852825417534,150.6950717471479,0.0004682889442992888,0.017291241677299674
SEX_29W,218.16160577919487,Q16W,34,12,0.01731511605085699,1.3699766253610761,1.6529949022109927,1.6528994307194036,463.3397751701655,179.69587700565663,280.303208769983,149.75062899024246,0.0004936009012990183,0.01614645007216442
SEX_29W,218.16160577919487,Q16E,33,13,0.016437958995101098,1.365831139649785,1.6529716676802535,1.6528758661266625,463.3397751701655,179.69587700565663,280.3071487730985,150.0591602143307,0.00041769091689936033,0.0149327098906884
SEX_29W,218.16160577919487,Q24E,49,14,0.016120943371386125,1.3600495087668563,1.6531036723538293,1.6530076346412763,463.3397751701655,179.69587700565663,280.28476551045526,150.50542551723615,0.0004925656637002618,0.015548847382513609
SEX_29W,218.16160577919487,Q20E,41,15,0.015638170427794036,1.3576144002723538,1.653127934343856,1.6530301588948972,463.3397751701655,179.69587700565663,280.2806519351873,150.69129471289494,0.00043989251359910497,0.015240709030791555
SEX_30E,541.251995636972,Q01W,4,1,0.10766936249183243,1.8610278872959185,1.6906519658411643,1.6857431322554344,426.46867996542755,187.71774464486566,252.251018294734,126.26425577824817,0.0032366531962004785,0.12099320014111448
SEX_30E,541.251995636972,Q00W,2,2,0.07471525924462787,2.297989140784196,1.580301107161173,1.580346372911979,426.46867996542755,187.71774464486566,269.8654566733354,94.01423743392874,0.007391830282280409,0.10763171022270224
SEX_30E,541.251995636972,Q00E,1,3,0.07404281179922402,2.337733416570302,1.5757417725875935,1.575596936866823,426.46867996542755,187.71774464486566,270.6462996567673,91.98356897368058,0.00738780564499919,0.1076620105801478
SEX_30E,541.251995636972,Q01E,3,4,0.055616702066144136,1.69887793956606,1.6469364692821948,1.6408797766384575,426.46867996542755,187.71774464486566,258.9466490782737,133.59130484395897,0.003307754480699643,0.12442663319088831
SEX_30E,541.251995636972,Q48E,101,5,0.03446878042574158,1.1270696091530255,1.574601379642151,1.5745984890130917,426.46867996542755,187.71774464486566,270.84231315886956,168.2299560291895,0.0009820247937000204,0.034229974482566705
SEX_30E,541.251995636972,Q06W,14,6,0.030900540085215995,1.155470383492542,1.573338703001357,1.573339903416883,426.46867996542755,187.71774464486566,271.0596765667054,165.72462745700648,0.0007945838924001691,0.027127415637041574
SEX_30E,541.251995636972,Q45E,93,7,0.01979694434235874,1.1227570034204746,1.5736915844268087,1.5736899560406057,426.46867996542755,187.71774464486566,270.9988946917841,168.49544779235555,0.0005855869624991072,0.02004756661888707
SEX_30E,541.251995636972,Q48W,102,8,0.017826101975654676,1.1393215627516895,1.5738278591910402,1.57382943199033,426.46867996542755,187.71774464486566,270.97542941236014,167.11982284430013,0.0009791905211997687,0.0340151034950531
SEX_30E,541.251995636972,Q24W,50,9,0.017161777512877435,1.1200162222951917,1.573568873460238,1.5735676295797427,426.46867996542755,187.71774464486566,271.02002788580444,168.7132556061518,0.0004682889442992888,0.017291241677299674
SEX_30E,541.251995636972,Q06E,13,10,0.016936200041910807,1.1563409567183385,1.5733975219371543,1.573395637172379,426.46867996542755,187.71774464486566,271.04954343665344,165.6592526676971,0.0008040407854004172,0.027665978720859297
SEX_30E,541.251995636972,Q16W,34,11,0.01679953785206228,1.1329568269124195,1.5732349110181343,1.5732341999303043,426.46867996542755,187.71774464486566,271.0775593515365,167.5896733887564,0.0004936009012990183,0.01614645007216442
SEX_30E,541.251995636972,Q20E,41,12,0.016746751010363273,1.1191594628851504,1.5735336244074867,1.5735321428098712,426.46867996542755,187.71774464486566,271.02609906160353,168.7817933807118,0.00043989251359910497,0.015240709030791555
SEX_30E,541.251995636972,Q16E,33,13,0.01660382552809809,1.1289119140512582,1.5732693474962927,1.5732685747381605,426.46867996542755,187.71774464486566,271.0716258751952,167.93258978952804,0.00041769091689936033,0.0149327098906884
SEX_30E,541.251995636972,Q34W,70,14,0.015697433611902845,1.1219577689956708,1.5735187591153132,1.5735169876436335,426.46867996542755,187.71774464486566,271.02865949002285,168.5443025167338,0.0004225941501001529,0.015350367975699886
SEX_30E,541.251995636972,Q24E,49,15,0.015319864835222607,1.1207126439362014,1.5734499306484822,1.5734494074280168,426.46867996542755,187.71774464486566,271.0405152769384,168.64166104778428,0.0004925656637002618,0.015548847382513609
SEX_30W,227.44579777919486,Q01E,3,1,0.10222465251690568,1.6298110328605233,1.6447934655188972,1.6422554206305378,368.69381491890323,192.42412736952664,224.15812237105902,140.44494879968056,0.003307754480699643,0.12442663319088831
SEX_30W,227.44579777919486,Q00E,1,2,0.05981407074919363,1.8933759844414197,1.615034552823359,1.615030942793072,368.69381491890323,192.42412736952664,228.2884996326319,120.58748613239891,0.00738780564499919,0.1076620105801478
SEX_30W,227.44579777919486,Q00W,2,3,0.05500909177788774,1.9308763417831685,1.614885888164864,1.6148522714983828,368.69381491890323,192.42412736952664,228.30951562644603,118.34274738291332,0.007391830282280409,0.10763171022270224
SEX_30W,227.44579777919486,Q48W,102,4,0.0320476167723133,1.200396760859853,1.618282737450902,1.6182597807865444,368.69381491890323,192.42412736952664,227.83028353850264,170.86403986409815,0.0009791905211997687,0.0340151034950531
SEX_30W,227.44579777919486,Q06E,13,5,0.027094696916146854,1.214180161512779,1.6135725179614206,1.613552534289904,368.69381491890323,192.42412736952664,228.49534856029223,169.19654631164465,0.0008040407854004172,0.027665978720859297
SEX_30W,227.44579777919486,Q16W,34,6,0.01758096561859353,1.1992501572800052,1.6135616508853614,1.6135397642810956,368.69381491890323,192.42412736952664,228.49688743941135,170.4632510968179,0.0004936009012990183,0.01614645007216442
SEX_30W,227.44579777919486,Q45W,94,7,0.01654980503233644,1.1930538449732708,1.6150480189886938,1.6150249704679085,368.69381491890323,192.42412736952664,228.28659617797052,171.14973920679432,0.0005829007569992939,0.020058241873739613
SEX_30W,227.44579777919486,Q01W,4,8,0.016472336916524066,1.5812640131874147,1.6499251592951407,1.6478542296096272,368.69381491890323,192.42412736952664,223.46093266218918,144.25215399796866,0.0032366531962004785,0.12099320014111448
SEX_30W,227.44579777919486,Q34E,69,9,0.015177631574474548,1.1956524558920947,1.614501403739676,1.6144784900249876,368.69381491890323,192.42412736952664,228.36388625299193,170.8696714034281,0.0004636479630999446,0.015059127700880914
SEX_30W,227.44579777919486,Q14E,29,10,0.014891768900992076,1.1912355018259788,1.6144865777674793,1.614463415832685,368.69381491890323,192.42412736952664,228.36598333863822,171.24587066364074,0.0004551897879991884,0.014998701957456229
SEX_30W,227.44579777919486,Q20W,42,11,0.013301549191163232,1.1896003344797492,1.6142928554513936,1.614269808119544,368.69381491890323,192.42412736952664,228.39338827142853,171.36535464268331,0.0004030048136005604,0.013426276428916584
SEX_30W,227.44579777919486,Q24E,49,12,0.01319485896744672,1.1917883061779548,1.6145213269885774,1.6144983289699564,368.69381491890323,192.42412736952664,228.36106823475345,171.20221859714684,0.0004925656637002618,0.015548847382513609
SEX_30W,227.44579777919486,Q24W,50,13,0.012585496045347866,1.1918675342557208,1.614630883878513,1.6146082818585774,368.69381491890323,192.42412736952664,228.345573344455,171.20701951837475,0.0004682889442992888,0.017291241677299674
SEX_30W,227.44579777919486,Q10E,21,14,0.012546752551127863,1.1920883558559225,1.6141633972032396,1.6141404081565986,368.69381491890323,192.42412736952664,228.41170575278562,171.13859423723548,0.0003643361405991641,0.01257996745430301
SEX_30W,227.44579777919486,Q02E,5,15,0.012509006546994356,1.2018654117071677,1.616640025760477,1.6165708855867338,368.69381491890323,192.42412736952664,228.06178805666246,170.56917646857897,0.00037642751589928025,0.013256954787921438
SEX_31E,532.8232536369719,Q01W,4,1,0.11147253371582001,1.5632174557084326,1.8609385064915005,1.8589711678617251,334.41810634527184,96.91987106657417,179.7040069721397,82.87039916687674,0.0032366531962004785,0.12099320014111448
SEX_31E,532.8232536369719,Q01E,3,2,0.10698035485366687,1.4005677247144064,1.8257141588608545,1.8221897330451213,334.41810634527184,96.91987106657417,183.17111948889655,88.41072517824108,0.003307754480699643,0.12442663319088831
SEX_31E,532.8232536369719,Q00E,1,3,0.09065870916915174,1.972349849493952,1.7465964816675752,1.7461532493915,334.41810634527184,96.91987106657417,191.46844154064928,63.272165016695325,0.00738780564499919,0.1076620105801478
SEX_31E,532.8232536369719,Q00W,2,4,0.08876379291524307,2.003431465580796,1.7507792532303423,1.750784819028643,334.41810634527184,96.91987106657417,191.0110059439195,62.314507964470614,0.007391830282280409,0.10763171022270224
SEX_31E,532.8232536369719,Q48W,102,5,0.03221070337983192,1.1729910691977068,1.7184779484326578,1.7184769401027715,334.41810634527184,96.91987106657417,194.6013369856033,92.64765170139982,0.0009791905211997687,0.0340151034950531
SEX_31E,532.8232536369719,Q06W,14,6,0.029657230743252435,1.1713560682058244,1.7185146124731008,1.7185131467457009,334.41810634527184,96.91987106657417,194.59718521916633,92.72548156450272,0.0007945838924001691,0.027127415637041574
SEX_31E,532.8232536369719,Q06E,13,7,0.026755440207330103,1.167334911720502,1.7185511918348053,1.718549912162431,334.41810634527184,96.91987106657417,194.59304321812579,92.91403721062866,0.0008040407854004172,0.027665978720859297
SEX_31E,532.8232536369719,Q48E,101,8,0.026428933649648673,1.1702974723864088,1.7184873861306795,1.718485760430977,334.41810634527184,96.91987106657417,194.60026826163832,92.77313172408704,0.0009820247937000204,0.034229974482566705
SEX_31E,532.8232536369719,Q45W,94,9,0.01915025648039486,1.167082208524704,1.7184679762183226,1.7184665290510839,334.41810634527184,96.91987106657417,194.6024662508961,92.92130871666262,0.0005829007569992939,0.020058241873739613
SEX_31E,532.8232536369719,Q16W,34,10,0.018560034412774446,1.1648554141360847,1.7185022674007524,1.7185008360825322,334.41810634527184,96.91987106657417,194.5985831319744,93.02667391585133,0.0004936009012990183,0.01614645007216442
SEX_31E,532.8232536369719,Q45E,93,11,0.017595190437582387,1.166720594797539,1.7184720689590811,1.7184706345712413,334.41810634527184,96.91987106657417,194.60200278252805,92.93832938923907,0.0005855869624991072,0.02004756661888707
SEX_31E,532.8232536369719,Q24W,50,12,0.015481409966376243,1.1648412767454488,1.7184687164156136,1.718467229844143,334.41810634527184,96.91987106657417,194.60238242963302,93.0255255036709,0.0004682889442992888,0.017291241677299674
SEX_31E,532.8232536369719,Q24E,49,13,0.015411831476756557,1.1663868984713446,1.7184674322051414,1.7184658534111212,334.41810634527184,96.91987106657417,194.60252785596626,92.9536123180231,0.0004925656637002618,0.015548847382513609
SEX_31E,532.8232536369719,Q14E,29,14,0.014973964923454056,1.167699074690212,1.7184789631160413,1.7184773408946947,334.41810634527184,96.91987106657417,194.60122208239684,92.89328014872686,0.0004551897879991884,0.014998701957456229
SEX_31E,532.8232536369719,Q20E,41,15,0.014897073198547127,1.1645166951098105,1.718470184968873,1.7184686567039344,334.41810634527184,96.91987106657417,194.60221612825316,93.04071045898314,0.00043989251359910497,0.015240709030791555
SEX_31W,235.87723977919484,Q01W,4,1,0.12121190896334007,1.30411728545171,1.7749891695181172,1.7742502769493316,415.4651609331544,122.97122073125652,234.0663075966525,113.86020059512855,0.0032366531962004785,0.12099320014111448
SEX_31W,235.87723977919484,Q01E,3,2,0.0570715242560215,1.3879238736130972,1.7828194816771583,1.7823115359342867,415.4651609331544,122.97122073125652,233.03826618627272,109.63206225812024,0.003307754480699643,0.12442663319088831
SEX_31W,235.87723977919484,Q00W,2,3,0.044298411393550036,1.5927652418358065,1.7335965761358163,1.7334114243968857,415.4651609331544,122.97122073125652,239.65504238548135,96.18543803031838,0.007391830282280409,0.10763171022270224
SEX_31W,235.87723977919484,Q00E,1,4,0.0370040241538878,1.6113457468191683,1.7338920041846522,1.7339041083457376,415.4651609331544,122.97122073125652,239.61420891869406,95.2557235854253,0.00738780564499919,0.1076620105801478
SEX_31W,235.87723977919484,Q48E,101,5,0.03686108949027821,1.2065304546517979,1.721481050374007,1.7214795846080364,415.4651609331544,122.97122073125652,241.3416986744588,115.79392745408484,0.0009820247937000204,0.034229974482566705
SEX_31W,235.87723977919484,Q06W,14,6,0.030433182532576545,1.1999209273236389,1.721680605750645,1.721679713584723,415.4651609331544,122.97122073125652,241.3137254061205,116.1905374412046,0.0007945838924001691,0.027127415637041574
SEX_31W,235.87723977919484,Q45E,93,7,0.019925769337524706,1.2011297131296672,1.72148383812569,1.7214829066158914,415.4651609331544,122.97122073125652,241.3413078484099,116.10707920082646,0.0005855869624991072,0.02004756661888707
SEX_31W,235.87723977919484,Q34W,70,8,0.01696086331926605,1.1999550289916954,1.7214890497632083,1.721488148121462,415.4651609331544,122.97122073125652,241.34057721151456,116.17563338548067,0.0004225941501001529,0.015350367975699886
SEX_31W,235.87723977919484,Q20E,41,9,0.016373938871944323,1.1999310480663397,1.7214844687365456,1.7214835252612883,415.4651609331544,122.97122073125652,241.34121944072956,116.17672653669183,0.00043989251359910497,0.015240709030791555
SEX_31W,235.87723977919484,Q14W,30,10,0.014468098737069135,1.2000064397352688,1.7214852544732482,1.7214842560248624,415.4651609331544,122.97122073125652,241.34110928547062,116.17241290391088,0.0004140267502990014,0.014760793096466829
SEX_31W,235.87723977919484,Q02W,6,11,0.014316791223607449,1.2044992559451586,1.72638663846227,1.7263754628682662,415.4651609331544,122.97122073125652,240.6559177863067,116.24397685760057,0.00036923420250012384,0.012939214087367756
SEX_31W,235.87723977919484,Q16E,33,12,0.013534264131536354,1.198386000889741,1.7215493214710742,1.7215484216894392,415.4651609331544,122.97122073125652,241.33212784059938,116.27087298056016,0.00041769091689936033,0.0149327098906884
SEX_31W,235.87723977919484,Q48W,102,13,0.01313920637299739,1.203757935916471,1.7215207421241492,1.7215199485760888,415.4651609331544,122.97122073125652,241.33613424867622,115.95706822695695,0.0009791905211997687,0.0340151034950531
SEX_31W,235.87723977919484,Q30E,61,14,0.013112434206217324,1.1989992208562157,1.7214836741797828,1.7214827598645719,415.4651609331544,122.97122073125652,241.34133083260676,116.23080303204968,0.000341779769600592,0.011778350933844939
SEX_31W,235.87723977919484,Q24W,50,15,0.012842906657509994,1.199973088284196,1.7214856516429817,1.7214846567587643,415.4651609331544,122.97122073125652,241.34105360485316,116.17437602691433,0.0004682889442992888,0.017291241677299674
SEX_32E,524.6217116369718,Q01W,4,1,0.12312494783516523,1.6694633576521056,1.4602333568988872,1.4459177491346575,329.89938804360344,323.4322867214953,205.45267283896655,225.92237499916737,0.0032366531962004785,0.12099320014111448
SEX_32E,524.6217116369718,Q00W,2,2,0.10119306385019605,2.796778511450654,1.5596116589047766,1.559542333032182,329.89938804360344,323.4322867214953,211.52662341295417,124.63766017907689,0.007391830282280409,0.10763171022270224
SEX_32E,524.6217116369718,Q00E,1,3,0.09970299988582698,2.8066084395890982,1.5597470095474109,1.5599552822314942,329.89938804360344,323.4322867214953,211.5082677025486,123.99586797633837,0.00738780564499919,0.1076620105801478
SEX_32E,524.6217116369718,Q01E,3,4,0.058831743757391905,1.87204279046707,1.5986606431128096,1.5989004454997393,329.89938804360344,323.4322867214953,206.35986096539193,202.78137274430338,0.003307754480699643,0.12442663319088831
SEX_32E,524.6217116369718,Q48E,101,5,0.032011045779829286,1.3112685689446408,1.2632217477814967,1.263401694311053,329.89938804360344,323.4322867214953,212.09242965260034,261.15714728865413,0.0009820247937000204,0.034229974482566705
SEX_32E,524.6217116369718,Q06W,14,6,0.030650277106341186,1.2806355816477648,1.2418197952809475,1.2419983111866728,329.89938804360344,323.4322867214953,211.7171660062072,265.6580200261403,0.0007945838924001691,0.027127415637041574
SEX_32E,524.6217116369718,Q20E,41,7,0.01644258178520279,1.2763828429387587,1.2414159405349323,1.2415947378678265,329.89938804360344,323.4322867214953,212.0987879244157,265.74444331804546,0.00043989251359910497,0.015240709030791555
SEX_32E,524.6217116369718,Q45E,93,8,0.015684074788754138,1.2820009055397747,1.2448841877723316,1.2450629645950648,329.89938804360344,323.4322867214953,212.09475293724537,265.00407932238636,0.0005855869624991072,0.02004756661888707
SEX_32E,524.6217116369718,Q34W,70,9,0.015485291453136202,1.2766836158995005,1.2415910557813354,1.2417697046628025,329.89938804360344,323.4322867214953,212.09682360535956,265.70696245552216,0.0004225941501001529,0.015350367975699886
SEX_32E,524.6217116369718,Q02W,6,10,0.015002322744535217,1.278987092580934,1.2415587166867654,1.2416902596454842,329.89938804360344,323.4322867214953,211.85178449726052,265.7138833707163,0.00036923420250012384,0.012939214087367756
SEX_32E,524.6217116369718,Q14W,30,11,0.014716164387262582,1.2765576349668493,1.2415187418696096,1.241697276492543,329.89938804360344,323.4322867214953,212.0978407680076,265.7224389112372,0.0004140267502990014,0.014760793096466829
SEX_32E,524.6217116369718,Q48W,102,12,0.014444972530765144,1.2967151563912296,1.2532955412365738,1.253474640001708,329.89938804360344,323.4322867214953,211.9626609510198,263.22553395355226,0.0009791905211997687,0.0340151034950531
SEX_32E,524.6217116369718,Q16E,33,13,0.01371031948820994,1.2701704511034606,1.236809766774811,1.2369879334142158,329.89938804360344,323.4322867214953,211.96924405428956,266.73413883516736,0.00041769091689936033,0.0149327098906884
SEX_32E,524.6217116369718,Q24W,50,14,0.013348615567965003,1.2756526026165176,1.240940931365174,1.241119436179959,329.89938804360344,323.4322867214953,212.09508297580774,265.8461653615351,0.0004682889442992888,0.017291241677299674
SEX_32E,524.6217116369718,Q30E,61,15,0.013105670942436101,1.2731697730732705,1.2394184079728259,1.239597039443138,329.89938804360344,323.4322867214953,212.0979764427776,266.17273547129406,0.000341779769600592,0.011778350933844939
SEX_32W,244.07643177919482,Q01W,4,1,0.11003258984004335,2.558497725788932,1.8108742998512821,1.810663228437262,450.4403856734878,250.07386314545954,248.74193957608222,126.04700627795074,0.0032366531962004785,0.12099320014111448
SEX_32W,244.07643177919482,Q01E,3,2,0.10610185244591609,2.1204150714026113,1.7187432924165325,1.6933129582334714,450.4403856734878,250.07386314545954,262.07542898403057,153.5993076165798,0.003307754480699643,0.12442663319088831
SEX_32W,244.07643177919482,Q00W,2,3,0.09014301978803707,3.80161151465537,1.6834913304439352,1.683455453573219,450.4403856734878,250.07386314545954,267.56323452803707,62.940206745334656,0.007391830282280409,0.10763171022270224
SEX_32W,244.07643177919482,Q00E,1,4,0.08815868558751061,3.7495469461854256,1.6722831325239265,1.6718798868528346,450.4403856734878,250.07386314545954,269.35653234368976,64.40360700382912,0.00738780564499919,0.1076620105801478
SEX_32W,244.07643177919482,Q48W,102,5,0.03317222272343728,1.4196661634634822,1.6570270468846953,1.6570268887996484,450.4403856734878,250.07386314545954,271.83647154121064,203.76111428710226,0.0009791905211997687,0.0340151034950531
SEX_32W,244.07643177919482,Q48E,101,6,0.03229380582444418,1.3782248588880535,1.6569908605880832,1.6569897665249764,450.4403856734878,250.07386314545954,271.84240805867927,208.02276110986796,0.0009820247937000204,0.034229974482566705
SEX_32W,244.07643177919482,Q06W,14,7,0.029718227719947393,1.381171322448644,1.656838201835404,1.6568368195635468,450.4403856734878,250.07386314545954,271.86745523763346,207.69741068353702,0.0007945838924001691,0.027127415637041574
SEX_32W,244.07643177919482,Q06E,13,8,0.026899485346147327,1.3411191198640253,1.6567779067581256,1.6567762671454676,450.4403856734878,250.07386314545954,271.87734930319056,211.8910047530699,0.0008040407854004172,0.027665978720859297
SEX_32W,244.07643177919482,Q45W,94,9,0.020226134813978617,1.3618900010255501,1.6569094433814304,1.6569077733309776,450.4403856734878,250.07386314545954,271.85576584935535,209.71846979140122,0.0005829007569992939,0.020058241873739613
SEX_32W,244.07643177919482,Q45E,93,10,0.019919433074902418,1.3539474047638862,1.6569065035497361,1.6569046455223995,450.4403856734878,250.07386314545954,271.85624820016693,210.55261968681384,0.0005855869624991072,0.02004756661888707
SEX_32W,244.07643177919482,Q16W,34,11,0.018523180184999828,1.3273470626959067,1.656806609357722,1.6568039267296584,450.4403856734878,250.07386314545954,271.8726392865523,213.35890244510063,0.0004936009012990183,0.01614645007216442
SEX_32W,244.07643177919482,Q24W,50,12,0.01608369319280775,1.3480717709017043,1.6568638950210441,1.6568622968051556,450.4403856734878,250.07386314545954,271.8632393566441,211.16663965079357,0.0004682889442992888,0.017291241677299674
SEX_32W,244.07643177919482,Q24E,49,13,0.015781347598529182,1.3484742914915202,1.6568771106226565,1.6568750405176553,450.4403856734878,250.07386314545954,271.86107091805485,211.12586815466375,0.0004925656637002618,0.015548847382513609
SEX_32W,244.07643177919482,Q16E,33,14,0.015089638981715881,1.3296442449354444,1.6568218315379035,1.6568191595986588,450.4403856734878,250.07386314545954,271.87014143541177,213.115939454828,0.00041769091689936033,0.0149327098906884
SEX_32W,244.07643177919482,Q20E,41,15,0.014957798946140117,1.3369411897306804,1.6568667932027317,1.6568645430869893,450.4403856734878,250.07386314545954,271.8627638150586,212.34554046780465,0.00043989251359910497,0.015240709030791555
SEX_33E,516.1893696369717,Q01E,3,1,0.10145607668758085,3.79315273932707,2.0691099518087572,2.0676140008106785,299.93140890183827,187.03971280181423,144.95672820076416,58.30211121816616,0.003307754480699643,0.12442663319088831
SEX_33E,516.1893696369717,Q00W,2,2,0.0840822993471812,4.773057105957321,1.5821105656275574,1.5810991114700088,299.93140890183827,187.03971280181423,189.57676879104082,28.026108537660253,0.007391830282280409,0.10763171022270224
SEX_33E,516.1893696369717,Q00E,1,3,0.0824577107577388,4.8462980895131835,1.6235708670770745,1.623349814128494,299.93140890183827,187.03971280181423,184.73564350277286,27.087918398351064,0.00738780564499919,0.1076620105801478
SEX_33E,516.1893696369717,Q01W,4,4,0.07913010502802875,2.9646569399941356,1.7397092137338561,1.6757855638784185,299.93140890183827,187.03971280181423,172.40318470125797,85.89589366679486,0.0032366531962004785,0.12099320014111448
SEX_33E,516.1893696369717,Q48W,102,5,0.028581827180705097,1.1808146246545306,1.546007040586314,1.546006297660828,299.93140890183827,187.03971280181423,194.00390879726592,160.2264522922668,0.0009791905211997687,0.0340151034950531
SEX_33E,516.1893696369717,Q06E,13,6,0.02154825152114987,1.3112497297006627,1.5460898225529338,1.5460891559553558,299.93140890183827,187.03971280181423,193.9935212862249,150.11841652351308,0.0008040407854004172,0.027665978720859297
SEX_33E,516.1893696369717,Q34E,69,7,0.014821922410155586,1.1786886690895457,1.5460583556859557,1.546056607071098,299.93140890183827,187.03971280181423,193.99746962899377,160.402231336106,0.0004636479630999446,0.015059127700880914
SEX_33E,516.1893696369717,Q06W,14,8,0.013915482286732471,1.2643347712894837,1.5460423908281171,1.5460411543151629,299.93140890183827,187.03971280181423,193.99947290008262,153.67674331308862,0.0007945838924001691,0.027127415637041574
SEX_33E,516.1893696369717,Q45W,94,9,0.012603518753360746,1.1549501111745286,1.5460440178843173,1.5460426270833534,299.93140890183827,187.03971280181423,193.9992687351031,162.3158998125547,0.0005829007569992939,0.020058241873739613
SEX_33E,516.1893696369717,Q28W,58,10,0.012063239743333815,1.1451899887856811,1.5460517816662385,1.546051856804151,299.93140890183827,187.03971280181423,193.99829453227682,163.1106976524761,0.0004294453712994084,0.013388524451245942
SEX_33E,516.1893696369717,Q28E,57,11,0.012008912013848452,1.1267515713495442,1.546041607851112,1.5460408564331776,299.93140890183827,187.03971280181423,193.99957114913715,164.62034864660842,0.00031675270289888147,0.012399677096547768
SEX_33E,516.1893696369717,Q14E,29,12,0.011995905028329177,1.1514704310201012,1.5460458617183017,1.5460433744358366,299.93140890183827,187.03971280181423,193.99903736910454,162.59879045937237,0.0004551897879991884,0.014998701957456229
SEX_33E,516.1893696369717,Q02E,5,13,0.01197709692984303,1.337122047715539,1.6021891043179177,1.6015865011969337,299.93140890183827,187.03971280181423,187.20100398481034,153.59400109570066,0.00037642751589928025,0.013256954787921438
SEX_33E,516.1893696369717,Q26E,53,14,0.011747294450360655,1.1402302506874875,1.5460525541252188,1.5460520735805452,299.93140890183827,187.03971280181423,193.9981976043138,163.5157972105784,0.00034297696289975477,0.011746809617793286
SEX_33E,516.1893696369717,Q38W,78,15,0.011228926206684859,1.153090555184889,1.5460531363513874,1.5460534406188535,299.93140890183827,187.03971280181423,193.99812454678127,162.46776923451606,0.00034638237739947897,0.011411448038224803
SEX_33W,252.50912377919482,Q01W,4,1,0.12379851901269424,1.8861532675966473,1.579575162004336,1.5796566755893526,371.7397965758006,343.3336654986997,235.34163205256843,211.1962761261397,0.0032366531962004785,0.12099320014111448
SEX_33W,252.50912377919482,Q00E,1,2,0.09984128301742601,1.9007093570982292,1.5800826420620657,1.58043303295043,371.7397965758006,343.3336654986997,235.26604664846298,209.72362171018284,0.00738780564499919,0.1076620105801478
SEX_33W,252.50912377919482,Q00W,2,3,0.09984091264027699,1.9166075723127776,1.5792311339049658,1.5794384473465717,371.7397965758006,343.3336654986997,235.3929001238719,207.95649606132807,0.007391830282280409,0.10763171022270224
SEX_33W,252.50912377919482,Q01E,3,4,0.08369353155339422,1.8165050724242704,1.6061404583918486,1.6059425966106775,371.7397965758006,343.3336654986997,231.4491205507679,222.35410911039583,0.003307754480699643,0.12442663319088831
SEX_33W,252.50912377919482,Q48E,101,5,0.03725817610935771,1.7303519854623985,1.5816656650426582,1.5807748990087722,371.7397965758006,343.3336654986997,235.03057870689418,228.60785811593314,0.0009820247937000204,0.034229974482566705
SEX_33W,252.50912377919482,Q06W,14,6,0.0322993504627206,1.736067305513778,1.5777514021189243,1.5771864149314534,371.7397965758006,343.3336654986997,235.61366896999937,227.3909271718139,0.0007945838924001691,0.027127415637041574
SEX_33W,252.50912377919482,Q48W,102,7,0.024530868368667098,1.7392168517062672,1.5789324499967834,1.578347172386693,371.7397965758006,343.3336654986997,235.4374289897949,227.2033112632223,0.0009791905211997687,0.0340151034950531
SEX_33W,252.50912377919482,Q45E,93,8,0.021448579791936484,1.7263552863164122,1.5789080830111135,1.578102077856795,371.7397965758006,343.3336654986997,235.44106245048846,228.66561830881042,0.0005855869624991072,0.02004756661888707
SEX_33W,252.50912377919482,Q06E,13,9,0.019154511532824183,1.7280134420356532,1.5788547996846036,1.5780845398415382,371.7397965758006,343.3336654986997,235.4490081355552,228.46840470931627,0.0008040407854004172,0.027665978720859297
SEX_33W,252.50912377919482,Q45W,94,10,0.01739184687425083,1.7274360512753262,1.5784307826124424,1.577676899224562,371.7397965758006,343.3336654986997,235.5122572815885,228.47293377259098,0.0005829007569992939,0.020058241873739613
SEX_33W,252.50912377919482,Q34W,70,11,0.01699285028558994,1.7245852931005672,1.5784813448578423,1.5776588406844978,371.7397965758006,343.3336654986997,235.5047133035832,228.80624146286792,0.0004225941501001529,0.015350367975699886
SEX_33W,252.50912377919482,Q20E,41,12,0.016901474598455538,1.724809175951897,1.578460602719871,1.5776459181856095,371.7397965758006,343.3336654986997,235.50780800943002,228.77760505013,0.00043989251359910497,0.015240709030791555
SEX_33W,252.50912377919482,Q16W,34,13,0.01676507399459189,1.7255973629944847,1.5779544808700507,1.577189630986497,371.7397965758006,343.3336654986997,235.58334608665717,228.61406060335025,0.0004936009012990183,0.01614645007216442
SEX_33W,252.50912377919482,Q16E,33,14,0.015296507011678766,1.7263473734755905,1.577719779683124,1.5769835739034814,371.7397965758006,343.3336654986997,235.61839140437374,228.49432467760883,0.00041769091689936033,0.0149327098906884
SEX_33W,252.50912377919482,Q02W,6,15,0.01521912327074695,1.7259279711860742,1.577701499687999,1.5769389624486752,371.7397965758006,343.3336654986997,235.62112139039903,228.53978313192252,0.00036923420250012384,0.012939214087367756
SEX_34E,510.2408696369717,Q01E,3,1,0.10587202057791195,2.420565840478176,2.2393686158074413,2.2385598375309694,233.59174114177986,378.60926977061746,155.94939877719324,169.06965074800945,0.003307754480699643,0.12442663319088831
SEX_34E,510.2408696369717,Q00W,2,2,0.05294043227920658,3.4422259691383488,2.3969757162882153,2.3964450376283106,233.59174114177986,378.60926977061746,157.95290173273204,100.18289254443037,0.007391830282280409,0.10763171022270224
SEX_34E,510.2408696369717,Q00E,1,3,0.0517805787134559,3.3731531175412357,2.3960796977523136,2.395788984112257,233.59174114177986,378.60926977061746,158.01196851915188,103.64683700295433,0.00738780564499919,0.1076620105801478
SEX_34E,510.2408696369717,Q01W,4,4,0.03763166052526545,2.377786114833029,2.161400330144855,2.153793073903101,233.59174114177986,378.60926977061746,153.93018833856982,175.16850742094752,0.0032366531962004785,0.12099320014111448
SEX_34E,510.2408696369717,Q48W,102,5,0.032258029628077826,1.5746748973979834,1.4834006533898807,1.4834090467505694,233.59174114177986,378.60926977061746,157.67964058167652,255.23062087468827,0.0009791905211997687,0.0340151034950531
SEX_34E,510.2408696369717,Q06E,13,6,0.02610561792071098,1.6209653067616117,1.5227759432657286,1.5227842338198778,233.59174114177986,378.60926977061746,158.16159168172658,248.6309765037765,0.0008040407854004172,0.027665978720859297
SEX_34E,510.2408696369717,Q45W,94,7,0.017500919692174603,1.5649739277497403,1.4793796069601968,1.4793880411385765,233.59174114177986,378.60926977061746,158.0168137718522,255.92435368808222,0.0005829007569992939,0.020058241873739613
SEX_34E,510.2408696369717,Q16W,34,8,0.015771166518857682,1.5860901548250155,1.4966209037263716,1.4966292998799027,233.59174114177986,378.60926977061746,158.17943497845846,252.9760668369222,0.0004936009012990183,0.01614645007216442
SEX_34E,510.2408696369717,Q34E,69,9,0.014705317530397487,1.571219177875534,1.4846541174108405,1.4846624807782967,233.59174114177986,378.60926977061746,158.08578033163977,255.0151347243709,0.0004636479630999446,0.015059127700880914
SEX_34E,510.2408696369717,Q14E,29,10,0.014389400663903118,1.5630826141486551,1.4786497440029625,1.4786580853684286,233.59174114177986,378.60926977061746,158.08829721019256,256.0506781989197,0.0004551897879991884,0.014998701957456229
SEX_34E,510.2408696369717,Q20W,42,11,0.012776099437819478,1.5589824950421516,1.475826284497823,1.475834698594531,233.59174114177986,378.60926977061746,158.11022783827335,256.54053850887084,0.0004030048136005604,0.013426276428916584
SEX_34E,510.2408696369717,Q02E,5,12,0.01277054060910142,1.5885400419138875,1.4967369692756531,1.4967437058860813,233.59174114177986,378.60926977061746,157.99832467079483,252.95644962511062,0.00037642751589928025,0.013256954787921438
SEX_34E,510.2408696369717,Q18E,37,13,0.011641577311689487,1.5602232855344056,1.4769146692682904,1.476923044082666,233.59174114177986,378.60926977061746,158.12870057732187,256.35148573491546,0.00034369866659922366,0.011846036281043304
SEX_34E,510.2408696369717,Q10E,21,14,0.011338784044998726,1.5658890411782949,1.4810896350111382,1.481098025726449,233.59174114177986,378.60926977061746,158.12709698977477,255.62887000270598,0.0003643361405991641,0.01257996745430301
SEX_34E,510.2408696369717,Q30W,62,15,0.010772724550082137,1.5599557624952922,1.4767901304309747,1.4767985568067301,233.59174114177986,378.60926977061746,158.13650883624575,256.3731040510998,0.0003290500905990257,0.010980174258645503
SEX_34W,258.45162377919485,Q01W,4,1,0.11484483789755053,3.6697432320669208,1.8244822785463146,1.8239085701014353,314.2988170059336,298.0550804709943,172.2673991968594,86.89088892735832,0.0032366531962004785,0.12099320014111448
SEX_34W,258.45162377919485,Q00E,1,2,0.08572658474682528,4.743494138444305,1.6763831180250517,1.6761578000200739,314.2988170059336,298.0550804709943,187.48626947294082,46.72811465160292,0.00738780564499919,0.1076620105801478
SEX_34W,258.45162377919485,Q00W,2,3,0.08464958439160762,4.7545240484818265,1.683112342054521,1.6830619936351066,314.2988170059336,298.0550804709943,186.73668367393654,46.58380270761185,0.007391830282280409,0.10763171022270224
SEX_34W,258.45162377919485,Q01E,3,4,0.06109895135317916,3.280637264690334,1.747125489199919,1.7332921503362804,314.2988170059336,298.0550804709943,179.894815197198,102.73918057416361,0.003307754480699643,0.12442663319088831
SEX_34W,258.45162377919485,Q48E,101,5,0.036341851923113545,1.6917046357865004,1.4671275094287575,1.4671163448124387,314.2988170059336,298.0550804709943,187.6796465918955,214.22733537885154,0.0009820247937000204,0.034229974482566705
SEX_34W,258.45162377919485,Q06W,14,6,0.031859708227674824,1.8235787446922984,1.5672848358888407,1.5672678123170989,314.2988170059336,298.0550804709943,187.69822078359155,200.53713901193206,0.0007945838924001691,0.027127415637041574
SEX_34W,258.45162377919485,Q48W,102,7,0.024849087533589272,1.7153866211422866,1.484800693339591,1.484779385921166,314.2988170059336,298.0550804709943,187.70488093587127,211.67744493640927,0.0009791905211997687,0.0340151034950531
SEX_34W,258.45162377919485,Q45E,93,8,0.022520659277716088,1.6585127946567297,1.4432084313554259,1.4431927355241645,314.2988170059336,298.0550804709943,187.70969340155284,217.7778414935893,0.0005855869624991072,0.02004756661888707
SEX_34W,258.45162377919485,Q45W,94,9,0.01914477333315876,1.65628856837845,1.4416381009965407,1.44162058624456,314.2988170059336,298.0550804709943,187.71418734015344,218.0150599437353,0.0005829007569992939,0.020058241873739613
SEX_34W,258.45162377919485,Q20E,41,10,0.017091557670276654,1.64298907629734,1.4320767503407097,1.4320604423759788,314.2988170059336,298.0550804709943,187.7133394193691,219.47065122812572,0.00043989251359910497,0.015240709030791555
SEX_34W,258.45162377919485,Q06E,13,11,0.0166577512483197,1.8032986842261636,1.5513409406207965,1.5513293119829712,314.2988170059336,298.0550804709943,187.68225160523008,202.59815800397902,0.0008040407854004172,0.027665978720859297
SEX_34W,258.45162377919485,Q16W,34,12,0.016616140777404736,1.7034472610792903,1.4759374657596291,1.4759193101121244,314.2988170059336,298.0550804709943,187.70155191177773,212.94859998975068,0.0004936009012990183,0.01614645007216442
SEX_34W,258.45162377919485,Q24W,50,13,0.0165425094833902,1.6501147573061274,1.43720326969873,1.4371871626503787,314.2988170059336,298.0550804709943,187.71526903927523,218.6877970795444,0.0004682889442992888,0.017291241677299674
SEX_34W,258.45162377919485,Q16E,33,14,0.016465438826925822,1.6895639389970185,1.4658192992192485,1.4658016789158272,314.2988170059336,298.0550804709943,187.713365471707,214.41852837750272,0.00041769091689936033,0.0149327098906884
SEX_34W,258.45162377919485,Q34W,70,15,0.015835751721524047,1.6594674528173812,1.443908482206965,1.4438928965854276,314.2988170059336,298.0550804709943,187.71111323368936,217.67225615680192,0.0004225941501001529,0.015350367975699886
SEX_35E,502.3224176369717,Q01E,3,1,0.07855565394614754,2.243298593264228,1.7373422299067112,1.7363197196789297,339.7842672346681,207.10447644677217,195.5770494641768,117.32903784640945,0.003307754480699643,0.12442663319088831
SEX_35E,502.3224176369717,Q01W,4,2,0.04262392368274944,2.371709592778238,1.713439633909026,1.7016556881242408,339.7842672346681,207.10447644677217,198.30536221430063,110.16895059987846,0.0032366531962004785,0.12099320014111448
SEX_35E,502.3224176369717,Q48W,102,3,0.027695584783616875,1.171427688107478,1.6404049480977632,1.6402893585027802,339.7842672346681,207.10447644677217,207.13438326840378,189.1333621548921,0.0009791905211997687,0.0340151034950531
SEX_35E,502.3224176369717,Q00E,1,4,0.027509933809214338,3.149876937527935,1.6483412779824458,1.6479864170096554,339.7842672346681,207.10447644677217,206.13708567109407,70.79047821928465,0.00738780564499919,0.1076620105801478
SEX_35E,502.3224176369717,Q48E,101,5,0.026736218563537462,1.139478417251624,1.6405900828161257,1.640479991572892,339.7842672346681,207.10447644677217,207.11100889468833,192.19995626982467,0.0009820247937000204,0.034229974482566705
SEX_35E,502.3224176369717,Q00W,2,6,0.025238445263399165,3.24935431361628,1.6474688067772199,1.6468152341581774,339.7842672346681,207.10447644677217,206.24625233381772,67.4361442730614,0.007391830282280409,0.10763171022270224
SEX_35E,502.3224176369717,Q06E,13,7,0.02455511228130411,1.195277850409127,1.6401448012473967,1.6400770150510053,339.7842672346681,207.10447644677217,207.16723729285874,186.86088334581018,0.0008040407854004172,0.027665978720859297
SEX_35E,502.3224176369717,Q45W,94,8,0.019730189927913873,1.1327265945795943,1.6402270893157287,1.6400924609521481,339.7842672346681,207.10447644677217,207.1568439809268,192.80757959430795,0.0005829007569992939,0.020058241873739613
SEX_35E,502.3224176369717,Q45E,93,9,0.01939778719735012,1.1221184570335652,1.6402586997779616,1.6401220384818576,339.7842672346681,207.10447644677217,207.15285173043983,193.83651285010663,0.0005855869624991072,0.02004756661888707
SEX_35E,502.3224176369717,Q06W,14,10,0.018465434462861634,1.23620034904377,1.6401033733194603,1.6400403521984335,339.7842672346681,207.10447644677217,207.17247020044067,183.07203313640412,0.0007945838924001691,0.027127415637041574
SEX_35E,502.3224176369717,Q16W,34,11,0.018458627778387478,1.151994126331921,1.6400976995208971,1.6399993651914664,339.7842672346681,207.10447644677217,207.17318689851547,190.94362069683245,0.0004936009012990183,0.01614645007216442
SEX_35E,502.3224176369717,Q24W,50,12,0.01698220333601619,1.1170383623460864,1.6402029329193522,1.6400615913849266,339.7842672346681,207.10447644677217,207.1598949222066,194.3228598894445,0.0004682889442992888,0.017291241677299674
SEX_35E,502.3224176369717,Q24E,49,13,0.016117678739509998,1.1296224229609777,1.6401821071021239,1.6400478926935933,339.7842672346681,207.10447644677217,207.16252528507303,193.1017015791457,0.0004925656637002618,0.015548847382513609
SEX_35E,502.3224176369717,Q34E,69,14,0.013736063914368142,1.1505778666781197,1.6401669394996437,1.6400511365685488,339.7842672346681,207.10447644677217,207.16444104057123,191.08728096386548,0.0004636479630999446,0.015059127700880914
SEX_35E,502.3224176369717,Q16E,33,15,0.013647462404988117,1.1470595373368582,1.640082697604791,1.6399764626948707,339.7842672346681,207.10447644677217,207.17508192172,191.41364747498343,0.00041769091689936033,0.0149327098906884
SEX_35W,266.3785757791949,Q00E,1,1,0.07401237566607091,2.5696310304962964,1.6647276720874604,1.664389418811309,401.2930220717977,230.94832681783672,241.05625730880192,106.4736734962461,0.00738780564499919,0.1076620105801478
SEX_35W,266.3785757791949,Q01E,3,2,0.07374426427036619,1.9419468822179837,1.692455514987576,1.688710761717045,401.2930220717977,230.94832681783672,237.10698362121707,148.54246092452593,0.003307754480699643,0.12442663319088831
SEX_35W,266.3785757791949,Q00W,2,3,0.0723816602155225,2.4629348792166468,1.6645355183068828,1.66426900426603,401.2930220717977,230.94832681783672,241.0840848142317,112.2653505269946,0.007391830282280409,0.10763171022270224
SEX_35W,266.3785757791949,Q01W,4,4,0.05870398877963373,1.7585906177674033,1.6981236113844635,1.6978261080532557,401.2930220717977,230.94832681783672,236.31555405123154,162.81407690103677,0.0032366531962004785,0.12099320014111448
SEX_35W,266.3785757791949,Q48W,102,5,0.032608909616666286,1.1586000140615837,1.6604445438487359,1.6603675915030767,401.2930220717977,230.94832681783672,241.67806359954827,214.85786311146066,0.0009791905211997687,0.0340151034950531
SEX_35W,266.3785757791949,Q06E,13,6,0.023696530058795108,1.2106672356932506,1.6599824833793333,1.6599213898962037,401.2930220717977,230.94832681783672,241.74533532116533,209.27839146264745,0.0008040407854004172,0.027665978720859297
SEX_35W,266.3785757791949,Q48E,101,7,0.021753128937378685,1.1798169277240191,1.6605641502172512,1.6604842217617095,401.2930220717977,230.94832681783672,241.66065612056997,212.6063368861693,0.0009820247937000204,0.034229974482566705
SEX_35W,266.3785757791949,Q06W,14,8,0.021652319823096042,1.1902205311266698,1.6598571629126249,1.6597954477712842,401.2930220717977,230.94832681783672,241.76358727616721,211.41269985221862,0.0007945838924001691,0.027127415637041574
SEX_35W,266.3785757791949,Q45W,94,9,0.021074629471636002,1.152430963674071,1.6600912342133647,1.6600088388754946,401.2930220717977,230.94832681783672,241.7294988380266,215.4758661139101,0.0005829007569992939,0.020058241873739613
SEX_35W,266.3785757791949,Q16W,34,10,0.018614355677591943,1.1723127479011595,1.6598810587038113,1.6598094627294393,401.2930220717977,230.94832681783672,241.7601068266689,213.31737174523502,0.0004936009012990183,0.01614645007216442
SEX_35W,266.3785757791949,Q45E,93,11,0.018056482786883387,1.1584016471208685,1.660112259776562,1.6600303383757915,401.2930220717977,230.94832681783672,241.7264372987695,214.83635418162416,0.0005855869624991072,0.02004756661888707
SEX_35W,266.3785757791949,Q24W,50,12,0.017561679301784414,1.153119065690916,1.6600446342573483,1.6599618268131537,401.2930220717977,230.94832681783672,241.73628454955585,215.39572428979415,0.0004682889442992888,0.017291241677299674
SEX_35W,266.3785757791949,Q24E,49,13,0.0164416532094969,1.1518480650565976,1.6600021649574004,1.659920307700238,401.2930220717977,230.94832681783672,241.74246910219892,215.52708750239708,0.0004925656637002618,0.015548847382513609
SEX_35W,266.3785757791949,Q16E,33,14,0.014858938265409948,1.1630333031082074,1.6598402408230213,1.6597650465541187,401.2930220717977,230.94832681783672,241.76605205861202,214.30413162359557,0.00041769091689936033,0.0149327098906884
SEX_35W,266.3785757791949,Q34E,69,15,0.01294250644357831,1.1544275892277511,1.6599422501565617,1.6598636099033741,401.2930220717977,230.94832681783672,241.7511946779767,215.24145259761028,0.0004636479630999446,0.015059127700880914
SEX_36E,491.3496046369717,Q01W,4,1,0.1228914875295491,1.5092967096501582,1.7709131705503909,1.7709072236993206,480.1694429588383,64.23691864680707,271.1422846381588,53.471296032786846,0.0032366531962004785,0.12099320014111448
SEX_36E,491.3496046369717,Q00E,1,2,0.09384484128354409,1.460496192996601,1.7210244164850068,1.7210324314427745,480.1694429588383,64.23691864680707,279.00210965020983,53.23863350912424,0.00738780564499919,0.1076620105801478
SEX_36E,491.3496046369717,Q00W,2,3,0.0934411430187864,1.4869543308496205,1.7227805319402147,1.7227978459517321,480.1694429588383,64.23691864680707,278.71770899225686,52.585142372945114,0.007391830282280409,0.10763171022270224
SEX_36E,491.3496046369717,Q01E,3,4,0.08281254287804929,1.4453738142895318,1.7661397553143958,1.7661055673573038,480.1694429588383,64.23691864680707,271.8751115329273,55.07857984343857,0.003307754480699643,0.12442663319088831
SEX_36E,491.3496046369717,Q06W,14,5,0.03208961007368289,1.3713087407538893,1.7182400669588986,1.7182255944722489,480.1694429588383,64.23691864680707,279.454223069473,55.593171708357616,0.0007945838924001691,0.027127415637041574
SEX_36E,491.3496046369717,Q48E,101,6,0.031290460948609315,1.3734080669302458,1.7223495161501285,1.7223346548316825,480.1694429588383,64.23691864680707,278.78745774674945,55.66773083133323,0.0009820247937000204,0.034229974482566705
SEX_36E,491.3496046369717,Q48W,102,7,0.02305995468876112,1.3738961846399604,1.7190128215938048,1.7189980311912922,480.1694429588383,64.23691864680707,279.3285989069256,55.54653311556001,0.0009791905211997687,0.0340151034950531
SEX_36E,491.3496046369717,Q06E,13,8,0.019040769997329687,1.370077096435594,1.719648561390197,1.7196340115548026,480.1694429588383,64.23691864680707,279.2253334429333,55.67293904784611,0.0008040407854004172,0.027665978720859297
SEX_36E,491.3496046369717,Q45E,93,9,0.016912833602633914,1.3692161207130056,1.7194361466390105,1.7194213663446274,480.1694429588383,64.23691864680707,279.2598282276592,55.69020205036672,0.0005855869624991072,0.02004756661888707
SEX_36E,491.3496046369717,Q20E,41,10,0.01687734044029058,1.3685022812344556,1.7193095448698656,1.7192947822389628,480.1694429588383,64.23691864680707,279.2803915918365,55.705955533595414,0.00043989251359910497,0.015240709030791555
SEX_36E,491.3496046369717,Q16W,34,11,0.01668328057665728,1.3678917107923922,1.7185899392404507,1.7185753054760982,480.1694429588383,64.23691864680707,279.39733149552495,55.69957649554607,0.0004936009012990183,0.01614645007216442
SEX_36E,491.3496046369717,Q34W,70,12,0.01522038608332378,1.3680623393246947,1.7192235424552644,1.7192087924456707,480.1694429588383,64.23691864680707,279.2943623102653,55.715407250048884,0.0004225941501001529,0.015350367975699886
SEX_36E,491.3496046369717,Q16E,33,13,0.015220209615084149,1.3676840916797133,1.718346100139861,1.7183314536559735,480.1694429588383,64.23691864680707,279.436978918133,55.6974772453808,0.00041769091689936033,0.0149327098906884
SEX_36E,491.3496046369717,Q02W,6,14,0.015121257634367818,1.3741399000397507,1.7235377454242264,1.7235282892108814,480.1694429588383,64.23691864680707,278.59525805780993,55.68149195636279,0.00036923420250012384,0.012939214087367756
SEX_36E,491.3496046369717,Q24W,50,15,0.014720900416650529,1.368282604812734,1.7190904148554116,1.719075650393622,480.1694429588383,64.23691864680707,279.31599106683643,55.704985158986524,0.0004682889442992888,0.017291241677299674
SEX_36W,277.3502387791949,Q00E,1,1,0.10070511654147084,1.5417224677433907,1.7278672975848062,1.7278749717663409,497.59119372219783,54.90601767194402,287.97998226931276,43.872292654417066,0.00738780564499919,0.1076620105801478
SEX_36W,277.3502387791949,Q00W,2,2,0.10004781851071949,1.5250358137753537,1.7256044510553914,1.7256090912767947,497.59119372219783,54.90601767194402,288.35762066901697,44.185144471646474,0.007391830282280409,0.10763171022270224
SEX_36W,277.3502387791949,Q01E,3,3,0.09484594407519488,1.5864780997690104,1.7845208639867627,1.784510857692647,497.59119372219783,54.90601767194402,278.8374200403234,44.32524881909614,0.003307754480699643,0.12442663319088831
SEX_36W,277.3502387791949,Q01W,4,4,0.0947059038171337,1.5297079508604767,1.7670036015346107,1.7669944758586926,497.59119372219783,54.90601767194402,281.60168620485484,45.152746302783406,0.0032366531962004785,0.12099320014111448
SEX_36W,277.3502387791949,Q48E,101,5,0.025566024466616218,1.4700658338160721,1.7233329436620903,1.7233295059634015,497.59119372219783,54.90601767194402,288.7377018771627,45.36484920936611,0.0009820247937000204,0.034229974482566705
SEX_36W,277.3502387791949,Q06E,13,6,0.018666430709948445,1.4691656800855313,1.7239680766962198,1.723964718118888,497.59119372219783,54.90601767194402,288.63132702304574,45.40188597784236,0.0008040407854004172,0.027665978720859297
SEX_36W,277.3502387791949,Q06W,14,7,0.018595153403195428,1.4685628271636446,1.7248839007323742,1.724880585459911,497.59119372219783,54.90601767194402,288.4780787338347,45.43962006600442,0.0007945838924001691,0.027127415637041574
SEX_36W,277.3502387791949,Q48W,102,8,0.015191737878156645,1.4690586269910781,1.7247155899003286,1.7247121664967238,497.59119372219783,54.90601767194402,288.5062306133347,45.42404713078528,0.0009791905211997687,0.0340151034950531
SEX_36W,277.3502387791949,Q28W,58,9,0.01297974187067414,1.4665945769172666,1.7232812606292967,1.723277916605568,497.59119372219783,54.90601767194402,288.7463614270898,45.442153469267865,0.0004294453712994084,0.013388524451245942
SEX_36W,277.3502387791949,Q28E,57,10,0.012723566120856886,1.4662097294096839,1.7236554017098686,1.7236520667110324,497.59119372219783,54.90601767194402,288.6836853982453,45.460741145520586,0.00031675270289888147,0.012399677096547768
SEX_36W,277.3502387791949,Q26E,53,11,0.01161213140435334,1.46625436299923,1.7233378953035485,1.7233345509311542,497.59119372219783,54.90601767194402,288.7368722513655,45.451372427393515,0.00034297696289975477,0.011746809617793286
SEX_36W,277.3502387791949,Q02W,6,12,0.011211654031529945,1.4683545905245197,1.725331535666548,1.72532797176419,497.59119372219783,54.90601767194402,288.40323348634746,45.456386319673804,0.00036923420250012384,0.012939214087367756
SEX_36W,277.3502387791949,Q02E,5,13,0.011046970118606085,1.4726798128978444,1.7286326563643422,1.7286313576740502,497.59119372219783,54.90601767194402,287.8524780208254,45.44259577727123,0.00037642751589928025,0.013256954787921438
SEX_36W,277.3502387791949,Q34E,69,14,0.010746942266537688,1.4666072414475977,1.7236960875940026,1.7236927402472522,497.59119372219783,54.90601767194402,288.67687134844846,45.4527956658287,0.0004636479630999446,0.015059127700880914
SEX_36W,277.3502387791949,Q25W,52,15,0.010545239589221713,1.4671456803022949,1.7233424087473648,1.723339033487656,497.59119372219783,54.90601767194402,288.73611604781365,45.43128276004239,0.000519211291528876,0.006999070036991295
SEX_37E,483.3342626369717,Q01W,4,1,0.1128031324214929,1.400692087800401,1.6971201955535726,1.695451787433316,392.8748185325449,178.02515926528383,231.49498754529617,150.1759851155859,0.0032366531962004785,0.12099320014111448
SEX_37E,483.3342626369717,Q00W,2,2,0.0980680558525763,1.5727956988666847,1.6752707550597161,1.6752313777708352,392.8748185325449,178.02515926528383,234.5142224598439,135.84284863106402,0.007391830282280409,0.10763171022270224
SEX_37E,483.3342626369717,Q00E,1,3,0.09713119940255358,1.546651648613718,1.674934338608944,1.6749726001735123,392.8748185325449,178.02515926528383,234.56132546594802,137.58994020066294,0.00738780564499919,0.1076620105801478
SEX_37E,483.3342626369717,Q01E,3,4,0.08383749464341035,1.3291704952639094,1.6881323962335373,1.6880901588218589,392.8748185325449,178.02515926528383,232.72749187747615,154.61306519010546,0.003307754480699643,0.12442663319088831
SEX_37E,483.3342626369717,Q48E,101,5,0.03295529208777683,1.2215903650536575,1.6721132179912692,1.672130378959916,392.8748185325449,178.02515926528383,234.9570676826001,161.6015918820063,0.0009820247937000204,0.034229974482566705
SEX_37E,483.3342626369717,Q06W,14,6,0.0313646625818254,1.1876641696006516,1.672303528211241,1.6723230539418588,392.8748185325449,178.02515926528383,234.93032927627596,164.38451441372274,0.0007945838924001691,0.027127415637041574
SEX_37E,483.3342626369717,Q48W,102,7,0.026732768065655336,1.2181640500749822,1.672143277199598,1.6721600636672116,392.8748185325449,178.02515926528383,234.95284398745258,161.88160918945366,0.0009791905211997687,0.0340151034950531
SEX_37E,483.3342626369717,Q06E,13,8,0.022918108937855078,1.1871614358226878,1.672317413664462,1.6723366490985216,392.8748185325449,178.02515926528383,234.9283786214118,164.42723280299202,0.0008040407854004172,0.027665978720859297
SEX_37E,483.3342626369717,Q45E,93,9,0.020890593176526563,1.1985494366475677,1.6721196911481957,1.6721384617776434,392.8748185325449,178.02515926528383,234.95615811017046,163.4744213392114,0.0005855869624991072,0.02004756661888707
SEX_37E,483.3342626369717,Q45W,94,10,0.01871641490996819,1.1976570079750317,1.6721228047850334,1.672141640193489,392.8748185325449,178.02515926528383,234.9557206015455,163.5476754687256,0.0005829007569992939,0.020058241873739613
SEX_37E,483.3342626369717,Q24W,50,11,0.018181978162974784,1.1917891081684076,1.6721218687159747,1.672140967378577,392.8748185325449,178.02515926528383,234.95585213189884,164.0280720046296,0.0004682889442992888,0.017291241677299674
SEX_37E,483.3342626369717,Q16E,33,12,0.01655031592123589,1.1818801804044625,1.6721895945324747,1.6722094563578507,392.8748185325449,178.02515926528383,234.94633611949263,164.84930834776554,0.00041769091689936033,0.0149327098906884
SEX_37E,483.3342626369717,Q20E,41,13,0.016290704761388858,1.1902595263418405,1.6721164915001703,1.6721355918797745,392.8748185325449,178.02515926528383,234.95660770624298,164.15303150426126,0.00043989251359910497,0.015240709030791555
SEX_37E,483.3342626369717,Q24E,49,14,0.01623559310837406,1.1931893156807476,1.672119129793027,1.6721382203571027,392.8748185325449,178.02515926528383,234.95623698843426,163.91301491290614,0.0004925656637002618,0.015548847382513609
SEX_37E,483.3342626369717,Q16W,34,15,0.015474274201632296,1.1832064589081739,1.6722119886171856,1.6722318009129729,392.8748185325449,178.02515926528383,234.94318974320217,164.74224396695365,0.0004936009012990183,0.01614645007216442
SEX_37W,285.365430779195,Q01W,4,1,0.11246996306772719,1.43320317582058,1.68811489115934,1.6875350885456817,364.39694183083617,162.0306985155207,215.86027333754558,133.66269841909386,0.0032366531962004785,0.12099320014111448
SEX_37W,285.365430779195,Q01E,3,2,0.0824491611453665,1.455009952283497,1.6940828416142213,1.6911793023941153,364.39694183083617,162.0306985155207,215.0998362533543,132.97922519176603,0.003307754480699643,0.12442663319088831
SEX_37W,285.365430779195,Q00E,1,3,0.0782383598030673,1.8336678474369847,1.6690747674782758,1.6688812097407772,364.39694183083617,162.0306985155207,218.32271922808218,108.15505458510961,0.00738780564499919,0.1076620105801478
SEX_37W,285.365430779195,Q00W,2,4,0.07713327457390061,1.8222883792002946,1.669394474693568,1.669321249900429,364.39694183083617,162.0306985155207,218.28090805064176,108.7685768895228,0.007391830282280409,0.10763171022270224
SEX_37W,285.365430779195,Q48E,101,5,0.03439601709879978,1.2060670455298421,1.6652338812806924,1.6652501787121556,364.39694183083617,162.0306985155207,218.82628375936417,147.62424190825277,0.0009820247937000204,0.034229974482566705
SEX_37W,285.365430779195,Q06W,14,6,0.031492139639841196,1.1731040520421914,1.6654807011962638,1.6654980238670092,364.39694183083617,162.0306985155207,218.79385427228368,150.09958148209967,0.0007945838924001691,0.027127415637041574
SEX_37W,285.365430779195,Q48W,102,7,0.030683556725260328,1.212982135749634,1.665267090136721,1.665283046360359,364.39694183083617,162.0306985155207,218.82191991251,147.11768243572837,0.0009791905211997687,0.0340151034950531
SEX_37W,285.365430779195,Q06E,13,8,0.022954535985864437,1.170642272142949,1.665484622534469,1.665501723557597,364.39694183083617,162.0306985155207,218.79333912810986,150.2848258136529,0.0008040407854004172,0.027665978720859297
SEX_37W,285.365430779195,Q45E,93,9,0.022040818156771544,1.1820587973259435,1.6652576839714566,1.6652745701594749,364.39694183083617,162.0306985155207,218.82315592250535,149.40907383516267,0.0005855869624991072,0.02004756661888707
SEX_37W,285.365430779195,Q45W,94,10,0.020930350766265027,1.1835832517821387,1.665266279932548,1.665283166979679,364.39694183083617,162.0306985155207,218.82202637622382,149.29600531681083,0.0005829007569992939,0.020058241873739613
SEX_37W,285.365430779195,Q24W,50,11,0.018161402970336943,1.1772849585972338,1.6652670372889224,1.66528407988439,364.39694183083617,162.0306985155207,218.8219268568958,149.7669486849823,0.0004682889442992888,0.017291241677299674
SEX_37W,285.365430779195,Q16E,33,12,0.016631661860592447,1.1626984375033018,1.6653463525787044,1.6653638632157113,364.39694183083617,162.0306985155207,218.81150504613407,150.87035859350877,0.00041769091689936033,0.0149327098906884
SEX_37W,285.365430779195,Q20E,41,13,0.01637326751077407,1.1741684509064072,1.6652635002170881,1.665280578430884,364.39694183083617,162.0306985155207,218.82239164152244,150.0001809626439,0.00043989251359910497,0.015240709030791555
SEX_37W,285.365430779195,Q24E,49,14,0.01620560798041899,1.176952914233354,1.665265800112398,1.665282887572584,364.39694183083617,162.0306985155207,218.8220894263492,149.79169927412687,0.0004925656637002618,0.015548847382513609
SEX_37W,285.365430779195,Q16W,34,15,0.015493555276568914,1.1643993886076416,1.6653693932673068,1.665386877682752,364.39694183083617,162.0306985155207,218.8084777491447,150.74419089798894,0.0004936009012990183,0.01614645007216442
SEX_38E,475.1322206369717,Q01W,4,1,0.11235222047676635,2.0270464952225637,1.653618264907777,1.6446996296898488,370.5256519066102,288.5898495709674,224.06964156704845,173.84382851850117,0.0032366531962004785,0.12099320014111448
SEX_38E,475.1322206369717,Q01E,3,2,0.07651599370806089,2.5114746534743944,1.6900268565278107,1.681755045747087,370.5256519066102,288.5898495709674,219.24246379602602,139.96112007466084,0.003307754480699643,0.12442663319088831
SEX_38E,475.1322206369717,Q00E,1,3,0.07475485923552137,3.249461399889846,1.6290248184009235,1.6287979427222274,370.5256519066102,288.5898495709674,227.4524290368541,92.66657098211043,0.00738780564499919,0.1076620105801478
SEX_38E,475.1322206369717,Q00W,2,4,0.07444350833555449,3.164297519752793,1.6241375864983103,1.6235958234931411,370.5256519066102,288.5898495709674,228.13686167159932,96.4876755375507,0.007391830282280409,0.10763171022270224
SEX_38E,475.1322206369717,Q06W,14,5,0.025466067891539816,1.7265761915250835,1.621039461974522,1.621055403690384,370.5256519066102,288.5898495709674,228.57287598371482,197.31059760987404,0.0007945838924001691,0.027127415637041574
SEX_38E,475.1322206369717,Q48E,101,6,0.02485441285579492,1.7951831014529063,1.6210717647949566,1.6210865589044583,370.5256519066102,288.5898495709674,228.56832125101914,190.66082235304344,0.0009820247937000204,0.034229974482566705
SEX_38E,475.1322206369717,Q48W,102,7,0.019105961025498382,1.7483951811373686,1.6209806772120172,1.6209961344930834,370.5256519066102,288.5898495709674,228.5811651647141,195.1626906394329,0.0009791905211997687,0.0340151034950531
SEX_38E,475.1322206369717,Q20E,41,8,0.01368066889895465,1.7407993263468597,1.620958229386353,1.6209734507440199,370.5256519066102,288.5898495709674,228.5843306689527,195.90260737937,0.00043989251359910497,0.015240709030791555
SEX_38E,475.1322206369717,Q34W,70,9,0.013542680087648548,1.7422102026351922,1.6209725998920006,1.6209882532863094,370.5256519066102,288.5898495709674,228.58230418657104,195.76617624240131,0.0004225941501001529,0.015350367975699886
SEX_38E,475.1322206369717,Q02W,6,10,0.013323113083579906,1.732336816496634,1.6246505041068318,1.6246339182958418,370.5256519066102,288.5898495709674,228.06483669563778,197.18269972501318,0.00036923420250012384,0.012939214087367756
SEX_38E,475.1322206369717,Q06E,13,11,0.013278367043868877,1.765978349505808,1.62118909490311,1.6212039636264364,370.5256519066102,288.5898495709674,228.55177910554264,193.4793311641742,0.0008040407854004172,0.027665978720859297
SEX_38E,475.1322206369717,Q28W,58,12,0.013141096980325503,1.7349542609895678,1.6209714002465774,1.6209872844840134,370.5256519066102,288.5898495709674,228.5824733553269,196.47754156196643,0.0004294453712994084,0.013388524451245942
SEX_38E,475.1322206369717,Q28E,57,13,0.012974063745283777,1.7202001442049095,1.6209487792188404,1.620964890211685,370.5256519066102,288.5898495709674,228.58566332069546,197.92954979563353,0.00031675270289888147,0.012399677096547768
SEX_38E,475.1322206369717,Q18W,38,14,0.012322215712875152,1.729438309856448,1.6209636621525103,1.6209796205990887,370.5256519066102,288.5898495709674,228.58356455355803,197.019223846777,0.0003812354201002677,0.012824870699141844
SEX_38E,475.1322206369717,Q14W,30,15,0.0122679229418255,1.7350317266999724,1.620966258321925,1.6209820420938186,370.5256519066102,288.5898495709674,228.58319844991095,196.46931268697583,0.0004140267502990014,0.014760793096466829
SEX_38W,293.567872779195,Q01W,4,1,0.11572450530872251,2.0751714334853943,1.5802135736250484,1.5733247446837024,296.367537792302,302.80062763191086,191.6200649620284,166.18776547774956,0.0032366531962004785,0.12099320014111448
SEX_38W,293.567872779195,Q01E,3,2,0.10317010425368858,1.8335067919785786,1.593880706272449,1.5692184859625005,296.367537792302,302.80062763191086,188.99048726565374,189.97697032173738,0.003307754480699643,0.12442663319088831
SEX_38W,293.567872779195,Q48E,101,3,0.034294225000947816,1.5833506623627471,1.4501063434799633,1.4501407468331002,296.367537792302,302.80062763191086,194.72209298713898,208.8127046636113,0.0009820247937000204,0.034229974482566705
SEX_38W,293.567872779195,Q00W,2,4,0.03200871277423012,2.7359774848229605,1.5523659748308145,1.5523810810249108,296.367537792302,302.80062763191086,195.05750096391526,117.16922503790475,0.007391830282280409,0.10763171022270224
SEX_38W,293.567872779195,Q06W,14,5,0.030331310750352503,1.5852136369705079,1.4541356402406396,1.4541450584913727,296.367537792302,302.80062763191086,195.0815794336076,208.2341008998318,0.0007945838924001691,0.027127415637041574
SEX_38W,293.567872779195,Q48W,102,6,0.029431786218765334,1.5980618494513976,1.463578756934552,1.4635719235308626,296.367537792302,302.80062763191086,195.09099674930587,206.89055932058147,0.0009791905211997687,0.0340151034950531
SEX_38W,293.567872779195,Q00E,1,7,0.0293139423653285,2.6942283163457716,1.5527165914863483,1.5526277376991287,296.367537792302,302.80062763191086,195.01345531579136,119.67926610803956,0.00738780564499919,0.1076620105801478
SEX_38W,293.567872779195,Q06E,13,8,0.02493946220754694,1.5640313150590757,1.4379521747514221,1.4379875926312893,296.367537792302,302.80062763191086,194.96459246613537,210.57767632936458,0.0008040407854004172,0.027665978720859297
SEX_38W,293.567872779195,Q45E,93,9,0.019561115409347737,1.5699562575268544,1.443282008443276,1.443311356347443,296.367537792302,302.80062763191086,195.10827376830187,209.80004313814706,0.0005855869624991072,0.02004756661888707
SEX_38W,293.567872779195,Q16W,34,10,0.018160785281274558,1.558144549449409,1.4350760163696643,1.4351108547073692,296.367537792302,302.80062763191086,195.14824841112303,210.99971303116794,0.0004936009012990183,0.01614645007216442
SEX_38W,293.567872779195,Q45W,94,11,0.01800507620153102,1.5729955449922528,1.4459320823419648,1.445954458561179,296.367537792302,302.80062763191086,195.16973348316012,209.4155260331917,0.0005829007569992939,0.020058241873739613
SEX_38W,293.567872779195,Q20E,41,12,0.015421199526743206,1.5626016533390157,1.4384875687174314,1.4385223723861809,296.367537792302,302.80062763191086,195.17658858092463,210.49930094417888,0.00043989251359910497,0.015240709030791555
SEX_38W,293.567872779195,Q16E,33,13,0.014243538476814994,1.5584361903117667,1.4358116009882702,1.43584604736691,296.367537792302,302.80062763191086,195.2197697999046,210.89161518370022,0.00041769091689936033,0.0149327098906884
SEX_38W,293.567872779195,Q24W,50,14,0.014211816731826078,1.5641879562121517,1.439900898853216,1.4399335136585258,296.367537792302,302.80062763191086,195.21344269607658,210.2926860265669,0.0004682889442992888,0.017291241677299674
SEX_38W,293.567872779195,Q24E,49,15,0.014013505951985685,1.5665919638155827,1.4416734871916232,1.4417016207544524,296.367537792302,302.80062763191086,195.21899402476393,210.03412376110612,0.0004925656637002618,0.015548847382513609
SEX_39E,466.6991786369717,Q01E,3,1,0.1064909907539319,1.7931367129913482,1.723086642973468,1.7223864446715071,536.7666545649578,292.4489397992674,311.5146047668729,205.68908388066583,0.003307754480699643,0.12442663319088831
SEX_39E,466.6991786369717,Q00E,1,2,0.10039796314066787,2.3800718124646494,1.6994622870130398,1.6991395236128972,536.7666545649578,292.4489397992674,315.84499324687823,151.29099366222536,0.00738780564499919,0.1076620105801478
SEX_39E,466.6991786369717,Q00W,2,3,0.09808823755984705,2.347940232021948,1.6989129805163816,1.698346109549034,536.7666545649578,292.4489397992674,315.94711484387415,153.75903278319112,0.007391830282280409,0.10763171022270224
SEX_39E,466.6991786369717,Q48W,102,4,0.03236979341512434,1.3429171963716868,1.6912380067503925,1.691238491389902,536.7666545649578,292.4489397992674,317.38090820009484,252.72239024290243,0.0009791905211997687,0.0340151034950531
SEX_39E,466.6991786369717,Q01W,4,5,0.031183281446802588,1.6248874214537565,1.7278865552743397,1.7258623529502197,536.7666545649578,292.4489397992674,310.6492454186232,224.48864570721113,0.0032366531962004785,0.12099320014111448
SEX_39E,466.6991786369717,Q06E,13,6,0.026849212200180134,1.3619963900641139,1.690056558996746,1.6900570453828483,536.7666545649578,292.4489397992674,317.60277589975686,250.1481151709223,0.0008040407854004172,0.027665978720859297
SEX_39E,466.6991786369717,Q45W,94,7,0.01848934455759734,1.3415275154061561,1.690469859121858,1.6904703435961905,536.7666545649578,292.4489397992674,317.52512573267046,252.78318860747726,0.0005829007569992939,0.020058241873739613
SEX_39E,466.6991786369717,Q16W,34,8,0.016896573952272616,1.347232792124096,1.6900568857884979,1.6900573622348378,536.7666545649578,292.4489397992674,317.602714487642,252.00154006838673,0.0004936009012990183,0.01614645007216442
SEX_39E,466.6991786369717,Q14E,29,9,0.014816572707398534,1.3404445858478553,1.690289679683913,1.690290161990671,536.7666545649578,292.4489397992674,317.55897288879737,252.8931414508812,0.0004551897879991884,0.014998701957456229
SEX_39E,466.6991786369717,Q34E,69,10,0.01480738154720336,1.340591741717624,1.6902915683244586,1.6902920505943506,536.7666545649578,292.4489397992674,317.5586180655449,252.87481733241896,0.0004636479630999446,0.015059127700880914
SEX_39E,466.6991786369717,Q02E,5,11,0.013167022626066137,1.352372279436274,1.6932952282094391,1.6932932994189178,536.7666545649578,292.4489397992674,316.9953151834941,251.83662573327683,0.00037642751589928025,0.013256954787921438
SEX_39E,466.6991786369717,Q20W,42,12,0.013099571244445747,1.3388080730666587,1.6902368556497427,1.6902373357706422,536.7666545649578,292.4489397992674,317.5688973830947,253.09224799760395,0.0004030048136005604,0.013426276428916584
SEX_39E,466.6991786369717,Q45E,93,13,0.012507389538184433,1.342361402281405,1.6904081439037313,1.6904086275181542,536.7666545649578,292.4489397992674,317.5367182776224,252.66858966523384,0.0005855869624991072,0.02004756661888707
SEX_39E,466.6991786369717,Q24E,49,14,0.012081897589225572,1.3409605443742052,1.6902826489913316,1.6902831322150018,536.7666545649578,292.4489397992674,317.56029376818765,252.82685697305877,0.0004925656637002618,0.015548847382513609
SEX_39E,466.6991786369717,Q10E,21,15,0.011872619481044108,1.3400130796786485,1.6902032885375629,1.6902037700459922,536.7666545649578,292.4489397992674,317.5752042403086,252.93478165565574,0.0003643361405991641,0.01257996745430301
SEX_39W,301.997314779195,Q01W,4,1,0.11070979758596838,2.4278098123204757,1.9066750130393642,1.9028556018645975,487.2502222146866,174.8879328515677,255.54969718619114,100.16738818955285,0.0032366531962004785,0.12099320014111448
SEX_39W,301.997314779195,Q00W,2,2,0.0869526103207695,3.4982633986120533,1.708291582529923,1.7077915855000432,487.2502222146866,174.8879328515677,285.2266130663041,52.40865464795308,0.007391830282280409,0.10763171022270224
SEX_39W,301.997314779195,Q00E,1,3,0.08365122758870953,3.4387596897601327,1.6973572185036936,1.6966522432121438,487.2502222146866,174.8879328515677,287.06404102975,53.811906172970424,0.00738780564499919,0.1076620105801478
SEX_39W,301.997314779195,Q01E,3,4,0.05799911832839344,2.12540722333614,1.868263966726924,1.8611971346695162,487.2502222146866,174.8879328515677,260.80373592406056,114.74358745257179,0.003307754480699643,0.12442663319088831
SEX_39W,301.997314779195,Q48E,101,5,0.03564922044279945,1.2009552854197239,1.6750143705129676,1.6750115045251361,487.2502222146866,174.8879328515677,290.8931593616524,160.6891551133215,0.0009820247937000204,0.034229974482566705
SEX_39W,301.997314779195,Q06W,14,6,0.031259714442971834,1.241491558806672,1.6746120236656405,1.6746103749374026,487.2502222146866,174.8879328515677,290.9630501446661,157.42711127574998,0.0007945838924001691,0.027127415637041574
SEX_39W,301.997314779195,Q48W,102,7,0.025379886570442413,1.2108553315054564,1.6748174690120343,1.6748127966956263,487.2502222146866,174.8879328515677,290.92735849125864,159.87734370318532,0.0009791905211997687,0.0340151034950531
SEX_39W,301.997314779195,Q45E,93,8,0.02251729542973806,1.190158286050334,1.6747567782335246,1.6747542042012213,487.2502222146866,174.8879328515677,290.9379012805795,161.53403777114363,0.0005855869624991072,0.02004756661888707
SEX_39W,301.997314779195,Q45W,94,9,0.01957325255319305,1.1916782906907883,1.6747182060986125,1.6747156695419605,487.2502222146866,174.8879328515677,290.94460216669773,161.4075978800692,0.0005829007569992939,0.020058241873739613
SEX_39W,301.997314779195,Q20E,41,10,0.01692771222494743,1.1822996581834317,1.674702204473529,1.6746999407728864,487.2502222146866,174.8879328515677,290.9473821155338,162.16462747925488,0.00043989251359910497,0.015240709030791555
SEX_39W,301.997314779195,Q24W,50,11,0.016883603889908907,1.181544934329743,1.6747030293952765,1.6747007536705243,487.2502222146866,174.8879328515677,290.94723880127526,162.22591383779283,0.0004682889442992888,0.017291241677299674
SEX_39W,301.997314779195,Q16W,34,12,0.016570881553489254,1.1896393991824539,1.6746167017826705,1.6746153075732915,487.2502222146866,174.8879328515677,290.9622373263069,161.56218203369687,0.0004936009012990183,0.01614645007216442
SEX_39W,301.997314779195,Q16E,33,13,0.016526054207453955,1.189635412498589,1.6746170381677663,1.6746155026052922,487.2502222146866,174.8879328515677,290.96217887989326,161.56256711618192,0.00041769091689936033,0.0149327098906884
SEX_39W,301.997314779195,Q06E,13,14,0.0165100868610402,1.2105516230767677,1.6746796293933408,1.674677479133246,487.2502222146866,174.8879328515677,290.95130415552666,159.88790709530156,0.0008040407854004172,0.027665978720859297
SEX_39W,301.997314779195,Q34W,70,15,0.015646996217456147,1.1807487525650515,1.6746980749843061,1.6746959298950477,487.2502222146866,174.8879328515677,290.94809953683904,162.28999667902085,0.0004225941501001529,0.015350367975699886
SEX_40E,458.4951366369716,Q01W,4,1,0.07674915119871309,2.2857553514853706,1.691535443417423,1.68538832951787,436.98695622627946,233.76030638146116,258.3374518853895,127.5707573185018,0.0032366531962004785,0.12099320014111448
SEX_40E,458.4951366369716,Q01E,3,2,0.06139250002412301,2.0172638503093694,1.6808594082710542,1.6808523021021822,436.98695622627946,233.76030638146116,259.978290912366,143.30392674590914,0.003307754480699643,0.12442663319088831
SEX_40E,458.4951366369716,Q00W,2,3,0.05920186707258001,3.254240196055001,1.5773292262836187,1.5771848488872706,436.98695622627946,233.76030638146116,277.0423250546586,72.58673998389833,0.007391830282280409,0.10763171022270224
SEX_40E,458.4951366369716,Q00E,1,4,0.0553139677623935,3.17892714190274,1.5753413537695273,1.5752640585880506,436.98695622627946,233.76030638146116,277.39191584137814,75.22595319685745,0.00738780564499919,0.1076620105801478
SEX_40E,458.4951366369716,Q48E,101,5,0.032179624239191525,1.0056260850423442,1.5722630211186985,1.572134871699449,436.98695622627946,233.76030638146116,277.9350212761183,222.27957887197985,0.0009820247937000204,0.034229974482566705
SEX_40E,458.4951366369716,Q06W,14,6,0.025503417328532438,1.0923961806891853,1.5716784327991287,1.5715902316085333,436.98695622627946,233.76030638146116,278.03839965406553,212.76344331652834,0.0007945838924001691,0.027127415637041574
SEX_40E,458.4951366369716,Q48W,102,7,0.022223882179948803,1.053750425811586,1.571921845219761,1.571801926520301,436.98695622627946,233.76030638146116,277.99534535076515,216.94942209659055,0.0009791905211997687,0.0340151034950531
SEX_40E,458.4951366369716,Q06E,13,8,0.020887457172741427,1.0483974294659433,1.5717539475255868,1.5716503844880092,436.98695622627946,233.76030638146116,278.02504133310964,217.5059612806593,0.0008040407854004172,0.027665978720859297
SEX_40E,458.4951366369716,Q45E,93,9,0.02064981993014655,1.000686430703304,1.5717944482470754,1.571666047873515,436.98695622627946,233.76030638146116,278.01787740987623,222.76268396753494,0.0005855869624991072,0.02004756661888707
SEX_40E,458.4951366369716,Q24W,50,10,0.018003264435790426,0.9933420562750612,1.571728461154702,1.5715987568721552,436.98695622627946,233.76030638146116,278.02954964958656,223.5725852664582,0.0004682889442992888,0.017291241677299674
SEX_40E,458.4951366369716,Q45W,94,11,0.017998842049648,1.0138143255352432,1.5717384029766825,1.5716136536917744,436.98695622627946,233.76030638146116,278.0277910106917,221.2977180450948,0.0005829007569992939,0.020058241873739613
SEX_40E,458.4951366369716,Q16W,34,12,0.017930960328300962,1.0166750322659297,1.5716040545305778,1.57149085274942,436.98695622627946,233.76030638146116,278.0515581940281,220.96172563730062,0.0004936009012990183,0.01614645007216442
SEX_40E,458.4951366369716,Q24E,49,13,0.01656104825840359,1.0030270775378085,1.571673146287296,1.5715475775567076,436.98695622627946,233.76030638146116,278.03933486969424,222.48486302235216,0.0004925656637002618,0.015548847382513609
SEX_40E,458.4951366369716,Q16E,33,14,0.01593091882170574,1.0164699194624163,1.5716075286165125,1.571492829555499,436.98695622627946,233.76030638146116,278.05094355265624,220.9849896395316,0.00041769091689936033,0.0149327098906884
SEX_40E,458.4951366369716,Q20E,41,15,0.014010726937988023,0.9990880596209877,1.5717071644495495,1.5715795718816867,436.98695622627946,233.76030638146116,278.0333169629109,222.92827443317793,0.00043989251359910497,0.015240709030791555
SEX_40W,310.20325677919504,Q00E,1,1,0.08917973860793496,2.773429043982688,1.5124022245436624,1.5122557769012752,339.7358673038731,271.9443087822713,224.6332766446318,102.82526278065197,0.00738780564499919,0.1076620105801478
SEX_40W,310.20325677919504,Q00W,2,2,0.08609767817017294,2.7199494896534304,1.5119471814152579,1.51179258198944,339.7358673038731,271.9443087822713,224.70088339055823,105.57897244156312,0.007391830282280409,0.10763171022270224
SEX_40W,310.20325677919504,Q01E,3,3,0.08190629630750043,1.739352294279442,1.5497835237947115,1.5467239586764476,339.7358673038731,271.9443087822713,219.21504654534922,176.81656596187244,0.003307754480699643,0.12442663319088831
SEX_40W,310.20325677919504,Q01W,4,4,0.045092528750931476,1.5637685058322432,1.5433720545688783,1.5433847036737414,339.7358673038731,271.9443087822713,220.12570870267186,192.03424957283056,0.0032366531962004785,0.12099320014111448
SEX_40W,310.20325677919504,Q48W,102,5,0.033322800352611814,0.9727551954007012,1.3414871677556384,1.3414334741620901,339.7358673038731,271.9443087822713,224.30396494663222,253.25316221419004,0.0009791905211997687,0.0340151034950531
SEX_40W,310.20325677919504,Q06E,13,6,0.024883891801739527,1.0048052126712648,1.3666319493101038,1.3665554028223192,339.7358673038731,271.9443087822713,224.87566392487594,248.59353498604858,0.0008040407854004172,0.027665978720859297
SEX_40W,310.20325677919504,Q45W,94,7,0.020503124572036992,0.9665149550459091,1.3396717701348444,1.3396176155077684,339.7358673038731,271.9443087822713,224.70042925767203,253.59634716321372,0.0005829007569992939,0.020058241873739613
SEX_40W,310.20325677919504,Q16W,34,8,0.01861933720842338,0.9745610411902277,1.3463819519914504,1.34632411759266,339.7358673038731,271.9443087822713,224.91915391880022,252.3324579636302,0.0004936009012990183,0.01614645007216442
SEX_40W,310.20325677919504,Q06W,14,9,0.018307118119483864,0.9887620127514296,1.3559131006997651,1.355847373782977,339.7358673038731,271.9443087822713,224.9087591231288,250.55873206663523,0.0007945838924001691,0.027127415637041574
SEX_40W,310.20325677919504,Q48E,101,10,0.017502356036608293,0.996911777652862,1.3582427538113249,1.3581739755347872,339.7358673038731,271.9443087822713,224.3791457642463,250.12897462589092,0.0009820247937000204,0.034229974482566705
SEX_40W,310.20325677919504,Q24W,50,11,0.016811147277001403,0.9631595201320664,1.3377632781236026,1.3377106428600787,339.7358673038731,271.9443087822713,224.75706201485067,253.95813508978915,0.0004682889442992888,0.017291241677299674
SEX_40W,310.20325677919504,Q45E,93,12,0.01619038679536193,0.9732273805824576,1.3442529000910453,1.3441953284424484,339.7358673038731,271.9443087822713,224.71337192087103,252.73210664515807,0.0005855869624991072,0.02004756661888707
SEX_40W,310.20325677919504,Q24E,49,13,0.016074368213809715,0.9630075726321863,1.337843906554664,1.3377911437467078,339.7358673038731,271.9443087822713,224.78768409631303,253.94282968241896,0.0004925656637002618,0.015548847382513609
SEX_40W,310.20325677919504,Q14E,29,14,0.013685672740556746,0.964434374529489,1.3390547920716747,1.339001510518038,339.7358673038731,271.9443087822713,224.8306688548522,253.71319330276384,0.0004551897879991884,0.014998701957456229
SEX_40W,310.20325677919504,Q16E,33,15,0.013627592469166056,0.9673329754441085,1.3416833787997349,1.3416281598400357,339.7358673038731,271.9443087822713,224.94575412502002,253.21612585511758,0.00041769091689936033,0.0149327098906884
SEX_41E,450.2917946369716,Q01W,4,1,0.12184628741185083,1.4354778212613084,1.775636054793983,1.7756062042994978,408.9281163629813,62.96889360895389,230.29951169268577,54.55991246080494,0.0032366531962004785,0.12099320014111448
SEX_41E,450.2917946369716,Q01E,3,2,0.09129277155908201,1.3769002656846752,1.7787002515715682,1.7786783805760207,408.9281163629813,62.96889360895389,229.9027708584813,56.27331899914804,0.003307754480699643,0.12442663319088831
SEX_41E,450.2917946369716,Q00W,2,3,0.042338701117016105,1.525797193908069,1.7373854162529065,1.737374497052724,408.9281163629813,62.96889360895389,235.36983362329244,51.01977541094553,0.007391830282280409,0.10763171022270224
SEX_41E,450.2917946369716,Q00E,1,4,0.04215485181924854,1.4957194112108425,1.734924143247603,1.7349030703484223,408.9281163629813,62.96889360895389,235.70374414036863,51.72526058918775,0.00738780564499919,0.1076620105801478
SEX_41E,450.2917946369716,Q06W,14,5,0.03181884797867938,1.2959101854946624,1.727264449094362,1.7272628614413337,408.9281163629813,62.96889360895389,236.74899149194562,56.89427372497166,0.0007945838924001691,0.027127415637041574
SEX_41E,450.2917946369716,Q48E,101,6,0.02909783477526589,1.294196773124618,1.7274868712938896,1.7274851888248268,408.9281163629813,62.96889360895389,236.71850892660834,56.95041369980717,0.0009820247937000204,0.034229974482566705
SEX_41E,450.2917946369716,Q48W,102,7,0.026005683029399655,1.297912667513323,1.7272619917308574,1.7272602841397837,408.9281163629813,62.96889360895389,236.74932831307308,56.83732642064028,0.0009791905211997687,0.0340151034950531
SEX_41E,450.2917946369716,Q06E,13,8,0.021390092645857072,1.2924838620789956,1.7273554603096624,1.7273538193708091,408.9281163629813,62.96889360895389,236.73651761848305,56.99484806393226,0.0008040407854004172,0.027665978720859297
SEX_41E,450.2917946369716,Q16W,34,9,0.017231997587261204,1.2917663439116254,1.7272632201881077,1.7272615818289498,408.9281163629813,62.96889360895389,236.74915993316117,57.01225185313156,0.0004936009012990183,0.01614645007216442
SEX_41E,450.2917946369716,Q20E,41,10,0.016418471418752804,1.2920236816917097,1.7272970458456731,1.7272953543115346,408.9281163629813,62.96889360895389,236.74452367442845,57.00606195219668,0.00043989251359910497,0.015240709030791555
SEX_41E,450.2917946369716,Q45E,93,11,0.01602540236772489,1.292871667054598,1.7272975922928635,1.7272958908590998,408.9281163629813,62.96889360895389,236.74444877802358,56.98192258093147,0.0005855869624991072,0.02004756661888707
SEX_41E,450.2917946369716,Q16E,33,12,0.014763420778913086,1.2920097207668348,1.7272403605767839,1.7272387205142246,408.9281163629813,62.96889360895389,236.7522932514305,57.004561830746034,0.00041769091689936033,0.0149327098906884
SEX_41E,450.2917946369716,Q45W,94,13,0.01476008639777041,1.293697467011377,1.7272587266955124,1.7272570302615013,408.9281163629813,62.96889360895389,236.74977584007812,56.957117846514976,0.0005829007569992939,0.020058241873739613
SEX_41E,450.2917946369716,Q02W,6,14,0.014585825229392502,1.2973411323278654,1.731251130174977,1.731250629057057,408.9281163629813,62.96889360895389,236.20381193435009,56.98420354773299,0.00036923420250012384,0.012939214087367756
SEX_41E,450.2917946369716,Q34W,70,15,0.01424521867086985,1.291663333958887,1.72728782998057,1.7272861475950758,408.9281163629813,62.96889360895389,236.74578681399106,57.0160238444433,0.0004225941501001529,0.015350367975699886
SEX_41W,318.4081997791951,Q01E,3,1,0.09446617658627261,1.4171509583804465,1.770809459056364,1.7708520573575741,396.2852063996779,63.81798093471912,223.78760423543926,55.589077897157765,0.003307754480699643,0.12442663319088831
SEX_41W,318.4081997791951,Q01W,4,2,0.09196299098855458,1.3673498297488038,1.769449942071482,1.7694926856339648,396.2852063996779,63.81798093471912,223.9595463976504,56.9468085498812,0.0032366531962004785,0.12099320014111448
SEX_41W,318.4081997791951,Q00E,1,3,0.07636790634348019,1.5370737768392218,1.7361504125586038,1.7361903184610166,396.2852063996779,63.81798093471912,228.25511173059223,51.330223943222876,0.00738780564499919,0.1076620105801478
SEX_41W,318.4081997791951,Q00W,2,4,0.0752966134410174,1.5119788253522017,1.734162720691804,1.7342047851783102,396.2852063996779,63.81798093471912,228.5167370231492,51.91759758072344,0.007391830282280409,0.10763171022270224
SEX_41W,318.4081997791951,Q48E,101,5,0.024947338794078636,1.3010981307582483,1.7269584216257767,1.7269498788751299,396.2852063996779,63.81798093471912,229.47003323137963,57.476235377130244,0.0009820247937000204,0.034229974482566705
SEX_41W,318.4081997791951,Q06E,13,6,0.01898668613747154,1.2975518871995746,1.7269994296212845,1.7269913033263755,396.2852063996779,63.81798093471912,229.46458441308212,57.579301116580716,0.0008040407854004172,0.027665978720859297
SEX_41W,318.4081997791951,Q06W,14,7,0.01815244462007067,1.2949265985745626,1.7270728497240602,1.7270647939367876,396.2852063996779,63.81798093471912,229.45482957652519,57.657273771431576,0.0007945838924001691,0.027127415637041574
SEX_41W,318.4081997791951,Q48W,102,8,0.016035729901650784,1.296866336128602,1.7270834884531394,1.7270747574999088,396.2852063996779,63.81798093471912,229.4534161487528,57.60212115320502,0.0009791905211997687,0.0340151034950531
SEX_41W,318.4081997791951,Q28E,57,9,0.01272957408811076,1.293879911257747,1.7269736318008266,1.7269655495359424,396.2852063996779,63.81798093471912,229.4680121933569,57.684133919313894,0.00031675270289888147,0.012399677096547768
SEX_41W,318.4081997791951,Q28W,58,10,0.012717513887742702,1.2947580077555259,1.7269426981575895,1.7269345968556225,396.2852063996779,63.81798093471912,229.47212251017928,57.65781518933836,0.0004294453712994084,0.013388524451245942
SEX_41W,318.4081997791951,Q26E,53,11,0.011652752827023993,1.2945288889448179,1.7269466920758982,1.7269385998643525,396.2852063996779,63.81798093471912,229.4715918088463,57.66454335266851,0.00034297696289975477,0.011746809617793286
SEX_41W,318.4081997791951,Q34E,69,12,0.011187824523728445,1.2945133366282064,1.726979327814109,1.7269711747414962,396.2852063996779,63.81798093471912,229.46725534999212,57.66610917644671,0.0004636479630999446,0.015059127700880914
SEX_41W,318.4081997791951,Q38W,78,13,0.01109515915328709,1.2943903395127307,1.7269440399242646,1.7269359635664148,396.2852063996779,63.81798093471912,229.47194421948788,57.66843827086715,0.00034638237739947897,0.011411448038224803
SEX_41W,318.4081997791951,Q02E,5,14,0.010797453229420877,1.2994801816868033,1.7307664230057016,1.7307622615422618,396.2852063996779,63.81798093471912,228.96515736160225,57.64714627163762,0.00037642751589928025,0.013256954787921438
SEX_41W,318.4081997791951,Q14E,29,15,0.010668704382222652,1.2948234586343403,1.7269860296148847,1.7269778483888722,396.2852063996779,63.81798093471912,229.46636487154962,57.65741358862825,0.0004551897879991884,0.014998701957456229
SEX_42E,442.0901526369716,Q01W,4,1,0.11087477340443498,1.473698901078194,1.598596469150541,1.5911540612260833,386.5796683518394,237.24660947220897,241.82442274332018,182.18341804918833,0.0032366531962004785,0.12099320014111448
SEX_42E,442.0901526369716,Q00E,1,2,0.0950687145795944,1.7520282395665419,1.557971959941937,1.5572376203318725,386.5796683518394,237.24660947220897,248.1300551559648,154.04169390377,0.00738780564499919,0.1076620105801478
SEX_42E,442.0901526369716,Q00W,2,3,0.09410745535533611,1.7755035245112012,1.5583593375169085,1.5576237395201082,386.5796683518394,237.24660947220897,248.0683748895912,152.28671572665849,0.007391830282280409,0.10763171022270224
SEX_42E,442.0901526369716,Q01E,3,4,0.09154197986528566,1.358665999958525,1.6004923748694662,1.5941428254761991,386.5796683518394,237.24660947220897,241.5379632054594,192.93737991044912,0.003307754480699643,0.12442663319088831
SEX_42E,442.0901526369716,Q48E,101,5,0.031261290478015534,1.1030731408563739,1.5553490977498772,1.5550136577006024,386.5796683518394,237.24660947220897,248.54848915340233,212.5769319855031,0.0009820247937000204,0.034229974482566705
SEX_42E,442.0901526369716,Q06W,14,6,0.03090410791573987,1.044296877361674,1.557941257011299,1.5574179584731973,386.5796683518394,237.24660947220897,248.13494514770127,219.28448891633064,0.0007945838924001691,0.027127415637041574
SEX_42E,442.0901526369716,Q48W,102,7,0.028904524293241224,1.1084081994394808,1.5555837506436423,1.555253603341606,386.5796683518394,237.24660947220897,248.5109967186834,212.04268326737096,0.0009791905211997687,0.0340151034950531
SEX_42E,442.0901526369716,Q06E,13,8,0.02472234696316554,1.0360156617690777,1.55817972405562,1.557629097184622,386.5796683518394,237.24660947220897,248.0969700630248,220.22817588035625,0.0008040407854004172,0.027665978720859297
SEX_42E,442.0901526369716,Q45E,93,9,0.020480930699486512,1.0582112212264292,1.5553890977980709,1.5549360613750502,386.5796683518394,237.24660947220897,248.5420972148458,217.4065643396582,0.0005855869624991072,0.02004756661888707
SEX_42E,442.0901526369716,Q45W,94,10,0.01947399734204915,1.0592467571028124,1.555430773828328,1.5549794127374859,386.5796683518394,237.24660947220897,248.5354378069583,217.29986142634968,0.0005829007569992939,0.020058241873739613
SEX_42E,442.0901526369716,Q24W,50,11,0.017876612638582798,1.0436534330400704,1.5554218317656001,1.5549231323074797,386.5796683518394,237.24660947220897,248.53686662802124,218.99995014904331,0.0004682889442992888,0.017291241677299674
SEX_42E,442.0901526369716,Q16W,34,12,0.016800985437127387,1.0270637864564662,1.5567240226880588,1.5561493555665344,386.5796683518394,237.24660947220897,248.32896693167012,221.00980811433925,0.0004936009012990183,0.01614645007216442
SEX_42E,442.0901526369716,Q24E,49,13,0.01655114970602901,1.0473926025464806,1.5554232820429705,1.5549335656461707,386.5796683518394,237.24660947220897,248.53663489213457,218.59109540273153,0.0004925656637002618,0.015548847382513609
SEX_42E,442.0901526369716,Q16E,33,14,0.016327305695504262,1.025125635859304,1.5563430172215986,1.5557650438517412,386.5796683518394,237.24660947220897,248.38975988851476,221.16996491749677,0.00041769091689936033,0.0149327098906884
SEX_42E,442.0901526369716,Q20E,41,15,0.015871671400227823,1.0405072550197616,1.5554074605421653,1.5548973968373578,386.5796683518394,237.24660947220897,248.5391629901853,219.34285145007857,0.00043989251359910497,0.015240709030791555
SEX_42W,326.61314177919513,Q01W,4,1,0.12134099894093049,1.3495371739380246,1.5908225167052088,1.583090868800062,392.3742909644887,237.07575464641937,246.6486907522183,192.68889965072853,0.0032366531962004785,0.12099320014111448
SEX_42W,326.61314177919513,Q00W,2,2,0.10061345133043413,1.7550215593200278,1.5582110791921002,1.5572887094334635,392.3742909644887,237.07575464641937,251.810743874268,153.7621212206025,0.007391830282280409,0.10763171022270224
SEX_42W,326.61314177919513,Q00E,1,3,0.09960281138641681,1.7828792709312609,1.5587509444410255,1.5579301321972507,392.3742909644887,237.07575464641937,251.72353053822573,151.67678161642618,0.00738780564499919,0.1076620105801478
SEX_42W,326.61314177919513,Q01E,3,4,0.06187504559688346,1.5097869686077345,1.5931161933583162,1.584346994463479,392.3742909644887,237.07575464641937,246.2935802173707,178.45629168529578,0.003307754480699643,0.12442663319088831
SEX_42W,326.61314177919513,Q48E,101,5,0.03710394796624021,1.112133567490467,1.5547011260223649,1.55468645824043,392.3742909644887,237.07575464641937,252.37924151271523,211.36787262952768,0.0009820247937000204,0.034229974482566705
SEX_42W,326.61314177919513,Q06W,14,6,0.03245975827272888,1.0213163708455966,1.55626902789992,1.5562352635956027,392.3742909644887,237.07575464641937,252.12497577875163,221.41063858471816,0.0007945838924001691,0.027127415637041574
SEX_42W,326.61314177919513,Q48W,102,7,0.023412523907904586,1.1036088579063872,1.5549349765503981,1.5549195763880206,392.3742909644887,237.07575464641937,252.34128557257466,212.30266376978983,0.0009791905211997687,0.0340151034950531
SEX_42W,326.61314177919513,Q45E,93,8,0.022361820563064204,1.0526905560743458,1.5547743690950069,1.5547495599663772,392.3742909644887,237.07575464641937,252.36735230776887,217.75490697090345,0.0005855869624991072,0.02004756661888707
SEX_42W,326.61314177919513,Q45W,94,9,0.01832726028022145,1.0508346144623815,1.5548224473033465,1.554797268268583,392.3742909644887,237.07575464641937,252.35954860634726,217.96381912767313,0.0005829007569992939,0.020058241873739613
SEX_42W,326.61314177919513,Q20E,41,10,0.017231418588523385,1.0353035336529999,1.5547790172215887,1.5547503122473134,392.3742909644887,237.07575464641937,252.36659783694978,219.656965116556,0.00043989251359910497,0.015240709030791555
SEX_42W,326.61314177919513,Q24W,50,11,0.01680433798713996,1.0364198334157422,1.5548135469819762,1.5547851293616841,392.3742909644887,237.07575464641937,252.36099320469657,219.53926588315605,0.0004682889442992888,0.017291241677299674
SEX_42W,326.61314177919513,Q16E,33,12,0.016214021054254,1.0104880283390472,1.5553305205406085,1.5552942361833024,392.3742909644887,237.07575464641937,252.2771113808694,222.47844932534952,0.00041769091689936033,0.0149327098906884
SEX_42W,326.61314177919513,Q06E,13,13,0.01608034618756575,1.0339057854857359,1.556130334260178,1.55610113414384,392.3742909644887,237.07575464641937,252.14744698812964,220.00157152309342,0.0008040407854004172,0.027665978720859297
SEX_42W,326.61314177919513,Q34W,70,14,0.015666766691891838,1.0329620413389193,1.5548087282496716,1.5547794571783298,392.3742909644887,237.07575464641937,252.36177533310138,219.91849300866068,0.0004225941501001529,0.015350367975699886
SEX_42W,326.61314177919513,Q14W,30,15,0.015132893628919602,1.0308857260216442,1.5548055481028356,1.5547759456474473,392.3742909644887,237.07575464641937,252.36229150536636,220.14647472635545,0.0004140267502990014,0.014760793096466829
SEX_43E,433.8827106369716,Q01W,4,1,0.11950272577230511,1.4173877563131398,1.690562392290191,1.6883625039775534,469.1460205615323,217.52093127923985,277.50884717480557,181.34442492297183,0.0032366531962004785,0.12099320014111448
SEX_43E,433.8827106369716,Q00W,2,2,0.09123453496484185,2.1126836532260285,1.6614119093846509,1.661188891995261,469.1460205615323,217.52093127923985,282.37790876032255,125.734027187701,0.007391830282280409,0.10763171022270224
SEX_43E,433.8827106369716,Q00E,1,3,0.08970019895548975,2.188508381713831,1.6621246671508494,1.6619984983928007,469.1460205615323,217.52093127923985,282.25681853679754,121.08380655459476,0.00738780564499919,0.1076620105801478
SEX_43E,433.8827106369716,Q01E,3,4,0.06660778866649754,1.7623924982798655,1.6859674363289616,1.68410899611065,469.1460205615323,217.52093127923985,278.2651731299475,152.32551999705623,0.003307754480699643,0.12442663319088831
SEX_43E,433.8827106369716,Q48E,101,5,0.028594949301940543,1.2526949565749206,1.657971299965432,1.6579723936492379,469.1460205615323,217.52093127923985,282.96389724678215,192.77322811511408,0.0009820247937000204,0.034229974482566705
SEX_43E,433.8827106369716,Q06W,14,6,0.02847988651633454,1.1814798572164875,1.658449709583083,1.6584524483702066,469.1460205615323,217.52093127923985,282.8822712263435,199.81821854353748,0.0007945838924001691,0.027127415637041574
SEX_43E,433.8827106369716,Q48W,102,7,0.016021803546062908,1.2127114748357002,1.6582167142301927,1.6582177275660162,469.1460205615323,217.52093127923985,282.92201889867437,196.69483062340916,0.0009791905211997687,0.0340151034950531
SEX_43E,433.8827106369716,Q20E,41,8,0.015239343130507971,1.1929428426438733,1.6579722773268133,1.6579744604934863,469.1460205615323,217.52093127923985,282.96373044183053,198.61915786912863,0.00043989251359910497,0.015240709030791555
SEX_43E,433.8827106369716,Q34W,70,9,0.014701545920237548,1.193740775042052,1.6579800843597374,1.6579824850303742,469.1460205615323,217.52093127923985,282.96239803308765,198.54084235730534,0.0004225941501001529,0.015350367975699886
SEX_43E,433.8827106369716,Q02W,6,10,0.014331229665759056,1.1816387561501358,1.6609824335451988,1.6609997702622172,469.1460205615323,217.52093127923985,282.4509224701357,200.1057079685742,0.00036923420250012384,0.012939214087367756
SEX_43E,433.8827106369716,Q14W,30,11,0.013629470179677859,1.188640681646234,1.6579755577409774,1.6579779467933586,469.1460205615323,217.52093127923985,282.96317057939774,199.04721555963732,0.0004140267502990014,0.014760793096466829
SEX_43E,433.8827106369716,Q28E,57,12,0.012777599119006375,1.1743726940748758,1.6580465444949082,1.6580493035551496,469.1460205615323,217.52093127923985,282.95105593941486,200.48077868404724,0.00031675270289888147,0.012399677096547768
SEX_43E,433.8827106369716,Q18W,38,13,0.012765169263246045,1.182989401784866,1.657976692174037,1.65797928255468,469.1460205615323,217.52093127923985,282.9629769682469,199.61053741760657,0.0003812354201002677,0.012824870699141844
SEX_43E,433.8827106369716,Q45E,93,14,0.012654493319143735,1.2050170873362447,1.6579844831341355,1.6579865627252015,469.1460205615323,217.52093127923985,282.96164730968536,197.42519462400918,0.0005855869624991072,0.02004756661888707
SEX_43E,433.8827106369716,Q28W,58,15,0.012589157235367028,1.1862990341448878,1.6579867868717364,1.6579894313479704,469.1460205615323,217.52093127923985,282.9612541404565,199.2817107825345,0.0004294453712994084,0.013388524451245942
SEX_43W,334.81308377919515,Q01W,4,1,0.11247534884366593,1.7866387901523524,1.6986608708082829,1.6965835506250726,482.26495613518733,226.2259815134074,283.90890990837306,157.71788362209904,0.0032366531962004785,0.12099320014111448
SEX_43W,334.81308377919515,Q01E,3,2,0.1066071447868568,1.4385470906133833,1.704085020866599,1.7021825366239254,482.26495613518733,226.2259815134074,283.00521994491527,188.04747753573284,0.003307754480699643,0.12442663319088831
SEX_43W,334.81308377919515,Q00E,1,3,0.07199230163707307,1.9915842156176282,1.6753316199644988,1.6750720347322292,482.26495613518733,226.2259815134074,287.8623852067012,140.0852238813222,0.00738780564499919,0.1076620105801478
SEX_43W,334.81308377919515,Q00W,2,4,0.0698152634757879,2.0720528650213836,1.6761692184010917,1.676005981241384,482.26495613518733,226.2259815134074,287.71853750853563,134.60801624896834,0.007391830282280409,0.10763171022270224
SEX_43W,334.81308377919515,Q48E,101,5,0.03290742549159716,1.2789401176390172,1.6720476552482437,1.6720592762446338,482.26495613518733,226.2259815134074,288.42775779831885,199.55450144668612,0.0009820247937000204,0.034229974482566705
SEX_43W,334.81308377919515,Q48W,102,6,0.031976070875678796,1.3173444113894064,1.6718841486455192,1.6718955862177602,482.26495613518733,226.2259815134074,288.45596540041095,195.74007330713292,0.0009791905211997687,0.0340151034950531
SEX_43W,334.81308377919515,Q06W,14,7,0.02983623228867844,1.2770810545004494,1.6720921961041035,1.6721044336504929,482.26495613518733,226.2259815134074,288.4200747176753,199.7453203511088,0.0007945838924001691,0.027127415637041574
SEX_43W,334.81308377919515,Q06E,13,8,0.02649152378299003,1.2516162316466293,1.672234406578784,1.6722466899124258,482.26495613518733,226.2259815134074,288.39554684313117,202.3220180467062,0.0008040407854004172,0.027665978720859297
SEX_43W,334.81308377919515,Q45E,93,9,0.019502443358136213,1.2648760187166985,1.671881593177824,1.6718936475581379,482.26495613518733,226.2259815134074,288.45640630478124,200.94270665182881,0.0005855869624991072,0.02004756661888707
SEX_43W,334.81308377919515,Q45W,94,10,0.01922313851957021,1.2734341845413084,1.6718599096822235,1.671871928139952,482.26495613518733,226.2259815134074,288.4601474933705,200.08210386209748,0.0005829007569992939,0.020058241873739613
SEX_43W,334.81308377919515,Q16W,34,11,0.01860075501320383,1.2480356091901328,1.6720095482756696,1.6720218784866174,482.26495613518733,226.2259815134074,288.434331390358,202.65730149984657,0.0004936009012990183,0.01614645007216442
SEX_43W,334.81308377919515,Q24W,50,12,0.01515690737629025,1.2595308689392581,1.671843058851893,1.6718551812603255,482.26495613518733,226.2259815134074,288.46305493912433,201.47580626502918,0.0004682889442992888,0.017291241677299674
SEX_43W,334.81308377919515,Q24E,49,13,0.015023055832896133,1.265176927868815,1.6718399401068815,1.671852059259413,482.26495613518733,226.2259815134074,288.46359305446185,200.90746241244088,0.0004925656637002618,0.015548847382513609
SEX_43W,334.81308377919515,Q20E,41,14,0.014979696310776306,1.2568338568880577,1.6718616490577078,1.6718737994953343,482.26495613518733,226.2259815134074,288.4598473845015,201.7499204288218,0.00043989251359910497,0.015240709030791555
SEX_43W,334.81308377919515,Q34E,69,15,0.01492170518989003,1.2716689865763797,1.6718343536694629,1.6718464758172646,482.26495613518733,226.2259815134074,288.46455695606284,200.2556993295996,0.0004636479630999446,0.015059127700880914
SEX_44E,422.8791226369716,Q01E,3,1,0.08657616066746494,2.2840556060718242,1.7392720939414066,1.7321877823340015,391.26751839123204,214.6598424852336,224.96049913879276,120.41282188910152,0.003307754480699643,0.12442663319088831
SEX_44E,422.8791226369716,Q00E,1,2,0.07710377664406694,3.2566968984316134,1.67436689047019,1.6738370505760358,391.26751839123204,214.6598424852336,233.6808740176161,70.76217673693914,0.00738780564499919,0.1076620105801478
SEX_44E,422.8791226369716,Q00W,2,3,0.07355418484047527,3.1684652855327897,1.6732697513855217,1.6727379914954577,391.26751839123204,214.6598424852336,233.8340952301623,73.88499253319628,0.007391830282280409,0.10763171022270224
SEX_44E,422.8791226369716,Q01W,4,4,0.03428139414029789,2.0211092859760527,1.7570800310818546,1.7567456571679732,391.26751839123204,214.6598424852336,222.68053331089538,137.3401289060363,0.0032366531962004785,0.12099320014111448
SEX_44E,422.8791226369716,Q48W,102,5,0.029149648724365738,1.181577609504167,1.6644796514889093,1.6644796620796014,391.26751839123204,214.6598424852336,235.0689706787558,197.90153404917254,0.0009791905211997687,0.0340151034950531
SEX_44E,422.8791226369716,Q06E,13,6,0.025631832630245748,1.2477928606080013,1.6641092231342083,1.664110302762067,391.26751839123204,214.6598424852336,235.1212966984901,191.41417342170357,0.0008040407854004172,0.027665978720859297
SEX_44E,422.8791226369716,Q48E,101,7,0.024102495697355616,1.2012272393873147,1.6646786433191914,1.664677485785915,391.26751839123204,214.6598424852336,235.04087107832802,195.99022136706282,0.0009820247937000204,0.034229974482566705
SEX_44E,422.8791226369716,Q45W,94,8,0.019913424363161875,1.172982481776792,1.6642230167369039,1.6642243374220724,391.26751839123204,214.6598424852336,235.10521994726585,198.72314142045204,0.0005829007569992939,0.020058241873739613
SEX_44E,422.8791226369716,Q16W,34,9,0.018560511811923978,1.1923869632836812,1.6640515717678508,1.6640541949203,391.26751839123204,214.6598424852336,235.1294425181536,196.78408541827494,0.0004936009012990183,0.01614645007216442
SEX_44E,422.8791226369716,Q45E,93,10,0.018458983424087586,1.1790153848302438,1.6642589117934221,1.6642600298376522,391.26751839123204,214.6598424852336,235.1001491526329,198.12889529680908,0.0005855869624991072,0.02004756661888707
SEX_44E,422.8791226369716,Q24W,50,11,0.016160165368145865,1.167839408174686,1.6641827104454674,1.664184421082326,391.26751839123204,214.6598424852336,235.11091416548717,199.22997391728663,0.0004682889442992888,0.017291241677299674
SEX_44E,422.8791226369716,Q06W,14,12,0.015864923915651846,1.2082098141866169,1.6640454535343818,1.6640484722000792,391.26751839123204,214.6598424852336,235.13030702388073,195.23265973247396,0.0007945838924001691,0.027127415637041574
SEX_44E,422.8791226369716,Q24E,49,13,0.01572071965525469,1.1666506337601774,1.6641530220147325,1.664154978687929,391.26751839123204,214.6598424852336,235.11510853583525,199.344859925604,0.0004925656637002618,0.015548847382513609
SEX_44E,422.8791226369716,Q34E,69,14,0.014259101009394216,1.1656162421732361,1.6641177616208689,1.6641201854733578,391.26751839123204,214.6598424852336,235.12009030546807,199.44373824546688,0.0004636479630999446,0.015059127700880914
SEX_44E,422.8791226369716,Q14E,29,15,0.014202579925241175,1.1690447263146524,1.6641251069820806,1.664127349289658,391.26751839123204,214.6598424852336,235.11905249768296,199.1030266463532,0.0004551897879991884,0.014998701957456229
SEX_44W,345.81827077919525,Q01W,4,1,0.07741485338715205,2.255167690715055,1.7110823397059618,1.7049071607694324,401.84928415862316,243.63061644622996,234.850933139593,135.9819911167663,0.0032366531962004785,0.12099320014111448
SEX_44W,345.81827077919525,Q01E,3,2,0.06004756338552009,1.9723678343968771,1.725529130339788,1.725523199948187,401.84928415862316,243.63061644622996,232.88467119618647,156.80557464540493,0.003307754480699643,0.12442663319088831
SEX_44W,345.81827077919525,Q00W,2,3,0.032998515765358845,3.0604281595685308,1.6674380398276918,1.6668965958242012,401.84928415862316,243.63061644622996,240.99803084746048,88.13262123147837,0.007391830282280409,0.10763171022270224
SEX_44W,345.81827077919525,Q48W,102,4,0.03072180670446494,1.2758803054313859,1.6608277711501294,1.660823230986079,401.84928415862316,243.63061644622996,241.95722828041409,213.79732697058054,0.0009791905211997687,0.0340151034950531
SEX_44W,345.81827077919525,Q00E,1,5,0.028637315883905404,2.955256502626014,1.6668607851303845,1.6663473167885994,401.84928415862316,243.63061644622996,241.08149147392047,92.8277934014863,0.00738780564499919,0.1076620105801478
SEX_44W,345.81827077919525,Q48E,101,6,0.027552166332998528,1.258024716398019,1.6611863793168808,1.6611792174782112,401.84928415862316,243.63061644622996,241.9049958282665,215.76125705819086,0.0009820247937000204,0.034229974482566705
SEX_44W,345.81827077919525,Q06W,14,7,0.025802175839701805,1.3233328343240345,1.6601326322143466,1.6601280537725438,401.84928415862316,243.63061644622996,242.05854180615776,208.69708458692497,0.0007945838924001691,0.027127415637041574
SEX_44W,345.81827077919525,Q45W,94,8,0.02129565452452516,1.256929100735313,1.6604471227564757,1.6604400884579278,401.84928415862316,243.63061644622996,242.0126956476163,215.78341187665305,0.0005829007569992939,0.020058241873739613
SEX_44W,345.81827077919525,Q06E,13,9,0.02093146297827429,1.286395913995804,1.6603192392266644,1.660311476838022,401.84928415862316,243.63061644622996,242.0313363024057,212.61118696895232,0.0008040407854004172,0.027665978720859297
SEX_44W,345.81827077919525,Q45E,93,10,0.020353775642901535,1.251003017150076,1.6605073745865218,1.6604994057146898,401.84928415862316,243.63061644622996,242.00391417032188,216.431610413142,0.0005855869624991072,0.02004756661888707
SEX_44W,345.81827077919525,Q24W,50,11,0.018032487279805397,1.244386309114077,1.66038562072225,1.6603764502842453,401.84928415862316,243.63061644622996,242.0216599947565,217.13293464240854,0.0004682889442992888,0.017291241677299674
SEX_44W,345.81827077919525,Q16W,34,12,0.01797665413523092,1.2629800005717726,1.6601670324697237,1.66015796136367,401.84928415862316,243.63061644622996,242.05352612069268,215.09534730528114,0.0004936009012990183,0.01614645007216442
SEX_44W,345.81827077919525,Q24E,49,13,0.016521853853586174,1.252572205939373,1.660333165538417,1.6603252245820708,401.84928415862316,243.63061644622996,242.0293062256035,216.2391795109781,0.0004925656637002618,0.015548847382513609
SEX_44W,345.81827077919525,Q16E,33,14,0.0160368397178103,1.26183152814221,1.6601271517564475,1.6601184771819026,401.84928415862316,243.63061644622996,242.05934089654434,215.21371282515588,0.00041769091689936033,0.0149327098906884
SEX_44W,345.81827077919525,Q20E,41,15,0.014123391057038104,1.247924775324023,1.660348692995338,1.6603399351042878,401.84928415862316,243.63061644622996,242.02704278561532,216.7442880095607,0.00043989251359910497,0.015240709030791555
SEX_45E,416.5395126369716,Q00E,1,1,0.09889584777202404,3.776613257427158,1.7623259878060995,1.7622785148675673,307.96482709902364,367.3445532349304,208.4430211984978,82.20452782153052,0.00738780564499919,0.1076620105801478
SEX_45E,416.5395126369716,Q00W,2,2,0.0981525731928596,3.7691650572558046,1.7631120419974142,1.7631458565168874,307.96482709902364,367.3445532349304,208.3500903429648,82.5267143852836,0.007391830282280409,0.10763171022270224
SEX_45E,416.5395126369716,Q01W,4,3,0.08477045595129867,2.413593092259859,1.8394788935034456,1.839263516657624,307.96482709902364,367.3445532349304,199.70033607468642,169.4760918231919,0.0032366531962004785,0.12099320014111448
SEX_45E,416.5395126369716,Q01E,3,4,0.06032635313347762,2.3674439741949485,1.8384981345560487,1.8260950571153554,307.96482709902364,367.3445532349304,199.80686753518785,173.73501055140036,0.003307754480699643,0.12442663319088831
SEX_45E,416.5395126369716,Q48E,101,5,0.03291761666626001,1.0685224827591,1.152942597838573,1.1530762154395948,307.96482709902364,367.3445532349304,208.10106051866074,318.6147809297644,0.0009820247937000204,0.034229974482566705
SEX_45E,416.5395126369716,Q06W,14,6,0.026682982516683856,1.1274810507843682,1.190964703362662,1.191098305944686,307.96482709902364,367.3445532349304,208.7191835469881,308.4428549374648,0.0007945838924001691,0.027127415637041574
SEX_45E,416.5395126369716,Q48W,102,7,0.021199962770056733,1.093352856480621,1.1695708441820436,1.1697026757491535,307.96482709902364,367.3445532349304,208.49802591182873,314.0849099156863,0.0009791905211997687,0.0340151034950531
SEX_45E,416.5395126369716,Q45E,93,8,0.02087043384738764,1.0527186685379775,1.1463086597463052,1.1464427073271652,307.96482709902364,367.3445532349304,208.54489767806436,320.45867412030987,0.0005855869624991072,0.02004756661888707
SEX_45E,416.5395126369716,Q06E,13,9,0.020057457292509698,1.125479072868984,1.1893256367439833,1.1894584609236039,307.96482709902364,367.3445532349304,208.64086031143526,308.86793480766926,0.0008040407854004172,0.027665978720859297
SEX_45E,416.5395126369716,Q24W,50,10,0.01803671391667402,1.0364618722428531,1.137396461104099,1.1375306953743194,307.96482709902364,367.3445532349304,208.612264221844,322.96966431418286,0.0004682889442992888,0.017291241677299674
SEX_45E,416.5395126369716,Q16W,34,11,0.017780512825582004,1.066077023117245,1.1549415106409344,1.15507642525049,307.96482709902364,367.3445532349304,208.71649518108228,318.06333900932583,0.0004936009012990183,0.01614645007216442
SEX_45E,416.5395126369716,Q45W,94,12,0.017589885604294222,1.0580750729545656,1.149773397536797,1.149907245301842,307.96482709902364,367.3445532349304,208.6158040515251,319.49300098776547,0.0005829007569992939,0.020058241873739613
SEX_45E,416.5395126369716,Q24E,49,13,0.01640194344092512,1.0386392030524547,1.1387850803171473,1.1389194953205006,307.96482709902364,367.3445532349304,208.63964428140812,322.5758394486748,0.0004925656637002618,0.015548847382513609
SEX_45E,416.5395126369716,Q16E,33,14,0.016179737664327842,1.0562053628383339,1.1493968997889061,1.1495315934501018,307.96482709902364,367.3445532349304,208.74231851326223,319.5976544763567,0.00041769091689936033,0.0149327098906884
SEX_45E,416.5395126369716,Q20E,41,15,0.014621965810382696,1.039874629413731,1.1394469991974054,1.139581081918492,307.96482709902364,367.3445532349304,208.6320886717617,322.3884511466331,0.00043989251359910497,0.015240709030791555
SEX_45W,352.15948077919535,Q01E,3,1,0.08936857083161978,2.579408591649006,1.6664113900657906,1.6675573547063594,326.67053253876895,338.7916981491382,203.30615847252614,149.8867351036827,0.003307754480699643,0.12442663319088831
SEX_45W,352.15948077919535,Q00W,2,2,0.08761576443351396,3.911077701045542,1.5756764627248157,1.5765166071182668,326.67053253876895,338.7916981491382,215.01349176928494,72.91993320250546,0.007391830282280409,0.10763171022270224
SEX_45W,352.15948077919535,Q00E,1,3,0.08701058816040605,3.893021765987264,1.5773568656145682,1.57830665715063,326.67053253876895,338.7916981491382,214.78443181412754,73.61916908862243,0.00738780564499919,0.1076620105801478
SEX_45W,352.15948077919535,Q48W,102,4,0.03357306299329008,1.0951925886079579,1.1383170667951223,1.1390722688055148,326.67053253876895,338.7916981491382,215.0541425281429,297.6250712843919,0.0009791905211997687,0.0340151034950531
SEX_45W,352.15948077919535,Q01W,4,5,0.03177623349925211,2.537367764628364,1.645127621080118,1.636689704526815,326.67053253876895,338.7916981491382,205.93642329505266,151.8837139638221,0.0032366531962004785,0.12099320014111448
SEX_45W,352.15948077919535,Q06E,13,6,0.025790708272315364,1.1658236363806012,1.1802022567526769,1.1809775600197687,326.67053253876895,338.7916981491382,215.2303192660502,287.06240494855734,0.0008040407854004172,0.027665978720859297
SEX_45W,352.15948077919535,Q45W,94,7,0.019970395083764296,1.0796246656744017,1.1302396921384295,1.1309923073654833,326.67053253876895,338.7916981491382,215.19644499346228,299.7520795860031,0.0005829007569992939,0.020058241873739613
SEX_45W,352.15948077919535,Q16W,34,8,0.018451738264460678,1.1004094986056714,1.1423706983946311,1.1431311502464916,326.67053253876895,338.7916981491382,215.2571590208481,296.5689671708499,0.0004936009012990183,0.01614645007216442
SEX_45W,352.15948077919535,Q24W,50,9,0.01582048294179243,1.055424301615787,1.1167313888532413,1.1174781901567217,326.67053253876895,338.7916981491382,215.21268473634427,303.3779667436764,0.0004682889442992888,0.017291241677299674
SEX_45W,352.15948077919535,Q24E,49,10,0.01551016166600947,1.0696321830466644,1.124771481955243,1.1255218892671623,326.67053253876895,338.7916981491382,215.22784129219863,301.20935993167313,0.0004925656637002618,0.015548847382513609
SEX_45W,352.15948077919535,Q06W,14,11,0.014883977093355583,1.1776316458654321,1.1872865853671881,1.188065549420591,326.67053253876895,338.7916981491382,215.24760465703815,285.3495544585482,0.0007945838924001691,0.027127415637041574
SEX_45W,352.15948077919535,Q14E,29,12,0.014182168643689616,1.0711847682398528,1.1257105178510836,1.1264615411529924,326.67053253876895,338.7916981491382,215.24034776969884,300.9580995972854,0.0004551897879991884,0.014998701957456229
SEX_45W,352.15948077919535,Q34E,69,13,0.01415065164713799,1.082163078432714,1.131903059777017,1.1326571641504257,326.67053253876895,338.7916981491382,215.23967000775366,299.3115843470549,0.0004636479630999446,0.015059127700880914
SEX_45W,352.15948077919535,Q45E,93,14,0.014106297536670502,1.0838404780773487,1.132653216262444,1.1334068530309005,326.67053253876895,338.7916981491382,215.20190820017714,299.1133502159567,0.0005855869624991072,0.02004756661888707
SEX_45W,352.15948077919535,Q48E,101,15,0.013101024595839597,1.1242766003644817,1.1551316187112664,1.155894706860662,326.67053253876895,338.7916981491382,215.0802783851826,293.29272323712723,0.0009820247937000204,0.034229974482566705
