sample_id,Q1,Q2,Qx_fractional,Qy_fractional,slip_tps_constant,xi_1,xi_2,slip_factor,bmad_physics_seconds,xi_1_finite_difference,xi_2_finite_difference
0,10.5300081497137,9.57846038795881,0.5300081497136997,0.5784603879588097,0.0,-1.16777003054125,-0.935513022515266,8.84235580452694,0.5258228951133788,-1.1677700349821407,-0.9355130240251696
1,10.5297352720424,9.57862554016929,0.5297352720423998,0.5786255401692895,0.0,-1.16814985471336,-0.941489662587003,8.842680220750312,0.6825219478923827,-1.1681498550686342,-0.9414896620540957
2,10.5301044855061,9.57808915435185,0.5301044855061008,0.5780891543518507,0.0,-1.16955749138725,-0.947952910923533,8.841943635116921,0.6197742940858006,-1.1695574900549843,-0.9479529124334362
3,10.5300158426485,9.57837566769004,0.5300158426485009,0.5783756676900396,0.0,-1.16810356001196,-0.954972279565425,8.842108396613304,0.6999097040388733,-1.1681035600119571,-0.9549722809865101
4,10.5300869363936,9.57887992346673,0.5300869363935998,0.5788799234667295,0.0,-1.17182672081384,-0.932446573731482,8.84276391107915,0.6884635018650442,-1.1718267250770964,-0.9324465755078392
5,10.5299145581076,9.57851433097362,0.5299145581076008,0.5785143309736203,0.0,-1.16436787003238,-0.941604298088094,8.842087200672148,0.7026098789647222,-1.1643678699435611,-0.94160429497947
6,10.5299523283729,9.57838790492969,0.5299523283729002,0.5783879049296896,0.0,-1.158196646589,-0.949646478964894,8.842735511840399,0.6783185650128871,-1.1581966499640828,-0.9496464794978009
7,10.5300258843268,9.57829562583713,0.5300258843268004,0.5782956258371303,0.0,-1.17429205941377,-0.916516467608375,8.8426271548584,0.7067632270045578,-1.1742920600354978,-0.9165164695623672
8,10.5298275330465,9.5785398181447,0.5298275330465003,0.5785398181446997,0.0,-1.16780836840746,-0.942776546075663,8.842452460420354,0.6964973388239741,-1.167808374979984,-0.9427765474967486
9,10.5300008190864,9.57833102019112,0.5300008190863998,0.5783310201911203,0.0,-1.17753406598808,-0.921438643342043,8.841363333482343,0.6215647899080068,-1.1775340650110877,-0.9214386435196785
10,10.5299166458416,9.57805190068623,0.5299166458416007,0.5780519006862299,0.0,-1.16535454690592,-0.960541369732226,8.842707313664015,0.6736900340765715,-1.1653545500145412,-0.9605413689328656
11,10.5296862717385,9.5786270291495,0.5296862717385,0.5786270291494997,0.0,-1.15278840118194,-0.95763044516417,8.843417785127466,0.7068519839085639,-1.152788399938487,-0.9576304469405271
12,10.5299543230304,9.57886356305163,0.5299543230304007,0.5788635630516303,0.0,-1.16863714891835,-0.925644004823312,8.842488868217023,0.6198468538932502,-1.1686371499841641,-0.9256440044680402
13,10.5299900033125,9.57873039568355,0.5299900033125002,0.5787303956835501,0.0,-1.169416668656,-0.952006351084833,8.84274753237666,0.6832340469118208,-1.1694166700770836,-0.9520063515289222
14,10.5298531810967,9.57878972603874,0.5298531810966995,0.5787897260387407,0.0,-1.16358711315101,-0.918804248950522,8.843382088068283,0.6876676050014794,-1.1635871150161847,-0.9188042500163361
15,10.5297612311841,9.57866332152457,0.5297612311841,0.5786633215245693,0.0,-1.16354314281253,-0.944346326736678,8.842732062505132,0.6421010349877179,-1.1635431399703577,-0.9443463275360385
16,10.5299535021917,9.57864338545505,0.5299535021917006,0.5786433854550506,0.0,-1.17391333889216,-0.943527057373217,8.84226296691233,0.6774963981006294,-1.173913339957977,-0.9435270575508524
17,10.5298699056012,9.57845881609804,0.5298699056012008,0.5784588160980402,0.0,-1.15747950957257,-0.945958309195305,8.842754221919897,0.6799644681159407,-1.1574795100166568,-0.9459583110604796
18,10.5299298336896,9.57853436013709,0.5299298336896001,0.5785343601370894,0.0,-1.16003915833218,-0.94124291551978,8.842977867159718,0.7001075749285519,-1.1600391600197213,-0.9412429185395864
19,10.5300794801435,9.5779136989426,0.5300794801435007,0.5779136989426004,0.0,-1.17214725516845,-0.926927588729143,8.841638733565707,0.6392953200265765,-1.1721472549908185,-0.9269275899725925
20,10.5297575409729,9.57848588376,0.5297575409729003,0.5784858837600009,0.0,-1.15783603229502,-0.953989064367278,8.842993997427259,0.7547546299174428,-1.1578360349595584,-0.953989066942995
21,10.5297707947601,9.57862428550788,0.5297707947601005,0.57862428550788,0.0,-1.16363993090118,-0.932015458143809,8.843001714504677,0.7005317599978298,-1.1636399349868043,-0.9320154594760764
22,10.5300815099591,9.57763813446068,0.5300815099590999,0.5776381344606794,0.0,-1.17039592995027,-0.935071164942514,8.8422559511539,0.7094291248358786,-1.1703959299502742,-0.9350711675182309
23,10.5300536097642,9.57837901649293,0.5300536097642006,0.5783790164929297,0.0,-1.17010712346044,-0.924478637820414,8.841819278029806,0.6917371649760753,-1.1701071249703432,-0.9244786390638636
24,10.5302077199417,9.57818122576881,0.5302077199416999,0.5781812257688106,0.0,-1.16695215313101,-0.971191795162696,8.84167588634105,0.7005741319153458,-1.1669521549961814,-0.9711917960508741
25,10.5299592425821,9.57795314117015,0.5299592425821,0.5779531411701502,0.0,-1.16773241227719,-0.941532964038316,8.842563730282086,0.6976892868988216,-1.1677324149417245,-0.9415329654594017
26,10.5298692610443,9.5786800858282,0.5298692610443005,0.5786800858282,0.0,-1.1586514736095,-0.950709059299726,8.84289391264671,0.6427112850360572,-1.1586514800043801,-0.9507090600102684
27,10.5298384564899,9.57899455214515,0.5298384564898999,0.5789945521451507,0.0,-1.16399576306492,-0.938272531847417,8.842658674946223,0.6957649700343609,-1.1639957650189103,-0.938272533002049
28,10.5299645073199,9.57801811935758,0.5299645073198995,0.57801811935758,0.0,-1.16544430808219,-0.942017007332652,8.842512375563967,0.694392069010064,-1.1654443100361789,-0.9420170070661981
29,10.5299424766434,9.57773908978793,0.5299424766434004,0.5777390897879293,0.0,-1.17301151174587,-0.945746565061967,8.841669431692216,0.7027192539535463,-1.1730115149433118,-0.9457465659501451
30,10.529864697036,9.579234304959,0.5298646970360004,0.5792343049589999,0.0,-1.16403659413677,-0.929509420899421,8.84338595982569,0.6969888110179454,-1.1640365950249532,-0.929509423919228
31,10.5298436814309,9.57878010248105,0.5298436814309007,0.5787801024810495,0.0,-1.16786997041984,-0.951239988911112,8.842301488109493,0.6963899182155728,-1.1678699700645723,-0.9512399914868296
32,10.5303230780778,9.57890019121291,0.5303230780777994,0.5789001912129095,0.0,-1.16257062225955,-0.94644478938477,8.841632895031136,0.7809118430595845,-1.1625706250129042,-0.946444788496592
33,10.5302156730777,9.57881220331276,0.5302156730777003,0.5788122033127596,0.0,-1.16197590562805,-0.967657790873488,8.842872775874508,0.6295731011778116,-1.1619759099801286,-0.9676577909623062
34,10.530086548911,9.57794616094688,0.5300865489109992,0.5779461609468797,0.0,-1.1748545802881,-0.920734164910897,8.841678346082658,0.6752248569391668,-1.174854584995444,-0.920734167042525
35,10.5300713014115,9.57892954743546,0.5300713014114997,0.5789295474354592,0.0,-1.16171329196391,-0.938480891576887,8.842431975856067,0.6333446898497641,-1.1617132900099136,-0.9384808899781659
36,10.5299519287772,9.57856945130671,0.5299519287771997,0.5785694513067092,0.0,-1.16495960016394,-0.946042871508013,8.842174422902906,0.6847363361157477,-1.1649595999863038,-0.9460428719521018
37,10.5299715443721,9.57802350331112,0.5299715443720991,0.5780235033111207,0.0,-1.1701947738807,-0.923969851118755,8.842156616585505,0.686740179779008,-1.1701947749465091,-0.9239698514740268
38,10.5298812028995,9.57864567163424,0.5298812028994995,0.5786456716342396,0.0,-1.16443761077889,-0.930510605012813,8.842507472287704,0.698631667997688,-1.1644376099795295,-0.930510605012813
39,10.5298330202484,9.578702496764,0.5298330202484003,0.5787024967640004,0.0,-1.16793343440946,-0.948050477944662,8.842435013356573,0.7019004051107913,-1.1679334350311876,-0.948050479543383
40,10.5299884471918,9.57848754018556,0.5299884471917995,0.5784875401855594,0.0,-1.17882396857283,-0.921672785647587,8.842371392641247,0.7115583880804479,-1.178823969993914,-0.9216727849370442
41,10.5301544491157,9.57823382724429,0.5301544491157006,0.57823382724429,0.0,-1.16970886789858,-0.940996547260653,8.841726573482912,0.6939774388447404,-1.169708864967589,-0.9409965469941993
42,10.5302916755889,9.57804552960896,0.5302916755889004,0.5780455296089606,0.0,-1.17185826473687,-0.924390261314301,8.842080280045737,0.7038542979862541,-1.1718582650033227,-0.9243902635347466
43,10.5301647238313,9.57787945317617,0.5301647238312999,0.5778794531761697,0.0,-1.17556326033608,-0.912094249461148,8.841751727434401,0.6788606571499258,-1.1755632649546044,-0.9120942515039586
44,10.5300050361524,9.57777085797546,0.5300050361523994,0.5777708579754606,0.0,-1.17039716798217,-0.947135178730463,8.841595541896645,0.6253962768241763,-1.1703971700249838,-0.9471351784640091
45,10.5300987134648,9.57829876144497,0.5300987134648008,0.5782987614449695,0.0,-1.17048789451957,-0.927028249897432,8.84219033297898,0.6761577611323446,-1.1704878950524744,-0.9270282499862502
46,10.5299210892858,9.57849902007839,0.5299210892858,0.5784990200783895,0.0,-1.16429285217379,-0.941063965598232,8.842446079697574,0.6340792130213231,-1.1642928550159581,-0.9410639665752284
47,10.5300433963527,9.57821178677149,0.5300433963526991,0.5782117867714902,0.0,-1.16512090571064,-0.940253919612388,8.84296151569574,0.680691537912935,-1.1651209100627113,-0.9402539194347524
48,10.5299469056539,9.57887314641637,0.5299469056538992,0.5788731464163703,0.0,-1.16431706524978,-0.954965602950608,8.842227569974696,0.6204724439885467,-1.1643170649833223,-0.9549656049934184
49,10.5300931756028,9.57824387612945,0.5300931756028007,0.5782438761294504,0.0,-1.164748368776,-0.930472299121021,8.84272854243503,0.6727310018613935,-1.1647483700194528,-0.9304723019631921
50,10.530001831342,9.57812839836782,0.5300018313420001,0.57812839836782,0.0,-1.16883103657983,-0.923794294660496,8.842799280488348,0.9076577550731599,-1.1688310349811104,-0.9237942954598565
51,10.5301772207265,9.57844206334654,0.5301772207265003,0.5784420633465395,0.0,-1.1747762455272,-0.933991266549583,8.842465198272533,0.8075016289949417,-1.1747762499680903,-0.9339912664607651
52,10.5301438781003,9.57807971637849,0.5301438781003007,0.5780797163784896,0.0,-1.16687922320224,-0.92953926875694,8.842000099094792,0.6722882380709052,-1.1668792249786009,-0.9295392690233938
53,10.5300606661746,9.57876543655834,0.5300606661746006,0.5787654365583403,0.0,-1.15961233619899,-0.948557852797904,8.841931001221793,0.6321947749238461,-1.1596123349555398,-0.948557853508447
54,10.5297444314308,9.57868139175053,0.5297444314307995,0.5786813917505302,0.0,-1.16395254545765,-0.952170680612596,8.842554165568005,0.6866566608659923,-1.163952545013558,-0.9521706815007746
55,10.5299875001962,9.57916580894482,0.5299875001961993,0.5791658089448202,0.0,-1.17244228512448,-0.919143514188647,8.842495186888586,0.6957099558785558,-1.1724422849468397,-0.9191435129451974
56,10.5299687205745,9.57867022127535,0.5299687205744998,0.5786702212753507,0.0,-1.17124021947745,-0.950331341265098,8.842331239305128,0.6896673319861293,-1.171240220010361,-0.9503313404657375
57,10.5300655538104,9.57765323564178,0.5300655538104007,0.5776532356417796,0.0,-1.17606902687584,-0.921273570053671,8.84179088595296,0.703107912093401,-1.1760690299844612,-0.9212735709418495
58,10.5300160641188,9.5787096332763,0.5300160641188008,0.5787096332763007,0.0,-1.16819681537095,-0.945525470097408,8.841889467453882,0.7018921200651675,-1.1681968150156763,-0.9455254734724859
59,10.529696481874,9.57862564497715,0.5296964818739998,0.5786256449771496,0.0,-1.16700103651723,-0.928837928970694,8.843169629390786,0.7118448452092707,-1.1670010399811304,-0.9288379330563145
60,10.5302880077339,9.5783113036309,0.5302880077338994,0.5783113036308993,0.0,-1.16244799874821,-0.938786280979542,8.842334600650052,0.7148124438244849,-1.162447999991656,-0.938786280446635
61,10.5301150669035,9.57855968455695,0.5301150669035,0.5785596845569501,0.0,-1.16758284081087,-0.935339573526761,8.841506424626848,0.7690905570052564,-1.1675828400115051,-0.9353395739708502
62,10.5300367411518,9.57852203953698,0.5300367411518003,0.5785220395369794,0.0,-1.16211333995864,-0.92737828003564,8.842752207940967,0.7015751299913973,-1.1621133400474548,-0.9273782825225395
63,10.5299258299276,9.57852954544336,0.5299258299276008,0.5785295454433594,0.0,-1.17294218817676,-0.920305874974048,8.842158813789265,0.7177994668018073,-1.172942189953119,-0.9203058755069548
64,10.5301018161766,9.57811472125189,0.5301018161766002,0.5781147212518896,0.0,-1.17111132018621,-0.942783440205375,8.842399522466362,0.6965948960278183,-1.1711113199197598,-0.942783440027739
65,10.5301853739937,9.57831345835113,0.5301853739936995,0.5783134583511291,0.0,-1.16675099155472,-0.925347530333909,8.842059292437394,0.6166231301613152,-1.1667509899560002,-0.9253475325543546
66,10.5298725960517,9.5783144405931,0.5298725960516997,0.5783144405931004,0.0,-1.16639069647206,-0.929184325482168,8.842734136324045,0.6709368540905416,-1.1663907000247775,-0.9291843264591647
67,10.5299018645518,9.57850260969635,0.5299018645517997,0.5785026096963506,0.0,-1.16999699386611,-0.932558385358106,8.842692243197565,0.6862168500665575,-1.169996995020739,-0.9325583870456454
68,10.5299439738842,9.57804630288581,0.5299439738841993,0.5780463028858094,0.0,-1.16450509617394,-0.92846909778288,8.841947301626691,0.6301373490132391,-1.164505095019308,-0.9284691000033262
69,10.5303293753608,9.57761519744319,0.5303293753608003,0.5776151974431905,0.0,-1.18466961707142,-0.89505134903689,8.841689841893754,0.69925996218808,-1.1846696200024098,-0.8950513504579759
70,10.5299882865157,9.57816795994673,0.5299882865156995,0.5781679599467306,0.0,-1.17174614704396,-0.938352002588516,8.841983324351096,0.6823063800111413,-1.1717461450011513,-0.9383520030326052
71,10.5301833392838,9.57855213022177,0.5301833392838002,0.5785521302217695,0.0,-1.16780234105107,-0.947589032307405,8.841955627758175,0.715181941865012,-1.1678023449590569,-0.9475890325738588
72,10.5301800977173,9.57852009544859,0.5301800977173006,0.5785200954485905,0.0,-1.16328300361346,-0.945814031538816,8.842107910996525,0.7195405669044703,-1.1632830049457255,-0.945814034469805
73,10.5296159147421,9.57892461646942,0.5296159147421005,0.5789246164694202,0.0,-1.16511180978662,-0.936294159803452,8.843457905721193,0.6806816929019988,-1.165111814938058,-0.936294160513995
74,10.5298876271028,9.57851645086043,0.5298876271028004,0.5785164508604304,0.0,-1.15969942973138,-0.951346209188131,8.843343126253657,0.6959355450235307,-1.1596994299978292,-0.951346209010495
75,10.5299968077266,9.57811283051522,0.5299968077266008,0.5781128305152201,0.0,-1.16856800271847,-0.950296195600941,8.842544008961944,0.7004009960219264,-1.168568005027737,-0.9502961964891198
76,10.5302408889169,9.57773973450854,0.5302408889169001,0.5777397345085404,0.0,-1.17206191401209,-0.950214531236781,8.84218123770706,0.7766885319724679,-1.1720619149890865,-0.9502145319473242
77,10.5298794162867,9.57834347724265,0.5298794162867004,0.5783434772426492,0.0,-1.17088588762471,-0.925033853782509,8.841784890766748,0.7113296168390661,-1.1708858899339702,-0.9250338550259584
78,10.5300906826746,9.57854331761832,0.5300906826746008,0.5785433176183208,0.0,-1.17474746597068,-0.922642603384816,8.842415286560616,0.6178666278719902,-1.1747474700563032,-0.9226426034736334
79,10.5299339855336,9.57856472125629,0.5299339855335994,0.5785647212562903,0.0,-1.17768657466044,-0.91362195719924,8.841877322723574,0.6692703780718148,-1.1776865750157128,-0.9136219589755966
80,10.5297111096676,9.57858500365963,0.5297111096676002,0.5785850036596294,0.0,-1.1631915116439,-0.94082403121476,8.842739507175171,0.6235535128507763,-1.1631915150189798,-0.940824031570031
81,10.5300271314373,9.57847306245412,0.5300271314373006,0.5784730624541208,0.0,-1.15957192043936,-0.955673703639803,8.842863055163287,0.6876989409793168,-1.1595719250578895,-0.9556737045279816
82,10.5300006935201,9.57848515086701,0.5300006935200994,0.5784851508670101,0.0,-1.17531867180887,-0.92114620509065,8.842040939393698,0.6169038459192961,-1.1753186700325102,-0.9211462050018325
83,10.5298655479632,9.57814727674479,0.5298655479631993,0.5781472767447902,0.0,-1.17269645469875,-0.912273776609851,8.842442731793431,0.6886280770413578,-1.172696455054023,-0.9122737780309363
84,10.5300300036567,9.57864331871421,0.5300300036566998,0.5786433187142102,0.0,-1.16483857626193,-0.945314695321997,8.841932969062679,0.6961713519413024,-1.1648385799922778,-0.9453146945226364
85,10.5300381394317,9.57854495143925,0.5300381394316993,0.57854495143925,0.0,-1.17160809072203,-0.950659268372789,8.842137675818135,0.6965870519634336,-1.171608090011489,-0.9506592694386028
86,10.5297516732734,9.57811097595027,0.5297516732734007,0.5781109759502705,0.0,-1.17426497840967,-0.928121687771011,8.841915744711356,0.6901351790875196,-1.1742649849821873,-0.9281216884815534
87,10.5299451424089,9.57836259577171,0.5299451424089003,0.5783625957717096,0.0,-1.16965038410299,-0.946471078400179,8.842624607680122,0.6482312169391662,-1.16965038507999,-0.9464710789330865
88,10.5298063687232,9.57820391021381,0.5298063687232002,0.5782039102138103,0.0,-1.16574152606574,-0.926039056103889,8.841885394704004,0.6928571159951389,-1.1657415300625473,-0.9260390564591602
89,10.5300016102527,9.57795773897792,0.5300016102527003,0.5779577389779202,0.0,-1.18009764946692,-0.917716849979655,8.842713826883845,0.6820023781619966,-1.1800976499998228,-0.917716850512562
90,10.530017654827,9.57877791434308,0.5300176548270006,0.57877791434308,0.0,-1.17243547821388,-0.917496293251219,8.842789140528472,0.682240255875513,-1.1724354799902414,-0.9174962950275755
91,10.5298050957485,9.57899713799816,0.5298050957485003,0.5789971379981598,0.0,-1.16428996372875,-0.940389914561024,8.843255350717355,0.6435631799977273,-1.1642899650610161,-0.9403899140281168
92,10.5298327812331,9.57824743240791,0.5298327812331003,0.5782474324079097,0.0,-1.1721942280829,-0.936370936166497,8.84277160609291,0.6792900189757347,-1.1721942299480759,-0.9363709369658578
93,10.5300099031282,9.57840577685871,0.5300099031281995,0.5784057768587108,0.0,-1.17232697842695,-0.921244711182822,8.842581884613518,0.6852470289450139,-1.172326980025673,-0.921244711982183
94,10.5298440527701,9.57837729338902,0.5298440527701,0.5783772933890194,0.0,-1.16826194735964,-0.925080943492418,8.842783308259463,0.6363706439733505,-1.1682619500241742,-0.9250809440253248
95,10.5300029257959,9.57871502987164,0.5300029257959,0.5787150298716401,0.0,-1.16967812990865,-0.934395976859292,8.842355066234262,0.7540901908650994,-1.1696781350600816,-0.9343959779251064
96,10.529949105759,9.57830732427449,0.529949105759,0.5783073242744905,0.0,-1.1718483989398,-0.927578806741991,8.842218214566621,0.7045291289687157,-1.171848400005615,-0.9275788075413515
97,10.5299859984987,9.57824502377913,0.5299859984987005,0.5782450237791306,0.0,-1.15044373831807,-0.961822841460957,8.842476351361439,0.6931855049915612,-1.1504437399167955,-0.961822843947857
98,10.5297021168796,9.57876372948845,0.5297021168795997,0.5787637294884505,0.0,-1.15759193430875,-0.962019439487705,8.842631731621942,0.7023095949552953,-1.1575919350192976,-0.9620194394877045
99,10.5300927243068,9.57845425530626,0.5300927243067992,0.5784542553062604,0.0,-1.16945874202301,-0.930165991697152,8.842032426044167,0.6967801230493933,-1.1694587449539995,-0.9301659929406013
100,10.5298928037869,9.57770580162865,0.5298928037869004,0.5777058016286496,0.0,-1.17557393171097,-0.930463157278183,8.841720768871086,0.6292147040367126,-1.1755739349972316,-0.930463154968919
101,10.5299903661655,9.57885252595757,0.5299903661654994,0.5788525259575703,0.0,-1.16711840218997,-0.942625918565199,8.84217499678599,0.6800023030955344,-1.1671184049433236,-0.9426259190092877
102,10.5300827757184,9.57850384331079,0.5300827757183999,0.5785038433107896,0.0,-1.16761359265638,-0.926183840022077,8.842287997472994,0.6358290871139616,-1.167613594965644,-0.92618384153198
103,10.5299351150477,9.57904726104226,0.5299351150476994,0.5790472610422608,0.0,-1.16572536494886,-0.925975650467592,8.842612395089528,0.6888252461794764,-1.165725365037673,-0.9259756504675919
104,10.5299267645701,9.57808073459894,0.5299267645700994,0.5780807345989398,0.0,-1.16379986421222,-0.958907190362623,8.842619425868433,0.6810657370369881,-1.1637998650115833,-0.9589071915172552
105,10.5300488592534,9.57880404338012,0.5300488592533998,0.5788040433801207,0.0,-1.1689976714635,-0.938364121605417,8.84282689616185,0.6946602098178118,-1.1689976749273967,-0.9383641219606885
106,10.5301406361307,9.57738602220941,0.5301406361306995,0.57738602220941,0.0,-1.17232703633618,-0.937736507644615,8.841341788149242,0.6942614100407809,-1.1723270399777164,-0.9377365089768829
107,10.5302271137075,9.57782018461366,0.5302271137075003,0.5778201846136604,0.0,-1.17614122130405,-0.930878775395882,8.841825305936275,0.637436913093552,-1.1761412250343994,-0.9308787760176073
108,10.5301270829756,9.57823663262163,0.5301270829756,0.5782366326216302,0.0,-1.17148902250008,-0.924870850749215,8.841660211717528,0.675283462041989,-1.1714890249869825,-0.924870851992665
109,10.5302626383555,9.57835935807925,0.5302626383555005,0.5783593580792505,0.0,-1.17419667109431,-0.936843975729573,8.841968003750713,0.7042600330896676,-1.1741966750022925,-0.9368439745749412
110,10.5301302208368,9.57866886000331,0.5301302208367993,0.5786688600033099,0.0,-1.16180555709278,-0.946829316905706,8.842414325978515,0.6791827320121229,-1.1618055549611483,-0.9468293174386132
111,10.5301034099928,9.57807584042527,0.5301034099927993,0.5780758404252708,0.0,-1.17552443574809,-0.924779974731393,8.842460198544174,0.6305693660397083,-1.175524440011344,-0.9247799749978468
112,10.5299421008888,9.57800510809231,0.5299421008887997,0.5780051080923094,0.0,-1.16215244325701,-0.956658616857453,8.842948301006732,0.6993619420100003,-1.162152445033371,-0.9566586195219883
113,10.5296697025047,9.57874914937293,0.5296697025046999,0.5787491493729302,0.0,-1.16434497838824,-0.952202871573604,8.842615616053045,0.7107795879710466,-1.1643449800757821,-0.9522028719288754
114,10.5300109094085,9.57893783867315,0.5300109094084995,0.5789378386731503,0.0,-1.1624577596514,-0.928509830000479,8.843067085017978,0.6818409611005336,-1.1624577650692913,-0.9285098315103822
115,10.5298810149718,9.57942712534848,0.5298810149717994,0.5794271253484808,0.0,-1.16022729450549,-0.941852929425835,8.842314406063268,0.6868841957766563,-1.1602272950383963,-0.9418529304916489
116,10.5299674127902,9.57879707089544,0.5299674127901994,0.5787970708954404,0.0,-1.16442442719134,-0.935264779755585,8.84271154626593,0.7258972700219601,-1.164424425059707,-0.9352647825089376
117,10.5300781408244,9.57790701668966,0.5300781408244006,0.5779070166896592,0.0,-1.17157973109627,-0.926401583623004,8.841909010872545,0.6831309890840203,-1.1715797300304587,-0.9264015845111827
118,10.5300378982447,9.57844545432534,0.5300378982447,0.5784454543253403,0.0,-1.17058447575147,-0.934556496634542,8.842509926423778,0.6961357670370489,-1.1705844800147247,-0.93455649547991
119,10.529991010752,9.57824959750223,0.5299910107519992,0.5782495975022304,0.0,-1.1700653581137,-0.933708942429945,8.842344217144168,0.7067364379763603,-1.1700653600676958,-0.9337089430516697
120,10.5301102949059,9.57768369527429,0.5301102949058993,0.5776836952742901,0.0,-1.17813537068301,-0.924648233979752,8.84098159281001,0.7141321778763086,-1.1781353699724662,-0.924648233002756
121,10.530014617748,9.57851011993178,0.5300146177479998,0.5785101199317797,0.0,-1.17204210381416,-0.931007834292785,8.841854201691149,0.674120286013931,-1.1720421049687957,-0.9310078359803241
122,10.5301416208561,9.57888173297548,0.5301416208560994,0.5788817329754803,0.0,-1.16655281185984,-0.949686939843985,8.842517891917941,0.6279505239799619,-1.166552814968469,-0.9496869409986174
123,10.5299231444332,9.57892333486401,0.5299231444331998,0.5789233348640099,0.0,-1.15619105143239,-0.96137116694095,8.84321561144631,0.6797444869298488,-1.1561910500113015,-0.9613711670297674
124,10.5299619249702,9.57864304955729,0.5299619249702001,0.5786430495572894,0.0,-1.17285746110696,-0.931539202930764,8.842113745420209,0.6838635639287531,-1.1728574599523256,-0.9315392024866752
125,10.529967078766,9.5784314234547,0.5299670787659991,0.5784314234547008,0.0,-1.17213154195994,-0.928636015107287,8.842131504479376,0.7189944910351187,-1.1721315449797487,-0.9286360169724616
126,10.5298722425034,9.57870513876165,0.5298722425033997,0.5787051387616504,0.0,-1.16970572534569,-0.928564580693347,8.842943293776313,0.7009722541552037,-1.169705724990422,-0.9285645809598008
127,10.529947115492,9.57878543553534,0.5299471154919999,0.5787854355353392,0.0,-1.15896386647663,-0.947796612216223,8.842774339927605,0.707166476873681,-1.1589638700293392,-0.9477966120385871
128,10.530092094609,9.57804212289188,0.5300920946089995,0.5780421228918797,0.0,-1.17467629028312,-0.937827542291103,8.842149917436071,0.7039632168598473,-1.174676294990462,-0.9378275424687387
129,10.5301139952955,9.57809045966241,0.5301139952954994,0.5780904596624108,0.0,-1.17803339003686,-0.928922281229205,8.841774901574103,0.7037047240883112,-1.178033389948041,-0.928922282472655
130,10.5298856774791,9.57915132655947,0.5298856774791005,0.5791513265594705,0.0,-1.15741364252742,-0.956483198333302,8.842895898354122,0.7019418119452894,-1.1574136450143158,-0.9564831980668486
131,10.5300806267222,9.57883948467413,0.5300806267221994,0.5788394846741305,0.0,-1.16302613379915,-0.947735538137095,8.841887220350287,0.7068446760531515,-1.1630261350425997,-0.9477355405351772
132,10.5299771324041,9.57875030345177,0.5299771324041007,0.5787503034517698,0.0,-1.16265710818908,-0.949577128839252,8.8421701307573,0.774954334134236,-1.1626571100542549,-0.9495771299938837
133,10.53012587439,9.57829142556217,0.5301258743900004,0.5782914255621705,0.0,-1.16029564907194,-0.946685726521679,8.842530928383168,0.6937700971029699,-1.160295650048937,-0.946685728031582
134,10.5300454443935,9.57842840711318,0.5300454443934992,0.5784284071131793,0.0,-1.16944628585358,-0.941954660671484,8.841404613163686,0.6998035558499396,-1.1694462850542209,-0.9419546635136554
135,10.5299380143491,9.57888687189438,0.5299380143490993,0.5788868718943796,0.0,-1.17025285737427,-0.931830275696654,8.842846905237797,0.6308410039637238,-1.1702528599499828,-0.9318302755190188
136,10.5301557075589,9.57851391251284,0.5301557075588992,0.5785139125128396,0.0,-1.16778149426011,-0.944441426575793,8.842223048152665,0.6911608530208468,-1.1677814950594723,-0.9444414284409673
137,10.5300374768242,9.5784546915631,0.5300374768241998,0.5784546915631008,0.0,-1.16638295342142,-0.928080870377101,8.842282047669999,0.7644608048722148,-1.1663829550201399,-0.9280808714429155
138,10.5298039909891,9.57845706564787,0.5298039909890999,0.5784570656478696,0.0,-1.17045678562633,-0.931994457076257,8.842456747450012,0.7403066840488464,-1.1704567899784024,-0.931994460007246
139,10.5301142716757,9.57837841795015,0.5301142716756999,0.5783784179501499,0.0,-1.17048569627798,-0.944775037226009,8.84181911536915,0.6930165500380099,-1.170485700008328,-0.944775035982559
140,10.5300471675697,9.57876634598406,0.5300471675697,0.5787663459840608,0.0,-1.16463940438294,-0.929273174321565,8.842293766286794,0.6972801338415593,-1.164639404915846,-0.929273175032108
141,10.5299369621953,9.5790020724905,0.5299369621953005,0.5790020724904998,0.0,-1.16522667878982,-0.935963757697777,8.842952927452043,0.7809540019370615,-1.1652266800332711,-0.9359637560102384
142,10.5301401941665,9.57853196604749,0.5301401941664992,0.5785319660474908,0.0,-1.17459042057177,-0.913654228895666,8.842433857100323,0.7336633680388331,-1.174590420038868,-0.9136542290733017
143,10.5298354655304,9.57840561324772,0.5298354655304003,0.5784056132477193,0.0,-1.17402233730246,-0.916788821836434,8.842533128327315,0.7617396260611713,-1.1740223399669958,-0.9167888205041662
144,10.5295913927374,9.57869396077402,0.5295913927373999,0.5786939607740198,0.0,-1.15886280669386,-0.945322042777974,8.842942813441962,0.7001701719127595,-1.158862810068939,-0.9453220434885167
145,10.5298039697743,9.5782809237711,0.5298039697742993,0.5782809237711,0.0,-1.16871210327218,-0.948719418847332,8.843039851894014,0.6296904599294066,-1.1687120999859246,-0.9487194175150647
146,10.5299261330534,9.57831434721661,0.5299261330534009,0.5783143472166099,0.0,-1.16988795921813,-0.941882227412094,8.842595705069993,0.6757547329179943,-1.1698879600174905,-0.9418822270568227
147,10.530234308522,9.5787387767101,0.5302343085219992,0.5787387767101002,0.0,-1.16382168515727,-0.950616349726374,8.84174482461227,0.6316035741474479,-1.163821689953437,-0.9506163505257347
148,10.5302810459286,9.57846922636508,0.5302810459286,0.5784692263650797,0.0,-1.17014181348907,-0.944271410663333,8.841819217724991,0.7039324841462076,-1.1701418149989706,-0.9442714099527904
149,10.5299405789001,9.57814242005797,0.5299405789000993,0.5781424200579703,0.0,-1.16565845988958,-0.938689845053631,8.842183536538379,0.6892357380129397,-1.1656584600672204,-0.9386898480734372
150,10.5302902685255,9.57817225759086,0.5302902685254995,0.5781722575908592,0.0,-1.17914716986078,-0.915111011678959,8.841669959850984,0.6746258889324963,-1.1791471700384193,-0.9151110115013238
151,10.5299779365885,9.57823726499505,0.5299779365884998,0.5782372649950496,0.0,-1.17956816021447,-0.90746823513399,8.842367031501496,0.7025398400146514,-1.179568165010636,-0.9074682349563544
152,10.529898860056,9.57830818631055,0.5298988600560008,0.5783081863105508,0.0,-1.16636261289216,-0.940566609042293,8.842288374163392,0.6269216469954699,-1.166362615023786,-0.9405666095751996
153,10.5299414743902,9.57847811259778,0.5299414743901991,0.5784781125977805,0.0,-1.16639992366885,-0.945627067139298,8.842633577713059,0.6672303429804742,-1.166399925001116,-0.9456270684715661
154,10.5299037382293,9.57829951414852,0.5299037382293008,0.5782995141485205,0.0,-1.17177838303562,-0.93264391090031,8.843005890515382,0.6359283409547061,-1.171778384989608,-0.9326439104562211
155,10.5298111334227,9.57897332325181,0.5298111334226991,0.5789733232518106,0.0,-1.1602428275026,-0.95036177549801,8.843350885684178,0.7560391009319574,-1.1602428299894996,-0.950361777007913
156,10.5297561756845,9.57791250719974,0.5297561756845006,0.5779125071997395,0.0,-1.17405916855162,-0.937250719879046,8.842284788945797,0.6332770159933716,-1.1740591699727077,-0.9372507205007706
157,10.5298705863206,9.57760779030513,0.5298705863205999,0.5776077903051302,0.0,-1.17931758589762,-0.918669486615897,8.842221440394265,0.6862005030270666,-1.179317589983242,-0.9186694894580681
158,10.5300645454899,9.57903045089487,0.5300645454898998,0.5790304508948694,0.0,-1.17093871283558,-0.940611452548978,8.842615828592525,0.7046666902024299,-1.1709387149672068,-0.9406114525489783
159,10.5301644201651,9.57863110618742,0.5301644201651001,0.5786311061874194,0.0,-1.17552253380282,-0.942495761346862,8.841920037705172,0.6771131111308932,-1.1755225350462695,-0.9424957615244977
160,10.5299404574369,9.57887112308861,0.5299404574369007,0.5788711230886108,0.0,-1.16243191010668,-0.957080847552305,8.84284322073379,0.6386024728417397,-1.1624319100178582,-0.957080847019398
161,10.5300008474673,9.57844922740461,0.5300008474672993,0.5784492274046098,0.0,-1.17798900607369,-0.911614616061485,8.842185114633104,0.6805028631351888,-1.1779890049190556,-0.9116146170384808
162,10.5299429288045,9.57860625363804,0.5299429288045001,0.5786062536380392,0.0,-1.17200054114974,-0.943629932415035,8.842162161448577,0.709292626939714,-1.1720005399951106,-0.9436299334808494
163,10.5299080868875,9.57901107276154,0.5299080868875006,0.5790110727615403,0.0,-1.16142767918603,-0.947851458654725,8.842498546631525,0.6919240828137845,-1.161427679985394,-0.9478514590099961
164,10.5301149100633,9.57905177682997,0.5301149100633005,0.5790517768299708,0.0,-1.16511107011164,-0.942503854872711,8.841686007063394,0.6235867869108915,-1.1651110749966165,-0.9425038539845331
165,10.5297317085616,9.57807194839488,0.5297317085616005,0.5780719483948804,0.0,-1.16963780252277,-0.926856899052808,8.8425486448492,0.6899235069286078,-1.1696378050096712,-0.9268568989639902
166,10.5298185031425,9.57839988214562,0.5298185031425007,0.5783998821456198,0.0,-1.1697491323126,-0.921162265132835,8.842687319864433,0.6833026788663119,-1.1697491349771383,-0.9211622680638242
167,10.5300632580913,9.57851812537424,0.5300632580912996,0.5785181253742397,0.0,-1.17277473856703,-0.945015289666173,8.841957900181555,0.6999676271807402,-1.1727747399881139,-0.9450152890444484
168,10.5299458713686,9.57855340093393,0.5299458713686,0.5785534009339308,0.0,-1.16884991250288,-0.934380863704121,8.84174859538315,0.6873701082076877,-1.1688499100159788,-0.9343808664574736
169,10.5302474182403,9.57820271928304,0.5302474182403003,0.5782027192830395,0.0,-1.16005041856937,-0.946449094918478,8.841994110449592,0.7023357329890132,-1.1600504250530719,-0.9464490940302993
170,10.5299184657885,9.5783413590544,0.5299184657884997,0.5783413590544004,0.0,-1.16427117804463,-0.940940027760462,8.842103440450034,0.7079991269856691,-1.1642711799986216,-0.9409400294480007
171,10.529886263425,9.57818874612016,0.5298862634250003,0.5781887461201602,0.0,-1.16999583550381,-0.94751482704325,8.84219132017731,0.6246914470102638,-1.169995834970905,-0.947514827487339
172,10.5300583914957,9.57793481100842,0.5300583914957002,0.5779348110084204,0.0,-1.17750440784548,-0.929546265826531,8.841341515976465,0.6866145450621843,-1.1775044050033046,-0.9295462665370734
173,10.5299372034733,9.57855691095689,0.5299372034733008,0.5785569109568893,0.0,-1.16474717879456,-0.93899859638924,8.842960147144074,0.7128221448510885,-1.1647471799491882,-0.9389985994978644
174,10.5300317711592,9.5780729016063,0.5300317711591997,0.5780729016062995,0.0,-1.17734868547714,-0.923694574517242,8.841782936541394,0.677518491866067,-1.177348684944235,-0.923694575050149
175,10.5301833267866,9.57826819880381,0.5301833267866005,0.5782681988038103,0.0,-1.16840519410744,-0.924286129677654,8.841809035451906,0.6974412989802659,-1.1684051949956142,-0.9242861310099214
176,10.5299867133321,9.57865130654734,0.5299867133321001,0.5786513065473393,0.0,-1.17292881762765,-0.913039199534893,8.842113183000158,0.7267955499701202,-1.1729288199369137,-0.9130392014888854
177,10.5302649932842,9.57857049386395,0.5302649932842005,0.5785704938639498,0.0,-1.17020485914665,-0.940836916907273,8.842413361812385,0.7666551470756531,-1.1702048600348292,-0.9408369174401797
178,10.5299052653147,9.57922584372833,0.5299052653146994,0.5792258437283309,0.0,-1.16430210264085,-0.929020006879,8.842052201391349,0.6967894269619137,-1.16430210495011,-0.929020008477721
179,10.5301013371541,9.57822839671791,0.5301013371541003,0.5782283967179094,0.0,-1.17420482768082,-0.918958863049823,8.84247107323506,0.7281145039014518,-1.1742048299900887,-0.9189588630498234
180,10.5302495771011,9.57783500345685,0.5302495771011007,0.5778350034568493,0.0,-1.17860368771261,-0.91328146485381,8.841873212359843,0.6747887539677322,-1.1786036900218733,-0.9132814679624345
181,10.5297426032474,9.57887357160392,0.5297426032473993,0.5788735716039195,0.0,-1.1591551097645,-0.950644762909292,8.842603726206521,0.6293605391401798,-1.1591551100309516,-0.9506447629981095
182,10.530189268137,9.5779256881583,0.5301892681370006,0.5779256881583006,0.0,-1.1676363179447,-0.936598163825408,8.841550653343665,0.6796306499745697,-1.1676363199875084,-0.9365981634701369
183,10.5298896373864,9.5789024527584,0.5298896373864004,0.5789024527584008,0.0,-1.16121172792916,-0.935981948302356,8.843004890782122,0.6931725670583546,-1.161211724998168,-0.9359819490128983
184,10.5301292924352,9.57854092618804,0.5301292924352001,0.5785409261880403,0.0,-1.17707109383858,-0.924675307967249,8.841856314833393,0.6932478598318994,-1.1770710999670086,-0.9246753080560665
185,10.5299472693062,9.57805914589036,0.5299472693062004,0.5780591458903608,0.0,-1.16803328582549,-0.945946779040696,8.842348690398955,0.635725790867582,-1.1680332850261266,-0.9459467805505993
186,10.5301184769173,9.57797869711591,0.5301184769173002,0.5779786971159098,0.0,-1.17207700949251,-0.933870740027487,8.842360713362877,0.6915893070399761,-1.1720770100254185,-0.9338707419814795
187,10.5302193503448,9.57838019472714,0.5302193503447992,0.5783801947271403,0.0,-1.16673125969413,-0.951733365894824,8.842177677498967,0.7108830469660461,-1.166731265023202,-0.9517333669606386
188,10.5301597186085,9.57847838316245,0.5301597186085001,0.5784783831624498,0.0,-1.16378096786107,-0.959086743534954,8.842313752965973,0.6973209308926016,-1.1637809699927004,-0.9590867450448569
189,10.530136216959,9.57896548406946,0.5301362169590007,0.5789654840694602,0.0,-1.16785806012487,-0.933208836784161,8.841803182026272,0.7017248331103474,-1.1678580650098525,-0.9332088384716996
190,10.5297112319469,9.57924275505447,0.5297112319468997,0.5792427550544694,0.0,-1.17188890023101,-0.927109539361481,8.841906748303249,0.6972206099890172,-1.1718889049383563,-0.9271095399832062
191,10.5300245491825,9.57859943168122,0.5300245491824995,0.5785994316812193,0.0,-1.16207281690706,-0.967820750652493,8.842156083984056,0.6930711949244142,-1.1620728200156805,-0.967820751007764
192,10.5299397251527,9.57846075794967,0.5299397251526994,0.5784607579496708,0.0,-1.17254962974656,-0.92338320447638,8.842873019724301,0.7078942209482193,-1.172549630013009,-0.9233832034993837
193,10.5299811009283,9.57847579005961,0.5299811009282998,0.5784757900596098,0.0,-1.16808661632106,-0.937459141958641,8.842554268926262,0.7055051410570741,-1.1680866149887947,-0.9374591445343582
194,10.5299368501971,9.5787050352839,0.5299368501970996,0.5787050352838996,0.0,-1.16330997803615,-0.937784350352189,8.842060849190576,0.6898562689311802,-1.1633099799901458,-0.9377843495528281
195,10.5301042875051,9.57839850022907,0.5301042875051003,0.5783985002290706,0.0,-1.17592708788194,-0.91515270277398,8.841495758063832,0.6974736528936774,-1.1759270900135732,-0.9151527034845229
196,10.5301183727509,9.57793101521162,0.5301183727509002,0.5779310152116199,0.0,-1.17020449881267,-0.930699069101593,8.842050784120907,0.7668129440862685,-1.1702045000561156,-0.9306990699897709
197,10.5302866024614,9.57878024504783,0.5302866024614001,0.5787802450478292,0.0,-1.17043189851174,-0.923311372247326,8.841948853934868,0.7206164761446416,-1.17043190002164,-0.9233113745565901
198,10.5300272485122,9.57913803007045,0.5300272485121997,0.5791380300704496,0.0,-1.17327922941612,-0.923868606061973,8.842272908818284,0.7002481420058757,-1.1732792350116483,-0.9238686060619726
199,10.5299598496221,9.57860939954958,0.5299598496221005,0.5786093995495794,0.0,-1.17101911838446,-0.930558566203388,8.842350789640596,0.6955530198756605,-1.1710191200720033,-0.9305585680685623
200,10.5300369418929,9.57837710101921,0.5300369418929005,0.5783771010192105,0.0,-1.17329486872819,-0.931078060073531,8.841942205885786,0.6923178718425333,-1.1732948699716417,-0.9310780599847134
201,10.5300859697352,9.57836988470544,0.5300859697352003,0.5783698847054399,0.0,-1.16756697634557,-0.944315473638824,8.841758982106349,0.6880404967814684,-1.1675669799871002,-0.9443154760369054
202,10.5299510211051,9.57801446133502,0.5299510211051004,0.5780144613350195,0.0,-1.16201313726805,-0.93685407245303,8.842176323366305,0.6375489567872137,-1.1620131400214007,-0.9368540740517516
203,10.5299862725511,9.57874574281257,0.5299862725511009,0.5787457428125702,0.0,-1.16093105804183,-0.94356227107184,8.842469329211669,0.6945526748895645,-1.1609310599958178,-0.9435622714271118
204,10.5299640318965,9.57837841541491,0.5299640318964993,0.5783784154149103,0.0,-1.16494574742276,-0.949924230297938,8.842138553986205,0.6855923652183264,-1.1649457499984806,-0.9499242340282875
205,10.5300311426866,9.57858029202735,0.5300311426865996,0.5785802920273504,0.0,-1.1705459245448,-0.925491793513089,8.842238129712866,0.6291062361560762,-1.170545924988886,-0.9254917965328956
206,10.5299747518014,9.57824444558928,0.5299747518014009,0.5782444455892808,0.0,-1.17323890655996,-0.9235897265647,8.84239746565558,0.6986138010397553,-1.173238910023855,-0.9235897270087888
207,10.5299307750531,9.57964120991359,0.5299307750530993,0.5796412099135893,0.0,-1.16868476505161,-0.945013356989932,8.842837196349773,0.7617801211308688,-1.1686847649627907,-0.945013356457025
208,10.5300455291018,9.57750979836035,0.5300455291018,0.5775097983603494,0.0,-1.18119736498556,-0.924591299700239,8.842039062672182,0.6971802420448512,-1.1811973699593636,-0.9245913010325068
209,10.5300477991168,9.57817756649584,0.5300477991167991,0.5781775664958406,0.0,-1.1678000563009,-0.931952281213455,8.842641138564638,0.6964045371860266,-1.1678000549686374,-0.9319522829898118
210,10.5301418201936,9.57852726231216,0.5301418201936006,0.5785272623121607,0.0,-1.17058088289212,-0.930882999128357,8.842144566205715,0.7000089529901743,-1.1705808850237531,-0.9308829990395394
211,10.5299845067718,9.57861965191829,0.5299845067718003,0.5786196519182898,0.0,-1.16225153661276,-0.941220689743005,8.842529832989337,0.6988961601164192,-1.1622515399878353,-0.941220690453548
212,10.5301067627044,9.57828247889786,0.5301067627043992,0.5782824788978598,0.0,-1.17494331872692,-0.945419599673869,8.841409868283447,0.64277009293437,-1.1749433199703674,-0.9454196000291403
213,10.5299475255062,9.5780288054608,0.5299475255062003,0.5780288054608,0.0,-1.17165109587702,-0.946191598227841,8.84258173799271,0.6946729100309312,-1.171651100051463,-0.9461915970732092
214,10.5298409236821,9.57822036033425,0.5298409236820998,0.5782203603342495,0.0,-1.17609920007311,-0.911616068055565,8.842525759752828,0.7677069799974561,-1.17609920504691,-0.9116160689437435
215,10.5302217716458,9.57870149893502,0.5302217716458006,0.5787014989350201,0.0,-1.17333071774084,-0.918703409347188,8.842014445120885,0.699012435041368,-1.1733307199612852,-0.918703410945909
216,10.5300207414275,9.578664248275,0.5300207414274993,0.5786642482750004,0.0,-1.16087675392507,-0.939246443998343,8.842662053099042,0.7010305922012776,-1.1608767599646796,-0.9392464445312497
217,10.5297745850167,9.57859777209257,0.5297745850166997,0.5785977720925697,0.0,-1.1708932162513,-0.924151892256475,8.842562207012707,0.6996853360906243,-1.1708932199816502,-0.9241518915459322
218,10.5300894215042,9.57895467561812,0.5300894215042007,0.5789546756181192,0.0,-1.1603272270122,-0.946934073642325,8.842437861768776,0.7270465109031647,-1.16032723003201,-0.9469340739975961
219,10.5300099980589,9.57874004281877,0.5300099980588993,0.5787400428187706,0.0,-1.17122341194431,-0.937861358707437,8.842358749780377,0.685307394945994,-1.1712234099903185,-0.9378613595067974
220,10.5299638807673,9.57828001613012,0.5299638807672995,0.5782800161301207,0.0,-1.16793554605366,-0.935100120180721,8.842514495535037,0.6894495219457895,-1.1679355499616406,-0.9351001210688991
221,10.5300614397657,9.57853883043345,0.5300614397656993,0.57853883043345,0.0,-1.163007378846,-0.936000835149997,8.842785257092034,0.7086739821825176,-1.1630073800006357,-0.9360008370151717
222,10.5298825621585,9.57853325991049,0.5298825621584999,0.5785332599104898,0.0,-1.15517417755839,-0.96388928199076,8.84288959585762,0.6235958181787282,-1.155174180045293,-0.963889283944752
223,10.5300310385438,9.5787980117619,0.5300310385438003,0.5787980117619007,0.0,-1.15947578338549,-0.948953834356558,8.843191150348282,0.6892395690083504,-1.1594757849842097,-0.9489538360440973
224,10.529889328647,9.57801855373826,0.5298893286470001,0.5780185537382607,0.0,-1.16895565360764,-0.934522419893113,8.842298251484385,0.6917219860479236,-1.1689556500549259,-0.9345224205148382
225,10.530076220103,9.57805540156696,0.530076220103,0.5780554015669601,0.0,-1.16763453972268,-0.932740293535517,8.841982670228548,0.6811072609853,-1.1676345399891375,-0.9327402934466987
226,10.5300041506932,9.57812113431679,0.5300041506932001,0.57812113431679,0.0,-1.17577939775515,-0.931991392771891,8.842224125805153,0.6350660368334502,-1.175779395001797,-0.9319913900185383
227,10.5300493065705,9.57861810253626,0.5300493065705005,0.5786181025362591,0.0,-1.1734464377966,-0.926405618795201,8.841754837295003,0.6857361057773232,-1.1734464400170452,-0.9264056189728364
228,10.5299896611281,9.57859173557656,0.5299896611281003,0.5785917355765609,0.0,-1.17164835611305,-0.931780335822196,8.84163319440551,0.712315269978717,-1.1716483549584211,-0.9317803384867317
229,10.5297065724853,9.57878365959357,0.5297065724852992,0.5787836595935705,0.0,-1.16522334163704,-0.947584602961626,8.84266700627731,0.6795764288399369,-1.165223345012123,-0.9475846030504441
230,10.5300825735462,9.57830401986195,0.5300825735461991,0.5783040198619496,0.0,-1.16245473327226,-0.953457366748012,8.841881466981306,0.6279059839434922,-1.1624547350486125,-0.9534573699454539
231,10.5300066473011,9.57854729711804,0.5300066473011,0.5785472971180408,0.0,-1.16680282395976,-0.932797700237131,8.841869951210409,0.7708235289901495,-1.1668028249367524,-0.9327977000594955
232,10.5299410851578,9.5782373975905,0.5299410851577999,0.5782373975905006,0.0,-1.17486335282635,-0.928138582345639,8.842511272735425,0.6332531068474054,-1.174863354957978,-0.9281385825232745
233,10.5300737941276,9.57802956649584,0.5300737941276008,0.5780295664958395,0.0,-1.17365643461653,-0.926554400848545,8.842869739653606,0.7012188360095024,-1.1736564399456029,-0.9265544030689908
234,10.5297912402672,9.57726408652305,0.5297912402671994,0.5772640865230496,0.0,-1.17916466599866,-0.904396267831231,8.842652122443976,0.7000649480614811,-1.1791646699954583,-0.904396268985863
235,10.5300446758519,9.57830572446616,0.5300446758519008,0.5783057244661602,0.0,-1.17676525421828,-0.915349863106485,8.84225948463833,0.7971401331014931,-1.1767652550176422,-0.9153498639946632
236,10.5298311566401,9.57840454744691,0.5298311566400997,0.57840454744691,0.0,-1.16069946978214,-0.948316735271959,8.842937578894006,0.6968291259836406,-1.1606994750223976,-0.9483167350055054
237,10.5299361021484,9.57850696672424,0.5299361021483993,0.5785069667242393,0.0,-1.17189810442397,-0.91751454629474,8.842584005201319,0.6979337220545858,-1.171898105045699,-0.9175145474493717
238,10.5299041644356,9.57912242419841,0.5299041644355995,0.5791224241984096,0.0,-1.15689976780686,-0.951571406293539,8.842447728111978,0.7064406040590256,-1.1568997700273087,-0.9515714075369884
239,10.5302279689035,9.57830625334216,0.5302279689034997,0.5783062533421592,0.0,-1.17435431237212,-0.935640118715497,8.84154706956642,0.6956542688421905,-1.174354315036652,-0.9356401179161365
240,10.5299612883732,9.5779800791792,0.5299612883731992,0.5779800791792002,0.0,-1.18133639395168,-0.891752757059549,8.841400480848707,0.7597571790684015,-1.181336395017496,-0.8917527575036387
241,10.530181622507,9.57845864642544,0.5301816225069995,0.5784586464254406,0.0,-1.17543529452036,-0.926908857401543,8.841529040683515,0.7076312599238008,-1.1754352949644442,-0.9269088580232675
242,10.529876663095,9.57892662839165,0.5298766630949991,0.5789266283916508,0.0,-1.17021483729829,-0.923270019725919,8.842523083070036,0.714162431191653,-1.1702148399628243,-0.9232700189265585
243,10.5300030267017,9.57844693434145,0.5300030267016993,0.57844693434145,0.0,-1.17231058913703,-0.934403326180444,8.84235459978396,0.7172826689202338,-1.172310590025205,-0.9344033264468975
244,10.529875087738,9.57827490871264,0.5298750877380005,0.5782749087126398,0.0,-1.16310942512854,-0.933290844873369,8.841960614002254,0.7015105518512428,-1.1631094250397211,-0.9332908474490863
245,10.5300425367347,9.57867500312487,0.5300425367346993,0.5786750031248697,0.0,-1.16743743543424,-0.927146015961,8.84228714461369,0.7067509240005165,-1.1674374349901484,-0.9271460170268141
246,10.5300806753408,9.57841077917904,0.5300806753408001,0.5784107791790394,0.0,-1.17405851058905,-0.923359691817893,8.842126148522006,0.7639211439527571,-1.174058509967324,-0.9233596944824284
247,10.5296503933034,9.57835829288231,0.5296503933034007,0.5783582928823101,0.0,-1.16958609508444,-0.923734577185087,8.842647770802998,0.7113210568204522,-1.1695860949956227,-0.9237345775403581
248,10.5301643608025,9.57828084596997,0.5301643608025,0.5782808459699709,0.0,-1.16934595455476,-0.945986936162768,8.841688872259276,0.7022914360277355,-1.169345954998846,-0.9459869359851324
249,10.5297436777168,9.57806318074745,0.5297436777167999,0.5780631807474492,0.0,-1.17910328185644,-0.913277831493531,8.84201603869935,0.7049995469860733,-1.179103285053884,-0.9132778299836274
250,10.5299885024666,9.57870096571263,0.5299885024665993,0.5787009657126294,0.0,-1.16470935029866,-0.927955691221172,8.842330375970297,0.7025199760682881,-1.1647093499433936,-0.9279556924646214
251,10.5299746924167,9.57796874399279,0.5299746924166993,0.5779687439927894,0.0,-1.16995652161833,-0.928260288812765,8.842024291401042,0.6967389991041273,-1.1699565249934096,-0.9282602894344903
252,10.5300775468053,9.57802114802942,0.5300775468053001,0.5780211480294195,0.0,-1.17017279919196,-0.937700913983264,8.842193930485868,0.6993349289987236,-1.1701728049651194,-0.9377009149602599
253,10.5299748743555,9.57897724392794,0.5299748743554993,0.5789772439279393,0.0,-1.16396293119436,-0.944617866949215,8.842250601833445,0.7867543071042746,-1.1639629300397303,-0.9446178680150296
254,10.5301885033662,9.57817336167728,0.5301885033661993,0.5781733616772797,0.0,-1.17655401101757,-0.9228279253648,8.841204260228109,0.9980429189745337,-1.176554009951758,-0.9228279265194316
255,10.530041073255,9.57776069901948,0.5300410732549992,0.5777606990194801,0.0,-1.17762972102753,-0.935581403282981,8.842059652077095,1.1105963941663504,-1.1776297199617147,-0.9355814039935239
256,10.529872348351,9.57829240358616,0.5298723483510006,0.5782924035861594,0.0,-1.16231224529528,-0.955806270219739,8.842456614735372,0.8168463439214975,-1.1623122500026284,-0.9558062714631886
257,10.5300829847953,9.57868606787868,0.5300829847952997,0.5786860678786798,0.0,-1.1620523265421,-0.951419278472088,8.841746906880845,0.7671720390208066,-1.1620523300059915,-0.9514192805148979
258,10.530032504081,9.57788392810155,0.5300325040809994,0.5778839281015493,0.0,-1.17899753968587,-0.907821831575006,8.841839460933421,0.7060963390395045,-1.1789975400411379,-0.907821833973088
259,10.5299177192143,9.578939186502,0.5299177192142999,0.5789391865019997,0.0,-1.16938806895561,-0.927539091399865,8.842000660073422,0.6931343842297792,-1.1693880700214265,-0.9275390914886826
260,10.5301858776523,9.57845300801973,0.5301858776523005,0.5784530080197303,0.0,-1.17068704250656,-0.928707237157766,8.842336959768556,0.6959104179404676,-1.170687044993457,-0.9287072344932311
261,10.5301215179694,9.57865148306603,0.5301215179694001,0.5786514830660305,0.0,-1.16674546157824,-0.93508528191677,8.842458701636595,0.7016267338767648,-1.1667454650421405,-0.9350852839595801
262,10.5298516223601,9.57824155732268,0.5298516223601002,0.5782415573226807,0.0,-1.17209813046415,-0.93361480484333,8.8421315346184,0.7085116971284151,-1.1720981300200606,-0.933614805997962
263,10.5297454414466,9.57785257824594,0.5297454414466003,0.57785257824594,0.0,-1.17115155156,-0.922000899183928,8.842345242788662,0.7900131959468126,-1.1711515549350793,-0.9220009000721062
264,10.5300105178675,9.57828654621546,0.5300105178675008,0.5782865462154607,0.0,-1.17304073681268,-0.918414033090897,8.842286845474302,0.6379198022186756,-1.1730407349475058,-0.918414034956072
265,10.5301997933321,9.5782700402603,0.5301997933321001,0.5782700402602998,0.0,-1.16742544449266,-0.942347382881792,8.841645395137434,0.6905523240566254,-1.1674254450255717,-0.9423473840364237
266,10.5299843031061,9.57841627004873,0.5299843031060991,0.5784162700487308,0.0,-1.16701773258399,-0.943848947976278,8.842024304298912,0.6933827858883888,-1.1670177349820676,-0.9438489469992816
267,10.5298600949593,9.57839636920655,0.5298600949593002,0.5783963692065495,0.0,-1.1709463990428,-0.944888451837045,8.841713305163045,0.7234573739115149,-1.170946400019801,-0.9448884529916767
268,10.5298836165202,9.57828603956079,0.5298836165202001,0.5782860395607905,0.0,-1.16433422858719,-0.95715474497382,8.842214962516403,0.7767364869359881,-1.1643342349820784,-0.9571547469278129
269,10.5299761086149,9.57757459915209,0.5299761086148997,0.57757459915209,0.0,-1.1726099780951,-0.932790407048856,8.841856300017408,0.6965694450773299,-1.1726099799602707,-0.9327904074929448
270,10.5298788474165,9.57888888828509,0.5298788474164997,0.5788888882850909,0.0,-1.16556713765092,-0.943568207478762,8.842701489222975,0.697518469998613,-1.1655671400490064,-0.9435682095215724
271,10.5298016411095,9.57823789815063,0.5298016411095006,0.5782378981506309,0.0,-1.16609486351393,-0.963145796983866,8.841864118397426,0.7000463579315692,-1.1660948599612198,-0.9631457969838663
272,10.5302016328233,9.57814444253654,0.5302016328232995,0.5781444425365407,0.0,-1.17340424496959,-0.922958319726774,8.842258167073247,0.6981985329184681,-1.1734042449695892,-0.922958320437317
273,10.5298137544401,9.57787740452933,0.5298137544401005,0.57787740452933,0.0,-1.17239302372951,-0.92489092029524,8.84247085621385,0.6936208768747747,-1.172393024972962,-0.9248909210057831
274,10.5302154151825,9.57831432211276,0.5302154151825,0.5783143221127602,0.0,-1.17299866877474,-0.932266587305719,8.841556466562864,0.6916037760674953,-1.1729986700181882,-0.9322665894373471
275,10.5300451782307,9.57848870948303,0.5300451782307007,0.5784887094830307,0.0,-1.17177758136577,-0.908508897357052,8.842653297379435,0.697206772165373,-1.1717775800335062,-0.908508899044591
276,10.529992435267,9.57813181821789,0.5299924352669994,0.5781318182178907,0.0,-1.16103221916575,-0.947214657731621,8.842457824142764,0.6304384449031204,-1.161032219965108,-0.9472146600408847
277,10.5297966607631,9.57857995411357,0.5297966607631004,0.5785799541135699,0.0,-1.17176081957382,-0.910954241994943,8.842466957574876,0.6876631551422179,-1.1717608200179086,-0.9109542444818429
278,10.5300105574755,9.57853941707283,0.5300105574754994,0.5785394170728306,0.0,-1.17578319986933,-0.92954204191642,8.842250181669424,0.6239251969382167,-1.175783205020764,-0.9295420429822342
279,10.5297952968361,9.57844300847598,0.5297952968361006,0.5784430084759808,0.0,-1.17400298771386,-0.917033371283793,8.842190628309831,0.6884240459185094,-1.1740029900231264,-0.9170333725272427
280,10.530074941435,9.57878229870353,0.5300749414350001,0.5787822987035298,0.0,-1.16441470172646,-0.936531001816121,8.84185926296654,0.6787422290071845,-1.1644147050127174,-0.9365310044806562
281,10.529827005678,9.57823216612608,0.5298270056779995,0.5782321661260799,0.0,-1.1646171220292,-0.955178201955675,8.84255018567242,0.6260822061449289,-1.1646171199863886,-0.9551782005345898
282,10.5298082947673,9.57895184900637,0.5298082947672995,0.5789518490063692,0.0,-1.16502380151928,-0.961355341821957,8.843141598882694,0.6930958260782063,-1.1650238049831785,-0.961355341022596
283,10.529773970618,9.57831411809993,0.5297739706180007,0.5783141180999305,0.0,-1.16573537090048,-0.931827809935726,8.842835513185786,0.6906881958711892,-1.1657353749860988,-0.9318278085146402
284,10.5300501261253,9.57851190049625,0.5300501261252997,0.5785119004962507,0.0,-1.16048940803637,-0.959365444686,8.84198631512329,0.7113551790826023,-1.1604894099903618,-0.9593654464623568
285,10.530041454252,9.57860998756972,0.5300414542520002,0.5786099875697204,0.0,-1.15724952074459,-0.954952889475891,8.842622229507883,0.7146992408670485,-1.1572495199452248,-0.954952891518701
286,10.5300011645748,9.57895784066776,0.5300011645748004,0.5789578406677602,0.0,-1.16194023611627,-0.932979887835472,8.8428553430522,0.7538288088981062,-1.1619402399354328,-0.9329798895230111
287,10.529896615128,9.57786249649129,0.5298966151279991,0.5778624964912904,0.0,-1.17626997662157,-0.925118482975051,8.842107502270649,0.6446069648955017,-1.176269979996647,-0.9251184849290438
288,10.5303408534473,9.57803322120806,0.5303408534472993,0.5780332212080594,0.0,-1.18204540706657,-0.919216503625364,8.841338787080844,0.7610487011261284,-1.1820454099975564,-0.9192165039806354
289,10.5299561523494,9.57885141891332,0.5299561523493992,0.5788514189133203,0.0,-1.15932869011459,-0.952998800762828,8.842814531270944,0.6383459740318358,-1.159328689936956,-0.9529988009404632
290,10.5301654411878,9.57828100151049,0.5301654411877994,0.57828100151049,0.0,-1.17858064045961,-0.941163199374983,8.841115053422405,0.685051643056795,-1.1785806449893244,-0.9411631999967084
291,10.5297937616206,9.57870907262388,0.5297937616205992,0.5787090726238802,0.0,-1.16678120134495,-0.931698886308396,8.84263074965913,0.7192522520199418,-1.1667812050752957,-0.9316988864860319
292,10.5300821831198,9.57869866066117,0.5300821831198004,0.5786986606611695,0.0,-1.16576459783246,-0.941100695506236,8.841573997412542,0.6944812210276723,-1.165764599964092,-0.941100694973329
293,10.5298625822767,9.57862962454995,0.5298625822766994,0.5786296245499507,0.0,-1.1619189432821,-0.940871392618447,8.84302214971475,0.6793012630660087,-1.161918944969642,-0.9408713930625366
294,10.5300736189877,9.57902349290936,0.5300736189877,0.5790234929093607,0.0,-1.16592673684579,-0.93822725499848,8.842592431222968,0.698851231019944,-1.1659267349806157,-0.9382272554425696
295,10.5300528797596,9.57919594424263,0.5300528797595998,0.5791959442426293,0.0,-1.15538073197641,-0.962173783491948,8.843100674914165,0.7205651861149818,-1.1553807349962142,-0.9621737840248555
296,10.5301824692405,9.57843311326798,0.5301824692405006,0.5784331132679803,0.0,-1.17127625243185,-0.938607293310412,8.842128709557473,0.6799232759512961,-1.1712762550075695,-0.9386072929551402
297,10.5296909320255,9.57846233965238,0.5296909320255008,0.5784623396523791,0.0,-1.17245602844207,-0.931212753574329,8.843018156134391,0.7084721378050745,-1.1724560300407916,-0.9312127554395032
298,10.5299168477113,9.57865383928453,0.5299168477113003,0.5786538392845308,0.0,-1.16433370873636,-0.946928365141986,8.841694334745355,0.7174746030941606,-1.1643337149536137,-0.9469283690499707
299,10.5300768883138,9.57792822776315,0.5300768883138005,0.5779282277631506,0.0,-1.16552022797478,-0.936241224902545,8.842272328259716,0.7627071561291814,-1.1655202299287737,-0.9362412274782627
300,10.5298731667598,9.57888188185707,0.5298731667597991,0.57888188185707,0.0,-1.16612503804348,-0.926285997060461,8.843194204048189,0.7051623538136482,-1.1661250399974676,-0.9262859979486392
301,10.5301951662255,9.57828955144463,0.5301951662255,0.5782895514446302,0.0,-1.17583738097338,-0.919722891268293,8.84172643977447,0.7008329969830811,-1.1758373849701798,-0.919722892955832
302,10.5300248701673,9.57820449165579,0.5300248701672992,0.5782044916557894,0.0,-1.17354181830009,-0.924894988330038,8.842150588644087,0.7065923269838095,-1.1735418199876335,-0.9248949865536814
303,10.5299632117444,9.57812503661638,0.5299632117444002,0.5781250366163793,0.0,-1.17291190671054,-0.924548161407301,8.842351329735472,0.7110177809372544,-1.1729119050229997,-0.9245481584763126
304,10.5298644644036,9.578386036265,0.5298644644035999,0.578386036265,0.0,-1.15620154153007,-0.970429957458663,8.842784053156558,0.7738685009535402,-1.1562015449939622,-0.9704299570145735
305,10.5299436239382,9.57864647764137,0.5299436239382,0.5786464776413691,0.0,-1.16040704591924,-0.94729532449378,8.842816160222279,0.7998174820095301,-1.1604070500048635,-0.9472953244937797
306,10.5300827469804,9.57787866199531,0.5300827469803995,0.5778786619953102,0.0,-1.16999632249204,-0.914336559976192,8.841905830956769,0.7101510770153254,-1.1699963249789391,-0.9143365629959986
307,10.530167376393,9.57847504453554,0.5301673763930008,0.5784750445355407,0.0,-1.1666602160787,-0.952839622936352,8.842177904960375,0.7080610480625182,-1.1666602200754994,-0.95283962302517
308,10.5299151606894,9.57889196398948,0.5299151606894004,0.5788919639894807,0.0,-1.16881593728024,-0.937846774995421,8.842651110455636,0.7147489839699119,-1.1688159399447784,-0.9378467769494135
309,10.5299007067014,9.57853876321078,0.5299007067013992,0.5785387632107799,0.0,-1.17087442452757,-0.926750145957555,8.842427132310947,0.7615425321273506,-1.1708744249716574,-0.9267501460463733
310,10.5299943351653,9.57832609097429,0.5299943351653003,0.57832609097429,0.0,-1.16831855221378,-0.928430348068332,8.84202784721785,0.6345909128431231,-1.1683185499933302,-0.9284303485124211
311,10.5299602055123,9.57913419542514,0.5299602055122996,0.5791341954251408,0.0,-1.1697651301823,-0.915642588683596,8.843013405123791,0.6948216389864683,-1.169765130004663,-0.9156425890388674
312,10.5299663070825,9.57805838790951,0.5299663070824998,0.5780583879095094,0.0,-1.1733914758949,-0.932432046774068,8.841547293489459,0.6992022679187357,-1.1733914750067242,-0.9324320489945136
313,10.5299056587323,9.5786530072527,0.5299056587323001,0.5786530072527007,0.0,-1.16619761092451,-0.952187572433871,8.842679765991848,0.6920482830610126,-1.1661976099475169,-0.9521875730555961
314,10.529955516797,9.57877702406805,0.5299555167969991,0.5787770240680494,0.0,-1.16134898551223,-0.944008749836911,8.841984286174782,0.7126806529704481,-1.1613489849793268,-0.9440087525014461
315,10.530213941205,9.57836486101882,0.530213941205,0.5783648610188195,0.0,-1.16685373559022,-0.957815243562976,8.841815842967446,0.7789839361794293,-1.1668537400311152,-0.9578152454281507
316,10.5300310771981,9.57823814234209,0.5300310771980996,0.5782381423420908,0.0,-1.163714153396,-0.926292158798247,8.842154692640039,0.7330367108806968,-1.1637141549947216,-0.9262921599528794
317,10.5300780335019,9.57866175446259,0.5300780335018995,0.5786617544625905,0.0,-1.16108025558503,-0.945774878768901,8.84185607208484,0.7146144881844521,-1.1610802599371084,-0.945774880012351
318,10.5301996715021,9.57876168428703,0.5301996715020998,0.5787616842870307,0.0,-1.16292577816424,-0.948537712286423,8.842705604786875,0.7101993400137872,-1.1629257800294113,-0.9485377145068695
319,10.5299338578083,9.57820694419786,0.5299338578083006,0.5782069441978592,0.0,-1.1697121908405,-0.944400204438978,8.842006611183184,0.7815851490013301,-1.169712195014938,-0.9444002074587842
320,10.5297468064718,9.57857792670421,0.5297468064718007,0.5785779267042095,0.0,-1.16434736501247,-0.941372607243807,8.843299277691106,0.6125670040491968,-1.1643473650124747,-0.9413726089313456
321,10.529991723071,9.57816219147191,0.5299917230709994,0.5781621914719093,0.0,-1.17095511233956,-0.922101382272444,8.842549211904121,0.7005519468802959,-1.1709551100302917,-0.9221013839599833
322,10.5300874366917,9.57819677432452,0.5300874366916997,0.5781967743245193,0.0,-1.16979129165529,-0.937446737658831,8.842393668698962,0.6276116259396076,-1.1697912949415468,-0.9374467399680951
323,10.530046748013,9.5786720908275,0.5300467480129996,0.5786720908274994,0.0,-1.1734676879982,-0.928349349660351,8.842793084155533,0.6906732849311084,-1.173467690041008,-0.9283493494827154
324,10.5301400081176,9.57904976442357,0.5301400081176002,0.5790497644235693,0.0,-1.17244632313884,-0.930080808281275,8.842544505610821,0.67205665493384,-1.1724463250040174,-0.930080810501721
325,10.5298031043142,9.57855545172107,0.5298031043141993,0.5785554517210691,0.0,-1.16432667889299,-0.944199832897397,8.84275199161964,0.6176252078730613,-1.1643266799588048,-0.9441998339632106
326,10.5299668371182,9.57840184710468,0.5299668371182005,0.5784018471046792,0.0,-1.17277594702259,-0.937070549955621,8.842345782659716,0.6901460879016668,-1.1727759449797759,-0.9370705515543419
327,10.5296106926627,9.57859942401435,0.5296106926627004,0.5785994240143495,0.0,-1.16698205836485,-0.927794592264774,8.842893195127377,0.6828056289814413,-1.1669820600523906,-0.9277945935082242
328,10.5301855808726,9.57918940235495,0.5301855808725993,0.5791894023549506,0.0,-1.16716090303726,-0.951434602391998,8.841841802994683,0.6160391878802329,-1.167160904991249,-0.9514346019479091
329,10.5299786784459,9.57799689986546,0.5299786784459002,0.5779968998654592,0.0,-1.17348170727283,-0.911730417918477,8.841746345006964,0.690606830874458,-1.1734817100261807,-0.9117304189842911
330,10.5299848292622,9.57747446229897,0.5299848292621991,0.5774744622989694,0.0,-1.17520977713781,-0.911922756863248,8.841967064125754,0.6392635200172663,-1.1752097750061807,-0.9119227570408838
331,10.5299413883082,9.57892809961524,0.5299413883082007,0.5789280996152399,0.0,-1.165013801252,-0.939796254240122,8.842275506848107,0.697223783005029,-1.165013804982351,-0.9397962539736681
332,10.5300450752996,9.57814925735777,0.5300450752996007,0.5781492573577705,0.0,-1.16390023334745,-0.941851218794198,8.842492776165319,0.6962935049086809,-1.1639002349461691,-0.9418512189718341
333,10.5300425030581,9.57863883046127,0.5300425030581,0.5786388304612693,0.0,-1.16358726511834,-0.948316805171601,8.84278567554877,0.6847717079799622,-1.1635872650295198,-0.9483168044610578
334,10.5300472961333,9.57835971075036,0.5300472961333007,0.5783597107503606,0.0,-1.16953906141859,-0.929038315344854,8.841894209131882,0.6993145190645009,-1.1695390649713033,-0.92903831552249
335,10.5298960885649,9.5783284185532,0.5298960885649002,0.5783284185532,0.0,-1.16480049889844,-0.932040950729629,8.84306033771305,0.6211602638941258,-1.164800499964258,-0.9320409519730787
336,10.5301104569775,9.57866088215361,0.5301104569774999,0.5786608821536099,0.0,-1.16629297934878,-0.952673152632144,8.841958627564372,0.6803814030718058,-1.1662929799705068,-0.9526731535203224
337,10.5299429973148,9.57793936098161,0.5299429973147998,0.5779393609816097,0.0,-1.17060234021693,-0.92728080360871,8.8419001917599,0.6856012160424143,-1.1706023450130942,-0.9272808034310741
338,10.5298841409699,9.57794333839596,0.5298841409698998,0.5779433383959596,0.0,-1.17322243662343,-0.918133517568975,8.842776180482797,0.6359570869244635,-1.1732224399985114,-0.9181335169472503
339,10.5299613926696,9.57851626074848,0.5299613926696001,0.5785162607484793,0.0,-1.16772012281885,-0.947929475003661,8.842250669827171,0.6910904138348997,-1.1677201249504776,-0.9479294759806577
340,10.5300677827583,9.57878769022794,0.5300677827582998,0.5787876902279407,0.0,-1.16503657183742,-0.917161471480909,8.842601481040198,0.6842628188896924,-1.1650365750348612,-0.9171614714809094
341,10.5300123140655,9.57833955969081,0.5300123140655,0.5783395596908107,0.0,-1.16887824566092,-0.937855487226358,8.841777477873524,0.6987501019611955,-1.1688782450391955,-0.9378554880257183
342,10.529912374751,9.57833314761697,0.5299123747509995,0.57833314761697,0.0,-1.16357278674428,-0.954971730582343,8.842471889542207,0.7031592049170285,-1.1635727849679256,-0.9549717304935256
343,10.5299648075391,9.57880879881836,0.5299648075391001,0.5788087988183594,0.0,-1.16669759915311,-0.941787099240088,8.842531401610032,0.6806103140115738,-1.1666976000412888,-0.9417870984407272
344,10.5300207088953,9.57862700880599,0.5300207088953002,0.5786270088059897,0.0,-1.16525818993907,-0.949804942429466,8.842202714002498,0.6406145449727774,-1.1652581900278847,-0.9498049430511911
345,10.5300536443686,9.57901602905346,0.5300536443685999,0.5790160290534594,0.0,-1.16735756741093,-0.941102963114559,8.842165339945222,0.6994249389972538,-1.1673575650128498,-0.941102965068552
346,10.5301150900118,9.5779447791089,0.5301150900117992,0.5779447791089005,0.0,-1.17222239399695,-0.944671455194168,8.841959346900063,0.6843274938873947,-1.172222394973943,-0.9446714565264357
347,10.5300021422552,9.57877119100941,0.5300021422551993,0.5787711910094107,0.0,-1.16233203417693,-0.94968980706156,8.841976473650128,0.6821103279944509,-1.1623320349762878,-0.9496898095484595
348,10.5299178255705,9.57807637827539,0.5299178255705002,0.5780763782753908,0.0,-1.17017484440041,-0.915707128967824,8.842573192876682,0.6902315968181938,-1.1701748450221316,-0.9157071295007312
349,10.5299701814943,9.57855871729518,0.5299701814942992,0.5785587172951807,0.0,-1.16871118729378,-0.93339975588691,8.842731732316615,0.6462188279256225,-1.1687111899583158,-0.9333997559757278
350,10.5301689754143,9.57848912793989,0.5301689754143002,0.5784891279398892,0.0,-1.16723211807113,-0.942492645972237,8.842833354447373,0.685115025145933,-1.167232120025119,-0.9424926449952408
351,10.5297768321439,9.57869813343785,0.5297768321439005,0.5786981334378503,0.0,-1.16163026593341,-0.943765112992878,8.843094151647055,0.766370935831219,-1.1616302649564147,-0.9437651145027813
352,10.5301228187563,9.57797007858928,0.5301228187563005,0.5779700785892796,0.0,-1.17110841530987,-0.915089257080837,8.842122852344849,0.6477806488983333,-1.1711084149546025,-0.915089258501922
353,10.5300009644018,9.57812872123939,0.5300009644018004,0.5781287212393895,0.0,-1.16242916377018,-0.96018854458535,8.842498309548805,0.6920785480178893,-1.1624291650136342,-0.9601885460064351
354,10.5299412869722,9.57856031765294,0.5299412869721998,0.5785603176529399,0.0,-1.1653099501352,-0.947238803927774,8.843081805088325,0.7071178189944476,-1.1653099500463782,-0.9472388045494994
355,10.5302484447428,9.57780475979589,0.5302484447427993,0.5778047597958906,0.0,-1.17435142170663,-0.895926504895783,8.841837644511145,0.7590299160219729,-1.1743514249928921,-0.895926506050415
356,10.5300379599954,9.57832799017646,0.5300379599954006,0.5783279901764597,0.0,-1.16565437009442,-0.954243289896794,8.841993297072245,0.7166805658489466,-1.1656543750682147,-0.9542432899856123
357,10.5297862136602,9.57788800528789,0.5297862136602003,0.5778880052878907,0.0,-1.17244683819351,-0.927973491560152,8.842207340931278,0.7091739438474178,-1.172446839969865,-0.9279734929812377
358,10.5301372466145,9.57815967411377,0.5301372466144993,0.5781596741137704,0.0,-1.17946548758852,-0.923417857734421,8.841703819561715,0.7885096648242325,-1.1794654899865975,-0.9234178595107777
359,10.5298137936288,9.5780344362358,0.5298137936288008,0.5780344362358001,0.0,-1.17696385082411,-0.919148438427442,8.842606298948994,0.7155178911052644,-1.1769638499359303,-0.9191484364734491
360,10.5299850654201,9.5784334729306,0.5299850654200995,0.5784334729306,0.0,-1.16037128110591,-0.948628330199597,8.842357260642565,0.7013060820754617,-1.1603712850138947,-0.9486283309989573
361,10.5299393284916,9.57829706957966,0.5299393284916007,0.5782970695796603,0.0,-1.1721753454097,-0.915855674410437,8.84240554749158,0.6998660010285676,-1.1721753499394083,-0.9158556749433443
362,10.5297295485876,9.5789344685591,0.5297295485875999,0.5789344685590994,0.0,-1.16189448355897,-0.95793621834872,8.84302952044251,0.7009005050640553,-1.1618944849800528,-0.9579362195033524
363,10.5301840508085,9.57833279556132,0.5301840508085007,0.5783327955613196,0.0,-1.17357193412104,-0.920503103873926,8.841804692387845,0.6968762651085854,-1.173571929946604,-0.9205031029857479
364,10.5298819348574,9.57814343490211,0.5298819348574,0.5781434349021097,0.0,-1.16765694215815,-0.930404334908985,8.84254921342801,0.6869993119034916,-1.1676569399377001,-0.9304043330438104
365,10.5297950591892,9.5790796935036,0.5297950591891993,0.5790796935035996,0.0,-1.16670130516638,-0.939447715264663,8.84301987154859,0.697698000119999,-1.1667013099625478,-0.9394477155311164
366,10.5301113702796,9.57868080941756,0.5301113702796005,0.5786808094175608,0.0,-1.17168563065206,-0.937058651562239,8.842470838110104,0.7138148800004274,-1.1716856350041382,-0.9370586510293321
367,10.5300019544909,9.57864358756555,0.5300019544908992,0.5786435875655496,0.0,-1.16745934164442,-0.925834265785852,8.842192280566406,0.6985024760942906,-1.1674593450194948,-0.9258342684503872
368,10.5297481287247,9.57853623920407,0.5297481287246999,0.5785362392040696,0.0,-1.16882379597172,-0.935512686428552,8.842461112279938,0.715258730808273,-1.1688237949947222,-0.9355126874943663
369,10.5302553529516,9.57837751366306,0.5302553529516008,0.5783775136630602,0.0,-1.16345002956209,-0.963817806098888,8.841838522074633,0.6977755299303681,-1.1634500299173567,-0.9638178069870661
370,10.5299264940462,9.57848050937425,0.5299264940461992,0.5784805093742502,0.0,-1.16586612950442,-0.938827839025436,8.84295827930507,0.7042091849725693,-1.1658661299485118,-0.9388278379596214
371,10.5301149600437,9.57849951080711,0.5301149600437007,0.5784995108071094,0.0,-1.16923838744398,-0.918504243063722,8.842179168401442,0.6681952360086143,-1.1692383900197,-0.9185042445736257
372,10.5300424841258,9.57830396857139,0.5300424841258007,0.5783039685713902,0.0,-1.1623544829753,-0.940150222294989,8.842086908142177,0.691646363819018,-1.1623544850181133,-0.9401502235384384
373,10.5297327627211,9.57881555603441,0.5297327627210997,0.5788155560344102,0.0,-1.15986546278535,-0.941333010828771,8.842579861322061,0.8013468529097736,-1.1598654650057938,-0.9413330105623173
374,10.5297582479431,9.57870263432875,0.5297582479431,0.5787026343287494,0.0,-1.16382131167825,-0.958627389469058,8.843545483635134,0.7916923370212317,-1.1638213149645082,-0.9586273895578755
375,10.5300619386206,9.57806357778666,0.5300619386205998,0.5780635777866596,0.0,-1.1751222753098,-0.930289037004428,8.842004641773688,0.6981600672006607,-1.175122274954532,-0.9302890384255135
376,10.5299698005733,9.57918480953811,0.5299698005732996,0.5791848095381091,0.0,-1.16232001063921,-0.952974095458359,8.842396104978487,0.7022065138444304,-1.1623200100174813,-0.9529740935043661
377,10.530199423322,9.57822840642904,0.5301994233219993,0.5782284064290408,0.0,-1.17439546727383,-0.939115217946096,8.841801510917296,0.7153357670176774,-1.1743954699383607,-0.9391152205218133
378,10.5299284350432,9.57869789631292,0.5299284350431996,0.5786978963129208,0.0,-1.16426549157111,-0.925810828178442,8.842091215216227,0.7121141380630434,-1.1642654949461928,-0.9258108299547984
379,10.5299463261732,9.57807906108493,0.5299463261731994,0.5780790610849298,0.0,-1.17182208114741,-0.942902721323691,8.841908261088415,0.7065979070030153,-1.1718220850553962,-0.9429027220342333
380,10.5298290843339,9.57827670804673,0.5298290843338993,0.5782767080467295,0.0,-1.16731402499681,-0.929441661767782,8.84318603940742,0.7066157069057226,-1.1673140249968128,-0.9294416619454181
381,10.5300372510275,9.57844928432698,0.5300372510274993,0.5784492843269806,0.0,-1.16863504180387,-0.920732501352717,8.843068890761646,0.6872165289241821,-1.1686350400275103,-0.9207325009974453
382,10.5304030202646,9.5786592166162,0.5304030202646004,0.5786592166162006,0.0,-1.17317311509879,-0.919811976540785,8.842015579454628,0.6834277170710266,-1.1731731150099733,-0.9198119759190603
383,10.5300699644917,9.57829884751443,0.5300699644917,0.5782988475144304,0.0,-1.17071315752781,-0.923539839003951,8.841909569680444,0.633133138064295,-1.1707131599258958,-0.9235398399809468
384,10.5298413958893,9.57875279268066,0.5298413958892993,0.5787527926806604,0.0,-1.17525383496186,-0.9251409649913,8.84203330860712,0.7710948910098523,-1.1752538349618646,-0.9251409649912999
385,10.5299278273786,9.57844039780358,0.5299278273786001,0.5784403978035808,0.0,-1.17519706215319,-0.934486732795392,8.842229958382543,0.689420468872413,-1.1751970649953591,-0.9344867329730276
386,10.5299918123838,9.57874779389712,0.5299918123838001,0.5787477938971204,0.0,-1.16425215130889,-0.943393868180209,8.843367710116702,0.6402886160649359,-1.1642521549504181,-0.9433938699565657
387,10.529835365579,9.5785656748123,0.5298353655790002,0.5785656748122996,0.0,-1.16738748534573,-0.952094147343985,8.842129057030993,0.684839935041964,-1.1673874849904564,-0.9520941499197021
388,10.5299325151578,9.5784648440987,0.5299325151577996,0.5784648440987006,0.0,-1.17297319910392,-0.93986094391596,8.84184612564019,0.6773940979037434,-1.1729731999921,-0.9398609460475881
389,10.5300074716957,9.57821283029353,0.5300074716957006,0.5782128302935305,0.0,-1.17079327068836,-0.939558485590908,8.841772712100914,0.6918125241063535,-1.1707932749516203,-0.9395584879889894
390,10.5298054114554,9.57809707294846,0.5298054114553992,0.5780970729484594,0.0,-1.17485482888924,-0.918602162336413,8.843024408538438,0.6246221789624542,-1.174854829955052,-0.9186021625140482
391,10.5298896472486,9.57795586606916,0.5298896472486003,0.5779558660691606,0.0,-1.17125413332531,-0.924913007871453,8.841957039707493,0.6794231701642275,-1.1712541350128447,-0.9249130089372669
392,10.5300743749162,9.57854892683335,0.5300743749162002,0.5785489268333492,0.0,-1.16446781843749,-0.934905781324602,8.842337256397958,0.641385039081797,-1.164467820036208,-0.9349057819463268
393,10.5298248208066,9.57827498171598,0.5298248208065992,0.57827498171598,0.0,-1.17171783822201,-0.936535731810295,8.842424552118118,0.7529509318992496,-1.1717178399983652,-0.9365357319879307
394,10.5297766884106,9.57891236126683,0.5297766884105997,0.5789123612668305,0.0,-1.16173828228483,-0.939668943011895,8.842955126420016,0.6306967320851982,-1.161738285038183,-0.9396689425678061
395,10.5299112095216,9.57869951776386,0.5299112095216003,0.5786995177638605,0.0,-1.16445908195928,-0.960670229854799,8.842745542440133,0.6720106510911137,-1.1644590850679037,-0.960670232963423
396,10.5301086160967,9.57864635461303,0.5301086160966992,0.5786463546130296,0.0,-1.16012173574376,-0.966073396124756,8.842631047937136,0.7042053730692714,-1.160121740007014,-0.9660733970129342
397,10.5297992752754,9.57838487805121,0.5297992752753995,0.5783848780512102,0.0,-1.17444588587645,-0.926110029197957,8.84271176143318,0.6932441119570285,-1.1744458899620724,-0.9261100280433253
398,10.5300977477696,9.57819465043702,0.5300977477696005,0.5781946504370197,0.0,-1.17295389268079,-0.927173883358279,8.841927953331616,0.6303381321486086,-1.1729538950788765,-0.9271738830030073
399,10.5302199923293,9.57825041040191,0.5302199923293003,0.5782504104019104,0.0,-1.17266855479414,-0.932614420445787,8.842281135302635,0.7013229841832072,-1.1726685600343956,-0.9326144205346053
400,10.5299862596937,9.57839835440796,0.5299862596937004,0.5783983544079607,0.0,-1.16776529788254,-0.950064445603971,8.842420215042146,0.6849300288595259,-1.1677652999253496,-0.9500644464921492
401,10.5299131074647,9.57816814869104,0.5299131074647008,0.5781681486910397,0.0,-1.16345495078107,-0.962774756985141,8.842302462013382,0.7022708228323609,-1.1634549499817126,-0.9627747560081444
402,10.5299353767899,9.57849866076029,0.5299353767899007,0.5784986607602907,0.0,-1.16460255270567,-0.937402362399808,8.842314731400101,0.692318684887141,-1.1646025549261196,-0.9374023634656224
403,10.5299000057761,9.57870513244422,0.5299000057760992,0.5787051324442203,0.0,-1.15378525755716,-0.968515475285869,8.843214933845275,0.6908821519464254,-1.1537852549814431,-0.9685154739536016
404,10.5301482762052,9.57799919127519,0.5301482762051997,0.5779991912751896,0.0,-1.17283327227824,-0.940025347695439,8.842082578984561,0.6354685160331428,-1.1728332750315928,-0.9400253489388887
405,10.5299298610732,9.57859723515385,0.5299298610731995,0.5785972351538504,0.0,-1.16925431630222,-0.917919139631351,8.84234490276586,0.6851450940594077,-1.1692543149699475,-0.9179191409636188
406,10.5300349544806,9.57855257746893,0.5300349544806,0.5785525774689297,0.0,-1.17303675226665,-0.933551287296552,8.841674342578457,0.6953363039065152,-1.1730367550200071,-0.9335512889840912
407,10.5299561150822,9.57838418694138,0.5299561150822001,0.5783841869413795,0.0,-1.15908842639456,-0.966587306283628,8.842303221831049,0.7991060100030154,-1.1590884249734756,-0.9665873094810705
408,10.5299368704801,9.57893055933382,0.5299368704800997,0.5789305593338199,0.0,-1.15558837654461,-0.981450720693999,8.84305602762913,0.6922690270002931,-1.1555883800085098,-0.9814507194505494
409,10.5301300700663,9.5787375272406,0.5301300700662992,0.5787375272405999,0.0,-1.16788864508166,-0.92227459500549,8.842205966031372,0.6893692379817367,-1.1678886449928427,-0.9222745934955866
410,10.5301925898618,9.57813825102884,0.5301925898617998,0.5781382510288395,0.0,-1.17665401617728,-0.920435245976847,8.84152446902104,0.6419467979576439,-1.1766540199964481,-0.9204352469538434
411,10.5299587935387,9.57856149602216,0.5299587935387002,0.5785614960221608,0.0,-1.16877590210507,-0.961861457327018,8.84222755043067,0.6815189600456506,-1.16877589997344,-0.9618614559947501
412,10.5299210889316,9.57871841917744,0.5299210889315997,0.5787184191774397,0.0,-1.16515275525586,-0.949181991050096,8.842903034374572,0.6867607000749558,-1.165152754989407,-0.9491819909612785
413,10.530133300466,9.57856430807991,0.5301333004659998,0.5785643080799101,0.0,-1.17363180258678,-0.932133156794634,8.842485837024789,0.6906573150772601,-1.1736318049848649,-0.9321331574163593
414,10.529930020551,9.57839062659859,0.5299300205509994,0.5783906265985905,0.0,-1.16623522874448,-0.937998337935397,8.842086974706307,0.6445063310675323,-1.16623523505055,-0.9379983384683043
415,10.5301665314948,9.57896808015015,0.5301665314947996,0.5789680801501493,0.0,-1.16276448949293,-0.934999357937727,8.842237823619923,0.7736674728803337,-1.162764490025836,-0.9349993590035409
416,10.5300901006288,9.57855227062947,0.5300901006288008,0.5785522706294692,0.0,-1.16515367949432,-0.939985422299117,8.842082239171152,0.7892117011360824,-1.1651536799384132,-0.9399854254965588
417,10.5302663248419,9.57848059503087,0.5302663248419002,0.5784805950308698,0.0,-1.16122059141688,-0.94204885954241,8.842707456176921,0.7068046079948545,-1.1612205950584098,-0.9420488620293098
418,10.529838222267,9.57875316494329,0.5298382222669993,0.57875316494329,0.0,-1.17053036188253,-0.938264995831162,8.842384524975296,0.7019065460190177,-1.1705303600173522,-0.9382649975187006
419,10.5301774935488,9.5785291712289,0.5301774935488002,0.5785291712288991,0.0,-1.17072938570217,-0.937710404347314,8.841788606430882,0.6963636740110815,-1.1707293900542481,-0.9377104050578565
420,10.5302125824022,9.57749856174721,0.5302125824021999,0.5774985617472108,0.0,-1.17947188096323,-0.919887567008004,8.841640586724296,0.6889799451455474,-1.179471879986238,-0.9198875684290896
421,10.5301340299709,9.57821292408724,0.5301340299709008,0.5782129240872393,0.0,-1.16338376630054,-0.938075780165803,8.8429267347733,0.642729174811393,-1.1633837700308902,-0.9380757810539818
422,10.5298800900255,9.57829180613417,0.5298800900255003,0.5782918061341693,0.0,-1.17020596830386,-0.937275009871286,8.842731281004257,0.686712735099718,-1.1702059699914003,-0.9372750109370996
423,10.5299528269295,9.57882614277334,0.5299528269295006,0.5788261427733392,0.0,-1.17563700232637,-0.910203275683585,8.84203890931836,0.695046209031716,-1.1756370049909037,-0.9102032779928492
424,10.529882579922,9.57907220013528,0.5298825799220008,0.5790722001352808,0.0,-1.16561154435146,-0.927855256183108,8.843193267440045,0.716569651151076,-1.1656115450620064,-0.9278552575153752
425,10.5302783500329,9.57846437589349,0.5302783500328996,0.5784643758934909,0.0,-1.16620890873165,-0.926501668629953,8.842484106062958,0.7808505978900939,-1.1662089099750972,-0.926501670939217
426,10.5299258466131,9.57882922210305,0.5299258466131,0.5788292221030495,0.0,-1.16006293291449,-0.94615628318806,8.842498117872486,0.7137380151543766,-1.1600629350461134,-0.9461562830104241
427,10.5300421409312,9.57847244253344,0.5300421409312008,0.5784724425334407,0.0,-1.16464310746522,-0.94128403453908,8.84248372490877,0.6941375159658492,-1.1646431099521237,-0.9412840340061733
428,10.5300892115459,9.57838923303273,0.5300892115458993,0.5783892330327305,0.0,-1.16378696386477,-0.956612345692775,8.842450244439707,0.7097755181603134,-1.1637869649305799,-0.956612347025043
429,10.529933038872,9.57882187427263,0.5299330388720005,0.5788218742726308,0.0,-1.16064486430645,-0.953057914188093,8.843129091842139,0.6919506990816444,-1.160644865016991,-0.9530579160532681
430,10.5298838062918,9.57803170689628,0.5298838062917994,0.5780317068962795,0.0,-1.17074664602868,-0.919469105387094,8.843118166119675,0.6841917941346765,-1.1707466500254782,-0.9194691075187221
431,10.5302850935192,9.57829809121888,0.5302850935192005,0.5782980912188798,0.0,-1.17383260480608,-0.930794347642205,8.841694425522933,0.7172674699686468,-1.1738326050725334,-0.9307943474645696
432,10.5299695880873,9.57873195913739,0.5299695880872992,0.5787319591373894,0.0,-1.17038410243353,-0.938043755827067,8.841734557328698,0.693255967926234,-1.1703841050092478,-0.9380437560047027
433,10.5298235844251,9.57858031225667,0.5298235844251007,0.5785803122566708,0.0,-1.16683735509326,-0.927690509477941,8.842273982974607,0.6820495240390301,-1.1668373550044464,-0.927690510987844
434,10.5299165081917,9.57817459244326,0.5299165081917003,0.5781745924432595,0.0,-1.17303944469072,-0.938124504212823,8.842294528189052,0.7049874209333211,-1.173039444957169,-0.9381245044792762
435,10.5300831455436,9.5780228788746,0.5300831455435997,0.5780228788746005,0.0,-1.17094980494059,-0.925710144095149,8.841912462059426,0.7219848670065403,-1.1709498050294087,-0.9257101460491411
436,10.5300152129003,9.5786517098579,0.5300152129003006,0.5786517098578994,0.0,-1.16896471826777,-0.944743967590256,8.841566076065885,0.7046784169506282,-1.1689647199553121,-0.9447439680343449
437,10.5298893556087,9.57891815077398,0.5298893556087005,0.5789181507739798,0.0,-1.16077097489509,-0.934036536648364,8.842603762538527,0.7051509299781173,-1.1607709799577037,-0.9340365374477243
438,10.5297547203239,9.57832733836131,0.5297547203239006,0.5783273383613103,0.0,-1.16541353367694,-0.935443512073419,8.843181067603858,0.8636350161395967,-1.1654135350092076,-0.9354435110076053
439,10.5300561246838,9.57875134426646,0.5300561246837994,0.5787513442664594,0.0,-1.17091291071958,-0.947209732782284,8.841499342677565,0.818251552991569,-1.1709129149828357,-0.9472097315388338
440,10.5303165195941,9.57857546391585,0.5303165195941002,0.5785754639158505,0.0,-1.17202892084833,-0.932150393762043,8.84182694332338,0.7162560059223324,-1.1720289250227722,-0.9321503954495823
441,10.5300034361142,9.57792062238822,0.5300034361141996,0.5779206223882198,0.0,-1.16630240878379,-0.953621421651007,8.84250078066926,0.7855722110252827,-1.1663024100272423,-0.9536214244931783
442,10.5300816413128,9.57849316638919,0.5300816413127993,0.5784931663891903,0.0,-1.16167314665461,-0.926711489057652,8.842613995191957,0.7039610710926354,-1.161673145055886,-0.9267114900346484
443,10.5300606708101,9.57807556870667,0.5300606708100997,0.5780755687066694,0.0,-1.17265318664295,-0.938571937325605,8.841725421154015,0.7073949610348791,-1.1726531849554078,-0.9385719375032407
444,10.5300877489106,9.57816495955324,0.5300877489105993,0.5781649595532397,0.0,-1.17275332822686,-0.932851363710796,8.8424306415767,0.7014407680835575,-1.1727533300032178,-0.9328513660200598
445,10.5301303156064,9.5785107857305,0.5301303156063994,0.5785107857305007,0.0,-1.16886150109963,-0.938107382797426,8.842082221399444,0.6913602291606367,-1.1688615050076123,-0.9381073850178722
446,10.5299878013708,9.57839846878748,0.5299878013707993,0.5783984687874799,0.0,-1.16824175133701,-0.948484575857833,8.842380279878999,0.7117658162023872,-1.1682417500047393,-0.9484845774565541
447,10.5303866159041,9.57836752360589,0.5303866159040993,0.5783675236058894,0.0,-1.17447429639483,-0.919859590986505,8.841774108048382,0.7658792540896684,-1.1744743000363655,-0.9198595944504006
448,10.5300706804952,9.57858050632279,0.5300706804952,0.5785805063227905,0.0,-1.17454340484713,-0.914852131650434,8.842440834714974,0.7076719840988517,-1.174543409998563,-0.9148521320057056
449,10.5302023439098,9.57802654133045,0.5302023439097994,0.5780265413304502,0.0,-1.16880597209601,-0.935758825448829,8.842305457233556,0.7012232320848852,-1.1688059699643816,-0.9357588265146431
450,10.530091221804,9.57815778436768,0.5300912218039997,0.5781577843676793,0.0,-1.16423355249751,-0.9540453405954,8.842187947718404,0.7026516259647906,-1.1642335549844063,-0.9540453405065817
451,10.5299355269044,9.57832330778057,0.5299355269043993,0.5783233077805701,0.0,-1.18046816233175,-0.930193681281111,8.84192515460083,0.6819869659375399,-1.1804681650851023,-0.9301936814587463
452,10.5299993001449,9.57811158165125,0.5299993001448993,0.5781115816512497,0.0,-1.16694808749429,-0.94508930228443,8.842150483662119,0.7081021908670664,-1.1669480899811902,-0.9450893035278795
453,10.5301036498388,9.57809915189662,0.5301036498388001,0.5780991518966196,0.0,-1.17455992185711,-0.92345746098843,8.84184136905802,0.6932024948764592,-1.1745599250545524,-0.9234574619654267
454,10.5301985033953,9.57864417264807,0.5301985033952992,0.5786441726480707,0.0,-1.16836713424107,-0.936251181027359,8.842379658494913,0.6938306628726423,-1.168367134951609,-0.9362511804944517
455,10.5299924831363,9.57804527431547,0.5299924831363008,0.5780452743154694,0.0,-1.17412910549675,-0.924427835347075,8.842252412346445,0.729733276180923,-1.1741291099376383,-0.9244278355247103
456,10.5298971413503,9.5786750233695,0.5298971413503004,0.5786750233695006,0.0,-1.15811503667018,-0.977424927484094,8.842877626235476,0.6799639370292425,-1.1581150399564422,-0.977424928549908
457,10.5296744236675,9.57833778829332,0.5296744236674993,0.5783377882933198,0.0,-1.16379813377421,-0.930634210316583,8.842581876305957,0.6238648199941963,-1.1637981350176574,-0.9306342120041221
458,10.5301379236142,9.57842585557377,0.5301379236142001,0.5784258555737694,0.0,-1.16113251884542,-0.951980204977332,8.842208782714069,0.7665855628438294,-1.1611325200000522,-0.9519802070201421
459,10.5298782882945,9.57851881520613,0.5298782882944995,0.5785188152061291,0.0,-1.16545145010249,-0.945097128646211,8.842027333899486,0.6331673702225089,-1.165451450013677,-0.9450971294455711
460,10.5301485537326,9.57839331628831,0.5301485537325998,0.5783933162883095,0.0,-1.17139236781583,-0.9377876473593,8.84181573921783,0.6777875630650669,-1.1713923700362727,-0.9377876470040291
461,10.5303801003873,9.57775387927673,0.5303801003872994,0.5777538792767292,0.0,-1.18098216672635,-0.917441440151379,8.841137528977784,0.6904842818621546,-1.1809821649499952,-0.9174414410395569
462,10.5298479190133,9.57810859034484,0.5298479190132994,0.57810859034484,0.0,-1.15900371202571,-0.955028503302202,8.842495151419111,0.6395837981253862,-1.1590037149566967,-0.955028504989741
463,10.5296692555604,9.57864370669257,0.5296692555603997,0.5786437066925707,0.0,-1.17140025848173,-0.911182176466241,8.842312092817368,0.8770817760378122,-1.1714002599916284,-0.9111821764662408
464,10.529937699045,9.57834427758328,0.529937699045,0.5783442775832803,0.0,-1.17648830100237,-0.918092419155414,8.84171186770933,0.7061224470380694,-1.1764883049991681,-0.9180924210205886
465,10.5300248162515,9.57873109992874,0.5300248162514993,0.5787310999287403,0.0,-1.15999097536346,-0.945914059524711,8.842842538494809,0.7051368940155953,-1.159990975008185,-0.9459140599687997
466,10.5298936233792,9.57804966813252,0.5298936233792002,0.57804966813252,0.0,-1.16086065640175,-0.943247992957197,8.842567049388872,0.6992064760997891,-1.1608606550694844,-0.9432479950000071
467,10.5298692847978,9.57845728867165,0.5298692847977993,0.5784572886716504,0.0,-1.16169759749596,-0.956172918353815,8.843149010309597,0.7002508479636163,-1.1616975999828583,-0.9561729189755396
468,10.5298634109284,9.57883621949638,0.5298634109283995,0.5788362194963792,0.0,-1.16999350954217,-0.933513525769314,8.84239069021011,0.6822266830131412,-1.1699935149600549,-0.933513523992957
469,10.5298672767303,9.57864386611675,0.5298672767303003,0.5786438661167495,0.0,-1.17012354445833,-0.93978282027507,8.842238951362138,0.6309122419916093,-1.1701235449912417,-0.9397828224955161
470,10.5299646101001,9.57818652896803,0.5299646101000999,0.5781865289680308,0.0,-1.17042086760222,-0.917332097127854,8.841713490689454,0.7007922639604658,-1.1704208700002994,-0.9173320989930288
471,10.5301512991518,9.57852200870611,0.5301512991518003,0.5785220087061091,0.0,-1.17657239879776,-0.933479419806815,8.841657186456201,0.6859939640853554,-1.1765723999523914,-0.9334794214943541
472,10.5303330456847,9.57921082256779,0.5303330456846993,0.5792108225677897,0.0,-1.1620709483573,-0.964033842798528,8.841952920073906,0.6903968721162528,-1.1620709499560178,-0.9640338435090711
473,10.5302386411949,9.57782352344746,0.5302386411949005,0.57782352344746,0.0,-1.17669412356136,-0.924831673199122,8.842030682656771,0.6964148411061615,-1.176694124982447,-0.9248316739984829
474,10.5300343329512,9.57851583124252,0.5300343329511996,0.5785158312425196,0.0,-1.16229454443229,-0.944478752451516,8.842122437637153,0.6896265230607241,-1.1622945449651922,-0.9444787515633378
475,10.5300327666958,9.57848620315347,0.5300327666958005,0.5784862031534708,0.0,-1.16589410099621,-0.945370429672465,8.841877935825751,0.6372678680345416,-1.165894104993015,-0.945370431981729
476,10.5300314634517,9.57840655414508,0.5300314634516994,0.5784065541450794,0.0,-1.16513197596646,-0.944239110367562,8.841963787878639,0.6859555209521204,-1.1651319799632631,-0.9442391114333758
477,10.5300502301266,9.57882247713711,0.5300502301265997,0.5788224771371109,0.0,-1.15821377164593,-0.953631218436612,8.842537450295168,0.7123993989080191,-1.1582137750210109,-0.9536312200353335
478,10.5301416000845,9.57832795668033,0.5301416000844998,0.5783279566803294,0.0,-1.17004805257892,-0.922745848797035,8.84230717840817,0.6980232868809253,-1.170048054977002,-0.922745850573392
479,10.5300317411632,9.57823342006983,0.5300317411631994,0.5782334200698305,0.0,-1.16450864870998,-0.937472372974923,8.843007054123206,0.6906956280581653,-1.164508649953433,-0.9374723725308342
480,10.5298470438375,9.57829197529975,0.5298470438374991,0.5782919752997504,0.0,-1.16191028984858,-0.946788002753607,8.842935314918813,0.7858828261960298,-1.1619102950000126,-0.9467880030200603
481,10.5300591661156,9.57900986842486,0.5300591661155991,0.5790098684248601,0.0,-1.15558549449446,-0.960765528468244,8.842786186328475,0.6794960030820221,-1.1555854949385491,-0.9607655290011506
482,10.5299908790022,9.57778141130304,0.5299908790022005,0.5777814113030395,0.0,-1.17318158174839,-0.927987678966957,8.842554774712085,0.6367069981060922,-1.1731815849458371,-0.9279876789669571
483,10.5298635997059,9.5791695344661,0.5298635997058998,0.5791695344661001,0.0,-1.15952196075852,-0.953185720309335,8.842151245869497,0.6810503979213536,-1.1595219650217814,-0.95318572093106
484,10.5300801162863,9.57808245371285,0.5300801162862996,0.5780824537128506,0.0,-1.16733387445223,-0.928185442283791,8.842266551887791,0.6872187040280551,-1.1673338800477495,-0.9281854435272406
485,10.5300036170109,9.57862981769673,0.5300036170108999,0.5786298176967293,0.0,-1.1664562094893,-0.938245690562667,8.842776477782765,0.6300840189214796,-1.1664562149960034,-0.9382456934936555
486,10.5302519931693,9.57765287611559,0.5302519931692995,0.5776528761155895,0.0,-1.1729031839991,-0.937933266431656,8.841213569680571,0.770682109054178,-1.1729031800022938,-0.9379332660763849
487,10.5299264575726,9.57789670369507,0.5299264575725999,0.5778967036950693,0.0,-1.17070637903893,-0.947756300639924,8.842655868075529,0.63188332808204,-1.170706380015929,-0.9477563040150015
488,10.529944495892,9.57802744004863,0.5299444958919999,0.5780274400486292,0.0,-1.16736587356669,-0.922365378119849,8.842275244722748,0.675377513980493,-1.1673658749877802,-0.9223653790080276
489,10.5297607363338,9.57872344974438,0.5297607363338006,0.5787234497443805,0.0,-1.16652386923377,-0.927031402575551,8.842841913479631,0.6262613658327609,-1.1665238700331315,-0.9270314034637294
490,10.5303111770652,9.57821541888283,0.5303111770651991,0.5782154188828308,0.0,-1.17096391898386,-0.938478705680978,8.841795825532722,0.6921823581214994,-1.1709639200496724,-0.9384787045263464
491,10.5298640092224,9.5782844395419,0.5298640092224005,0.5782844395418998,0.0,-1.16629815991587,-0.922352101362378,8.842368567500134,0.7023014288861305,-1.1662981600046862,-0.9223521044710025
492,10.5299367937487,9.57860701599242,0.5299367937486998,0.5786070159924197,0.0,-1.16522465907209,-0.948736420003371,8.842806695034039,0.6905602461192757,-1.1652246649340725,-0.9487364200033709
493,10.5300486679725,9.57855825395353,0.5300486679724994,0.5785582539535294,0.0,-1.16408120254263,-0.93870082409353,8.84275066786785,0.6928164281416684,-1.1640812049407145,-0.938700823560623
494,10.5299771986079,9.57848342233883,0.5299771986079005,0.5784834223388309,0.0,-1.17417191081159,-0.925934014706087,8.841974714932679,0.6235502648632973,-1.174171914986033,-0.9259340155054473
495,10.5301162464703,9.57857314372557,0.5301162464702998,0.5785731437255706,0.0,-1.16805354704042,-0.940800906867878,8.841916497522623,0.6776906689628959,-1.1680535449976048,-0.9408009095324131
496,10.5297808817561,9.57843809409436,0.5297808817560998,0.5784380940943592,0.0,-1.16691984537454,-0.935960893144738,8.842620410633604,0.7860710620880127,-1.1669198499930644,-0.9359608925230133
497,10.5298585539927,9.57878714661148,0.5298585539926997,0.5787871466114805,0.0,-1.1696416223117,-0.931804060932961,8.841626796784853,0.7034248008858413,-1.1696416249762365,-0.9318040640415858
498,10.5299215513681,9.57875854194379,0.5299215513680995,0.57875854194379,0.0,-1.16393279832039,-0.94184308530032,8.842919542003658,0.637437243014574,-1.1639328000079274,-0.9418430849450486
499,10.5298416791769,9.57845257279867,0.5298416791769007,0.5784525727986694,0.0,-1.16794295381695,-0.935126595535962,8.842161481263341,0.7030369390267879,-1.167942955060397,-0.9351265965129584
500,10.5299622206182,9.57922390167857,0.5299622206182004,0.5792239016785707,0.0,-1.15822061372839,-0.945518881945162,8.843039457873816,0.6932786179240793,-1.1582206200344558,-0.9455188839879723
501,10.5299835947181,9.57805964194718,0.5299835947181002,0.5780596419471795,0.0,-1.16792940447752,-0.920888424360555,8.841984154247243,0.6885574450716376,-1.1679294099842252,-0.9208884240052838
502,10.5297896228153,9.57846726878893,0.5297896228153007,0.5784672687889305,0.0,-1.16708151969291,-0.931663455094878,8.842504393683651,0.7160449679940939,-1.1670815199593676,-0.9316634534961564
503,10.5300854155974,9.57841491444141,0.5300854155973997,0.5784149144414101,0.0,-1.16582230598183,-0.923179042988664,8.842337284114924,0.7748641970101744,-1.165822309978637,-0.9231790429886643
504,10.5302768599391,9.57816190620702,0.5302768599391001,0.5781619062070202,0.0,-1.17310676266413,-0.935100962440316,8.8422611127453,0.7027921318076551,-1.1731067650622151,-0.935100962440316
505,10.5298865673963,9.57808402056703,0.5298865673963,0.5780840205670295,0.0,-1.16868909376677,-0.945657886219919,8.842170304706807,0.696161885978654,-1.1686890950102224,-0.9456578865751907
506,10.5299999705007,9.57824795739178,0.5299999705007004,0.5782479573917794,0.0,-1.17497448224313,-0.920625450895329,8.841590531738403,0.7094408159609884,-1.1749744849964827,-0.920625450984147
507,10.5300615961691,9.57834282663695,0.5300615961690998,0.5783428266369501,0.0,-1.16926036417553,-0.94496159608326,8.842479684075462,0.6915145439561456,-1.169260364974889,-0.9449615980372527
508,10.52978796372,9.57831613531441,0.5297879637200005,0.5783161353144095,0.0,-1.16377796173239,-0.941734546788808,8.842780713455266,0.6878469749353826,-1.163777959956036,-0.9417345510520646
509,10.5299248705865,9.57858416924776,0.5299248705865001,0.57858416924776,0.0,-1.16636269309467,-0.938081618873099,8.842839969671985,0.6899757678620517,-1.1663626949598438,-0.9380816195836416
510,10.5299563348213,9.57844660140984,0.5299563348212999,0.5784466014098406,0.0,-1.17106833181779,-0.944662994140088,8.842229228865277,0.6408554310910404,-1.171068335015235,-0.9446629954723561
511,10.5299906482677,9.57909866086369,0.5299906482677006,0.5790986608636892,0.0,-1.15892041874233,-0.955718102080283,8.84306145149986,0.7023824770003557,-1.158920419985776,-0.955718101991465
512,10.5298001447684,9.57879278121925,0.5298001447683998,0.5787927812192493,0.0,-1.16089534296648,-0.943967389321898,8.842990393988376,0.686730049084872,-1.1608953400354949,-0.9439673904765299
513,10.5303976694826,9.57854763847394,0.5303976694825998,0.5785476384739408,0.0,-1.16551879898452,-0.948608644169013,8.842392840085946,0.7037276879418641,-1.1655188000503358,-0.9486086455012809
514,10.5299663365648,9.57819134371108,0.5299663365648009,0.5781913437110795,0.0,-1.17476307197606,-0.940063713184003,8.842044580867794,0.7117742979899049,-1.1747630700220668,-0.9400637139833633
515,10.529746022504,9.57831759082637,0.5297460225039998,0.5783175908263694,0.0,-1.16231939815137,-0.951999935416836,8.842603088651114,0.7691393978893757,-1.1623193949539257,-0.951999936038561
516,10.5299469329996,9.57810746118584,0.5299469329996,0.5781074611858408,0.0,-1.16965830585514,-0.938649494131027,8.842308159096323,0.7053323490545154,-1.1696583050557763,-0.9386494925323062
517,10.5298917727924,9.57896800156484,0.5298917727924,0.5789680015648404,0.0,-1.15996949512365,-0.943908339934296,8.8428164672913,0.6941526120062917,-1.1599695000086285,-0.9439083425100135
518,10.5296790477028,9.57826778445876,0.5296790477027997,0.5782677844587596,0.0,-1.16314346385593,-0.922664080516,8.843368533265387,0.7168204211629927,-1.1631434649217454,-0.9226640809600893
519,10.5301044720355,9.57794111206557,0.5301044720355002,0.5779411120655702,0.0,-1.16498444322488,-0.947166432929691,8.842595484587955,0.7081442980561405,-1.164984445001238,-0.9471664339955054
520,10.5300426811028,9.57825477625087,0.5300426811028007,0.5782547762508692,0.0,-1.16766309732341,-0.924245746602992,8.842064663283487,0.7660729128401726,-1.1676631000767657,-0.9242457490010735
521,10.5301954670286,9.57820592391312,0.5301954670285998,0.5782059239131208,0.0,-1.16777671808066,-0.937930045008528,8.841777832549672,0.7018221160396934,-1.1677767199458344,-0.9379300445644388
522,10.5299566160819,9.57847644938279,0.5299566160819005,0.5784764493827907,0.0,-1.16143800168444,-0.941915719732123,8.842989768158153,0.7128490929026157,-1.1614380049707052,-0.9419157215084794
523,10.5297700601854,9.5788586712983,0.5297700601854007,0.5788586712983008,0.0,-1.1620995944206,-0.955169434746494,8.842763836000923,0.7184188601095229,-1.16209960001612,-0.9551694365228512
524,10.5295967427232,9.57913590049173,0.5295967427232,0.57913590049173,0.0,-1.15971023104677,-0.947900795633671,8.843279014329825,0.7072195671498775,-1.1597102299809592,-0.9479007969659391
525,10.5301512501796,9.57810896579775,0.5301512501795997,0.5781089657977496,0.0,-1.16962928222719,-0.91606343106676,8.842216041638878,0.6941771330311894,-1.1696292849805445,-0.9160634324878457
526,10.5301454165316,9.57848428654422,0.5301454165315995,0.5784842865442208,0.0,-1.17236274572718,-0.93150948288212,8.842499241421173,0.6782201139722019,-1.1723627450166418,-0.9315094854578375
527,10.5304696073014,9.57811363541436,0.5304696073014004,0.5781136354143595,0.0,-1.16922607533709,-0.945937196039637,8.841294369149885,0.7198592808563262,-1.1692260749818217,-0.9459371970166329
528,10.5301070729999,9.57805290676288,0.5301070729999005,0.5780529067628795,0.0,-1.17047375374213,-0.933005203496151,8.842456548301346,0.7083321220707148,-1.1704737549855793,-0.9330052030520618
529,10.5299332891965,9.57908065083616,0.5299332891964994,0.5790806508361594,0.0,-1.16051815295393,-0.932438188705475,8.84237717516606,0.6958787620533258,-1.160518154996737,-0.9324381904818323
530,10.5299354904267,9.57826179321518,0.5299354904267002,0.5782617932151801,0.0,-1.16467142055043,-0.950636841867691,8.842715496006672,0.6941607759799808,-1.164671424991326,-0.9506368419565091
531,10.5299713505016,9.57841947132612,0.5299713505016008,0.5784194713261197,0.0,-1.16668297618361,-0.937781344045874,8.842397987028132,0.7020488809794188,-1.1666829800027756,-0.9377813440458737
532,10.5298223755458,9.57853773903831,0.5298223755458,0.5785377390383104,0.0,-1.15794717796547,-0.968095565845317,8.843094321010721,0.6887688830029219,-1.1579471750344794,-0.9680955679769453
533,10.530042064166,9.57864396318856,0.5300420641660004,0.5786439631885596,0.0,-1.1639964459853,-0.944082571940896,8.842390695178718,0.6814724211581051,-1.1639964499821076,-0.9440825735396173
534,10.5297587732854,9.578340150368,0.5297587732853994,0.5783401503679997,0.0,-1.17578436649168,-0.952446918756067,8.842620609950243,0.6378934788517654,-1.175784365070598,-0.9524469164468029
535,10.5298961132734,9.57847677290508,0.5298961132734004,0.5784767729050806,0.0,-1.17427533163905,-0.935892133391292,8.842446288005787,0.7636455770116299,-1.1742753300403308,-0.9358921339241987
536,10.5301404471494,9.57819423681237,0.5301404471493996,0.5781942368123705,0.0,-1.16545118622469,-0.934404812458211,8.842561024287894,0.6951384770218283,-1.1654511900438536,-0.9344048150339289
537,10.5299344053704,9.57902692979476,0.5299344053703994,0.5790269297947592,0.0,-1.1628689343901,-0.933740619757373,8.842399564043111,0.7023366820067167,-1.1628689350118293,-0.9337406225107258
538,10.5296578888053,9.57868984889734,0.5296578888052998,0.5786898488973407,0.0,-1.16575564588217,-0.915440113580246,8.842800768416609,0.7919444818980992,-1.1657556449939932,-0.9154401129585209
539,10.5297879179446,9.57890445594331,0.5297879179445992,0.5789044559433094,0.0,-1.1655954520684,-0.932208196235962,8.84290377335076,0.7302852140273899,-1.1655954499367738,-0.9322081959695082
540,10.5301849506331,9.57911392463951,0.5301849506330996,0.5791139246395094,0.0,-1.16901770050859,-0.931231998979598,8.842164175392874,0.7711325159762055,-1.1690177000645008,-0.9312319999565942
541,10.5299638180123,9.57887606601266,0.5299638180123001,0.5788760660126595,0.0,-1.1703926814377,-0.924768105381446,8.842131410761448,0.8066235990263522,-1.1703926849904178,-0.9247681070689849
542,10.5301173868464,9.57870258040918,0.5301173868464009,0.5787025804091801,0.0,-1.17179943170953,-0.911284300464388,8.8419455343821,0.6381241329945624,-1.1717994349957905,-0.9112843005532055
543,10.5299018849818,9.57869379104717,0.5299018849818005,0.5786937910471703,0.0,-1.17055760915363,-0.946060563666862,8.842553800056486,0.68835733900778,-1.1705576099529935,-0.9460605619793226
544,10.5297486717515,9.57821738531301,0.5297486717515003,0.5782173853130104,0.0,-1.16756610664126,-0.935119826461772,8.843183089765187,0.7137040570378304,-1.1675661100163381,-0.9351198279716754
545,10.530009239139,9.57850064407899,0.5300092391389999,0.5785006440789893,0.0,-1.17205542649046,-0.924483473419002,8.842201703008037,0.7595373140648007,-1.172055429954355,-0.924483474573634
546,10.5301630923112,9.57843078352792,0.5301630923112004,0.5784307835279208,0.0,-1.17584468766196,-0.915730539841064,8.841763818708,0.69716932089068,-1.1758446849974291,-0.9157305400186998
547,10.5301280327823,9.57856395598654,0.5301280327823008,0.5785639559865405,0.0,-1.17398755774545,-0.918708505004417,8.842423244381942,0.7026935589965433,-1.1739875600547123,-0.9187085050044174
548,10.5300159101937,9.57848152673651,0.5300159101937005,0.5784815267365104,0.0,-1.16837353179022,-0.942480104626497,8.841910767836994,0.7093180438969284,-1.1683735300138665,-0.9424801060475828
549,10.5301416733267,9.57793814287673,0.5301416733266997,0.5779381428767305,0.0,-1.17091563769378,-0.939455059256744,8.841765782583291,0.619443726958707,-1.1709156399142273,-0.9394550605001938
550,10.5299390097405,9.5784977174719,0.5299390097405006,0.5784977174718993,0.0,-1.17600694826692,-0.911553844229473,8.84176516017308,0.6924230011645705,-1.1760069499544556,-0.9115538460058302
551,10.5299803592049,9.57857237159452,0.5299803592049006,0.5785723715945199,0.0,-1.16806116503554,-0.949917692683044,8.842254293431589,0.6903776109684259,-1.168061164946721,-0.9499176934824048
552,10.5301172924527,9.57857750481371,0.5301172924526991,0.5785775048137101,0.0,-1.16664332026062,-0.94462120046046,8.842296540951775,0.7031283581163734,-1.1666433249679642,-0.9446212019703636
553,10.5300161769166,9.57848214319294,0.5300161769166003,0.5784821431929394,0.0,-1.16969899845998,-0.929530149118562,8.841943371662376,0.7159541810397059,-1.1696989999698815,-0.9295301495626517
554,10.529793366887,9.57817711052419,0.5297933668870005,0.5781771105241909,0.0,-1.16825399016918,-0.935875639740402,8.84211522982754,0.6794352820143104,-1.1682539899915412,-0.9358756409838519
555,10.5301407218735,9.5786752005438,0.5301407218735008,0.5786752005438007,0.0,-1.17617735968523,-0.924133929292026,8.841680390722244,0.7027893250342458,-1.17617735995168,-0.9241339289367544
556,10.5298498848354,9.57856190969518,0.5298498848354001,0.5785619096951802,0.0,-1.17375783927898,-0.917313450621293,8.84234664064091,0.6999120509717613,-1.1737578399895199,-0.9173134515094715
557,10.5300781530336,9.57912243515095,0.5300781530335996,0.5791224351509499,0.0,-1.17137121558031,-0.92685031098938,8.84222094585265,0.6970721899997443,-1.171371214958583,-0.9268503105452907
558,10.5300758362873,9.57916143338685,0.5300758362873008,0.5791614333868509,0.0,-1.1772639502361,-0.928455708493203,8.84275574526505,0.6907985331490636,-1.1772639550322594,-0.9284557090261102
559,10.5300586634448,9.57867400714194,0.5300586634447999,0.5786740071419398,0.0,-1.16823179556746,-0.932634307559965,8.842249236633775,0.7298674348276109,-1.1682317950345578,-0.9326343080040543
560,10.5301267745145,9.57939409058943,0.5301267745144997,0.5793940905894299,0.0,-1.15474053092868,-0.969412059781405,8.842129860442695,0.7077313780318946,-1.154740530040499,-0.9694120615577616
561,10.5301175823745,9.57771793628086,0.5301175823744995,0.5777179362808607,0.0,-1.17347278996149,-0.9243935044978,8.84192600524919,0.7875662939622998,-1.1734727900503117,-0.9243935044978001
562,10.5301257068409,9.57875506217341,0.5301257068409004,0.5787550621734106,0.0,-1.17194877899962,-0.927620558055508,8.842098338198612,0.7083969889208674,-1.171948779976617,-0.9276205569896944
563,10.5299693458087,9.57818040141587,0.5299693458087003,0.5781804014158691,0.0,-1.17044164689162,-0.922850376738893,8.842577139343193,0.6916197058744729,-1.1704416449376254,-0.9228503775382534
564,10.5299265964663,9.57920977170912,0.5299265964663,0.5792097717091202,0.0,-1.16173881057335,-0.974790791552493,8.842670506941,0.7869119870010763,-1.1617388100404469,-0.9747907919965825
565,10.5299044404085,9.57845954996535,0.5299044404084992,0.5784595499653502,0.0,-1.16529449005753,-0.933467333030791,8.84248175265333,0.9192521481309086,-1.1652944949425148,-0.9334673340077869
566,10.5298305049857,9.57843338313669,0.5298305049857,0.5784333831366908,0.0,-1.17045942111815,-0.917227509500407,8.842296510443807,0.6843641689047217,-1.170459419963521,-0.9172275095004067
567,10.5302221864495,9.57912014863133,0.5302221864494996,0.5791201486313309,0.0,-1.16436123311914,-0.912145776155171,8.842407921091894,0.7029272790532559,-1.1643612400469294,-0.9121457759775352
568,10.5300516671878,9.57807920896649,0.5300516671878004,0.5780792089664892,0.0,-1.16508707144192,-0.934989379697271,8.841880339380392,0.7130055709276348,-1.1650870749946307,-0.9349893814736275
569,10.5297802452111,9.57882174832985,0.5297802452111,0.5788217483298492,0.0,-1.1630799420459,-0.953983949969483,8.842900484374328,0.7814425008837134,-1.1630799449768858,-0.953983948548398
570,10.5299376290694,9.57832693253905,0.5299376290693996,0.5783269325390492,0.0,-1.16831040894994,-0.92376954929918,8.842519696979442,0.7076067868620157,-1.1683104100157493,-0.923769549476816
571,10.5296525663911,9.57880575840834,0.5296525663910998,0.5788057584083397,0.0,-1.1580241762843,-0.944309210826333,8.84335824387663,0.707757072057575,-1.1580241749520326,-0.9443092110039685
572,10.5296787054375,9.57783568591642,0.5296787054374992,0.5778356859164209,0.0,-1.17112187068003,-0.934161993892957,8.842551821192988,0.7081962758675218,-1.1711218699694825,-0.9341619945146816
573,10.5300910555678,9.57854924391207,0.5300910555677998,0.5785492439120699,0.0,-1.16385010811015,-0.937728444672103,8.842653834607605,0.6877433869522065,-1.1638501099753285,-0.9377284450273747
574,10.5301304385373,9.57864468688231,0.5301304385373005,0.5786446868823099,0.0,-1.1695817216939,-0.933268910774387,8.841647001804526,0.6839472688734531,-1.169581724980162,-0.9332689114849301
575,10.5299316759685,9.57891667189361,0.5299316759685002,0.5789166718936105,0.0,-1.16684588986615,-0.955565188576202,8.841811424746844,0.7075431188568473,-1.1668458949287697,-0.9555651905301942
576,10.5298811242417,9.57866476361685,0.5298811242416992,0.5786647636168496,0.0,-1.1676703751462,-0.939460532123348,8.842638985500402,0.6861329118255526,-1.1676703800311827,-0.939460533455616
577,10.5300725752065,9.57882687356354,0.5300725752064999,0.5788268735635391,0.0,-1.16779673797751,-0.938977270870112,8.842085835539407,0.619721065973863,-1.1677967400203215,-0.9389772720247435
578,10.5301210191965,9.57812079462596,0.5301210191964998,0.5781207946259599,0.0,-1.17464838433889,-0.941444714275263,8.8421831490028,0.8143451190553606,-1.1746483850494371,-0.9414447154298954
579,10.5301226271616,9.57772624682106,0.5301226271615995,0.5777262468210598,0.0,-1.17682165816646,-0.917592049010096,8.842274322977866,0.7029680309351534,-1.1768216599428172,-0.9175920490100963
580,10.5298400267228,9.57828585771728,0.5298400267228001,0.5782858577172796,0.0,-1.17128262866473,-0.936071403323524,8.842430300635286,0.7642800381872803,-1.1712826299969947,-0.9360714025241633
581,10.5300410716288,9.57843330343863,0.5300410716287995,0.5784333034386293,0.0,-1.17287521890219,-0.946017698755241,8.842249276531192,0.7244226781185716,-1.172875219968006,-0.9460176999986912
582,10.5301823250447,9.57858573776483,0.5301823250447004,0.5785857377648291,0.0,-1.16236068494757,-0.927473007372725,8.842513564188952,0.8004536428488791,-1.162360684947572,-0.9274730075503611
583,10.5300301425991,9.5783616082373,0.5300301425991005,0.5783616082372998,0.0,-1.16756771086912,-0.935998633355695,8.842410966073126,0.777066778158769,-1.1675677150435604,-0.9359986345103265
584,10.5298622378608,9.57865740439728,0.5298622378607991,0.5786574043972799,0.0,-1.16482932366324,-0.954505157046981,8.84265873583064,0.7167583119589835,-1.1648293200217097,-0.9545051585568841
585,10.5300028733353,9.57836431268098,0.5300028733353006,0.5783643126809803,0.0,-1.17285156777669,-0.925129290596516,8.842640238534997,0.7696124960202724,-1.1728515699971354,-0.9251292869549842
586,10.5299113743465,9.5788711988382,0.5299113743465007,0.5788711988382005,0.0,-1.16438531572172,-0.941838741752576,8.84245553561647,0.6507238501217216,-1.1643853150111738,-0.9418387420190298
587,10.5299808986452,9.57826238120759,0.5299808986451993,0.5782623812075904,0.0,-1.16720314693453,-0.956247148131695,8.842287706788799,0.692073198966682,-1.1672031499543323,-0.9562471465329735
588,10.530043704652,9.57873148654815,0.5300437046519999,0.5787314865481505,0.0,-1.16879557223726,-0.954531803909475,8.842450088262623,0.6984248559456319,-1.168795574990611,-0.9545318045312
589,10.5299581882366,9.57812324405213,0.5299581882366002,0.5781232440521293,0.0,-1.16888802361714,-0.929115719561224,8.843008451423326,0.7044792519882321,-1.1688880250382283,-0.9291157214263989
590,10.5299588571913,9.57826768113985,0.5299588571912999,0.5782676811398506,0.0,-1.16858046821378,-0.929405109317827,8.842826417388224,0.7611363339237869,-1.1685804650163334,-0.9294051094954624
591,10.5299522736415,9.57823221231866,0.5299522736415003,0.5782322123186603,0.0,-1.16459582972794,-0.93651045798282,8.842293533839587,0.6414696997962892,-1.164595829994397,-0.9365104580716376
592,10.5301557838794,9.57853985651292,0.5301557838793993,0.5785398565129203,0.0,-1.17180695458075,-0.91960789241341,8.84223321372656,0.7557198200374842,-1.1718069550248345,-0.919607894545038
593,10.5301580513894,9.57795864419335,0.5301580513893995,0.57795864419335,0.0,-1.17019360299508,-0.924878770014459,8.842630740912908,0.6981763280928135,-1.1701936050378947,-0.9248787709914551
594,10.5302061813314,9.57808563296967,0.5302061813313994,0.5780856329696693,0.0,-1.17243687807189,-0.93023197615949,8.841382122836109,0.7114965990185738,-1.1724368800258844,-0.930231979001661
595,10.5300508655804,9.57867670394334,0.5300508655803995,0.5786767039433407,0.0,-1.16588810872287,-0.952284471544829,8.842018205313872,0.6957354350015521,-1.1658881050813363,-0.9522844710119215
596,10.5298094005748,9.57819665097196,0.5298094005748002,0.5781966509719592,0.0,-1.17057057886782,-0.930090276973772,8.84235086025978,0.7098057721741498,-1.1705705800224564,-0.930090279016582
597,10.5301754364292,9.57775621816325,0.5301754364292002,0.5777562181632501,0.0,-1.17960611651924,-0.910866088332796,8.84136845478983,0.7048376889433712,-1.179606115009335,-0.9108660890433383
598,10.5299163808307,9.57843381958864,0.5299163808307004,0.5784338195886392,0.0,-1.16879748617293,-0.939778210895525,8.842544849098482,0.6880769180133939,-1.1687974899921016,-0.9397782119613395
599,10.5298750341994,9.57866798971181,0.5298750341993994,0.5786679897118105,0.0,-1.16099193432362,-0.943336133740757,8.842074374294619,0.7190077230334282,-1.1609919349453435,-0.943336135073025
600,10.5298937921099,9.57861610257268,0.5298937921099007,0.5786161025726795,0.0,-1.16657324307212,-0.948354036367505,8.842582671034029,0.6836496680043638,-1.1665732450261146,-0.948354035035237
601,10.5302755135296,9.57829503293457,0.5302755135296007,0.5782950329345695,0.0,-1.16707684005846,-0.935738741691949,8.842469255601658,0.6889526820741594,-1.1670768400584564,-0.9357387434683061
602,10.5302021804051,9.57876745342891,0.5302021804050998,0.5787674534289096,0.0,-1.16156985692228,-0.933945501380151,8.842578254567897,0.7343801220413297,-1.1615698549682918,-0.9339455029788722
603,10.5297755535629,9.57821790504543,0.5297755535628994,0.5782179050454292,0.0,-1.16796490328142,-0.943090376637201,8.842709219129858,0.6972479010000825,-1.1679649049689544,-0.9430903779694687
604,10.530136076076,9.57871464050375,0.5301360760759994,0.5787146405037493,0.0,-1.16536086069985,-0.921644542462019,8.842332949797624,0.6972801419906318,-1.1653608599893062,-0.9216445429949259
605,10.530032177072,9.57817537486373,0.530032177072,0.5781753748637293,0.0,-1.16049961400577,-0.956411358910003,8.84286837517526,0.6926751688588411,-1.1604996149827684,-0.956411359531728
606,10.53008486484,9.57814930108331,0.5300848648399992,0.5781493010833092,0.0,-1.17000886534768,-0.928769904096072,8.841883074851493,0.6845222809351981,-1.1700088649924112,-0.9287699070270604
607,10.5300371167992,9.57852937353163,0.5300371167991997,0.5785293735316301,0.0,-1.17833520620891,-0.915005612345254,8.841902210482534,0.6265411940403283,-1.178335209939263,-0.9150056110129866
608,10.5300120253984,9.57847901352613,0.5300120253984009,0.5784790135261293,0.0,-1.1768710628246,-0.927844737130812,8.842028741300863,0.6792935188859701,-1.1768710600712495,-0.9278447385518972
609,10.5301766676751,9.57787373181481,0.5301766676751001,0.5778737318148099,0.0,-1.17040386786726,-0.926944443868649,8.842714735072734,0.7042706350330263,-1.1704038699988928,-0.926944445023281
610,10.5299965633705,9.57840809418937,0.5299965633704993,0.5784080941893706,0.0,-1.16489784964813,-0.938329122845971,8.842794263895096,0.6890353029593825,-1.164897850003399,-0.938329124000603
611,10.5299308348357,9.57866367337055,0.5299308348356995,0.5786636733705492,0.0,-1.17642445420785,-0.907747424694349,8.842690842115465,0.7013262510299683,-1.1764244550072078,-0.9077474244278959
612,10.5298576773803,9.57850769042652,0.5298576773802992,0.5785076904265196,0.0,-1.16406314543127,-0.941281885946665,8.842372743426463,0.7167398231104016,-1.1640631449871819,-0.9412818875453864
613,10.5299299529056,9.5787742801321,0.5299299529056007,0.5787742801320999,0.0,-1.16652689738928,-0.940629680545868,8.842245760721312,0.7044046418741345,-1.1665269000538103,-0.9406296814340463
614,10.5299952766762,9.57869756069065,0.5299952766761997,0.5786975606906495,0.0,-1.16058945121011,-0.949115053749949,8.843137769862984,0.6805250099860132,-1.1605894550292817,-0.9491150559703952
615,10.5297097163058,9.57805612322684,0.5297097163058009,0.5780561232268404,0.0,-1.16301255976836,-0.961903344176562,8.842070164069863,0.7051581721752882,-1.1630125600348151,-0.9619033444430157
616,10.5300217702572,9.57907128244659,0.5300217702571999,0.5790712824465896,0.0,-1.16021166647329,-0.951095553958225,8.842795726567674,0.7264020650181919,-1.1602116700260012,-0.9510955544911325
617,10.5300405166741,9.57843784673682,0.5300405166741005,0.5784378467368203,0.0,-1.16726900207809,-0.9283354094336,8.842773120117904,0.783180421916768,-1.167268999946458,-0.9283354104994145
618,10.5300621010794,9.57830860704594,0.5300621010794,0.5783086070459404,0.0,-1.16840447201838,-0.918054601228846,8.842428787116262,0.7165272319689393,-1.1684044749493694,-0.9180546030052027
619,10.5301233898165,9.57896851994881,0.5301233898165005,0.5789685199488108,0.0,-1.15740687167687,-0.960111064163271,8.842430135767195,0.7564636638853699,-1.1574068749631294,-0.960111065495539
620,10.5299637094394,9.57866663401787,0.5299637094394001,0.5786666340178694,0.0,-1.16944006958164,-0.941314656799363,8.842776708430824,0.7100804140791297,-1.169440070025729,-0.9413146584869024
621,10.5300309869793,9.57845635690964,0.5300309869793001,0.5784563569096406,0.0,-1.16571835668822,-0.939666985289023,8.842449831176515,0.7986962250433862,-1.165718359974477,-0.9396669864436545
622,10.5298995555002,9.57823989216517,0.5298995555002008,0.5782398921651701,0.0,-1.16514835362125,-0.937345910489995,8.842031767760947,0.7056406801566482,-1.1651483550423336,-0.9373459104899949
623,10.5299304191341,9.57856674788192,0.5299304191341001,0.5785667478819203,0.0,-1.16729786210357,-0.927165064990021,8.84240578679294,0.7052484350278974,-1.1672978650345556,-0.9271650649900208
624,10.5296944213067,9.57827666834405,0.5296944213067007,0.5782766683440492,0.0,-1.16345844851651,-0.956291360765249,8.842408877054968,0.7021941100247204,-1.1634584500264111,-0.9562913604987954
625,10.5299073763586,9.57808996244347,0.5299073763586009,0.5780899624434692,0.0,-1.17045267948868,-0.91872284437855,8.84268575883533,0.7001151340082288,-1.1704526849953822,-0.918722845444364
626,10.5300528733175,9.57852291044266,0.5300528733174996,0.5785229104426595,0.0,-1.17795773686424,-0.915015463931468,8.842249680563967,0.8024412798695266,-1.1779577349990689,-0.9150154640202856
627,10.5298148854884,9.57828029283736,0.5298148854884008,0.5782802928373592,0.0,-1.15734052430483,-0.944370900413105,8.842647535153187,0.6978898218367249,-1.1573405249265534,-0.9443709014789191
628,10.5301742476857,9.57882782810752,0.5301742476857001,0.5788278281075208,0.0,-1.16455097263213,-0.958228578351594,8.841558837533588,0.6897704368457198,-1.1645509749413918,-0.9582285790621369
629,10.5298976749789,9.57817452420928,0.5298976749788995,0.5781745242092793,0.0,-1.17527673539897,-0.91298379629734,8.842255154860485,0.6882274199742824,-1.1752767350436955,-0.9129837974519716
630,10.5300813895393,9.57868179302582,0.5300813895392995,0.5786817930258206,0.0,-1.16391508191427,-0.936746443258585,8.84218137810616,0.7097304789349437,-1.163915085022893,-0.9367464454790307
631,10.5299362390285,9.57896412833858,0.5299362390284994,0.5789641283385798,0.0,-1.16726362326958,-0.942799215764012,8.84244910506329,0.7193662407808006,-1.1672636250459334,-0.9427992170074616
632,10.530004025852,9.57871249703067,0.5300040258519996,0.5787124970306703,0.0,-1.16833441650144,-0.909116648806218,8.842091311715894,0.6870310939848423,-1.1683344199653334,-0.9091166484509471
633,10.5301355071454,9.57842744868523,0.5301355071454008,0.5784274486852308,0.0,-1.16892346078146,-0.943866404234939,8.841610209957727,0.6998135671019554,-1.1689234599820963,-0.9438664069882917
634,10.5300818361236,9.57839536855299,0.5300818361235997,0.5783953685529895,0.0,-1.16066874875642,-0.951718837072235,8.842229361659882,0.6848232108168304,-1.1606687499998714,-0.9517188349406068
635,10.5298952575964,9.57765354644978,0.5298952575964009,0.5776535464497794,0.0,-1.18241596904767,-0.913070530561555,8.841675362369077,0.6215632038656622,-1.182415970024664,-0.9130705289628337
636,10.5301563162109,9.57863480700601,0.5301563162109009,0.5786348070060097,0.0,-1.15760703307544,-0.961407630750699,8.841928207198022,0.6818000229541212,-1.1576070300556296,-0.9614076310171525
637,10.5301365299569,9.57855227883148,0.5301365299569003,0.5785522788314807,0.0,-1.1638481669074,-0.938213831336299,8.842570648824063,0.6939360308460891,-1.1638481700160241,-0.9382138324909305
638,10.5297288505929,9.57827731634836,0.5297288505928996,0.5782773163483608,0.0,-1.16905282867563,-0.905983067323035,8.843222007723304,0.6227662258315831,-1.1690528300078995,-0.9059830675006707
639,10.5298523472248,9.57817689923697,0.5298523472248,0.5781768992369702,0.0,-1.18114597231767,-0.918453980958134,8.841830990665834,0.6833009419497102,-1.1811459750710185,-0.918453983000944
640,10.5300650932438,9.57840868644684,0.5300650932438007,0.5784086864468403,0.0,-1.17908406940259,-0.913059687501771,8.84133286266848,0.7215873450040817,-1.1790840699354987,-0.9130596870576823
641,10.529922979847,9.57846172356546,0.5299229798470009,0.5784617235654608,0.0,-1.17216152260013,-0.922048579621304,8.842063764930094,0.6848908031824976,-1.1721615249982165,-0.9220485794436682
642,10.5300132509628,9.57868186071148,0.5300132509627993,0.5786818607114803,0.0,-1.16384805259884,-0.941158273004561,8.842391868212006,0.6983602198306471,-1.1638480549969188,-0.94115827344865
643,10.5299128458035,9.57834511243168,0.5299128458034996,0.5783451124316805,0.0,-1.17093334468521,-0.912601487179643,8.84232522954542,0.7104808329604566,-1.1709333449516635,-0.9126014864691
644,10.530087146733,9.5792008872729,0.5300871467330008,0.5792008872729006,0.0,-1.17124014158421,-0.930122255748955,8.843000972011271,0.7894656287971884,-1.1712401450481025,-0.9301222569924049
645,10.5300227474958,9.57857946196267,0.5300227474957993,0.5785794619626703,0.0,-1.16597515509298,-0.9242338625981,8.842463766570818,0.7109244521707296,-1.165975155004162,-0.9242338615322864
646,10.5300155299704,9.57831892235687,0.5300155299704006,0.5783189223568694,0.0,-1.17329299946789,-0.910314193092176,8.842521168092704,0.7144926839973778,-1.173293004974596,-0.9103141949573511
647,10.5299099320635,9.57879979385568,0.5299099320635001,0.5787997938556799,0.0,-1.15251842824904,-0.959980341619371,8.842789519973248,0.7737274640239775,-1.1525184249627785,-0.9599803444615417
648,10.529847469766,9.57862636485543,0.5298474697660005,0.5786263648554293,0.0,-1.16727868419986,-0.943247190754448,8.842652007467798,0.7084857448935509,-1.1672786849992178,-0.9432471914649908
649,10.5299788775778,9.57795645242425,0.5299788775778005,0.5779564524242495,0.0,-1.17175620282239,-0.91077070125678,8.842026512346983,0.7948033430147916,-1.1717562050428398,-0.9107707009903264
650,10.5300550973619,9.5783632235537,0.5300550973619007,0.5783632235536995,0.0,-1.16628831090537,-0.937082137930645,8.841864268087242,0.7137959599494934,-1.166288310017194,-0.9370821384635518
651,10.5300694753386,9.5785454658268,0.5300694753385997,0.5785454658267994,0.0,-1.16734663375695,-0.927562055785813,8.841745497408219,0.7140543719287962,-1.1673466350003991,-0.9275620560522667
652,10.5298930145744,9.57815926612974,0.5298930145743999,0.5781592661297399,0.0,-1.17124753886699,-0.94002520567571,8.842265540857122,0.7612653290852904,-1.171247544995424,-0.9400252064750702
653,10.5300215273862,9.57898150696946,0.5300215273862001,0.5789815069694608,0.0,-1.16570361745616,-0.923298226318536,8.84277857738782,0.7076433750335127,-1.165703620031877,-0.9232982255191756
654,10.5301782108544,9.5778862629353,0.5301782108544,0.5778862629352997,0.0,-1.17737676150753,-0.918231429203331,8.841901631670735,0.7097588588949293,-1.1773767649714273,-0.9182314339994945
655,10.5303048318505,9.57835101851692,0.5303048318505006,0.5783510185169192,0.0,-1.16848547131454,-0.947200056700126,8.841580519052222,0.7135660459753126,-1.1684854699822722,-0.9472000584764827
656,10.5301786641088,9.5779609539319,0.5301786641087993,0.5779609539318997,0.0,-1.17485634518744,-0.926396022915554,8.841897507903512,0.7657765431795269,-1.1748563449209826,-0.9263960250471824
657,10.5298093858189,9.57813411167256,0.5298093858189006,0.5781341116725596,0.0,-1.16019418205937,-0.945368061255891,8.842814023058054,0.7155079140793532,-1.1601941849903596,-0.9453680624993409
658,10.5300312755308,9.57838933147325,0.5300312755307992,0.5783893314732502,0.0,-1.16833052521415,-0.92789985455255,8.842186676123937,0.7197233859915286,-1.1683305250365095,-0.927899856506542
659,10.5300293694635,9.57852962356045,0.5300293694635005,0.5785296235604491,0.0,-1.16774509564266,-0.917041908277127,8.842695821670915,0.7064773240126669,-1.1677450950209334,-0.9170419084547631
660,10.5300528697019,9.57866406647006,0.5300528697018994,0.5786640664700595,0.0,-1.16438963324583,-0.941419397104681,8.842349071773727,0.7032044299412519,-1.1643896350221894,-0.9414193984369489
661,10.5300679367152,9.5783674858348,0.5300679367152004,0.5783674858348,0.0,-1.16260572582405,-0.953578045503889,8.84298746049608,0.701688322937116,-1.1626057249358723,-0.9535780470137921
662,10.5297763886396,9.57807569495753,0.5297763886396005,0.5780756949575299,0.0,-1.16402506122881,-0.952593059544426,8.84232690082119,0.6827506970148534,-1.16402506504798,-0.9525930595444264
663,10.530149433446,9.5782042508498,0.5301494334460006,0.5782042508498009,0.0,-1.17079804740072,-0.941124804842985,8.842289929499595,0.6751862799283117,-1.1707980499764403,-0.9411248034218999
664,10.5300437393968,9.57860758064492,0.5300437393968007,0.5786075806449205,0.0,-1.15972891601146,-0.933398175728683,8.842797981161251,0.7031919590663165,-1.1597289200082628,-0.9333981779491295
665,10.5299807481025,9.57901282179429,0.5299807481024992,0.57901282179429,0.0,-1.15776320068761,-0.960160223417716,8.842533007420963,0.6403116658329964,-1.1577631999770688,-0.9601602244835304
666,10.5299982720482,9.57807434014173,0.5299982720481999,0.5780743401417308,0.0,-1.17288181176178,-0.94650041706501,8.841740560539526,0.7691224159207195,-1.1728818099854266,-0.9465004185749136
667,10.5302584335969,9.57879397797829,0.5302584335969005,0.5787939779782896,0.0,-1.16186931924389,-0.943211399651034,8.842264658461096,0.711165962042287,-1.1618693199544339,-0.9432114014273906
668,10.5298903383389,9.57888517573537,0.5298903383389,0.5788851757353708,0.0,-1.16406326808871,-0.958908607984199,8.842524583877477,0.7042295909486711,-1.1640632700427034,-0.9589086094941023
669,10.5300924618413,9.57873433489555,0.5300924618412992,0.5787343348955503,0.0,-1.16789625010938,-0.929159088158826,8.842881908678637,0.6948789209127426,-1.1678962549943606,-0.9291590890470046
670,10.5301621787909,9.57819594112161,0.5301621787908992,0.57819594112161,0.0,-1.17073849308369,-0.922265779301767,8.841920453594877,0.6921888650394976,-1.1707384949488642,-0.922265778946496
671,10.5296714143642,9.57853296031207,0.5296714143642003,0.5785329603120708,0.0,-1.16282666011713,-0.937852484295121,8.84279416946829,0.7024199571460485,-1.1628266599394976,-0.9378524844727564
672,10.5297795366972,9.57879927799671,0.5297795366972,0.5787992779967102,0.0,-1.16281503990123,-0.948468839290228,8.84228441366842,0.6925531800370663,-1.1628150399900505,-0.9484688424876707
673,10.5299847731723,9.578699459134,0.5299847731723002,0.5786994591340004,0.0,-1.1711831550798,-0.929905972757439,8.842554432252149,0.690165335079655,-1.1711831549909846,-0.9299059734679814
674,10.5300495831007,9.5780140748837,0.5300495831007002,0.5780140748837006,0.0,-1.17564134169967,-0.918110103587111,8.84205041860896,0.7333745879586786,-1.1756413400121346,-0.9181101050081962
675,10.5300423067765,9.57826230755837,0.5300423067764992,0.5782623075583704,0.0,-1.16861349619413,-0.918459749499334,8.842772468127965,0.7668138400185853,-1.1686134950394944,-0.9184597510092373
676,10.530137319689,9.57867017949403,0.5301373196890005,0.5786701794940292,0.0,-1.16570384323111,-0.94155970682408,8.842435359325567,0.6352165259886533,-1.1657038450074708,-0.9415597065576263
677,10.5301380794557,9.5789345564225,0.5301380794556998,0.5789345564224995,0.0,-1.16453511731507,-0.95748652686467,8.842736291755672,0.6965908959973603,-1.1645351150058048,-0.9574865265093989
678,10.530197099961,9.57875447122335,0.5301970999610006,0.5787544712233501,0.0,-1.17246719444353,-0.937854474969413,8.841274812295477,0.690546675119549,-1.1724671949764343,-0.9378544760352269
679,10.5301672089835,9.57821173095741,0.5301672089834994,0.5782117309574097,0.0,-1.17485631285774,-0.927713723264389,8.841546649550628,0.6896247488912195,-1.1748563149893698,-0.9277137210439433
680,10.5302908991483,9.57819713133411,0.5302908991482997,0.5781971313341092,0.0,-1.1698683097805,-0.922900863908893,8.842740936036305,0.6883183619938791,-1.169868310046951,-0.922900865063525
681,10.5299702441741,9.57834946401461,0.5299702441741001,0.5783494640146092,0.0,-1.17278301061674,-0.921972118383962,8.841847725817397,0.6384227168746293,-1.1727830149688145,-0.9219721189168694
682,10.5298539573945,9.57840092268025,0.5298539573945007,0.5784009226802507,0.0,-1.17172508025121,-0.905891529967562,8.842521089697462,0.6996085790451616,-1.1717250850473704,-0.9058915295234725
683,10.5300647884815,9.57810007887512,0.5300647884815,0.5781000788751207,0.0,-1.17160777017844,-0.928853031556542,8.842212852621348,0.7576314890757203,-1.1716077750634213,-0.9288530295137319
684,10.5299045255708,9.57798131462517,0.5299045255707995,0.5779813146251698,0.0,-1.16696152563378,-0.92598343206518,8.842684436258445,0.711192780174315,-1.166961529985855,-0.9259834339303551
685,10.5303215264075,9.5789037685881,0.5303215264074996,0.5789037685881002,0.0,-1.17199217122277,-0.949458156451754,8.841647901443627,0.7092818699311465,-1.171992175041936,-0.9494581569846615
686,10.5299412147705,9.57856313314524,0.5299412147704992,0.5785631331452397,0.0,-1.16279771082972,-0.95000744373408,8.842313489595218,0.6875317690428346,-1.1627977099415432,-0.9500074455104367
687,10.529931628698,9.57856421740811,0.5299316286979998,0.5785642174081094,0.0,-1.17472885179382,-0.935381858901962,8.84210277509526,0.6919140759855509,-1.174728850017459,-0.9353818595236872
688,10.5301568410269,9.57866466630663,0.5301568410268995,0.5786646663066293,0.0,-1.17301494348965,-0.910040585289096,8.841982427118438,0.639756788033992,-1.1730149449995508,-0.9100405864437277
689,10.5301857671608,9.57822295684558,0.5301857671608001,0.5782229568455808,0.0,-1.17109258486181,-0.927099602598957,8.841965955738981,0.76311190193519,-1.1710925900132452,-0.9270996029542288
690,10.5301467246658,9.57846333330079,0.5301467246657996,0.5784633333007907,0.0,-1.17274757700514,-0.930123862641352,8.842936579977598,0.6991711400914937,-1.1727475799361287,-0.930123861575538
691,10.5301242458455,9.57800560987551,0.5301242458454993,0.5780056098755093,0.0,-1.16477683302918,-0.95043435281994,8.84239562258551,0.7079420310910791,-1.1647768349831722,-0.9504343535304826
692,10.5301357397602,9.5783607357764,0.5301357397601993,0.5783607357763998,0.0,-1.17301111020041,-0.926322450567341,8.842542494623016,0.7032735890243202,-1.1730111099339524,-0.9263224510114297
693,10.5297788379387,9.57880706963102,0.5297788379387001,0.5788070696310204,0.0,-1.16478639338169,-0.927382439641633,8.842905118159628,0.7102812929078937,-1.1647863949804105,-0.9273824399969043
694,10.5299076775718,9.57832913026094,0.5299076775717992,0.5783291302609399,0.0,-1.16750942273924,-0.921724955027514,8.842612889493227,0.6991228859405965,-1.1675094249596896,-0.9217249554716033
695,10.5299439590403,9.5783073685786,0.5299439590403008,0.5783073685785993,0.0,-1.16803439116353,-0.918403497962572,8.84248993935576,0.7047049070242792,-1.1680343949826977,-0.9184035004494716
696,10.5299635493387,9.57827500976392,0.5299635493386994,0.5782750097639209,0.0,-1.18043258119371,-0.899063854831183,8.841877947952257,0.7809790121391416,-1.1804325799502635,-0.8990638554529083
697,10.5299663279685,9.57833529962494,0.5299663279685003,0.5783352996249391,0.0,-1.16672450607425,-0.940671009441729,8.842523931281587,0.6989853950217366,-1.1667245050084318,-0.9406710089976399
698,10.5302203695017,9.57792348824028,0.5302203695017003,0.5779234882402804,0.0,-1.18326286600023,-0.909864668852123,8.841853670624529,0.7125166980549693,-1.183262865023238,-0.9098646684968513
699,10.5301108111032,9.57842832831578,0.5301108111031994,0.5784283283157805,0.0,-1.17602728053612,-0.926953260815821,8.84157267798331,0.7021792219020426,-1.1760272849770104,-0.92695326046055
700,10.529884468164,9.57737440333987,0.5298844681639991,0.5773744033398707,0.0,-1.17292368955191,-0.943229446814797,8.841861004403718,0.7176044250372797,-1.172923690084815,-0.9432294455713474
701,10.5300754231513,9.57838599563811,0.5300754231513007,0.5783859956381097,0.0,-1.17547065343615,-0.928493687357701,8.842048731437098,0.7841439228504896,-1.1754706500610723,-0.9284936870024295
702,10.5303883179863,9.57839040773174,0.5303883179863007,0.5783904077317406,0.0,-1.16814793980069,-0.939158241841653,8.841983447609087,0.710789609933272,-1.1681479399783257,-0.9391582435291922
703,10.5299706232435,9.57888345346067,0.5299706232435,0.5788834534606693,0.0,-1.15469163839421,-0.957865810757852,8.842471886059371,0.6879848630633205,-1.154691639992933,-0.9578658134223871
704,10.5300543432634,9.57914339538204,0.5300543432633997,0.5791433953820402,0.0,-1.1616702041195,-0.946691008429923,8.842444186167532,0.690450576832518,-1.161670205007681,-0.9466910084299228
705,10.529923879424,9.57896680522383,0.5299238794240004,0.5789668052238301,0.0,-1.16460757215719,-0.916268901818284,8.842889440535357,0.7175870051141828,-1.1646075749993656,-0.9162689025288272
706,10.5300404044645,9.57740308379873,0.5300404044645006,0.5774030837987301,0.0,-1.16713822455594,-0.952611386395574,8.841928201739067,0.6872105209622532,-1.1671382299738298,-0.9526113870172991
707,10.5298952200322,9.57907657217985,0.5298952200322002,0.5790765721798508,0.0,-1.16616058596364,-0.945805003649269,8.842121924591472,0.6895588298793882,-1.166160589960441,-0.9458050034716335
708,10.5301685133097,9.57855886801518,0.5301685133097003,0.5785588680151807,0.0,-1.16568144665763,-0.946346913277551,8.842365559402971,0.7314978940412402,-1.1656814449700903,-0.9463469145210012
709,10.5299552661787,9.57780156305649,0.5299552661786997,0.5778015630564894,0.0,-1.1662474344476,-0.944972047722814,8.84269749204665,0.6985895461402833,-1.1662474349805052,-0.9449720485221745
710,10.5299460194713,9.57823809185472,0.5299460194712999,0.5782380918547201,0.0,-1.16814354242933,-0.93120527653312,8.842745562362017,0.7006173599511385,-1.1681435450050515,-0.9312052764443023
711,10.530062013718,9.57870134728668,0.5300620137180001,0.57870134728668,0.0,-1.16469541477926,-0.946905721299629,8.841999981171718,0.6899458069819957,-1.1646954150457134,-0.9469057220101716
712,10.5299231488384,9.57815356911881,0.5299231488383995,0.5781535691188093,0.0,-1.17213065475852,-0.91699953053137,8.842204303973245,0.7008418450132012,-1.1721306550249722,-0.9169995320412737
713,10.5300595047657,9.57886721391143,0.5300595047657009,0.5788672139114297,0.0,-1.17870764713146,-0.912296772792587,8.841886066898013,0.6767055459786206,-1.1787076449998324,-0.9122967729702224
714,10.5300345837405,9.57827519286331,0.5300345837405,0.5782751928633107,0.0,-1.17317916359383,-0.927342284562371,8.842259863877578,0.6198231470771134,-1.173179164926097,-0.9273422865163637
715,10.5300907808659,9.57854188175881,0.5300907808658994,0.5785418817588095,0.0,-1.17690482284161,-0.918818922812647,8.841680924349264,0.7091844079550356,-1.176904824973235,-0.9188189254771827
716,10.5300670703899,9.57833145087843,0.5300670703899009,0.5783314508784301,0.0,-1.16734254476114,-0.938541100836687,8.842311912891907,0.6972237459849566,-1.1673425450275943,-0.9385411004814158
717,10.5301554187656,9.57848349766421,0.5301554187656006,0.5784834976642106,0.0,-1.17031029862602,-0.920103777346526,8.84244108649492,0.6792931570671499,-1.1703102999582882,-0.9201037779682507
718,10.5303606451257,9.57795639148716,0.5303606451257004,0.5779563914871595,0.0,-1.16863701036252,-0.933418780935113,8.842039741708204,0.718641237122938,-1.1686370100072452,-0.9334187835108309
719,10.5300946814093,9.57809488909964,0.5300946814093006,0.5780948890996402,0.0,-1.17119404210442,-0.940799016113658,8.842026566159616,0.7068573699798435,-1.1711940450354064,-0.9407990170018364
720,10.5298821245722,9.57842925175285,0.5298821245722003,0.5784292517528495,0.0,-1.15713755270974,-0.953518420931942,8.843322312954175,0.6747779960278422,-1.1571375550190055,-0.9535184204878532
721,10.529863607382,9.57890468274326,0.5298636073819996,0.5789046827432607,0.0,-1.16984424760602,-0.928220799512047,8.842631135237818,0.6295829468872398,-1.169844250004104,-0.9282208000449542
722,10.5295813153922,9.57884099786334,0.5295813153921998,0.57884099786334,0.0,-1.16589188330352,-0.932513874918328,8.842984923284202,0.766161389881745,-1.165891884991055,-0.9325138764282314
723,10.5298643794434,9.578296879508,0.5298643794433993,0.5782968795080006,0.0,-1.16725482142144,-0.931056194897195,8.842541618254133,0.6298190441448241,-1.1672548200003519,-0.9310561949860129
724,10.5300455966047,9.57847996239242,0.5300455966046993,0.5784799623924197,0.0,-1.16951116266861,-0.932199750725004,8.842464959725193,0.6858145869337022,-1.1695111699516758,-0.9321997515243651
725,10.5299623834055,9.5786539790856,0.5299623834055005,0.5786539790855993,0.0,-1.16098059548264,-0.952867193504403,8.842794754633774,0.7131844630930573,-1.1609806000123513,-0.9528671955472133
726,10.5299856468489,9.57886278723549,0.5299856468488997,0.5788627872354901,0.0,-1.1733821301263,-0.920941107107609,8.842566005626246,0.7739307021256536,-1.1733821300374814,-0.9209411074628803
727,10.530016439932,9.57879886098823,0.530016439932,0.5787988609882309,0.0,-1.15427361766507,-0.960431362706515,8.843011993710233,0.6970191218424588,-1.154273619974333,-0.960431364482872
728,10.5298989572415,9.57836351589155,0.5298989572414996,0.5783635158915494,0.0,-1.1751485089917,-0.922899203548155,8.84254130387462,0.8083591728936881,-1.175148510057511,-0.9228992030152482
729,10.5300444129103,9.57849587313837,0.5300444129102999,0.5784958731383707,0.0,-1.16040758850744,-0.9590877697363,8.843457697143808,0.717833919916302,-1.1604075900173427,-0.9590877709797495
730,10.5300705682336,9.57818050283867,0.5300705682336009,0.57818050283867,0.0,-1.17362348799332,-0.920690991623729,8.842339481899485,0.7015616849530488,-1.1736234849735183,-0.9206909904690973
731,10.5298654427928,9.57919249781304,0.5298654427928007,0.5791924978130396,0.0,-1.16909846763491,-0.927618389301443,8.84209233567775,0.6889023559633642,-1.169098470032992,-0.9276183895678968
732,10.5301898662357,9.57881594786778,0.5301898662357001,0.5788159478677795,0.0,-1.16529835523238,-0.948388225374685,8.842402851281888,0.7007680870592594,-1.1652983549659268,-0.9483882249305963
733,10.5298229249261,9.57871567990994,0.5298229249260995,0.5787156799099407,0.0,-1.16676850003827,-0.95298119209275,8.842526769988877,0.6941191970836371,-1.1667685000382733,-0.9529811944908316
734,10.5299374962916,9.57898749365733,0.5299374962916001,0.5789874936573298,0.0,-1.16528615485834,-0.932199527259314,8.842609598967485,0.6884671589359641,-1.1652861550359717,-0.9321995285027639
735,10.5301240576305,9.57829124153302,0.5301240576305002,0.5782912415330195,0.0,-1.17257436462737,-0.939319567461183,8.841935924021403,0.7336150789633393,-1.172574370045254,-0.9393195685269972
736,10.5299733213362,9.57795853574553,0.5299733213362003,0.5779585357455304,0.0,-1.17039609133229,-0.942234036305223,8.842170246896941,0.7048008269630373,-1.1703960950626424,-0.9422340365716763
737,10.5299277846713,9.57830296843256,0.5299277846712993,0.5783029684325598,0.0,-1.16879936387093,-0.934455220402697,8.842488245754383,0.7567451880313456,-1.1687993650255635,-0.9344552220014178
738,10.5299291698647,9.57893098682117,0.5299291698646993,0.5789309868211703,0.0,-1.16518572799151,-0.943556300203596,8.842637808251975,0.7029848399106413,-1.1651857300343238,-0.9435563014470459
739,10.5300977334236,9.57779475477645,0.5300977334236006,0.5777947547764501,0.0,-1.17527855882926,-0.915854176497532,8.84204333115081,0.7125080421101302,-1.1752785650465114,-0.9158541774745287
740,10.5297470242864,9.57817985332606,0.5297470242864009,0.5781798533260591,0.0,-1.16668020568866,-0.934860348955624,8.842734859608205,0.7050840139854699,-1.166680205066939,-0.9348603494885309
741,10.5299915867653,9.5776876212953,0.5299915867653002,0.5776876212953006,0.0,-1.17315112557748,-0.92519350136655,8.842086596367256,0.6813204921782017,-1.1731511300183683,-0.9251935040310854
742,10.53000705687,9.57800798371674,0.5300070568699997,0.5780079837167396,0.0,-1.1725494099224,-0.921819777577326,8.841805429500857,0.638481484958902,-1.1725494149850135,-0.9218197774885083
743,10.5299022359361,9.57877332427306,0.5299022359361008,0.5787733242730599,0.0,-1.16777418508462,-0.929622964385146,8.842505103383443,0.7647974179126322,-1.1677741900584238,-0.9296229645627817
744,10.5302297665214,9.57792978004617,0.5302297665213995,0.5779297800461691,0.0,-1.17175363589794,-0.928771491892633,8.8419348070352,0.699291423894465,-1.1717536350097646,-0.9287714919814504
745,10.5302011774268,9.57850480052845,0.5302011774268003,0.5785048005284494,0.0,-1.1690562688571,-0.942841170736841,8.842021897191328,0.6291774450801313,-1.1690562700117368,-0.9428411719802908
746,10.5301673543627,9.5780903706505,0.5301673543626997,0.5780903706505001,0.0,-1.17091762348309,-0.935050938721815,8.84237530421315,0.7815169810783118,-1.1709176249929953,-0.9350509400540828
747,10.5300096357237,9.57835610604973,0.5300096357236992,0.5783561060497302,0.0,-1.17780453985361,-0.90686720763955,8.841863477351014,0.6832941570319235,-1.1778045400312465,-0.9068672070178251
748,10.5298331254726,9.57804537329022,0.5298331254725994,0.5780453732902195,0.0,-1.17092233562488,-0.923768043126216,8.84203770426587,0.6363933950196952,-1.170922335003155,-0.9237680450802087
749,10.5300197880464,9.57822316454402,0.5300197880464008,0.5782231645440206,0.0,-1.17944029733863,-0.914777181915127,8.841560198760678,0.69946393603459,-1.179440300003165,-0.9147771820039451
750,10.5298297501985,9.57861593321871,0.5298297501985001,0.5786159332187104,0.0,-1.17350568356045,-0.917144731626962,8.842434061451295,0.7068716699723154,-1.173505685070353,-0.9171447329592296
751,10.5300989841418,9.57794440910817,0.5300989841417998,0.57794440910817,0.0,-1.17193961282069,-0.930779061558695,8.842473317291757,0.6920714860316366,-1.1719396150411399,-0.9307790635126877
752,10.5301223288311,9.57922373007358,0.5301223288310997,0.5792237300735792,0.0,-1.15865534420223,-0.945931007656497,8.842813265669168,0.6949297951068729,-1.1586553450015913,-0.9459310094328542
753,10.5298449336465,9.57900014430483,0.5298449336464994,0.57900014430483,0.0,-1.15747135867039,-0.933152224735778,8.843101065839178,0.7931266881059855,-1.1574713600026598,-0.9331522259792279
754,10.5300780164089,9.57928036070383,0.5300780164089005,0.5792803607038302,0.0,-1.16682659037082,-0.932622627569657,8.842119896363855,0.6968905229587108,-1.1668265949893453,-0.9326226280137461
755,10.5300676804962,9.57852113933946,0.5300676804962006,0.5785211393394594,0.0,-1.17625762854345,-0.924110507050102,8.842107795239787,0.6976620410569012,-1.1762576300533567,-0.9241105084711875
756,10.530032107488,9.57859358643968,0.5300321074879992,0.5785935864396805,0.0,-1.16647503949352,-0.942881341448043,8.842124720399042,0.686901677865535,-1.1664750400264268,-0.9428813434908533
757,10.529992971812,9.57858068698989,0.5299929718119998,0.5785806869898895,0.0,-1.16985157694316,-0.934600219437698,8.842698155192405,0.6989744720049202,-1.169851579962966,-0.9346002175725231
758,10.5298071108368,9.57902927899479,0.5298071108367992,0.5790292789947902,0.0,-1.16000540755223,-0.96563894773638,8.842517229121487,0.6392637819517404,-1.1600054099503154,-0.965638949512737
759,10.5298662900744,9.57764768552404,0.5298662900744002,0.57764768552404,0.0,-1.16849739271174,-0.942258764258241,8.842279800090607,0.7672902171034366,-1.1684973950210065,-0.942258764968784
760,10.5298529635045,9.5785413981681,0.5298529635044993,0.5785413981681007,0.0,-1.15984641571032,-0.951792091719028,8.843546230576004,0.709084568079561,-1.1598464149997767,-0.9517920934953848
761,10.5299500683028,9.57869941254071,0.5299500683027993,0.5786994125407094,0.0,-1.16927195055183,-0.928362108609804,8.842440875315765,0.6853995700366795,-1.1692719549927233,-0.9283621104749783
762,10.5299954064179,9.5787955788853,0.5299954064178998,0.5787955788853001,0.0,-1.16541243269097,-0.955223147247608,8.842516057727117,0.6393318709451705,-1.1654124299376178,-0.9552231469811544
763,10.5299353253956,9.57820846004746,0.5299353253956003,0.5782084600474597,0.0,-1.17125418857,-0.949501464742042,8.841952964618235,0.6809866849798709,-1.171254194964888,-0.9495014669624878
764,10.5300417993725,9.57872840710974,0.5300417993724995,0.5787284071097396,0.0,-1.1650485105541,-0.948347860418863,8.842885464815845,0.6964822669979185,-1.165048514994993,-0.9483478635274877
765,10.5301094144568,9.57849886546813,0.5301094144568008,0.5784988654681307,0.0,-1.17265185917148,-0.915529343092913,8.842171539171007,0.687311751069501,-1.1726518650334583,-0.9155293439810918
766,10.5302015306527,9.57798412065265,0.5302015306527004,0.5779841206526495,0.0,-1.17003912265545,-0.934389449014361,8.842427737409388,0.6338469360489398,-1.1700391199909177,-0.9343894495472681
767,10.5301376435363,9.57829422601926,0.5301376435362997,0.5782942260192598,0.0,-1.16544888726366,-0.934657234896718,8.84163329307606,0.6922945259138942,-1.1654488899282,-0.934657232942726
768,10.5302874298625,9.57808959730153,0.5302874298625007,0.5780895973015294,0.0,-1.16833167762564,-0.955989772144505,8.841953399342518,0.7031427829060704,-1.1683316750499273,-0.955989774542587
769,10.5300529446307,9.57828447599853,0.5300529446307003,0.5782844759985295,0.0,-1.16784672039572,-0.937813059653791,8.841899210953338,0.683763163164258,-1.1678467250142432,-0.9378130620518731
770,10.530140830952,9.57844708499207,0.5301408309519999,0.5784470849920709,0.0,-1.16308949102972,-0.938161919616931,8.84257792238597,0.6911343189422041,-1.1630894899639088,-0.9381619199722023
771,10.5301187431042,9.57898935747512,0.5301187431042003,0.5789893574751197,0.0,-1.16367156914876,-0.930133746201989,8.842012258523175,0.7046068490017205,-1.1636715700369393,-0.93013374655726
772,10.5299431340273,9.57807336825629,0.5299431340273006,0.5780733682562893,0.0,-1.17400755499375,-0.927884052526195,8.842206407776976,0.6925916550680995,-1.1740075599675492,-0.9278840535031917
773,10.5299088196003,9.57800760410961,0.5299088196002995,0.5780076041096098,0.0,-1.17456705517327,-0.943869142311371,8.841656365774194,0.6966085680760443,-1.1745670599694336,-0.9438691415120103
774,10.5299139300851,9.57915930993338,0.5299139300850992,0.5791593099333792,0.0,-1.15978024437524,-0.952652995600545,8.842828021737391,0.7213932070881128,-1.1597802449969663,-0.9526529969328122
775,10.5299708949153,9.57852581417099,0.5299708949152997,0.5785258141709892,0.0,-1.16466622097633,-0.940450584696606,8.842284523563716,0.7791215518955141,-1.164666219999333,-0.9404505864729628
776,10.5302636003486,9.57836126023553,0.5302636003486008,0.5783612602355301,0.0,-1.1678094717027,-0.940594617926393,8.842079165212299,0.70480160205625,-1.1678094749889567,-0.9405946184593005
777,10.5300366984804,9.57833150825459,0.5300366984803997,0.5783315082545908,0.0,-1.16441178406035,-0.959818078349883,8.843011552494454,0.7014094931073487,-1.1644117850373448,-0.9598180770176156
778,10.5299995875096,9.57830790172345,0.5299995875096002,0.5783079017234503,0.0,-1.1711853100671,-0.930448439628861,8.842113359048858,0.7001664291601628,-1.1711853099782843,-0.9304484405170398
779,10.5297553549856,9.57878112012161,0.5297553549855998,0.5787811201216098,0.0,-1.16267309220319,-0.954940939301707,8.842520327963285,0.7056639930233359,-1.1626730950453634,-0.9549409410780639
780,10.5300612327931,9.57841110438574,0.5300612327931002,0.5784111043857401,0.0,-1.17347901928966,-0.927041343690149,8.841771316904625,0.7040174892172217,-1.173479020000201,-0.9270413440454205
781,10.5300539046846,9.5781404848568,0.5300539046845998,0.5781404848567995,0.0,-1.16882110701155,-0.937212648111085,8.843047937289857,0.780035899952054,-1.1688211100313595,-0.937212650509167
782,10.5299330640512,9.57874453587748,0.5299330640511997,0.5787445358774796,0.0,-1.16666897289619,-0.94313750009789,8.842534429415137,0.7034816278610379,-1.166668969965201,-0.9431375004531616
783,10.5299874349897,9.57854365742696,0.5299874349896996,0.5785436574269607,0.0,-1.16582242455365,-0.941894411976563,8.842752213516649,0.6278997550252825,-1.1658224249977422,-0.9418944119765625
784,10.5299236632554,9.57935775416274,0.5299236632553992,0.5793577541627393,0.0,-1.16144239541427,-0.960923140969072,8.842528600894465,0.7003093119710684,-1.1614423949701802,-0.960923140969072
785,10.5299934341016,9.57861380282665,0.5299934341016002,0.5786138028266503,0.0,-1.16622785544251,-0.928058420246458,8.842969071481788,0.7761606210842729,-1.1662278599722242,-0.9280584229998111
786,10.5299110041693,9.57877877009898,0.5299110041692998,0.5787787700989799,0.0,-1.1702010795922,-0.928962677804179,8.84306908480214,0.6885122188832611,-1.170201085010092,-0.9289626769160008
787,10.5299909485073,9.5786854442503,0.5299909485073009,0.5786854442503007,0.0,-1.17689037866242,-0.918727500742733,8.841838573178668,0.6409908630885184,-1.1768903799946884,-0.9187275014532758
788,10.5301309477332,9.57841363748672,0.5301309477332001,0.5784136374867206,0.0,-1.16869999642333,-0.938571563313673,8.842310912671907,0.7810058540198952,-1.1686999950022425,-0.9385715655341186
789,10.5300389686195,9.57774545339062,0.5300389686195004,0.5777454533906194,0.0,-1.17167963500364,-0.944169434635711,8.842262361898252,0.7049595301505178,-1.1716796350036418,-0.9441694349909823
790,10.5298104986386,9.57885242439371,0.5298104986386001,0.5788524243937108,0.0,-1.16186831666809,-0.928935792376961,8.843084285702838,0.7156571811065078,-1.1618683199543511,-0.9289357950414966
791,10.530015591315,9.5781621456482,0.5300155913149993,0.5781621456482,0.0,-1.1637966836453,-0.932973430245454,8.842452547661136,0.7595255151391029,-1.1637966849775694,-0.9329734310448144
792,10.5301149877868,9.57806072729888,0.5301149877867992,0.5780607272988796,0.0,-1.16233385218933,-0.944433222560548,8.842714415173559,0.7077249400317669,-1.1623338500577063,-0.9444332244257224
793,10.5298465620841,9.57794058954458,0.5298465620840993,0.5779405895445802,0.0,-1.17216158876943,-0.916807457684854,8.842402408923585,0.7065240822266787,-1.1721615900128768,-0.9168074599941177
794,10.5298124890922,9.57836429589863,0.5298124890921994,0.5783642958986306,0.0,-1.17493021383197,-0.93646812810988,8.842493563224998,0.7121113841421902,-1.1749302149866026,-0.9364681274881547
795,10.5300876198997,9.57752554415663,0.5300876198996995,0.5775255441566305,0.0,-1.16781166212832,-0.957254277178521,8.842054513074343,0.7120102611370385,-1.1678116649704862,-0.9572542774449743
796,10.5296632402603,9.57896080964536,0.5296632402602999,0.5789608096453591,0.0,-1.16892116972522,-0.938834496544416,8.842933598666857,0.7631261041387916,-1.1689211699916768,-0.9388344965444161
797,10.5303384636785,9.57830998457972,0.5303384636785005,0.5783099845797199,0.0,-1.16739859583603,-0.930038092405994,8.841971571253481,0.7182621420361102,-1.167398600010472,-0.9300380940047147
798,10.5300904336801,9.57825623566537,0.5300904336800993,0.5782562356653695,0.0,-1.17065576743514,-0.946899402354262,8.842228168151063,0.7075149400625378,-1.1706557700108533,-0.9468994029759868
799,10.5300668973161,9.57848749700271,0.5300668973161002,0.5784874970027101,0.0,-1.17707888165342,-0.931643753343536,8.842242167619027,0.7814089560415596,-1.1770788849396752,-0.9316437549422573
800,10.5298660170455,9.57782875337735,0.5298660170454994,0.5778287533773501,0.0,-1.16954939644032,-0.927283453400207,8.842329969271516,0.689779627835378,-1.1695493949304137,-0.927283454021932
801,10.5299927551594,9.57799812964948,0.5299927551593999,0.5779981296494796,0.0,-1.173523690845,-0.93183005773767,8.842084422329972,0.6376616598572582,-1.1735236950194405,-0.9318300555172242
802,10.5301162069306,9.57819406584575,0.5301162069306002,0.5781940658457501,0.0,-1.17257616967237,-0.926128014278049,8.84165010223979,0.6966094810049981,-1.1725761700276394,-0.926128016054406
803,10.5299747265905,9.57799564357918,0.5299747265905008,0.5779956435791807,0.0,-1.17248910749268,-0.931408270599121,8.842329764944413,0.6993751430418342,-1.1724891100683976,-0.9314082714872994
804,10.5300474065545,9.57843227204,0.5300474065545,0.5784322720400006,0.0,-1.1669727327579,-0.918897193447066,8.842478329293186,0.6793165421113372,-1.1669727300045452,-0.9188971939799727
805,10.530139163297,9.57852487148933,0.5301391632969992,0.5785248714893303,0.0,-1.18148584631328,-0.909805623017235,8.841633957513286,0.7104696659371257,-1.1814858449810117,-0.9098056219514205
806,10.5300607608381,9.57901899053768,0.5300607608381007,0.5790189905376799,0.0,-1.16502135547591,-0.937976830783782,8.842295823815919,0.671104155946523,-1.1650213550318256,-0.9379768304285107
807,10.5299984256176,9.5785101384898,0.5299984256176007,0.5785101384898006,0.0,-1.1608793790252,-0.945409914887563,8.842713792189121,0.6218420921359211,-1.1608793800022,-0.9454099175520979
808,10.5299977736425,9.57847845255431,0.5299977736424992,0.5784784525543092,0.0,-1.16801490319673,-0.924721488093638,8.842406961314992,0.617370740044862,-1.1680148999992923,-0.9247214874719133
809,10.5302792795711,9.578223248917,0.5302792795711007,0.5782232489170003,0.0,-1.16983280094018,-0.929190140919189,8.842313841355052,0.6851735841482878,-1.1698327999631886,-0.9291901400310109
810,10.5298953391336,9.57763632996244,0.5298953391335992,0.5776363299624396,0.0,-1.17453293517755,-0.932936332720402,8.842351568828091,0.6855891540180892,-1.1745329349999167,-0.9329363329868555
811,10.5301919444355,9.57850154614273,0.5301919444355008,0.5785015461427303,0.0,-1.17062193325523,-0.933729204977141,8.841992667507574,0.7156043651048094,-1.1706219350315905,-0.9337292064870438
812,10.5301376760344,9.57900651491882,0.5301376760343999,0.5790065149188202,0.0,-1.16552984543716,-0.940282229677791,8.841928859625867,0.7893166178837419,-1.165529844993074,-0.9402822304771518
813,10.5299737002893,9.5782618111044,0.5299737002893004,0.5782618111043991,0.0,-1.17021849828092,-0.915846315763247,8.842164103853204,0.7090883690398186,-1.170218494994657,-0.9158463154967932
814,10.5299128662495,9.57840492292573,0.5299128662495001,0.5784049229257295,0.0,-1.16517728896426,-0.932786540541741,8.842510938587516,0.6927846430335194,-1.1651772900300728,-0.9327865429398229
815,10.5299646276839,9.57882498609665,0.5299646276838992,0.5788249860966506,0.0,-1.15770598352327,-0.952829903066998,8.842287397796051,0.7954898020252585,-1.1577059849443572,-0.9528299044880838
816,10.5300399795604,9.57809343294901,0.5300399795603994,0.5780934329490108,0.0,-1.16172471065212,-0.947624804492619,8.842556455191096,0.6917926599271595,-1.1617247100303985,-0.9476248059137048
817,10.5300796150672,9.57822221713054,0.5300796150671996,0.5782222171305396,0.0,-1.1729660963411,-0.950898610785344,8.841887667188367,0.7003865470178425,-1.1729660950088316,-0.9508986104300731
818,10.5302142900775,9.57832460379648,0.5302142900775006,0.5783246037964798,0.0,-1.16679283221899,-0.935139842717092,8.842159171459235,0.6365746580995619,-1.166792834972341,-0.9351398420065492
819,10.5301716375431,9.57805057723747,0.5301716375431003,0.5780505772374696,0.0,-1.17748800114725,-0.919695563705858,8.84206000131855,0.7643613740801811,-1.1774879999926213,-0.9196955635282221
820,10.529958497454,9.57844647981721,0.5299584974540004,0.5784464798172095,0.0,-1.15999282783719,-0.941914376539898,8.842953636020304,0.6298512800130993,-1.1599928299688145,-0.9419143769839876
821,10.5298786425658,9.57813113535499,0.5298786425657998,0.5781311353549903,0.0,-1.18122210910343,-0.8998301373353,8.841448783507932,0.6706648890394717,-1.1812221099916087,-0.8998301360030324
822,10.5301339063262,9.5779798990632,0.5301339063261992,0.5779798990631999,0.0,-1.17128208225736,-0.935328004292302,8.84216616042797,0.6344305679667741,-1.1712820850107164,-0.9353280059798407
823,10.5300120571347,9.57801400073874,0.5300120571346998,0.5780140007387402,0.0,-1.1686512449316,-0.921654575503083,8.842161106533586,0.7625034612137824,-1.1686512450204134,-0.9216545760359905
824,10.5301997702599,9.57838387820006,0.5301997702599,0.5783838782000608,0.0,-1.16951634332452,-0.949415847451007,8.841603259740056,0.7056351439096034,-1.169516345012056,-0.9494158494938175
825,10.5299673364297,9.57833308719287,0.5299673364296993,0.5783330871928705,0.0,-1.17186611010567,-0.941055235514909,8.842566515360783,0.7100051529705524,-1.1718661100168504,-0.9410552349820022
826,10.5300444699909,9.57798921332854,0.5300444699908997,0.5779892133285394,0.0,-1.17332179909724,-0.920930006742537,8.842117615402188,0.7162356229964644,-1.1733217999854162,-0.9209300079859871
827,10.5301158528489,9.57862201211622,0.5301158528488994,0.5786220121162202,0.0,-1.17047152263794,-0.935340777186155,8.842366153971302,0.6809565348085016,-1.170471524947203,-0.935340777985516
828,10.5300502793758,9.57807124241017,0.5300502793758,0.5780712424101697,0.0,-1.16360320232545,-0.96052009679326,8.842280469823244,0.6880856088828295,-1.1636032000161833,-0.9605200984807992
829,10.529959522748,9.578245024855,0.5299595227479994,0.5782450248550006,0.0,-1.17655702496222,-0.922052547647212,8.842244347930555,0.7258525479119271,-1.1765570300248385,-0.9220525480024832
830,10.5298595719423,9.57844989485404,0.5298595719422998,0.5784498948540406,0.0,-1.16928585924825,-0.930343979543835,8.842401609014903,0.6970311270561069,-1.1692858650214077,-0.9303439794550171
831,10.5300200997873,9.57819691281118,0.5300200997873006,0.5781969128111797,0.0,-1.15860333771423,-0.950240084129916,8.842645846085121,0.7208097749389708,-1.1586033400234896,-0.9502400844851876
832,10.5298352106086,9.57856943213788,0.5298352106085993,0.5785694321378791,0.0,-1.16020359408608,-0.951287098960307,8.842466952080198,0.7555054370313883,-1.1602036000368798,-0.9512871015360246
833,10.5300683718989,9.57887087152064,0.5300683718988992,0.5788708715206408,0.0,-1.17134885098125,-0.915963313286028,8.842728864035493,0.6969614308327436,-1.1713488500042502,-0.9159633134636634
834,10.5299520361324,9.57848324239953,0.5299520361323999,0.5784832423995301,0.0,-1.16851266831475,-0.939855698600667,8.84272035305482,0.6366111431270838,-1.1685126700022863,-0.939855698955938
835,10.5299614537247,9.57863670761057,0.5299614537247006,0.5786367076105705,0.0,-1.16568919956705,-0.946247886979279,8.842485635410572,0.7002659149002284,-1.165689200011144,-0.946247888045093
836,10.5300537040221,9.5786063690921,0.5300537040220998,0.5786063690920997,0.0,-1.14804354183207,-0.974620997240549,8.843049882849947,0.6859889859333634,-1.148043545029509,-0.9746209975070029
837,10.5298936446463,9.57830986920371,0.5298936446463003,0.5783098692037107,0.0,-1.16677804626875,-0.940640538971138,8.842653403498474,0.687974174041301,-1.1667780499990954,-0.9406405410139483
838,10.5299473552302,9.57889775391078,0.5299473552302008,0.5788977539107805,0.0,-1.16633528479682,-0.931130304149263,8.842269411055488,0.6318155829794705,-1.1663352849744513,-0.9311303040604456
839,10.5300170528999,9.57840935740296,0.5300170528999004,0.5784093574029594,0.0,-1.1723569314448,-0.91934080383993,8.843133425135319,0.7015096230898052,-1.1723569349975094,-0.9193408059715579
840,10.5300137609229,9.5781567348985,0.5300137609229001,0.5781567348984993,0.0,-1.16899978639395,-0.941353210937024,8.842151965352308,0.7546537450980395,-1.1689997850616862,-0.9413532125357448
841,10.5300265106977,9.57915025716157,0.5300265106977005,0.5791502571615705,0.0,-1.15967969485098,-0.954862843194348,8.84323461726167,0.7111564709339291,-1.159679700002414,-0.9548628440825268
842,10.5301364653989,9.57867498827455,0.5301364653989005,0.5786749882745497,0.0,-1.16374219638615,-0.93600884705225,8.842735920017669,0.7124263860750943,-1.1637421999388664,-0.936008847496339
843,10.5302250964784,9.57846458123268,0.5302250964784001,0.5784645812326801,0.0,-1.17031975257476,-0.936693511199849,8.841134811815733,0.7141605529468507,-1.1703197549728372,-0.9366935110222129
844,10.5298842999283,9.57870016945831,0.5298842999283,0.57870016945831,0.0,-1.16557209359769,-0.938508864134491,8.84237073641291,0.765718030044809,-1.1655720899561572,-0.938508864489762
845,10.5302450169926,9.57844639152177,0.5302450169926001,0.5784463915217692,0.0,-1.17297621748946,-0.916790751936958,8.842269403069215,0.7185336670372635,-1.1729762150025635,-0.916790753446861
846,10.5298965433133,9.57798684222123,0.5298965433132992,0.5779868422212306,0.0,-1.16612322429432,-0.92838383878302,8.843272019915766,0.7105215049814433,-1.1661232299786661,-0.9283838394935627
847,10.5301402160185,9.57799735041327,0.5301402160185003,0.5779973504132698,0.0,-1.17301334965347,-0.93441251296511,8.842191193273289,0.6926880688406527,-1.1730133500087447,-0.9344125124322032
848,10.5298556357354,9.57892209782274,0.5298556357353998,0.5789220978227405,0.0,-1.1607473930475,-0.960290948182063,8.843174901460138,0.6822670069523156,-1.1607473950014935,-0.9602909485373344
849,10.5301830991862,9.57751375568896,0.5301830991861998,0.57751375568896,0.0,-1.17086857631676,-0.926716489058066,8.842090695530697,0.6396928348112851,-1.1708685750733139,-0.9267164884363409
850,10.5300341040192,9.57835503913674,0.5300341040191991,0.5783550391367402,0.0,-1.1648933130104,-0.926078594076785,8.843015569956362,0.7700175470672548,-1.164893314964388,-0.92607859549787
851,10.5301847861277,9.57848393453768,0.5301847861277,0.5784839345376795,0.0,-1.17120306724061,-0.937889132401892,8.841530390771458,0.7101330868899822,-1.1712030699939646,-0.9378891340006134
852,10.5303862164167,9.57815969173046,0.5303862164166997,0.5781596917304608,0.0,-1.16322129875002,-0.946605371421327,8.841717170694146,0.6962430560961366,-1.1632212999934666,-0.9466053700002418
853,10.5300176933858,9.57875821733322,0.5300176933857994,0.5787582173332204,0.0,-1.1599138678875,-0.955744234865108,8.841425735830025,0.7069913351442665,-1.1599138700191247,-0.955744236463829
854,10.5298146942483,9.5789099424248,0.5298146942482997,0.5789099424248008,0.0,-1.1659297779687,-0.96543083865086,8.842133671361681,0.6859660600312054,-1.1659297800115098,-0.9654308405160349
855,10.5297935431465,9.57857202506034,0.5297935431465,0.5785720250603408,0.0,-1.16009141004625,-0.96094992185769,8.843061955011223,0.6247052629478276,-1.160091409957431,-0.9609499239893181
856,10.5300590367758,9.57796846248667,0.5300590367757998,0.5779684624866697,0.0,-1.16639277196739,-0.936852256661069,8.84289323124071,0.6814301258418709,-1.1663927749872016,-0.9368522579933368
857,10.530002754247,9.57843046986729,0.5300027542470005,0.5784304698672909,0.0,-1.16343488381077,-0.951284427053167,8.842812927870225,0.7128070089966059,-1.1634348850542153,-0.9512844250103568
858,10.5300543245323,9.57889250352537,0.5300543245322995,0.5788925035253705,0.0,-1.16435507226953,-0.940020699413679,8.84279978668751,0.7054785450454801,-1.1643550750228826,-0.9400207014564897
859,10.5298497855826,9.57906600686909,0.5298497855826003,0.5790660068690894,0.0,-1.15876922368585,-0.966981102479281,8.842244619639425,0.7056587380357087,-1.1587692249293013,-0.9669811049661802
860,10.5301861449026,9.57882075409673,0.5301861449026006,0.5788207540967303,0.0,-1.16847325291047,-0.930242374685974,8.842767731922365,0.7544808040838689,-1.168473260015901,-0.930242376551149
861,10.529889451694,9.57841094820741,0.5298894516940003,0.5784109482074093,0.0,-1.15967333664813,-0.969045184895378,8.842694493450582,0.630430829944089,-1.159673334960587,-0.969045187915185
862,10.5299508350473,9.57827364051036,0.5299508350473001,0.5782736405103606,0.0,-1.1775011563131,-0.910708904822144,8.841978794751888,0.684325180016458,-1.1775011599546303,-0.9107089059767758
863,10.5300391277723,9.57805340279382,0.5300391277722998,0.5780534027938202,0.0,-1.17496880136514,-0.918717400733016,8.84166235983488,0.6278759660199285,-1.174968805006671,-0.9187174025093724
864,10.5299299099696,9.57834672731886,0.5299299099695993,0.5783467273188592,0.0,-1.16757335311135,-0.936632452575026,8.842358423176718,0.6906015928834677,-1.1675733549765255,-0.9366324545290182
865,10.530001492467,9.57793431275417,0.5300014924669991,0.5779343127541701,0.0,-1.18303015383958,-0.906325604166369,8.841973138391012,0.6903051270637661,-1.1830301550830313,-0.9063256039887334
866,10.5300488421499,9.57839432537446,0.5300488421499008,0.5783943253744592,0.0,-1.16459520604906,-0.925299313969674,8.842343214148626,0.6845768061466515,-1.16459521004586,-0.9252993129926778
867,10.5298404036845,9.5784808957844,0.5298404036844993,0.5784808957844003,0.0,-1.16717976670344,-0.946467235252157,8.843647246230805,0.6341867810115218,-1.1671797699897013,-0.946467235429793
868,10.5300420581109,9.57829167751158,0.5300420581109009,0.5782916775115794,0.0,-1.17107635704272,-0.932080039905969,8.842274909934924,0.6965914249885827,-1.1710763599737106,-0.932080040527694
869,10.5299283162035,9.57849389592733,0.5299283162035007,0.5784938959273305,0.0,-1.16443802236077,-0.955068413777127,8.842549631302338,0.6909454970154911,-1.164438025025305,-0.9550684144876697
870,10.5299195657794,9.57886703906296,0.5299195657793998,0.5788670390629598,0.0,-1.15913687821489,-0.961220552841979,8.842945636404611,0.687767265830189,-1.1591368799912516,-0.9612205539966111
871,10.5299467728263,9.57835611367246,0.5299467728262997,0.5783561136724593,0.0,-1.16789436193088,-0.932136829145946,8.842481927876447,0.6972920270636678,-1.1678943600657021,-0.9321368299453069
872,10.5297121805317,9.57809924344901,0.5297121805316998,0.5780992434490102,0.0,-1.17300281274879,-0.922160401373162,8.841498981415276,0.7173961149528623,-1.1730028149692373,-0.9221604019948869
873,10.5299657865442,9.57807951757962,0.5299657865441993,0.5780795175796207,0.0,-1.17577996210372,-0.919234530361024,8.842073936829536,0.6811019121669233,-1.1757799650347067,-0.9192345320485628
874,10.5300434940364,9.57867649250712,0.5300434940364003,0.5786764925071193,0.0,-1.16197572461729,-0.929898387003192,8.842117953105312,0.6330512650310993,-1.1619757249725637,-0.9298983859373776
875,10.529936291327,9.57872642784722,0.5299362913269992,0.5787264278472204,0.0,-1.16972119146297,-0.934758729354002,8.842551476112842,0.6957631299737841,-1.1697211899530657,-0.9347587299757264
876,10.529895756609,9.57886140042624,0.5298957566089992,0.5788614004262396,0.0,-1.16345117877614,-0.939698213109352,8.84236171306271,0.6777396940160543,-1.1634511799307745,-0.939698216573248
877,10.5299273872141,9.57843530303734,0.5299273872140997,0.5784353030373399,0.0,-1.17157947077118,-0.925323130029909,8.842022873607982,0.6783540530595928,-1.1715794749456165,-0.9253231314509945
878,10.5298092522525,9.57850646625552,0.5298092522525,0.5785064662555204,0.0,-1.17438400435432,-0.924987119788056,8.842921254424214,0.6998406799975783,-1.174384004976048,-0.9249871209426884
879,10.5301095477098,9.57804283446954,0.5301095477098006,0.5780428344695405,0.0,-1.16980559043967,-0.925710337984498,8.841960541673464,0.6353211188688874,-1.1698055950581931,-0.9257103389614939
880,10.5298837210412,9.57870671699851,0.5298837210412,0.5787067169985107,0.0,-1.16969981833748,-0.924419902670337,8.842529124799222,0.6925791271496564,-1.1696998199361985,-0.9244199025815191
881,10.5299921422221,9.57820110943885,0.5299921422221008,0.5782011094388508,0.0,-1.17230799956403,-0.951138547122809,8.842252621396643,0.771348541136831,-1.1723079999192976,-0.9511385444582742
882,10.5301266270933,9.57792199071589,0.5301266270932992,0.5779219907158897,0.0,-1.17147974219023,-0.928831147017917,8.84166363493994,0.7036955140065402,-1.1714797450324,-0.9288311479949128
883,10.530077973036,9.57876016195482,0.5300779730360006,0.5787601619548202,0.0,-1.15758489451778,-0.955528383972393,8.84330081285829,0.6225108010694385,-1.1575848950506895,-0.9555283854822959
884,10.5298564238393,9.57857650763127,0.5298564238393002,0.5785765076312703,0.0,-1.16737348196949,-0.925923656502903,8.84246522417652,0.692158117191866,-1.167373484989298,-0.9259236569469919
885,10.5297077743719,9.57858744218601,0.5297077743719001,0.5785874421860093,0.0,-1.16152130216207,-0.94073635548142,8.84258192861856,0.6936377200763673,-1.1615213050042428,-0.9407363589453154
886,10.529602401235,9.57883535009949,0.5296024012349996,0.5788353500994905,0.0,-1.16109351413485,-0.950463305748883,8.842983143405291,0.6286651040427387,-1.1610935149342083,-0.9504633064594258
887,10.5302532120732,9.5783645915563,0.5302532120732,0.5783645915562996,0.0,-1.16672367811432,-0.935892017306372,8.842134277499866,0.6798477740958333,-1.1667236799794978,-0.9358920184610041
888,10.530104030371,9.57868155668696,0.5301040303709996,0.5786815566869592,0.0,-1.16349115986125,-0.941363457140909,8.842702754499218,0.6899969498626888,-1.1634911600388875,-0.9413634565191841
889,10.5301151007578,9.57807424767827,0.5301151007578007,0.5780742476782699,0.0,-1.17347954828873,-0.924760503995259,8.842368647863406,0.6905320179648697,-1.173479549976264,-0.9247605060380691
890,10.5297857238616,9.57866951348867,0.5297857238616004,0.5786695134886699,0.0,-1.17007735909169,-0.9396746463608,8.842462473059346,0.64373395498842,-1.1700773599798708,-0.9396746460055282
891,10.5302428711695,9.57752651795193,0.5302428711695004,0.5775265179519309,0.0,-1.18325979343581,-0.911153157456823,8.842085497751487,0.7706780240405351,-1.1832597950345303,-0.9111531589667264
892,10.5299594092862,9.57894117822342,0.5299594092861994,0.5789411782234204,0.0,-1.16601469173361,-0.938122472948777,8.842290411065823,0.7176709990017116,-1.1660146900460688,-0.9381224735705017
893,10.5301446421711,9.57908899093337,0.5301446421711002,0.5790889909333696,0.0,-1.16299887409355,-0.945394806972644,8.84202945482765,0.7143108369782567,-1.1629988750705422,-0.9453948069726436
894,10.5299982719052,9.57879482323229,0.5299982719051997,0.5787948232322897,0.0,-1.16833161136753,-0.940390701931193,8.84281706472715,0.6935303979553282,-1.1683316150090661,-0.9403907030858248
895,10.5299954706954,9.57772687378314,0.5299954706954004,0.5777268737831402,0.0,-1.1829659408491,-0.895198984363077,8.841842776581638,0.6970612010918558,-1.1829659399609227,-0.8951989844518947
896,10.5299587689358,9.57866775047724,0.5299587689357992,0.5786677504772406,0.0,-1.16227462321206,-0.950474812988489,8.842679706541844,0.7023417269811034,-1.162274624988413,-0.9504748160082953
897,10.5297640682687,9.57918757589718,0.5297640682686993,0.5791875758971798,0.0,-1.16623967860718,-0.946068042573245,8.842671329882073,0.6999411948490888,-1.1662396800282693,-0.9460680424844269
898,10.5302494984845,9.57833057098692,0.5302494984844994,0.5783305709869193,0.0,-1.16889512797869,-0.949278951267729,8.841614622788804,0.6919307699427009,-1.1688951249588797,-0.9492789504683684
899,10.529937419323,9.57844548084686,0.5299374193229998,0.5784454808468595,0.0,-1.16786343893338,-0.941092919060082,8.84309760829827,0.6993562318384647,-1.167863439999195,-0.9410929195041716
900,10.5299129625071,9.57850119262987,0.5299129625070993,0.5785011926298704,0.0,-1.16704138957147,-0.940456822107194,8.842382169454979,0.6826603340450674,-1.1670413899267373,-0.9404568220183761
901,10.5301015987474,9.57865157453177,0.5301015987474003,0.5786515745317704,0.0,-1.16642110903342,-0.933628951393928,8.842350198507127,0.6908185440115631,-1.1664211100104183,-0.9336289520156525
902,10.5300294682226,9.57876402213017,0.5300294682225992,0.5787640221301693,0.0,-1.16419090927522,-0.946647302413339,8.841910733076695,0.7115928900893778,-1.1641909099857628,-0.9466473030350641
903,10.5302217259862,9.57860117362973,0.5302217259862001,0.5786011736297301,0.0,-1.1835805322491,-0.906219216556536,8.841711977915963,0.6857384049799293,-1.1835805299398316,-0.9062192170006255
904,10.5300266598199,9.57849393780889,0.5300266598198995,0.57849393780889,0.0,-1.17153762984046,-0.943050164003978,8.842187030841798,0.6960018801037222,-1.1715376300180935,-0.9430501640039778
905,10.530104201569,9.57912798777223,0.5301042015689994,0.57912798777223,0.0,-1.16577283701957,-0.931826841821248,8.841998824996322,0.6285042059607804,-1.1657728349767638,-0.9318268444857835
906,10.529823990807,9.57876103758307,0.5298239908069995,0.5787610375830692,0.0,-1.16430051040339,-0.93724367529191,8.843247125434491,0.8869463780429214,-1.164300515021921,-0.9372436744925493
907,10.5300048310374,9.57823523610274,0.5300048310374006,0.5782352361027403,0.0,-1.17389126828016,-0.924598791307574,8.841926948245781,0.9224804500117898,-1.1738912699676973,-0.924598790508213
908,10.5299802353434,9.5784607572525,0.5299802353434,0.5784607572525005,0.0,-1.17370154857355,-0.936563675058011,8.841502029176235,0.7694770570378751,-1.1737015499946324,-0.9365636739921966
909,10.5298987678219,9.57820682881819,0.5298987678218996,0.5782068288181907,0.0,-1.17296470039108,-0.906522138421906,8.842601524596247,0.7098917160183191,-1.1729647000358057,-0.9065221374449094
910,10.5301234986706,9.57809037342358,0.5301234986705996,0.5780903734235796,0.0,-1.16659111597528,-0.932113619089847,8.842268566349057,0.8071321591269225,-1.1665911149982833,-0.9321136195339362
911,10.5299064193074,9.57792435162441,0.5299064193073999,0.5779243516244108,0.0,-1.17494997429191,-0.928354637164119,8.842410207079094,0.7125705929938704,-1.1749499750024484,-0.9283546364535765
912,10.5299511401519,9.57864738910661,0.5299511401518995,0.5786473891066102,0.0,-1.16169871695604,-0.935809775981511,8.84275995480413,0.7059257449582219,-1.1616987150020464,-0.9358097774914141
913,10.5299108082462,9.57872295309422,0.5299108082461998,0.5787229530942195,0.0,-1.17034106636993,-0.941338452875584,8.842480556605063,0.7716086879372597,-1.1703410700114603,-0.941338454030216
914,10.5298794135312,9.57817689149591,0.5298794135311997,0.5781768914959091,0.0,-1.17174332414649,-0.918686448425632,8.842195392621973,0.8119149571284652,-1.1717433249458509,-0.9186864489585388
915,10.5298965187104,9.57895543205631,0.5298965187103999,0.5789554320563095,0.0,-1.17400428161218,-0.928729441795895,8.841742190467407,0.9871337770018727,-1.1740042849872623,-0.9287294444604298
916,10.5300276880727,9.57826807975659,0.5300276880726997,0.5782680797565902,0.0,-1.17054517421167,-0.925710672294855,8.842790625859736,0.6905118201393634,-1.1705451750110285,-0.9257106735383046
917,10.5300033099384,9.57824307243412,0.5300033099383992,0.5782430724341197,0.0,-1.16293152006008,-0.941886593430752,8.84192651065492,0.7379325879737735,-1.1629315200600843,-0.9418865944965659
918,10.5301026730631,9.57855521681596,0.5301026730630998,0.5785552168159604,0.0,-1.16567003205503,-0.939219542139824,8.84229266623579,0.7681280598044395,-1.1656700300122225,-0.9392195430280025
919,10.5300069007428,9.57790555634383,0.5300069007427997,0.5779055563438291,0.0,-1.16491407213815,-0.932163539602015,8.841699029746126,0.6961000980809331,-1.1649140700065175,-0.9321635404901939
920,10.5299991470972,9.57860659587902,0.5299991470972003,0.5786065958790196,0.0,-1.16840308512778,-0.944106683054002,8.842604434589417,0.6403140791226178,-1.1684030850389604,-0.9441066824322774
921,10.5300036027361,9.57871825023295,0.5300036027360999,0.5787182502329493,0.0,-1.17066001577015,-0.938875840450493,8.842488443718045,0.6947977130766958,-1.1706600150596103,-0.9388758424933029
922,10.5299256429026,9.57811188148768,0.5299256429025991,0.5781118814876791,0.0,-1.17637342409438,-0.903272082108941,8.84223550559313,0.6859399708919227,-1.1763734249825575,-0.9032720839741158
923,10.5299109819942,9.57827992109101,0.5299109819942007,0.5782799210910099,0.0,-1.16664991409721,-0.911365649169937,8.842048048644074,0.6819607641082257,-1.1666499149853848,-0.9113656495252086
924,10.5301563768555,9.57861813525159,0.5301563768554995,0.57861813525159,0.0,-1.16153276144004,-0.941249294594826,8.84289771332242,0.7047304131556302,-1.1615327649927565,-0.9412492949500971
925,10.5298621835148,9.57804193365081,0.5298621835147994,0.5780419336508107,0.0,-1.17081982091705,-0.928640233333056,8.842405115456259,0.6868181289173663,-1.170819825002667,-0.9286402344876875
926,10.5301048951338,9.57813496908198,0.5301048951337997,0.5781349690819795,0.0,-1.16736970046105,-0.931144637483783,8.842393966482454,0.6313272921834141,-1.1673697000169625,-0.931144638460779
927,10.5299230287779,9.57839033949954,0.5299230287778993,0.5783903394995402,0.0,-1.16289443639062,-0.945523025652761,8.842308812588152,0.7745652440935373,-1.1628944400321473,-0.9455230260080326
928,10.5298430513377,9.57780099905743,0.5298430513376999,0.5778009990574304,0.0,-1.17125417542496,-0.938482738810364,8.84236216693584,0.7029855300206691,-1.1712541800434906,-0.9384827415637175
929,10.5300686382564,9.57843606588986,0.5300686382564006,0.5784360658898606,0.0,-1.16204083413507,-0.945552316622411,8.843009433530403,0.6264449020382017,-1.162040835023248,-0.9455523155565969
930,10.5296934922865,9.57863845330395,0.5296934922864995,0.5786384533039506,0.0,-1.17116802726969,-0.937207605034018,8.842311579360615,0.6735020340420306,-1.1711680300230398,-0.9372076070768286
931,10.5299269101156,9.57790405510987,0.5299269101156003,0.5779040551098706,0.0,-1.17336418101743,-0.900835895123464,8.84242013577481,0.7891985478345305,-1.1733641799516192,-0.9008358960116424
932,10.5298733638449,9.57831853183051,0.5298733638448994,0.5783185318305097,0.0,-1.17209030241483,-0.915811452806281,8.842361637126006,0.7031728648580611,-1.1720903049905473,-0.9158114530727345
933,10.5298746806261,9.57867411863299,0.5298746806261008,0.5786741186329891,0.0,-1.16675794883392,-0.939296422952651,8.842820153393927,0.6975684699136764,-1.1667579549623497,-0.9392964249954615
934,10.5298771714965,9.57882219575444,0.5298771714964996,0.5788221957544408,0.0,-1.16689166480555,-0.933964601390613,8.842807315816739,0.7203240250237286,-1.1668916650720007,-0.9339646035222414
935,10.5297483786483,9.57848931156256,0.5297483786482999,0.57848931156256,0.0,-1.16008646555699,-0.940616437894448,8.84332207150448,0.7004343890585005,-1.1600864649352616,-0.9406164385161729
936,10.529999234027,9.57847070116302,0.5299992340270006,0.5784707011630204,0.0,-1.1657027226164,-0.924282817749145,8.842676286754934,0.7021335288882256,-1.1657027249256657,-0.9242828200584084
937,10.5300295366167,9.57893944154721,0.5300295366167003,0.5789394415472096,0.0,-1.16424032263751,-0.935259708967351,8.842704922984451,0.6876770029775798,-1.1642403249467748,-0.9352597070133583
938,10.5299769282039,9.57866938125261,0.5299769282039009,0.5786693812526096,0.0,-1.17169524234129,-0.933076554332501,8.841839099981573,0.6932142379228026,-1.1716952450058216,-0.9330765554871333
939,10.5299451144795,9.57872139388316,0.5299451144794993,0.5787213938831606,0.0,-1.16291297205251,-0.948235529563135,8.842250480392684,0.637241795193404,-1.1629129749834988,-0.9482355309842204
940,10.5300660841365,9.57813275321468,0.5300660841365001,0.57813275321468,0.0,-1.17686032936604,-0.925197370982289,8.84161198613986,0.6886712941341102,-1.1768603299877611,-0.9251973715151961
941,10.5301874204811,9.57882318054063,0.5301874204811003,0.5788231805406294,0.0,-1.16298549146521,-0.946048969652224,8.842321208556706,0.6913191229104996,-1.1629854950179208,-0.9460489705404028
942,10.5301057551817,9.57887895087942,0.5301057551816992,0.5788789508794192,0.0,-1.164769703621,-0.936316663580072,8.842592451705428,0.693487643962726,-1.1647697050420902,-0.9363166625142582
943,10.5301204386965,9.57836197863549,0.5301204386964997,0.5783619786354901,0.0,-1.17021214389723,-0.925814317032092,8.841492197048346,0.7061117198318243,-1.1702121450518632,-0.9258143164991849
944,10.5298790020475,9.578609315041,0.5298790020474993,0.5786093150409997,0.0,-1.17372713530628,-0.923068435465524,8.841867312086944,0.7002285039052367,-1.173727135039826,-0.9230684359984308
945,10.5299958575452,9.57844127879104,0.5299958575452006,0.5784412787910398,0.0,-1.16899726805286,-0.940370074342667,8.842513584894737,0.7119936170056462,-1.168997265033056,-0.9403700739873954
946,10.5299346352856,9.57790283396118,0.5299346352855991,0.5779028339611791,0.0,-1.1708507372532,-0.921450400515056,8.842937145904852,0.6961761340498924,-1.17085073494394,-0.921450400959145
947,10.5301646013144,9.5782167932871,0.5301646013144001,0.5782167932870994,0.0,-1.17256958906964,-0.92325490603784,8.842513850082986,0.6964126189704984,-1.172569595020434,-0.9232549070148365
948,10.5303632416965,9.57799071353163,0.5303632416965005,0.57799071353163,0.0,-1.17537488621977,-0.922147581849941,8.841564139965818,0.691396676003933,-1.1753748900389382,-0.9221475809617629
949,10.529791378047,9.57860806031962,0.5297913780469994,0.5786080603196204,0.0,-1.16522656252727,-0.951305652829859,8.842628352470918,0.6990091309417039,-1.1652265650141658,-0.9513056534515839
950,10.5299068874757,9.57825119041783,0.5299068874757005,0.5782511904178307,0.0,-1.16983780689139,-0.940078027866775,8.842582183360834,0.7039561129640788,-1.1698378100000184,-0.9400780289325893
951,10.5300760850708,9.57875655617963,0.5300760850707995,0.5787565561796306,0.0,-1.16919694335138,-0.931213016386323,8.842255991784153,0.715140825137496,-1.1691969450389195,-0.9312130160310516
952,10.529862170245,9.57828572352124,0.5298621702449999,0.5782857235212404,0.0,-1.16753270305026,-0.946224019404695,8.842235947915501,0.7675882868934423,-1.1675327050042483,-0.9462240199376025
953,10.5297559235361,9.57882394922801,0.5297559235361007,0.5788239492280098,0.0,-1.15948823156131,-0.933264568825365,8.84290652735741,0.7288998567964882,-1.1594882299625908,-0.9332645695359075
954,10.529988022353,9.57818227952075,0.5299880223530007,0.5781822795207496,0.0,-1.16980356761331,-0.938705858466449,8.842418600561162,0.6955797509290278,-1.1698035700113962,-0.9387058585552664
955,10.5301855014366,9.57862692422022,0.5301855014366001,0.5786269242202202,0.0,-1.16339463103188,-0.944352216158961,8.842144494561442,0.7043918389827013,-1.1633946300548814,-0.9443522169583217
956,10.5300687363264,9.57802619246028,0.5300687363264007,0.5780261924602801,0.0,-1.17385013052029,-0.920659339165297,8.84211264773666,0.699631136842072,-1.173850129987386,-0.9206593374777582
957,10.5299458827026,9.57882362878328,0.5299458827026005,0.5788236287832795,0.0,-1.17087696613893,-0.930420709543966,8.842406988202338,0.7012957138940692,-1.170876964984302,-0.930420712030866
958,10.5298255780864,9.57888452467875,0.5298255780864007,0.5788845246787506,0.0,-1.16456590264491,-0.943337371328567,8.842239748897866,0.6951727010309696,-1.1645659050429913,-0.9433373730161064
959,10.5299203860457,9.57857204171223,0.5299203860456991,0.5785720417122295,0.0,-1.1719385525133,-0.927154285346177,8.841553045930967,0.701568212825805,-1.171938555000196,-0.9271542870337156
960,10.5301014492777,9.57800618491064,0.5301014492776996,0.5780061849106399,0.0,-1.16948810822137,-0.932745320003647,8.842028367278457,0.7720854850485921,-1.1694881099977295,-0.9327453205365542
961,10.5299449350569,9.57852678709789,0.5299449350568999,0.5785267870978892,0.0,-1.16622799950505,-0.942925144542528,8.84197891095864,0.7073734409641474,-1.166228000037961,-0.9429251455195241
962,10.5300535700879,9.57781342489417,0.5300535700878992,0.5778134248941704,0.0,-1.16833509862246,-0.936097797499258,8.841554797656402,0.705919248983264,-1.1683350999547315,-0.9360977994532503
963,10.5299261820493,9.57875876580536,0.5299261820492998,0.5787587658053592,0.0,-1.16688663140962,-0.944697093174795,8.842933466510132,0.718117028940469,-1.1668866349623386,-0.9446970935300668
964,10.5298050553221,9.57855210811816,0.5298050553221003,0.5785521081181599,0.0,-1.17070598815161,-0.919077005523405,8.842509718771804,0.699012016877532,-1.1707059900167849,-0.9190770049904983
965,10.5298983231614,9.57855681794229,0.5298983231613992,0.5785568179422906,0.0,-1.16562007743681,-0.932854029578323,8.842516009385122,0.6946990140713751,-1.1656200750387313,-0.9328540314434973
966,10.5301712290896,9.57801635034551,0.5301712290895999,0.5780163503455107,0.0,-1.176002508263,-0.907535367655754,8.84156901690101,0.695897270925343,-1.1760025049767364,-0.9075353675669361
967,10.5298877678852,9.57880524761929,0.5298877678851994,0.5788052476192895,0.0,-1.15885956093464,-0.960641326042122,8.842285567469371,0.7134130029007792,-1.1588595600464657,-0.9606413279961145
968,10.529810716296,9.57864480248962,0.5298107162959997,0.5786448024896202,0.0,-1.16192064298914,-0.938333627331644,8.842474269662418,0.7024608668871224,-1.1619206450319552,-0.9383336294632726
969,10.5303294227976,9.57851151433499,0.5303294227975996,0.5785115143349895,0.0,-1.17070807750252,-0.909330078613379,8.841852714369644,0.6961805990431458,-1.1707080799894243,-0.9093300774587475
970,10.5300060048283,9.57866250284848,0.5300060048282997,0.5786625028484806,0.0,-1.16238021332649,-0.949391750548756,8.84235009565278,0.7641620158683509,-1.162380215014025,-0.9493917520586591
971,10.5299212656705,9.57822175087472,0.5299212656705006,0.5782217508747198,0.0,-1.17094712468457,-0.935607011509631,8.842496852075723,0.7274903820361942,-1.1709471300136443,-0.9356070109767244
972,10.5299726554071,9.57801105755669,0.5299726554071,0.5780110575566901,0.0,-1.16894047863525,-0.916869812161991,8.842083826605283,0.6985091720707715,-1.1689404799675174,-0.9168698110073591
973,10.5300190122284,9.57886124520716,0.5300190122284008,0.5788612452071593,0.0,-1.16918868107163,-0.932719490975842,8.841792053453121,0.7067792820744216,-1.169188685068434,-0.9327194915087488
974,10.5299424736302,9.57899871602443,0.5299424736302001,0.5789987160244294,0.0,-1.16778470538037,-0.923380065298573,8.84223909949667,0.7786255839746445,-1.167784709998898,-0.9233800665420232
975,10.5296160113288,9.57888804542395,0.5296160113288,0.57888804542395,0.0,-1.15431883944694,-0.933817069359577,8.843546891574556,0.6993217181880027,-1.1543188400686688,-0.9338170705142089
976,10.5300869699938,9.57766150039552,0.5300869699937998,0.5776615003955197,0.0,-1.17833000201628,-0.916161446617991,8.841745462417991,0.7025631880387664,-1.1783299999734709,-0.9161614490160729
977,10.529944147687,9.57838557341546,0.5299441476870008,0.5783855734154599,0.0,-1.17018400018765,-0.939644412856211,8.841771565946459,0.7022605419624597,-1.1701840049838097,-0.9396444159648353
978,10.5300863856819,9.57830116127205,0.5300863856818996,0.5783011612720497,0.0,-1.16529954148348,-0.950053125947647,8.842764582643612,0.6978893780615181,-1.1652995449473735,-0.9500531260364652
979,10.5301880469126,9.57788899364715,0.5301880469126008,0.5778889936471501,0.0,-1.16770157685409,-0.928718109083348,8.842452681322214,0.6979916971176863,-1.1677015750777286,-0.9287181095274376
980,10.5298136729302,9.57871850691626,0.5298136729301994,0.5787185069162604,0.0,-1.16264673790667,-0.949126784721699,8.841960640615383,0.7007568110711873,-1.16264673994948,-0.9491267860539664
981,10.530421052094,9.57788380979033,0.5304210520940007,0.5778838097903307,0.0,-1.17189690804764,-0.94428940089486,8.841360040078689,0.7050369279459119,-1.1718969100016352,-0.9442893995625922
982,10.5298833781384,9.57894221999295,0.5298833781384005,0.5789422199929497,0.0,-1.16172790036728,-0.955776369515604,8.842370848210429,0.6839089391287416,-1.1617279000120107,-0.9557763699596932
983,10.5299543811132,9.57798676740221,0.5299543811131997,0.5779867674022103,0.0,-1.17073639156473,-0.915888279440224,8.842406030385394,0.6372844350989908,-1.1707363950286265,-0.9158882799731315
984,10.5300587592578,9.57829841402187,0.5300587592578001,0.5782984140218694,0.0,-1.17599665925283,-0.920555753847196,8.84228261170991,0.7050009490922093,-1.1759966599633742,-0.920555753491925
985,10.5297576527535,9.57860104297332,0.5297576527534993,0.5786010429733199,0.0,-1.16321918639528,-0.934195724866527,8.842814349383943,0.7038966109976172,-1.1632191900368127,-0.9341957269981548
986,10.5299035551913,9.5784793766001,0.5299035551913001,0.5784793766001002,0.0,-1.16592170433805,-0.93835561312261,8.842570908657787,0.695713171036914,-1.1659217049597714,-0.9383556149877846
987,10.5299401147802,9.57831565116152,0.5299401147801994,0.5783156511615193,0.0,-1.16669564169669,-0.929428831586421,8.842530322752971,0.7043701121583581,-1.1666956450717691,-0.9294288310535136
988,10.529874982533,9.5787526115842,0.5298749825330002,0.5787526115841999,0.0,-1.16555567890586,-0.946790384048768,8.842445928778728,0.7590599108953029,-1.1655556799716749,-0.9467903845816749
989,10.5300064626551,9.57825583085404,0.5300064626551002,0.5782558308540402,0.0,-1.1725813862995,-0.916620604130003,8.84210758856254,0.7046473089139909,-1.1725813849672306,-0.9166206059951775
990,10.5301444497931,9.57856972542178,0.5301444497931005,0.5785697254217794,0.0,-1.17235086936063,-0.918197334165427,8.841944456418092,0.7044436989817768,-1.1723508699823526,-0.9181973354976946
991,10.5296964283147,9.57878803530581,0.5296964283147005,0.5787880353058092,0.0,-1.15610859054982,-0.978359805792195,8.843148593095412,0.7142130120191723,-1.1561085900169132,-0.9783598080126409
992,10.5302385076341,9.57868291831705,0.5302385076341007,0.5786829183170497,0.0,-1.16432690786539,-0.94159128529725,8.842006950925137,0.7016853948589414,-1.1643269149708146,-0.9415912869847886
993,10.5298314908499,9.57845394139092,0.5298314908499009,0.5784539413909204,0.0,-1.17398094090504,-0.929984919384452,8.842149546946015,0.7754472189117223,-1.173980945079478,-0.9299849190291808
994,10.5302297652162,9.57787024966194,0.5302297652162,0.5778702496619399,0.0,-1.17354937136938,-0.933182957574274,8.841477600972793,0.7135900610592216,-1.173549370037108,-0.9331829575742744
995,10.5299451503066,9.57869985154039,0.5299451503066006,0.5786998515403905,0.0,-1.17249601938596,-0.918818719064518,8.842448433513542,0.719824864063412,-1.172496020007685,-0.9188187204856034
996,10.529884768363,9.5778424129269,0.5298847683630008,0.5778424129269002,0.0,-1.16852370135589,-0.937366808173579,8.842231761269485,0.708156089996919,-1.1685236999348092,-0.9373668070189466
997,10.5301029919423,9.57869801487842,0.5301029919423002,0.5786980148784195,0.0,-1.16189404355538,-0.953732268271778,8.842514379689886,0.7697344741318375,-1.1618940449764636,-0.9537322694264104
998,10.5300338779471,9.57834701023507,0.5300338779470994,0.5783470102350705,0.0,-1.17261593475249,-0.927760846458625,8.841626384114806,0.7950943689793348,-1.1726159350189391,-0.9277608465474428
999,10.5300199782716,9.57821327750824,0.5300199782716,0.5782132775082403,0.0,-1.17028162387456,-0.935992273021213,8.842101678554046,0.7254885300062597,-1.1702816250291903,-0.9359922730212132
