method,target,target_index,realization,relative_truth_x_um,relative_truth_y_um,relative_estimate_x_um,relative_estimate_y_um,relative_error_x_um,relative_error_y_um,relative_error_2d_um,absolute_increment_truth_x_um,absolute_increment_truth_y_um,absolute_increment_estimate_x_um,absolute_increment_estimate_y_um,absolute_increment_error_2d_um
fd_linear_source_predicted,SEX_09AW,1,1,-159.92864014096077,165.12848489857137,-156.99920117841896,167.30757753883333,2.9294389625418105,2.179092640261965,3.6510351094041673,-164.44292724558935,170.23477480632752,-161.51329057568066,172.40771962381407,3.64752795705739
fd_linear_source_predicted,SEX_10W,2,1,179.95127510638562,-215.99891971497928,183.71796540438154,-222.06445782010843,3.76669029799592,-6.065538105129144,7.139937556154832,177.5019025021509,-212.05176189671838,181.26750305164367,-218.11067335722274,7.13373363566174
fd_linear_source_predicted,SEX_10AW,3,1,227.30130422117387,-219.76742860669157,223.1704211347344,-222.70767341251454,-4.13088308643948,-2.940244805822988,5.0704274565366605,226.23103698239794,-223.00425739292385,222.0997948112123,-225.943872459275,5.070354880607618
fd_linear_source_predicted,SEX_12W,4,1,111.16074210776075,50.89917041431443,106.75938825221833,51.922916317591294,-4.40135385554243,1.0237459032768614,4.518846250557146,113.82059441713355,50.20947658857351,109.42146172232192,51.23489140816461,4.517061436243437
fd_linear_source_predicted,SEX_13W,5,1,144.2813196100936,-335.9701885333384,147.46233070734172,-328.5586957504024,3.181011097248143,7.411492782936013,8.065299552547843,144.8679567752435,-334.56756844272326,148.04363543144075,-327.1539914100102,8.0651137219135
fd_linear_source_predicted,SEX_14W,6,1,270.9504871485135,196.8529448090757,269.4477882712036,199.91916710813322,-1.5026988773098786,3.0662222990575265,3.414648313239007,271.3438367980622,196.7905902403648,269.8334595862602,199.87018673295094,3.4300370084125458
fd_linear_source_predicted,SEX_15W,7,1,204.2724171702461,-317.3662127174877,206.3997311356744,-316.01112967046157,2.127313965428324,1.3550830470261004,2.5222439953033726,202.39132311269046,-314.72223213451025,204.50402156454024,-313.32598267559047,2.5323916166308766
fd_linear_source_predicted,SEX_16W,8,1,-87.22225037625759,139.5500357016768,-83.28814503986416,142.98181180212535,3.934105336393437,3.431776100448557,5.220562421947393,-92.63426826533605,138.1015493251615,-88.70380031274092,141.5358434302993,5.219478357744366
fd_linear_source_predicted,SEX_17W,9,1,88.11072913846165,336.43476666389677,89.22309005465904,327.85153337068004,1.1123609161973855,-8.583233293216717,8.655012453697994,87.89619748053033,331.43890608758613,89.00222942725529,322.8513465803662,8.658492071788208
fd_linear_source_predicted,SEX_18W,10,1,86.46734115943048,-85.01975449085874,79.52552533468052,-88.95640918433499,-6.941815824749946,-3.9366546934762416,7.980354448294718,86.62386689221555,-84.1060673006528,79.68177780221583,-88.04297956764769,7.980719211418728
fd_linear_source_predicted,SEX_19W,11,1,192.10617447474135,-1.1416141395201969,195.82138317267408,-1.2769557619437855,3.7152086979327428,-0.1353416224235887,3.71767306577049,189.80749768846735,-7.565623735603965,193.52804349856862,-7.7009824778317215,3.7230072675405284
fd_linear_source_predicted,SEX_20W,12,1,-93.57823965767038,187.37501383834714,-90.93561714439788,190.9308126045217,2.642622513272504,3.5557987661745436,4.430254915146881,-95.66345286566084,187.9554248578354,-93.0197393065015,191.51069856463897,4.4304844558097605
fd_linear_source_predicted,SEX_21W,13,1,182.73422543368665,127.1639562452907,189.9333637346177,121.34354762396487,7.1991383009310335,-5.82040862132583,9.25768593089743,182.53643660054558,117.400569990707,189.7376377567712,111.57574356875624,9.262067854333646
fd_linear_source_predicted,SEX_22W,14,1,295.872833791315,16.31547039398482,295.15953231552055,17.340317480240646,-0.7133014757944203,1.0248470862558274,1.248643482174779,299.43561588347416,13.85884767150467,298.71633061995817,14.884282464002508,1.2525525154565038
fd_linear_source_predicted,SEX_23W,15,1,247.79684977255494,-80.04354705607172,255.77864457266548,-77.32797325187875,7.98179480011055,2.715573804192966,8.431096566704172,247.10911507987436,-80.73344426724805,255.0943570748643,-78.01451751875827,8.43544026012892
fd_linear_source_predicted,SEX_24W,16,1,202.28605968292905,-292.145432721913,187.86104321165172,-293.9306813905573,-14.425016471277317,-1.785248668644294,14.53506838668185,204.74388219127647,-291.30581274690735,190.31990096115763,-293.097925094462,14.53488566150688
fd_linear_source_predicted,SEX_25W,17,1,326.6014803341537,223.5498128514862,330.6054807217611,220.67182260784082,4.004000387607424,-2.8779902436453897,4.9310087149059525,328.01261249637764,228.40776579955855,332.01866711989635,225.52350646744995,4.936337259696811
fd_linear_source_predicted,SEX_26W,18,1,-262.9392552695921,-240.1804770289665,-265.08029774637356,-241.62447302441674,-2.14104247678147,-1.443995995450265,2.5824769741972404,-263.81458223409663,-238.80186278518468,-265.95703522026525,-240.2424928498235,2.5817667944809135
fd_linear_source_predicted,SEX_27W,19,1,292.08709004046875,307.74978274763066,296.36072531361975,303.230319848091,4.273635273150983,-4.519462899539638,6.220088692955713,290.5971520580682,304.1456195285047,294.86911695299733,299.61265546774496,6.228759687100325
fd_linear_source_predicted,SEX_28W,20,1,-193.58564641456005,-232.0999300966925,-185.79506583615645,-235.53958425858372,7.790580578403581,-3.4396541618912333,8.516123913026087,-198.11207089990128,-233.97641928826644,-190.31970913606568,-237.41459494463405,8.517156432902137
fd_linear_source_predicted,SEX_29W,21,1,224.5025568570844,63.15536856328728,227.87208335394016,60.95178692208737,3.369526496855771,-2.203581641199911,4.026099956837438,225.0140095020821,60.563474749043884,228.38649045431853,58.35787329677016,4.029678093777395
fd_linear_source_predicted,SEX_30W,22,1,-220.94539809374385,19.79264158071054,-219.89956322737174,20.255944077575197,1.0458348663721078,0.46330249686465635,1.1438617798145847,-217.12710565977898,16.173475545625696,-216.08131784628955,16.636769365034443,1.1438152446725702
fd_linear_source_predicted,SEX_31W,23,1,-5.958879115605153,-29.50490323300744,-6.014347080390377,-29.17292075538651,-0.05546796478522409,0.33198247762092703,0.336584403329602,-7.088408397386448,-30.67822939559093,-7.144777970259489,-30.346269353249916,0.33671204085529194
fd_linear_source_predicted,SEX_32W,24,1,11.00836147882609,276.41470104857456,10.859281895721827,277.68681486232407,-0.1490795831042648,1.2721138137495192,1.2808193772858403,12.573191122045623,277.49751586456006,12.42645636783164,278.7697026719759,1.280621084106145
fd_linear_source_predicted,SEX_33W,25,1,-344.94245376866894,-258.8567328409007,-348.2263902378007,-253.07818186278558,-3.283936469131708,5.77855097811514,6.646494575335835,-343.36088444655496,-248.1310015915541,-346.642490391065,-242.36148165272857,6.637491838002424
fd_linear_source_predicted,SEX_34W,26,1,329.9062522751772,327.78692995996084,325.17616360474534,330.51174072096836,-4.730088670431881,2.7248107610074936,5.458784893495097,323.2141865728632,331.79429545784194,318.4867338540488,334.5363239485529,5.465119344762346
fd_linear_source_predicted,SEX_35W,27,1,-333.86806430931733,122.9015876831949,-334.73181488804653,124.24497793331082,-0.8637505787291965,1.3433902501159178,1.5971106493795382,-332.0727166161641,124.09642925768216,-332.9350428814799,125.44067023269916,1.5970567888363358
fd_linear_source_predicted,SEX_36W,28,1,207.6922738105197,-25.822996633678656,203.79967243817097,-26.765038977466613,-3.8926013723487514,-0.9420423437879563,4.004970564373837,206.32908978022022,-27.69852107145163,202.43512231492562,-28.64070623221576,4.006331925581927
fd_linear_source_predicted,SEX_37W,29,1,-256.8271941792112,187.41237876641262,-260.1757483708478,183.1591516684045,-3.348554191636669,-4.253227098008111,5.413202002655915,-256.58091490295436,184.56515839650191,-259.9276543967014,180.3140677326255,5.410400823553086
fd_linear_source_predicted,SEX_38W,30,1,76.66420208088688,141.93620468303396,75.05010325303387,144.67953753201203,-1.6140988278530075,2.7433328489780724,3.182953054375543,73.18637174342766,140.44596590732866,71.57366969308461,143.1901699052443,3.1829959920422244
fd_linear_source_predicted,SEX_39W,31,1,67.97543658044252,117.72501797339741,70.79797673168002,115.25311090165297,2.8225401512375075,-2.471907071744441,3.751940494822383,68.1488667677876,116.43245183412387,70.96953340910216,113.95970726699004,3.751083309620651
fd_linear_source_predicted,SEX_40W,32,1,-259.72436762069776,293.77384137690643,-250.98271836723166,297.47313501593976,8.741649253466083,3.6992936390333018,9.492165458862186,-261.0658896360231,292.14788114096433,-252.32439640607674,295.84790754488466,9.492307373810933
fd_linear_source_predicted,SEX_41W,33,1,-301.16765666424413,-161.19551111329451,-303.71639031069833,-157.68502134676154,-2.548733646454246,3.510489766532965,4.3381541698631025,-301.83843886820875,-162.043137757084,-304.3821470786803,-158.54128804520647,4.3282101225098675
fd_linear_source_predicted,SEX_42W,34,1,-315.33451770363655,-144.99162789492664,-310.01577646613293,-146.78296530686973,5.318741237503592,-1.7913374119430954,5.61229882267046,-317.6086179758694,-146.14178961892642,-312.2925054066186,-147.9297830460097,5.608740798453671
fd_linear_source_predicted,SEX_43W,35,1,-336.9541540919942,-216.8848665155885,-342.1912669785239,-212.53986129246945,-5.237112886529718,4.345005223119056,6.804882201418884,-337.0713049537888,-213.7797840236517,-342.3061309821271,-209.44270044049952,6.79806572152821
fd_linear_source_predicted,SEX_44W,36,1,315.83446789296613,110.72376437817665,322.02917758535136,104.71007715058636,6.19470969238521,-6.013687227590303,8.63358918667167,317.23196416559074,112.21445278693017,323.4331095365071,106.19814511016332,8.640032521510621
fd_linear_source_predicted,SEX_45W,37,1,-333.8235796224767,173.80123568844806,-334.1922803291624,175.1903783315297,-0.36870070668564797,1.3891426430816147,1.4372395395125583,-333.4127626469296,175.8835257588616,-333.78950627849656,177.2561940179592,1.4234303331952214
fd_linear_source_predicted,SEX_47W,38,1,-221.74824256327358,97.78920188123108,-213.99250046598436,101.01905404848216,7.755742097289215,3.22985216725109,8.401397532670423,-220.47152824255295,99.03244379343816,-212.7309419053569,102.24546556274919,8.380941816624933
fd_linear_source_predicted,SEX_47E,39,1,-33.82754739593029,108.02615412215195,-34.94476332145151,104.46235932754718,-1.1172159255212202,-3.5637947946047843,3.734809869630634,-33.615275724730445,103.50806887843557,-34.729904891687866,99.94331325780715,3.7349539240309326
fd_linear_source_predicted,SEX_45E,40,1,277.0280053006083,-311.90552491486545,281.5276218882643,-308.0277642492699,4.499616587656027,3.877760665595511,5.9399980821166105,279.6526076348776,-311.7312249054906,284.16754223722074,-307.8845223152583,5.931421017018998
fd_linear_source_predicted,SEX_44E,41,1,-82.68239106405964,-197.714153473351,-79.28372962631258,-205.23702941771555,3.398661437747059,-7.5228759443645545,8.254971958930437,-81.01836347503703,-198.25423411598618,-77.61973812170017,-205.77727017760918,8.255103020364091
fd_linear_source_predicted,SEX_43E,42,1,307.4771991186925,-300.4012680263749,301.4093062974781,-305.40570281455166,-6.067892821214429,-5.00443478817673,7.865347470955054,307.81902310051447,-302.77127288272897,301.751162865017,-307.7735454587229,7.863946767499928
fd_linear_source_predicted,SEX_42E,43,1,-181.76897776258988,110.91344079358615,-185.71816418190258,106.61625129626218,-3.9491864193127113,-4.297189497323964,5.836258300520576,-185.85857458020453,111.0180114768067,-189.80797501614492,106.72046982683578,5.8366624055740095
fd_linear_source_predicted,SEX_41E,44,1,-183.178442740663,74.01861817521778,-180.7123136722374,75.18695418997133,2.466129068425584,1.1683360147535509,2.7288828530195004,-182.86529248953295,75.20859896024919,-180.39847097281663,76.37761634753411,2.729800367629307
fd_linear_source_predicted,SEX_40E,45,1,94.81769151574859,292.87486083754584,101.18833811741567,290.10759783014277,6.370646601667074,-2.767263007403056,6.945709659600929,98.79065067065567,291.0299502801058,105.1615130531353,288.2626796039519,6.945910630838519
fd_linear_source_predicted,SEX_39E,46,1,170.08469436152095,141.39523758564857,165.63225820535797,146.33608405004853,-4.4524361561629755,4.940846464399947,6.651026350081676,170.22333997014147,148.05572171699566,165.77107236261878,152.99582270304484,6.6503597347331205
fd_linear_source_predicted,SEX_38E,47,1,50.81358069178339,105.77275457216284,51.221867233491956,103.20396017472845,0.40828654170856693,-2.5687943974343828,2.6010387456611666,50.33544935496328,108.03803437619533,50.74388910629585,105.46934720804668,2.600956900504142
fd_linear_source_predicted,SEX_37E,48,1,-45.82121124908348,-129.7618230698066,-45.047756185044996,-133.14634963476263,0.7734550640384815,-3.3845265649560194,3.4717794868020873,-46.66850438752963,-130.7837820710032,-45.895294554508155,-134.1684196263265,3.4718330643603865
fd_linear_source_predicted,SEX_36E,49,1,-257.0221808722122,-192.44253466123357,-262.76159499043604,-189.00531844415548,-5.7394141182238645,3.4372162170781104,6.689942431995374,-254.52591381483074,-197.91728729715032,-260.2653908603061,-194.4797906140656,6.6901405218244365
fd_linear_source_predicted,SEX_35E,50,1,-49.63353701693787,114.07193247782787,-49.08372627153148,114.92140915050902,0.5498107454063883,0.8494766726811493,1.011880661537597,-50.1082053141162,119.30466081486092,-49.55880829215484,120.15405083126282,1.01158315906465
fd_linear_source_predicted,SEX_34E,51,1,197.78969230251843,42.68768406602136,199.8978907801142,41.888808287168054,2.1081984775957827,-0.7988757788533087,2.2544851587392754,199.19663153610693,45.80081837287695,201.3359763401736,45.00258274364251,2.2834133025946737
fd_linear_source_predicted,SEX_33E,52,1,-134.9910500582757,-75.37316289667437,-132.11236963755636,-77.61970211228007,2.878680420719356,-2.246539215605684,3.6515393208737557,-135.67242035013385,-62.279628923445784,-132.79377329803827,-64.52622266059484,3.6515465586975226
fd_linear_source_predicted,SEX_32E,53,1,-273.7437504896078,-233.05912530141632,-277.5852841907453,-230.08664063812878,-3.8415337011375166,2.972484663287515,4.857267364522443,-272.1680641571084,-233.43570572665826,-276.0096880832904,-230.46273537914436,4.8576359556281075
fd_linear_source_predicted,SEX_31E,54,1,339.5258999032846,5.711096918832099,338.79071896423994,6.002741628049952,-0.7351809390446977,0.2916447092178528,0.7909157031880258,339.0183434163465,7.841661436767345,338.28608859359497,8.133210704754315,0.7881612151753538
fd_linear_source_predicted,SEX_30E,55,1,219.70236402688977,-39.7636712736877,221.48864797267242,-39.108823913769335,1.7862839457826438,0.6548473599183612,1.9025339418136167,221.63741337244448,-40.57204019219349,223.4237135307748,-39.917179294472845,1.9025538234211303
fd_linear_source_predicted,SEX_29E,56,1,318.8599932196571,-332.76089279721475,316.4834729554848,-336.1504718422426,-2.376520264172298,-3.3895790450278187,4.139697412675626,319.1075799771999,-335.40725858036507,316.7310146718587,-338.79478040750666,4.138039001738881
fd_linear_source_predicted,SEX_28E,57,1,284.8467308619659,252.07147706191296,303.4895420863996,247.75458625518414,18.642811224433686,-4.316890806728814,19.136090420644713,288.94409856783994,255.0210167924274,307.58685295063424,250.70447036032613,19.13595735984174
fd_linear_source_predicted,SEX_27E,58,1,-276.501346548731,-250.2170009069759,-269.3220226203081,-257.46792321645523,7.179323928422938,-7.250922309479319,10.203850567669592,-277.6371778013466,-246.7966955864003,-270.4575706671453,-254.05001311894372,10.205751997250156
fd_linear_source_predicted,SEX_26E,59,1,-141.82342867637786,132.20568987203683,-144.77750361833694,128.71436556869148,-2.9540749419590773,-3.491324303345352,4.5733908813746105,-141.58198189223114,135.51717850287224,-144.53596836708067,132.02566767570136,4.573476134172505
fd_linear_source_predicted,SEX_25E,60,1,124.81642775829542,19.227208395812468,123.54749178298101,19.34665753380359,-1.2689359753144132,0.11944913799112164,1.2745456468930263,125.7525068939601,28.031597156127308,124.48357357189995,28.151017215603286,1.274540280430491
fd_linear_source_predicted,SEX_24E,61,1,-137.04549182817865,-89.14573093231665,-141.36907618664344,-89.70416363858918,-4.32358435846478,-0.558432706272523,4.359498685880769,-143.0259612838766,-86.48802281450212,-147.34948868467234,-87.0461233341013,4.359399657683194
fd_linear_source_predicted,SEX_23E,62,1,315.73803057882884,-266.5939516488173,313.53618667887264,-268.01954903464593,-2.201843899956224,-1.4255973858285698,2.6230601339381616,316.671219198094,-271.41519563850414,314.46969897799715,-272.8390002084043,2.6218143970852954
fd_linear_source_predicted,SEX_22E,63,1,-307.08770028485964,-338.04330491983836,-312.6584238403424,-330.3527663702039,-5.57072355548277,7.690538549634442,9.496175236116066,-307.95020807703037,-338.2806660139509,-313.52058276111524,-330.5859981717009,9.499315097608385
fd_linear_source_predicted,SEX_21E,64,1,105.24292208478312,-9.33332768034269,105.11894406169058,-9.413772306311914,-0.12397802309252438,-0.0804446259692256,0.14779001338811468,104.26525975414833,-6.445728516822968,104.14175725975687,-6.52612724183637,0.14736628211600208
fd_linear_source_predicted,SEX_20E,65,1,279.1306471180771,-50.20509305355426,285.95224134207484,-49.15328136557835,6.821594223997761,1.051811687975907,6.902206573541706,280.32515192330845,-52.27551186570167,287.14657391599195,-51.224068370213686,6.9019802539901445
fd_linear_source_predicted,SEX_19E,66,1,-220.38197220636525,-59.36989753058886,-215.48281756566533,-60.6879775648747,4.899154640699899,-1.3180800342858425,5.073366847594832,-222.9778812201122,-63.15514361549564,-218.07068243904013,-64.47899788734014,5.082636128037909
fd_linear_source_predicted,SEX_18E,67,1,169.46693828742767,-269.8663364893998,173.07296254709667,-262.19009990180257,3.606024259669,7.67623658759725,8.481038798996739,170.62961237720964,-268.77930240295376,174.23584626700955,-261.10334439993676,8.480875788031724
fd_linear_source_predicted,SEX_17E,68,1,113.23510859121687,249.06145553895743,108.44997832969798,257.72248610518943,-4.785130261518886,8.661030566231977,9.894994799842413,112.80231305993411,251.69679408899506,108.01639847855235,260.3567875448092,9.894466384551833
fd_linear_source_predicted,SEX_16E,69,1,193.62720363433078,343.4609812527521,195.04067292752785,337.07358481901383,1.4134692931970712,-6.387396433738273,6.541920868104675,197.58615212452912,348.8850446017207,199.00060661053135,342.49887920776325,6.5409318855918235
fd_linear_source_predicted,SEX_15E,70,1,-47.86828938490449,-225.60720315843864,-47.36254833756563,-232.04794578371715,0.5057410473388653,-6.440742625278518,6.460568053355915,-51.44319385520666,-224.8287964970763,-50.94813086950759,-231.27247470400098,6.462667885185307
fd_linear_source_predicted,SEX_14E,71,1,-76.5307577472186,-186.87320352279232,-75.77519095120873,-184.90015632817077,0.7555667960098682,1.973047194621559,2.112769844407247,-78.61629409965356,-190.87820620807796,-77.85609764442837,-188.90010778036182,2.119144176376405
fd_linear_source_predicted,SEX_13E,72,1,-17.060542094856846,256.9469611706423,-16.540966357612948,271.4667228558095,0.5195757372439003,14.519761685167197,14.529054970671076,-17.020619351001585,260.7309186890307,-16.50139976126268,275.2507196989231,14.52908153839189
fd_linear_source_predicted,SEX_12E,73,1,72.89764851156983,-187.97720926031522,76.39138863198203,-183.63332521341806,3.493740120412211,4.343884046897152,5.574544702652003,73.67130649291816,-184.9088933937355,77.19446484695086,-180.57493638575005,5.585322563170068
fd_linear_source_predicted,SEX_11E,74,1,335.0645074690009,135.58424665209506,333.36687842230594,137.113063690495,-1.6976290466949358,1.5288170383999518,2.284562522034439,335.1325450468323,133.44642188670687,333.43612240285603,134.97411509738222,2.282914000337953
fd_linear_source_predicted,SEX_10AE,75,1,21.752425105752845,116.69939569236321,22.400183251247924,115.64337564392379,0.6477581454950789,-1.0560200484394149,1.2388579247682956,29.43471705225129,119.26282354763151,30.08241905509183,118.20678290914869,1.2388461222487872
fd_linear_source_predicted,SEX_09AE,76,1,-179.91101920982948,299.6342479108496,-188.08456034742187,297.2191370529597,-8.173541137592409,-2.4151108578898945,8.522883032390686,-176.9947137834956,293.0701331283445,-185.16704791012785,290.6528035676006,8.52235456212451
fd_quartic_source_predicted,SEX_09AW,1,1,-159.92864014096077,165.12848489857137,-156.9988814547795,167.30763868727297,2.929758686181247,2.1791537887016026,3.6513281411107132,-164.44292724558935,170.23477480632752,-161.51297085204124,172.40778077225372,3.647821184768282
fd_quartic_source_predicted,SEX_10W,2,1,179.95127510638562,-215.99891971497928,183.71812187251763,-222.0643716306386,3.766846766132002,-6.065451915659303,7.139946883604543,177.5019025021509,-212.05176189671838,181.26765951977976,-218.1105871677529,7.133743027383858
fd_quartic_source_predicted,SEX_10AW,3,1,227.30130422117387,-219.76742860669157,223.17043856158563,-222.70762317287662,-4.130865659588231,-2.9401945661850717,5.070384125940512,226.23103698239794,-223.00425739292385,222.09981223806352,-225.9438222196371,5.070311554396883
fd_quartic_source_predicted,SEX_12W,4,1,111.16074210776075,50.89917041431443,106.75910651249977,51.922702189477654,-4.40163559526098,1.0235317751632176,4.519072162317974,113.82059441713355,50.20947658857351,109.42117998260338,51.23467728005096,4.5172872196217835
fd_quartic_source_predicted,SEX_13W,5,1,144.2813196100936,-335.9701885333384,147.46231768476426,-328.558767393387,3.1809980746706876,7.411421139951445,8.065228581061902,144.8679567752435,-334.56756844272326,148.04362240886329,-327.15406305299473,8.06504273888783
fd_quartic_source_predicted,SEX_14W,6,1,270.9504871485135,196.8529448090757,269.44785722117996,199.91909664674736,-1.5026299273335078,3.0661518376716685,3.414554698665062,271.3438367980622,196.7905902403648,269.83352853623654,199.87011627156508,3.429943384748349
fd_quartic_source_predicted,SEX_15W,7,1,204.2724171702461,-317.3662127174877,206.39972771940228,-316.0112039459468,2.127310549156203,1.3550087715408698,2.5222012099560898,202.39132311269046,-314.72223213451025,204.50401814826813,-313.3260569510757,2.5323478150114163
fd_quartic_source_predicted,SEX_16W,8,1,-87.22225037625759,139.5500357016768,-83.2884024834158,142.9817770121421,3.9338478928417984,3.431741310465299,5.220345550437245,-92.63426826533605,138.1015493251615,-88.70405775629256,141.53580864031608,5.219261603821164
fd_quartic_source_predicted,SEX_17W,9,1,88.11072913846165,336.43476666389677,89.22365143965992,327.8527372299757,1.1129223011982627,-8.582029433921047,8.653890758103643,87.89619748053033,331.43890608758613,89.00279081225617,322.8525504396619,8.657369815045477
fd_quartic_source_predicted,SEX_18W,10,1,86.46734115943048,-85.01975449085874,79.52522073800833,-88.95658461000355,-6.942120421422144,-3.936830119144808,7.980705941991102,86.62386689221555,-84.1060673006528,79.68147320554364,-88.04315499331626,7.981070705141269
fd_quartic_source_predicted,SEX_19W,11,1,192.10617447474135,-1.1416141395201969,195.82191986492484,-1.277020895330455,3.7157453901834967,-0.1354067558102582,3.718211773714478,189.80749768846735,-7.565623735603965,193.52858019081938,-7.701047611218391,3.72354597331587
fd_quartic_source_predicted,SEX_20W,12,1,-93.57823965767038,187.37501383834714,-90.93569857336054,190.93098288020727,2.642541084309837,3.5559690418601306,4.430343012559305,-95.66345286566084,187.9554248578354,-93.01982073546417,191.51086884032458,4.43057250842673
fd_quartic_source_predicted,SEX_21W,13,1,182.73422543368665,127.1639562452907,189.933270376128,121.34435868329616,7.19904494244134,-5.819597561994535,9.257103427469252,182.53643660054558,117.400569990707,189.7375443982815,111.57655462808754,9.261485218831828
fd_quartic_source_predicted,SEX_22W,14,1,295.872833791315,16.31547039398482,295.1595795014577,17.34035804564999,-0.7132542898572966,1.0248876516651695,1.2486498230230854,299.43561588347416,13.85884767150467,298.71637780589526,14.884323029411851,1.2525586301304485
fd_quartic_source_predicted,SEX_23W,15,1,247.79684977255494,-80.04354705607172,255.77926242441387,-77.32789469349333,7.982412651858938,2.715652362578376,8.4317067963097,247.10911507987436,-80.73344426724805,255.09497492661268,-78.01443896037286,8.436050459223361
fd_quartic_source_predicted,SEX_24W,16,1,202.28605968292905,-292.145432721913,187.86138316379044,-293.9312175770824,-14.424676519138611,-1.7857848551694326,14.534796876143172,204.74388219127647,-291.30581274690735,190.32024091329635,-293.0984612809871,14.534614424971538
fd_quartic_source_predicted,SEX_25W,17,1,326.6014803341537,223.5498128514862,330.6067607217809,220.67141489226356,4.005280387627246,-2.8783979592226454,4.932286061773845,328.01261249637764,228.40776579955855,332.01994711991614,225.52309875187268,4.937614278273991
fd_quartic_source_predicted,SEX_26W,18,1,-262.9392552695921,-240.1804770289665,-265.0800126979406,-241.6242117047868,-2.140757428348533,-1.4437346758203218,2.582094533744927,-263.81458223409663,-238.80186278518468,-265.95675017183237,-240.24223153019355,2.5813844337993053
fd_quartic_source_predicted,SEX_27W,19,1,292.08709004046875,307.74978274763066,296.3597465075234,303.2295210905287,4.272656467054696,-4.520261657101955,6.219996682807027,290.5971520580682,304.1456195285047,294.86813814690106,299.6118567101826,6.228669798905949
fd_quartic_source_predicted,SEX_28W,20,1,-193.58564641456005,-232.0999300966925,-185.79503833214497,-235.53954114668514,7.790608082415074,-3.4396110499926333,8.516131661090174,-198.11207089990128,-233.97641928826644,-190.31968163205417,-237.41455183273547,8.517164193262674
fd_quartic_source_predicted,SEX_29W,21,1,224.5025568570844,63.15536856328728,227.87283788722692,60.950309066670734,3.370281030142533,-2.2050594966165535,4.0275403915736785,225.0140095020821,60.563474749043884,228.3872449876053,58.35639544135352,4.031118543435283
fd_quartic_source_predicted,SEX_30W,22,1,-220.94539809374385,19.79264158071054,-219.89950365328926,20.25610859753052,1.0458944404545913,0.4634670168199801,1.1439828915914059,-217.12710565977898,16.173475545625696,-216.08125827220707,16.63693388498977,1.1439363576777872
fd_quartic_source_predicted,SEX_31W,23,1,-5.958879115605153,-29.50490323300744,-6.014438557267422,-29.1730908265107,-0.05555944166226847,0.33181240649674104,0.336431753351228,-7.088408397386448,-30.67822939559093,-7.144869447136534,-30.346439424374104,0.3365597051623145
fd_quartic_source_predicted,SEX_32W,24,1,11.00836147882609,276.41470104857456,10.859288326373877,277.6868232362403,-0.14907315245221478,1.2721221876657172,1.2808269458179942,12.573191122045623,277.49751586456006,12.426462798483692,278.7697110458921,1.2806286660620263
fd_quartic_source_predicted,SEX_33W,25,1,-344.94245376866894,-258.8567328409007,-348.2263767786647,-253.07814389401548,-3.2839230099957755,5.778588946885249,6.646520935996823,-343.36088444655496,-248.1310015915541,-346.642476931929,-242.36144368395847,6.637518187482653
fd_quartic_source_predicted,SEX_34W,26,1,329.9062522751772,327.78692995996084,325.17620213456956,330.5117623403252,-4.730050140607694,2.724832380364352,5.458762298703336,323.2141865728632,331.79429545784194,318.486772383873,334.53634556790973,5.465096862855063
fd_quartic_source_predicted,SEX_35W,27,1,-333.86806430931733,122.9015876831949,-334.73199944411647,124.24468996818113,-0.863935134799113,1.3431022849862302,1.5969682730334984,-332.0727166161641,124.09642925768216,-332.9352274375498,125.44038226756948,1.5969140896719236
fd_quartic_source_predicted,SEX_36W,28,1,207.6922738105197,-25.822996633678656,203.79995731487162,-26.764848981298655,-3.892316495648099,-0.9418523476200013,4.004648991735931,206.32908978022022,-27.69852107145163,202.43540719162627,-28.6405162360478,4.006010358304413
fd_quartic_source_predicted,SEX_37W,29,1,-256.8271941792112,187.41237876641262,-260.17622435713764,183.15901736928723,-3.349030177926494,-4.253361397125375,5.41360197162838,-256.58091490295436,184.56515839650191,-259.9281303829913,180.31393343350823,5.4108007869242
fd_quartic_source_predicted,SEX_38W,30,1,76.66420208088688,141.93620468303396,75.04955500557897,144.6797934568622,-1.6146470753079154,2.7435887738282596,3.1834516703849705,73.18637174342766,140.44596590732866,71.57312144562971,143.19042583009448,3.183494430812313
fd_quartic_source_predicted,SEX_39W,31,1,67.97543658044252,117.72501797339741,70.79849450182694,115.25302133395485,2.8230579213844145,-2.471996639442575,3.7523890273939715,68.1488667677876,116.43245183412387,70.97005117924907,113.9596176992919,3.7515317060986324
fd_quartic_source_predicted,SEX_40W,32,1,-259.72436762069776,293.77384137690643,-250.98269603600045,297.4731344007971,8.741671584697295,3.6992930238906534,9.492185784702603,-261.0658896360231,292.14788114096433,-252.32437407484554,295.847906929742,9.492327698932927
fd_quartic_source_predicted,SEX_41W,33,1,-301.16765666424413,-161.19551111329451,-303.71646462231007,-157.68506599162686,-2.5488079580659604,3.5104451216676322,4.338161702765406,-301.83843886820875,-162.043137757084,-304.38222139029205,-158.5413326900718,4.328217675557499
fd_quartic_source_predicted,SEX_42W,34,1,-315.33451770363655,-144.99162789492664,-310.0159081916612,-146.78278909004183,5.318609511975321,-1.791161195115182,5.612117743576021,-317.6086179758694,-146.14178961892642,-312.29263713214687,-147.92960682918178,5.60855977128795
fd_quartic_source_predicted,SEX_43W,35,1,-336.9541540919942,-216.8848665155885,-342.1915075859509,-212.5395205508663,-5.237353493956713,4.345345964722203,6.805284944349363,-337.0713049537888,-213.7797840236517,-342.3063715895541,-209.44235969889638,6.79846839029812
fd_quartic_source_predicted,SEX_44W,36,1,315.83446789296613,110.72376437817665,322.0294548317018,104.70965033383668,6.194986938735654,-6.014114044339985,8.634085412447156,317.23196416559074,112.21445278693017,323.43338678285755,106.19771829341364,8.640528713187631
fd_quartic_source_predicted,SEX_45W,37,1,-333.8235796224767,173.80123568844806,-334.1924083661062,175.19075344722455,-0.36882874362948814,1.3895177587764687,1.4376349481292139,-333.4127626469296,175.8835257588616,-333.7896343154404,177.25656913365404,1.423825959725249
fd_quartic_source_predicted,SEX_47W,38,1,-221.74824256327358,97.78920188123108,-213.99255539915666,101.01913985280736,7.755687164116918,3.229937971576283,8.401379808571818,-220.47152824255295,99.03244379343816,-212.7309968385292,102.24555136707438,8.380923976294982
fd_quartic_source_predicted,SEX_47E,39,1,-33.82754739593029,108.02615412215195,-34.94480814615378,104.46241160314355,-1.1172607502234926,-3.5637425190084024,3.7347733968446217,-33.615275724730445,103.50806887843557,-34.72994971639014,99.94336553340352,3.7349174081584606
fd_quartic_source_predicted,SEX_45E,40,1,277.0280053006083,-311.90552491486545,281.52764865751686,-308.02775183021464,4.499643356908585,3.8777730846508245,5.940026467568468,279.6526076348776,-311.7312249054906,284.1675690064733,-307.88450989620304,5.93144944762065
fd_quartic_source_predicted,SEX_44E,41,1,-82.68239106405964,-197.714153473351,-79.28320684641133,-205.2373755927972,3.39918421764831,-7.523222119446237,8.255502674218844,-81.01836347503703,-198.25423411598618,-77.61921534179892,-205.77761635269087,8.25563373165621
fd_quartic_source_predicted,SEX_43E,42,1,307.4771991186925,-300.4012680263749,301.4089535236145,-305.4059275689114,-6.06824559507799,-5.004659542536492,7.865762629197819,307.81902310051447,-302.77127288272897,301.7508100911534,-307.7737702130827,7.864361936430348
fd_quartic_source_predicted,SEX_42E,43,1,-181.76897776258988,110.91344079358615,-185.7180713638045,106.61615602724382,-3.9490936012146416,-4.297284766342332,5.836265641160647,-185.85857458020453,111.0180114768067,-189.80788219804685,106.72037455781741,5.836669748050441
fd_quartic_source_predicted,SEX_41E,44,1,-183.178442740663,74.01861817521778,-180.71237959713176,75.1869998029196,2.4660631435312426,1.1683816277018244,2.728842805262765,-182.86529248953295,75.20859896024919,-180.39853689771095,76.37766196048238,2.7297603279957143
fd_quartic_source_predicted,SEX_40E,45,1,94.81769151574859,292.87486083754584,101.18837230027954,290.1074979362373,6.370680784530943,-2.767362901308541,6.945780811826027,98.79065067065567,291.0299502801058,105.16154723599917,288.2625797100464,6.945981782177135
fd_quartic_source_predicted,SEX_39E,46,1,170.08469436152095,141.39523758564857,165.63234896272778,146.3359870590202,-4.452345398793176,4.940749473371619,6.650893542132267,170.22333997014147,148.05572171699566,165.77116311998859,152.9957257120165,6.650226926643856
fd_quartic_source_predicted,SEX_38E,47,1,50.81358069178339,105.77275457216284,51.22186929503993,103.20397410321458,0.4082886032565411,-2.568780468948265,2.6010253134483805,50.33544935496328,108.03803437619533,50.74389116784383,105.46936113653281,2.6009434685643447
fd_quartic_source_predicted,SEX_37E,48,1,-45.82121124908348,-129.7618230698066,-45.04776163425462,-133.1463065072076,0.7734496148288622,-3.3844834374009984,3.471736229139621,-46.66850438752963,-130.7837820710032,-45.89530000371777,-134.1683764987715,3.4717898063716364
fd_quartic_source_predicted,SEX_36E,49,1,-257.0221808722122,-192.44253466123357,-262.7615783409103,-189.00508191649297,-5.739397468698139,3.437452744740611,6.690049676648401,-254.52591381483074,-197.91728729715032,-260.2653742107804,-194.47955408640308,6.690247773061103
fd_quartic_source_predicted,SEX_35E,50,1,-49.63353701693787,114.07193247782787,-49.08396965166282,114.92147766306988,0.5495673652750527,0.8495451852420083,1.011805964967217,-50.1082053141162,119.30466081486092,-49.55905167228618,120.15411934382368,1.0115085342016346
fd_quartic_source_predicted,SEX_34E,51,1,197.78969230251843,42.68768406602136,199.89682807487802,41.88937458870104,2.107135772359581,-0.798309477320325,2.2532907457176625,199.19663153610693,45.80081837287695,201.3349136349374,45.0031490451755,2.2822196849853174
fd_quartic_source_predicted,SEX_33E,52,1,-134.9910500582757,-75.37316289667437,-132.1120467872775,-77.61960371119376,2.879003270998202,-2.2464408145193864,3.651733310026469,-135.67242035013385,-62.279628923445784,-132.79345044775945,-64.52612425950853,3.6517405430464702
fd_quartic_source_predicted,SEX_32E,53,1,-273.7437504896078,-233.05912530141632,-277.5853200171846,-230.08674330776535,-3.841569527576771,2.9723819936509694,4.857232869791908,-272.1680641571084,-233.43570572665826,-276.0097239097297,-230.46283804878092,4.857601453915087
fd_quartic_source_predicted,SEX_31E,54,1,339.5258999032846,5.711096918832099,338.79092456435706,6.0027476386733865,-0.7349753389275797,0.29165071984128726,0.79072681199998,339.0183434163465,7.841661436767345,338.2862941937121,8.133216715377747,0.7879724264498815
fd_quartic_source_predicted,SEX_30E,55,1,219.70236402688977,-39.7636712736877,221.4886160874972,-39.10880365271682,1.7862520606074255,0.6548676209708744,1.9025109789486963,221.63741337244448,-40.57204019219349,223.42368164559957,-39.91715903342033,1.9025308606686326
fd_quartic_source_predicted,SEX_29E,56,1,318.8599932196571,-332.76089279721475,316.48370062186785,-336.1504482122091,-2.376292597789211,-3.389555414994288,4.139547369172734,319.1075799771999,-335.40725858036507,316.7312423382418,-338.7947567774731,4.137888907370433
fd_quartic_source_predicted,SEX_28E,57,1,284.8467308619659,252.07147706191296,303.48927607268706,247.75470430469295,18.642545210721163,-4.316772757220007,19.135804633494235,288.94409856783994,255.0210167924274,307.5865869369217,250.70458840983494,19.13567157361868
fd_quartic_source_predicted,SEX_27E,58,1,-276.501346548731,-250.2170009069759,-269.32158524136304,-257.4679561923168,7.179761307368011,-7.250955285340943,10.204181739894315,-277.6371778013466,-246.7966955864003,-270.4571332882002,-254.05004609480534,10.20608312765199
fd_quartic_source_predicted,SEX_26E,59,1,-141.82342867637786,132.20568987203683,-144.777837108923,128.7141589005001,-2.954408432545135,-3.4915309715367284,4.573764063820303,-141.58198189223114,135.51717850287224,-144.53630185766673,132.02546100750996,4.57384931164006
fd_quartic_source_predicted,SEX_25E,60,1,124.81642775829542,19.227208395812468,123.54752212731191,19.34670679519171,-1.268905630983524,0.11949839937924216,1.2745200539010346,125.7525068939601,28.031597156127308,124.48360391623085,28.151066476991407,1.2745146862699912
fd_quartic_source_predicted,SEX_24E,61,1,-137.04549182817865,-89.14573093231665,-141.3689864028311,-89.70415991193858,-4.323494574652424,-0.558428979621916,4.359409164362817,-143.0259612838766,-86.48802281450212,-147.34939890085997,-87.04611960745069,4.359310135588697
fd_quartic_source_predicted,SEX_23E,62,1,315.73803057882884,-266.5939516488173,313.5366106741447,-268.01958800144024,-2.201419904684118,-1.4256363526228792,2.6227254157954274,316.671219198094,-271.41519563850414,314.47012297326927,-272.8390391751986,2.621479545585703
fd_quartic_source_predicted,SEX_22E,63,1,-307.08770028485964,-338.04330491983836,-312.6582113656377,-330.3527396285146,-5.57051108077811,7.690565291323763,9.496072251261857,-307.95020807703037,-338.2806660139509,-313.5203702864106,-330.58597143001157,9.499212166222694
fd_quartic_source_predicted,SEX_21E,64,1,105.24292208478312,-9.33332768034269,105.11881545628529,-9.413826299949816,-0.12410662849782086,-0.08049861960712662,0.14792728955723145,104.26525975414833,-6.445728516822968,104.14162865435158,-6.526181235474271,0.14750352123031218
fd_quartic_source_predicted,SEX_20E,65,1,279.1306471180771,-50.20509305355426,285.952126983589,-49.153317311852305,6.821479865511864,1.0517757417019546,6.902088072925211,280.32515192330845,-52.27551186570167,287.14645955750603,-51.22410431648764,6.901861754259244
fd_quartic_source_predicted,SEX_19E,66,1,-220.38197220636525,-59.36989753058886,-215.48280329642859,-60.68784581500152,4.899168909936651,-1.317948284412665,5.073346399416875,-222.9778812201122,-63.15514361549564,-218.0706681698034,-64.47886613746697,5.082615590057458
fd_quartic_source_predicted,SEX_18E,67,1,169.46693828742767,-269.8663364893998,173.07297285394597,-262.19010587845975,3.6060345665183138,7.676230610940093,8.481037771833034,170.62961237720964,-268.77930240295376,174.23585657385888,-261.1033503765939,8.480874761299367
fd_quartic_source_predicted,SEX_17E,68,1,113.23510859121687,249.06145553895743,108.45076490853712,257.72229700499884,-4.784343682679741,8.660841466041392,9.894448917140334,112.80231305993411,251.69679408899506,108.0171850573915,260.3565984446186,9.893920430162865
fd_quartic_source_predicted,SEX_16E,69,1,193.62720363433078,343.4609812527521,195.04049326234167,337.07365039690217,1.4132896280108866,-6.387330855849938,6.541818022135425,197.58615212452912,348.8850446017207,199.00042694534517,342.4989447856516,6.540829009352906
fd_quartic_source_predicted,SEX_15E,70,1,-47.86828938490449,-225.60720315843864,-47.36248869401909,-232.0476467266445,0.5058006908853959,-6.440443568205847,6.460274583494436,-51.44319385520666,-224.8287964970763,-50.94807122596106,-231.27217564692833,6.462374276281037
fd_quartic_source_predicted,SEX_14E,71,1,-76.5307577472186,-186.87320352279232,-75.77504045635061,-184.9001773450685,0.7557172908679801,1.97302617772381,2.11280404242804,-78.61629409965356,-190.87820620807796,-77.85594714957026,-188.90012879725958,2.119178550214915
fd_quartic_source_predicted,SEX_13E,72,1,-17.060542094856846,256.9469611706423,-16.540928430287938,271.4667870384075,0.5196136645689077,14.519825867765235,14.529120468584159,-17.020619351001585,260.7309186890307,-16.501361833937672,275.2507838815211,14.529147035429226
fd_quartic_source_predicted,SEX_12E,73,1,72.89764851156983,-187.97720926031522,76.39104885603524,-183.63355799830939,3.493400344465426,4.343651262005827,5.574150361502277,73.67130649291816,-184.9088933937355,77.19412507100408,-180.57516917064137,5.5849276070456
fd_quartic_source_predicted,SEX_11E,74,1,335.0645074690009,135.58424665209506,333.3667745596017,137.11301604703905,-1.69773290939918,1.5287693949440124,2.2846078207373988,335.1325450468323,133.44642188670687,333.4360185401518,134.9740674539263,2.2829593003193778
fd_quartic_source_predicted,SEX_10AE,75,1,21.752425105752845,116.69939569236321,22.400160327853865,115.64343538600768,0.647735222101017,-1.055960306355522,1.2387950139343884,29.43471705225129,119.26282354763151,30.08239613169777,118.20684265123258,1.2387832108614207
fd_quartic_source_predicted,SEX_09AE,76,1,-179.91101920982948,299.6342479108496,-188.08453904673874,297.2190305753888,-8.173519836909268,-2.4152173354607953,8.522892777799076,-176.9947137834956,293.0701331283445,-185.16702660944472,290.65269709002973,8.522364338874251
quadratic_o_derivative_predicted,SEX_09AW,1,1,-159.92864014096077,165.12848489857137,-161.29321753403062,163.09188694752672,-1.3645773930698617,-2.0365979510446546,2.451489889001508,-164.44292724558935,170.23477480632752,-165.80730693129235,168.19202903250746,2.4564898174465832
quadratic_o_derivative_predicted,SEX_10W,2,1,179.95127510638562,-215.99891971497928,185.3762254878959,-220.44721289945315,5.4249503815103,-4.448293184473846,7.01551130687459,177.5019025021509,-212.05176189671838,182.92576313515806,-216.49342843656746,7.010468302296202
quadratic_o_derivative_predicted,SEX_10AW,3,1,227.30130422117387,-219.76742860669157,229.7673975797443,-217.64072367651693,2.4660933585704536,2.126704930174644,3.256453640575041,226.23103698239794,-223.00425739292385,228.6967712562222,-220.87692272327737,3.2565930519166213
quadratic_o_derivative_predicted,SEX_12W,4,1,111.16074210776075,50.89917041431443,111.07992700383859,49.68064544702238,-0.08081510392215585,-1.2185249672920568,1.2212019394580311,113.82059441713355,50.20947658857351,113.7420004739422,48.99262053759569,1.2193915108396094
quadratic_o_derivative_predicted,SEX_13W,5,1,144.2813196100936,-335.9701885333384,140.1976825099546,-339.50289242443915,-4.0836371001389695,-3.5327038911007267,5.399637834876486,144.8679567752435,-334.56756844272326,140.77898723405363,-338.0981880840469,5.40230940991711
quadratic_o_derivative_predicted,SEX_14W,6,1,270.9504871485135,196.8529448090757,273.80505164566375,195.15837207888708,2.854564497150301,-1.6945727301886069,3.3196558867282944,271.3438367980622,196.7905902403648,274.1907229607204,195.1093917037048,3.306234919482005
quadratic_o_derivative_predicted,SEX_15W,7,1,204.2724171702461,-317.3662127174877,201.7593707179179,-320.8712464193695,-2.513046452328171,-3.5050337018818354,4.3128486784127595,202.39132311269046,-314.72223213451025,199.86366114678376,-318.1860994244984,4.288059189953082
quadratic_o_derivative_predicted,SEX_16W,8,1,-87.22225037625759,139.5500357016768,-88.12591165735007,136.67117979548922,-0.9036612810924807,-2.878855906187554,3.0173523227387062,-92.63426826533605,138.1015493251615,-93.54156693022682,135.2252114236632,3.0160422064202104
quadratic_o_derivative_predicted,SEX_17W,9,1,88.11072913846165,336.43476666389677,83.41531718097386,342.46775698842276,-4.6954119574877975,6.032990324525997,7.644858776088914,87.89619748053033,331.43890608758613,83.1944565535701,337.46757019810894,7.645335748138112
quadratic_o_derivative_predicted,SEX_18W,10,1,86.46734115943048,-85.01975449085874,87.56836460471341,-80.57726423915277,1.1010234452829348,4.442490251705967,4.576895483137587,86.62386689221555,-84.1060673006528,87.72461707224872,-79.66383462246549,4.576579741029133
quadratic_o_derivative_predicted,SEX_19W,11,1,192.10617447474135,-1.1416141395201969,193.08031979412132,-1.2720222676940296,0.9741453193799776,-0.13040812817383288,0.9828353794831164,189.80749768846735,-7.565623735603965,190.78698012001584,-7.696048983581966,0.9881278151242856
quadratic_o_derivative_predicted,SEX_20W,12,1,-93.57823965767038,187.37501383834714,-95.03964701925165,184.7863526917356,-1.461407361581267,-2.5886611466115346,2.9726886834076764,-95.66345286566084,187.9554248578354,-97.12376918135527,185.3662386518529,2.972609787902431
quadratic_o_derivative_predicted,SEX_21W,13,1,182.73422543368665,127.1639562452907,179.31211054229476,128.5352839117832,-3.422114891391887,1.3713276664925014,3.6866529398322645,182.53643660054558,117.400569990707,179.11638456444825,118.76747985657457,3.6830963211704795
quadratic_o_derivative_predicted,SEX_22W,14,1,295.872833791315,16.31547039398482,299.1125261143078,16.800339629843005,3.2396923229928127,0.48486923585818553,3.275775407982096,299.43561588347416,13.85884767150467,302.66932441874536,14.344304613604868,3.26994485178559
quadratic_o_derivative_predicted,SEX_23W,15,1,247.79684977255494,-80.04354705607172,248.49812867549755,-81.06057944658562,0.7012789029426031,-1.0170323905139032,1.2353732161038644,247.10911507987436,-80.73344426724805,247.81384117769633,-81.74712371346513,1.234578832085814
quadratic_o_derivative_predicted,SEX_24W,16,1,202.28605968292905,-292.145432721913,206.7835086060162,-278.15061293876454,4.497448923087162,13.994819783148458,14.699728826702257,204.74388219127647,-291.30581274690735,209.2423663555221,-277.31785664266926,14.693511348553193
quadratic_o_derivative_predicted,SEX_25W,17,1,326.6014803341537,223.5498128514862,320.81936128257973,224.38861840022201,-5.782119051573958,0.8388055487358105,5.842644561768627,328.01261249637764,228.40776579955855,322.23254768071496,229.24030225983114,5.839714567591903
quadratic_o_derivative_predicted,SEX_26W,18,1,-262.9392552695921,-240.1804770289665,-266.99789810842395,-241.8630978179025,-4.058642838831842,-1.6826207889360463,4.393608359032557,-263.81458223409663,-238.80186278518468,-267.87463558231565,-240.4811176433093,4.393623796926591
quadratic_o_derivative_predicted,SEX_27W,19,1,292.08709004046875,307.74978274763066,286.71515983157707,312.05311163154806,-5.371930208891685,4.303328883917376,6.8830424706201425,290.5971520580682,304.1456195285047,285.22355147095465,308.435447251202,6.875914859874953
quadratic_o_derivative_predicted,SEX_28W,20,1,-193.58564641456005,-232.0999300966925,-196.5663595295604,-225.26842839269258,-2.9807131150003747,6.8315017039999075,7.45346001570337,-198.11207089990128,-233.97641928826644,-201.09100282946963,-227.14343907874292,7.454103164347925
quadratic_o_derivative_predicted,SEX_29W,21,1,224.5025568570844,63.15536856328728,220.36618230604049,63.776508673404116,-4.136374551043896,0.6211401101168337,4.182751422559025,225.0140095020821,60.563474749043884,220.88058940641886,61.18259504808691,4.179530073096724
quadratic_o_derivative_predicted,SEX_30W,22,1,-220.94539809374385,19.79264158071054,-223.87546139509632,19.749850582870092,-2.930063301352469,-0.0427909978404499,2.930375747140409,-217.12710565977898,16.173475545625696,-220.0572160140141,16.130675870329338,2.9304229217301434
quadratic_o_derivative_predicted,SEX_31W,23,1,-5.958879115605153,-29.50490323300744,-5.914715284114106,-29.480335097970308,0.04416383149104715,0.024568135037132097,0.050537483823122474,-7.088408397386448,-30.67822939559093,-7.045146173983218,-30.653683695833713,0.049740439788590114
quadratic_o_derivative_predicted,SEX_32W,24,1,11.00836147882609,276.41470104857456,11.004931463680283,272.60209686893376,-0.003430015145809072,-3.8126041796407897,3.8126057225496477,12.573191122045623,277.49751586456006,12.572105935790097,273.6849846785856,3.8125313404163568
quadratic_o_derivative_predicted,SEX_33W,25,1,-344.94245376866894,-258.8567328409007,-338.84288677800964,-261.52159360994875,6.099566990659309,-2.6648607690480395,6.656290287536441,-343.36088444655496,-248.1310015915541,-337.25898693127397,-250.80489339989174,6.662045533444494
quadratic_o_derivative_predicted,SEX_34W,26,1,329.9062522751772,327.78692995996084,333.25267401735186,323.37149873539835,3.346421742174649,-4.415431224562532,5.540268168179316,323.2141865728632,331.79429545784194,326.5632442666553,327.3960819629828,5.528152438447175
quadratic_o_derivative_predicted,SEX_35W,27,1,-333.86806430931733,122.9015876831949,-335.0491708556063,124.96075140686747,-1.1811065462889367,2.0591637236725604,2.373850861906793,-332.0727166161641,124.09642925768216,-333.25239884903965,126.15644370625581,2.373880725498756
quadratic_o_derivative_predicted,SEX_36W,28,1,207.6922738105197,-25.822996633678656,210.20128377753014,-25.55587570649062,2.509009967010411,0.2671209271880351,2.523189371470041,206.32908978022022,-27.69852107145163,208.83673365428479,-27.431542961239767,2.5218158359534937
quadratic_o_derivative_predicted,SEX_37W,29,1,-256.8271941792112,187.41237876641262,-252.25392493122615,189.6010624287904,4.5732692479850305,2.1886836623778216,5.070022464301826,-256.58091490295436,184.56515839650191,-252.00583095707975,186.7559784930114,5.072581769382276
quadratic_o_derivative_predicted,SEX_38W,30,1,76.66420208088688,141.93620468303396,77.88311143518968,140.58268810108567,1.2189093543027967,-1.3535165819482777,1.8214684053301087,73.18637174342766,140.44596590732866,74.40667787524042,139.09332047431795,1.8217564938225257
quadratic_o_derivative_predicted,SEX_39W,31,1,67.97543658044252,117.72501797339741,66.98705106458189,119.68494592101433,-0.9883855158606335,1.9599279476169122,2.195045213159158,68.1488667677876,116.43245183412387,67.15860774200402,118.3915422863514,2.195141985875832
quadratic_o_derivative_predicted,SEX_40W,32,1,-259.72436762069776,293.77384137690643,-263.6646590365795,286.4302007658368,-3.9402914158817883,-7.343640611069658,8.333963874809108,-261.0658896360231,292.14788114096433,-265.0063370754246,284.8049732947817,8.333391966073394
quadratic_o_derivative_predicted,SEX_41W,33,1,-301.16765666424413,-161.19551111329451,-298.12613877906165,-161.98263075640082,3.0415178851824516,-0.7871196431063262,3.1417174249840745,-301.83843886820875,-162.043137757084,-298.7918955470436,-162.83889745484578,3.1487552626900075
quadratic_o_derivative_predicted,SEX_42W,34,1,-315.33451770363655,-144.99162789492664,-318.6235973474133,-142.82919959795979,-3.2890796437767778,2.1624282969668456,3.936259778346661,-317.6086179758694,-146.14178961892642,-320.90032628789896,-143.97601733709976,3.940293540868958
quadratic_o_derivative_predicted,SEX_43W,35,1,-336.9541540919942,-216.8848665155885,-330.59577932775886,-220.2861734482272,6.35837476423536,-3.4013069326386915,7.210951289010424,-337.0713049537888,-213.7797840236517,-330.71064333136206,-217.18901259625727,7.216706709800696
quadratic_o_derivative_predicted,SEX_44W,36,1,315.83446789296613,110.72376437817665,306.02708651496357,112.69591822037715,-9.807381378002553,1.9721538422004947,10.003705327072437,317.23196416559074,112.21445278693017,307.4310184661194,114.18398617995412,9.99687943261412
quadratic_o_derivative_predicted,SEX_45W,37,1,-333.8235796224767,173.80123568844806,-338.8007269818641,174.27656039885525,-4.977147359387364,0.47532471040718777,4.999792937450539,-333.4127626469296,175.8835257588616,-338.3979529311983,176.34237608528474,5.006262657155099
quadratic_o_derivative_predicted,SEX_47W,38,1,-221.74824256327358,97.78920188123108,-224.4537710182844,95.1334002645845,-2.705528455010825,-2.6558016166465777,3.7911959126185812,-220.47152824255295,99.03244379343816,-223.19221245765695,96.35981177885152,3.8138018411697208
quadratic_o_derivative_predicted,SEX_47E,39,1,-33.82754739593029,108.02615412215195,-32.95098957373811,110.77120421622915,0.8765578221921747,2.74505009407719,2.8816060859596124,-33.615275724730445,103.50806887843557,-32.73613114397447,106.25215814648912,2.881478978739793
quadratic_o_derivative_predicted,SEX_45E,40,1,277.0280053006083,-311.90552491486545,272.2904175966347,-312.4686713253147,-4.7375877039735865,-0.5631464104492224,4.770940277601844,279.6526076348776,-311.7312249054906,274.93033794559113,-312.3254293913031,4.759507326322095
quadratic_o_derivative_predicted,SEX_44E,41,1,-82.68239106405964,-197.714153473351,-84.80210791057189,-194.343657203525,-2.119716846512256,3.3704962698259773,3.9816384333963186,-81.01836347503703,-198.25423411598618,-83.13811640595948,-194.88389796341866,3.9815221046049705
quadratic_o_derivative_predicted,SEX_43E,42,1,307.4771991186925,-300.4012680263749,311.6990390430855,-294.61591616013214,4.221839924393002,5.785351866242753,7.161998922328683,307.81902310051447,-302.77127288272897,312.04089561062443,-296.9837588043034,7.163764841170876
quadratic_o_derivative_predicted,SEX_42E,43,1,-181.76897776258988,110.91344079358615,-180.02696113708967,112.05206307274443,1.7420166255002094,1.1386222791582847,2.0811253249419517,-185.85857458020453,111.0180114768067,-184.116771971332,112.15628160331804,2.0807535195652647
quadratic_o_derivative_predicted,SEX_41E,44,1,-183.178442740663,74.01861817521778,-184.4469109353113,72.77268461003406,-1.2684681946483227,-1.2459335651837147,1.7780219373466057,-182.86529248953295,75.20859896024919,-184.13306823589053,73.96334676759685,1.777050468151644
quadratic_o_derivative_predicted,SEX_40E,45,1,94.81769151574859,292.87486083754584,92.3653646257835,301.2673483466294,-2.4523268899650845,8.392487509083582,8.743440613704067,98.79065067065567,291.0299502801058,96.33853956150314,299.42243012043855,8.743372733792144
quadratic_o_derivative_predicted,SEX_39E,46,1,170.08469436152095,141.39523758564857,173.171902523035,138.96528126262245,3.0872081615140465,-2.4299563230261128,3.928809229821871,170.22333997014147,148.05572171699566,173.31071668029583,145.62501991561876,3.9294027787464554
quadratic_o_derivative_predicted,SEX_38E,47,1,50.81358069178339,105.77275457216284,49.916315187487385,105.9614671886493,-0.8972655042960067,0.18871261648645568,0.9168957611532138,50.33544935496328,108.03803437619533,49.43833706029128,108.22685422196753,0.9167679114198372
quadratic_o_derivative_predicted,SEX_37E,48,1,-45.82121124908348,-129.7618230698066,-46.73280321122898,-128.67802059427038,-0.911591962145506,1.0838024755362468,1.416201861115424,-46.66850438752963,-130.7837820710032,-47.58034158069214,-129.70009058583426,1.4162747974394625
quadratic_o_derivative_predicted,SEX_36E,49,1,-257.0221808722122,-192.44253466123357,-253.85296460462698,-195.9556918791036,3.1692162675851896,-3.5131572178700075,4.731406280187607,-254.52591381483074,-197.91728729715032,-251.35676047449707,-201.4301640490137,4.731155880789634
quadratic_o_derivative_predicted,SEX_35E,50,1,-49.63353701693787,114.07193247782787,-49.739439710547344,113.32801843065096,-0.10590269360947031,-0.7439140471769126,0.7514143265209116,-50.1082053141162,119.30466081486092,-50.2145217311707,118.56066011140476,0.7515585321706995
quadratic_o_derivative_predicted,SEX_34E,51,1,197.78969230251843,42.68768406602136,194.96776190524096,43.02870118556021,-2.8219303972774696,0.3410171195388482,2.8424608779888514,199.19663153610693,45.80081837287695,196.40584746530035,46.14247564203467,2.8116197145837702
quadratic_o_derivative_predicted,SEX_33E,52,1,-134.9910500582757,-75.37316289667437,-136.84349432020446,-75.21089399121479,-1.8524442619287536,0.16226890545958852,1.859537830008257,-135.67242035013385,-62.279628923445784,-137.5248979806864,-62.11741453952956,1.859566314506411
quadratic_o_derivative_predicted,SEX_32E,53,1,-273.7437504896078,-233.05912530141632,-271.677589478411,-236.864639810826,2.066161011196838,-3.805514509409695,4.330238100326315,-272.1680641571084,-233.43570572665826,-270.1019933709561,-237.24073455184157,4.329768221725975
quadratic_o_derivative_predicted,SEX_31E,54,1,339.5258999032846,5.711096918832099,342.13030079653623,5.745750230397238,2.60440089325161,0.034653311565139115,2.604631425897379,339.0183434163465,7.841661436767345,341.62567042589126,7.8762193071016,2.607556016867802
quadratic_o_derivative_predicted,SEX_30E,55,1,219.70236402688977,-39.7636712736877,217.3317628210274,-39.97253652418086,-2.3706012058623487,-0.2088652504931635,2.3797846058203658,221.63741337244448,-40.57204019219349,219.2668283791298,-40.78089190488437,2.3797672677013417
quadratic_o_derivative_predicted,SEX_29E,56,1,318.8599932196571,-332.76089279721475,315.50105375065135,-333.363655605375,-3.358939469005754,-0.6027628081602706,3.41259393414246,319.1075799771999,-335.40725858036507,315.74859546702527,-336.00796417063907,3.4122755084810454
quadratic_o_derivative_predicted,SEX_28E,57,1,284.8467308619659,252.07147706191296,281.19660896271523,267.33774987901603,-3.6501218992506836,15.266272817103054,15.696575282704474,288.94409856783994,255.0210167924274,285.29391982694983,270.287633984158,15.696923434841958
quadratic_o_derivative_predicted,SEX_27E,58,1,-276.501346548731,-250.2170009069759,-281.99313794910586,-246.908902926109,-5.491791400374859,3.308097980866899,6.411184370788825,-277.6371778013466,-246.7966955864003,-283.1286859959431,-243.4909928285975,6.409706153503906
quadratic_o_derivative_predicted,SEX_26E,59,1,-141.82342867637786,132.20568987203683,-139.78419218395115,134.29893755263254,2.039236492426701,2.0932476805957005,2.92235715208871,-141.58198189223114,135.51717850287224,-139.54265693269488,137.6102396596424,2.922285286649404
quadratic_o_derivative_predicted,SEX_25E,60,1,124.81642775829542,19.227208395812468,126.84835385975857,18.78220422591082,2.0319261014631436,-0.44500416990164726,2.080084708139806,125.7525068939601,28.031597156127308,127.78443564867752,27.58656390771052,2.0800935210811704
quadratic_o_derivative_predicted,SEX_24E,61,1,-137.04549182817865,-89.14573093231665,-135.564529130239,-91.82739513986823,1.480962697939642,-2.681664207551573,3.0634251149247747,-143.0259612838766,-86.48802281450212,-141.5449416282679,-89.16935483538035,3.0631618674967505
quadratic_o_derivative_predicted,SEX_23E,62,1,315.73803057882884,-266.5939516488173,315.0191072702523,-261.94785752066406,-0.7189233085765425,4.6460941281532655,4.701387175214874,316.671219198094,-271.41519563850414,315.95261956937685,-266.76730869442247,4.703109447095347
quadratic_o_derivative_predicted,SEX_22E,63,1,-307.08770028485964,-338.04330491983836,-301.6759926116273,-344.40272665081255,5.41170767323233,-6.359421730974197,8.350378715537909,-307.95020807703037,-338.2806660139509,-302.53815153240015,-344.6359584523095,8.34746057309244
quadratic_o_derivative_predicted,SEX_21E,64,1,105.24292208478312,-9.33332768034269,108.33907096583602,-9.10116043056439,3.0961488810528977,0.23216724977829895,3.104841304401037,104.26525975414833,-6.445728516822968,107.36188416390229,-6.2135153660888465,3.1053189340964553
quadratic_o_derivative_predicted,SEX_20E,65,1,279.1306471180771,-50.20509305355426,276.1461939721961,-50.69364985495578,-2.984453145880991,-0.4885568014015209,3.024177297738119,280.32515192330845,-52.27551186570167,277.3405265461132,-52.764436859591115,3.024406766929311
quadratic_o_derivative_predicted,SEX_19E,66,1,-220.38197220636525,-59.36989753058886,-221.98292765089752,-58.33771058574122,-1.6009554445322867,1.0321869448476362,1.9048538590903683,-222.9778812201122,-63.15514361549564,-224.57079252427235,-62.12873090820666,1.894964239400161
quadratic_o_derivative_predicted,SEX_18E,67,1,169.46693828742767,-269.8663364893998,168.45588957603368,-275.34841910409745,-1.0110487113939757,-5.482082614697593,5.574535791541841,170.62961237720964,-268.77930240295376,169.61877329594657,-274.2616636022316,5.574771741296276
quadratic_o_derivative_predicted,SEX_17E,68,1,113.23510859121687,249.06145553895743,115.81919787504627,245.6738395087586,2.5840892838294085,-3.387616030198844,4.260687713839417,112.80231305993411,251.69679408899506,115.38561802390065,248.3081409483784,4.261036803908816
quadratic_o_derivative_predicted,SEX_16E,69,1,193.62720363433078,343.4609812527521,191.17426610703197,349.1464916636152,-2.4529375272988054,5.685510410863108,6.192086170658768,197.58615212452912,348.8850446017207,195.13419979003547,354.5717860523646,6.192826380345282
quadratic_o_derivative_predicted,SEX_15E,70,1,-47.86828938490449,-225.60720315843864,-49.548714558306365,-222.8718800430131,-1.6804251734018745,2.7353231154255493,3.2102681054989866,-51.44319385520666,-224.8287964970763,-53.134297090248324,-222.09640896329694,3.213373894572701
quadratic_o_derivative_predicted,SEX_14E,71,1,-76.5307577472186,-186.87320352279232,-75.20793578626713,-188.0768456558201,1.322821960951463,-1.2036421330277896,1.7884664729245447,-78.61629409965356,-190.87820620807796,-77.28884247948677,-192.07679710801116,1.7885043889479562
quadratic_o_derivative_predicted,SEX_13E,72,1,-17.060542094856846,256.9469611706423,-18.3351418298925,253.79584426451302,-1.2745997350356526,-3.151116906129265,3.399138455645287,-17.020619351001585,260.7309186890307,-18.295575233542234,257.5798411076266,3.3992355650134747
quadratic_o_derivative_predicted,SEX_12E,73,1,72.89764851156983,-187.97720926031522,71.73222451564315,-191.6861334592452,-1.1654239959266726,-3.708924198930004,3.887715499324798,73.67130649291816,-184.9088933937355,72.53530073061198,-188.6277446315772,3.888491175403339
quadratic_o_derivative_predicted,SEX_11E,74,1,335.0645074690009,135.58424665209506,339.88613607439623,134.5064749860841,4.821628605395343,-1.0777716660109466,4.940616780567246,335.1325450468323,133.44642188670687,339.9553800549463,132.3675263929713,4.942039356570612
quadratic_o_derivative_predicted,SEX_10AE,75,1,21.752425105752845,116.69939569236321,21.852159791074676,117.55806102139178,0.09973468532182975,0.8586653290285762,0.8644380571978523,29.43471705225129,119.26282354763151,29.534395594918585,120.12146828661668,0.8644111288357985
quadratic_o_derivative_predicted,SEX_09AE,76,1,-179.91101920982948,299.6342479108496,-178.27212778535738,308.05473011160296,1.6388914244720938,8.420482200753371,8.578489703579091,-176.9947137834956,293.0701331283445,-175.35461534806333,301.48839662624385,8.576542613312927
chain_rule_o_derivative_predicted,SEX_09AW,1,1,-159.92864014096077,165.12848489857137,-161.42167545466438,163.15586105709068,-1.493035313703629,-1.9726238414806851,2.4739440713047878,-164.44292724558935,170.23477480632752,-165.9357648519261,168.25600314207145,2.4787297993440354
chain_rule_o_derivative_predicted,SEX_10W,2,1,179.95127510638562,-215.99891971497928,185.21973568315767,-220.2466821458566,5.268460576772038,-4.247762430877304,6.76758173339442,177.5019025021509,-212.05176189671838,182.7692733304198,-216.2928976829709,6.762575559646649
chain_rule_o_derivative_predicted,SEX_10AW,3,1,227.30130422117387,-219.76742860669157,228.9776846714217,-217.32679717648688,1.6763804502478459,2.4406314302046828,2.960900739990472,226.23103698239794,-223.00425739292385,227.9070583478996,-220.56299622324732,2.9612165939337207
chain_rule_o_derivative_predicted,SEX_12W,4,1,111.16074210776075,50.89917041431443,111.26423600627245,49.631711753059434,0.1034938985116973,-1.2674586612549992,1.271677020716921,113.82059441713355,50.20947658857351,113.92630947637605,48.94368684363275,1.2701965801197277
chain_rule_o_derivative_predicted,SEX_13W,5,1,144.2813196100936,-335.9701885333384,140.41070808469794,-339.53063932501203,-3.870611525395645,-3.560450791673629,5.259129530678529,144.8679567752435,-334.56756844272326,140.99201280879697,-338.12593498461985,5.26164556745533
chain_rule_o_derivative_predicted,SEX_14W,6,1,270.9504871485135,196.8529448090757,274.6732265801489,195.16556972936593,3.7227394316353903,-1.6873750797097764,4.087300274689708,271.3438367980622,196.7905902403648,275.05889789520546,195.11658935418362,4.074795445472383
chain_rule_o_derivative_predicted,SEX_15W,7,1,204.2724171702461,-317.3662127174877,201.29819954383476,-321.2440010001492,-2.9742176264113196,-3.8777882826614802,4.887045370610187,202.39132311269046,-314.72223213451025,199.4024899727006,-318.558854005278,4.863413504726413
chain_rule_o_derivative_predicted,SEX_16W,8,1,-87.22225037625759,139.5500357016768,-87.96619195981184,136.686830850901,-0.7439415835542386,-2.8632048507757766,2.9582750205562576,-92.63426826533605,138.1015493251615,-93.3818472326886,135.240862479075,2.9567555772840306
chain_rule_o_derivative_predicted,SEX_17W,9,1,88.11072913846165,336.43476666389677,80.40617148138327,342.94358092984413,-7.704557657078385,6.508814265947379,10.085874867350144,87.89619748053033,331.43890608758613,80.18531085397952,337.9433941395303,10.087920369699837
chain_rule_o_derivative_predicted,SEX_18W,10,1,86.46734115943048,-85.01975449085874,82.143982284817,-80.26995444336889,-4.323358874613477,4.749800047489851,6.422774513388563,86.62386689221555,-84.1060673006528,82.30023475235231,-79.3565248266816,6.422767985293793
chain_rule_o_derivative_predicted,SEX_19W,11,1,192.10617447474135,-1.1416141395201969,195.0489611627612,-1.33040347993602,2.9427866880198486,-0.18878934041582338,2.948836195220323,189.80749768846735,-7.565623735603965,192.75562148865572,-7.754430195823956,2.95416347222999
chain_rule_o_derivative_predicted,SEX_20W,12,1,-93.57823965767038,187.37501383834714,-94.09187214856013,184.52126287751736,-0.5136324908897407,-2.8537509608297973,2.8996056425201324,-95.66345286566084,187.9554248578354,-96.17599431066374,185.10114883763464,2.8999293667844226
chain_rule_o_derivative_predicted,SEX_21W,13,1,182.73422543368665,127.1639562452907,182.3736106634451,128.48385138056585,-0.36061477024155303,1.3198951352751533,1.368271237963944,182.53643660054558,117.400569990707,182.1778846855986,118.71604732535722,1.3634662055550208
chain_rule_o_derivative_predicted,SEX_22W,14,1,295.872833791315,16.31547039398482,302.2844264406376,16.946018506299634,6.411592649322633,0.6305481123148152,6.442523668780099,299.43561588347416,13.85884767150467,305.8412247450752,14.489983490061496,6.436626236568884
chain_rule_o_derivative_predicted,SEX_23W,15,1,247.79684977255494,-80.04354705607172,250.8519907638269,-81.65139897512,3.055140991271952,-1.607851919048286,3.452401232495641,247.10911507987436,-80.73344426724805,250.16770326602568,-82.33794324199951,3.453893260140356
chain_rule_o_derivative_predicted,SEX_24W,16,1,202.28605968292905,-292.145432721913,203.75076482417393,-276.2285131027479,1.4647051412448853,15.916919619165094,15.984170022674055,204.74388219127647,-291.30581274690735,206.20962257367984,-275.3957568066526,15.977430171671658
chain_rule_o_derivative_predicted,SEX_25W,17,1,326.6014803341537,223.5498128514862,320.5999302211215,223.44012532974583,-6.001550113032166,-0.10968752174036686,6.002552383083545,328.01261249637764,228.40776579955855,322.0131166192567,228.29180918935498,6.000616361261623
chain_rule_o_derivative_predicted,SEX_26W,18,1,-262.9392552695921,-240.1804770289665,-265.7499987481051,-241.44197978177766,-2.8107434785130296,-1.2615027528111844,3.080855091910965,-263.81458223409663,-238.80186278518468,-266.62673622199685,-240.0599996071844,3.080765864932728
chain_rule_o_derivative_predicted,SEX_27W,19,1,292.08709004046875,307.74978274763066,286.97221678797644,312.20748449912855,-5.114873252492309,4.4577017514978685,6.78476479285527,290.5971520580682,304.1456195285047,285.480608427354,308.5898201187825,6.777162947106042
chain_rule_o_derivative_predicted,SEX_28W,20,1,-193.58564641456005,-232.0999300966925,-195.16249418544078,-224.55040702330382,-1.5768477708807451,7.549523073388672,7.712441087500086,-198.11207089990128,-233.97641928826644,-199.68713748535,-226.42541770935415,7.713524459890742
chain_rule_o_derivative_predicted,SEX_29W,21,1,224.5025568570844,63.15536856328728,221.50885104660009,63.6483541753667,-2.993705810484294,0.49298561207941366,3.0340252624928388,225.0140095020821,60.563474749043884,222.02325814697846,61.054440550049485,3.0307822564168756
chain_rule_o_derivative_predicted,SEX_30W,22,1,-220.94539809374385,19.79264158071054,-225.26557473652701,19.768514955370215,-4.320176642783177,-0.02412662534032834,4.3202440114997716,-217.12710565977898,16.173475545625696,-221.44732935544482,16.14934024282946,4.320291112116603
chain_rule_o_derivative_predicted,SEX_31W,23,1,-5.958879115605153,-29.50490323300744,-6.699237353435588,-29.481002937153978,-0.7403582378304351,0.023900295853461723,0.7407439128776355,-7.088408397386448,-30.67822939559093,-7.8296682433047,-30.654351535017387,0.7416443294439192
chain_rule_o_derivative_predicted,SEX_32W,24,1,11.00836147882609,276.41470104857456,10.617841957861687,272.55782161765467,-0.390519520964405,-3.8568794309199035,3.8765995977025156,12.573191122045623,277.49751586456006,12.185016429971501,273.6407094273065,3.8762914604048233
chain_rule_o_derivative_predicted,SEX_33W,25,1,-344.94245376866894,-258.8567328409007,-339.38068513706196,-261.90436329227117,5.561768631606994,-3.047630451370471,6.342028199215777,-343.36088444655496,-248.1310015915541,-337.7967852903263,-251.1876630822142,6.348415462840249
chain_rule_o_derivative_predicted,SEX_34W,26,1,329.9062522751772,327.78692995996084,332.4854896658365,322.0655190687918,2.579237390659271,-5.721410891169106,6.275906954613278,323.2141865728632,331.79429545784194,325.79605991513995,326.09010229637624,6.261300949393152
chain_rule_o_derivative_predicted,SEX_35W,27,1,-333.86806430931733,122.9015876831949,-335.40374586708583,125.49369003430442,-1.535681557768493,2.5921023511095127,3.0128578535167785,-332.0727166161641,124.09642925768216,-333.6069738605192,126.68938233369276,3.0128642429172015
chain_rule_o_derivative_predicted,SEX_36W,28,1,207.6922738105197,-25.822996633678656,209.10740742751764,-25.50195537668062,1.4151336169979176,0.32104125699803404,1.4510929131700998,206.32908978022022,-27.69852107145163,207.7428573042723,-27.377622631429766,1.4497290853372495
chain_rule_o_derivative_predicted,SEX_37W,29,1,-256.8271941792112,187.41237876641262,-251.31937940238544,189.92121784865435,5.507814776825733,2.508839082241755,6.052296849659933,-256.58091490295436,184.56515839650191,-251.07128542823904,187.07613391287535,6.054834018573795
chain_rule_o_derivative_predicted,SEX_38W,30,1,76.66420208088688,141.93620468303396,75.57984634817925,140.37117047595646,-1.0843557327076325,-1.5650342070774945,1.9039851428985963,73.18637174342766,140.44596590732866,72.10341278822999,138.88180284918872,1.9024736978713932
chain_rule_o_derivative_predicted,SEX_39W,31,1,67.97543658044252,117.72501797339741,67.5303718062805,119.52764127161065,-0.44506477416201334,1.8026232982132346,1.8567534592565174,68.1488667677876,116.43245183412387,67.70192848370263,118.23423763694771,1.856390559402406
chain_rule_o_derivative_predicted,SEX_40W,32,1,-259.72436762069776,293.77384137690643,-263.99139454907925,286.7512799756583,-4.267026928381527,-7.022561401248163,8.217291977399467,-261.0658896360231,292.14788114096433,-265.33307258792433,285.1260525046032,8.21674678588906
chain_rule_o_derivative_predicted,SEX_41W,33,1,-301.16765666424413,-161.19551111329451,-298.49613771213944,-162.5568073056803,2.671518952104693,-1.3612961923858198,2.998356355548601,-301.83843886820875,-162.043137757084,-299.16189448012136,-163.41307400412526,3.00676157723883
chain_rule_o_derivative_predicted,SEX_42W,34,1,-315.33451770363655,-144.99162789492664,-317.8580872682815,-142.49736487168215,-2.5235695646449487,2.494263023244481,3.5482039649274664,-317.6086179758694,-146.14178961892642,-320.1348162087672,-143.64418261082213,3.5524242819274403
chain_rule_o_derivative_predicted,SEX_43W,35,1,-336.9541540919942,-216.8848665155885,-330.27175806749057,-220.23867519260222,6.682396024503651,-3.353808677013719,7.476794050280823,-337.0713049537888,-213.7797840236517,-330.38662207109377,-217.1415143406323,7.482393732376171
chain_rule_o_derivative_predicted,SEX_44W,36,1,315.83446789296613,110.72376437817665,306.7599537575052,112.79452388262693,-9.074514135460959,2.0707595044502702,9.307784468924485,317.23196416559074,112.21445278693017,308.1638857086609,114.2825918422039,9.300927160933087
chain_rule_o_derivative_predicted,SEX_45W,37,1,-333.8235796224767,173.80123568844806,-336.64043915044596,173.47836784401696,-2.8168595279692474,-0.3228678444311124,2.835302672604589,-333.4127626469296,175.8835257588616,-336.2376650997802,175.54418353044645,2.8452112427914695
chain_rule_o_derivative_predicted,SEX_47W,38,1,-221.74824256327358,97.78920188123108,-225.30522609684112,95.57438218390335,-3.556983533567541,-2.214819697327717,4.190173999936216,-220.47152824255295,99.03244379343816,-224.04366753621366,96.80079369817038,4.211940322585735
chain_rule_o_derivative_predicted,SEX_47E,39,1,-33.82754739593029,108.02615412215195,-32.79515559649479,110.79074010129072,1.0323917994354987,2.7645859791387632,2.951062260202638,-33.615275724730445,103.50806887843557,-32.58029716673115,106.2716940315507,2.9510683832213975
chain_rule_o_derivative_predicted,SEX_45E,40,1,277.0280053006083,-311.90552491486545,272.8828527194026,-313.25160221833477,-4.145152581205695,-1.346077303469341,4.35823519654361,279.6526076348776,-311.7312249054906,275.522773068359,-313.10836028432317,4.353393549685618
chain_rule_o_derivative_predicted,SEX_44E,41,1,-82.68239106405964,-197.714153473351,-84.23898655765399,-194.23434006305493,-1.5565954935943462,3.47981341029604,3.812097965839071,-81.01836347503703,-198.25423411598618,-82.57499505304158,-194.7745808229486,3.811966540958647
chain_rule_o_derivative_predicted,SEX_43E,42,1,307.4771991186925,-300.4012680263749,311.71377590216963,-294.47747191790785,4.236576783477118,5.923796108467036,7.282852681263471,307.81902310051447,-302.77127288272897,312.05563246970854,-296.8453145620791,7.284630461816294
chain_rule_o_derivative_predicted,SEX_42E,43,1,-181.76897776258988,110.91344079358615,-179.03401278352487,111.80109489232247,2.734964979065002,0.8876540987363225,2.875406620934754,-185.85857458020453,111.0180114768067,-183.12382361776721,111.90531342289607,2.875094358466482
chain_rule_o_derivative_predicted,SEX_41E,44,1,-183.178442740663,74.01861817521778,-184.11665477573314,72.66458199218825,-0.9382120350701355,-1.3540361830295418,1.64731776160632,-182.86529248953295,75.20859896024919,-183.80281207631234,73.85524414975103,1.6463633313134514
chain_rule_o_derivative_predicted,SEX_40E,45,1,94.81769151574859,292.87486083754584,94.38405712150373,301.9412204760511,-0.4336343942448599,9.066359638505293,9.076723851841585,98.79065067065567,291.0299502801058,98.35723205722337,300.09630224986023,9.076705885613965
chain_rule_o_derivative_predicted,SEX_39E,46,1,170.08469436152095,141.39523758564857,174.04845889601899,138.86497272675243,3.9637645344980226,-2.530264858896145,4.702517362127337,170.22333997014147,148.05572171699566,174.1872730532798,145.52471137974874,4.7030605795427824
chain_rule_o_derivative_predicted,SEX_38E,47,1,50.81358069178339,105.77275457216284,46.19885967565571,105.7794130514333,-4.614721016127683,0.006658479270458596,4.614725819811694,50.33544935496328,108.03803437619533,45.72088154845961,108.04480008475153,4.614572766316766
chain_rule_o_derivative_predicted,SEX_37E,48,1,-45.82121124908348,-129.7618230698066,-46.00771449139964,-128.76817409437444,-0.1865032423161605,0.9936489754321727,1.0110003688287394,-46.66850438752963,-130.7837820710032,-46.85525286086279,-129.79024408593833,1.010936555902031
chain_rule_o_derivative_predicted,SEX_36E,49,1,-257.0221808722122,-192.44253466123357,-255.14401130608925,-196.46324100988448,1.8781695661228868,-4.020706348650908,4.437747228176922,-254.52591381483074,-197.91728729715032,-252.64780717595937,-201.93771317979463,4.437466487175853
chain_rule_o_derivative_predicted,SEX_35E,50,1,-49.63353701693787,114.07193247782787,-49.53443518699325,113.42671785294384,0.09910182994462322,-0.645214624884032,0.6527810389882776,-50.1082053141162,119.30466081486092,-50.00951720761661,118.65935953369764,0.6528040179375815
chain_rule_o_derivative_predicted,SEX_34E,51,1,197.78969230251843,42.68768406602136,194.34919349438135,42.95038131960294,-3.4404988081370824,0.262697253581578,3.450513280054431,199.19663153610693,45.80081837287695,195.78727905444075,46.0641557760774,3.4195074107490777
chain_rule_o_derivative_predicted,SEX_33E,52,1,-134.9910500582757,-75.37316289667437,-137.91460230442905,-75.38261772565987,-2.923552246153347,-0.009454828985488647,2.9235675346705134,-135.67242035013385,-62.279628923445784,-138.596005964911,-62.28913827397464,2.9236010799490755
chain_rule_o_derivative_predicted,SEX_32E,53,1,-273.7437504896078,-233.05912530141632,-270.9975424853583,-236.75548014794933,2.7462080042495436,-3.6963548465330165,4.604855866809772,-272.1680641571084,-233.43570572665826,-269.4219463779034,-237.1315748889649,4.604412201590475
chain_rule_o_derivative_predicted,SEX_31E,54,1,339.5258999032846,5.711096918832099,341.69739093775826,5.743822160135686,2.171491034473638,0.03272524130358687,2.1717376117334637,339.0183434163465,7.841661436767345,341.1927605671133,7.874291236840048,2.174661962099256
chain_rule_o_derivative_predicted,SEX_30E,55,1,219.70236402688977,-39.7636712736877,217.62362259961475,-40.00563635067852,-2.0787414272750193,-0.2419650769908222,2.0927763903371424,221.63741337244448,-40.57204019219349,219.55868815771714,-40.81399173138203,2.0927587213195418
chain_rule_o_derivative_predicted,SEX_29E,56,1,318.8599932196571,-332.76089279721475,315.91449091126367,-333.36042375103955,-2.9455023083934133,-0.5995309538247965,3.0058977383379157,319.1075799771999,-335.40725858036507,316.1620326276376,-336.0047323163036,3.0055322413259544
chain_rule_o_derivative_predicted,SEX_28E,57,1,284.8467308619659,252.07147706191296,281.7714099302619,268.37006035133624,-3.075320931704016,16.298583289423256,16.586181479630685,288.94409856783994,255.0210167924274,285.86872079449654,271.3199444564782,16.58653042220511
chain_rule_o_derivative_predicted,SEX_27E,58,1,-276.501346548731,-250.2170009069759,-281.31448212808857,-246.98633831790562,-4.813135579357525,3.230662589070261,5.796848701639147,-277.6371778013466,-246.7966955864003,-282.45003017492576,-243.56842822039414,5.795278954139071
chain_rule_o_derivative_predicted,SEX_26E,59,1,-141.82342867637786,132.20568987203683,-138.46258956825895,134.0319576186763,3.3608391081188937,1.826267746639468,3.824982796441966,-141.58198189223114,135.51717850287224,-138.22105431700268,137.34325972568615,3.82497147678837
chain_rule_o_derivative_predicted,SEX_25E,60,1,124.81642775829542,19.227208395812468,129.1834552088634,18.827049327378575,4.367027450567963,-0.40015906843389365,4.385322797020078,125.7525068939601,28.031597156127308,130.11953699778235,27.63140900917827,4.385328092702773
chain_rule_o_derivative_predicted,SEX_24E,61,1,-137.04549182817865,-89.14573093231665,-143.14074296871,-92.89186456207129,-6.095251140531319,-3.746133629754642,7.1544114809065205,-143.0259612838766,-86.48802281450212,-149.12115546673888,-90.23382425758341,7.154189023068089
chain_rule_o_derivative_predicted,SEX_23E,62,1,315.73803057882884,-266.5939516488173,315.8235256471133,-261.52156493178734,0.08549506828447323,5.072386717029989,5.073107175469806,316.671219198094,-271.41519563850414,316.75703794623786,-266.34101610554575,5.074905200122174
chain_rule_o_derivative_predicted,SEX_22E,63,1,-307.08770028485964,-338.04330491983836,-300.89732818760046,-342.8395663992671,6.190372097259139,-4.796261479428712,7.8310172315974516,-307.95020807703037,-338.2806660139509,-301.7594871083734,-343.07279820076405,7.8287647178632165
chain_rule_o_derivative_predicted,SEX_21E,64,1,105.24292208478312,-9.33332768034269,111.47544021929767,-9.069693597209179,6.232518134514559,0.26363408313351056,6.238091473106377,104.26525975414833,-6.445728516822968,110.49825341736396,-6.182048532733634,6.2385685168711165
chain_rule_o_derivative_predicted,SEX_20E,65,1,279.1306471180771,-50.20509305355426,279.5545572096159,-51.12724505058726,0.4239100915387982,-0.9221519970330043,1.0149207217021388,280.32515192330845,-52.27551186570167,280.748889783533,-53.1980320552226,1.0151833697718782
chain_rule_o_derivative_predicted,SEX_19E,66,1,-220.38197220636525,-59.36989753058886,-221.3683471625445,-58.56543173960581,-0.9863749561792717,0.8044657909830422,1.2728317889806302,-222.9778812201122,-63.15514361549564,-223.9562120359193,-62.356452062071256,1.2629486856833196
chain_rule_o_derivative_predicted,SEX_18E,67,1,169.46693828742767,-269.8663364893998,165.0375458124678,-272.77569345675136,-4.429392474959861,-2.9093569673515067,5.299422200646765,170.62961237720964,-268.77930240295376,166.2004295323807,-271.6889379548855,5.299399939426357
chain_rule_o_derivative_predicted,SEX_17E,68,1,113.23510859121687,249.06145553895743,113.59527570987625,246.3269300033249,0.360167118659382,-2.73452553563254,2.758142537721688,112.80231305993411,251.69679408899506,113.16169585873062,248.9612314429447,2.7590684997906365
chain_rule_o_derivative_predicted,SEX_16E,69,1,193.62720363433078,343.4609812527521,190.3791820020153,348.2697844409545,-3.2480216323154796,4.808803188202388,5.802950338134454,197.58615212452912,348.8850446017207,194.3391156850188,353.6950788297039,5.803419243332133
chain_rule_o_derivative_predicted,SEX_15E,70,1,-47.86828938490449,-225.60720315843864,-50.172460913251086,-222.70119390417145,-2.3041715283465973,2.9060092542671954,3.7086515363309176,-51.44319385520666,-224.8287964970763,-53.75804344519305,-221.92572282445528,3.712999511570863
chain_rule_o_derivative_predicted,SEX_14E,71,1,-76.5307577472186,-186.87320352279232,-72.03716494150423,-187.81388583566277,4.493592805714361,-0.9406823128704571,4.590997660347385,-78.61629409965356,-190.87820620807796,-74.11807163472388,-191.81383728785383,4.594497890024612
chain_rule_o_derivative_predicted,SEX_13E,72,1,-17.060542094856846,256.9469611706423,-18.094669509611453,253.75802858964175,-1.034127414754607,-3.188932581000539,3.3524186069334787,-17.020619351001585,260.7309186890307,-18.055102913261187,257.54202543275534,3.352491079854477
chain_rule_o_derivative_predicted,SEX_12E,73,1,72.89764851156983,-187.97720926031522,72.63739430466616,-191.80110619598045,-0.26025420690365625,-3.8238969356652466,3.8327431464684816,73.67130649291816,-184.9088933937355,73.440470519635,-188.74271736831244,3.8407670476875584
chain_rule_o_derivative_predicted,SEX_11E,74,1,335.0645074690009,135.58424665209506,340.31066715169646,134.6639371578597,5.246159682695597,-0.9203094942353729,5.3262708325357,335.1325450468323,133.44642188670687,340.37991113224655,132.5249885647469,5.3276533484428175
chain_rule_o_derivative_predicted,SEX_10AE,75,1,21.752425105752845,116.69939569236321,21.34202216313679,117.54153282750102,-0.41040294261605575,0.8421371351378026,0.9368167001532494,29.43471705225129,119.26282354763151,29.024257966980695,120.1049400927259,0.9368227880463259
chain_rule_o_derivative_predicted,SEX_09AE,76,1,-179.91101920982948,299.6342479108496,-178.47332216801934,308.4330716017132,1.4376970418101154,8.798823690863637,8.915507339850759,-176.9947137834956,293.0701331283445,-175.55580973072531,301.86673811635416,8.913512449542832
o_taylor_order3_nominal_local,SEX_09AW,1,1,-159.92864014096077,165.12848489857137,-152.17271688508185,170.1582146929798,7.755923255878917,5.029729794408453,9.244053621428401,-164.44292724558935,170.23477480632752,-156.68680628234355,175.25835677796059,9.240875944531297
o_taylor_order3_nominal_local,SEX_10W,2,1,179.95127510638562,-215.99891971497928,170.4167128274921,-230.97981916186004,-9.53456227889351,-14.980899446880741,17.757680763197953,177.5019025021509,-212.05176189671838,167.96625047475425,-227.02603469897434,17.752676010787123
o_taylor_order3_nominal_local,SEX_10AW,3,1,227.30130422117387,-219.76742860669157,210.39183423513057,-242.37579633041676,-16.909469986043284,-22.60836772372519,28.232401002041566,226.23103698239794,-223.00425739292385,209.32120791160847,-245.61199537717724,28.232111787253356
o_taylor_order3_nominal_local,SEX_12W,4,1,111.16074210776075,50.89917041431443,71.6252262280952,81.19113016972493,-39.53551587966556,30.291959755410485,49.806222921385,113.82059441713355,50.20947658857351,74.2872996981988,80.50310526029823,49.805474894177
o_taylor_order3_nominal_local,SEX_13W,5,1,144.2813196100936,-335.9701885333384,129.9372490744664,-314.44021442528725,-14.344070535627182,21.52997410805117,25.87068117820638,144.8679567752435,-334.56756844272326,130.51855379856542,-313.035510084895,25.875372517357466
o_taylor_order3_nominal_local,SEX_14W,6,1,270.9504871485135,196.8529448090757,255.1678987811483,191.060973283711,-15.782588367365182,-5.791971525364686,16.811812208216164,271.3438367980622,196.7905902403648,255.55357009620488,191.01199290852873,16.814419693801135
o_taylor_order3_nominal_local,SEX_15W,7,1,204.2724171702461,-317.3662127174877,239.02488847883515,-287.5215633415807,34.75247130858909,29.844649375907004,45.808703959238294,202.39132311269046,-314.72223213451025,237.129178907701,-284.83641634670954,45.82445428521006
o_taylor_order3_nominal_local,SEX_16W,8,1,-87.22225037625759,139.5500357016768,-64.86035680814683,108.66831260801024,22.361893568110766,-30.881723093666544,38.12787832000898,-92.63426826533605,138.1015493251615,-70.27601208102358,107.2223442361842,38.123705571867845
o_taylor_order3_nominal_local,SEX_17W,9,1,88.11072913846165,336.43476666389677,106.1672106671783,298.2285790274648,18.056481528716645,-38.20618763643194,42.25812701607976,87.89619748053033,331.43890608758613,105.94635003977454,293.228392237151,42.25933478092486
o_taylor_order3_nominal_local,SEX_18W,10,1,86.46734115943048,-85.01975449085874,73.8091076775582,-61.50773654295272,-12.658233481872264,23.51201794790602,26.702918620709738,86.62386689221555,-84.1060673006528,73.96536014509351,-60.594306926265425,26.702821367217854
o_taylor_order3_nominal_local,SEX_19W,11,1,192.10617447474135,-1.1416141395201969,165.8030410711958,-1.2221242824044112,-26.303133403545544,-0.08051014288421438,26.303256618293876,189.80749768846735,-7.565623735603965,163.50970139709034,-7.646150998292349,26.297919583548786
o_taylor_order3_nominal_local,SEX_20W,12,1,-93.57823965767038,187.37501383834714,-116.2934361806915,152.78498261925048,-22.715196523021124,-34.59003121909668,41.38176425453069,-95.66345286566084,187.9554248578354,-118.37755834279513,153.36486857936777,41.38160426179993
o_taylor_order3_nominal_local,SEX_21W,13,1,182.73422543368665,127.1639562452907,142.39640504350612,108.50120397185113,-40.33782039018053,-18.66275227343958,44.44590055618446,182.53643660054558,117.400569990707,142.2006790656596,98.7333999166425,44.44588366190011
o_taylor_order3_nominal_local,SEX_22W,14,1,295.872833791315,16.31547039398482,238.70034470698036,17.891063764744136,-57.172489084334636,1.5755933707593144,57.19419553213721,299.43561588347416,13.85884767150467,242.25714301141792,15.435028748505994,57.20019324065234
o_taylor_order3_nominal_local,SEX_23W,15,1,247.79684977255494,-80.04354705607172,293.05538511374124,-64.53192698871213,45.25853534118632,15.51162006735958,47.842924015401934,247.10911507987436,-80.73344426724805,292.3710976159401,-65.21847125559165,47.84727213381701
o_taylor_order3_nominal_local,SEX_24W,16,1,202.28605968292905,-292.145432721913,178.590126978728,-307.2103347346188,-23.695932704201045,-15.06490201270581,28.07932512320145,204.74388219127647,-291.30581274690735,181.0489847282339,-306.3775784385235,28.082134656166694
o_taylor_order3_nominal_local,SEX_25W,17,1,326.6014803341537,223.5498128514862,350.0978060779725,267.12963809673954,23.496325743818822,43.57982524525332,49.51038771678587,328.01261249637764,228.40776579955855,351.51099247610773,271.98132195634867,49.505844683438326
o_taylor_order3_nominal_local,SEX_26W,18,1,-262.9392552695921,-240.1804770289665,-222.32710990834974,-261.7806364968891,40.61214536124237,-21.6001594679226,45.99905694557625,-263.81458223409663,-238.80186278518468,-223.20384738224143,-260.39865632229584,45.99623110964952
o_taylor_order3_nominal_local,SEX_27W,19,1,292.08709004046875,307.74978274763066,332.02365802677485,293.9653088402373,39.936567986306116,-13.784473907393393,42.24856427653442,290.5971520580682,304.1456195285047,330.53204966615243,290.3476444598912,42.25139243814638
o_taylor_order3_nominal_local,SEX_28W,20,1,-193.58564641456005,-232.0999300966925,-166.5597710738276,-244.93167534973549,27.025875340732455,-12.831745253042993,29.9174133937378,-198.11207089990128,-233.97641928826644,-171.0844143737368,-246.80668603578582,29.91838836081956
o_taylor_order3_nominal_local,SEX_29W,21,1,224.5025568570844,63.15536856328728,181.69954218140475,81.32590548913515,-42.80301467567962,18.17053692584787,46.5001771770823,225.0140095020821,60.563474749043884,182.21394928178313,78.73199186381794,46.49666836463722
o_taylor_order3_nominal_local,SEX_30W,22,1,-220.94539809374385,19.79264158071054,-208.8450781225864,18.439661755535028,12.100319971157475,-1.352979825175514,12.175725761190764,-217.12710565977898,16.173475545625696,-205.02683274150417,14.820487042994273,12.175679963968646
o_taylor_order3_nominal_local,SEX_31W,23,1,-5.958879115605153,-29.50490323300744,-3.028328640100412,-19.27734079154609,2.930550475504741,10.227562441461346,10.639133403782088,-7.088408397386448,-30.67822939559093,-4.158759529969524,-20.450689389409497,10.638863523158804
o_taylor_order3_nominal_local,SEX_32W,24,1,11.00836147882609,276.41470104857456,-8.950030257909871,248.38459989392206,-19.958391736735962,-28.030101154652485,34.40964939456752,12.573191122045623,277.49751586456006,-7.382855785800057,249.46748770357388,34.40822992968126
o_taylor_order3_nominal_local,SEX_33W,25,1,-344.94245376866894,-258.8567328409007,-351.11982562285715,-268.9459312526076,-6.177371854188181,-10.08919841170684,11.830124581580034,-343.36088444655496,-248.1310015915541,-349.5359257761215,-258.22923104255057,11.836611570328149
o_taylor_order3_nominal_local,SEX_34W,26,1,329.9062522751772,327.78692995996084,323.2743768963895,340.3389886597916,-6.631875378787738,12.552058699830733,14.196335747078095,323.2141865728632,331.79429545784194,316.5849471456929,344.3635718873761,14.210331640915022
o_taylor_order3_nominal_local,SEX_35W,27,1,-333.86806430931733,122.9015876831949,-351.5717157911516,139.7287747015919,-17.703651481834235,16.82718701839699,24.424854119162305,-332.0727166161641,124.09642925768216,-349.77494378458493,140.92446700098023,24.424407894813804
o_taylor_order3_nominal_local,SEX_36W,28,1,207.6922738105197,-25.822996633678656,201.85603152119185,-39.56696501002431,-5.836242289327846,-13.743968376345654,14.931791278668749,206.32908978022022,-27.69852107145163,200.49148139794653,-41.44263226477346,14.93245673421445
o_taylor_order3_nominal_local,SEX_37W,29,1,-256.8271941792112,187.41237876641262,-259.7379986534775,207.95740225983687,-2.9108044742663477,20.54502349342426,20.750199349229487,-256.58091490295436,184.56515839650191,-259.4899046793311,205.11231832405787,20.752060201522774
o_taylor_order3_nominal_local,SEX_38W,30,1,76.66420208088688,141.93620468303396,53.71877417279514,128.28251395743354,-22.945427908091737,-13.653690725600415,26.700485619474826,73.18637174342766,140.44596590732866,50.24234061284588,126.7931463306658,26.69883980464345
o_taylor_order3_nominal_local,SEX_39W,31,1,67.97543658044252,117.72501797339741,36.99717422939044,86.12916761761103,-30.978262351052077,-31.595850355786382,44.248734422533005,68.1488667677876,116.43245183412387,37.16873090681257,84.8357639829481,44.25064407586753
o_taylor_order3_nominal_local,SEX_40W,32,1,-259.72436762069776,293.77384137690643,-241.70635031858805,303.163238041074,18.018017302109687,9.38939666416755,20.317719291697205,-261.0658896360231,292.14788114096433,-243.04802835743314,301.5380105700189,20.31791957236045
o_taylor_order3_nominal_local,SEX_41W,33,1,-301.16765666424413,-161.19551111329451,-261.3243540385671,-195.12260438122894,39.84330262567703,-33.927093267934445,52.331027333049796,-301.83843886820875,-162.043137757084,-261.990110806549,-195.9788710796739,52.34045515136068
o_taylor_order3_nominal_local,SEX_42W,34,1,-315.33451770363655,-144.99162789492664,-289.5809387270357,-155.49735547344645,25.75357897660087,-10.505727578519794,27.813973863115816,-317.6086179758694,-146.14178961892642,-291.85766766752135,-156.6441732125864,27.810276930145573
o_taylor_order3_nominal_local,SEX_43W,35,1,-336.9541540919942,-216.8848665155885,-325.441210544204,-261.97968968498407,11.512943547790174,-45.094823169395546,46.54128216770201,-337.0713049537888,-213.7797840236517,-325.5560745478072,-258.88252883301413,46.54952331271839
o_taylor_order3_nominal_local,SEX_44W,36,1,315.83446789296613,110.72376437817665,336.14110862484245,112.80656719273892,20.306640731876293,2.082802814562263,20.413175288960947,317.23196416559074,112.21445278693017,337.5450405759982,114.29463515231589,20.419310270631414
o_taylor_order3_nominal_local,SEX_45W,37,1,-333.8235796224767,173.80123568844806,-309.37671342282744,191.4364372426128,24.446866199649296,17.635201554164745,30.143815299984336,-333.4127626469296,175.8835257588616,-308.9739393721616,193.5022529290423,30.12765557013364
o_taylor_order3_nominal_local,SEX_47W,38,1,-221.74824256327358,97.78920188123108,-202.2274391692323,93.60469708821009,19.52080339404129,-4.184504793020981,19.964264211626475,-220.47152824255295,99.03244379343816,-200.96588060860483,94.83110860247713,19.952982408816812
o_taylor_order3_nominal_local,SEX_47E,39,1,-33.82754739593029,108.02615412215195,-20.765403939605516,94.93495053325636,13.062143456324769,-13.091203588895606,18.493220462632276,-33.615275724730445,103.50806887843557,-20.550545509841875,90.41590446351633,18.495727740618907
o_taylor_order3_nominal_local,SEX_45E,40,1,277.0280053006083,-311.90552491486545,249.58530390985723,-323.35756850674875,-27.44270139075106,-11.452043591883315,29.736360941654006,279.6526076348776,-311.7312249054906,252.22522425881363,-323.21432657273715,29.7342056015948
o_taylor_order3_nominal_local,SEX_44E,41,1,-82.68239106405964,-197.714153473351,-74.89762139619329,-172.7154244719407,7.784769667866351,24.998729001410272,26.182801425127966,-81.01836347503703,-198.25423411598618,-73.23362989158088,-173.25566523183437,26.182637820148553
o_taylor_order3_nominal_local,SEX_43E,42,1,307.4771991186925,-300.4012680263749,317.7969739898483,-309.9666157965643,10.319774871155799,-9.565347770189444,14.071020977740273,307.81902310051447,-302.77127288272897,318.1388305573872,-312.3344584407356,14.069575116676175
o_taylor_order3_nominal_local,SEX_42E,43,1,-181.76897776258988,110.91344079358615,-142.7735087344903,130.92704005818527,38.99546902809959,20.01359926459911,43.83139012449225,-185.85857458020453,111.0180114768067,-146.86331956873263,131.03125858875887,43.83103892647066
o_taylor_order3_nominal_local,SEX_41E,44,1,-183.178442740663,74.01861817521778,-155.17313705510972,91.73342533705961,28.00530568555326,17.714807161841826,33.1377660581175,-182.86529248953295,75.20859896024919,-154.85929435568895,92.9240874946224,33.138715507460184
o_taylor_order3_nominal_local,SEX_40E,45,1,94.81769151574859,292.87486083754584,108.16798356821289,257.73748053131476,13.350292052464297,-35.13738030623109,37.58810706421391,98.79065067065567,291.0299502801058,112.14115850393252,255.89256230512387,37.58819087307601
o_taylor_order3_nominal_local,SEX_39E,46,1,170.08469436152095,141.39523758564857,157.5248224052107,157.33602574472272,-12.559871956310255,15.940788159074124,20.294312274412913,170.22333997014147,148.05572171699566,157.6636365624715,163.995764397719,20.293622405867268
o_taylor_order3_nominal_local,SEX_38E,47,1,50.81358069178339,105.77275457216284,68.4917103922957,71.80669599145735,17.678129700512315,-33.96605858070549,38.29111391976019,50.33544935496328,108.03803437619533,68.0137322650996,74.07208302477558,38.29108953605044
o_taylor_order3_nominal_local,SEX_37E,48,1,-45.82121124908348,-129.7618230698066,-33.62755779465637,-120.39029239114944,12.193653454427114,9.371530678657175,15.378906717568544,-46.66850438752963,-130.7837820710032,-34.47509616411952,-121.41236238271333,15.378644643686668
o_taylor_order3_nominal_local,SEX_36E,49,1,-257.0221808722122,-192.44253466123357,-238.68256330645846,-185.96756211410695,18.33961756575369,6.474972547126619,19.449083318864794,-254.52591381483074,-197.91728729715032,-236.18635917632855,-191.4420342840171,19.44911735587756
o_taylor_order3_nominal_local,SEX_35E,50,1,-49.63353701693787,114.07193247782787,-36.97282099410479,95.97305739490106,12.660716022833084,-18.098875082926817,22.08762118197004,-50.1082053141162,119.30466081486092,-37.44790301472815,101.20569907565486,22.087455044643228
o_taylor_order3_nominal_local,SEX_34E,51,1,197.78969230251843,42.68768406602136,190.54901226974232,16.642568366361953,-7.240680032776094,-26.04511569965941,27.03285961835498,199.19663153610693,45.80081837287695,191.98709782980174,19.756342822836416,27.02391686893316
o_taylor_order3_nominal_local,SEX_33E,52,1,-134.9910500582757,-75.37316289667437,-110.26668460851856,-53.19158374505335,24.724365449757155,22.181579151621026,33.21621141179069,-135.67242035013385,-62.279628923445784,-110.9480882690005,-40.09810429336813,33.2161501648355
o_taylor_order3_nominal_local,SEX_32E,53,1,-273.7437504896078,-233.05912530141632,-286.6849145931472,-227.55018836540327,-12.94116410353939,5.508936936013029,14.064924973838469,-272.1680641571084,-233.43570572665826,-285.1093184856923,-227.92628310641885,14.065198228446583
o_taylor_order3_nominal_local,SEX_31E,54,1,339.5258999032846,5.711096918832099,380.3411857572797,3.763586133099558,40.81528585399508,-1.9475107857325413,40.86172240133638,339.0183434163465,7.841661436767345,379.8365553866347,5.894055209803921,40.86464974114773
o_taylor_order3_nominal_local,SEX_30E,55,1,219.70236402688977,-39.7636712736877,211.65534045569302,-26.591615478084037,-8.047023571196737,13.17205579560366,15.435596594815888,221.63741337244448,-40.57204019219349,213.59040601379542,-27.399970858787547,15.435599695321384
o_taylor_order3_nominal_local,SEX_29E,56,1,318.8599932196571,-332.76089279721475,356.54320810174244,-341.78436832488507,37.68321488208537,-9.023475527670286,38.74851990009277,319.1075799771999,-335.40725858036507,356.7907498181164,-344.4286768901491,38.74799707829382
o_taylor_order3_nominal_local,SEX_28E,57,1,284.8467308619659,252.07147706191296,261.36803365046956,255.5994245240277,-23.478697211496335,3.5279474621147546,23.74227529207274,288.94409856783994,255.0210167924274,265.4653445147042,258.5493086291697,23.74238267682628
o_taylor_order3_nominal_local,SEX_27E,58,1,-276.501346548731,-250.2170009069759,-301.864340454295,-260.0928031434724,-25.36299390556399,-9.875802236496481,27.217878860559008,-277.6371778013466,-246.7966955864003,-302.99988850113226,-256.6748930459609,27.218484143888162
o_taylor_order3_nominal_local,SEX_26E,59,1,-141.82342867637786,132.20568987203683,-156.85779090263074,118.84896729746796,-15.034362226252878,-13.356722574568876,20.11054662320687,-141.58198189223114,135.51717850287224,-156.61625565137447,122.16026940447782,20.110604370024216
o_taylor_order3_nominal_local,SEX_25E,60,1,124.81642775829542,19.227208395812468,105.5832595204123,13.328420716432383,-19.23316823788312,-5.898787679380085,20.11741674651898,125.7525068939601,28.031597156127308,106.51934130933124,22.132780398232082,20.117422736249733
o_taylor_order3_nominal_local,SEX_24E,61,1,-137.04549182817865,-89.14573093231665,-112.31963420705844,-58.831407378010645,24.725857621120216,30.31432355430601,39.11938455107724,-143.0259612838766,-86.48802281450212,-118.30004670508735,-56.173367073522755,39.11967796968268
o_taylor_order3_nominal_local,SEX_23E,62,1,315.73803057882884,-266.5939516488173,344.15840265266627,-265.38783597947065,28.420372073837427,1.2061156693466746,28.44595338221593,316.671219198094,-271.41519563850414,345.09191495179084,-270.20728715322906,28.44635284237682
o_taylor_order3_nominal_local,SEX_22E,63,1,-307.08770028485964,-338.04330491983836,-348.95506514233176,-328.5517436869231,-41.867364857472154,9.491561232915265,42.92977957952817,-307.95020807703037,-338.2806660139509,-349.8172240631047,-328.78497548842006,42.93035250419983
o_taylor_order3_nominal_local,SEX_21E,64,1,105.24292208478312,-9.33332768034269,79.13743910458685,-1.86011471950189,-26.105482980196264,7.473212960840799,27.15410012479507,104.26525975414833,-6.445728516822968,78.16025230265313,1.0275303449736541,27.153655592903906
o_taylor_order3_nominal_local,SEX_20E,65,1,279.1306471180771,-50.20509305355426,253.72425557344351,-40.39880141970962,-25.406391544633582,9.806291633844637,27.233216610001104,280.32515192330845,-52.27551186570167,254.9185881473606,-42.469588424344956,27.233244710079173
o_taylor_order3_nominal_local,SEX_19E,66,1,-220.38197220636525,-59.36989753058886,-176.75848161752924,-92.47806749940341,43.62349058883598,-33.10816996881455,54.764585726892655,-222.9778812201122,-63.15514361549564,-179.34634649090404,-96.26908782186887,54.77448423973426
o_taylor_order3_nominal_local,SEX_18E,67,1,169.46693828742767,-269.8663364893998,190.27079226556668,-252.54189246134996,20.803853978139028,17.324444028049882,27.072803719318845,170.62961237720964,-268.77930240295376,191.4336759854796,-251.4551369594841,27.0727865379545
o_taylor_order3_nominal_local,SEX_17E,68,1,113.23510859121687,249.06145553895743,126.28151454829346,222.2852816314814,13.0464059570766,-26.776173907476014,29.785435996812993,112.80231305993411,251.69679408899506,125.84793469714783,224.9195830711012,29.78602480691501
o_taylor_order3_nominal_local,SEX_16E,69,1,193.62720363433078,343.4609812527521,213.4539868965126,313.61901378749235,19.82678326218181,-29.84196746525972,35.8279828726535,197.58615212452912,348.8850446017207,217.4139205795161,319.04430817624177,35.827502736298555
o_taylor_order3_nominal_local,SEX_15E,70,1,-47.86828938490449,-225.60720315843864,-66.06378951394647,-170.01428219526127,-18.195500129041978,55.59292096317739,58.49486375882976,-51.44319385520666,-224.8287964970763,-69.64937204588844,-169.23881111554508,58.49539639176498
o_taylor_order3_nominal_local,SEX_14E,71,1,-76.5307577472186,-186.87320352279232,-71.64654147451921,-165.52699756358837,4.884216272699391,21.34620595920395,21.897855544579148,-78.61629409965356,-190.87820620807796,-73.72744816773884,-169.52694901577942,21.903812413314697
o_taylor_order3_nominal_local,SEX_13E,72,1,-17.060542094856846,256.9469611706423,-3.208131657506025,224.6638369590865,13.852410437350823,-32.28312421155581,35.129608363651975,-17.020619351001585,260.7309186890307,-3.1685650611557588,228.44783380220008,35.1294317895856
o_taylor_order3_nominal_local,SEX_12E,73,1,72.89764851156983,-187.97720926031522,57.68432309450342,-206.34532049383,-15.2133254170664,-18.368111233514774,23.85021552381299,73.67130649291816,-184.9088933937355,58.48739930947226,-203.28693166616196,23.839113408394038
o_taylor_order3_nominal_local,SEX_11E,74,1,335.0645074690009,135.58424665209506,296.6869287204959,171.59829859809216,-38.37757874850499,36.0140519459971,52.62936906487365,335.1325450468323,133.44642188670687,296.75617270104595,169.45935000497937,52.62772031994447
o_taylor_order3_nominal_local,SEX_10AE,75,1,21.752425105752845,116.69939569236321,9.37238457656105,109.0386561383025,-12.380040529191797,-7.66073955406071,14.558582830055327,29.43471705225129,119.26282354763151,17.054620380404955,111.6020634035274,14.55864140604318
o_taylor_order3_nominal_local,SEX_09AE,76,1,-179.91101920982948,299.6342479108496,-206.72250525533346,320.0945426411438,-26.811486045503987,20.460294730294237,33.726539170492444,-176.9947137834956,293.0701331283445,-203.80499281803944,313.52820915578474,33.72423367038348
o_taylor_order4_nominal_local,SEX_09AW,1,1,-159.92864014096077,165.12848489857137,-162.7393469159825,164.19246537629857,-2.8107067750217363,-0.9360195222727882,2.9624660540213568,-164.44292724558935,170.23477480632752,-167.2534363132442,169.29260746127935,2.964226800608455
o_taylor_order4_nominal_local,SEX_10W,2,1,179.95127510638562,-215.99891971497928,187.65774135472233,-217.37637121298042,7.706466248336716,-1.3774514980011197,7.828601066991376,177.5019025021509,-212.05176189671838,185.20727900198446,-213.42258675009472,7.826364915005047
o_taylor_order4_nominal_local,SEX_10AW,3,1,227.30130422117387,-219.76742860669157,230.74248301732115,-219.7720719443822,3.4411787961472906,-0.004643337690637527,3.441181928878307,226.23103698239794,-223.00425739292385,229.67185669379904,-223.00827099114267,3.440822052262672
o_taylor_order4_nominal_local,SEX_12W,4,1,111.16074210776075,50.89917041431443,112.03602098484349,52.47300497969978,0.87527887708273,1.5738345653853458,1.8008521182675954,113.82059441713355,50.20947658857351,114.69809445494708,51.78498007027309,1.8033905670182089
o_taylor_order4_nominal_local,SEX_13W,5,1,144.2813196100936,-335.9701885333384,143.43167050432893,-342.8559182556799,-0.8496491057646404,-6.8857297223415115,6.937951960922183,144.8679567752435,-334.56756844272326,144.01297522842796,-341.4512139152877,6.936538649596948
o_taylor_order4_nominal_local,SEX_14W,6,1,270.9504871485135,196.8529448090757,272.40980027261264,193.79750525500324,1.4593131240991735,-3.055439554072438,3.386045726619543,271.3438367980622,196.7905902403648,272.7954715876692,193.74852487982096,3.370668364021903
o_taylor_order4_nominal_local,SEX_15W,7,1,204.2724171702461,-317.3662127174877,203.98731924737004,-320.7992350024608,-0.28509792287604035,-3.433022284973135,3.444840030357055,202.39132311269046,-314.72223213451025,202.09160967623586,-318.1140880075897,3.405071865281974
o_taylor_order4_nominal_local,SEX_16W,8,1,-87.22225037625759,139.5500357016768,-91.834189846158,138.11953667713462,-4.611939469900407,-1.4304990245421663,4.828696835921814,-92.63426826533605,138.1015493251615,-97.24984511903475,136.6735683053086,4.831426237195318
o_taylor_order4_nominal_local,SEX_17W,9,1,88.11072913846165,336.43476666389677,82.2101860412535,340.1422014274048,-5.900543097208164,3.7074347635080556,6.968606845537991,87.89619748053033,331.43890608758613,81.98932541384973,335.142014637091,6.971667701601065
o_taylor_order4_nominal_local,SEX_18W,10,1,86.46734115943048,-85.01975449085874,89.76247775446016,-79.04326320919007,3.295136595029695,5.9764912816686655,6.824688507160269,86.62386689221555,-84.1060673006528,89.91873022199547,-78.12983359250279,6.824331007238504
o_taylor_order4_nominal_local,SEX_19W,11,1,192.10617447474135,-1.1416141395201969,193.45316343634968,-3.5499783182005125,1.3469889616083492,-2.4083641786803156,2.759455975341018,189.80749768846735,-7.565623735603965,191.15982376224423,-9.974005034088448,2.762080065585823
o_taylor_order4_nominal_local,SEX_20W,12,1,-93.57823965767038,187.37501383834714,-92.32012596071414,184.51905293882197,1.258113696956249,-2.85596089952519,3.120795208610404,-95.66345286566084,187.9554248578354,-94.40424812281776,185.09893889893925,3.121715652933393
o_taylor_order4_nominal_local,SEX_21W,13,1,182.73422543368665,127.1639562452907,181.0963835843171,132.34803963958748,-1.6378418493695641,5.184083394296768,5.436657664647445,182.53643660054558,117.400569990707,180.9006576064706,122.58023558437884,5.431823688203148
o_taylor_order4_nominal_local,SEX_22W,14,1,295.872833791315,16.31547039398482,297.53202803537505,14.932165471665703,1.6591942440600649,-1.3833049223191178,2.160198613006302,299.43561588347416,13.85884767150467,301.0888263398126,12.476130455427564,2.155228923474909
o_taylor_order4_nominal_local,SEX_23W,15,1,247.79684977255494,-80.04354705607172,251.33695464142355,-78.38063153203532,3.5401048688685903,1.662915524036396,3.9112185470347143,247.10911507987436,-80.73344426724805,250.65266714362232,-79.06717579891483,3.91576452778432
o_taylor_order4_nominal_local,SEX_24W,16,1,202.28605968292905,-292.145432721913,197.90499631667305,-278.8796379988579,-4.381063366256006,13.265794723055095,13.97050556899738,204.74388219127647,-291.30581274690735,200.36385406617896,-278.0468817027626,13.963663516786385
o_taylor_order4_nominal_local,SEX_25W,17,1,326.6014803341537,223.5498128514862,323.2339903706531,230.3071810215051,-3.3674899635005953,6.757368170018889,7.549967764133942,328.01261249637764,228.40776579955855,324.6471767687883,235.15886488111423,7.543440623847751
o_taylor_order4_nominal_local,SEX_26W,18,1,-262.9392552695921,-240.1804770289665,-264.17972960951505,-241.84821102514806,-1.24047433992298,-1.6677339961815796,2.0784882174376484,-263.81458223409663,-238.80186278518468,-265.0564670834068,-240.4662308505548,2.0766316563054863
o_taylor_order4_nominal_local,SEX_27W,19,1,292.08709004046875,307.74978274763066,294.17927059228214,308.8660158378458,2.0921805518133882,1.1162330902151056,2.3713278501880204,290.5971520580682,304.1456195285047,292.6876622316597,305.2483514574997,2.3635250142773456
o_taylor_order4_nominal_local,SEX_28W,20,1,-193.58564641456005,-232.0999300966925,-192.02627724650492,-224.5380040012487,1.5593691680551103,7.561926095443798,7.7210335108219015,-198.11207089990128,-233.97641928826644,-196.55092054641415,-226.41301468729904,7.722841419071605
o_taylor_order4_nominal_local,SEX_29W,21,1,224.5025568570844,63.15536856328728,230.2924723711822,66.4514691194863,5.789915514097823,3.2961005561990184,6.662386999939747,225.0140095020821,60.563474749043884,230.8068794715606,63.85755549416909,6.663956065183062
o_taylor_order4_nominal_local,SEX_30W,22,1,-220.94539809374385,19.79264158071054,-223.37583803819993,18.528210735818917,-2.430439944456071,-1.264430844891624,2.739675835773454,-217.12710565977898,16.173475545625696,-219.5575926571177,14.909036023278164,2.7397215825530754
o_taylor_order4_nominal_local,SEX_31W,23,1,-5.958879115605153,-29.50490323300744,-11.667601429728506,-30.495062917181983,-5.708722314123353,-0.9901596841745431,5.793956045737189,-7.088408397386448,-30.67822939559093,-12.798032319597617,-31.668411515045392,5.794848226034345
o_taylor_order4_nominal_local,SEX_32W,24,1,11.00836147882609,276.41470104857456,8.765033896788758,273.538064087542,-2.243327582037334,-2.8766369610325473,3.6479526923889845,12.573191122045623,277.49751586456006,10.33220836889857,274.62095189719383,3.646453613890098
o_taylor_order4_nominal_local,SEX_33W,25,1,-344.94245376866894,-258.8567328409007,-337.91656066996177,-257.7052360366179,7.025893098707207,1.1514968042827876,7.119629114268174,-343.36088444655496,-248.1310015915541,-336.33266082322604,-246.98853582656093,7.12047437490649
o_taylor_order4_nominal_local,SEX_34W,26,1,329.9062522751772,327.78692995996084,331.9409651273231,323.24251347093434,2.0347128521458977,-4.544416489026524,4.979134223579823,323.2141865728632,331.79429545784194,325.2515353766266,327.26709669851886,4.9645058922931105
o_taylor_order4_nominal_local,SEX_35W,27,1,-333.86806430931733,122.9015876831949,-333.0709612151795,124.89038276337206,0.7971030941377996,1.988795080177147,2.1425870375835094,-332.0727166161641,124.09642925768216,-331.27418920861294,126.0860750627604,2.143906819401392
o_taylor_order4_nominal_local,SEX_36W,28,1,207.6922738105197,-25.822996633678656,210.63669877168263,-23.031748623336465,2.944424961162916,2.79124801034219,4.057179291966091,206.32908978022022,-27.69852107145163,209.27214864843728,-24.90741587808561,4.0560897058898835
o_taylor_order4_nominal_local,SEX_37W,29,1,-256.8271941792112,187.41237876641262,-253.12002637405064,192.31259933568316,3.707167805160538,4.9002205692705685,6.144530475400148,-256.58091490295436,184.56515839650191,-252.87193239990424,189.46751539990416,6.147329127087547
o_taylor_order4_nominal_local,SEX_38W,30,1,76.66420208088688,141.93620468303396,75.70453120445718,140.32552728663228,-0.9596708764297016,-1.6106773964016734,1.8748999616903899,73.18637174342766,140.44596590732866,72.22809764450791,138.83615965986456,1.8734367891751458
o_taylor_order4_nominal_local,SEX_39W,31,1,67.97543658044252,117.72501797339741,59.96794609025798,118.96573561341437,-8.007490490184539,1.240717640016946,8.103041664254544,68.1488667677876,116.43245183412387,60.13950276768011,117.67233197875142,8.10476492313377
o_taylor_order4_nominal_local,SEX_40W,32,1,-259.72436762069776,293.77384137690643,-267.19344252943614,287.51971575080944,-7.469074908738412,-6.254125626097007,9.741723016969278,-261.0658896360231,292.14788114096433,-268.53512056828123,285.89448827975434,9.741372233727338
o_taylor_order4_nominal_local,SEX_41W,33,1,-301.16765666424413,-161.19551111329451,-299.15168279177203,-163.54165995820352,2.0159738724720997,-2.3461488449090213,3.093309725352133,-301.83843886820875,-162.043137757084,-299.81743955975395,-164.39792665664845,3.1031385670457765
o_taylor_order4_nominal_local,SEX_42W,34,1,-315.33451770363655,-144.99162789492664,-317.0641808431961,-140.6702802358728,-1.7296631395595508,4.321347659053837,4.654651454917015,-317.6086179758694,-146.14178961892642,-319.34090978368175,-141.81709797501276,4.658732952461492
o_taylor_order4_nominal_local,SEX_43W,35,1,-336.9541540919942,-216.8848665155885,-333.1085427470878,-223.3539739041792,3.8456113449063807,-6.469107388590718,7.525827331343158,-337.0713049537888,-213.7797840236517,-333.223406750691,-220.2568130522093,7.533805520331712
o_taylor_order4_nominal_local,SEX_44W,36,1,315.83446789296613,110.72376437817665,303.87669506575367,115.49688492348297,-11.957772827212484,4.773120545306311,12.875209152757343,317.23196416559074,112.21445278693017,305.2806270169094,116.98495288305993,12.86826059763418
o_taylor_order4_nominal_local,SEX_45W,37,1,-333.8235796224767,173.80123568844806,-337.67991603138665,177.7696891494202,-3.85633640890995,3.968453460972141,5.533529919552821,-333.4127626469296,175.8835257588616,-337.2771419807209,179.83550483584972,5.527347126821774
o_taylor_order4_nominal_local,SEX_47W,38,1,-221.74824256327358,97.78920188123108,-226.47324663634117,95.99606538845775,-4.725004073067587,-1.7931364927733162,5.053810638737929,-220.47152824255295,99.03244379343816,-225.2116880757137,97.2224769027248,5.073962493888716
o_taylor_order4_nominal_local,SEX_47E,39,1,-33.82754739593029,108.02615412215195,-35.43880207449592,112.29187761455682,-1.6112546785656328,4.265723492404862,4.559883611766245,-33.615275724730445,103.50806887843557,-35.22394364473228,107.7728315448168,4.558071201440604
o_taylor_order4_nominal_local,SEX_45E,40,1,277.0280053006083,-311.90552491486545,270.9210833195698,-318.1616314422582,-6.106921981038471,-6.256106527392812,8.742617740961672,279.6526076348776,-311.7312249054906,273.5610036685262,-318.0183895082467,8.754203426070061
o_taylor_order4_nominal_local,SEX_44E,41,1,-82.68239106405964,-197.714153473351,-86.76265724306637,-196.00194181307293,-4.080266179006735,1.7122116602780495,4.424956594266019,-81.01836347503703,-198.25423411598618,-85.09866573845396,-196.5421825729666,4.424927914305625
o_taylor_order4_nominal_local,SEX_43E,42,1,307.4771991186925,-300.4012680263749,309.5390252970052,-292.34402687771205,2.061826178312699,8.057241148662841,8.316866123563686,307.81902310051447,-302.77127288272897,309.8808818645441,-294.71186952188333,8.31896893224249
o_taylor_order4_nominal_local,SEX_42E,43,1,-181.76897776258988,110.91344079358615,-181.09909076488066,113.23344843504152,0.6698869977092126,2.3200076414553714,2.414784471979058,-185.85857458020453,111.0180114768067,-185.188901599123,113.33766696561511,2.414386772733323
o_taylor_order4_nominal_local,SEX_41E,44,1,-183.178442740663,74.01861817521778,-181.82494381518651,71.52916828381285,1.3534989254764798,-2.4894498914049286,2.833605495315464,-182.86529248953295,75.20859896024919,-181.5111011157657,72.71983044137563,2.8333377873669723
o_taylor_order4_nominal_local,SEX_40E,45,1,94.81769151574859,292.87486083754584,88.75711801252777,300.51763934332155,-6.060573503220818,7.64277850577572,9.75410756944425,98.79065067065567,291.0299502801058,92.73029294824741,298.67272111713066,9.7539674897362
o_taylor_order4_nominal_local,SEX_39E,46,1,170.08469436152095,141.39523758564857,171.29878091662695,137.9502021002813,1.2140865551059972,-3.445035485367281,3.652707989797285,170.22333997014147,148.05572171699566,171.43759507388776,144.6099407532776,3.6534671076794645
o_taylor_order4_nominal_local,SEX_38E,47,1,50.81358069178339,105.77275457216284,49.072546362030245,105.19505247025003,-1.7410343297531472,-0.5777021019128138,1.834377348293822,50.33544935496328,108.03803437619533,48.59456823483414,107.46043950356825,1.8341981657681277
o_taylor_order4_nominal_local,SEX_37E,48,1,-45.82121124908348,-129.7618230698066,-49.089257769198426,-128.34418016924747,-3.268046520114946,1.4176429005591544,3.562280091618454,-46.66850438752963,-130.7837820710032,-49.93679613866158,-129.36625016081135,3.562460903214147
o_taylor_order4_nominal_local,SEX_36E,49,1,-257.0221808722122,-192.44253466123357,-252.1441108574441,-193.43479513245472,4.878070014768062,-0.9922604712211502,4.977966242525887,-254.52591381483074,-197.91728729715032,-249.6479067273142,-198.90926730236487,4.977848679560987
o_taylor_order4_nominal_local,SEX_35E,50,1,-49.63353701693787,114.07193247782787,-50.664674641165576,114.92958604223905,-1.0311376242276988,0.8576535644111769,1.3411988803474075,-50.1082053141162,119.30466081486092,-51.13975666178893,120.16222772299285,1.34146158528986
o_taylor_order4_nominal_local,SEX_34E,51,1,197.78969230251843,42.68768406602136,197.66523253124257,43.29497793211712,-0.12445977127584826,0.6072938660957533,0.6199161834180191,199.19663153610693,45.80081837287695,199.103318091302,46.40875238859157,0.6150537915046803
o_taylor_order4_nominal_local,SEX_33E,52,1,-134.9910500582757,-75.37316289667437,-136.44321739722164,-73.35182725472912,-1.4521673389459353,2.0213356419452673,2.4888928779076864,-135.67242035013385,-62.279628923445784,-137.1246210577036,-60.25834780304389,2.4888680685723776
o_taylor_order4_nominal_local,SEX_32E,53,1,-273.7437504896078,-233.05912530141632,-270.41864797719086,-234.10357878319093,3.3251025124169438,-1.044453481774632,3.485281881523017,-272.1680641571084,-233.43570572665826,-268.843051869736,-234.4796735242065,3.4850502827786394
o_taylor_order4_nominal_local,SEX_31E,54,1,339.5258999032846,5.711096918832099,342.4498438199581,5.297515557154891,2.923943916673501,-0.4135813616772081,2.953048860174641,339.0183434163465,7.841661436767345,341.94521344931314,7.4279846338592534,2.955959520552042
o_taylor_order4_nominal_local,SEX_30E,55,1,219.70236402688977,-39.7636712736877,217.4192853940282,-38.402062221350285,-2.283078632861566,1.361609052337409,2.658275240684496,221.63741337244448,-40.57204019219349,219.35435095213057,-39.2104176020538,2.658268250765581
o_taylor_order4_nominal_local,SEX_29E,56,1,318.8599932196571,-332.76089279721475,330.46822350471575,-323.3487669602389,11.608230285058683,9.41212583697586,14.944534891458554,319.1075799771999,-335.40725858036507,330.7157652210897,-325.99307552550295,14.94579563780107
o_taylor_order4_nominal_local,SEX_28E,57,1,284.8467308619659,252.07147706191296,272.9689303009362,264.2724818270225,-11.877800561029668,12.201004765109518,17.027820278762103,288.94409856783994,255.0210167924274,277.0662411651709,267.22236593216445,17.02810668594437
o_taylor_order4_nominal_local,SEX_27E,58,1,-276.501346548731,-250.2170009069759,-285.0179085828496,-249.12610176338262,-8.516562034118598,1.0908991435932711,8.58614522486563,-277.6371778013466,-246.7966955864003,-286.15345662968684,-245.70819166587114,8.585560311770228
o_taylor_order4_nominal_local,SEX_26E,59,1,-141.82342867637786,132.20568987203683,-141.54884188826082,136.85649096517372,0.27458678811704285,4.650801093136872,4.658899946568026,-141.58198189223114,135.51717850287224,-141.30730663700456,140.16779307218357,4.658718962131604
o_taylor_order4_nominal_local,SEX_25E,60,1,124.81642775829542,19.227208395812468,123.51959834810039,19.627497956521307,-1.2968294101950342,0.4002895607088383,1.3572023620519067,125.7525068939601,28.031597156127308,124.45568013701934,28.431857638321002,1.357191250754081
o_taylor_order4_nominal_local,SEX_24E,61,1,-137.04549182817865,-89.14573093231665,-137.68000040898872,-90.69222070534823,-0.6345085808100691,-1.5464897730315812,1.6715955722640807,-143.0259612838766,-86.48802281450212,-143.66041290701762,-88.03418040086035,1.6712666286261395
o_taylor_order4_nominal_local,SEX_23E,62,1,315.73803057882884,-266.5939516488173,325.06407102018744,-257.7237853475149,9.32604044135858,8.870166301302442,12.870698525201233,316.671219198094,-271.41519563850414,325.99758331931196,-262.5432365212733,12.872168671181939
o_taylor_order4_nominal_local,SEX_22E,63,1,-307.08770028485964,-338.04330491983836,-307.02684703399575,-347.6854481227195,0.060853250863867045,-9.642143202881167,9.64233522871966,-307.95020807703037,-338.2806660139509,-307.8890059547686,-347.9186799242165,9.638208227375166
o_taylor_order4_nominal_local,SEX_21E,64,1,105.24292208478312,-9.33332768034269,109.86783961942872,-11.059594475258402,4.624917534645608,-1.7262667949157142,4.93658376303907,104.26525975414833,-6.445728516822968,108.89065281749501,-8.17194941078286,4.937013223113667
o_taylor_order4_nominal_local,SEX_20E,65,1,279.1306471180771,-50.20509305355426,274.91356243852067,-48.47000507727455,-4.217084679556434,1.7350879762797133,4.560080424727181,280.32515192330845,-52.27551186570167,276.1078950124377,-50.540792081909885,4.560099623973739
o_taylor_order4_nominal_local,SEX_19E,66,1,-220.38197220636525,-59.36989753058886,-225.0463321170836,-59.08485299168131,-4.664359910718369,0.28504453890755027,4.6730614981912755,-222.9778812201122,-63.15514361549564,-227.6341969904584,-62.87587331414676,4.664683103319042
o_taylor_order4_nominal_local,SEX_18E,67,1,169.46693828742767,-269.8663364893998,162.09883103422385,-276.1924262220448,-7.368107253203797,-6.326089732644946,9.711252020218105,170.62961237720964,-268.77930240295376,163.26171475413676,-275.1056707201789,9.711274451341252
o_taylor_order4_nominal_local,SEX_17E,68,1,113.23510859121687,249.06145553895743,113.867929584468,242.1169247030838,0.6328209932511287,-6.944530835873623,6.973304162296303,112.80231305993411,251.69679408899506,113.43434973332236,244.75122614270362,6.974265871979577
o_taylor_order4_nominal_local,SEX_16E,69,1,193.62720363433078,343.4609812527521,187.08731942248434,347.7725399893886,-6.5398842118464415,4.3115587366365,7.833238426335871,197.58615212452912,348.8850446017207,191.04725310548784,353.197834378138,7.833093644071202
o_taylor_order4_nominal_local,SEX_15E,70,1,-47.86828938490449,-225.60720315843864,-51.977869203375946,-223.44529208662775,-4.109579818471459,2.161911071810912,4.643544526200488,-51.44319385520666,-224.8287964970763,-55.56345173531791,-222.66982100691158,4.6516341392838445
o_taylor_order4_nominal_local,SEX_14E,71,1,-76.5307577472186,-186.87320352279232,-75.93227741044154,-186.49932161415066,0.5984803367770504,0.37388190864164605,0.7056673402661425,-78.61629409965356,-190.87820620807796,-78.01318410366119,-190.49927306634174,0.712272415001458
o_taylor_order4_nominal_local,SEX_13E,72,1,-17.060542094856846,256.9469611706423,-19.66265348850481,254.98427571357797,-2.6021113936479607,-1.9626854570643109,3.2593124901310513,-17.020619351001585,260.7309186890307,-19.623086892154543,258.76827255669156,3.259573153580158
o_taylor_order4_nominal_local,SEX_12E,73,1,72.89764851156983,-187.97720926031522,69.31412677755347,-191.14438981877043,-3.583521734016351,-3.1671805584552235,4.782537057673919,73.67130649291816,-184.9088933937355,70.11720299252231,-188.08600099110242,4.767144258019962
o_taylor_order4_nominal_local,SEX_11E,74,1,335.0645074690009,135.58424665209506,338.6893077843381,132.06402260863837,3.6248003153371995,-3.520224043456686,5.0528362967940295,335.1325450468323,133.44642188670687,338.7585517648882,129.92507401552558,5.054484696708377
o_taylor_order4_nominal_local,SEX_10AE,75,1,21.752425105752845,116.69939569236321,22.42994604502261,115.60279084132765,0.6775209392697628,-1.0966048510355675,1.2890216532175558,29.43471705225129,119.26282354763151,30.112181848866516,118.16619810655253,1.2890096619787494
o_taylor_order4_nominal_local,SEX_09AE,76,1,-179.91101920982948,299.6342479108496,-183.3707670502783,308.725740750948,-3.459747840448837,9.0914928400984,9.727543224321897,-176.9947137834956,293.0701331283445,-180.45325461298427,302.1594072655889,9.725040308976647
o_taylor_order5_nominal_local,SEX_09AW,1,1,-159.92864014096077,165.12848489857137,-160.2135531543569,162.219602398809,-0.28491301339614133,-2.908882499762374,2.9228022209219473,-164.44292724558935,170.23477480632752,-164.7276425516186,167.31974448378975,2.9289016007373956
o_taylor_order5_nominal_local,SEX_10W,2,1,179.95127510638562,-215.99891971497928,187.66825233099752,-217.5639845220795,7.716977224611892,-1.5650648071002002,7.87408187254884,177.5019025021509,-212.05176189671838,185.21778997825965,-213.6102000591938,7.871699247953506
o_taylor_order5_nominal_local,SEX_10AW,3,1,227.30130422117387,-219.76742860669157,231.06734945182075,-219.6253030801132,3.7660452306468826,0.14212552657834854,3.7687260904161373,226.23103698239794,-223.00425739292385,229.99672312829864,-222.86150212687366,3.7683910645544163
o_taylor_order5_nominal_local,SEX_12W,4,1,111.16074210776075,50.89917041431443,113.19466403182899,51.207163705602525,2.033921924068241,0.30799329128809005,2.0571091999901037,113.82059441713355,50.20947658857351,115.8567375019326,50.51913879617584,2.059555618232274
o_taylor_order5_nominal_local,SEX_13W,5,1,144.2813196100936,-335.9701885333384,138.55576985276898,-337.7110246335083,-5.725549757324615,-1.7408361001699135,5.984348782553933,144.8679567752435,-334.56756844272326,139.137074576868,-336.30632029311613,5.988845361912587
o_taylor_order5_nominal_local,SEX_14W,6,1,270.9504871485135,196.8529448090757,272.94603105676276,193.6415852357555,1.9955439082493016,-3.211359573320182,3.7808763268462084,271.3438367980622,196.7905902403648,273.33170237181935,193.59260486057323,3.7654641186299345
o_taylor_order5_nominal_local,SEX_15W,7,1,204.2724171702461,-317.3662127174877,201.07113406046733,-318.67059150827544,-3.201283109778742,-1.3043787907877307,3.456821889946243,202.39132311269046,-314.72223213451025,199.17542448933318,-315.9854445134043,3.4550990535587145
o_taylor_order5_nominal_local,SEX_16W,8,1,-87.22225037625759,139.5500357016768,-86.96131150898177,136.05809305960108,0.26093886727583543,-3.491942642075695,3.501678527221164,-92.63426826533605,138.1015493251615,-92.3769667818585,134.61212468777507,3.4988981627648257
o_taylor_order5_nominal_local,SEX_17W,9,1,88.11072913846165,336.43476666389677,82.11772580672786,340.57702926869376,-5.993003331733796,4.142262604797014,7.285219860873941,87.89619748053033,331.43890608758613,81.8968651793241,335.57684247837994,7.287969925469794
o_taylor_order5_nominal_local,SEX_18W,10,1,86.46734115943048,-85.01975449085874,90.38071158704622,-81.20349961950582,3.9133704276157473,3.8162548713529234,5.466101841976819,86.62386689221555,-84.1060673006528,90.53696405458153,-80.29007000281852,5.465726372514006
o_taylor_order5_nominal_local,SEX_19W,11,1,192.10617447474135,-1.1416141395201969,192.14341549621597,-0.9447785018006775,0.037241021474628856,0.19683563771951929,0.2003276365280727,189.80749768846735,-7.565623735603965,189.8500758221105,-7.368805217688615,0.20137136454553256
o_taylor_order5_nominal_local,SEX_20W,12,1,-93.57823965767038,187.37501383834714,-93.45376361901006,184.0445353017033,0.12447603866031463,-3.3304785366438607,3.332803859702217,-95.66345286566084,187.9554248578354,-95.53788578111369,184.62442126182057,3.333369473878541
o_taylor_order5_nominal_local,SEX_21W,13,1,182.73422543368665,127.1639562452907,177.23395442505804,125.99451541498864,-5.500271008628595,-1.1694408303020598,5.623217319643426,182.53643660054558,117.400569990707,177.03822844721157,116.22671135978001,5.622120328024878
o_taylor_order5_nominal_local,SEX_22W,14,1,295.872833791315,16.31547039398482,299.90657178383753,14.043305705517776,4.033737992522528,-2.2721646884670443,4.629662467592666,299.43561588347416,13.85884767150467,303.4633700882751,11.587270689279636,4.624161104510312
o_taylor_order5_nominal_local,SEX_23W,15,1,247.79684977255494,-80.04354705607172,246.58577353295541,-81.66907207602911,-1.2110762395995258,-1.625525019957399,2.027076034249833,247.10911507987436,-80.73344426724805,245.90148603515422,-82.35561634290863,2.022327904348025
o_taylor_order5_nominal_local,SEX_24W,16,1,202.28605968292905,-292.145432721913,211.94297453412727,-282.1660390505441,9.656914851198218,9.979393671368907,13.886839182890053,204.74388219127647,-291.30581274690735,214.40183228363318,-281.3332827544488,13.882627792926616
o_taylor_order5_nominal_local,SEX_25W,17,1,326.6014803341537,223.5498128514862,321.39727816769124,224.04210414110784,-5.204202166462417,0.49229128962164975,5.227434447532504,328.01261249637764,228.40776579955855,322.81046456582646,228.893788000717,5.22480245285471
o_taylor_order5_nominal_local,SEX_26W,18,1,-262.9392552695921,-240.1804770289665,-266.5538257831102,-238.90171014511722,-3.6145705135180837,1.2787668838492672,3.834105468088215,-263.81458223409663,-238.80186278518468,-267.4305632570019,-237.51972997052397,3.8365587852189678
o_taylor_order5_nominal_local,SEX_27W,19,1,292.08709004046875,307.74978274763066,290.7569326193905,312.8341204043969,-1.3301574210782505,5.084337656766243,5.255455087131922,290.5971520580682,304.1456195285047,289.2653242587681,309.21645602405084,5.242818712443842
o_taylor_order5_nominal_local,SEX_28W,20,1,-193.58564641456005,-232.0999300966925,-192.3165509534099,-224.16269668812936,1.2690954611501382,7.937233408563136,8.038051845535874,-198.11207089990128,-233.97641928826644,-196.84119425331912,-226.0377073741797,8.039793175554374
o_taylor_order5_nominal_local,SEX_29W,21,1,224.5025568570844,63.15536856328728,218.12892397234498,60.73425828291086,-6.373632884739409,-2.421110280376427,6.817988789898089,225.0140095020821,60.563474749043884,218.64333107272336,58.140344657593644,6.815944768730793
o_taylor_order5_nominal_local,SEX_30W,22,1,-220.94539809374385,19.79264158071054,-223.64016512312742,21.1916554698562,-2.6947670293835557,1.3990138891456605,3.0362821352231317,-217.12710565977898,16.173475545625696,-219.8219197420452,17.572480757315446,3.036319897559452
o_taylor_order5_nominal_local,SEX_31W,23,1,-5.958879115605153,-29.50490323300744,-5.7716246243406895,-29.012158047154553,0.18725449126446325,0.4927451858528854,0.5271262303091239,-7.088408397386448,-30.67822939559093,-6.902055514209803,-30.18550664501796,0.5267856357195421
o_taylor_order5_nominal_local,SEX_32W,24,1,11.00836147882609,276.41470104857456,13.10479839704128,272.97400266126374,2.096436918215188,-3.4406983873108263,4.029075966583271,12.573191122045623,277.49751586456006,14.671972869151093,274.05689047091556,4.030234226614422
o_taylor_order5_nominal_local,SEX_33W,25,1,-344.94245376866894,-258.8567328409007,-337.7204649598585,-257.62484746117804,7.221988808810457,1.2318853797226914,7.326299471312786,-343.36088444655496,-248.1310015915541,-336.1365651131228,-246.90814725112102,7.32708417921602
o_taylor_order5_nominal_local,SEX_34W,26,1,329.9062522751772,327.78692995996084,331.43976052677965,322.15794173823633,1.5335082516023855,-5.628988221724539,5.834137121978381,323.2141865728632,331.79429545784194,324.75033077608305,326.1825249658208,5.818221985126146
o_taylor_order5_nominal_local,SEX_35W,27,1,-333.86806430931733,122.9015876831949,-336.2418085256246,123.26810051159782,-2.3737442163072453,0.3665128284029151,2.401872864627935,-332.0727166161641,124.09642925768216,-334.44503651905796,124.46379281098616,2.4005952807507134
o_taylor_order5_nominal_local,SEX_36W,28,1,207.6922738105197,-25.822996633678656,210.4711064909596,-27.128280569223794,2.7788326804398915,-1.3052839355451384,3.070126580171078,206.32908978022022,-27.69852107145163,209.10655636771426,-29.00394782397294,3.0689509039481435
o_taylor_order5_nominal_local,SEX_37W,29,1,-256.8271941792112,187.41237876641262,-253.28810934684662,192.21096545445414,3.5390848323645434,4.798586688041523,5.962512528567305,-256.58091490295436,184.56515839650191,-253.04001537270025,189.36588151867514,5.965309043052359
o_taylor_order5_nominal_local,SEX_38W,30,1,76.66420208088688,141.93620468303396,76.72946488224387,140.523090779878,0.0652628013569906,-1.413113903155945,1.414620138600321,73.18637174342766,140.44596590732866,73.2530313222946,139.0337231531103,1.4138150856095049
o_taylor_order5_nominal_local,SEX_39W,31,1,67.97543658044252,117.72501797339741,68.11293830552374,120.32017687656166,0.13750172508122893,2.5951589031642386,2.5987990413021413,68.1488667677876,116.43245183412387,68.28449498294587,119.02677324189871,2.5978642342481812
o_taylor_order5_nominal_local,SEX_40W,32,1,-259.72436762069776,293.77384137690643,-259.2514885117862,284.2407226528814,0.4728791089115398,-9.53311872402507,9.544839823590667,-261.0658896360231,292.14788114096433,-260.5931665506313,282.61549518182625,9.544100229431512
o_taylor_order5_nominal_local,SEX_41W,33,1,-301.16765666424413,-161.19551111329451,-298.05630357911343,-164.41820024786085,3.1113530851306637,-3.222689134566351,4.479536056156276,-301.83843886820875,-162.043137757084,-298.7220603470954,-165.27446694630578,4.489243078289887
o_taylor_order5_nominal_local,SEX_42W,34,1,-315.33451770363655,-144.99162789492664,-317.4165756024256,-140.5647024794366,-2.082057898789046,4.426925415490035,4.892099112673565,-317.6086179758694,-146.14178961892642,-319.6933045429113,-141.71152021857657,4.896243972932845
o_taylor_order5_nominal_local,SEX_43W,35,1,-336.9541540919942,-216.8848665155885,-329.6432991314159,-217.5183881639504,7.310854960578309,-0.6335216483618954,7.338252512250832,-337.0713049537888,-213.7797840236517,-329.7581631350191,-214.4212273119805,7.341218751241503
o_taylor_order5_nominal_local,SEX_44W,36,1,315.83446789296613,110.72376437817665,305.6406922574469,107.2019152498251,-10.19377563551922,-3.521849128351558,10.78501196059494,317.23196416559074,112.21445278693017,307.04462420860267,108.68998320940207,10.779785767916103
o_taylor_order5_nominal_local,SEX_45W,37,1,-333.8235796224767,173.80123568844806,-338.35245972859013,177.47195041502314,-4.52888010611343,3.6707147265750675,5.829657075630184,-333.4127626469296,175.8835257588616,-337.9496856779244,179.53776610145263,5.825559464170848
o_taylor_order5_nominal_local,SEX_47W,38,1,-221.74824256327358,97.78920188123108,-222.55050720553538,93.36061192362473,-0.8022646422617961,-4.428589957606346,4.500670790986075,-220.47152824255295,99.03244379343816,-221.28894864490792,94.58702343789176,4.519948921358795
o_taylor_order5_nominal_local,SEX_47E,39,1,-33.82754739593029,108.02615412215195,-31.672338262268678,110.58896308055908,2.15520913366161,2.5628089584071314,3.3485692716607,-33.615275724730445,103.50806887843557,-31.457479832505037,106.06991701081907,3.34949980831492
o_taylor_order5_nominal_local,SEX_45E,40,1,277.0280053006083,-311.90552491486545,271.22148015523925,-312.2469433278501,-5.806525145369049,-0.34141841298465475,5.8165540310847295,279.6526076348776,-311.7312249054906,273.8614005041957,-312.1037013938385,5.8031731634368455
o_taylor_order5_nominal_local,SEX_44E,41,1,-82.68239106405964,-197.714153473351,-86.98817654975684,-196.02267020646002,-4.3057854856972035,1.6914832668909499,4.626111141230049,-81.01836347503703,-198.25423411598618,-85.32418504514443,-196.56291096635368,4.626086184895928
o_taylor_order5_nominal_local,SEX_43E,42,1,307.4771991186925,-300.4012680263749,309.3577441851793,-292.0042390620201,1.8805450664867396,8.397028964354835,8.605030225124235,307.81902310051447,-302.77127288272897,309.69960075271814,-294.37208170619135,8.607147304769185
o_taylor_order5_nominal_local,SEX_42E,43,1,-181.76897776258988,110.91344079358615,-178.44962874666336,110.94101528038085,3.319349015926511,0.027574486794701925,3.3194635473001193,-185.85857458020453,111.0180114768067,-182.5394395809057,111.04523381095444,3.3192466312473443
o_taylor_order5_nominal_local,SEX_41E,44,1,-183.178442740663,74.01861817521778,-184.66203300009755,72.28762177859947,-1.48359025943455,-1.7309963966183155,2.279778187235475,-182.86529248953295,75.20859896024919,-184.34819030067675,73.47828393616226,2.278810216072431
o_taylor_order5_nominal_local,SEX_40E,45,1,94.81769151574859,292.87486083754584,97.78326467008776,301.7468813272432,2.9655731543391712,8.872020489697388,9.354537492754384,98.79065067065567,291.0299502801058,101.7564396058074,299.90196310105233,9.354598628637548
o_taylor_order5_nominal_local,SEX_39E,46,1,170.08469436152095,141.39523758564857,173.0312244277121,137.2193828971256,2.946530066191144,-4.175854688522978,5.110753546261816,170.22333997014147,148.05572171699566,173.17003858497293,143.8791215501219,5.111459838498147
o_taylor_order5_nominal_local,SEX_38E,47,1,50.81358069178339,105.77275457216284,49.80781276775337,105.90032070398792,-1.0057679240300237,0.1275661318250748,1.0138255446557243,50.33544935496328,108.03803437619533,49.329834640557266,108.16570773730615,1.0136870527767532
o_taylor_order5_nominal_local,SEX_37E,48,1,-45.82121124908348,-129.7618230698066,-45.3821782557645,-127.72999695938087,0.4390329933189808,2.0318261104257482,2.078717708644069,-46.66850438752963,-130.7837820710032,-46.22971662522765,-128.75206695094474,2.0785574395287085
o_taylor_order5_nominal_local,SEX_36E,49,1,-257.0221808722122,-192.44253466123357,-255.4648418934857,-197.1825481397714,1.5573389787264484,-4.740013478537824,4.989291780541701,-254.52591381483074,-197.91728729715032,-252.96863776335582,-202.65702030968154,4.989005685562552
o_taylor_order5_nominal_local,SEX_35E,50,1,-49.63353701693787,114.07193247782787,-49.5016730266498,112.72911683736766,0.13186399028807547,-1.3428156404602167,1.3492746037035144,-50.1082053141162,119.30466081486092,-49.97675504727316,117.96175851812146,1.3493204775890892
o_taylor_order5_nominal_local,SEX_34E,51,1,197.78969230251843,42.68768406602136,195.2793672667271,41.86272481062071,-2.5103250357913334,-0.8249592554006548,2.6424022325134304,199.19663153610693,45.80081837287695,196.71745282678648,44.976499267095164,2.6126287644640045
o_taylor_order5_nominal_local,SEX_33E,52,1,-134.9910500582757,-75.37316289667437,-138.89762349925178,-75.46028833836026,-3.906573440976073,-0.08712544168587545,3.9075448676027498,-135.67242035013385,-62.279628923445784,-139.57902715973373,-62.366808886675024,3.9075794439525886
o_taylor_order5_nominal_local,SEX_32E,53,1,-273.7437504896078,-233.05912530141632,-273.2741836837858,-237.4320822021233,0.46956680582201615,-4.372956900706992,4.398095615214703,-272.1680641571084,-233.43570572665826,-271.6985875763309,-237.80817694313888,4.397603074272401
o_taylor_order5_nominal_local,SEX_31E,54,1,339.5258999032846,5.711096918832099,341.36910516626847,6.28138092286633,1.8432052629838722,0.5702840040342314,1.9294116944677102,339.0183434163465,7.841661436767345,340.8644747956235,8.411849999570693,1.9321790979883045
o_taylor_order5_nominal_local,SEX_30E,55,1,219.70236402688977,-39.7636712736877,216.9263805343468,-38.778887712261444,-2.775983492542966,0.9847835614262492,2.9454851915646105,221.63741337244448,-40.57204019219349,218.86144609244917,-39.58724309296496,2.945474438227814
o_taylor_order5_nominal_local,SEX_29E,56,1,318.8599932196571,-332.76089279721475,325.4810976177371,-332.3579246464724,6.621104398079973,0.4029681507423965,6.633355619954859,319.1075799771999,-335.40725858036507,325.728639334111,-335.00223321173644,6.633435954086899
o_taylor_order5_nominal_local,SEX_28E,57,1,284.8467308619659,252.07147706191296,288.84778267549075,268.5459538246996,4.001051813524829,16.47447676278663,16.953371352686965,288.94409856783994,255.0210167924274,292.94509353972535,271.49583792984157,16.953692585240585
o_taylor_order5_nominal_local,SEX_27E,58,1,-276.501346548731,-250.2170009069759,-284.9844820484203,-249.22439646492023,-8.483135499689316,0.9926044420556588,8.541009980352309,-277.6371778013466,-246.7966955864003,-286.12003009525756,-245.80648636740875,8.540450651908644
o_taylor_order5_nominal_local,SEX_26E,59,1,-141.82342867637786,132.20568987203683,-138.70859168694673,133.09805474854295,3.1148369894311303,0.8923648765061024,3.2401426733324783,-141.58198189223114,135.51717850287224,-138.46705643569047,136.4093568555528,3.240176355199979
o_taylor_order5_nominal_local,SEX_25E,60,1,124.81642775829542,19.227208395812468,126.38067638257348,17.708511094784782,1.5642486242780533,-1.5186973010276876,2.180209909780378,125.7525068939601,28.031597156127308,127.31675817149242,26.512870776584478,2.1802320691111716
o_taylor_order5_nominal_local,SEX_24E,61,1,-137.04549182817865,-89.14573093231665,-135.65219791639328,-91.4808624825266,1.3932939117853769,-2.335131550209945,2.7192107828199155,-143.0259612838766,-86.48802281450212,-141.63261041442217,-88.82282217803872,2.7189547096964106
o_taylor_order5_nominal_local,SEX_23E,62,1,315.73803057882884,-266.5939516488173,318.3914610022149,-260.85605747886456,2.6534304233860366,5.737894169952778,6.32171831999249,316.671219198094,-271.41519563850414,319.3249733013394,-265.67550865262297,6.323481441135575
o_taylor_order5_nominal_local,SEX_22E,63,1,-307.08770028485964,-338.04330491983836,-298.9649065695283,-342.35839434020534,8.122793715331309,-4.315089420366959,9.197813568864541,-307.95020807703037,-338.2806660139509,-299.8270654903012,-342.5916261417023,9.196185225809412
o_taylor_order5_nominal_local,SEX_21E,64,1,105.24292208478312,-9.33332768034269,107.73572224157674,-10.540383021132852,2.492800156793623,-1.2070553407901632,2.769663376195809,104.26525975414833,-6.445728516822968,106.75853543964301,-7.652737956657308,2.7700713766486618
o_taylor_order5_nominal_local,SEX_20E,65,1,279.1306471180771,-50.20509305355426,274.4980994385966,-48.709249563789484,-4.632547679480454,1.4958434897647748,4.868063860358797,280.32515192330845,-52.27551186570167,275.69243201251373,-50.78003656842482,4.868114638814419
o_taylor_order5_nominal_local,SEX_19E,66,1,-220.38197220636525,-59.36989753058886,-222.70754011542812,-59.76661101229863,-2.325567909062891,-0.3967134817097764,2.3591624967842804,-222.9778812201122,-63.15514361549564,-225.29540498880294,-63.557631334764075,2.3522144423093017
o_taylor_order5_nominal_local,SEX_18E,67,1,169.46693828742767,-269.8663364893998,163.49465962249178,-275.3201933058638,-5.972278664935883,-5.453856816464015,8.08780975457134,170.62961237720964,-268.77930240295376,164.65754334240467,-274.233437803998,8.08784282299058
o_taylor_order5_nominal_local,SEX_17E,68,1,113.23510859121687,249.06145553895743,118.56490584403917,247.36320423852882,5.329797252822302,-1.69825130042861,5.593817679867625,112.80231305993411,251.69679408899506,118.13132599289354,249.99750567814863,5.5933853740723025
o_taylor_order5_nominal_local,SEX_16E,69,1,193.62720363433078,343.4609812527521,186.985437625204,347.8821420861234,-6.641766009126782,4.42116083337131,7.978704082401377,197.58615212452912,348.8850446017207,190.94537130820748,353.3074364748728,7.97856627033624
o_taylor_order5_nominal_local,SEX_15E,70,1,-47.86828938490449,-225.60720315843864,-47.14690879710712,-222.17452157650976,0.7213805877973701,3.4326815819288803,3.50766201270371,-51.44319385520666,-224.8287964970763,-50.73249132904908,-221.3990504967936,3.502606987251347
o_taylor_order5_nominal_local,SEX_14E,71,1,-76.5307577472186,-186.87320352279232,-75.07408870406118,-187.4692416320327,1.4566690431574172,-0.5960381092403786,1.5738952090148794,-78.61629409965356,-190.87820620807796,-77.15499539728083,-191.46919308422375,1.5762802369289566
o_taylor_order5_nominal_local,SEX_13E,72,1,-17.060542094856846,256.9469611706423,-19.6504543492689,254.61553027991724,-2.5899122544120545,-2.3314308907250663,3.4847116787161614,-17.020619351001585,260.7309186890307,-19.610887752918636,258.3995271230308,3.484950075393527
o_taylor_order5_nominal_local,SEX_12E,73,1,72.89764851156983,-187.97720926031522,73.55183441326875,-192.49405626760364,0.6541859016989259,-4.516847007288426,4.563974811634267,73.67130649291816,-184.9088933937355,74.35491062823759,-189.43566743993563,4.578099810967094
o_taylor_order5_nominal_local,SEX_11E,74,1,335.0645074690009,135.58424665209506,338.18622330116176,132.16880220913328,3.12171583216088,-3.4154444429617836,4.627134154065821,335.1325450468323,133.44642188670687,338.25546728171184,130.0298536160205,4.628777596014517
o_taylor_order5_nominal_local,SEX_10AE,75,1,21.752425105752845,116.69939569236321,21.79231948982081,117.34937098952797,0.039894384067963584,0.6499752971647659,0.6511984711319491,29.43471705225129,119.26282354763151,29.474555293664718,119.91277825475287,0.6511744825990358
o_taylor_order5_nominal_local,SEX_09AE,76,1,-179.91101920982948,299.6342479108496,-183.1371934982238,308.84113103694074,-3.2261742883943443,9.206883126091183,9.755762268351935,-176.9947137834956,293.0701331283445,-180.2196810609298,302.2747975515817,9.753269251124465
o_taylor_order4_all_state_local,SEX_09AW,1,1,-159.92864014096077,165.12848489857137,-162.73936634258274,164.19246252431438,-2.8107262016219843,-0.9360223742569805,2.9624853865621046,-164.44292724558935,170.23477480632752,-167.25345573984447,169.29260460929515,2.9642461262850652
o_taylor_order4_all_state_local,SEX_10W,2,1,179.95127510638562,-215.99891971497928,187.65773358361935,-217.37638765451555,7.706458477233728,-1.3774679395362648,7.828596310053155,177.5019025021509,-212.05176189671838,185.20727123088147,-213.42260319162986,7.8263601438685395
o_taylor_order4_all_state_local,SEX_10AW,3,1,227.30130422117387,-219.76742860669157,230.7424950151777,-219.77207710336404,3.441190794003829,-0.00464849667249469,3.4411939336890063,226.23103698239794,-223.00425739292385,229.6718686916556,-223.00827615012452,3.440834056132666
o_taylor_order4_all_state_local,SEX_12W,4,1,111.16074210776075,50.89917041431443,112.03601729441553,52.47300259063652,0.8752751866547754,1.5738321763220808,1.8008482366929894,113.82059441713355,50.20947658857351,114.69809076451912,51.784977681209824,1.8033866841510338
o_taylor_order4_all_state_local,SEX_13W,5,1,144.2813196100936,-335.9701885333384,143.43167710877563,-342.85594081935676,-0.8496425013179416,-6.88575228601835,6.937973545960863,144.8679567752435,-334.56756844272326,144.01298183287466,-341.4512364789646,6.9365602271766305
o_taylor_order4_all_state_local,SEX_14W,6,1,270.9504871485135,196.8529448090757,272.4098011700797,193.79750144736752,1.45931402156617,-3.0554433617081767,3.3860495492751124,271.3438367980622,196.7905902403648,272.79547248513626,193.7485210721852,3.3706721869644336
o_taylor_order4_all_state_local,SEX_15W,7,1,204.2724171702461,-317.3662127174877,203.98732672982482,-320.79924847831035,-0.2850904404212533,-3.4330357608226403,3.444852840733065,202.39132311269046,-314.72223213451025,202.09161715869067,-318.1141014834392,3.4050846302355766
o_taylor_order4_all_state_local,SEX_16W,8,1,-87.22225037625759,139.5500357016768,-91.83419080283403,138.11953684870053,-4.611940426576429,-1.4304988529762526,4.8286976988269155,-92.63426826533605,138.1015493251615,-97.24984607571078,136.67356847687452,4.831427100422612
o_taylor_order4_all_state_local,SEX_17W,9,1,88.11072913846165,336.43476666389677,82.21018576760311,340.142196858556,-5.900543370858543,3.7074301946592843,6.968604646531046,87.89619748053033,331.43890608758613,81.98932514019936,335.1420100682422,6.9716655066431645
o_taylor_order4_all_state_local,SEX_18W,10,1,86.46734115943048,-85.01975449085874,89.76247795065171,-79.04326526883385,3.2951367912212417,5.976489222024895,6.824686798223019,86.62386689221555,-84.1060673006528,89.91873041818702,-78.12983565214655,6.824329298281612
o_taylor_order4_all_state_local,SEX_19W,11,1,192.10617447474135,-1.1416141395201969,193.45317133518913,-3.5499634080661204,1.3469968604477822,-2.4083492685459236,2.7594468179984677,189.80749768846735,-7.565623735603965,191.15983166108367,-9.973990123954056,2.7620709321135606
o_taylor_order4_all_state_local,SEX_20W,12,1,-93.57823965767038,187.37501383834714,-92.3201243839197,184.51905128488434,1.2581152737506758,-2.8559625534628106,3.1207973578600963,-95.66345286566084,187.9554248578354,-94.40424654602333,185.09893724500162,3.1217178023786527
o_taylor_order4_all_state_local,SEX_21W,13,1,182.73422543368665,127.1639562452907,181.09639509818174,132.34802920476733,-1.637830335504914,5.184072959476632,5.436644245955122,182.53643660054558,117.400569990707,180.90066912033524,122.5802251495587,5.431810270428521
o_taylor_order4_all_state_local,SEX_22W,14,1,295.872833791315,16.31547039398482,297.5320228932964,14.932171996761262,1.6591891019814073,-1.3832983972235582,2.1601904850950375,299.43561588347416,13.85884767150467,301.088821197734,12.476136980523123,2.1552207928774934
o_taylor_order4_all_state_local,SEX_23W,15,1,247.79684977255494,-80.04354705607172,251.33695716828865,-78.38063662818706,3.540107395733701,1.662910427884651,3.911218667435504,247.10911507987436,-80.73344426724805,250.65266967048743,-79.06718089506658,3.915764645906153
o_taylor_order4_all_state_local,SEX_24W,16,1,202.28605968292905,-292.145432721913,197.90499480455304,-278.8796382191951,-4.381064878375998,13.26579450271789,13.970505833966065,204.74388219127647,-291.30581274690735,200.36385255405895,-278.0468819230998,13.963663781881102
o_taylor_order4_all_state_local,SEX_25W,17,1,326.6014803341537,223.5498128514862,323.2340250596751,230.3071981523564,-3.3674552744785955,6.757385300870179,7.549967624435887,328.01261249637764,228.40776579955855,324.64721145781033,235.15888201196552,7.543440479238513
o_taylor_order4_all_state_local,SEX_26W,18,1,-262.9392552695921,-240.1804770289665,-264.1797314842267,-241.8482105785849,-1.2404762146345747,-1.6677335496184371,2.078488977983053,-263.81458223409663,-238.80186278518468,-265.0564689581184,-240.4662304039917,2.0766324195280124
o_taylor_order4_all_state_local,SEX_27W,19,1,292.08709004046875,307.74978274763066,294.17926695506765,308.86601733325347,2.0921769145988893,1.1162345856227986,2.3713253450593887,290.5971520580682,304.1456195285047,292.6876585944452,305.2483529529074,2.3635224949066984
o_taylor_order4_all_state_local,SEX_28W,20,1,-193.58564641456005,-232.0999300966925,-192.02627641216472,-224.53800286610704,1.5593700023953028,7.561927230585448,7.721034791078203,-198.11207089990128,-233.97641928826644,-196.55091971207395,-226.41301355215737,7.722842699437948
o_taylor_order4_all_state_local,SEX_29W,21,1,224.5025568570844,63.15536856328728,230.2924786038312,66.45146414728082,5.789921746746822,3.296095583993537,6.662389956485095,225.0140095020821,60.563474749043884,230.80688570420958,63.85755052196361,6.66395902530256
o_taylor_order4_all_state_local,SEX_30W,22,1,-220.94539809374385,19.79264158071054,-223.37583139078984,18.5282183722611,-2.4304332970459908,-1.264423208449442,2.739666414265691,-217.12710565977898,16.173475545625696,-219.55758600970765,14.909043659720346,2.739712161064277
o_taylor_order4_all_state_local,SEX_31W,23,1,-5.958879115605153,-29.50490323300744,-11.66760617250435,-30.49506253078065,-5.708727056899197,-0.9901592977732135,5.793960652708967,-7.088408397386448,-30.67822939559093,-12.798037062373462,-31.668411128644056,5.794852833033249
o_taylor_order4_all_state_local,SEX_32W,24,1,11.00836147882609,276.41470104857456,8.765034222896608,273.5380625188747,-2.2433272559294837,-2.876638529699836,3.6479537288389143,12.573191122045623,277.49751586456006,10.332208695006422,274.62095032852653,3.6464546509444182
o_taylor_order4_all_state_local,SEX_33W,25,1,-344.94245376866894,-258.8567328409007,-337.9165243523334,-257.70520088548375,7.025929416335582,1.1515319554169612,7.11967063898858,-343.36088444655496,-248.1310015915541,-336.33262450559766,-246.98850067542676,7.120515862001623
o_taylor_order4_all_state_local,SEX_34W,26,1,329.9062522751772,327.78692995996084,331.94095102436415,323.24248503066536,2.034698749186917,-4.54444492929549,4.979154417704104,323.2141865728632,331.79429545784194,325.2515212736676,327.2670682582499,4.964526039797585
o_taylor_order4_all_state_local,SEX_35W,27,1,-333.86806430931733,122.9015876831949,-333.07097847940656,124.89036253557896,0.7970858299107507,1.9887748523840465,2.142561838948808,-332.0727166161641,124.09642925768216,-331.27420647284,126.0860548349673,2.143881616782675
o_taylor_order4_all_state_local,SEX_36W,28,1,207.6922738105197,-25.822996633678656,210.63669752782482,-23.031748808641396,2.944423717305116,2.79124782503726,4.05717826177309,206.32908978022022,-27.69852107145163,209.2721474045795,-24.907416063390542,4.056088675845598
o_taylor_order4_all_state_local,SEX_37W,29,1,-256.8271941792112,187.41237876641262,-253.12004091328993,192.31259956816817,3.707153265921259,4.900220801755553,6.14452188888513,-256.58091490295436,184.56515839650191,-252.87194693914353,189.46751563238917,6.14732054027045
o_taylor_order4_all_state_local,SEX_38W,30,1,76.66420208088688,141.93620468303396,75.70453122384662,140.3255260791465,-0.9596708570402637,-1.610678603887445,1.8749009890853445,73.18637174342766,140.44596590732866,72.22809766389736,138.83615845237878,1.8734378168254804
o_taylor_order4_all_state_local,SEX_39W,31,1,67.97543658044252,117.72501797339741,59.96794039893642,118.96573445557162,-8.007496181506099,1.2407164821742034,8.103047111178208,68.1488667677876,116.43245183412387,60.13949707635855,117.67233082090868,8.104770370334549
o_taylor_order4_all_state_local,SEX_40W,32,1,-259.72436762069776,293.77384137690643,-267.193441592016,287.51971327798515,-7.46907397131824,-6.254128098921306,9.741723885778157,-261.0658896360231,292.14788114096433,-268.53511963086106,285.89448580693005,9.741373102366477
o_taylor_order4_all_state_local,SEX_41W,33,1,-301.16765666424413,-161.19551111329451,-299.151687898321,-163.54167282537202,2.015968765923127,-2.3461617120775067,3.093316156553687,-301.83843886820875,-162.043137757084,-299.81744466630295,-164.39793952381694,3.1031450054333116
o_taylor_order4_all_state_local,SEX_42W,34,1,-315.33451770363655,-144.99162789492664,-317.0641786800878,-140.67028117743513,-1.7296609764512623,4.3213467174914975,4.654649776968497,-317.6086179758694,-146.14178961892642,-319.3409076205735,-141.8170989165751,4.658731274086652
o_taylor_order4_all_state_local,SEX_43W,35,1,-336.9541540919942,-216.8848665155885,-333.10857575885257,-223.35404121862507,3.845578333141618,-6.469174703036565,7.525868325631036,-337.0713049537888,-213.7797840236517,-333.22343976245577,-220.25688036665514,7.533846531966294
o_taylor_order4_all_state_local,SEX_44W,36,1,315.83446789296613,110.72376437817665,303.8766903256212,115.49686126484366,-11.957777567344925,4.773096886667,12.875204784375576,317.23196416559074,112.21445278693017,305.28062227677697,116.98492922442063,12.86825622934072
o_taylor_order4_all_state_local,SEX_45W,37,1,-333.8235796224767,173.80123568844806,-337.67991924222486,177.76968737684058,-3.856339619748121,3.9684516883924994,5.5335308859664245,-333.4127626469296,175.8835257588616,-337.27714519155904,179.83550306327007,5.5273481042717405
o_taylor_order4_all_state_local,SEX_47W,38,1,-221.74824256327358,97.78920188123108,-226.4732499696205,95.99606565790565,-4.725007406346932,-1.793136223325427,5.053813659548117,-220.47152824255295,99.03244379343816,-225.21169140899306,97.22247717217267,5.073965511764027
o_taylor_order4_all_state_local,SEX_47E,39,1,-33.82754739593029,108.02615412215195,-35.438803616975896,112.29187657541186,-1.6112562210456098,4.265722453259909,4.559883184699354,-33.615275724730445,103.50806887843557,-35.22394518721226,107.77283050567183,4.558070773547572
o_taylor_order4_all_state_local,SEX_45E,40,1,277.0280053006083,-311.90552491486545,270.92108414074363,-318.1616330660876,-6.106921159864666,-6.256108151222138,8.742618329344527,279.6526076348776,-311.7312249054906,273.56100448970005,-318.018391132076,8.75420402087211
o_taylor_order4_all_state_local,SEX_44E,41,1,-82.68239106405964,-197.714153473351,-86.76269465255761,-196.0019225972638,-4.08030358849797,1.7122308760871692,4.424998525122426,-81.01836347503703,-198.25423411598618,-85.0987031479452,-196.54216335715745,4.4249698450435435
o_taylor_order4_all_state_local,SEX_43E,42,1,307.4771991186925,-300.4012680263749,309.5390347557613,-292.3439330900638,2.0618356370687976,8.057334936311115,8.316959328395598,307.81902310051447,-302.77127288272897,309.8808913233002,-294.71177573423506,8.319062137928475
o_taylor_order4_all_state_local,SEX_42E,43,1,-181.76897776258988,110.91344079358615,-181.09909632058918,113.23345109841951,0.6698814420006771,2.320010304833367,2.4147854896180565,-185.85857458020453,111.0180114768067,-185.18890715483153,113.33766962899311,2.4143877906439486
o_taylor_order4_all_state_local,SEX_41E,44,1,-183.178442740663,74.01861817521778,-181.82493727991857,71.52917113905809,1.3535054607444121,-2.489447036159686,2.83360610849659,-182.86529248953295,75.20859896024919,-181.5110945804978,72.71983329662088,2.83333840288985
o_taylor_order4_all_state_local,SEX_40E,45,1,94.81769151574859,292.87486083754584,88.75711754867787,300.51763727654026,-6.060573967070723,7.642776438994457,9.754106238235472,98.79065067065567,291.0299502801058,92.73029248439751,298.67271905034943,9.753966158499669
o_taylor_order4_all_state_local,SEX_39E,46,1,170.08469436152095,141.39523758564857,171.29876958087488,137.95020241493938,1.2140752193539175,-3.445035170709205,3.6527039252686033,170.22333997014147,148.05572171699566,171.4375837381357,144.60994106793567,3.653463043408144
o_taylor_order4_all_state_local,SEX_38E,47,1,50.81358069178339,105.77275457216284,49.07254902837174,105.19504945748051,-1.7410316634116547,-0.5777051146823318,1.8343757664481068,50.33544935496328,108.03803437619533,48.594570901175636,107.46043649079874,1.8341965838144703
o_taylor_order4_all_state_local,SEX_37E,48,1,-45.82121124908348,-129.7618230698066,-49.089277297851474,-128.34417722960148,-3.2680660487679933,1.417645840205131,3.562299177127176,-46.66850438752963,-130.7837820710032,-49.936815667314626,-129.36624722116537,3.562479989006907
o_taylor_order4_all_state_local,SEX_36E,49,1,-257.0221808722122,-192.44253466123357,-252.14411468676604,-193.43479843918857,4.8780661854461105,-0.9922637779549974,4.97796314918404,-254.52591381483074,-197.91728729715032,-249.64791055663613,-198.9092706090987,4.977845586008182
o_taylor_order4_all_state_local,SEX_35E,50,1,-49.63353701693787,114.07193247782787,-50.6646909737494,114.92955700206979,-1.0311539568115302,0.8576245242419139,1.341192867274966,-50.1082053141162,119.30466081486092,-51.13977299437276,120.16219868282359,1.3414555803081445
o_taylor_order4_all_state_local,SEX_34E,51,1,197.78969230251843,42.68768406602136,197.66523723984457,43.29498185459579,-0.12445506267385037,0.6072977885744282,0.6199190807133967,199.19663153610693,45.80081837287695,199.10332279990396,46.40875631107025,0.6150569542298656
o_taylor_order4_all_state_local,SEX_33E,52,1,-134.9910500582757,-75.37316289667437,-136.44316543513153,-73.35187720920403,-1.4521153768558142,2.0212856874703435,2.4888219900333497,-135.67242035013385,-62.279628923445784,-137.12456909561345,-60.258397757518814,2.488797180389061
o_taylor_order4_all_state_local,SEX_32E,53,1,-273.7437504896078,-233.05912530141632,-270.4186465858217,-234.1035737905638,3.3251039037861143,-1.0444484891474708,3.485281712782496,-272.1680641571084,-233.43570572665826,-268.8430504783668,-234.47966853157936,3.485050114686667
o_taylor_order4_all_state_local,SEX_31E,54,1,339.5258999032846,5.711096918832099,342.4498467390928,5.297518642490921,2.9239468358081617,-0.4135782763411782,2.953051318432157,339.0183434163465,7.841661436767345,341.9452163684478,7.427987719195284,2.955961979179017
o_taylor_order4_all_state_local,SEX_30E,55,1,219.70236402688977,-39.7636712736877,217.41928168095998,-38.40206402886733,-2.283082345929776,1.3616072448203687,2.6582775038440825,221.63741337244448,-40.57204019219349,219.35434723906238,-39.21041940957084,2.6582705138992675
o_taylor_order4_all_state_local,SEX_29E,56,1,318.8599932196571,-332.76089279721475,330.46819924353645,-323.3487642666382,11.608206023879355,9.412128530576519,14.94451774293575,319.1075799771999,-335.40725858036507,330.71574095991036,-325.9930728319023,14.9457784911687
o_taylor_order4_all_state_local,SEX_28E,57,1,284.8467308619659,252.07147706191296,272.96893128780846,264.27248130452864,-11.877799574157407,12.201004242615685,17.02781921598241,288.94409856783994,255.0210167924274,277.0662421520431,267.22236540967066,17.028105623168692
o_taylor_order4_all_state_local,SEX_27E,58,1,-276.501346548731,-250.2170009069759,-285.017912441385,-249.12611140012757,-8.516565892653997,1.0908895068483102,8.58614782775542,-277.6371778013466,-246.7966955864003,-286.15346048822227,-245.7082013026161,8.585562917398553
o_taylor_order4_all_state_local,SEX_26E,59,1,-141.82342867637786,132.20568987203683,-141.54883930710088,136.85648672433732,0.27458936927696515,4.650796852300484,4.6588958652333075,-141.58198189223114,135.51717850287224,-141.3073040558446,140.1677888313472,4.65871488085714
o_taylor_order4_all_state_local,SEX_25E,60,1,124.81642775829542,19.227208395812468,123.51957726247808,19.627490708181274,-1.2968504958173503,0.4002823123688045,1.357220371972446,125.7525068939601,28.031597156127308,124.45565905139702,28.431850389980973,1.3572092609361424
o_taylor_order4_all_state_local,SEX_24E,61,1,-137.04549182817865,-89.14573093231665,-137.67999973747968,-90.69221950772044,-0.6345079093010239,-1.5464885754037825,1.6715942093761802,-143.0259612838766,-86.48802281450212,-143.66041223550857,-88.03417920323255,1.671265265730921
o_taylor_order4_all_state_local,SEX_23E,62,1,315.73803057882884,-266.5939516488173,325.0640543605182,-257.72378578614996,9.326023781689331,8.870165862667365,12.87068615140096,316.671219198094,-271.41519563850414,325.9975666596427,-262.54323695990837,12.872156298314883
o_taylor_order4_all_state_local,SEX_22E,63,1,-307.08770028485964,-338.04330491983836,-307.0268480620028,-347.68545250656575,0.06085222285681473,-9.642147586727425,9.642339605990868,-307.95020807703037,-338.2806660139509,-307.8890069827757,-347.9186843080628,9.638212604605311
o_taylor_order4_all_state_local,SEX_21E,64,1,105.24292208478312,-9.33332768034269,109.86785362446379,-11.059581945311855,4.624931539680682,-1.7262542649691666,4.936592502329654,104.26525975414833,-6.445728516822968,108.89066682253008,-8.171936880836311,4.937021963109486
o_taylor_order4_all_state_local,SEX_20E,65,1,279.1306471180771,-50.20509305355426,274.91356245022683,-48.4700057374779,-4.21708466785025,1.7350873160763625,4.560080162697441,280.32515192330845,-52.27551186570167,276.10789502414394,-50.54079274211323,4.560099361997966
o_taylor_order4_all_state_local,SEX_19E,66,1,-220.38197220636525,-59.36989753058886,-225.04633700717648,-59.084853193517596,-4.664364800811231,0.2850443370712609,4.673066366866962,-222.9778812201122,-63.15514361549564,-227.63420188055127,-62.87587351598304,4.664687972556539
o_taylor_order4_all_state_local,SEX_18E,67,1,169.46693828742767,-269.8663364893998,162.0988305878639,-276.1924238944242,-7.36810769956376,-6.326087405024373,9.711250842624692,170.62961237720964,-268.77930240295376,163.2617143077768,-275.10566839255836,9.711273273674154
o_taylor_order4_all_state_local,SEX_17E,68,1,113.23510859121687,249.06145553895743,113.86791276071146,242.11693764762674,0.6328041694946023,-6.9445178913306975,6.973289744442139,112.80231305993411,251.69679408899506,113.43433290956584,244.7512390872465,6.974251456080643
o_taylor_order4_all_state_local,SEX_16E,69,1,193.62720363433078,343.4609812527521,187.08731959728382,347.77253766951566,-6.539884037046976,4.311556416763582,7.833237003497154,197.58615212452912,348.8850446017207,191.0472532802873,353.1978320582651,7.833092220863582
o_taylor_order4_all_state_local,SEX_15E,70,1,-47.86828938490449,-225.60720315843864,-51.977872921947046,-223.44529151711828,-4.109583537042557,2.1619116413203576,4.643548082318917,-51.44319385520666,-224.8287964970763,-55.56345545388901,-222.6698204374021,4.651637697394619
o_taylor_order4_all_state_local,SEX_14E,71,1,-76.5307577472186,-186.87320352279232,-75.93227686521891,-186.4993223648002,0.5984808819996902,0.37388115799210353,0.7056674049583439,-78.61629409965356,-190.87820620807796,-78.01318355843856,-190.4992738169913,0.7122724773142222
o_taylor_order4_all_state_local,SEX_13E,72,1,-17.060542094856846,256.9469611706423,-19.662693301942046,254.9842495525238,-2.6021512070851998,-1.9627116181184825,3.2593600292744944,-17.020619351001585,260.7309186890307,-19.62312670559178,258.7682463956374,3.2596206929564384
o_taylor_order4_all_state_local,SEX_12E,73,1,72.89764851156983,-187.97720926031522,69.31412692259903,-191.14439049673643,-3.583521588970795,-3.1671812364212073,4.7825373979675625,73.67130649291816,-184.9088933937355,70.11720313756786,-188.0860016690684,4.767144601719261
o_taylor_order4_all_state_local,SEX_11E,74,1,335.0645074690009,135.58424665209506,338.6892697476193,132.0640081144427,3.6247622786184053,-3.520238537652379,5.052819108029483,335.1325450468323,133.44642188670687,338.75851372816936,129.9250595213299,5.054467507693622
o_taylor_order4_all_state_local,SEX_10AE,75,1,21.752425105752845,116.69939569236321,22.429953033009678,115.60280374927353,0.6775279272568323,-1.0965919430896693,1.2890143450955525,29.43471705225129,119.26282354763151,30.112188836853583,118.16621101449843,1.2890023532782098
o_taylor_order4_all_state_local,SEX_09AE,76,1,-179.91101920982948,299.6342479108496,-183.37076690017085,308.7257489738186,-3.4597476903413713,9.091501062969028,9.727550856139969,-176.9947137834956,293.0701331283445,-180.4532544628768,302.15941548845956,9.72504794090154
fd_quartic_source_oracle_local,SEX_09AW,1,1,-159.92864014096077,165.12848489857137,-156.98869362310558,167.32626448029632,2.939946517855176,2.1977795817249457,3.6706294579671006,-164.44292724558935,170.23477480632752,-161.5027830203673,172.42640656527706,3.6671102835806204
fd_quartic_source_oracle_local,SEX_10W,2,1,179.95127510638562,-215.99891971497928,183.7134356018817,-222.07764835498077,3.762160495496107,-6.078728640001462,7.148761674069541,177.5019025021509,-212.05176189671838,181.26297324914387,-218.12386389209507,7.142553871420498
fd_quartic_source_oracle_local,SEX_10AW,3,1,227.30130422117387,-219.76742860669157,223.16984394770085,-222.70880222178022,-4.131460273473027,-2.9413736150886667,5.071552300314529,226.23103698239794,-223.00425739292385,222.09921762417872,-225.9450012685407,5.071479641182924
fd_quartic_source_oracle_local,SEX_12W,4,1,111.16074210776075,50.89917041431443,106.77343324811339,51.91533069850676,-4.387308859647368,1.0161602841923232,4.503449872387847,113.82059441713355,50.20947658857351,109.43550671821698,51.22730578908007,4.501663071420736
fd_quartic_source_oracle_local,SEX_13W,5,1,144.2813196100936,-335.9701885333384,147.46101086516958,-328.5646985894363,3.1796912550760115,7.405489943902114,8.05926285629413,144.8679567752435,-334.56756844272326,148.0423155892686,-327.1599942490441,8.059076207298236
fd_quartic_source_oracle_local,SEX_14W,6,1,270.9504871485135,196.8529448090757,269.4481208218192,199.89005037324011,-1.502366326694253,3.03710556416443,3.3883793747842526,271.3438367980622,196.7905902403648,269.83379213687584,199.84106999805783,3.403771677253416
fd_quartic_source_oracle_local,SEX_15W,7,1,204.2724171702461,-317.3662127174877,206.38584939405425,-316.0706972115307,2.1134322238081884,1.2955155059569392,2.47890221485352,202.39132311269046,-314.72223213451025,204.4901398229201,-313.3855502166596,2.4883227549190843
fd_quartic_source_oracle_local,SEX_16W,8,1,-87.22225037625759,139.5500357016768,-83.28495987719735,142.98124356441704,3.937290499060245,3.43120786274026,5.222589766707764,-92.63426826533605,138.1015493251615,-88.7006151500741,141.53527519259103,5.221503630551718
fd_quartic_source_oracle_local,SEX_17W,9,1,88.11072913846165,336.43476666389677,89.2223165247004,327.8595414305788,1.1115873862387526,-8.575225233317923,8.64697139577653,87.89619748053033,331.43890608758613,89.00145589729665,322.859354640265,8.650450809354542
fd_quartic_source_oracle_local,SEX_18W,10,1,86.46734115943048,-85.01975449085874,79.51713964360704,-88.95496057214287,-6.95020151582343,-3.9352060812841265,7.986936084177078,86.62386689221555,-84.1060673006528,79.67339211114235,-88.04153095545558,7.987300786912197
fd_quartic_source_oracle_local,SEX_19W,11,1,192.10617447474135,-1.1416141395201969,195.80218584736707,-1.2756905861964345,3.6960113726257413,-0.13407644667623766,3.6984424505637694,189.80749768846735,-7.565623735603965,193.50884617326162,-7.69971730208437,3.703776679345052
fd_quartic_source_oracle_local,SEX_20W,12,1,-93.57823965767038,187.37501383834714,-90.93279757509168,190.93325110074454,2.645442082578701,3.558237262397387,4.433894025322616,-95.66345286566084,187.9554248578354,-93.01691973719531,191.51313706086182,4.434123782623666
fd_quartic_source_oracle_local,SEX_21W,13,1,182.73422543368665,127.1639562452907,189.92217825522042,121.35334458436894,7.1879528215337745,-5.810611660921769,9.242828227260063,182.53643660054558,117.400569990707,189.72645227737394,111.5855405291603,9.24721001555028
fd_quartic_source_oracle_local,SEX_22W,14,1,295.872833791315,16.31547039398482,295.1627847921908,17.33855959850864,-0.7100489991242144,1.023089204523817,1.2453437684312212,299.43561588347416,13.85884767150467,298.71958309662836,14.882524582270499,1.249246720817498
fd_quartic_source_oracle_local,SEX_23W,15,1,247.79684977255494,-80.04354705607172,255.77076963956188,-77.33494025785116,7.973919867006933,2.708606798220559,8.421398270644518,247.10911507987436,-80.73344426724805,255.08648214176068,-78.02148452473067,8.425740969499564
fd_quartic_source_oracle_local,SEX_24W,16,1,202.28605968292905,-292.145432721913,187.8604543038614,-293.9133599318382,-14.42560537906766,-1.7679272099252246,14.533535604668941,204.74388219127647,-291.30581274690735,190.3193120533673,-293.08060363574293,14.53334463785109
fd_quartic_source_oracle_local,SEX_25W,17,1,326.6014803341537,223.5498128514862,330.60287294131757,220.67756225529993,4.001392607163906,-2.8722505961862805,4.9255422324814555,328.01261249637764,228.40776579955855,332.0160593394528,225.52924611490906,4.930868300841463
fd_quartic_source_oracle_local,SEX_26W,18,1,-262.9392552695921,-240.1804770289665,-265.08041912429314,-241.63096418161112,-2.1411638547010665,-1.450487152644648,2.5862126039182294,-263.81458223409663,-238.80186278518468,-265.9571565981849,-240.2489840070179,2.5854950660034555
fd_quartic_source_oracle_local,SEX_27W,19,1,292.08709004046875,307.74978274763066,296.35384168536217,303.24295259010466,4.266751644893411,-4.506830157525988,6.206181407917944,290.5971520580682,304.1456195285047,294.86223332473975,299.6252882097586,6.214846212300774
fd_quartic_source_oracle_local,SEX_28W,20,1,-193.58564641456005,-232.0999300966925,-185.79622952752538,-235.54302766442237,7.7894168870346485,-3.4430975677298834,8.51645092165322,-198.11207089990128,-233.97641928826644,-190.3208728274346,-237.4180383504727,8.517482560812798
fd_quartic_source_oracle_local,SEX_29W,21,1,224.5025568570844,63.15536856328728,227.86440005949964,60.954256537976775,3.3618432024152636,-2.201112025310511,4.0183185370988515,225.0140095020821,60.563474749043884,228.37880715987802,58.36034291265956,4.0218967125473295
fd_quartic_source_oracle_local,SEX_30W,22,1,-220.94539809374385,19.79264158071054,-219.90122337429514,20.256144703144475,1.0441747194487194,0.46350312243393155,1.1424254852032216,-217.12710565977898,16.173475545625696,-216.08297799321292,16.63696999060372,1.1423789584083541
fd_quartic_source_oracle_local,SEX_31W,23,1,-5.958879115605153,-29.50490323300744,-6.025720186775698,-29.173697126462606,-0.06684107117054452,0.331206106544833,0.3378834322777799,-7.088408397386448,-30.67822939559093,-7.15615107664481,-30.347045724326012,0.3380409660168583
fd_quartic_source_oracle_local,SEX_32W,24,1,11.00836147882609,276.41470104857456,10.858397106809894,277.68659174208545,-0.149964372016198,1.2718906935109258,1.2807010771893323,12.573191122045623,277.49751586456006,12.425571578919707,278.7694795517373,1.2805011327641584
fd_quartic_source_oracle_local,SEX_33W,25,1,-344.94245376866894,-258.8567328409007,-348.2309900125747,-253.0726890758766,-3.288536243905725,5.7840437650241,6.653542883546761,-343.36088444655496,-248.1310015915541,-346.647090165839,-242.35598886581963,6.644540617066794
fd_quartic_source_oracle_local,SEX_34W,26,1,329.9062522751772,327.78692995996084,325.1718370900704,330.48536373909485,-4.734415185106834,2.6984337791340116,5.449424924277941,323.2141865728632,331.79429545784194,318.4824073393739,334.50994696667937,5.455684909517016
fd_quartic_source_oracle_local,SEX_35W,27,1,-333.86806430931733,122.9015876831949,-334.7323205271576,124.24325553996132,-0.8642562178402358,1.341667856766417,1.5959359159927757,-332.0727166161641,124.09642925768216,-332.93554852059094,125.43894783934967,1.5958806463578155
fd_quartic_source_oracle_local,SEX_36W,28,1,207.6922738105197,-25.822996633678656,203.79968211778572,-26.76416124668417,-3.892591692733976,-0.9411646130055149,4.004754788387846,206.32908978022022,-27.69852107145163,202.4351319945404,-28.639828501433318,4.006116188329448
fd_quartic_source_oracle_local,SEX_37W,29,1,-256.8271941792112,187.41237876641262,-260.1784537080523,183.15503113324033,-3.351259528841142,-4.257347633172272,5.418113075538947,-256.58091490295436,184.56515839650191,-259.9303597339059,180.30994719746133,5.4153119045931835
fd_quartic_source_oracle_local,SEX_38W,30,1,76.66420208088688,141.93620468303396,75.05244716413036,144.67647022463925,-1.6117549167565164,2.7402655416052966,3.1791208140299063,73.18637174342766,140.44596590732866,71.5760136041811,143.18710259787153,3.1791639927625517
fd_quartic_source_oracle_local,SEX_39W,31,1,67.97543658044252,117.72501797339741,70.78903009037255,115.25536525670088,2.8135935099300333,-2.469652716696535,3.743727150876113,68.1488667677876,116.43245183412387,70.96058676779468,113.96196162203795,3.742872058520326
fd_quartic_source_oracle_local,SEX_40W,32,1,-259.72436762069776,293.77384137690643,-250.98641988930126,297.4731845099275,8.737947731396488,3.6993431330210402,9.488776010236883,-261.0658896360231,292.14788114096433,-252.32809792814635,295.8479570388724,9.488918040562892
fd_quartic_source_oracle_local,SEX_41W,33,1,-301.16765666424413,-161.19551111329451,-303.72560578882155,-157.6712128356943,-2.557949124577417,3.5242982776002125,4.354742480723997,-301.83843886820875,-162.043137757084,-304.3913625568035,-158.52747953413922,4.34479828074297
fd_quartic_source_oracle_local,SEX_42W,34,1,-315.33451770363655,-144.99162789492664,-310.01476148516986,-146.79090539515838,5.319756218466693,-1.7992775002317245,5.615799653366844,-317.6086179758694,-146.14178961892642,-312.2914904256555,-147.93772313429832,5.6122386421889745
fd_quartic_source_oracle_local,SEX_43W,35,1,-336.9541540919942,-216.8848665155885,-342.1964253178927,-212.53149542738043,-5.242271225898486,4.353371088208085,6.814194555303603,-337.0713049537888,-213.7797840236517,-342.3112893214959,-209.4343345754105,6.80737593210738
fd_quartic_source_oracle_local,SEX_44W,36,1,315.83446789296613,110.72376437817665,322.02342000371755,104.7115651799408,6.188952110751421,-6.012199198235851,8.628422070601452,317.23196416559074,112.21445278693017,323.42735195487336,106.19963313951777,8.63486451836332
fd_quartic_source_oracle_local,SEX_45W,37,1,-333.8235796224767,173.80123568844806,-334.19192421590526,175.2252518328602,-0.3683445934285468,1.424016144412147,1.470883992385014,-333.4127626469296,175.8835257588616,-333.7891501652395,177.29106751928973,1.4569973820458773
fd_quartic_source_oracle_local,SEX_47W,38,1,-221.74824256327358,97.78920188123108,-213.969516563,101.06811595882783,7.7787260002735765,3.2789140775967542,8.441555290086912,-220.47152824255295,99.03244379343816,-212.70795800237255,102.29452747309486,8.421057701221219
fd_quartic_source_oracle_local,SEX_47E,39,1,-33.82754739593029,108.02615412215195,-34.92259368433913,104.4662614668003,-1.095046288408838,-3.559892655351652,3.7245083019621004,-33.615275724730445,103.50806887843557,-34.70773525457548,99.94721539706028,3.7246671448831115
fd_quartic_source_oracle_local,SEX_45E,40,1,277.0280053006083,-311.90552491486545,281.52404519718124,-307.991284350651,4.496039896572962,3.9142405642144804,5.961178905729797,279.6526076348776,-311.7312249054906,284.16396554613766,-307.8480424166394,5.952432817362108
fd_quartic_source_oracle_local,SEX_44E,41,1,-82.68239106405964,-197.714153473351,-79.28369770942216,-205.23684029724745,3.398693354637482,-7.522686823896462,8.254812751921296,-81.01836347503703,-198.25423411598618,-77.61970620480975,-205.7770810571411,8.254943812074838
fd_quartic_source_oracle_local,SEX_43E,42,1,307.4771991186925,-300.4012680263749,301.4084325772924,-305.40819635484934,-6.068766541400149,-5.006928328474421,7.867608189309988,307.81902310051447,-302.77127288272897,301.7502891448313,-307.7760389990206,7.866207199384153
fd_quartic_source_oracle_local,SEX_42E,43,1,-181.76897776258988,110.91344079358615,-185.71714078452848,106.61698574044192,-3.9481630219385964,-4.2964550531442285,5.835025044632789,-185.85857458020453,111.0180114768067,-189.8069516187708,106.72120427101552,5.835429153234276
fd_quartic_source_oracle_local,SEX_41E,44,1,-183.178442740663,74.01861817521778,-180.71495557753437,75.18486368778844,2.463487163128624,1.1662455125706501,2.7256004106417904,-182.86529248953295,75.20859896024919,-180.40111287811357,76.37552584535122,2.726517836455284
fd_quartic_source_oracle_local,SEX_40E,45,1,94.81769151574859,292.87486083754584,101.18799195765223,290.10760945365996,6.370300441903637,-2.7672513838858577,6.9453875299896595,98.79065067065567,291.0299502801058,105.16116689337186,288.2626912274691,6.945588499781009
fd_quartic_source_oracle_local,SEX_39E,46,1,170.08469436152095,141.39523758564857,165.63098391698796,146.33841476370938,-4.4537104445330025,4.943177178060807,6.6536108495645845,170.22333997014147,148.05572171699566,165.76979807424877,152.9981534167057,6.652944199733684
fd_quartic_source_oracle_local,SEX_38E,47,1,50.81358069178339,105.77275457216284,51.22326128508834,103.20354148731394,0.40968059330494866,-2.569213084848901,2.601671398138032,50.33544935496328,108.03803437619533,50.74528315789224,105.46892852063216,2.6015896377238543
fd_quartic_source_oracle_local,SEX_37E,48,1,-45.82121124908348,-129.7618230698066,-45.048972415389336,-133.1459974716219,0.7722388336941466,-3.3841744018153026,3.471165394815876,-46.66850438752963,-130.7837820710032,-45.89651078485249,-134.1680674631858,3.47121905651529
fd_quartic_source_oracle_local,SEX_36E,49,1,-257.0221808722122,-192.44253466123357,-262.7614304116591,-189.0054963299255,-5.739249539446933,3.437038331308086,6.6897098417586776,-254.52591381483074,-197.91728729715032,-260.2652262815292,-194.47996849983562,6.68990792946908
fd_quartic_source_oracle_local,SEX_35E,50,1,-49.63353701693787,114.07193247782787,-49.08414755517963,114.92158794630433,0.5493894617582444,0.8496554684764572,1.011801954832546,-50.1082053141162,119.30466081486092,-49.55922957580299,120.15422962705813,1.0115045862054712
fd_quartic_source_oracle_local,SEX_34E,51,1,197.78969230251843,42.68768406602136,199.89069401091248,41.882612128494095,2.1010017083940453,-0.8050719375272681,2.2499664449205916,199.19663153610693,45.80081837287695,201.32877957097188,44.996386584968555,2.2788518477461084
fd_quartic_source_oracle_local,SEX_33E,52,1,-134.9910500582757,-75.37316289667437,-132.11238504417508,-77.61946607997032,2.8786650141006396,-2.246303183295938,3.651381965050014,-135.67242035013385,-62.279628923445784,-132.793788704657,-64.5259866282851,3.6513891998021193
fd_quartic_source_oracle_local,SEX_32E,53,1,-273.7437504896078,-233.05912530141632,-277.5852281872396,-230.08748856239836,-3.8414776976317557,2.9716367390179257,4.8567042127437885,-272.1680641571084,-233.43570572665826,-276.0096320797847,-230.46358330341397,4.857072760756909
fd_quartic_source_oracle_local,SEX_31E,54,1,339.5258999032846,5.711096918832099,338.78866960865577,6.002973119661035,-0.7372302946288563,0.29187620082893584,0.7929061886054891,339.0183434163465,7.841661436767345,338.2840392380108,8.133442196365397,0.790151022269126
fd_quartic_source_oracle_local,SEX_30E,55,1,219.70236402688977,-39.7636712736877,221.48839237732236,-39.10883263326879,1.7860283504325831,0.6548386404189074,1.9022909644779942,221.63741337244448,-40.57204019219349,223.42345793542472,-39.9171880139723,1.902310846384557
fd_quartic_source_oracle_local,SEX_29E,56,1,318.8599932196571,-332.76089279721475,316.48326116456593,-336.1522593296426,-2.3767320550911393,-3.391366532427831,4.141282677983877,319.1075799771999,-335.40725858036507,316.7308028809399,-338.7965678949067,4.13962401613295
fd_quartic_source_oracle_local,SEX_28E,57,1,284.8467308619659,252.07147706191296,303.4891580295146,247.75409971928025,18.642427167548703,-4.317377342632719,19.135826029101445,288.94409856783994,255.0210167924274,307.5864688937492,250.70398382442224,19.135692958844913
fd_quartic_source_oracle_local,SEX_27E,58,1,-276.501346548731,-250.2170009069759,-269.322591602147,-257.4643196252466,7.178754946584025,-7.247318718270736,10.200889725278968,-277.6371778013466,-246.7966955864003,-270.45813964898423,-254.04640952773514,10.202790844874702
fd_quartic_source_oracle_local,SEX_26E,59,1,-141.82342867637786,132.20568987203683,-144.77737543754006,128.71463115154216,-2.953946761162209,-3.4910587204946917,4.5731053407638385,-141.58198189223114,135.51717850287224,-144.5358401862838,132.02593325855202,4.573190590532205
fd_quartic_source_oracle_local,SEX_25E,60,1,124.81642775829542,19.227208395812468,123.54665809394307,19.34675101049069,-1.2697696643523566,0.11954261467821936,1.2753844272350205,125.7525068939601,28.031597156127308,124.48273988286202,28.151110692290384,1.2753790604362174
fd_quartic_source_oracle_local,SEX_24E,61,1,-137.04549182817865,-89.14573093231665,-141.36780740666563,-89.70563961918361,-4.322315578486971,-0.559908686866955,4.358429728429751,-143.0259612838766,-86.48802281450212,-147.34821990469453,-87.04759931469573,4.358330580027604
fd_quartic_source_oracle_local,SEX_23E,62,1,315.73803057882884,-266.5939516488173,313.5360295843384,-268.0217113295643,-2.2020009944904366,-1.4277596807469912,2.6243677497072744,316.671219198094,-271.41519563850414,314.46954188346297,-272.8411625033227,2.6231211366083445
fd_quartic_source_oracle_local,SEX_22E,63,1,-307.08770028485964,-338.04330491983836,-312.6573938280841,-330.35688969278635,-5.569693543224451,7.686415227051982,9.492231834931799,-307.95020807703037,-338.2806660139509,-313.51955274885694,-330.5901214942833,9.49537124511685
fd_quartic_source_oracle_local,SEX_21E,64,1,105.24292208478312,-9.33332768034269,105.11573644388358,-9.414290483042164,-0.1271856408995378,-0.08096280269947569,0.15076857322393286,104.26525975414833,-6.445728516822968,104.13854964194987,-6.526645418566621,0.15034293306019222
fd_quartic_source_oracle_local,SEX_20E,65,1,279.1306471180771,-50.20509305355426,285.9530559880758,-49.15264361696963,6.8224088699987,1.052449436584631,6.9031089087457005,280.32515192330845,-52.27551186570167,287.1473885619929,-51.22343062160496,6.902882564435539
fd_quartic_source_oracle_local,SEX_19E,66,1,-220.38197220636525,-59.36989753058886,-215.5057388203405,-60.670917583384664,4.876233386024738,-1.301020052795802,5.046811390646482,-222.9778812201122,-63.15514361549564,-218.0936036937153,-64.4619379058501,5.056073404547147
fd_quartic_source_oracle_local,SEX_18E,67,1,169.46693828742767,-269.8663364893998,173.07287887962798,-262.1895808318107,3.605940592200322,7.676755657589154,8.481473043098415,170.62961237720964,-268.77930240295376,174.23576259954086,-261.10282532994484,8.481310021361768
fd_quartic_source_oracle_local,SEX_17E,68,1,113.23510859121687,249.06145553895743,108.45000608096521,257.72490858145363,-4.78510251025166,8.663453042496213,9.897101830998489,112.80231305993411,251.69679408899506,108.01642622981957,260.35921002107347,9.896573272147737
fd_quartic_source_oracle_local,SEX_16E,69,1,193.62720363433078,343.4609812527521,195.0410785473847,337.0718263223837,1.4138749130539197,-6.38915493036843,6.543725467500486,197.58615212452912,348.8850446017207,199.0010122303882,342.49712071113305,6.54273648797594
fd_quartic_source_oracle_local,SEX_15E,70,1,-47.86828938490449,-225.60720315843864,-47.37764636082691,-232.0369125654141,0.49064302407758503,-6.429709406975453,6.448402409529405,-51.44319385520666,-224.8287964970763,-50.96322889276887,-231.26144148569793,6.450526173484367
fd_quartic_source_oracle_local,SEX_14E,71,1,-76.5307577472186,-186.87320352279232,-75.7598822803078,-184.91435000726403,0.7708754669107928,1.9588535155282842,2.105078640047077,-78.61629409965356,-190.87820620807796,-77.84078897352745,-188.9143014594551,2.1114758019715363
fd_quartic_source_oracle_local,SEX_13E,72,1,-17.060542094856846,256.9469611706423,-16.54069291783774,271.4666267377859,0.5198491770191036,14.519665567143555,14.528968695283972,-17.020619351001585,260.7309186890307,-16.501126321487476,275.2506235808994,14.528995256199595
fd_quartic_source_oracle_local,SEX_12E,73,1,72.89764851156983,-187.97720926031522,76.4296788781954,-183.60722847659147,3.5320303666255883,4.369980783723739,5.61889406919903,73.67130649291816,-184.9088933937355,77.23275509316424,-180.54883964892346,5.62974109438829
fd_quartic_source_oracle_local,SEX_11E,74,1,335.0645074690009,135.58424665209506,333.3659086576383,137.11505270762765,-1.698598811362593,1.53080605553259,2.286614331630426,335.1325450468323,133.44642188670687,333.43515263818836,134.97610411451487,2.2849657999614963
fd_quartic_source_oracle_local,SEX_10AE,75,1,21.752425105752845,116.69939569236321,22.39958213560194,115.64350145130507,0.647157029849094,-1.055894241058138,1.2384364616656127,29.43471705225129,119.26282354763151,30.08181793944585,118.20690871652997,1.2384246802887093
fd_quartic_source_oracle_local,SEX_09AE,76,1,-179.91101920982948,299.6342479108496,-188.0837270461149,297.2227346455644,-8.17270783628541,-2.4115132652851603,8.52106505114984,-176.9947137834956,293.0701331283445,-185.16621460882084,290.65640116020535,8.520535649377234
o_taylor_order4_oracle_all_state_local,SEX_09AW,1,1,-159.92864014096077,165.12848489857137,-162.7399392775197,164.18742292730238,-2.811299136558945,-0.9410619712689808,2.9646248445605607,-164.44292724558935,170.23477480632752,-167.2540286747814,169.28756501228315,2.966394720724028
o_taylor_order4_oracle_all_state_local,SEX_10W,2,1,179.95127510638562,-215.99891971497928,187.66042550924763,-217.36811814386508,7.709150402862016,-1.3691984288857697,7.829795927839425,177.5019025021509,-212.05176189671838,185.20996315650976,-213.41433368097938,7.827566730379225
o_taylor_order4_oracle_all_state_local,SEX_10AW,3,1,227.30130422117387,-219.76742860669157,230.7430967307837,-219.77228607588273,3.4417925096098267,-0.004857469191173148,3.4417959373288323,226.23103698239794,-223.00425739292385,229.67247040726159,-223.00848512264318,3.44143602170189
o_taylor_order4_oracle_all_state_local,SEX_12W,4,1,111.16074210776075,50.89917041431443,112.06732596713064,52.392254014105525,0.9065838593698899,1.4930835997910852,1.7467664211436829,113.82059441713355,50.20947658857351,114.72939943723425,51.70422910467883,1.7493460632371773
o_taylor_order4_oracle_all_state_local,SEX_13W,5,1,144.2813196100936,-335.9701885333384,143.4265128651544,-342.8523583961167,-0.8548067449391924,-6.882169862778295,6.935052746109965,144.8679567752435,-334.56756844272326,144.00781758925342,-341.4476540557245,6.933643880493312
o_taylor_order4_oracle_all_state_local,SEX_14W,6,1,270.9504871485135,196.8529448090757,272.4003228903615,193.80190812783084,1.4498357418480061,-3.0510366812448555,3.3779947466864986,271.3438367980622,196.7905902403648,272.7859942054181,193.75292775264856,3.362619719336373
o_taylor_order4_oracle_all_state_local,SEX_15W,7,1,204.2724171702461,-317.3662127174877,204.00222054885134,-320.7682852796106,-0.2701966213947257,-3.402072562122928,3.412785362744453,202.39132311269046,-314.72223213451025,202.1065109777172,-318.0831382847395,3.3729524311612633
o_taylor_order4_oracle_all_state_local,SEX_16W,8,1,-87.22225037625759,139.5500357016768,-91.83710974960086,138.11724588294868,-4.6148593733432595,-1.432789818728102,4.832164494342576,-92.63426826533605,138.1015493251615,-97.25276502247762,136.67127751112267,4.834892941706268
o_taylor_order4_oracle_all_state_local,SEX_17W,9,1,88.11072913846165,336.43476666389677,82.19992190936907,340.1397591676919,-5.910807229092587,3.7049925037951774,6.976002548212811,87.89619748053033,331.43890608758613,81.97906128196531,335.1395723773781,6.979070982643122
o_taylor_order4_oracle_all_state_local,SEX_18W,10,1,86.46734115943048,-85.01975449085874,89.76412748053941,-79.0473849781336,3.2967863211089505,5.972369512725136,6.821876401957145,86.62386689221555,-84.1060673006528,89.92037994807473,-78.13395536144631,6.8215188442063734
o_taylor_order4_oracle_all_state_local,SEX_19W,11,1,192.10617447474135,-1.1416141395201969,193.4659214317517,-3.5323777400443266,1.3597469570103624,-2.3907636005241297,2.750393132024955,189.80749768846735,-7.565623735603965,191.17258175764624,-9.956404455932264,2.7530504842119203
o_taylor_order4_oracle_all_state_local,SEX_20W,12,1,-93.57823965767038,187.37501383834714,-92.31873738404597,184.51728308073996,1.2595022736244077,-2.857730757607193,3.1229747133525168,-95.66345286566084,187.9554248578354,-94.4028595461496,185.09716904085724,3.123895297939067
o_taylor_order4_oracle_all_state_local,SEX_21W,13,1,182.73422543368665,127.1639562452907,181.10781063959044,132.34172685823305,-1.6264147940962208,5.177770612942336,5.427203110507686,182.53643660054558,117.400569990707,180.91208466174393,122.5739228030244,5.422370195938405
o_taylor_order4_oracle_all_state_local,SEX_22W,14,1,295.872833791315,16.31547039398482,297.5234314556654,14.9308610941388,1.6505976643504234,-1.3846092998460209,2.1544408933129637,299.43561588347416,13.85884767150467,301.080229760103,12.47482607790066,2.1494814664849344
o_taylor_order4_oracle_all_state_local,SEX_23W,15,1,247.79684977255494,-80.04354705607172,251.35059754673824,-78.40766648463314,3.5537477741832837,1.635880571438568,3.9121897303841,247.10911507987436,-80.73344426724805,250.66631004893702,-79.09421075151266,3.9167234478623665
o_taylor_order4_oracle_all_state_local,SEX_24W,16,1,202.28605968292905,-292.145432721913,197.90829244642276,-278.8934335437393,-4.377767236506276,13.251999178173671,13.956372315015942,204.74388219127647,-291.30581274690735,200.36715019592867,-278.06067724764404,13.949530363168039
o_taylor_order4_oracle_all_state_local,SEX_25W,17,1,326.6014803341537,223.5498128514862,323.2379439969016,230.29805049119517,-3.3635363372520506,6.748237639708961,7.540032356296604,328.01261249637764,228.40776579955855,324.65113039503683,235.1497343508043,7.53350528397114
o_taylor_order4_oracle_all_state_local,SEX_26W,18,1,-262.9392552695921,-240.1804770289665,-264.18394230722646,-241.8508702867681,-1.2446870376343748,-1.670393257801624,2.083136927175974,-263.81458223409663,-238.80186278518468,-265.0606797811182,-240.46889011217485,2.0812830671547737
o_taylor_order4_oracle_all_state_local,SEX_27W,19,1,292.08709004046875,307.74978274763066,294.1645166794689,308.87578070543015,2.07742663900013,1.1259979577995007,2.362958493371397,290.5971520580682,304.1456195285047,292.67290831884645,305.2581163250841,2.3550824139633866
o_taylor_order4_oracle_all_state_local,SEX_28W,20,1,-193.58564641456005,-232.0999300966925,-192.02702599899763,-224.53618843897453,1.5586204155624044,7.563741657717968,7.72266051723796,-198.11207089990128,-233.97641928826644,-196.55166929890686,-226.41119912502486,7.724468219541255
o_taylor_order4_oracle_all_state_local,SEX_29W,21,1,224.5025568570844,63.15536856328728,230.29164217924705,66.45282070975688,5.78908532216266,3.29745214646959,6.66233439010202,225.0140095020821,60.563474749043884,230.80604927962543,63.858907084439664,6.663902690002008
o_taylor_order4_oracle_all_state_local,SEX_30W,22,1,-220.94539809374385,19.79264158071054,-223.3758644216108,18.529081659940363,-2.430466327866962,-1.2635599207701778,2.73929739974904,-217.12710565977898,16.173475545625696,-219.5576190405286,14.90990694739961,2.7393431505428496
o_taylor_order4_oracle_all_state_local,SEX_31W,23,1,-5.958879115605153,-29.50490323300744,-11.677727352619849,-30.50039136090499,-5.718848237014695,-0.9954881278975549,5.804844681022143,-7.088408397386448,-30.67822939559093,-12.808158242488961,-31.673739958768397,5.8057367811457095
o_taylor_order4_oracle_all_state_local,SEX_32W,24,1,11.00836147882609,276.41470104857456,8.764391169508686,273.53781245175736,-2.243970309317405,-2.876888596817185,3.648546388302443,12.573191122045623,277.49751586456006,10.331565641618502,274.6207002614092,3.647047135564919
o_taylor_order4_oracle_all_state_local,SEX_33W,25,1,-344.94245376866894,-258.8567328409007,-337.9160434033067,-257.7134781455972,7.026410365362279,1.1432546953035294,7.118811271610173,-343.36088444655496,-248.1310015915541,-336.332143556571,-246.9967779355402,7.119667253488353
o_taylor_order4_oracle_all_state_local,SEX_34W,26,1,329.9062522751772,327.78692995996084,331.9197885914295,323.26718952492774,2.0135363162522415,-4.51974043503314,4.947967471289621,323.2141865728632,331.79429545784194,325.23035884073295,327.2917727525122,4.933321530747503
o_taylor_order4_oracle_all_state_local,SEX_35W,27,1,-333.86806430931733,122.9015876831949,-333.0661429973238,124.89563388038073,0.8019213119935279,1.994046197185815,2.1492552261517552,-332.0727166161641,124.09642925768216,-331.2693709907572,126.09132617976907,2.15057618409862
o_taylor_order4_oracle_all_state_local,SEX_36W,28,1,207.6922738105197,-25.822996633678656,210.63646170100844,-23.03255156789023,2.944187890488735,2.790445065788425,4.056454856113091,206.32908978022022,-27.69852107145163,209.27191157776312,-24.908218822639377,4.055365183534063
o_taylor_order4_oracle_all_state_local,SEX_37W,29,1,-256.8271941792112,187.41237876641262,-253.11945358805357,192.3146662282451,3.7077405911576102,4.90228746183251,6.146524436603015,-256.58091490295436,184.56515839650191,-252.87135961390717,189.46958229246613,6.149323067932154
o_taylor_order4_oracle_all_state_local,SEX_38W,30,1,76.66420208088688,141.93620468303396,75.7107293892369,140.3085073306035,-0.9534726916499712,-1.627697352430443,1.8864010296941938,73.18637174342766,140.44596590732866,72.23429582928765,138.8191397038358,1.8849435117945976
o_taylor_order4_oracle_all_state_local,SEX_39W,31,1,67.97543658044252,117.72501797339741,59.97034302493347,118.9604972606235,-8.005093555509045,1.235479287226075,8.09987233859998,68.1488667677876,116.43245183412387,60.1418997023556,117.66709362596055,8.101596258828403
o_taylor_order4_oracle_all_state_local,SEX_40W,32,1,-259.72436762069776,293.77384137690643,-267.19547078203567,287.51965497381184,-7.471103161337922,-6.25418640309459,9.74331719754657,-261.0658896360231,292.14788114096433,-268.53714882088076,285.89442750275674,9.742966499610446
o_taylor_order4_oracle_all_state_local,SEX_41W,33,1,-301.16765666424413,-161.19551111329451,-299.13959060134704,-163.54873175395147,2.0280660628970706,-2.3532206406569722,3.106557473971604,-301.83843886820875,-162.043137757084,-299.805347369329,-164.4049984523964,3.1163836392329736
o_taylor_order4_oracle_all_state_local,SEX_42W,34,1,-315.33451770363655,-144.99162789492664,-317.0595689667378,-140.6622544486468,-1.7250512631012414,4.32937344627986,4.6603944358477145,-317.6086179758694,-146.14178961892642,-319.33629790722347,-141.80907218778674,4.664474062882688
o_taylor_order4_oracle_all_state_local,SEX_43W,35,1,-336.9541540919942,-216.8848665155885,-333.0841831873534,-223.34681332784862,3.8699709046407964,-6.461946812260109,7.53215981025661,-337.0713049537888,-213.7797840236517,-333.1990471909566,-220.2496524758787,7.540131164040578
o_taylor_order4_oracle_all_state_local,SEX_44W,36,1,315.83446789296613,110.72376437817665,303.8789085979251,115.4898553246209,-11.95555929504107,4.766090946444252,12.870548588425468,317.23196416559074,112.21445278693017,305.28284054908084,116.97792328419787,12.86360005523239
o_taylor_order4_oracle_all_state_local,SEX_45W,37,1,-333.8235796224767,173.80123568844806,-337.72009501936634,177.7492501339931,-3.8965153968896407,3.9480144455450037,5.547039778154656,-333.4127626469296,175.8835257588616,-337.3173209687006,179.81506582042257,5.54099115174982
o_taylor_order4_oracle_all_state_local,SEX_47W,38,1,-221.74824256327358,97.78920188123108,-226.52535136206794,95.98409818106086,-4.7771087987943535,-1.8051037001702097,5.106776658900075,-220.47152824255295,99.03244379343816,-225.26379280144047,97.2105096953279,5.12691363885003
o_taylor_order4_oracle_all_state_local,SEX_47E,39,1,-33.82754739593029,108.02615412215195,-35.438791858430534,112.2548537755914,-1.6112444625002462,4.228699653439447,4.525263470444191,-33.615275724730445,103.50806887843557,-35.22393342866689,107.73580770585137,4.523445058942725
o_taylor_order4_oracle_all_state_local,SEX_45E,40,1,277.0280053006083,-311.90552491486545,270.93477784904195,-318.18632117077027,-6.093227451566355,-6.280796255904799,8.750761246012233,279.6526076348776,-311.7312249054906,273.5746981979983,-318.0430792367587,8.762447615937763
o_taylor_order4_oracle_all_state_local,SEX_44E,41,1,-82.68239106405964,-197.714153473351,-86.7629931229228,-196.0020552691685,-4.080602058863147,1.712098204182484,4.425222415151925,-81.01836347503703,-198.25423411598618,-85.09900161831038,-196.54229602906216,4.4251937437583955
o_taylor_order4_oracle_all_state_local,SEX_43E,42,1,307.4771991186925,-300.4012680263749,309.5387742952486,-292.3414833383962,2.061575176556048,8.059784687978697,8.319268082299546,307.81902310051447,-302.77127288272897,309.8806308627875,-294.70932598256746,8.321370943930313
o_taylor_order4_oracle_all_state_local,SEX_42E,43,1,-181.76897776258988,110.91344079358615,-181.10031436120425,113.23225307146186,0.6686634013856115,2.3188122778757125,2.4132967335948816,-185.85857458020453,111.0180114768067,-185.1901251954466,113.33647160203546,2.412899072124442
o_taylor_order4_oracle_all_state_local,SEX_41E,44,1,-183.178442740663,74.01861817521778,-181.822249087132,71.52889683689882,1.356193653530974,-2.4897213383189607,2.8351320195642478,-182.86529248953295,75.20859896024919,-181.50840638771123,72.71955899446161,2.834865048746545
o_taylor_order4_oracle_all_state_local,SEX_40E,45,1,94.81769151574859,292.87486083754584,88.75662667738817,300.51785806179913,-6.061064838360425,7.6429972242532935,9.754584232285486,98.79065067065567,291.0299502801058,92.7298016131078,298.67293983560825,9.754444148381689
o_taylor_order4_oracle_all_state_local,SEX_39E,46,1,170.08469436152095,141.39523758564857,171.30041782012472,137.947744827357,1.2157234586037822,-3.4474927582915638,3.6555697020125764,170.22333997014147,148.05572171699566,171.43923197738556,144.60748348035332,3.6563288022171085
o_taylor_order4_oracle_all_state_local,SEX_38E,47,1,50.81358069178339,105.77275457216284,49.072193928646,105.19606197168216,-1.7413867631373883,-0.5766926004806863,1.8343942363296082,50.33544935496328,108.03803437619533,48.5942158014499,107.46144900500039,1.8342150850314256
o_taylor_order4_oracle_all_state_local,SEX_37E,48,1,-45.82121124908348,-129.7618230698066,-49.08687034014484,-128.34359089109506,-3.2656590910613605,1.4182321787115515,3.5603246778579933,-46.66850438752963,-130.7837820710032,-49.93440870960799,-129.36566088265894,3.5605054059502703
o_taylor_order4_oracle_all_state_local,SEX_36E,49,1,-257.0221808722122,-192.44253466123357,-252.14434339628698,-193.43475224530712,4.877837475925171,-0.9922175840735409,4.977729821483361,-254.52591381483074,-197.91728729715032,-249.64813926615707,-198.90922441521724,4.977612258290854
o_taylor_order4_oracle_all_state_local,SEX_35E,50,1,-49.63353701693787,114.07193247782787,-50.664102918781836,114.92960635040171,-1.0305659018439624,0.8576738725738398,1.3407723705906482,-50.1082053141162,119.30466081486092,-51.13918493940519,120.16224803115551,1.3410349813904718
o_taylor_order4_oracle_all_state_local,SEX_34E,51,1,197.78969230251843,42.68768406602136,197.70835797898377,43.29668383104691,-0.08133432353465107,0.608999765025546,0.6144070198052831,199.19663153610693,45.80081837287695,199.14644353904316,46.410458287521365,0.6117022646491747
o_taylor_order4_oracle_all_state_local,SEX_33E,52,1,-134.9910500582757,-75.37316289667437,-136.44431341782933,-73.35189290379564,-1.4532633595536215,2.021269992878735,2.4894792178953975,-135.67242035013385,-62.279628923445784,-137.12571707831125,-60.258413452110425,2.48945443053225
o_taylor_order4_oracle_all_state_local,SEX_32E,53,1,-273.7437504896078,-233.05912530141632,-270.4185894233863,-234.10288749916091,3.3251610662214897,-1.0437621977446132,3.4851306491659533,-272.1680641571084,-233.43570572665826,-268.84299331593144,-234.4789822401765,3.4848991351980634
o_taylor_order4_oracle_all_state_local,SEX_31E,54,1,339.5258999032846,5.711096918832099,342.45489782779765,5.300190806602874,2.928997924513013,-0.4109061122292248,2.9576802861142504,339.0183434163465,7.841661436767345,341.9502674571527,7.430659883307237,2.960591302088749
o_taylor_order4_oracle_all_state_local,SEX_30E,55,1,219.70236402688977,-39.7636712736877,217.4193434537283,-38.40207544244644,-2.283020573161479,1.3615958312412548,2.658218603714174,221.63741337244448,-40.57204019219349,219.35440901183068,-39.210430823149956,2.658211613933105
o_taylor_order4_oracle_all_state_local,SEX_29E,56,1,318.8599932196571,-332.76089279721475,330.4659471922774,-323.3488771724879,11.60595397262028,9.412015624726864,14.9426974049093,319.1075799771999,-335.40725858036507,330.7134889086513,-325.99318573775196,14.943958297960043
o_taylor_order4_oracle_all_state_local,SEX_28E,57,1,284.8467308619659,252.07147706191296,272.9687655537069,264.2727443569819,-11.877965308259036,12.201267295068932,17.028123310274797,288.94409856783994,255.0210167924274,277.0660764179415,267.22262846212385,17.028409718219482
o_taylor_order4_oracle_all_state_local,SEX_27E,58,1,-276.501346548731,-250.2170009069759,-285.0172725417791,-249.1273040533384,-8.515925993048091,1.089696853637473,8.585361655276936,-277.6371778013466,-246.7966955864003,-286.15282058861635,-245.70939395582693,8.58477704522529
o_taylor_order4_oracle_all_state_local,SEX_26E,59,1,-141.82342867637786,132.20568987203683,-141.54898071999855,136.8552788585214,0.2744479563792973,4.649588986484546,4.657681764998459,-141.58198189223114,135.51717850287224,-141.3074454687423,140.16658096553124,4.657500779130545
o_taylor_order4_oracle_all_state_local,SEX_25E,60,1,124.81642775829542,19.227208395812468,123.5204658262215,19.627903356598797,-1.2959619320739328,0.4006949607863292,1.3564931923840822,125.7525068939601,28.031597156127308,124.45654761514044,28.4322630383985,1.356482068283591
o_taylor_order4_oracle_all_state_local,SEX_24E,61,1,-137.04549182817865,-89.14573093231665,-137.67918132095812,-90.68967396789763,-0.6336894927794592,-1.5439430355809758,1.668928539625974,-143.0259612838766,-86.48802281450212,-143.65959381898702,-88.03163366340975,1.6685996051826701
o_taylor_order4_oracle_all_state_local,SEX_23E,62,1,315.73803057882884,-266.5939516488173,325.06302501190913,-257.724503967435,9.324994433080322,8.869447681382361,12.869445339631305,316.671219198094,-271.41519563850414,325.9965373110337,-262.54395514119335,12.87091550235058
o_taylor_order4_oracle_all_state_local,SEX_22E,63,1,-307.08770028485964,-338.04330491983836,-307.02832189939824,-347.68605021975156,0.05937838546137171,-9.64274529991323,9.642928119179293,-307.95020807703037,-338.2806660139509,-307.89048082017115,-347.91928202124853,9.63880106036775
o_taylor_order4_oracle_all_state_local,SEX_21E,64,1,105.24292208478312,-9.33332768034269,109.86764843559133,-11.053894040679529,4.624726350808223,-1.7205663603368404,4.934414090870638,104.26525975414833,-6.445728516822968,108.89046163365762,-8.166248976203985,4.934843774362561
o_taylor_order4_oracle_all_state_local,SEX_20E,65,1,279.1306471180771,-50.20509305355426,274.9116017275366,-48.47100735747897,-4.219045390540523,1.7340856960752908,4.56151260096628,280.32515192330845,-52.27551186570167,276.10593430145366,-50.5417943621143,4.561531949117019
o_taylor_order4_oracle_all_state_local,SEX_19E,66,1,-220.38197220636525,-59.36989753058886,-225.01618043766572,-59.10991922331674,-4.634208231300499,0.2599783072721189,4.641494872485089,-222.9778812201122,-63.15514361549564,-227.60404531104052,-62.90093954578218,4.63314298346744
o_taylor_order4_oracle_all_state_local,SEX_18E,67,1,169.46693828742767,-269.8663364893998,162.09870906757885,-276.19310523150625,-7.368229219848805,-6.3267687421064505,9.711786887711703,170.62961237720964,-268.77930240295376,163.26159278749174,-275.10634972964044,9.711809334444302
o_taylor_order4_oracle_all_state_local,SEX_17E,68,1,113.23510859121687,249.06145553895743,113.8671006906627,242.11656458985948,0.6319920994458369,-6.944890949097966,6.973587621061687,112.80231305993411,251.69679408899506,113.43352083951707,244.75086602947925,6.974549438420737
o_taylor_order4_oracle_all_state_local,SEX_16E,69,1,193.62720363433078,343.4609812527521,187.08830426444888,347.7755342830122,-6.5388993698818965,4.314553030260095,7.834064897635737,197.58615212452912,348.8850446017207,191.04823794745238,353.2008286717616,7.833920725029056
o_taylor_order4_oracle_all_state_local,SEX_15E,70,1,-47.86828938490449,-225.60720315843864,-52.006772763362676,-223.45543186764863,-4.138483378458185,2.1517712907900117,4.664457563494686,-51.44319385520666,-224.8287964970763,-55.592355295304635,-222.67996078793246,4.672583392609237
o_taylor_order4_oracle_all_state_local,SEX_14E,71,1,-76.5307577472186,-186.87320352279232,-75.91572994397795,-186.50260432183782,0.6150278032406465,0.37059920095447735,0.7180549884981737,-78.61629409965356,-190.87820620807796,-77.9966366371976,-190.5025557740289,0.7246299879101182
o_taylor_order4_oracle_all_state_local,SEX_13E,72,1,-17.060542094856846,256.9469611706423,-19.66357543809988,254.9832080618693,-2.603033343243035,-1.9637531087729976,3.2606914693436764,-17.020619351001585,260.7309186890307,-19.624008841749614,258.76720490498286,3.260952110380758
o_taylor_order4_oracle_all_state_local,SEX_12E,73,1,72.89764851156983,-187.97720926031522,69.35496651122894,-191.14250202658198,-3.5426820003408865,-3.1652927662667563,4.750755103319888,73.67130649291816,-184.9088933937355,70.15804272619778,-188.08411319891397,4.735508748355118
o_taylor_order4_oracle_all_state_local,SEX_11E,74,1,335.0645074690009,135.58424665209506,338.68759533964567,132.06424532552157,3.62308787064475,-3.5200013265734746,5.0514527670257525,335.1325450468323,133.44642188670687,338.7568393201957,129.9252967324088,5.053101159898287
o_taylor_order4_oracle_all_state_local,SEX_10AE,75,1,21.752425105752845,116.69939569236321,22.429772187517777,115.60332337113528,0.6773470817649303,-1.096072321227936,1.2884772417615544,29.43471705225129,119.26282354763151,30.112007991361683,118.16673063636016,1.2884652445216858
o_taylor_order4_oracle_all_state_local,SEX_09AE,76,1,-179.91101920982948,299.6342479108496,-183.36881395681854,308.7229943682708,-3.457794746989089,9.088746457421243,9.724281807907078,-176.9947137834956,293.0701331283445,-180.45130151952452,302.15666088291175,9.721778922161667
