sample_id,scenario,rho,trial_id,active_rms_rad,global_rms_rad,maximum_abs_kick_rad
0,baseline,0,0,0,0,0
1,all,1.1299999999999999,1,5.650000000000001e-06,5.650000000000001e-06,1.4035484376826711e-05
2,all,1.1299999999999999,2,5.6499999999999993e-06,5.6499999999999993e-06,1.6437903254799832e-05
3,all,1.1299999999999999,3,5.6499999999999993e-06,5.6499999999999993e-06,1.4729259395666414e-05
4,all,1.1299999999999999,4,5.650000000000001e-06,5.650000000000001e-06,1.4593349108820652e-05
5,all,1.1299999999999999,5,5.6499999999999993e-06,5.6499999999999993e-06,1.4017799505873865e-05
6,all,1.1299999999999999,6,5.6500000000000027e-06,5.650000000000001e-06,1.5620538613390623e-05
7,all,1.1299999999999999,7,5.6499999999999993e-06,5.6500000000000001e-06,1.6656594416323185e-05
8,all,1.1299999999999999,8,5.650000000000001e-06,5.650000000000001e-06,1.6522041833584918e-05
9,all,1.1299999999999999,9,5.650000000000001e-06,5.6499999999999993e-06,1.4687246551784731e-05
10,all,1.1299999999999999,10,5.650000000000001e-06,5.6500000000000001e-06,1.5936167792838642e-05
11,all,1.1299999999999999,11,5.6499999999999993e-06,5.6499999999999993e-06,1.406082265363284e-05
12,all,1.1299999999999999,12,5.6500000000000018e-06,5.650000000000001e-06,2.0135565354147072e-05
13,all,1.1299999999999999,13,5.6500000000000001e-06,5.650000000000001e-06,1.5962780512939088e-05
14,all,1.1299999999999999,14,5.650000000000001e-06,5.650000000000001e-06,1.8022063808582395e-05
15,all,1.1299999999999999,15,5.650000000000001e-06,5.650000000000001e-06,1.2332428838659832e-05
16,all,1.1299999999999999,16,5.6500000000000001e-06,5.6499999999999993e-06,1.6985663397183769e-05
17,all,1.1299999999999999,17,5.6499999999999993e-06,5.6499999999999993e-06,1.39642900411107e-05
18,all,1.1299999999999999,18,5.650000000000001e-06,5.650000000000001e-06,1.6975129507908821e-05
19,all,1.1299999999999999,19,5.6499999999999993e-06,5.6499999999999993e-06,1.3856840633301551e-05
20,all,1.1299999999999999,20,5.6499999999999993e-06,5.650000000000001e-06,1.5053978904225081e-05
21,all,1.1299999999999999,21,5.650000000000001e-06,5.6500000000000001e-06,1.7979228749952074e-05
22,all,1.1299999999999999,22,5.6500000000000027e-06,5.650000000000001e-06,1.8554891883594541e-05
23,all,1.1299999999999999,23,5.6499999999999993e-06,5.650000000000001e-06,1.7494430381864718e-05
24,all,1.1299999999999999,24,5.6499999999999993e-06,5.6500000000000001e-06,1.59805845842631e-05
25,all,1.1299999999999999,25,5.650000000000001e-06,5.6500000000000001e-06,1.7908473012221289e-05
26,all,1.1299999999999999,26,5.650000000000001e-06,5.6500000000000001e-06,1.9706391850768732e-05
27,all,1.1299999999999999,27,5.6499999999999993e-06,5.6500000000000001e-06,1.4412555318777894e-05
28,all,1.1299999999999999,28,5.6499999999999993e-06,5.6500000000000001e-06,1.4640206701352314e-05
29,all,1.1299999999999999,29,5.6499999999999993e-06,5.6499999999999993e-06,1.6767550549966456e-05
30,all,1.1299999999999999,30,5.650000000000001e-06,5.650000000000001e-06,1.5681601076656185e-05
31,all,1.1299999999999999,31,5.650000000000001e-06,5.650000000000001e-06,1.2921906219894678e-05
32,all,1.1299999999999999,32,5.6499999999999993e-06,5.6499999999999993e-06,1.4967741293488594e-05
33,all,1.1299999999999999,33,5.650000000000001e-06,5.650000000000001e-06,1.3142154835296215e-05
34,all,1.1299999999999999,34,5.6499999999999993e-06,5.6499999999999993e-06,1.7095693605609293e-05
35,all,1.1299999999999999,35,5.650000000000001e-06,5.6499999999999993e-06,1.3616255370408428e-05
36,all,1.1299999999999999,36,5.650000000000001e-06,5.6500000000000001e-06,1.7724341175810583e-05
37,all,1.1299999999999999,37,5.6499999999999993e-06,5.6499999999999993e-06,1.7910117026341369e-05
38,all,1.1299999999999999,38,5.6500000000000018e-06,5.650000000000001e-06,2.057289356962149e-05
39,all,1.1299999999999999,39,5.650000000000001e-06,5.650000000000001e-06,1.3221256631014453e-05
40,all,1.1299999999999999,40,5.6500000000000001e-06,5.6500000000000001e-06,1.2868786302449151e-05
41,all,1.1299999999999999,41,5.650000000000001e-06,5.6500000000000001e-06,1.5301429523785552e-05
42,all,1.1299999999999999,42,5.650000000000001e-06,5.6500000000000001e-06,1.7476512413071149e-05
43,all,1.1299999999999999,43,5.6499999999999993e-06,5.6499999999999993e-06,1.2972215732326416e-05
44,all,1.1299999999999999,44,5.6500000000000001e-06,5.6499999999999993e-06,1.5883209476069269e-05
45,all,1.1299999999999999,45,5.650000000000001e-06,5.6500000000000001e-06,1.2830188872500609e-05
46,all,1.1299999999999999,46,5.650000000000001e-06,5.6500000000000001e-06,1.7740041774294411e-05
47,all,1.1299999999999999,47,5.6499999999999993e-06,5.6499999999999993e-06,1.9317839991978343e-05
48,all,1.1299999999999999,48,5.6499999999999993e-06,5.6499999999999993e-06,1.436197963616759e-05
49,all,1.1299999999999999,49,5.6499999999999993e-06,5.650000000000001e-06,1.7537092664359196e-05
50,all,1.1299999999999999,50,5.6499999999999993e-06,5.6500000000000001e-06,1.4763297362618067e-05
51,all,1.1299999999999999,51,5.6499999999999993e-06,5.650000000000001e-06,1.2485544031864649e-05
52,all,1.1299999999999999,52,5.6499999999999993e-06,5.6499999999999993e-06,1.7932303300702554e-05
53,all,1.1299999999999999,53,5.650000000000001e-06,5.650000000000001e-06,1.6031986689330022e-05
54,all,1.1299999999999999,54,5.650000000000001e-06,5.6500000000000001e-06,1.5292795366839629e-05
55,all,1.1299999999999999,55,5.650000000000001e-06,5.650000000000001e-06,1.7300476267764685e-05
56,all,1.1299999999999999,56,5.6499999999999984e-06,5.6500000000000001e-06,1.5941925460187351e-05
57,all,1.1299999999999999,57,5.650000000000001e-06,5.6500000000000001e-06,1.4643299191786743e-05
58,all,1.1299999999999999,58,5.6500000000000018e-06,5.650000000000001e-06,1.5042668564456108e-05
59,all,1.1299999999999999,59,5.6500000000000001e-06,5.650000000000001e-06,1.3322695076477826e-05
60,all,1.1299999999999999,60,5.650000000000001e-06,5.650000000000001e-06,2.0612180490430346e-05
61,all,1.1299999999999999,61,5.6499999999999993e-06,5.6499999999999993e-06,1.875797455018726e-05
62,all,1.1299999999999999,62,5.6500000000000018e-06,5.650000000000001e-06,1.9781650310865002e-05
63,all,1.1299999999999999,63,5.6500000000000001e-06,5.650000000000001e-06,1.4007684752913591e-05
64,all,1.1299999999999999,64,5.650000000000001e-06,5.650000000000001e-06,1.1814281235835956e-05
65,all,1.1299999999999999,65,5.6499999999999993e-06,5.650000000000001e-06,1.9318090696802486e-05
66,all,1.1299999999999999,66,5.650000000000001e-06,5.6499999999999993e-06,1.4575501919149762e-05
67,all,1.1299999999999999,67,5.6500000000000001e-06,5.650000000000001e-06,1.4852614881205278e-05
68,all,1.1299999999999999,68,5.6499999999999993e-06,5.650000000000001e-06,1.5174934023042626e-05
69,all,1.1299999999999999,69,5.6500000000000001e-06,5.6500000000000001e-06,1.5929440562620835e-05
70,all,1.1299999999999999,70,5.650000000000001e-06,5.650000000000001e-06,1.6144876663883461e-05
71,all,1.1299999999999999,71,5.6499999999999993e-06,5.6500000000000001e-06,1.4369510576676557e-05
72,all,1.1299999999999999,72,5.650000000000001e-06,5.650000000000001e-06,1.5324626553426676e-05
73,all,1.1299999999999999,73,5.6499999999999993e-06,5.650000000000001e-06,1.4520418745208477e-05
74,all,1.1299999999999999,74,5.6499999999999993e-06,5.6499999999999984e-06,1.4670395130673398e-05
75,all,1.1299999999999999,75,5.6500000000000027e-06,5.650000000000001e-06,1.7256405509525168e-05
76,all,1.1299999999999999,76,5.6499999999999993e-06,5.6499999999999993e-06,1.7648219790726165e-05
77,all,1.1299999999999999,77,5.6499999999999993e-06,5.6499999999999993e-06,1.3193125347613159e-05
78,all,1.1299999999999999,78,5.6499999999999993e-06,5.6500000000000001e-06,1.5445761376319202e-05
79,all,1.1299999999999999,79,5.6499999999999993e-06,5.6499999999999993e-06,1.5485670816339995e-05
80,all,1.1299999999999999,80,5.6500000000000001e-06,5.6499999999999993e-06,1.3533014170036207e-05
81,all,1.1299999999999999,81,5.6500000000000018e-06,5.650000000000001e-06,1.8605620027084412e-05
82,all,1.1299999999999999,82,5.650000000000001e-06,5.6500000000000001e-06,1.4398221624744998e-05
83,all,1.1299999999999999,83,5.6499999999999993e-06,5.650000000000001e-06,1.5515025802112769e-05
84,all,1.1299999999999999,84,5.6499999999999993e-06,5.6500000000000001e-06,1.6144427041773427e-05
85,all,1.1299999999999999,85,5.650000000000001e-06,5.650000000000001e-06,1.7794152765090826e-05
86,all,1.1299999999999999,86,5.650000000000001e-06,5.6500000000000001e-06,1.6814629374316825e-05
87,all,1.1299999999999999,87,5.650000000000001e-06,5.650000000000001e-06,1.2370011970189117e-05
88,all,1.1299999999999999,88,5.6499999999999993e-06,5.6500000000000001e-06,1.6045610104548621e-05
89,all,1.1299999999999999,89,5.650000000000001e-06,5.6499999999999993e-06,1.4850557456866916e-05
90,all,1.1299999999999999,90,5.650000000000001e-06,5.650000000000001e-06,1.3538602846882528e-05
91,all,1.1299999999999999,91,5.6500000000000018e-06,5.650000000000001e-06,1.3229618964760334e-05
92,all,1.1299999999999999,92,5.6500000000000001e-06,5.650000000000001e-06,1.5038452781330814e-05
93,all,1.1299999999999999,93,5.6499999999999993e-06,5.650000000000001e-06,1.3192800972852792e-05
94,all,1.1299999999999999,94,5.6500000000000001e-06,5.6500000000000001e-06,1.7040954931413674e-05
95,all,1.1299999999999999,95,5.650000000000001e-06,5.650000000000001e-06,1.5966417526472627e-05
96,all,1.1299999999999999,96,5.6500000000000001e-06,5.650000000000001e-06,1.702066060490357e-05
97,all,1.1299999999999999,97,5.650000000000001e-06,5.6500000000000001e-06,1.9867357538921743e-05
98,all,1.1299999999999999,98,5.6499999999999993e-06,5.6499999999999993e-06,1.4634259065464503e-05
99,all,1.1299999999999999,99,5.650000000000001e-06,5.6499999999999993e-06,1.3545008523908133e-05
100,all,1.1299999999999999,100,5.650000000000001e-06,5.650000000000001e-06,1.5323778713366463e-05
101,all,1.1299999999999999,101,5.650000000000001e-06,5.650000000000001e-06,1.4308015562974563e-05
102,all,1.1299999999999999,102,5.6499999999999993e-06,5.6500000000000001e-06,1.6459976156932856e-05
103,all,1.1299999999999999,103,5.6499999999999993e-06,5.6499999999999993e-06,1.8116394722407413e-05
104,all,1.1299999999999999,104,5.650000000000001e-06,5.6500000000000001e-06,1.6623395999929788e-05
105,all,1.1299999999999999,105,5.6499999999999993e-06,5.6500000000000001e-06,1.4581910937525976e-05
106,all,1.1299999999999999,106,5.6500000000000001e-06,5.6500000000000001e-06,1.6114955760197214e-05
107,all,1.1299999999999999,107,5.6499999999999993e-06,5.6499999999999993e-06,1.4212270552594602e-05
108,all,1.1299999999999999,108,5.6499999999999993e-06,5.6499999999999993e-06,1.5150644345451024e-05
109,all,1.1299999999999999,109,5.650000000000001e-06,5.650000000000001e-06,1.2829626860705878e-05
110,all,1.1299999999999999,110,5.6499999999999993e-06,5.6500000000000001e-06,1.3626738486874545e-05
111,all,1.1299999999999999,111,5.650000000000001e-06,5.650000000000001e-06,1.4285335926168086e-05
112,all,1.1299999999999999,112,5.6500000000000001e-06,5.650000000000001e-06,1.2768371303660282e-05
113,all,1.1299999999999999,113,5.6499999999999993e-06,5.650000000000001e-06,1.4709622686324447e-05
114,all,1.1299999999999999,114,5.6499999999999993e-06,5.6500000000000001e-06,1.4249275532301973e-05
115,all,1.1299999999999999,115,5.6500000000000001e-06,5.6499999999999993e-06,1.500096449909728e-05
116,all,1.1299999999999999,116,5.6500000000000001e-06,5.650000000000001e-06,1.5413896018494298e-05
117,all,1.1299999999999999,117,5.6499999999999993e-06,5.650000000000001e-06,1.3358840044895866e-05
118,all,1.1299999999999999,118,5.6499999999999993e-06,5.6499999999999993e-06,1.5905171555352153e-05
119,all,1.1299999999999999,119,5.6500000000000001e-06,5.6499999999999993e-06,1.4374005603253923e-05
120,all,1.1299999999999999,120,5.650000000000001e-06,5.6499999999999993e-06,1.4779885891846975e-05
121,all,1.1299999999999999,121,5.6499999999999993e-06,5.6500000000000001e-06,1.6920231262489695e-05
122,all,1.1299999999999999,122,5.650000000000001e-06,5.650000000000001e-06,1.4486933309457679e-05
123,all,1.1299999999999999,123,5.650000000000001e-06,5.650000000000001e-06,1.7080461664631622e-05
124,all,1.1299999999999999,124,5.6500000000000018e-06,5.650000000000001e-06,1.2802331722623044e-05
125,all,1.1299999999999999,125,5.6500000000000001e-06,5.6500000000000001e-06,1.2932689339602643e-05
126,all,1.1299999999999999,126,5.6500000000000001e-06,5.650000000000001e-06,1.5900114062246092e-05
127,all,1.1299999999999999,127,5.6499999999999993e-06,5.6499999999999993e-06,1.4297896358884248e-05
128,all,1.1299999999999999,128,5.6499999999999993e-06,5.650000000000001e-06,1.4276883099092881e-05
129,all,1.1299999999999999,129,5.650000000000001e-06,5.650000000000001e-06,1.430285978688541e-05
130,all,1.1299999999999999,130,5.650000000000001e-06,5.650000000000001e-06,1.2798074715390857e-05
131,all,1.1299999999999999,131,5.6500000000000001e-06,5.650000000000001e-06,1.6392604156293514e-05
132,all,1.1299999999999999,132,5.650000000000001e-06,5.650000000000001e-06,2.1377175131702911e-05
133,all,1.1299999999999999,133,5.6500000000000001e-06,5.6500000000000001e-06,2.0585793613017147e-05
134,all,1.1299999999999999,134,5.650000000000001e-06,5.6499999999999993e-06,1.7520521641473223e-05
135,all,1.1299999999999999,135,5.6500000000000001e-06,5.6500000000000001e-06,1.4731089258908628e-05
136,all,1.1299999999999999,136,5.6500000000000001e-06,5.6499999999999993e-06,1.7016020284812019e-05
137,all,1.1299999999999999,137,5.6500000000000001e-06,5.6500000000000001e-06,1.7693736496752804e-05
138,all,1.1299999999999999,138,5.650000000000001e-06,5.650000000000001e-06,1.4366114784359649e-05
139,all,1.1299999999999999,139,5.650000000000001e-06,5.650000000000001e-06,1.4268583343300303e-05
140,all,1.1299999999999999,140,5.650000000000001e-06,5.650000000000001e-06,1.501981020716243e-05
141,all,1.1299999999999999,141,5.6499999999999993e-06,5.6500000000000001e-06,1.6844598732326522e-05
142,all,1.1299999999999999,142,5.650000000000001e-06,5.650000000000001e-06,1.503738740231168e-05
143,all,1.1299999999999999,143,5.650000000000001e-06,5.650000000000001e-06,1.475331231377388e-05
144,all,1.1299999999999999,144,5.650000000000001e-06,5.650000000000001e-06,1.9222925951123119e-05
145,all,1.1299999999999999,145,5.650000000000001e-06,5.650000000000001e-06,1.2860201461330529e-05
146,all,1.1299999999999999,146,5.6499999999999993e-06,5.6499999999999993e-06,1.4156255006339615e-05
147,all,1.1299999999999999,147,5.650000000000001e-06,5.6500000000000001e-06,2.0692638810797853e-05
148,all,1.1299999999999999,148,5.6499999999999993e-06,5.6500000000000001e-06,1.7671286151427248e-05
149,all,1.1299999999999999,149,5.650000000000001e-06,5.650000000000001e-06,1.7036212699236781e-05
150,all,1.1299999999999999,150,5.6499999999999993e-06,5.650000000000001e-06,1.6694191032503008e-05
151,all,1.1299999999999999,151,5.650000000000001e-06,5.650000000000001e-06,1.5906464239641442e-05
152,all,1.1299999999999999,152,5.6500000000000001e-06,5.6500000000000001e-06,1.4887431335211429e-05
153,all,1.1299999999999999,153,5.6499999999999993e-06,5.6499999999999993e-06,1.4508380825906165e-05
154,all,1.1299999999999999,154,5.6500000000000018e-06,5.650000000000001e-06,1.4930453919102278e-05
155,all,1.1299999999999999,155,5.6500000000000001e-06,5.6499999999999993e-06,1.4581378230263498e-05
156,all,1.1299999999999999,156,5.6499999999999993e-06,5.6500000000000001e-06,1.6573981494378988e-05
157,all,1.1299999999999999,157,5.650000000000001e-06,5.650000000000001e-06,1.6819877217640184e-05
158,all,1.1299999999999999,158,5.6499999999999993e-06,5.6499999999999993e-06,1.4925718130729087e-05
159,all,1.1299999999999999,159,5.650000000000001e-06,5.650000000000001e-06,1.3344518542206528e-05
160,all,1.1299999999999999,160,5.6499999999999993e-06,5.6499999999999993e-06,1.6171314728950697e-05
161,all,1.1299999999999999,161,5.650000000000001e-06,5.6500000000000001e-06,1.6942958160256328e-05
162,all,1.1299999999999999,162,5.6499999999999993e-06,5.650000000000001e-06,1.2637475229729066e-05
163,all,1.1299999999999999,163,5.650000000000001e-06,5.650000000000001e-06,1.5021534384586707e-05
164,all,1.1299999999999999,164,5.6499999999999993e-06,5.6500000000000001e-06,1.1934086172667871e-05
165,all,1.1299999999999999,165,5.650000000000001e-06,5.650000000000001e-06,1.622578821269845e-05
166,all,1.1299999999999999,166,5.650000000000001e-06,5.6500000000000001e-06,1.4754042493800934e-05
167,all,1.1299999999999999,167,5.6500000000000001e-06,5.6500000000000001e-06,1.9755351649551678e-05
168,all,1.1299999999999999,168,5.6500000000000001e-06,5.6499999999999993e-06,1.3476394683652074e-05
169,all,1.1299999999999999,169,5.6499999999999993e-06,5.6499999999999993e-06,1.3826429938815638e-05
170,all,1.1299999999999999,170,5.6499999999999993e-06,5.6500000000000001e-06,1.5730005642880247e-05
171,all,1.1299999999999999,171,5.6499999999999993e-06,5.6500000000000001e-06,1.4260346608766324e-05
172,all,1.1299999999999999,172,5.650000000000001e-06,5.650000000000001e-06,1.4181948969980107e-05
173,all,1.1299999999999999,173,5.650000000000001e-06,5.650000000000001e-06,1.663599005703328e-05
174,all,1.1299999999999999,174,5.6500000000000027e-06,5.650000000000001e-06,1.6357344694557717e-05
175,all,1.1299999999999999,175,5.6499999999999993e-06,5.6500000000000001e-06,1.4989747697486531e-05
176,all,1.1299999999999999,176,5.6499999999999993e-06,5.6499999999999993e-06,1.3761848080479928e-05
177,all,1.1299999999999999,177,5.6499999999999993e-06,5.6499999999999993e-06,1.6984631881404021e-05
178,all,1.1299999999999999,178,5.6499999999999984e-06,5.6499999999999993e-06,1.6383271343817128e-05
179,all,1.1299999999999999,179,5.650000000000001e-06,5.6500000000000001e-06,1.3106693438154165e-05
180,all,1.1299999999999999,180,5.6499999999999993e-06,5.6499999999999993e-06,1.409332581551121e-05
181,all,1.1299999999999999,181,5.650000000000001e-06,5.650000000000001e-06,1.3596968880413294e-05
182,all,1.1299999999999999,182,5.6499999999999993e-06,5.6500000000000001e-06,1.6305709771068647e-05
183,all,1.1299999999999999,183,5.6500000000000018e-06,5.650000000000001e-06,1.4761602499694705e-05
184,all,1.1299999999999999,184,5.6500000000000001e-06,5.6500000000000001e-06,1.4669898641284214e-05
185,all,1.1299999999999999,185,5.650000000000001e-06,5.650000000000001e-06,2.2647163541191906e-05
186,all,1.1299999999999999,186,5.650000000000001e-06,5.6500000000000001e-06,1.5430187818586828e-05
187,all,1.1299999999999999,187,5.6500000000000001e-06,5.6500000000000001e-06,1.7822567707048482e-05
188,all,1.1299999999999999,188,5.6500000000000001e-06,5.650000000000001e-06,1.3876657418224758e-05
189,all,1.1299999999999999,189,5.6500000000000001e-06,5.6500000000000001e-06,1.3064674393034012e-05
190,all,1.1299999999999999,190,5.650000000000001e-06,5.6500000000000001e-06,1.9609659301258517e-05
191,all,1.1299999999999999,191,5.650000000000001e-06,5.6500000000000001e-06,1.5036455693731267e-05
192,all,1.1299999999999999,192,5.6499999999999993e-06,5.650000000000001e-06,1.3791459184158051e-05
193,all,1.1299999999999999,193,5.650000000000001e-06,5.650000000000001e-06,1.5617959794600781e-05
194,all,1.1299999999999999,194,5.650000000000001e-06,5.650000000000001e-06,1.6452114215121174e-05
195,all,1.1299999999999999,195,5.6500000000000001e-06,5.650000000000001e-06,1.5138368167168737e-05
196,all,1.1299999999999999,196,5.650000000000001e-06,5.6500000000000001e-06,1.4930967052175472e-05
197,all,1.1299999999999999,197,5.650000000000001e-06,5.650000000000001e-06,1.7841902256796115e-05
198,all,1.1299999999999999,198,5.6500000000000001e-06,5.6499999999999993e-06,1.9079255229374671e-05
199,all,1.1299999999999999,199,5.650000000000001e-06,5.650000000000001e-06,1.5209350467311921e-05
200,all,1.1299999999999999,200,5.6499999999999993e-06,5.6500000000000001e-06,1.5447791415060008e-05
201,all,1.1299999999999999,201,5.6500000000000001e-06,5.6500000000000001e-06,1.4537992842498284e-05
202,all,1.1299999999999999,202,5.6499999999999993e-06,5.650000000000001e-06,1.7574488779154888e-05
203,all,1.1299999999999999,203,5.6499999999999993e-06,5.6500000000000001e-06,1.5162359620200909e-05
204,all,1.1299999999999999,204,5.6499999999999993e-06,5.6500000000000001e-06,1.3659748714868027e-05
205,all,1.1299999999999999,205,5.650000000000001e-06,5.650000000000001e-06,1.5303324273715602e-05
206,all,1.1299999999999999,206,5.6499999999999993e-06,5.6499999999999993e-06,1.5649089592255126e-05
207,all,1.1299999999999999,207,5.650000000000001e-06,5.650000000000001e-06,1.5550856549971456e-05
208,all,1.1299999999999999,208,5.6499999999999993e-06,5.6500000000000001e-06,1.5466544512065984e-05
209,all,1.1299999999999999,209,5.650000000000001e-06,5.6500000000000001e-06,1.3983321412324014e-05
210,all,1.1299999999999999,210,5.650000000000001e-06,5.650000000000001e-06,1.4860121228014254e-05
211,all,1.1299999999999999,211,5.650000000000001e-06,5.650000000000001e-06,1.6487201566819493e-05
212,all,1.1299999999999999,212,5.6499999999999993e-06,5.650000000000001e-06,1.5465618350392921e-05
213,all,1.1299999999999999,213,5.650000000000001e-06,5.6500000000000001e-06,1.7055748812391056e-05
214,all,1.1299999999999999,214,5.650000000000001e-06,5.6499999999999993e-06,1.2237682949913236e-05
215,all,1.1299999999999999,215,5.650000000000001e-06,5.6499999999999993e-06,1.5456782887289996e-05
216,all,1.1299999999999999,216,5.6499999999999993e-06,5.650000000000001e-06,1.3497239919721137e-05
217,all,1.1299999999999999,217,5.6499999999999993e-06,5.6500000000000001e-06,1.7422199245830477e-05
218,all,1.1299999999999999,218,5.650000000000001e-06,5.6499999999999993e-06,1.5708328871488682e-05
219,all,1.1299999999999999,219,5.650000000000001e-06,5.6499999999999993e-06,1.4858151833450713e-05
220,all,1.1299999999999999,220,5.6499999999999993e-06,5.6499999999999993e-06,1.46816247766858e-05
221,all,1.1299999999999999,221,5.650000000000001e-06,5.650000000000001e-06,1.5597921913653934e-05
222,all,1.1299999999999999,222,5.6500000000000001e-06,5.650000000000001e-06,1.4636739277740697e-05
223,all,1.1299999999999999,223,5.6499999999999993e-06,5.6499999999999993e-06,1.4460173966728881e-05
224,all,1.1299999999999999,224,5.650000000000001e-06,5.6500000000000001e-06,1.6118059753245877e-05
225,all,1.1299999999999999,225,5.650000000000001e-06,5.650000000000001e-06,1.5428935224151037e-05
226,all,1.1299999999999999,226,5.6499999999999993e-06,5.6499999999999993e-06,1.402088812707253e-05
227,all,1.1299999999999999,227,5.650000000000001e-06,5.650000000000001e-06,1.5865571923811273e-05
228,all,1.1299999999999999,228,5.6499999999999993e-06,5.650000000000001e-06,1.6767456753098269e-05
229,all,1.1299999999999999,229,5.6500000000000018e-06,5.650000000000001e-06,1.4854147837853982e-05
230,all,1.1299999999999999,230,5.650000000000001e-06,5.650000000000001e-06,1.5412127338907452e-05
231,all,1.1299999999999999,231,5.6499999999999993e-06,5.650000000000001e-06,2.0323323034732615e-05
232,all,1.1299999999999999,232,5.6500000000000001e-06,5.650000000000001e-06,1.9980264133264551e-05
233,all,1.1299999999999999,233,5.650000000000001e-06,5.650000000000001e-06,1.9812208119857088e-05
234,all,1.1299999999999999,234,5.6500000000000001e-06,5.650000000000001e-06,1.3925122604043269e-05
235,all,1.1299999999999999,235,5.6500000000000001e-06,5.650000000000001e-06,1.5359253494826712e-05
236,all,1.1299999999999999,236,5.650000000000001e-06,5.6500000000000001e-06,1.3537659525343522e-05
237,all,1.1299999999999999,237,5.6499999999999993e-06,5.650000000000001e-06,1.6234973023806822e-05
238,all,1.1299999999999999,238,5.6500000000000001e-06,5.650000000000001e-06,1.68209391180958e-05
239,all,1.1299999999999999,239,5.6499999999999993e-06,5.650000000000001e-06,1.2875432896842973e-05
240,all,1.1299999999999999,240,5.650000000000001e-06,5.650000000000001e-06,1.7899577579303615e-05
241,all,1.1299999999999999,241,5.6499999999999993e-06,5.6500000000000001e-06,1.7908233577842942e-05
242,all,1.1299999999999999,242,5.6499999999999993e-06,5.650000000000001e-06,1.7400777848122914e-05
243,all,1.1299999999999999,243,5.6499999999999993e-06,5.6499999999999993e-06,1.9128006259688342e-05
244,all,1.1299999999999999,244,5.650000000000001e-06,5.6500000000000001e-06,1.9761632216978574e-05
245,all,1.1299999999999999,245,5.650000000000001e-06,5.6499999999999993e-06,1.837504668427894e-05
246,all,1.1299999999999999,246,5.6500000000000001e-06,5.6500000000000001e-06,1.3655707630129481e-05
247,all,1.1299999999999999,247,5.650000000000001e-06,5.6500000000000001e-06,2.2201850220438225e-05
248,all,1.1299999999999999,248,5.650000000000001e-06,5.650000000000001e-06,1.2399947424735566e-05
249,all,1.1299999999999999,249,5.6499999999999993e-06,5.6500000000000001e-06,1.7048022631122342e-05
250,all,1.1299999999999999,250,5.650000000000001e-06,5.650000000000001e-06,1.6540797488430149e-05
251,all,1.1299999999999999,251,5.6499999999999993e-06,5.650000000000001e-06,1.3606532912708696e-05
252,all,1.1299999999999999,252,5.6500000000000001e-06,5.6500000000000001e-06,1.4392911962238843e-05
253,all,1.1299999999999999,253,5.6500000000000001e-06,5.6500000000000001e-06,1.4474984636254923e-05
254,all,1.1299999999999999,254,5.650000000000001e-06,5.6499999999999993e-06,1.3668537163806381e-05
255,all,1.1299999999999999,255,5.6499999999999993e-06,5.6499999999999993e-06,1.4636870704466125e-05
256,all,1.1299999999999999,256,5.650000000000001e-06,5.6500000000000001e-06,1.3610829536769926e-05
257,all,1.1299999999999999,257,5.6499999999999993e-06,5.650000000000001e-06,1.6793638772643521e-05
258,all,1.1299999999999999,258,5.6499999999999993e-06,5.6500000000000001e-06,1.4445211712358483e-05
259,all,1.1299999999999999,259,5.6499999999999993e-06,5.6500000000000001e-06,1.2755428563920611e-05
260,all,1.1299999999999999,260,5.650000000000001e-06,5.6499999999999993e-06,1.8135203460426629e-05
261,all,1.1299999999999999,261,5.6499999999999993e-06,5.6500000000000001e-06,1.659621611881102e-05
262,all,1.1299999999999999,262,5.650000000000001e-06,5.650000000000001e-06,1.3597389372500312e-05
263,all,1.1299999999999999,263,5.650000000000001e-06,5.6500000000000001e-06,1.3862015286624839e-05
264,all,1.1299999999999999,264,5.650000000000001e-06,5.6500000000000001e-06,1.7669133018353666e-05
265,all,1.1299999999999999,265,5.650000000000001e-06,5.650000000000001e-06,1.4347930265667138e-05
266,all,1.1299999999999999,266,5.6500000000000001e-06,5.6499999999999993e-06,1.4930784212077555e-05
267,all,1.1299999999999999,267,5.650000000000001e-06,5.650000000000001e-06,1.2561699579563279e-05
268,all,1.1299999999999999,268,5.6500000000000001e-06,5.650000000000001e-06,1.4698988522299607e-05
269,all,1.1299999999999999,269,5.6499999999999993e-06,5.6499999999999993e-06,1.5497554142820583e-05
270,all,1.1299999999999999,270,5.6499999999999993e-06,5.650000000000001e-06,1.8379017946970595e-05
271,all,1.1299999999999999,271,5.650000000000001e-06,5.6500000000000001e-06,1.4251838620435395e-05
272,all,1.1299999999999999,272,5.650000000000001e-06,5.650000000000001e-06,1.937170012538853e-05
273,all,1.1299999999999999,273,5.6499999999999993e-06,5.6499999999999993e-06,1.7444142786494743e-05
274,all,1.1299999999999999,274,5.6500000000000001e-06,5.650000000000001e-06,1.6891320901503068e-05
275,all,1.1299999999999999,275,5.6500000000000001e-06,5.650000000000001e-06,1.5494307287037183e-05
276,all,1.1299999999999999,276,5.6499999999999993e-06,5.6499999999999993e-06,1.7017010445068164e-05
277,all,1.1299999999999999,277,5.6500000000000001e-06,5.650000000000001e-06,1.6851748177680541e-05
278,all,1.1299999999999999,278,5.650000000000001e-06,5.6499999999999993e-06,1.4270158932593252e-05
279,all,1.1299999999999999,279,5.6499999999999993e-06,5.650000000000001e-06,1.8290845486173413e-05
280,all,1.1299999999999999,280,5.6499999999999993e-06,5.6500000000000001e-06,1.5412136883230991e-05
281,all,1.1299999999999999,281,5.6500000000000001e-06,5.6499999999999993e-06,1.474543994629576e-05
282,all,1.1299999999999999,282,5.650000000000001e-06,5.650000000000001e-06,1.646858135694842e-05
283,all,1.1299999999999999,283,5.6499999999999993e-06,5.6499999999999993e-06,1.5781438786262906e-05
284,all,1.1299999999999999,284,5.650000000000001e-06,5.650000000000001e-06,1.795395200925806e-05
285,all,1.1299999999999999,285,5.650000000000001e-06,5.6500000000000001e-06,1.3574810591898233e-05
286,all,1.1299999999999999,286,5.650000000000001e-06,5.6499999999999993e-06,1.3498508565416222e-05
287,all,1.1299999999999999,287,5.6500000000000001e-06,5.650000000000001e-06,1.3499095110864186e-05
288,all,1.1299999999999999,288,5.6500000000000001e-06,5.6500000000000001e-06,1.4185930647289889e-05
289,all,1.1299999999999999,289,5.6499999999999993e-06,5.6499999999999993e-06,1.4323407935502181e-05
290,all,1.1299999999999999,290,5.650000000000001e-06,5.650000000000001e-06,1.6022639065182609e-05
291,all,1.1299999999999999,291,5.6500000000000027e-06,5.650000000000001e-06,1.717444296345146e-05
292,all,1.1299999999999999,292,5.6500000000000018e-06,5.6500000000000001e-06,1.3955228679380329e-05
293,all,1.1299999999999999,293,5.6500000000000001e-06,5.650000000000001e-06,1.3195307849005133e-05
294,all,1.1299999999999999,294,5.6499999999999984e-06,5.6500000000000001e-06,1.3453072899837332e-05
295,all,1.1299999999999999,295,5.6499999999999993e-06,5.6499999999999993e-06,1.5351238212874413e-05
296,all,1.1299999999999999,296,5.6500000000000001e-06,5.6499999999999993e-06,1.6171790978823413e-05
297,all,1.1299999999999999,297,5.6500000000000001e-06,5.6500000000000001e-06,1.6941345518911153e-05
298,all,1.1299999999999999,298,5.650000000000001e-06,5.650000000000001e-06,1.681792146570371e-05
299,all,1.1299999999999999,299,5.6499999999999993e-06,5.650000000000001e-06,1.3270689085204636e-05
300,all,1.1299999999999999,300,5.650000000000001e-06,5.650000000000001e-06,2.3713850354478155e-05
301,all,1.1299999999999999,301,5.6499999999999993e-06,5.6500000000000001e-06,1.4064234667913004e-05
302,all,1.1299999999999999,302,5.650000000000001e-06,5.6499999999999993e-06,1.6608099716146331e-05
303,all,1.1299999999999999,303,5.650000000000001e-06,5.6500000000000001e-06,1.4026604572915094e-05
304,all,1.1299999999999999,304,5.650000000000001e-06,5.6499999999999993e-06,1.5445303328031226e-05
305,all,1.1299999999999999,305,5.6500000000000001e-06,5.6499999999999993e-06,1.4017699609165084e-05
306,all,1.1299999999999999,306,5.6499999999999993e-06,5.6500000000000001e-06,1.5530944228507115e-05
307,all,1.1299999999999999,307,5.6500000000000001e-06,5.6500000000000001e-06,1.3969503085424024e-05
308,all,1.1299999999999999,308,5.6499999999999993e-06,5.650000000000001e-06,1.694447992471672e-05
309,all,1.1299999999999999,309,5.650000000000001e-06,5.6499999999999993e-06,1.7003568227177672e-05
310,all,1.1299999999999999,310,5.6499999999999993e-06,5.650000000000001e-06,2.0125567755482701e-05
311,all,1.1299999999999999,311,5.650000000000001e-06,5.6500000000000001e-06,1.5985906374526868e-05
312,all,1.1299999999999999,312,5.6499999999999993e-06,5.650000000000001e-06,1.2829724489170801e-05
313,all,1.1299999999999999,313,5.650000000000001e-06,5.6500000000000001e-06,1.5334399277767397e-05
314,all,1.1299999999999999,314,5.650000000000001e-06,5.6500000000000001e-06,1.7090598760385946e-05
315,all,1.1299999999999999,315,5.650000000000001e-06,5.6500000000000001e-06,1.3738499091473534e-05
316,all,1.1299999999999999,316,5.650000000000001e-06,5.650000000000001e-06,1.4253921392543137e-05
317,all,1.1299999999999999,317,5.650000000000001e-06,5.650000000000001e-06,1.446754138903688e-05
318,all,1.1299999999999999,318,5.650000000000001e-06,5.6499999999999993e-06,1.5460322565299999e-05
319,all,1.1299999999999999,319,5.6499999999999993e-06,5.650000000000001e-06,1.543608628584494e-05
320,all,1.1299999999999999,320,5.6500000000000018e-06,5.650000000000001e-06,2.0547955427680143e-05
321,all,1.1299999999999999,321,5.6500000000000001e-06,5.6499999999999993e-06,1.4991346466340444e-05
322,all,1.1299999999999999,322,5.6499999999999993e-06,5.650000000000001e-06,1.3932243079172142e-05
323,all,1.1299999999999999,323,5.6499999999999984e-06,5.6499999999999993e-06,1.3684446562860314e-05
324,all,1.1299999999999999,324,5.6499999999999993e-06,5.650000000000001e-06,1.8016699176265392e-05
325,all,1.1299999999999999,325,5.6499999999999993e-06,5.6499999999999993e-06,1.4341266016256591e-05
326,all,1.1299999999999999,326,5.650000000000001e-06,5.650000000000001e-06,1.3363907809828823e-05
327,all,1.1299999999999999,327,5.6499999999999984e-06,5.6500000000000001e-06,1.4268632849711787e-05
328,all,1.1299999999999999,328,5.650000000000001e-06,5.650000000000001e-06,1.7516958863401439e-05
329,all,1.1299999999999999,329,5.6499999999999993e-06,5.6499999999999993e-06,1.5646468571284813e-05
330,all,1.1299999999999999,330,5.650000000000001e-06,5.650000000000001e-06,1.9449980027032193e-05
331,all,1.1299999999999999,331,5.650000000000001e-06,5.6500000000000001e-06,1.6414397165819708e-05
332,all,1.1299999999999999,332,5.650000000000001e-06,5.650000000000001e-06,1.8277533533152288e-05
333,all,1.1299999999999999,333,5.6499999999999993e-06,5.6500000000000001e-06,1.8658797610962941e-05
334,all,1.1299999999999999,334,5.650000000000001e-06,5.650000000000001e-06,1.3238049063011142e-05
335,all,1.1299999999999999,335,5.650000000000001e-06,5.650000000000001e-06,1.5708931244223573e-05
336,all,1.1299999999999999,336,5.650000000000001e-06,5.6499999999999993e-06,1.9335980388578344e-05
337,all,1.1299999999999999,337,5.650000000000001e-06,5.650000000000001e-06,1.1861784799376444e-05
338,all,1.1299999999999999,338,5.650000000000001e-06,5.6500000000000001e-06,1.6358321852047863e-05
339,all,1.1299999999999999,339,5.6500000000000027e-06,5.650000000000001e-06,1.4801708921867635e-05
340,all,1.1299999999999999,340,5.650000000000001e-06,5.650000000000001e-06,1.1965102957373087e-05
341,all,1.1299999999999999,341,5.650000000000001e-06,5.6499999999999993e-06,1.4730009608866386e-05
342,all,1.1299999999999999,342,5.650000000000001e-06,5.650000000000001e-06,1.2922069233774459e-05
343,all,1.1299999999999999,343,5.650000000000001e-06,5.6500000000000001e-06,1.626635180123066e-05
344,all,1.1299999999999999,344,5.6499999999999993e-06,5.6500000000000001e-06,1.7036394014578984e-05
345,all,1.1299999999999999,345,5.6500000000000001e-06,5.650000000000001e-06,1.3489022668657776e-05
346,all,1.1299999999999999,346,5.650000000000001e-06,5.650000000000001e-06,1.4318916411586033e-05
347,all,1.1299999999999999,347,5.6499999999999993e-06,5.650000000000001e-06,1.66855879613013e-05
348,all,1.1299999999999999,348,5.650000000000001e-06,5.650000000000001e-06,2.149403574215386e-05
349,all,1.1299999999999999,349,5.650000000000001e-06,5.650000000000001e-06,1.437409085759851e-05
350,all,1.1299999999999999,350,5.6499999999999993e-06,5.6500000000000001e-06,1.5234882665321193e-05
351,all,1.1299999999999999,351,5.6500000000000001e-06,5.6499999999999993e-06,1.8562329391772856e-05
352,all,1.1299999999999999,352,5.6499999999999993e-06,5.650000000000001e-06,1.6096595729178525e-05
353,all,1.1299999999999999,353,5.6500000000000001e-06,5.6499999999999993e-06,1.3028027478354852e-05
354,all,1.1299999999999999,354,5.6499999999999993e-06,5.650000000000001e-06,1.248163364638726e-05
355,all,1.1299999999999999,355,5.6499999999999993e-06,5.650000000000001e-06,1.7237789428950528e-05
356,all,1.1299999999999999,356,5.6499999999999993e-06,5.6499999999999993e-06,1.6208676296038588e-05
357,all,1.1299999999999999,357,5.650000000000001e-06,5.6500000000000001e-06,1.4237045464175457e-05
358,all,1.1299999999999999,358,5.650000000000001e-06,5.6499999999999993e-06,1.5409211811002522e-05
359,all,1.1299999999999999,359,5.650000000000001e-06,5.650000000000001e-06,1.5030474492685787e-05
360,all,1.1299999999999999,360,5.6499999999999993e-06,5.650000000000001e-06,1.2960736118077912e-05
361,all,1.1299999999999999,361,5.650000000000001e-06,5.650000000000001e-06,1.2469511789066156e-05
362,all,1.1299999999999999,362,5.6499999999999993e-06,5.6500000000000001e-06,1.691326223966996e-05
363,all,1.1299999999999999,363,5.6500000000000018e-06,5.650000000000001e-06,1.4703060647767691e-05
364,all,1.1299999999999999,364,5.650000000000001e-06,5.650000000000001e-06,1.6978279292300522e-05
365,all,1.1299999999999999,365,5.6499999999999993e-06,5.650000000000001e-06,1.3258007848318242e-05
366,all,1.1299999999999999,366,5.6500000000000001e-06,5.650000000000001e-06,1.5089378444809157e-05
367,all,1.1299999999999999,367,5.6499999999999993e-06,5.650000000000001e-06,1.4375104361910009e-05
368,all,1.1299999999999999,368,5.650000000000001e-06,5.650000000000001e-06,2.1445180979295036e-05
369,all,1.1299999999999999,369,5.650000000000001e-06,5.650000000000001e-06,1.6593845255176536e-05
370,all,1.1299999999999999,370,5.6499999999999993e-06,5.650000000000001e-06,1.921334717887019e-05
371,all,1.1299999999999999,371,5.650000000000001e-06,5.6499999999999993e-06,1.5424471025707777e-05
372,all,1.1299999999999999,372,5.6499999999999976e-06,5.6499999999999993e-06,1.547942837063827e-05
373,all,1.1299999999999999,373,5.6499999999999993e-06,5.650000000000001e-06,1.5972701355060165e-05
374,all,1.1299999999999999,374,5.6499999999999993e-06,5.6500000000000001e-06,1.6057008033057108e-05
375,all,1.1299999999999999,375,5.6500000000000001e-06,5.650000000000001e-06,1.7326055599602836e-05
376,all,1.1299999999999999,376,5.6499999999999993e-06,5.6500000000000001e-06,1.3681940642172819e-05
377,all,1.1299999999999999,377,5.6499999999999993e-06,5.6499999999999993e-06,1.4113587052572724e-05
378,all,1.1299999999999999,378,5.650000000000001e-06,5.650000000000001e-06,1.3322720024290337e-05
379,all,1.1299999999999999,379,5.6499999999999993e-06,5.6499999999999993e-06,1.8707512141993906e-05
380,all,1.1299999999999999,380,5.6499999999999993e-06,5.6500000000000001e-06,1.3400998322628806e-05
381,all,1.1299999999999999,381,5.6500000000000027e-06,5.650000000000001e-06,1.412597803126323e-05
382,all,1.1299999999999999,382,5.650000000000001e-06,5.650000000000001e-06,1.6425021742747545e-05
383,all,1.1299999999999999,383,5.650000000000001e-06,5.650000000000001e-06,1.600990059053662e-05
384,all,1.1299999999999999,384,5.650000000000001e-06,5.6499999999999993e-06,1.4595607614061758e-05
385,all,1.1299999999999999,385,5.650000000000001e-06,5.6499999999999993e-06,1.6756319515694203e-05
386,all,1.1299999999999999,386,5.6499999999999993e-06,5.650000000000001e-06,1.4658039870704397e-05
387,all,1.1299999999999999,387,5.6499999999999993e-06,5.6499999999999993e-06,1.4492778191940186e-05
388,all,1.1299999999999999,388,5.650000000000001e-06,5.650000000000001e-06,1.7285436123201278e-05
389,all,1.1299999999999999,389,5.6499999999999993e-06,5.6499999999999993e-06,1.8428802169216069e-05
390,all,1.1299999999999999,390,5.6500000000000018e-06,5.650000000000001e-06,1.2912870929646989e-05
391,all,1.1299999999999999,391,5.6500000000000001e-06,5.650000000000001e-06,1.625276775360558e-05
392,all,1.1299999999999999,392,5.6499999999999993e-06,5.6499999999999993e-06,1.4942449220000942e-05
393,all,1.1299999999999999,393,5.6499999999999993e-06,5.6499999999999993e-06,1.9261362051656814e-05
394,all,1.1299999999999999,394,5.6500000000000001e-06,5.6500000000000001e-06,1.5817265647175665e-05
395,all,1.1299999999999999,395,5.6499999999999993e-06,5.6499999999999993e-06,1.7233915906396166e-05
396,all,1.1299999999999999,396,5.650000000000001e-06,5.650000000000001e-06,1.3358076116305707e-05
397,all,1.1299999999999999,397,5.6499999999999993e-06,5.650000000000001e-06,1.3906306858675277e-05
398,all,1.1299999999999999,398,5.6499999999999993e-06,5.6499999999999993e-06,1.4766592499416057e-05
399,all,1.1299999999999999,399,5.650000000000001e-06,5.6500000000000001e-06,1.6495555889376167e-05
400,all,1.1299999999999999,400,5.6500000000000027e-06,5.650000000000001e-06,1.6843884051682409e-05
401,all,1.1299999999999999,401,5.650000000000001e-06,5.650000000000001e-06,1.393719361053621e-05
402,all,1.1299999999999999,402,5.6500000000000027e-06,5.650000000000001e-06,1.3506570583462173e-05
403,all,1.1299999999999999,403,5.6500000000000001e-06,5.6499999999999993e-06,1.570645828782346e-05
404,all,1.1299999999999999,404,5.650000000000001e-06,5.650000000000001e-06,1.4615552834003602e-05
405,all,1.1299999999999999,405,5.6500000000000027e-06,5.650000000000001e-06,1.605339378416218e-05
406,all,1.1299999999999999,406,5.650000000000001e-06,5.6500000000000001e-06,2.0301533075624822e-05
407,all,1.1299999999999999,407,5.650000000000001e-06,5.650000000000001e-06,1.4923627909105635e-05
408,all,1.1299999999999999,408,5.6500000000000001e-06,5.6499999999999993e-06,1.4641941081580332e-05
409,all,1.1299999999999999,409,5.6499999999999993e-06,5.6499999999999993e-06,1.5730854427851513e-05
410,all,1.1299999999999999,410,5.650000000000001e-06,5.6500000000000001e-06,1.3297982076730297e-05
411,all,1.1299999999999999,411,5.650000000000001e-06,5.650000000000001e-06,2.1565311720990964e-05
412,all,1.1299999999999999,412,5.6499999999999993e-06,5.6499999999999993e-06,1.528178883239572e-05
413,all,1.1299999999999999,413,5.650000000000001e-06,5.650000000000001e-06,1.6210749486167412e-05
414,all,1.1299999999999999,414,5.6499999999999993e-06,5.6500000000000001e-06,1.6650660650187461e-05
415,all,1.1299999999999999,415,5.6499999999999993e-06,5.6499999999999993e-06,1.7572814297764343e-05
416,all,1.1299999999999999,416,5.6499999999999993e-06,5.6500000000000001e-06,1.7918389553746323e-05
417,all,1.1299999999999999,417,5.6499999999999993e-06,5.6499999999999993e-06,1.443752696468039e-05
418,all,1.1299999999999999,418,5.6499999999999993e-06,5.650000000000001e-06,1.3926309544158084e-05
419,all,1.1299999999999999,419,5.6499999999999993e-06,5.6499999999999993e-06,1.8602348620919272e-05
420,all,1.1299999999999999,420,5.650000000000001e-06,5.650000000000001e-06,1.6577731272124493e-05
421,all,1.1299999999999999,421,5.650000000000001e-06,5.6500000000000001e-06,1.9016596563696485e-05
422,all,1.1299999999999999,422,5.6499999999999993e-06,5.6500000000000001e-06,1.631695590742123e-05
423,all,1.1299999999999999,423,5.6499999999999993e-06,5.650000000000001e-06,1.2855789921018793e-05
424,all,1.1299999999999999,424,5.6499999999999993e-06,5.6500000000000001e-06,1.5218304052987786e-05
425,all,1.1299999999999999,425,5.6499999999999993e-06,5.6499999999999993e-06,1.8247946253067364e-05
426,all,1.1299999999999999,426,5.650000000000001e-06,5.650000000000001e-06,1.4461816783668465e-05
427,all,1.1299999999999999,427,5.650000000000001e-06,5.650000000000001e-06,1.2593226150191243e-05
428,all,1.1299999999999999,428,5.650000000000001e-06,5.650000000000001e-06,1.7658540453291894e-05
429,all,1.1299999999999999,429,5.650000000000001e-06,5.650000000000001e-06,1.8004033185904416e-05
430,all,1.1299999999999999,430,5.650000000000001e-06,5.650000000000001e-06,1.7460506335710714e-05
431,all,1.1299999999999999,431,5.650000000000001e-06,5.650000000000001e-06,1.3629397556712507e-05
432,all,1.1299999999999999,432,5.650000000000001e-06,5.650000000000001e-06,1.6613249359529226e-05
433,all,1.1299999999999999,433,5.6499999999999993e-06,5.6500000000000001e-06,1.5761722463718499e-05
434,all,1.1299999999999999,434,5.650000000000001e-06,5.6500000000000001e-06,1.596290319262374e-05
435,all,1.1299999999999999,435,5.650000000000001e-06,5.650000000000001e-06,1.5845775036939071e-05
436,all,1.1299999999999999,436,5.650000000000001e-06,5.6500000000000018e-06,1.7630941147096138e-05
437,all,1.1299999999999999,437,5.6499999999999993e-06,5.6499999999999993e-06,1.4459472529677481e-05
438,all,1.1299999999999999,438,5.6499999999999993e-06,5.6499999999999993e-06,1.5292213899350609e-05
439,all,1.1299999999999999,439,5.650000000000001e-06,5.6500000000000001e-06,1.3755217983306533e-05
440,all,1.1299999999999999,440,5.650000000000001e-06,5.650000000000001e-06,1.6661182227253962e-05
441,all,1.1299999999999999,441,5.6499999999999993e-06,5.6500000000000001e-06,1.8362082408044593e-05
442,all,1.1299999999999999,442,5.6499999999999993e-06,5.6500000000000001e-06,1.8393676756725622e-05
443,all,1.1299999999999999,443,5.6499999999999993e-06,5.6500000000000001e-06,1.5314220634633931e-05
444,all,1.1299999999999999,444,5.6499999999999993e-06,5.6499999999999993e-06,1.3958597813928561e-05
445,all,1.1299999999999999,445,5.6499999999999993e-06,5.6499999999999993e-06,1.6278798615734387e-05
446,all,1.1299999999999999,446,5.6500000000000001e-06,5.6500000000000001e-06,1.4905990928416273e-05
447,all,1.1299999999999999,447,5.650000000000001e-06,5.6499999999999993e-06,1.3416538442402671e-05
448,all,1.1299999999999999,448,5.6499999999999993e-06,5.6499999999999993e-06,1.549254759608027e-05
449,all,1.1299999999999999,449,5.6499999999999993e-06,5.6499999999999993e-06,1.8691038180750588e-05
450,all,1.1299999999999999,450,5.650000000000001e-06,5.6500000000000001e-06,1.3377447236050771e-05
451,all,1.1299999999999999,451,5.650000000000001e-06,5.6500000000000001e-06,1.4528036310709145e-05
452,all,1.1299999999999999,452,5.650000000000001e-06,5.650000000000001e-06,1.5336547666849568e-05
453,all,1.1299999999999999,453,5.650000000000001e-06,5.6500000000000001e-06,1.6996618957014536e-05
454,all,1.1299999999999999,454,5.6499999999999993e-06,5.6500000000000001e-06,1.3195061108474365e-05
455,all,1.1299999999999999,455,5.6500000000000001e-06,5.650000000000001e-06,1.7272840076033422e-05
456,all,1.1299999999999999,456,5.6500000000000027e-06,5.6500000000000018e-06,1.6625173620143172e-05
457,all,1.1299999999999999,457,5.6500000000000001e-06,5.650000000000001e-06,1.5450795787377976e-05
458,all,1.1299999999999999,458,5.6500000000000001e-06,5.650000000000001e-06,1.4756718149342395e-05
459,all,1.1299999999999999,459,5.650000000000001e-06,5.650000000000001e-06,1.6954769903463784e-05
460,all,1.1299999999999999,460,5.6500000000000001e-06,5.6500000000000001e-06,1.6684127160337373e-05
461,all,1.1299999999999999,461,5.6500000000000018e-06,5.650000000000001e-06,1.6700028302272472e-05
462,all,1.1299999999999999,462,5.650000000000001e-06,5.6499999999999993e-06,1.9787685694903153e-05
463,all,1.1299999999999999,463,5.650000000000001e-06,5.650000000000001e-06,1.8576800186853186e-05
464,all,1.1299999999999999,464,5.6499999999999993e-06,5.650000000000001e-06,1.4368758295609717e-05
465,all,1.1299999999999999,465,5.6500000000000001e-06,5.6500000000000001e-06,1.5351244525699452e-05
466,all,1.1299999999999999,466,5.6499999999999993e-06,5.650000000000001e-06,1.5780058928875531e-05
467,all,1.1299999999999999,467,5.6499999999999993e-06,5.6499999999999993e-06,1.9441856256802345e-05
468,all,1.1299999999999999,468,5.650000000000001e-06,5.650000000000001e-06,1.5522936506529936e-05
469,all,1.1299999999999999,469,5.650000000000001e-06,5.650000000000001e-06,1.4581004405697715e-05
470,all,1.1299999999999999,470,5.650000000000001e-06,5.650000000000001e-06,1.5351134130268001e-05
471,all,1.1299999999999999,471,5.6499999999999993e-06,5.650000000000001e-06,1.7304815567169567e-05
472,all,1.1299999999999999,472,5.6499999999999967e-06,5.6499999999999993e-06,1.4846992592524903e-05
473,all,1.1299999999999999,473,5.6500000000000001e-06,5.650000000000001e-06,1.4343299893473896e-05
474,all,1.1299999999999999,474,5.6499999999999993e-06,5.650000000000001e-06,1.5786732646391686e-05
475,all,1.1299999999999999,475,5.650000000000001e-06,5.6500000000000001e-06,1.5167627699209131e-05
476,all,1.1299999999999999,476,5.650000000000001e-06,5.6500000000000001e-06,1.3880473466195328e-05
477,all,1.1299999999999999,477,5.650000000000001e-06,5.6499999999999993e-06,1.666960256419325e-05
478,all,1.1299999999999999,478,5.650000000000001e-06,5.650000000000001e-06,1.402632915653164e-05
479,all,1.1299999999999999,479,5.6499999999999993e-06,5.6499999999999993e-06,1.3341453525390309e-05
480,all,1.1299999999999999,480,5.6499999999999993e-06,5.6499999999999993e-06,1.8904167015934977e-05
481,all,1.1299999999999999,481,5.6500000000000001e-06,5.6499999999999993e-06,1.4497647246537745e-05
482,all,1.1299999999999999,482,5.6499999999999993e-06,5.650000000000001e-06,1.9332206094074482e-05
483,all,1.1299999999999999,483,5.650000000000001e-06,5.650000000000001e-06,1.5515931986150858e-05
484,all,1.1299999999999999,484,5.650000000000001e-06,5.6499999999999993e-06,1.5465714426162149e-05
485,all,1.1299999999999999,485,5.650000000000001e-06,5.6500000000000001e-06,1.5075967581447107e-05
486,all,1.1299999999999999,486,5.650000000000001e-06,5.650000000000001e-06,1.6518238476969682e-05
487,all,1.1299999999999999,487,5.650000000000001e-06,5.6500000000000001e-06,1.559112483239846e-05
488,all,1.1299999999999999,488,5.6500000000000001e-06,5.650000000000001e-06,1.7799758260129965e-05
489,all,1.1299999999999999,489,5.6500000000000001e-06,5.6499999999999993e-06,1.3841446331720838e-05
490,all,1.1299999999999999,490,5.6499999999999993e-06,5.650000000000001e-06,1.3084778822810839e-05
491,all,1.1299999999999999,491,5.6500000000000001e-06,5.650000000000001e-06,1.6217898024739072e-05
492,all,1.1299999999999999,492,5.650000000000001e-06,5.6499999999999993e-06,1.3212927660479984e-05
493,all,1.1299999999999999,493,5.650000000000001e-06,5.650000000000001e-06,1.8976621519016621e-05
494,all,1.1299999999999999,494,5.6499999999999993e-06,5.6499999999999993e-06,1.4971612033778099e-05
495,all,1.1299999999999999,495,5.650000000000001e-06,5.650000000000001e-06,1.5167155025340205e-05
496,all,1.1299999999999999,496,5.650000000000001e-06,5.650000000000001e-06,1.5513811303521542e-05
497,all,1.1299999999999999,497,5.6500000000000001e-06,5.6499999999999993e-06,1.8179635588054758e-05
498,all,1.1299999999999999,498,5.6499999999999993e-06,5.6500000000000001e-06,1.6181973738681673e-05
499,all,1.1299999999999999,499,5.650000000000001e-06,5.650000000000001e-06,1.5119967106079273e-05
500,all,1.1299999999999999,500,5.6499999999999993e-06,5.6499999999999993e-06,1.7212532163298949e-05
501,all,1.1299999999999999,501,5.6500000000000001e-06,5.6499999999999993e-06,1.7531759260684244e-05
502,all,1.1299999999999999,502,5.6499999999999993e-06,5.6499999999999993e-06,1.7161893554288674e-05
503,all,1.1299999999999999,503,5.6500000000000001e-06,5.650000000000001e-06,1.4186290221838995e-05
504,all,1.1299999999999999,504,5.6499999999999993e-06,5.6500000000000001e-06,1.4360601759898287e-05
505,all,1.1299999999999999,505,5.6500000000000001e-06,5.6499999999999993e-06,2.2712909573682058e-05
506,all,1.1299999999999999,506,5.6499999999999993e-06,5.6499999999999993e-06,1.7611005187248832e-05
507,all,1.1299999999999999,507,5.650000000000001e-06,5.6499999999999993e-06,1.9040967466648509e-05
508,all,1.1299999999999999,508,5.6499999999999993e-06,5.6500000000000001e-06,1.2414440303400959e-05
509,all,1.1299999999999999,509,5.650000000000001e-06,5.650000000000001e-06,1.4516422853653728e-05
510,all,1.1299999999999999,510,5.6500000000000001e-06,5.6500000000000001e-06,1.515670960398752e-05
511,all,1.1299999999999999,511,5.6500000000000001e-06,5.650000000000001e-06,1.5535000665578615e-05
512,all,1.1299999999999999,512,5.6499999999999993e-06,5.6500000000000001e-06,1.8834372409972363e-05
513,all,1.1299999999999999,513,5.6500000000000001e-06,5.650000000000001e-06,1.288306505742788e-05
514,all,1.1299999999999999,514,5.6499999999999993e-06,5.6499999999999993e-06,1.3994133678176893e-05
515,all,1.1299999999999999,515,5.6500000000000001e-06,5.6500000000000001e-06,1.9254993632724293e-05
516,all,1.1299999999999999,516,5.6500000000000001e-06,5.650000000000001e-06,1.2736641004350649e-05
517,all,1.1299999999999999,517,5.650000000000001e-06,5.6499999999999993e-06,1.592686629941942e-05
518,all,1.1299999999999999,518,5.6499999999999993e-06,5.6500000000000001e-06,1.4035326688957533e-05
519,all,1.1299999999999999,519,5.650000000000001e-06,5.650000000000001e-06,1.6306298977514515e-05
520,all,1.1299999999999999,520,5.650000000000001e-06,5.6500000000000001e-06,1.5611643439095631e-05
521,all,1.1299999999999999,521,5.6500000000000001e-06,5.650000000000001e-06,1.4518074593557667e-05
522,all,1.1299999999999999,522,5.650000000000001e-06,5.650000000000001e-06,1.5614211240908907e-05
523,all,1.1299999999999999,523,5.6500000000000001e-06,5.650000000000001e-06,1.5177554863652936e-05
524,all,1.1299999999999999,524,5.6499999999999993e-06,5.6499999999999993e-06,1.5842675561671401e-05
525,all,1.1299999999999999,525,5.650000000000001e-06,5.6499999999999993e-06,1.3594921211566814e-05
526,all,1.1299999999999999,526,5.6499999999999976e-06,5.6499999999999993e-06,1.5352222172468934e-05
527,all,1.1299999999999999,527,5.6499999999999993e-06,5.6499999999999993e-06,1.4525429753738642e-05
528,all,1.1299999999999999,528,5.6500000000000001e-06,5.650000000000001e-06,1.4341932594647647e-05
529,all,1.1299999999999999,529,5.6499999999999993e-06,5.6499999999999993e-06,1.4738598851758445e-05
530,all,1.1299999999999999,530,5.650000000000001e-06,5.650000000000001e-06,1.5997873680601403e-05
531,all,1.1299999999999999,531,5.650000000000001e-06,5.650000000000001e-06,1.4461857245619333e-05
532,all,1.1299999999999999,532,5.6500000000000001e-06,5.650000000000001e-06,1.7849867402630664e-05
533,all,1.1299999999999999,533,5.650000000000001e-06,5.650000000000001e-06,1.245673601486104e-05
534,all,1.1299999999999999,534,5.6499999999999993e-06,5.650000000000001e-06,1.5386946228857897e-05
535,all,1.1299999999999999,535,5.6499999999999993e-06,5.6499999999999993e-06,1.3777925147746028e-05
536,all,1.1299999999999999,536,5.6499999999999993e-06,5.650000000000001e-06,1.5461653470648446e-05
537,all,1.1299999999999999,537,5.650000000000001e-06,5.650000000000001e-06,1.4980747281490382e-05
538,all,1.1299999999999999,538,5.6499999999999993e-06,5.650000000000001e-06,1.4218297064436708e-05
539,all,1.1299999999999999,539,5.6500000000000001e-06,5.6499999999999993e-06,1.5669885369827134e-05
540,all,1.1299999999999999,540,5.6500000000000001e-06,5.650000000000001e-06,1.5828495771558546e-05
541,all,1.1299999999999999,541,5.6499999999999993e-06,5.6500000000000001e-06,1.5199669011619764e-05
542,all,1.1299999999999999,542,5.6499999999999993e-06,5.6500000000000001e-06,1.6692939408521125e-05
543,all,1.1299999999999999,543,5.6500000000000001e-06,5.6500000000000001e-06,1.4830736077451468e-05
544,all,1.1299999999999999,544,5.6499999999999993e-06,5.6499999999999993e-06,1.5978465048989378e-05
545,all,1.1299999999999999,545,5.6499999999999993e-06,5.650000000000001e-06,1.4287695534668614e-05
546,all,1.1299999999999999,546,5.650000000000001e-06,5.650000000000001e-06,1.5190851556692326e-05
547,all,1.1299999999999999,547,5.6499999999999993e-06,5.6499999999999993e-06,1.7981554281041959e-05
548,all,1.1299999999999999,548,5.650000000000001e-06,5.6499999999999993e-06,1.8151004062076497e-05
549,all,1.1299999999999999,549,5.6499999999999993e-06,5.6500000000000001e-06,1.4946299206041134e-05
550,all,1.1299999999999999,550,5.6499999999999993e-06,5.6499999999999993e-06,1.530801396125004e-05
551,all,1.1299999999999999,551,5.6499999999999993e-06,5.650000000000001e-06,1.8709524071227543e-05
552,all,1.1299999999999999,552,5.6499999999999993e-06,5.6499999999999993e-06,1.4820885078870731e-05
553,all,1.1299999999999999,553,5.6500000000000001e-06,5.6499999999999993e-06,1.3970664414566688e-05
554,all,1.1299999999999999,554,5.650000000000001e-06,5.6499999999999993e-06,1.4222662578658513e-05
555,all,1.1299999999999999,555,5.650000000000001e-06,5.6499999999999993e-06,1.4304031031127662e-05
556,all,1.1299999999999999,556,5.6500000000000001e-06,5.650000000000001e-06,1.544266915176173e-05
557,all,1.1299999999999999,557,5.650000000000001e-06,5.650000000000001e-06,1.6690551454712204e-05
558,all,1.1299999999999999,558,5.6499999999999993e-06,5.650000000000001e-06,1.7106977862956148e-05
559,all,1.1299999999999999,559,5.6500000000000001e-06,5.6500000000000001e-06,1.6840720297678424e-05
560,all,1.1299999999999999,560,5.6499999999999993e-06,5.6499999999999993e-06,1.7162593338175802e-05
561,all,1.1299999999999999,561,5.650000000000001e-06,5.6499999999999993e-06,1.4515629205411984e-05
562,all,1.1299999999999999,562,5.6499999999999993e-06,5.650000000000001e-06,1.3467760841462654e-05
563,all,1.1299999999999999,563,5.650000000000001e-06,5.6499999999999993e-06,1.7261756367376235e-05
564,all,1.1299999999999999,564,5.6499999999999993e-06,5.6499999999999993e-06,1.8051769653461522e-05
565,all,1.1299999999999999,565,5.650000000000001e-06,5.650000000000001e-06,1.5396002097932291e-05
566,all,1.1299999999999999,566,5.6499999999999993e-06,5.6499999999999993e-06,1.7044356087075558e-05
567,all,1.1299999999999999,567,5.650000000000001e-06,5.650000000000001e-06,1.7731957287642843e-05
568,all,1.1299999999999999,568,5.6500000000000001e-06,5.650000000000001e-06,1.517145510732844e-05
569,all,1.1299999999999999,569,5.6499999999999984e-06,5.6499999999999993e-06,1.5876605644618328e-05
570,all,1.1299999999999999,570,5.6499999999999993e-06,5.6500000000000001e-06,1.5008888927158324e-05
571,all,1.1299999999999999,571,5.650000000000001e-06,5.650000000000001e-06,1.7528211253083744e-05
572,all,1.1299999999999999,572,5.6500000000000018e-06,5.650000000000001e-06,2.1847632229004121e-05
573,all,1.1299999999999999,573,5.650000000000001e-06,5.650000000000001e-06,1.6892773271218589e-05
574,all,1.1299999999999999,574,5.650000000000001e-06,5.650000000000001e-06,1.5149054296407826e-05
575,all,1.1299999999999999,575,5.650000000000001e-06,5.650000000000001e-06,1.2986098826553344e-05
576,all,1.1299999999999999,576,5.6500000000000018e-06,5.650000000000001e-06,1.4086040901103514e-05
577,all,1.1299999999999999,577,5.650000000000001e-06,5.6500000000000001e-06,1.7919062993112573e-05
578,all,1.1299999999999999,578,5.6500000000000018e-06,5.650000000000001e-06,1.7692981419693539e-05
579,all,1.1299999999999999,579,5.650000000000001e-06,5.650000000000001e-06,2.0136910240062941e-05
580,all,1.1299999999999999,580,5.6499999999999993e-06,5.6499999999999993e-06,1.5102756743706371e-05
581,all,1.1299999999999999,581,5.6499999999999993e-06,5.650000000000001e-06,1.2249973983825257e-05
582,all,1.1299999999999999,582,5.650000000000001e-06,5.6500000000000001e-06,2.0341274316399779e-05
583,all,1.1299999999999999,583,5.650000000000001e-06,5.650000000000001e-06,1.7733968312514035e-05
584,all,1.1299999999999999,584,5.6499999999999993e-06,5.650000000000001e-06,1.9448313511498762e-05
585,all,1.1299999999999999,585,5.650000000000001e-06,5.6500000000000001e-06,1.5741719373399957e-05
586,all,1.1299999999999999,586,5.650000000000001e-06,5.6499999999999993e-06,1.36202473610332e-05
587,all,1.1299999999999999,587,5.650000000000001e-06,5.6499999999999993e-06,1.3491041919191925e-05
588,all,1.1299999999999999,588,5.650000000000001e-06,5.6500000000000001e-06,1.5099247346207761e-05
589,all,1.1299999999999999,589,5.6500000000000018e-06,5.650000000000001e-06,2.001148419602611e-05
590,all,1.1299999999999999,590,5.650000000000001e-06,5.650000000000001e-06,1.4956180666612129e-05
591,all,1.1299999999999999,591,5.6499999999999993e-06,5.6499999999999993e-06,1.5054706632439056e-05
592,all,1.1299999999999999,592,5.6500000000000027e-06,5.650000000000001e-06,1.3682977121158466e-05
593,all,1.1299999999999999,593,5.650000000000001e-06,5.6499999999999993e-06,1.6328909652571862e-05
594,all,1.1299999999999999,594,5.650000000000001e-06,5.650000000000001e-06,1.6670462416442083e-05
595,all,1.1299999999999999,595,5.650000000000001e-06,5.650000000000001e-06,1.803306217077217e-05
596,all,1.1299999999999999,596,5.650000000000001e-06,5.650000000000001e-06,1.5313167819681397e-05
597,all,1.1299999999999999,597,5.6500000000000018e-06,5.6500000000000001e-06,1.6600645849199628e-05
598,all,1.1299999999999999,598,5.650000000000001e-06,5.650000000000001e-06,1.4787370980463467e-05
599,all,1.1299999999999999,599,5.6499999999999993e-06,5.6499999999999993e-06,1.4494945237958735e-05
600,all,1.1299999999999999,600,5.650000000000001e-06,5.6499999999999993e-06,1.5476916736143647e-05
601,all,3.2000000000000002,1,1.6000000000000003e-05,1.6000000000000006e-05,3.9746504429951756e-05
602,all,3.2000000000000002,2,1.6000000000000003e-05,1.6000000000000003e-05,4.6549814526866783e-05
603,all,3.2000000000000002,3,1.6000000000000003e-05,1.5999999999999999e-05,4.1711177049674808e-05
604,all,3.2000000000000002,4,1.6000000000000006e-05,1.6000000000000003e-05,4.1326298361262031e-05
605,all,3.2000000000000002,5,1.5999999999999999e-05,1.6000000000000003e-05,3.9696423379465818e-05
606,all,3.2000000000000002,6,1.6000000000000003e-05,1.6000000000000006e-05,4.4235153595442476e-05
607,all,3.2000000000000002,7,1.5999999999999999e-05,1.5999999999999999e-05,4.7169116931180703e-05
608,all,3.2000000000000002,8,1.6000000000000003e-05,1.6000000000000003e-05,4.6788083068559064e-05
609,all,3.2000000000000002,9,1.5999999999999999e-05,1.5999999999999999e-05,4.1592202624523142e-05
610,all,3.2000000000000002,10,1.6000000000000006e-05,1.6000000000000003e-05,4.5128970740782001e-05
611,all,3.2000000000000002,11,1.6000000000000003e-05,1.5999999999999999e-05,3.9818258842146099e-05
612,all,3.2000000000000002,12,1.6000000000000003e-05,1.6000000000000003e-05,5.7021070029443048e-05
613,all,3.2000000000000002,13,1.5999999999999999e-05,1.6000000000000003e-05,4.5204334195933706e-05
614,all,3.2000000000000002,14,1.6000000000000006e-05,1.6000000000000006e-05,5.1035932909259889e-05
615,all,3.2000000000000002,15,1.6000000000000003e-05,1.6000000000000006e-05,3.4923692286470328e-05
616,all,3.2000000000000002,16,1.6000000000000003e-05,1.6000000000000003e-05,4.8100993691139887e-05
617,all,3.2000000000000002,17,1.6000000000000003e-05,1.6000000000000003e-05,3.9544892151817916e-05
618,all,3.2000000000000002,18,1.6000000000000003e-05,1.6000000000000003e-05,4.8071163208237372e-05
619,all,3.2000000000000002,19,1.5999999999999999e-05,1.6000000000000003e-05,3.9240610642977851e-05
620,all,3.2000000000000002,20,1.6000000000000003e-05,1.6000000000000003e-05,4.2630736719929436e-05
621,all,3.2000000000000002,21,1.6000000000000003e-05,1.6000000000000003e-05,5.0914630088359866e-05
622,all,3.2000000000000002,22,1.5999999999999999e-05,1.6000000000000003e-05,5.2544826573011104e-05
623,all,3.2000000000000002,23,1.6000000000000003e-05,1.6000000000000003e-05,4.9541749753953189e-05
624,all,3.2000000000000002,24,1.6000000000000003e-05,1.6000000000000003e-05,4.5254752804992853e-05
625,all,3.2000000000000002,25,1.6000000000000003e-05,1.6000000000000003e-05,5.0714259857617814e-05
626,all,3.2000000000000002,26,1.6000000000000006e-05,1.6000000000000003e-05,5.5805711435805265e-05
627,all,3.2000000000000002,27,1.6000000000000003e-05,1.6000000000000003e-05,4.081431594698165e-05
628,all,3.2000000000000002,28,1.5999999999999999e-05,1.6000000000000003e-05,4.1458992428608323e-05
629,all,3.2000000000000002,29,1.5999999999999999e-05,1.5999999999999999e-05,4.748332899105546e-05
630,all,3.2000000000000002,30,1.6000000000000006e-05,1.6000000000000006e-05,4.4408073845398057e-05
631,all,3.2000000000000002,31,1.5999999999999999e-05,1.6000000000000003e-05,3.6593008764303519e-05
632,all,3.2000000000000002,32,1.5999999999999999e-05,1.6000000000000003e-05,4.2386524016958857e-05
633,all,3.2000000000000002,33,1.6000000000000006e-05,1.6000000000000006e-05,3.7216721657476016e-05
634,all,3.2000000000000002,34,1.5999999999999996e-05,1.5999999999999999e-05,4.8412583661902429e-05
635,all,3.2000000000000002,35,1.6000000000000006e-05,1.6000000000000003e-05,3.8559307243634493e-05
636,all,3.2000000000000002,36,1.6000000000000006e-05,1.6000000000000003e-05,5.0192824568667147e-05
637,all,3.2000000000000002,37,1.6000000000000003e-05,1.5999999999999999e-05,5.0718915472825122e-05
638,all,3.2000000000000002,38,1.6000000000000006e-05,1.6000000000000006e-05,5.8259521613087412e-05
639,all,3.2000000000000002,39,1.6000000000000003e-05,1.6000000000000003e-05,3.7440726742695801e-05
640,all,3.2000000000000002,40,1.6000000000000003e-05,1.6000000000000003e-05,3.6442580679502029e-05
641,all,3.2000000000000002,41,1.5999999999999999e-05,1.6000000000000003e-05,4.3331481837268824e-05
642,all,3.2000000000000002,42,1.6000000000000006e-05,1.6000000000000003e-05,4.9491008603387328e-05
643,all,3.2000000000000002,43,1.6000000000000003e-05,1.6000000000000003e-05,3.6735478180039415e-05
644,all,3.2000000000000002,44,1.6000000000000003e-05,1.5999999999999999e-05,4.4979000286213867e-05
645,all,3.2000000000000002,45,1.6000000000000006e-05,1.6000000000000003e-05,3.6333278223010581e-05
646,all,3.2000000000000002,46,1.6000000000000006e-05,1.6000000000000003e-05,5.0237286440479761e-05
647,all,3.2000000000000002,47,1.6000000000000003e-05,1.6000000000000003e-05,5.4705387587903279e-05
648,all,3.2000000000000002,48,1.6000000000000003e-05,1.6000000000000003e-05,4.0671092774987871e-05
649,all,3.2000000000000002,49,1.6000000000000003e-05,1.6000000000000003e-05,4.9662563297300379e-05
650,all,3.2000000000000002,50,1.6000000000000003e-05,1.6000000000000003e-05,4.1807567752546746e-05
651,all,3.2000000000000002,51,1.5999999999999999e-05,1.6000000000000003e-05,3.5357292833599011e-05
652,all,3.2000000000000002,52,1.5999999999999999e-05,1.5999999999999999e-05,5.078174386039662e-05
653,all,3.2000000000000002,53,1.6000000000000006e-05,1.6000000000000003e-05,4.540031628836821e-05
654,all,3.2000000000000002,54,1.6000000000000003e-05,1.6000000000000003e-05,4.3307031127333469e-05
655,all,3.2000000000000002,55,1.5999999999999999e-05,1.6000000000000003e-05,4.8992499165351327e-05
656,all,3.2000000000000002,56,1.5999999999999999e-05,1.6000000000000003e-05,4.5145275639468609e-05
657,all,3.2000000000000002,57,1.5999999999999999e-05,1.6000000000000003e-05,4.1467749923643876e-05
658,all,3.2000000000000002,58,1.6000000000000009e-05,1.6000000000000003e-05,4.2598707439167747e-05
659,all,3.2000000000000002,59,1.6000000000000006e-05,1.6000000000000003e-05,3.7727986057282341e-05
660,all,3.2000000000000002,60,1.6000000000000006e-05,1.6000000000000006e-05,5.8370776610068244e-05
661,all,3.2000000000000002,61,1.6000000000000003e-05,1.6000000000000003e-05,5.3119927929733842e-05
662,all,3.2000000000000002,62,1.6000000000000009e-05,1.6000000000000006e-05,5.6018832738732759e-05
663,all,3.2000000000000002,63,1.6000000000000006e-05,1.6000000000000003e-05,3.9667779831259733e-05
664,all,3.2000000000000002,64,1.6000000000000003e-05,1.6000000000000006e-05,3.3456371641305362e-05
665,all,3.2000000000000002,65,1.5999999999999999e-05,1.6000000000000003e-05,5.4706097548467223e-05
666,all,3.2000000000000002,66,1.6000000000000003e-05,1.6000000000000006e-05,4.1275757647149771e-05
667,all,3.2000000000000002,67,1.6000000000000003e-05,1.6000000000000006e-05,4.2060502318457433e-05
668,all,3.2000000000000002,68,1.6000000000000006e-05,1.6000000000000003e-05,4.2973264490032222e-05
669,all,3.2000000000000002,69,1.6000000000000006e-05,1.6000000000000003e-05,4.5109920177333342e-05
670,all,3.2000000000000002,70,1.6000000000000003e-05,1.6000000000000006e-05,4.5720004711882376e-05
671,all,3.2000000000000002,71,1.6000000000000003e-05,1.6000000000000003e-05,4.0692419332181408e-05
672,all,3.2000000000000002,72,1.6000000000000003e-05,1.6000000000000003e-05,4.3397172540677321e-05
673,all,3.2000000000000002,73,1.5999999999999999e-05,1.6000000000000003e-05,4.1119769897935522e-05
674,all,3.2000000000000002,74,1.5999999999999996e-05,1.5999999999999999e-05,4.1544481785977772e-05
675,all,3.2000000000000002,75,1.6000000000000006e-05,1.6000000000000003e-05,4.8867697018124375e-05
676,all,3.2000000000000002,76,1.6000000000000006e-05,1.5999999999999999e-05,4.9977259584357284e-05
677,all,3.2000000000000002,77,1.6000000000000003e-05,1.6000000000000003e-05,3.7361062931293908e-05
678,all,3.2000000000000002,78,1.6000000000000006e-05,1.6000000000000006e-05,4.3740209207275626e-05
679,all,3.2000000000000002,79,1.6000000000000006e-05,1.6000000000000003e-05,4.3853227090520347e-05
680,all,3.2000000000000002,80,1.6000000000000003e-05,1.6000000000000003e-05,3.8323579950545018e-05
681,all,3.2000000000000002,81,1.6000000000000003e-05,1.6000000000000003e-05,5.268848149262843e-05
682,all,3.2000000000000002,82,1.6000000000000003e-05,1.6000000000000003e-05,4.0773724955030093e-05
683,all,3.2000000000000002,83,1.6000000000000003e-05,1.6000000000000003e-05,4.3936356253770686e-05
684,all,3.2000000000000002,84,1.5999999999999999e-05,1.6000000000000003e-05,4.5718731445730066e-05
685,all,3.2000000000000002,85,1.6000000000000006e-05,1.6000000000000006e-05,5.0390521104681999e-05
686,all,3.2000000000000002,86,1.6000000000000003e-05,1.6000000000000003e-05,4.7616649555587472e-05
687,all,3.2000000000000002,87,1.6000000000000006e-05,1.6000000000000003e-05,3.5030122393455913e-05
688,all,3.2000000000000002,88,1.6000000000000006e-05,1.6000000000000003e-05,4.5438895871288138e-05
689,all,3.2000000000000002,89,1.5999999999999999e-05,1.6000000000000003e-05,4.2054675984047913e-05
690,all,3.2000000000000002,90,1.6000000000000003e-05,1.6000000000000006e-05,3.833940629205672e-05
691,all,3.2000000000000002,91,1.6000000000000006e-05,1.6000000000000006e-05,3.7464407687816882e-05
692,all,3.2000000000000002,92,1.6000000000000003e-05,1.6000000000000003e-05,4.258676893828196e-05
693,all,3.2000000000000002,93,1.6000000000000003e-05,1.6000000000000003e-05,3.7360144347901716e-05
694,all,3.2000000000000002,94,1.6000000000000003e-05,1.6000000000000003e-05,4.8257571487189178e-05
695,all,3.2000000000000002,95,1.6000000000000003e-05,1.6000000000000003e-05,4.5214633703285326e-05
696,all,3.2000000000000002,96,1.6000000000000006e-05,1.6000000000000006e-05,4.8200100828045517e-05
697,all,3.2000000000000002,97,1.6000000000000003e-05,1.6000000000000003e-05,5.626154347305273e-05
698,all,3.2000000000000002,98,1.5999999999999999e-05,1.6000000000000003e-05,4.1442149565917181e-05
699,all,3.2000000000000002,99,1.6000000000000003e-05,1.5999999999999999e-05,3.8357546262394719e-05
700,all,3.2000000000000002,100,1.6000000000000009e-05,1.6000000000000006e-05,4.3394771577674946e-05
701,all,3.2000000000000002,101,1.6000000000000006e-05,1.6000000000000006e-05,4.051827416063594e-05
702,all,3.2000000000000002,102,1.6000000000000003e-05,1.6000000000000003e-05,4.6612321860340836e-05
703,all,3.2000000000000002,103,1.6000000000000003e-05,1.6000000000000003e-05,5.1303064700622769e-05
704,all,3.2000000000000002,104,1.6000000000000003e-05,1.6000000000000003e-05,4.7075103716615333e-05
705,all,3.2000000000000002,105,1.6000000000000003e-05,1.6000000000000003e-05,4.1293907079719584e-05
706,all,3.2000000000000002,106,1.5999999999999999e-05,1.6000000000000003e-05,4.563527294923106e-05
707,all,3.2000000000000002,107,1.5999999999999999e-05,1.6000000000000003e-05,4.0247137848055517e-05
708,all,3.2000000000000002,108,1.5999999999999999e-05,1.5999999999999999e-05,4.2904479562339188e-05
709,all,3.2000000000000002,109,1.6000000000000006e-05,1.6000000000000003e-05,3.633168668518479e-05
710,all,3.2000000000000002,110,1.6000000000000003e-05,1.6000000000000003e-05,3.8588993945131465e-05
711,all,3.2000000000000002,111,1.6000000000000003e-05,1.6000000000000003e-05,4.0454048640476002e-05
712,all,3.2000000000000002,112,1.6000000000000003e-05,1.6000000000000003e-05,3.6158219620984872e-05
713,all,3.2000000000000002,113,1.6000000000000006e-05,1.6000000000000006e-05,4.1655568669237378e-05
714,all,3.2000000000000002,114,1.6000000000000003e-05,1.6000000000000003e-05,4.0351930710943651e-05
715,all,3.2000000000000002,115,1.6000000000000003e-05,1.6000000000000003e-05,4.2480607431071954e-05
716,all,3.2000000000000002,116,1.6000000000000006e-05,1.6000000000000003e-05,4.3649971025824569e-05
717,all,3.2000000000000002,117,1.5999999999999999e-05,1.5999999999999999e-05,3.78303434899706e-05
718,all,3.2000000000000002,118,1.6000000000000003e-05,1.6000000000000003e-05,4.5041193785068055e-05
719,all,3.2000000000000002,119,1.5999999999999999e-05,1.6000000000000003e-05,4.0705148610984566e-05
720,all,3.2000000000000002,120,1.5999999999999999e-05,1.5999999999999999e-05,4.1854544118504711e-05
721,all,3.2000000000000002,121,1.6000000000000003e-05,1.6000000000000003e-05,4.7915699150413302e-05
722,all,3.2000000000000002,122,1.6000000000000003e-05,1.6000000000000003e-05,4.1024943885189889e-05
723,all,3.2000000000000002,123,1.6000000000000003e-05,1.6000000000000003e-05,4.8369448961788669e-05
724,all,3.2000000000000002,124,1.6000000000000006e-05,1.6000000000000003e-05,3.6254390718932518e-05
725,all,3.2000000000000002,125,1.6000000000000003e-05,1.6000000000000003e-05,3.6623545032503069e-05
726,all,3.2000000000000002,126,1.6000000000000006e-05,1.6000000000000006e-05,4.5026871680696908e-05
727,all,3.2000000000000002,127,1.6000000000000006e-05,1.6000000000000003e-05,4.0489618007459821e-05
728,all,3.2000000000000002,128,1.5999999999999999e-05,1.6000000000000003e-05,4.0430111431059493e-05
729,all,3.2000000000000002,129,1.6000000000000003e-05,1.6000000000000006e-05,4.0503673732772847e-05
730,all,3.2000000000000002,130,1.5999999999999999e-05,1.6000000000000003e-05,3.6242335477213056e-05
731,all,3.2000000000000002,131,1.5999999999999999e-05,1.6000000000000003e-05,4.642153389392854e-05
732,all,3.2000000000000002,132,1.6000000000000006e-05,1.6000000000000006e-05,6.053713311632684e-05
733,all,3.2000000000000002,133,1.5999999999999999e-05,1.6000000000000003e-05,5.8296052709429099e-05
734,all,3.2000000000000002,134,1.5999999999999999e-05,1.6000000000000003e-05,4.9615636506826831e-05
735,all,3.2000000000000002,135,1.6000000000000003e-05,1.6000000000000003e-05,4.1716358963281075e-05
736,all,3.2000000000000002,136,1.5999999999999999e-05,1.6000000000000003e-05,4.8186960098582717e-05
737,all,3.2000000000000002,137,1.6000000000000006e-05,1.6000000000000003e-05,5.0106156450981393e-05
738,all,3.2000000000000002,138,1.6000000000000006e-05,1.6000000000000003e-05,4.0682802929160078e-05
739,all,3.2000000000000002,139,1.6000000000000009e-05,1.6000000000000003e-05,4.0406607697841571e-05
740,all,3.2000000000000002,140,1.5999999999999999e-05,1.6000000000000003e-05,4.2533975807893609e-05
741,all,3.2000000000000002,141,1.6000000000000009e-05,1.6000000000000003e-05,4.7701518534022018e-05
742,all,3.2000000000000002,142,1.6000000000000006e-05,1.6000000000000006e-05,4.2583751935749894e-05
743,all,3.2000000000000002,143,1.6000000000000003e-05,1.6000000000000006e-05,4.1779291508032232e-05
744,all,3.2000000000000002,144,1.6000000000000009e-05,1.6000000000000006e-05,5.4436604463357513e-05
745,all,3.2000000000000002,145,1.5999999999999999e-05,1.6000000000000006e-05,3.6418269625006813e-05
746,all,3.2000000000000002,146,1.6000000000000003e-05,1.6000000000000003e-05,4.0088509752466169e-05
747,all,3.2000000000000002,147,1.6000000000000006e-05,1.6000000000000006e-05,5.8598623181020483e-05
748,all,3.2000000000000002,148,1.6000000000000006e-05,1.6000000000000003e-05,5.004258025182938e-05
749,all,3.2000000000000002,149,1.6000000000000009e-05,1.6000000000000006e-05,4.8244142157130713e-05
750,all,3.2000000000000002,150,1.6000000000000003e-05,1.6000000000000003e-05,4.7275585224787288e-05
751,all,3.2000000000000002,151,1.6000000000000003e-05,1.6000000000000003e-05,4.5044854483940376e-05
752,all,3.2000000000000002,152,1.6000000000000003e-05,1.5999999999999999e-05,4.2159097586439452e-05
753,all,3.2000000000000002,153,1.6000000000000003e-05,1.6000000000000003e-05,4.1085680214955519e-05
754,all,3.2000000000000002,154,1.6000000000000006e-05,1.6000000000000003e-05,4.2280931452325042e-05
755,all,3.2000000000000002,155,1.6000000000000003e-05,1.6000000000000003e-05,4.1292398528179821e-05
756,all,3.2000000000000002,156,1.6000000000000003e-05,1.6000000000000003e-05,4.6935168833639625e-05
757,all,3.2000000000000002,157,1.6000000000000006e-05,1.6000000000000003e-05,4.7631510704821774e-05
758,all,3.2000000000000002,158,1.6000000000000003e-05,1.6000000000000003e-05,4.2267520370206269e-05
759,all,3.2000000000000002,159,1.6000000000000009e-05,1.6000000000000003e-05,3.7789787022177782e-05
760,all,3.2000000000000002,160,1.6000000000000003e-05,1.6000000000000003e-05,4.5794873568709946e-05
761,all,3.2000000000000002,161,1.6000000000000006e-05,1.6000000000000006e-05,4.7980058506920579e-05
762,all,3.2000000000000002,162,1.5999999999999999e-05,1.6000000000000003e-05,3.5787540473569045e-05
763,all,3.2000000000000002,163,1.6000000000000006e-05,1.6000000000000006e-05,4.2538858434227848e-05
764,all,3.2000000000000002,164,1.5999999999999999e-05,1.6000000000000003e-05,3.3795642258882475e-05
765,all,3.2000000000000002,165,1.6000000000000006e-05,1.6000000000000003e-05,4.5949134761623942e-05
766,all,3.2000000000000002,166,1.6000000000000003e-05,1.6000000000000003e-05,4.1781359274480526e-05
767,all,3.2000000000000002,167,1.6000000000000003e-05,1.5999999999999999e-05,5.5944358653597684e-05
768,all,3.2000000000000002,168,1.5999999999999999e-05,1.6000000000000003e-05,3.8163241582023578e-05
769,all,3.2000000000000002,169,1.6000000000000003e-05,1.5999999999999999e-05,3.9154491862132788e-05
770,all,3.2000000000000002,170,1.6000000000000003e-05,1.6000000000000003e-05,4.4545148723200707e-05
771,all,3.2000000000000002,171,1.6000000000000003e-05,1.6000000000000003e-05,4.0383282431904642e-05
772,all,3.2000000000000002,172,1.6000000000000003e-05,1.6000000000000006e-05,4.0161271419412699e-05
773,all,3.2000000000000002,173,1.5999999999999996e-05,1.6000000000000003e-05,4.7110768303103099e-05
774,all,3.2000000000000002,174,1.6000000000000006e-05,1.6000000000000006e-05,4.6321684090782921e-05
775,all,3.2000000000000002,175,1.6000000000000003e-05,1.5999999999999999e-05,4.2448843037130005e-05
776,all,3.2000000000000002,176,1.5999999999999999e-05,1.6000000000000003e-05,3.8971605183659984e-05
777,all,3.2000000000000002,177,1.5999999999999999e-05,1.6000000000000003e-05,4.8098072584506967e-05
778,all,3.2000000000000002,178,1.6000000000000003e-05,1.6000000000000003e-05,4.639510469045559e-05
779,all,3.2000000000000002,179,1.6000000000000006e-05,1.6000000000000006e-05,3.7116300001852504e-05
780,all,3.2000000000000002,180,1.5999999999999996e-05,1.5999999999999999e-05,3.9910303194368032e-05
781,all,3.2000000000000002,181,1.6000000000000006e-05,1.6000000000000006e-05,3.8504690634798715e-05
782,all,3.2000000000000002,182,1.6000000000000003e-05,1.6000000000000003e-05,4.6175461298601481e-05
783,all,3.2000000000000002,183,1.6000000000000003e-05,1.6000000000000006e-05,4.1802768140728376e-05
784,all,3.2000000000000002,184,1.6000000000000003e-05,1.6000000000000003e-05,4.1543075798326984e-05
785,all,3.2000000000000002,185,1.5999999999999999e-05,1.6000000000000006e-05,6.4133560470631959e-05
786,all,3.2000000000000002,186,1.6000000000000003e-05,1.5999999999999999e-05,4.3696107096883055e-05
787,all,3.2000000000000002,187,1.5999999999999999e-05,1.6000000000000003e-05,5.0470988196951463e-05
788,all,3.2000000000000002,188,1.6000000000000006e-05,1.6000000000000006e-05,3.929672897196392e-05
789,all,3.2000000000000002,189,1.5999999999999999e-05,1.6000000000000003e-05,3.699730801567154e-05
790,all,3.2000000000000002,190,1.6000000000000006e-05,1.6000000000000006e-05,5.5531778552236515e-05
791,all,3.2000000000000002,191,1.6000000000000006e-05,1.6000000000000003e-05,4.2581113468973507e-05
792,all,3.2000000000000002,192,1.6000000000000003e-05,1.6000000000000006e-05,3.9055459636553778e-05
793,all,3.2000000000000002,193,1.6000000000000006e-05,1.6000000000000003e-05,4.4227850745772131e-05
794,all,3.2000000000000002,194,1.6000000000000003e-05,1.6000000000000003e-05,4.6590057954325454e-05
795,all,3.2000000000000002,195,1.6000000000000003e-05,1.6000000000000006e-05,4.2869715163663687e-05
796,all,3.2000000000000002,196,1.6000000000000003e-05,1.6000000000000006e-05,4.2282384572532313e-05
797,all,3.2000000000000002,197,1.5999999999999999e-05,1.6000000000000006e-05,5.0525740904201396e-05
798,all,3.2000000000000002,198,1.6000000000000003e-05,1.6000000000000003e-05,5.4029749322122967e-05
799,all,3.2000000000000002,199,1.6000000000000003e-05,1.6000000000000006e-05,4.3070726987078012e-05
800,all,3.2000000000000002,200,1.6000000000000003e-05,1.6000000000000003e-05,4.3745957989550476e-05
801,all,3.2000000000000002,201,1.6000000000000003e-05,1.6000000000000003e-05,4.116953725309249e-05
802,all,3.2000000000000002,202,1.5999999999999999e-05,1.6000000000000003e-05,4.9768463799376687e-05
803,all,3.2000000000000002,203,1.5999999999999999e-05,1.6000000000000003e-05,4.2937655561630899e-05
804,all,3.2000000000000002,204,1.6000000000000003e-05,1.6000000000000003e-05,3.868247423679442e-05
805,all,3.2000000000000002,205,1.6000000000000006e-05,1.6000000000000006e-05,4.3336847500787546e-05
806,all,3.2000000000000002,206,1.6000000000000006e-05,1.6000000000000003e-05,4.4316005924970279e-05
807,all,3.2000000000000002,207,1.6000000000000003e-05,1.6000000000000003e-05,4.4037823858326251e-05
808,all,3.2000000000000002,208,1.6000000000000003e-05,1.6000000000000003e-05,4.3799064104965624e-05
809,all,3.2000000000000002,209,1.5999999999999999e-05,1.6000000000000003e-05,3.9598786300386594e-05
810,all,3.2000000000000002,210,1.6000000000000006e-05,1.6000000000000006e-05,4.208175922977488e-05
811,all,3.2000000000000002,211,1.6000000000000006e-05,1.6000000000000006e-05,4.66894203662145e-05
812,all,3.2000000000000002,212,1.6000000000000003e-05,1.6000000000000006e-05,4.3796441346245451e-05
813,all,3.2000000000000002,213,1.6000000000000003e-05,1.6000000000000003e-05,4.8299465663408305e-05
814,all,3.2000000000000002,214,1.6000000000000003e-05,1.6000000000000003e-05,3.4655385344887041e-05
815,all,3.2000000000000002,215,1.5999999999999999e-05,1.6000000000000003e-05,4.3771420565776986e-05
816,all,3.2000000000000002,216,1.6000000000000006e-05,1.6000000000000003e-05,3.8222272339033318e-05
817,all,3.2000000000000002,217,1.5999999999999999e-05,1.5999999999999999e-05,4.9337201404121711e-05
818,all,3.2000000000000002,218,1.6000000000000003e-05,1.6000000000000003e-05,4.448376317589716e-05
819,all,3.2000000000000002,219,1.6000000000000003e-05,1.6000000000000003e-05,4.2076182183223268e-05
820,all,3.2000000000000002,220,1.5999999999999999e-05,1.6000000000000003e-05,4.1576282553446518e-05
821,all,3.2000000000000002,221,1.5999999999999999e-05,1.6000000000000006e-05,4.4171106304152744e-05
822,all,3.2000000000000002,222,1.6000000000000003e-05,1.6000000000000006e-05,4.1449173175902867e-05
823,all,3.2000000000000002,223,1.6000000000000003e-05,1.6000000000000003e-05,4.0949165215515419e-05
824,all,3.2000000000000002,224,1.6000000000000003e-05,1.6000000000000003e-05,4.5644063018041427e-05
825,all,3.2000000000000002,225,1.6000000000000006e-05,1.6000000000000003e-05,4.3692559926799406e-05
826,all,3.2000000000000002,226,1.6000000000000003e-05,1.6000000000000003e-05,3.9705169917373547e-05
827,all,3.2000000000000002,227,1.6000000000000006e-05,1.6000000000000006e-05,4.4929053235571756e-05
828,all,3.2000000000000002,228,1.5999999999999999e-05,1.6000000000000003e-05,4.7483063371605726e-05
829,all,3.2000000000000002,229,1.6000000000000006e-05,1.6000000000000006e-05,4.2064843434630754e-05
830,all,3.2000000000000002,230,1.5999999999999999e-05,1.6000000000000006e-05,4.3644962375667124e-05
831,all,3.2000000000000002,231,1.6000000000000006e-05,1.6000000000000006e-05,5.7552773195702993e-05
832,all,3.2000000000000002,232,1.5999999999999999e-05,1.6000000000000003e-05,5.6581278961457144e-05
833,all,3.2000000000000002,233,1.5999999999999999e-05,1.6000000000000003e-05,5.6105368127028927e-05
834,all,3.2000000000000002,234,1.6000000000000009e-05,1.6000000000000006e-05,3.9433975515874751e-05
835,all,3.2000000000000002,235,1.6000000000000003e-05,1.6000000000000006e-05,4.3495231135792468e-05
836,all,3.2000000000000002,236,1.6000000000000003e-05,1.6000000000000006e-05,3.8336734939025911e-05
837,all,3.2000000000000002,237,1.6000000000000003e-05,1.6000000000000003e-05,4.5975144846178616e-05
838,all,3.2000000000000002,238,1.6000000000000009e-05,1.6000000000000006e-05,4.7634517856554484e-05
839,all,3.2000000000000002,239,1.6000000000000009e-05,1.6000000000000003e-05,3.6461402893714622e-05
840,all,3.2000000000000002,240,1.6000000000000006e-05,1.6000000000000006e-05,5.068906925112529e-05
841,all,3.2000000000000002,241,1.6000000000000006e-05,1.5999999999999999e-05,5.0713581813360552e-05
842,all,3.2000000000000002,242,1.5999999999999999e-05,1.6000000000000003e-05,4.9276539038932157e-05
843,all,3.2000000000000002,243,1.5999999999999999e-05,1.6000000000000003e-05,5.4167805337170538e-05
844,all,3.2000000000000002,244,1.6000000000000003e-05,1.6000000000000003e-05,5.5962144331266764e-05
845,all,3.2000000000000002,245,1.6000000000000003e-05,1.5999999999999999e-05,5.2035530433356295e-05
846,all,3.2000000000000002,246,1.6000000000000003e-05,1.6000000000000003e-05,3.8671030457003845e-05
847,all,3.2000000000000002,247,1.6000000000000006e-05,1.6000000000000003e-05,6.2872496199471096e-05
848,all,3.2000000000000002,248,1.6000000000000006e-05,1.6000000000000006e-05,3.5114895362083022e-05
849,all,3.2000000000000002,249,1.5999999999999999e-05,1.5999999999999999e-05,4.827758621202788e-05
850,all,3.2000000000000002,250,1.6000000000000003e-05,1.6000000000000003e-05,4.6841196427412815e-05
851,all,3.2000000000000002,251,1.6000000000000006e-05,1.6000000000000003e-05,3.8531774620060025e-05
852,all,3.2000000000000002,252,1.6000000000000006e-05,1.6000000000000003e-05,4.0758688742623276e-05
853,all,3.2000000000000002,253,1.6000000000000006e-05,1.6000000000000003e-05,4.0991106934527227e-05
854,all,3.2000000000000002,254,1.6000000000000003e-05,1.6000000000000003e-05,3.870736187980569e-05
855,all,3.2000000000000002,255,1.5999999999999999e-05,1.6000000000000003e-05,4.1449545357780178e-05
856,all,3.2000000000000002,256,1.5999999999999999e-05,1.6000000000000003e-05,3.854394205102989e-05
857,all,3.2000000000000002,257,1.6000000000000003e-05,1.6000000000000003e-05,4.7557207143769272e-05
858,all,3.2000000000000002,258,1.5999999999999996e-05,1.6000000000000003e-05,4.0906794229687745e-05
859,all,3.2000000000000002,259,1.6000000000000003e-05,1.6000000000000003e-05,3.6121567614642444e-05
860,all,3.2000000000000002,260,1.5999999999999999e-05,1.5999999999999999e-05,5.1356328383509046e-05
861,all,3.2000000000000002,261,1.6000000000000006e-05,1.6000000000000003e-05,4.6998134141765729e-05
862,all,3.2000000000000002,262,1.6000000000000003e-05,1.6000000000000003e-05,3.8505881408850445e-05
863,all,3.2000000000000002,263,1.6000000000000006e-05,1.6000000000000003e-05,3.9255264528495126e-05
864,all,3.2000000000000002,264,1.5999999999999999e-05,1.6000000000000003e-05,5.0036482883833397e-05
865,all,3.2000000000000002,265,1.6000000000000006e-05,1.6000000000000006e-05,4.063130694702199e-05
866,all,3.2000000000000002,266,1.6000000000000003e-05,1.6000000000000003e-05,4.2281866795263879e-05
867,all,3.2000000000000002,267,1.5999999999999999e-05,1.6000000000000003e-05,3.557295456159513e-05
868,all,3.2000000000000002,268,1.6000000000000003e-05,1.6000000000000003e-05,4.1625454222441373e-05
869,all,3.2000000000000002,269,1.6000000000000003e-05,1.6000000000000003e-05,4.3886878988518473e-05
870,all,3.2000000000000002,270,1.5999999999999999e-05,1.6000000000000003e-05,5.2046776486996388e-05
871,all,3.2000000000000002,271,1.6000000000000003e-05,1.6000000000000003e-05,4.0359189013622365e-05
872,all,3.2000000000000002,272,1.6000000000000003e-05,1.6000000000000003e-05,5.4857911859507349e-05
873,all,3.2000000000000002,273,1.6000000000000006e-05,1.6000000000000003e-05,4.9399342404232909e-05
874,all,3.2000000000000002,274,1.6000000000000003e-05,1.6000000000000003e-05,4.7833829101601618e-05
875,all,3.2000000000000002,275,1.6000000000000003e-05,1.6000000000000003e-05,4.3877684352671679e-05
876,all,3.2000000000000002,276,1.6000000000000003e-05,1.5999999999999999e-05,4.8189764092228436e-05
877,all,3.2000000000000002,277,1.6000000000000003e-05,1.6000000000000003e-05,4.7721764750953752e-05
878,all,3.2000000000000002,278,1.6000000000000003e-05,1.6000000000000003e-05,4.0411069543626916e-05
879,all,3.2000000000000002,279,1.6000000000000003e-05,1.6000000000000003e-05,5.1797084562614979e-05
880,all,3.2000000000000002,280,1.6000000000000003e-05,1.6000000000000003e-05,4.3644989403839989e-05
881,all,3.2000000000000002,281,1.5999999999999999e-05,1.6000000000000003e-05,4.1756998078005698e-05
882,all,3.2000000000000002,282,1.6000000000000009e-05,1.6000000000000006e-05,4.6636690568349519e-05
883,all,3.2000000000000002,283,1.6000000000000003e-05,1.5999999999999999e-05,4.4690800102691417e-05
884,all,3.2000000000000002,284,1.6000000000000009e-05,1.6000000000000006e-05,5.0843049937721948e-05
885,all,3.2000000000000002,285,1.6000000000000006e-05,1.6000000000000003e-05,3.8441941499180843e-05
886,all,3.2000000000000002,286,1.6000000000000006e-05,1.6000000000000003e-05,3.8225864964010546e-05
887,all,3.2000000000000002,287,1.6000000000000006e-05,1.6000000000000003e-05,3.8227525977668495e-05
888,all,3.2000000000000002,288,1.6000000000000006e-05,1.6000000000000003e-05,4.0172546965776681e-05
889,all,3.2000000000000002,289,1.6000000000000006e-05,1.6000000000000003e-05,4.0561863180183174e-05
890,all,3.2000000000000002,290,1.6000000000000003e-05,1.6000000000000006e-05,4.5373845140340138e-05
891,all,3.2000000000000002,291,1.6000000000000003e-05,1.6000000000000003e-05,4.8635590692959895e-05
892,all,3.2000000000000002,292,1.5999999999999999e-05,1.6000000000000003e-05,3.951923165842218e-05
893,all,3.2000000000000002,293,1.6000000000000003e-05,1.6000000000000003e-05,3.7367243466209233e-05
894,all,3.2000000000000002,294,1.5999999999999999e-05,1.6000000000000003e-05,3.8097197592459706e-05
895,all,3.2000000000000002,295,1.6000000000000003e-05,1.6000000000000003e-05,4.3472532992210737e-05
896,all,3.2000000000000002,296,1.6000000000000003e-05,1.6000000000000003e-05,4.5796222240915869e-05
897,all,3.2000000000000002,297,1.5999999999999999e-05,1.5999999999999999e-05,4.7975491734969645e-05
898,all,3.2000000000000002,298,1.6000000000000009e-05,1.6000000000000006e-05,4.7625972292258308e-05
899,all,3.2000000000000002,299,1.6000000000000003e-05,1.6000000000000003e-05,3.7580712453676854e-05
900,all,3.2000000000000002,300,1.6000000000000003e-05,1.6000000000000003e-05,6.7154266490557609e-05
901,all,3.2000000000000002,301,1.6000000000000006e-05,1.6000000000000006e-05,3.9827921183470456e-05
902,all,3.2000000000000002,302,1.5999999999999999e-05,1.6000000000000003e-05,4.7031786806786083e-05
903,all,3.2000000000000002,303,1.5999999999999999e-05,1.6000000000000003e-05,3.9721358082591419e-05
904,all,3.2000000000000002,304,1.5999999999999999e-05,1.5999999999999999e-05,4.3738912079380467e-05
905,all,3.2000000000000002,305,1.6000000000000003e-05,1.6000000000000003e-05,3.969614048613122e-05
906,all,3.2000000000000002,306,1.6000000000000003e-05,1.6000000000000003e-05,4.398143498338299e-05
907,all,3.2000000000000002,307,1.6000000000000006e-05,1.6000000000000006e-05,3.9559654755183081e-05
908,all,3.2000000000000002,308,1.6000000000000003e-05,1.6000000000000003e-05,4.7984367928401342e-05
909,all,3.2000000000000002,309,1.6000000000000003e-05,1.6000000000000003e-05,4.8151697634485452e-05
910,all,3.2000000000000002,310,1.6000000000000006e-05,1.6000000000000003e-05,5.6992758245614733e-05
911,all,3.2000000000000002,311,1.6000000000000003e-05,1.5999999999999999e-05,4.5269823361492026e-05
912,all,3.2000000000000002,312,1.6000000000000003e-05,1.6000000000000003e-05,3.6331963155173958e-05
913,all,3.2000000000000002,313,1.6000000000000003e-05,1.6000000000000003e-05,4.3424847512261654e-05
914,all,3.2000000000000002,314,1.5999999999999999e-05,1.5999999999999999e-05,4.8398155781623928e-05
915,all,3.2000000000000002,315,1.6000000000000003e-05,1.6000000000000003e-05,3.8905484152845413e-05
916,all,3.2000000000000002,316,1.5999999999999999e-05,1.6000000000000003e-05,4.0365087129325704e-05
917,all,3.2000000000000002,317,1.6000000000000006e-05,1.6000000000000006e-05,4.0970028712316835e-05
918,all,3.2000000000000002,318,1.6000000000000003e-05,1.5999999999999999e-05,4.3781444432707961e-05
919,all,3.2000000000000002,319,1.5999999999999999e-05,1.6000000000000006e-05,4.3712810720976833e-05
920,all,3.2000000000000002,320,1.6000000000000003e-05,1.6000000000000003e-05,5.818890032617387e-05
921,all,3.2000000000000002,321,1.6000000000000006e-05,1.6000000000000003e-05,4.2453370524149938e-05
922,all,3.2000000000000002,322,1.6000000000000006e-05,1.6000000000000003e-05,3.9454139693230852e-05
923,all,3.2000000000000002,323,1.6000000000000003e-05,1.6000000000000003e-05,3.8752415045268151e-05
924,all,3.2000000000000002,324,1.6000000000000003e-05,1.6000000000000003e-05,5.1020741030132096e-05
925,all,3.2000000000000002,325,1.5999999999999999e-05,1.6000000000000003e-05,4.0612434736301859e-05
926,all,3.2000000000000002,326,1.6000000000000003e-05,1.6000000000000003e-05,3.7844694682701092e-05
927,all,3.2000000000000002,327,1.6000000000000003e-05,1.6000000000000003e-05,4.0406747892989136e-05
928,all,3.2000000000000002,328,1.6000000000000003e-05,1.6000000000000006e-05,4.9605547223791695e-05
929,all,3.2000000000000002,329,1.6000000000000003e-05,1.6000000000000003e-05,4.4308583564700364e-05
930,all,3.2000000000000002,330,1.6000000000000006e-05,1.6000000000000003e-05,5.5079589457082326e-05
931,all,3.2000000000000002,331,1.6000000000000003e-05,1.6000000000000003e-05,4.6483248611170864e-05
932,all,3.2000000000000002,332,1.6000000000000006e-05,1.6000000000000006e-05,5.175938699653746e-05
933,all,3.2000000000000002,333,1.6000000000000003e-05,1.6000000000000003e-05,5.2839072880603022e-05
934,all,3.2000000000000002,334,1.6000000000000003e-05,1.6000000000000003e-05,3.7488280532420933e-05
935,all,3.2000000000000002,335,1.6000000000000003e-05,1.6000000000000003e-05,4.4485469010190655e-05
936,all,3.2000000000000002,336,1.6000000000000003e-05,1.6000000000000003e-05,5.4756758622522754e-05
937,all,3.2000000000000002,337,1.6000000000000006e-05,1.6000000000000006e-05,3.359089500708374e-05
938,all,3.2000000000000002,338,1.6000000000000003e-05,1.6000000000000006e-05,4.6324451262436434e-05
939,all,3.2000000000000002,339,1.6000000000000006e-05,1.6000000000000006e-05,4.1916343849536676e-05
940,all,3.2000000000000002,340,1.6000000000000006e-05,1.6000000000000003e-05,3.3883477401410512e-05
941,all,3.2000000000000002,341,1.5999999999999999e-05,1.6000000000000003e-05,4.1713301547232251e-05
942,all,3.2000000000000002,342,1.6000000000000009e-05,1.6000000000000006e-05,3.6593470396529447e-05
943,all,3.2000000000000002,343,1.6000000000000003e-05,1.5999999999999999e-05,4.6064005100830197e-05
944,all,3.2000000000000002,344,1.6000000000000003e-05,1.6000000000000003e-05,4.8244655616506865e-05
945,all,3.2000000000000002,345,1.6000000000000006e-05,1.6000000000000006e-05,3.819900224752645e-05
946,all,3.2000000000000002,346,1.5999999999999999e-05,1.6000000000000006e-05,4.0549143820420634e-05
947,all,3.2000000000000002,347,1.6000000000000003e-05,1.6000000000000006e-05,4.7251222545278028e-05
948,all,3.2000000000000002,348,1.6000000000000003e-05,1.6000000000000003e-05,6.0868065818488816e-05
949,all,3.2000000000000002,349,1.6000000000000003e-05,1.6000000000000006e-05,4.0705390039217027e-05
950,all,3.2000000000000002,350,1.6000000000000006e-05,1.6000000000000003e-05,4.3143030556661791e-05
951,all,3.2000000000000002,351,1.5999999999999999e-05,1.5999999999999999e-05,5.2565888543073587e-05
952,all,3.2000000000000002,352,1.5999999999999999e-05,1.6000000000000003e-05,4.5583279941036539e-05
953,all,3.2000000000000002,353,1.6000000000000003e-05,1.6000000000000003e-05,3.6893529142243836e-05
954,all,3.2000000000000002,354,1.6000000000000006e-05,1.6000000000000003e-05,3.5346219175609943e-05
955,all,3.2000000000000002,355,1.6000000000000003e-05,1.6000000000000003e-05,4.8814978913842209e-05
956,all,3.2000000000000002,356,1.6000000000000006e-05,1.6000000000000006e-05,4.5900676236569458e-05
957,all,3.2000000000000002,357,1.6000000000000003e-05,1.6000000000000003e-05,4.0317296889700413e-05
958,all,3.2000000000000002,358,1.5999999999999999e-05,1.6000000000000003e-05,4.3636706013458478e-05
959,all,3.2000000000000002,359,1.6000000000000006e-05,1.6000000000000003e-05,4.2564175554508431e-05
960,all,3.2000000000000002,360,1.5999999999999999e-05,1.6000000000000003e-05,3.6702969537919758e-05
961,all,3.2000000000000002,361,1.6000000000000003e-05,1.6000000000000003e-05,3.5311891792045756e-05
962,all,3.2000000000000002,362,1.6000000000000006e-05,1.6000000000000003e-05,4.7895963864552105e-05
963,all,3.2000000000000002,363,1.6000000000000006e-05,1.6000000000000003e-05,4.1636985905182844e-05
964,all,3.2000000000000002,364,1.6000000000000003e-05,1.6000000000000003e-05,4.8080082951647505e-05
965,all,3.2000000000000002,365,1.5999999999999999e-05,1.6000000000000003e-05,3.7544800986387946e-05
966,all,3.2000000000000002,366,1.6000000000000006e-05,1.6000000000000006e-05,4.2730983206539214e-05
967,all,3.2000000000000002,367,1.6000000000000003e-05,1.6000000000000006e-05,4.0708260139922154e-05
968,all,3.2000000000000002,368,1.6000000000000006e-05,1.6000000000000006e-05,6.072971604756117e-05
969,all,3.2000000000000002,369,1.6000000000000006e-05,1.6000000000000006e-05,4.6991420191650373e-05
970,all,3.2000000000000002,370,1.6000000000000003e-05,1.6000000000000006e-05,5.4409478736623559e-05
971,all,3.2000000000000002,371,1.6000000000000006e-05,1.6000000000000003e-05,4.3679917948906984e-05
972,all,3.2000000000000002,372,1.5999999999999999e-05,1.5999999999999999e-05,4.3835549368179172e-05
973,all,3.2000000000000002,373,1.6000000000000003e-05,1.6000000000000003e-05,4.5232428616099593e-05
974,all,3.2000000000000002,374,1.6000000000000003e-05,1.6000000000000003e-05,4.547117319095819e-05
975,all,3.2000000000000002,375,1.6000000000000003e-05,1.6000000000000003e-05,4.9064936211264671e-05
976,all,3.2000000000000002,376,1.5999999999999999e-05,1.6000000000000003e-05,3.8745318632701796e-05
977,all,3.2000000000000002,377,1.5999999999999999e-05,1.5999999999999999e-05,3.9967680148878514e-05
978,all,3.2000000000000002,378,1.6000000000000003e-05,1.6000000000000003e-05,3.7728056705954943e-05
979,all,3.2000000000000002,379,1.6000000000000003e-05,1.5999999999999999e-05,5.2977025534850003e-05
980,all,3.2000000000000002,380,1.6000000000000003e-05,1.5999999999999999e-05,3.7949729763196621e-05
981,all,3.2000000000000002,381,1.5999999999999999e-05,1.6000000000000003e-05,4.0002769646055168e-05
982,all,3.2000000000000002,382,1.6000000000000009e-05,1.6000000000000003e-05,4.6513335908665616e-05
983,all,3.2000000000000002,383,1.6000000000000006e-05,1.6000000000000003e-05,4.5337771583820521e-05
984,all,3.2000000000000002,384,1.6000000000000003e-05,1.5999999999999999e-05,4.1332694128316488e-05
985,all,3.2000000000000002,385,1.6000000000000003e-05,1.6000000000000003e-05,4.7451524292231378e-05
986,all,3.2000000000000002,386,1.6000000000000003e-05,1.6000000000000003e-05,4.1509493439162901e-05
987,all,3.2000000000000002,387,1.6000000000000003e-05,1.5999999999999999e-05,4.1041495764786376e-05
988,all,3.2000000000000002,388,1.6000000000000003e-05,1.6000000000000003e-05,4.8949907605525751e-05
989,all,3.2000000000000002,389,1.6000000000000006e-05,1.6000000000000003e-05,5.2187758355302153e-05
990,all,3.2000000000000002,390,1.5999999999999999e-05,1.6000000000000003e-05,3.6567422101655194e-05
991,all,3.2000000000000002,391,1.6000000000000003e-05,1.6000000000000003e-05,4.6025537001360941e-05
992,all,3.2000000000000002,392,1.6000000000000009e-05,1.5999999999999999e-05,4.2314900446020374e-05
993,all,3.2000000000000002,393,1.6000000000000006e-05,1.6000000000000003e-05,5.4545450057789214e-05
994,all,3.2000000000000002,394,1.6000000000000003e-05,1.5999999999999999e-05,4.4792256699966487e-05
995,all,3.2000000000000002,395,1.5999999999999999e-05,1.6000000000000003e-05,4.8804009646431625e-05
996,all,3.2000000000000002,396,1.6000000000000006e-05,1.6000000000000003e-05,3.7828180152370151e-05
997,all,3.2000000000000002,397,1.6000000000000006e-05,1.6000000000000003e-05,3.9380691989168927e-05
998,all,3.2000000000000002,398,1.6000000000000003e-05,1.5999999999999999e-05,4.1816899113390613e-05
999,all,3.2000000000000002,399,1.6000000000000006e-05,1.6000000000000003e-05,4.6713078624782071e-05
1000,all,3.2000000000000002,400,1.6000000000000003e-05,1.6000000000000003e-05,4.7699494659631607e-05
1001,all,3.2000000000000002,401,1.6000000000000003e-05,1.6000000000000003e-05,3.94681588970937e-05
1002,all,3.2000000000000002,402,1.5999999999999999e-05,1.6000000000000003e-05,3.8248695457591997e-05
1003,all,3.2000000000000002,403,1.6000000000000009e-05,1.6000000000000003e-05,4.4478465947818655e-05
1004,all,3.2000000000000002,404,1.6000000000000003e-05,1.6000000000000003e-05,4.1389176167089847e-05
1005,all,3.2000000000000002,405,1.6000000000000006e-05,1.6000000000000006e-05,4.5460938149839804e-05
1006,all,3.2000000000000002,406,1.5999999999999999e-05,1.6000000000000003e-05,5.7491067116813662e-05
1007,all,3.2000000000000002,407,1.5999999999999999e-05,1.6000000000000003e-05,4.2261601158529241e-05
1008,all,3.2000000000000002,408,1.5999999999999999e-05,1.6000000000000003e-05,4.1463903947838111e-05
1009,all,3.2000000000000002,409,1.5999999999999999e-05,1.6000000000000003e-05,4.4547552362057392e-05
1010,all,3.2000000000000002,410,1.5999999999999999e-05,1.5999999999999999e-05,3.7658002341183146e-05
1011,all,3.2000000000000002,411,1.6000000000000003e-05,1.6000000000000003e-05,6.1069909298381499e-05
1012,all,3.2000000000000002,412,1.5999999999999999e-05,1.5999999999999999e-05,4.3275862180235668e-05
1013,all,3.2000000000000002,413,1.6000000000000006e-05,1.6000000000000006e-05,4.5906547217465247e-05
1014,all,3.2000000000000002,414,1.6000000000000006e-05,1.6000000000000006e-05,4.7152313345663617e-05
1015,all,3.2000000000000002,415,1.6000000000000006e-05,1.6000000000000003e-05,4.9763721905173374e-05
1016,all,3.2000000000000002,416,1.5999999999999999e-05,1.6000000000000003e-05,5.0742342099104642e-05
1017,all,3.2000000000000002,417,1.5999999999999999e-05,1.6000000000000003e-05,4.0885032112369254e-05
1018,all,3.2000000000000002,418,1.6000000000000006e-05,1.6000000000000003e-05,3.9437336762217588e-05
1019,all,3.2000000000000002,419,1.5999999999999999e-05,1.5999999999999999e-05,5.2679217333576701e-05
1020,all,3.2000000000000002,420,1.5999999999999999e-05,1.6000000000000003e-05,4.6945787673272905e-05
1021,all,3.2000000000000002,421,1.6000000000000003e-05,1.6000000000000003e-05,5.3852308852945808e-05
1022,all,3.2000000000000002,422,1.6000000000000003e-05,1.6000000000000003e-05,4.6207308764378709e-05
1023,all,3.2000000000000002,423,1.6000000000000003e-05,1.6000000000000003e-05,3.6405776767486854e-05
1024,all,3.2000000000000002,424,1.6000000000000003e-05,1.6000000000000003e-05,4.3096082273947721e-05
1025,all,3.2000000000000002,425,1.5999999999999999e-05,1.5999999999999999e-05,5.1675600008686347e-05
1026,all,3.2000000000000002,426,1.6000000000000006e-05,1.6000000000000006e-05,4.0953817440477076e-05
1027,all,3.2000000000000002,427,1.6000000000000003e-05,1.6000000000000003e-05,3.5662233345674324e-05
1028,all,3.2000000000000002,428,1.6000000000000003e-05,1.6000000000000003e-05,5.0006486239410676e-05
1029,all,3.2000000000000002,429,1.6000000000000006e-05,1.6000000000000003e-05,5.0984872738844367e-05
1030,all,3.2000000000000002,430,1.5999999999999999e-05,1.6000000000000003e-05,4.9445681658649812e-05
1031,all,3.2000000000000002,431,1.6000000000000006e-05,1.6000000000000006e-05,3.8596524054407103e-05
1032,all,3.2000000000000002,432,1.6000000000000006e-05,1.6000000000000003e-05,4.7046369867693395e-05
1033,all,3.2000000000000002,433,1.5999999999999999e-05,1.6000000000000003e-05,4.4634966268937347e-05
1034,all,3.2000000000000002,434,1.6000000000000006e-05,1.6000000000000003e-05,4.5204681607430067e-05
1035,all,3.2000000000000002,435,1.6000000000000003e-05,1.6000000000000003e-05,4.4872991255048706e-05
1036,all,3.2000000000000002,436,1.6000000000000009e-05,1.6000000000000006e-05,4.9928328912130659e-05
1037,all,3.2000000000000002,437,1.5999999999999999e-05,1.6000000000000003e-05,4.0947178845104375e-05
1038,all,3.2000000000000002,438,1.6000000000000003e-05,1.6000000000000003e-05,4.3305384493736247e-05
1039,all,3.2000000000000002,439,1.6000000000000003e-05,1.6000000000000003e-05,3.8952829687239752e-05
1040,all,3.2000000000000002,440,1.6000000000000006e-05,1.6000000000000003e-05,4.7182108962135121e-05
1041,all,3.2000000000000002,441,1.6000000000000003e-05,1.6000000000000003e-05,5.1998817438710355e-05
1042,all,3.2000000000000002,442,1.6000000000000003e-05,1.6000000000000003e-05,5.2088288160638932e-05
1043,all,3.2000000000000002,443,1.6000000000000003e-05,1.6000000000000003e-05,4.3367704452060697e-05
1044,all,3.2000000000000002,444,1.6000000000000003e-05,1.6000000000000003e-05,3.9528772570417164e-05
1045,all,3.2000000000000002,445,1.6000000000000003e-05,1.6000000000000003e-05,4.6099252717123941e-05
1046,all,3.2000000000000002,446,1.6000000000000003e-05,1.6000000000000006e-05,4.2211655726488563e-05
1047,all,3.2000000000000002,447,1.6000000000000003e-05,1.6000000000000003e-05,3.7993737182025269e-05
1048,all,3.2000000000000002,448,1.6000000000000003e-05,1.6000000000000003e-05,4.3872701157041474e-05
1049,all,3.2000000000000002,449,1.5999999999999999e-05,1.6000000000000003e-05,5.2930373609205215e-05
1050,all,3.2000000000000002,450,1.6000000000000006e-05,1.6000000000000003e-05,3.7883036420674754e-05
1051,all,3.2000000000000002,451,1.6000000000000006e-05,1.6000000000000003e-05,4.1141341764840066e-05
1052,all,3.2000000000000002,452,1.6000000000000003e-05,1.6000000000000003e-05,4.3430931445945678e-05
1053,all,3.2000000000000002,453,1.5999999999999999e-05,1.6000000000000003e-05,4.8132018285350901e-05
1054,all,3.2000000000000002,454,1.6000000000000003e-05,1.6000000000000003e-05,3.7366544731962812e-05
1055,all,3.2000000000000002,455,1.6000000000000003e-05,1.6000000000000006e-05,4.8914237383457488e-05
1056,all,3.2000000000000002,456,1.6000000000000009e-05,1.6000000000000006e-05,4.7080137685361203e-05
1057,all,3.2000000000000002,457,1.6000000000000006e-05,1.6000000000000006e-05,4.3754465946557103e-05
1058,all,3.2000000000000002,458,1.6000000000000003e-05,1.6000000000000003e-05,4.1788936352120061e-05
1059,all,3.2000000000000002,459,1.6000000000000006e-05,1.6000000000000003e-05,4.8013507691224878e-05
1060,all,3.2000000000000002,460,1.5999999999999999e-05,1.5999999999999999e-05,4.7247085763787257e-05
1061,all,3.2000000000000002,461,1.6000000000000003e-05,1.6000000000000003e-05,4.7292115546258333e-05
1062,all,3.2000000000000002,462,1.6000000000000003e-05,1.5999999999999999e-05,5.6035924091761148e-05
1063,all,3.2000000000000002,463,1.6000000000000003e-05,1.6000000000000006e-05,5.2606867785778942e-05
1064,all,3.2000000000000002,464,1.6000000000000003e-05,1.6000000000000003e-05,4.0690288978717791e-05
1065,all,3.2000000000000002,465,1.6000000000000003e-05,1.6000000000000003e-05,4.3472550869237392e-05
1066,all,3.2000000000000002,466,1.6000000000000003e-05,1.6000000000000006e-05,4.4686892541948409e-05
1067,all,3.2000000000000002,467,1.6000000000000003e-05,1.6000000000000003e-05,5.5056584090059748e-05
1068,all,3.2000000000000002,468,1.6000000000000003e-05,1.6000000000000003e-05,4.395875824858036e-05
1069,all,3.2000000000000002,469,1.6000000000000003e-05,1.6000000000000003e-05,4.129133990994044e-05
1070,all,3.2000000000000002,470,1.6000000000000013e-05,1.6000000000000006e-05,4.3472238245006737e-05
1071,all,3.2000000000000002,471,1.6000000000000006e-05,1.6000000000000003e-05,4.9004787446851879e-05
1072,all,3.2000000000000002,472,1.5999999999999996e-05,1.5999999999999999e-05,4.2044580792990882e-05
1073,all,3.2000000000000002,473,1.6000000000000003e-05,1.6000000000000003e-05,4.0618194388598652e-05
1074,all,3.2000000000000002,474,1.6000000000000009e-05,1.6000000000000006e-05,4.4705791565003011e-05
1075,all,3.2000000000000002,475,1.6000000000000006e-05,1.6000000000000003e-05,4.2952574015459491e-05
1076,all,3.2000000000000002,476,1.6000000000000003e-05,1.6000000000000006e-05,3.9307535479491201e-05
1077,all,3.2000000000000002,477,1.6000000000000003e-05,1.6000000000000003e-05,4.720595416408709e-05
1078,all,3.2000000000000002,478,1.6000000000000006e-05,1.6000000000000006e-05,3.9720578142390494e-05
1079,all,3.2000000000000002,479,1.5999999999999999e-05,1.5999999999999999e-05,3.7781107328538936e-05
1080,all,3.2000000000000002,480,1.6000000000000003e-05,1.6000000000000003e-05,5.3533924292913214e-05
1081,all,3.2000000000000002,481,1.5999999999999999e-05,1.5999999999999999e-05,4.1055284237983003e-05
1082,all,3.2000000000000002,482,1.6000000000000003e-05,1.6000000000000006e-05,5.4746070354901193e-05
1083,all,3.2000000000000002,483,1.6000000000000003e-05,1.6000000000000003e-05,4.393892243865731e-05
1084,all,3.2000000000000002,484,1.6000000000000003e-05,1.6000000000000003e-05,4.3796713419220244e-05
1085,all,3.2000000000000002,485,1.6000000000000003e-05,1.5999999999999999e-05,4.2693005540381196e-05
1086,all,3.2000000000000002,486,1.6000000000000003e-05,1.6000000000000006e-05,4.6777312501153091e-05
1087,all,3.2000000000000002,487,1.6000000000000006e-05,1.6000000000000003e-05,4.4151857932455822e-05
1088,all,3.2000000000000002,488,1.5999999999999999e-05,1.6000000000000003e-05,5.0406395072934414e-05
1089,all,3.2000000000000002,489,1.6000000000000003e-05,1.6000000000000003e-05,3.9197016160625387e-05
1090,all,3.2000000000000002,490,1.6000000000000003e-05,1.6000000000000003e-05,3.7054240914154594e-05
1091,all,3.2000000000000002,491,1.6000000000000003e-05,1.6000000000000006e-05,4.5926790866517729e-05
1092,all,3.2000000000000002,492,1.5999999999999999e-05,1.6000000000000003e-05,3.741714027746545e-05
1093,all,3.2000000000000002,493,1.6000000000000003e-05,1.6000000000000003e-05,5.3739105186595743e-05
1094,all,3.2000000000000002,494,1.5999999999999999e-05,1.6000000000000003e-05,4.2397485405389312e-05
1095,all,3.2000000000000002,495,1.6000000000000006e-05,1.6000000000000003e-05,4.2951235469989965e-05
1096,all,3.2000000000000002,496,1.6000000000000006e-05,1.6000000000000006e-05,4.3932916965724731e-05
1097,all,3.2000000000000002,497,1.6000000000000003e-05,1.6000000000000003e-05,5.1482153877677201e-05
1098,all,3.2000000000000002,498,1.5999999999999999e-05,1.5999999999999999e-05,4.5825058375027755e-05
1099,all,3.2000000000000002,499,1.6000000000000003e-05,1.6000000000000006e-05,4.28176059641183e-05
1100,all,3.2000000000000002,500,1.5999999999999999e-05,1.5999999999999999e-05,4.8743453913766943e-05
1101,all,3.2000000000000002,501,1.6000000000000003e-05,1.6000000000000003e-05,4.9647459853265127e-05
1102,all,3.2000000000000002,502,1.6000000000000003e-05,1.6000000000000003e-05,4.8600052543118377e-05
1103,all,3.2000000000000002,503,1.5999999999999999e-05,1.6000000000000003e-05,4.0173565229986544e-05
1104,all,3.2000000000000002,504,1.5999999999999999e-05,1.6000000000000003e-05,4.0667190824490733e-05
1105,all,3.2000000000000002,505,1.5999999999999999e-05,1.6000000000000003e-05,6.431974392547132e-05
1106,all,3.2000000000000002,506,1.6000000000000003e-05,1.6000000000000003e-05,4.9871873096633868e-05
1107,all,3.2000000000000002,507,1.6000000000000003e-05,1.6000000000000003e-05,5.3921323799358617e-05
1108,all,3.2000000000000002,508,1.5999999999999999e-05,1.6000000000000003e-05,3.5155937142374401e-05
1109,all,3.2000000000000002,509,1.6000000000000003e-05,1.6000000000000003e-05,4.1108454098842425e-05
1110,all,3.2000000000000002,510,1.6000000000000006e-05,1.6000000000000003e-05,4.292165551571688e-05
1111,all,3.2000000000000002,511,1.5999999999999999e-05,1.6000000000000003e-05,4.39929222388067e-05
1112,all,3.2000000000000002,512,1.6000000000000003e-05,1.6000000000000003e-05,5.3336275851249177e-05
1113,all,3.2000000000000002,513,1.6000000000000003e-05,1.6000000000000003e-05,3.6483016091831165e-05
1114,all,3.2000000000000002,514,1.6000000000000003e-05,1.6000000000000003e-05,3.962940510634165e-05
1115,all,3.2000000000000002,515,1.6000000000000006e-05,1.6000000000000003e-05,5.4527415597095348e-05
1116,all,3.2000000000000002,516,1.6000000000000006e-05,1.6000000000000003e-05,3.6068363906125741e-05
1117,all,3.2000000000000002,517,1.6000000000000003e-05,1.6000000000000003e-05,4.5102630228444386e-05
1118,all,3.2000000000000002,518,1.5999999999999999e-05,1.5999999999999999e-05,3.974605788023373e-05
1119,all,3.2000000000000002,519,1.6000000000000003e-05,1.6000000000000003e-05,4.6177129847828726e-05
1120,all,3.2000000000000002,520,1.6000000000000003e-05,1.6000000000000003e-05,4.4209963721332761e-05
1121,all,3.2000000000000002,521,1.5999999999999999e-05,1.6000000000000003e-05,4.1113131592375699e-05
1122,all,3.2000000000000002,522,1.6000000000000003e-05,1.6000000000000006e-05,4.4217235372485405e-05
1123,all,3.2000000000000002,523,1.6000000000000006e-05,1.6000000000000003e-05,4.2980686339548141e-05
1124,all,3.2000000000000002,524,1.6000000000000003e-05,1.6000000000000003e-05,4.4864213979954425e-05
1125,all,3.2000000000000002,525,1.5999999999999999e-05,1.6000000000000003e-05,3.8498891926560891e-05
1126,all,3.2000000000000002,526,1.5999999999999999e-05,1.5999999999999999e-05,4.3475319426460698e-05
1127,all,3.2000000000000002,527,1.5999999999999999e-05,1.5999999999999999e-05,4.1133960364569608e-05
1128,all,3.2000000000000002,528,1.6000000000000003e-05,1.6000000000000003e-05,4.0614322391922546e-05
1129,all,3.2000000000000002,529,1.6000000000000006e-05,1.5999999999999999e-05,4.1737625066926574e-05
1130,all,3.2000000000000002,530,1.6000000000000006e-05,1.6000000000000003e-05,4.5303713077809287e-05
1131,all,3.2000000000000002,531,1.6000000000000009e-05,1.6000000000000009e-05,4.0953932022992806e-05
1132,all,3.2000000000000002,532,1.6000000000000006e-05,1.6000000000000003e-05,5.054829706939658e-05
1133,all,3.2000000000000002,533,1.6000000000000006e-05,1.6000000000000003e-05,3.5275712608456046e-05
1134,all,3.2000000000000002,534,1.6000000000000003e-05,1.6000000000000003e-05,4.3573653037473697e-05
1135,all,3.2000000000000002,535,1.6000000000000003e-05,1.5999999999999999e-05,3.9017133161758668e-05
1136,all,3.2000000000000002,536,1.5999999999999999e-05,1.6000000000000003e-05,4.3785213368207991e-05
1137,all,3.2000000000000002,537,1.6000000000000003e-05,1.6000000000000003e-05,4.2423355133424096e-05
1138,all,3.2000000000000002,538,1.6000000000000003e-05,1.6000000000000003e-05,4.0264204076280945e-05
1139,all,3.2000000000000002,539,1.6000000000000003e-05,1.6000000000000003e-05,4.4374896622519326e-05
1140,all,3.2000000000000002,540,1.5999999999999999e-05,1.6000000000000003e-05,4.4824058822112704e-05
1141,all,3.2000000000000002,541,1.6000000000000003e-05,1.6000000000000003e-05,4.3043310475383407e-05
1142,all,3.2000000000000002,542,1.5999999999999999e-05,1.6000000000000003e-05,4.7272040802891689e-05
1143,all,3.2000000000000002,543,1.5999999999999999e-05,1.6000000000000003e-05,4.1998544644110363e-05
1144,all,3.2000000000000002,544,1.5999999999999999e-05,1.5999999999999999e-05,4.5248750581208858e-05
1145,all,3.2000000000000002,545,1.6000000000000003e-05,1.5999999999999999e-05,4.0460730717645641e-05
1146,all,3.2000000000000002,546,1.6000000000000009e-05,1.6000000000000003e-05,4.3018340691518095e-05
1147,all,3.2000000000000002,547,1.5999999999999999e-05,1.6000000000000003e-05,5.0921215663127679e-05
1148,all,3.2000000000000002,548,1.6000000000000003e-05,1.6000000000000003e-05,5.1401073450128139e-05
1149,all,3.2000000000000002,549,1.6000000000000003e-05,1.6000000000000003e-05,4.232580306135543e-05
1150,all,3.2000000000000002,550,1.5999999999999999e-05,1.6000000000000003e-05,4.3350128031858522e-05
1151,all,3.2000000000000002,551,1.6000000000000006e-05,1.6000000000000003e-05,5.2982723033564731e-05
1152,all,3.2000000000000002,552,1.6000000000000006e-05,1.6000000000000003e-05,4.1970648010961371e-05
1153,all,3.2000000000000002,553,1.6000000000000003e-05,1.6000000000000003e-05,3.956294347487912e-05
1154,all,3.2000000000000002,554,1.6000000000000003e-05,1.6000000000000003e-05,4.0276566594431195e-05
1155,all,3.2000000000000002,555,1.5999999999999999e-05,1.5999999999999999e-05,4.0506990530627012e-05
1156,all,3.2000000000000002,556,1.6000000000000006e-05,1.6000000000000006e-05,4.3731452465165966e-05
1157,all,3.2000000000000002,557,1.6000000000000003e-05,1.6000000000000006e-05,4.7265278455822178e-05
1158,all,3.2000000000000002,558,1.6000000000000003e-05,1.6000000000000003e-05,4.8444539080937766e-05
1159,all,3.2000000000000002,559,1.6000000000000006e-05,1.6000000000000006e-05,4.7690535356257493e-05
1160,all,3.2000000000000002,560,1.6000000000000003e-05,1.6000000000000003e-05,4.8602034232002276e-05
1161,all,3.2000000000000002,561,1.5999999999999996e-05,1.5999999999999999e-05,4.1106206599396779e-05
1162,all,3.2000000000000002,562,1.6000000000000006e-05,1.6000000000000003e-05,3.8138791763434072e-05
1163,all,3.2000000000000002,563,1.6000000000000003e-05,1.6000000000000003e-05,4.8882849889915006e-05
1164,all,3.2000000000000002,564,1.5999999999999999e-05,1.5999999999999999e-05,5.1120055655820249e-05
1165,all,3.2000000000000002,565,1.6000000000000003e-05,1.6000000000000003e-05,4.3599297976445426e-05
1166,all,3.2000000000000002,566,1.6000000000000003e-05,1.6000000000000003e-05,4.8267203078444066e-05
1167,all,3.2000000000000002,567,1.6000000000000009e-05,1.6000000000000003e-05,5.0214392318988586e-05
1168,all,3.2000000000000002,568,1.5999999999999999e-05,1.6000000000000003e-05,4.2963412693319482e-05
1169,all,3.2000000000000002,569,1.5999999999999996e-05,1.5999999999999999e-05,4.4960299170600582e-05
1170,all,3.2000000000000002,570,1.6000000000000003e-05,1.6000000000000003e-05,4.2503048289297917e-05
1171,all,3.2000000000000002,571,1.6000000000000009e-05,1.6000000000000003e-05,4.9637412398113264e-05
1172,all,3.2000000000000002,572,1.6000000000000006e-05,1.6000000000000003e-05,6.1869401002489556e-05
1173,all,3.2000000000000002,573,1.6000000000000006e-05,1.6000000000000003e-05,4.7837942006990705e-05
1174,all,3.2000000000000002,574,1.6000000000000006e-05,1.6000000000000003e-05,4.2899976768588535e-05
1175,all,3.2000000000000002,575,1.6000000000000003e-05,1.6000000000000003e-05,3.6774793137142217e-05
1176,all,3.2000000000000002,576,1.6000000000000009e-05,1.6000000000000006e-05,3.9889673348257743e-05
1177,all,3.2000000000000002,577,1.6000000000000003e-05,1.6000000000000003e-05,5.0744249184035609e-05
1178,all,3.2000000000000002,578,1.6000000000000009e-05,1.6000000000000006e-05,5.0104018179663131e-05
1179,all,3.2000000000000002,579,1.6000000000000003e-05,1.5999999999999999e-05,5.7024878555930468e-05
1180,all,3.2000000000000002,580,1.5999999999999999e-05,1.5999999999999999e-05,4.2768868654743711e-05
1181,all,3.2000000000000002,581,1.6000000000000003e-05,1.6000000000000003e-05,3.4690191812602505e-05
1182,all,3.2000000000000002,582,1.6000000000000003e-05,1.6000000000000003e-05,5.7603608683610002e-05
1183,all,3.2000000000000002,583,1.5999999999999999e-05,1.6000000000000003e-05,5.0220087256676917e-05
1184,all,3.2000000000000002,584,1.5999999999999999e-05,1.6000000000000003e-05,5.5074870121058445e-05
1185,all,3.2000000000000002,585,1.5999999999999999e-05,1.6000000000000003e-05,4.4578320349451209e-05
1186,all,3.2000000000000002,586,1.5999999999999999e-05,1.6000000000000003e-05,3.8570611995846238e-05
1187,all,3.2000000000000002,587,1.6000000000000003e-05,1.6000000000000003e-05,3.820472047912758e-05
1188,all,3.2000000000000002,588,1.6000000000000003e-05,1.6000000000000003e-05,4.2758930537933484e-05
1189,all,3.2000000000000002,589,1.6000000000000003e-05,1.6000000000000003e-05,5.6669689758658016e-05
1190,all,3.2000000000000002,590,1.6000000000000003e-05,1.6000000000000003e-05,4.2353785958547626e-05
1191,all,3.2000000000000002,591,1.5999999999999999e-05,1.5999999999999999e-05,4.263279754319025e-05
1192,all,3.2000000000000002,592,1.6000000000000006e-05,1.6000000000000006e-05,3.8748253794431057e-05
1193,all,3.2000000000000002,593,1.5999999999999999e-05,1.6000000000000003e-05,4.6241160078079617e-05
1194,all,3.2000000000000002,594,1.6000000000000003e-05,1.6000000000000003e-05,4.7208389143906795e-05
1195,all,3.2000000000000002,595,1.6000000000000009e-05,1.6000000000000006e-05,5.1067078713691114e-05
1196,all,3.2000000000000002,596,1.6000000000000006e-05,1.6000000000000006e-05,4.336472302918626e-05
1197,all,3.2000000000000002,597,1.6000000000000006e-05,1.6000000000000003e-05,4.7010678511007801e-05
1198,all,3.2000000000000002,598,1.6000000000000006e-05,1.6000000000000006e-05,4.1875740829631061e-05
1199,all,3.2000000000000002,599,1.6000000000000003e-05,1.5999999999999999e-05,4.1047632532272527e-05
1200,all,3.2000000000000002,600,1.5999999999999999e-05,1.5999999999999999e-05,4.3828436774920073e-05
1201,all,4.5300000000000002,1,2.2649999999999998e-05,2.2650000000000002e-05,5.6266145333650448e-05
1202,all,4.5300000000000002,2,2.2650000000000002e-05,2.2650000000000002e-05,6.5897081189595787e-05
1203,all,4.5300000000000002,3,2.2649999999999998e-05,2.2649999999999998e-05,5.9047385010945894e-05
1204,all,4.5300000000000002,4,2.2650000000000002e-05,2.2650000000000002e-05,5.850254111766156e-05
1205,all,4.5300000000000002,5,2.2649999999999998e-05,2.2649999999999998e-05,5.6195249346556294e-05
1206,all,4.5300000000000002,6,2.2650000000000002e-05,2.2650000000000002e-05,6.2620389308548256e-05
1207,all,4.5300000000000002,7,2.2650000000000002e-05,2.2650000000000002e-05,6.6773781155702683e-05
1208,all,4.5300000000000002,8,2.2650000000000002e-05,2.2650000000000002e-05,6.6234380093928909e-05
1209,all,4.5300000000000002,9,2.2649999999999998e-05,2.2650000000000002e-05,5.8878961840340564e-05
1210,all,4.5300000000000002,10,2.2649999999999998e-05,2.2650000000000002e-05,6.3885699204919511e-05
1211,all,4.5300000000000002,11,2.2649999999999998e-05,2.2650000000000002e-05,5.6367722673413066e-05
1212,all,4.5300000000000002,12,2.2650000000000008e-05,2.2650000000000002e-05,8.0720452260430305e-05
1213,all,4.5300000000000002,13,2.2650000000000005e-05,2.2650000000000002e-05,6.399238559611864e-05
1214,all,4.5300000000000002,14,2.2650000000000008e-05,2.2650000000000008e-05,7.2247742524671023e-05
1215,all,4.5300000000000002,15,2.2650000000000002e-05,2.2650000000000002e-05,4.9438851893034552e-05
1216,all,4.5300000000000002,16,2.2649999999999998e-05,2.2650000000000002e-05,6.8092969194019892e-05
1217,all,4.5300000000000002,17,2.2649999999999995e-05,2.2649999999999998e-05,5.5980737952417235e-05
1218,all,4.5300000000000002,18,2.2650000000000005e-05,2.2650000000000002e-05,6.8050740416661021e-05
1219,all,4.5300000000000002,19,2.2650000000000002e-05,2.2650000000000002e-05,5.5549989441465513e-05
1220,all,4.5300000000000002,20,2.2649999999999995e-05,2.2649999999999998e-05,6.0349136669150106e-05
1221,all,4.5300000000000002,21,2.2649999999999998e-05,2.2649999999999998e-05,7.2076023218834427e-05
1222,all,4.5300000000000002,22,2.2650000000000002e-05,2.2650000000000002e-05,7.4383770117418833e-05
1223,all,4.5300000000000002,23,2.2649999999999998e-05,2.2650000000000002e-05,7.0132539495439979e-05
1224,all,4.5300000000000002,24,2.2650000000000002e-05,2.2650000000000002e-05,6.4063759439568008e-05
1225,all,4.5300000000000002,25,2.2650000000000002e-05,2.2650000000000002e-05,7.1792374110940204e-05
1226,all,4.5300000000000002,26,2.2649999999999998e-05,2.2649999999999998e-05,7.8999960251311822e-05
1227,all,4.5300000000000002,27,2.2649999999999995e-05,2.2650000000000002e-05,5.7777766012445897e-05
1228,all,4.5300000000000002,28,2.2650000000000002e-05,2.2650000000000002e-05,5.8690386156748656e-05
1229,all,4.5300000000000002,29,2.2650000000000008e-05,2.2649999999999998e-05,6.7218587602962875e-05
1230,all,4.5300000000000002,30,2.2650000000000008e-05,2.2650000000000005e-05,6.2865179537391615e-05
1231,all,4.5300000000000002,31,2.2650000000000002e-05,2.2650000000000002e-05,5.1801978031967162e-05
1232,all,4.5300000000000002,32,2.2650000000000002e-05,2.2650000000000002e-05,6.0003423061507377e-05
1233,all,4.5300000000000002,33,2.2650000000000008e-05,2.2650000000000002e-05,5.2684921596364475e-05
1234,all,4.5300000000000002,34,2.2649999999999995e-05,2.2649999999999995e-05,6.8534063746380629e-05
1235,all,4.5300000000000002,35,2.2650000000000005e-05,2.2650000000000002e-05,5.4585519316770075e-05
1236,all,4.5300000000000002,36,2.2650000000000002e-05,2.2650000000000002e-05,7.1054217280019431e-05
1237,all,4.5300000000000002,37,2.2649999999999998e-05,2.2649999999999998e-05,7.1798964716218063e-05
1238,all,4.5300000000000002,38,2.2650000000000002e-05,2.2650000000000005e-05,8.2473635283526856e-05
1239,all,4.5300000000000002,39,2.2650000000000002e-05,2.2650000000000002e-05,5.3002028795128735e-05
1240,all,4.5300000000000002,40,2.2650000000000002e-05,2.2650000000000002e-05,5.1589028274420054e-05
1241,all,4.5300000000000002,41,2.2649999999999998e-05,2.2650000000000002e-05,6.1341128975883678e-05
1242,all,4.5300000000000002,42,2.2650000000000008e-05,2.2650000000000002e-05,7.0060709054170186e-05
1243,all,4.5300000000000002,43,2.2649999999999995e-05,2.2649999999999998e-05,5.2003661298618292e-05
1244,all,4.5300000000000002,44,2.2649999999999995e-05,2.2649999999999998e-05,6.36733972801715e-05
1245,all,4.5300000000000002,45,2.2649999999999998e-05,2.2649999999999998e-05,5.1434296984449344e-05
1246,all,4.5300000000000002,46,2.2650000000000002e-05,2.2650000000000002e-05,7.111715861730415e-05
1247,all,4.5300000000000002,47,2.2649999999999995e-05,2.2649999999999998e-05,7.7442314304125567e-05
1248,all,4.5300000000000002,48,2.2650000000000002e-05,2.2650000000000002e-05,5.7575015709592193e-05
1249,all,4.5300000000000002,49,2.2649999999999998e-05,2.2650000000000002e-05,7.0303566167740844e-05
1250,all,4.5300000000000002,50,2.2650000000000008e-05,2.2650000000000002e-05,5.9183838099698981e-05
1251,all,4.5300000000000002,51,2.2649999999999998e-05,2.2650000000000002e-05,5.0052667667563592e-05
1252,all,4.5300000000000002,52,2.2649999999999995e-05,2.2649999999999998e-05,7.1887906152373959e-05
1253,all,4.5300000000000002,53,2.2650000000000002e-05,2.2650000000000002e-05,6.4269822745721247e-05
1254,all,4.5300000000000002,54,2.2649999999999998e-05,2.2650000000000002e-05,6.130651593963143e-05
1255,all,4.5300000000000002,55,2.2649999999999998e-05,2.2650000000000002e-05,6.9355006630950471e-05
1256,all,4.5300000000000002,56,2.2650000000000002e-05,2.2649999999999998e-05,6.3908780827122739e-05
1257,all,4.5300000000000002,57,2.2649999999999998e-05,2.2650000000000002e-05,5.8702783485658358e-05
1258,all,4.5300000000000002,58,2.2650000000000005e-05,2.2650000000000002e-05,6.0303795218571834e-05
1259,all,4.5300000000000002,59,2.2649999999999998e-05,2.2650000000000005e-05,5.3408680262340315e-05
1260,all,4.5300000000000002,60,2.2649999999999998e-05,2.2650000000000002e-05,8.2631130638627847e-05
1261,all,4.5300000000000002,61,2.2649999999999995e-05,2.2649999999999998e-05,7.5197897975529457e-05
1262,all,4.5300000000000002,62,2.2650000000000008e-05,2.2650000000000008e-05,7.9301660095768551e-05
1263,all,4.5300000000000002,63,2.2650000000000002e-05,2.2650000000000002e-05,5.6154700823627055e-05
1264,all,4.5300000000000002,64,2.2650000000000008e-05,2.2650000000000008e-05,4.7361676104722903e-05
1265,all,4.5300000000000002,65,2.2650000000000002e-05,2.2650000000000002e-05,7.7443319342048909e-05
1266,all,4.5300000000000002,66,2.2650000000000002e-05,2.2650000000000002e-05,5.8430994419246391e-05
1267,all,4.5300000000000002,67,2.2650000000000002e-05,2.2650000000000002e-05,5.9541898594566295e-05
1268,all,4.5300000000000002,68,2.2649999999999998e-05,2.2650000000000002e-05,6.0834027543701858e-05
1269,all,4.5300000000000002,69,2.2650000000000002e-05,2.2649999999999998e-05,6.3858730751037505e-05
1270,all,4.5300000000000002,70,2.2650000000000002e-05,2.2650000000000005e-05,6.4722381670258476e-05
1271,all,4.5300000000000002,71,2.2650000000000002e-05,2.2650000000000002e-05,5.7605206117119298e-05
1272,all,4.5300000000000002,72,2.2650000000000002e-05,2.2650000000000005e-05,6.1434122377896318e-05
1273,all,4.5300000000000002,73,2.2650000000000002e-05,2.2650000000000002e-05,5.8210174261764964e-05
1274,all,4.5300000000000002,74,2.2649999999999998e-05,2.2649999999999995e-05,5.8811407028274776e-05
1275,all,4.5300000000000002,75,2.2650000000000002e-05,2.2650000000000002e-05,6.9178333591282318e-05
1276,all,4.5300000000000002,76,2.2649999999999998e-05,2.2650000000000002e-05,7.0749058099105777e-05
1277,all,4.5300000000000002,77,2.2650000000000002e-05,2.2649999999999998e-05,5.2889254712112934e-05
1278,all,4.5300000000000002,78,2.2650000000000002e-05,2.2650000000000002e-05,6.1919733659049556e-05
1279,all,4.5300000000000002,79,2.2649999999999995e-05,2.2650000000000002e-05,6.2079724600017859e-05
1280,all,4.5300000000000002,80,2.2650000000000002e-05,2.2650000000000002e-05,5.4251817867490285e-05
1281,all,4.5300000000000002,81,2.2650000000000002e-05,2.2650000000000002e-05,7.4587131613002109e-05
1282,all,4.5300000000000002,82,2.2649999999999998e-05,2.2650000000000002e-05,5.7720304389464463e-05
1283,all,4.5300000000000002,83,2.2650000000000005e-05,2.2650000000000002e-05,6.2197404321744123e-05
1284,all,4.5300000000000002,84,2.2649999999999998e-05,2.2650000000000002e-05,6.472057920286162e-05
1285,all,4.5300000000000002,85,2.2650000000000002e-05,2.2650000000000002e-05,7.133408143881544e-05
1286,all,4.5300000000000002,86,2.2649999999999995e-05,2.2650000000000002e-05,6.7407319527128511e-05
1287,all,4.5300000000000002,87,2.2650000000000002e-05,2.2650000000000002e-05,4.9589517013236018e-05
1288,all,4.5300000000000002,88,2.2650000000000005e-05,2.2650000000000005e-05,6.4324436967792262e-05
1289,all,4.5300000000000002,89,2.2649999999999998e-05,2.2650000000000002e-05,5.9533650689917821e-05
1290,all,4.5300000000000002,90,2.2650000000000005e-05,2.2650000000000008e-05,5.4274222032192791e-05
1291,all,4.5300000000000002,91,2.2650000000000008e-05,2.2650000000000008e-05,5.3035552133065765e-05
1292,all,4.5300000000000002,92,2.2650000000000005e-05,2.2650000000000002e-05,6.0286894778255387e-05
1293,all,4.5300000000000002,93,2.2649999999999995e-05,2.2650000000000002e-05,5.2887954342498362e-05
1294,all,4.5300000000000002,94,2.2649999999999998e-05,2.2650000000000002e-05,6.8314624636552169e-05
1295,all,4.5300000000000002,95,2.2649999999999995e-05,2.2650000000000002e-05,6.4006965836213277e-05
1296,all,4.5300000000000002,96,2.2649999999999998e-05,2.2650000000000005e-05,6.8233267734701931e-05
1297,all,4.5300000000000002,97,2.2649999999999998e-05,2.2650000000000002e-05,7.9645247479040259e-05
1298,all,4.5300000000000002,98,2.2650000000000002e-05,2.2649999999999998e-05,5.866654297925151e-05
1299,all,4.5300000000000002,99,2.2649999999999998e-05,2.2650000000000002e-05,5.4299901427702518e-05
1300,all,4.5300000000000002,100,2.2650000000000002e-05,2.2650000000000002e-05,6.143072351464609e-05
1301,all,4.5300000000000002,101,2.2650000000000002e-05,2.2650000000000005e-05,5.7358681858650246e-05
1302,all,4.5300000000000002,102,2.2650000000000005e-05,2.2650000000000002e-05,6.5985568133544983e-05
1303,all,4.5300000000000002,103,2.2649999999999995e-05,2.2649999999999998e-05,7.2625900966819098e-05
1304,all,4.5300000000000002,104,2.2650000000000002e-05,2.2650000000000002e-05,6.6640693698833577e-05
1305,all,4.5300000000000002,105,2.2649999999999998e-05,2.2650000000000002e-05,5.8456687209728024e-05
1306,all,4.5300000000000002,106,2.2650000000000002e-05,2.2650000000000002e-05,6.4602433268755213e-05
1307,all,4.5300000000000002,107,2.2650000000000008e-05,2.2650000000000002e-05,5.6974854516153584e-05
1308,all,4.5300000000000002,108,2.2649999999999998e-05,2.2649999999999998e-05,6.0736653880436412e-05
1309,all,4.5300000000000002,109,2.2650000000000002e-05,2.2650000000000002e-05,5.1432043963714713e-05
1310,all,4.5300000000000002,110,2.2650000000000002e-05,2.2649999999999998e-05,5.4627544553576721e-05
1311,all,4.5300000000000002,111,2.2650000000000005e-05,2.2650000000000002e-05,5.7267762606673833e-05
1312,all,4.5300000000000002,112,2.2650000000000002e-05,2.2650000000000002e-05,5.1186479650956703e-05
1313,all,4.5300000000000002,113,2.2650000000000002e-05,2.2650000000000005e-05,5.8968664397389151e-05
1314,all,4.5300000000000002,114,2.2650000000000005e-05,2.2650000000000002e-05,5.7123201912679598e-05
1315,all,4.5300000000000002,115,2.2650000000000002e-05,2.2650000000000002e-05,6.0136609894611229e-05
1316,all,4.5300000000000002,116,2.2650000000000002e-05,2.2650000000000002e-05,6.1791990233432895e-05
1317,all,4.5300000000000002,117,2.2649999999999995e-05,2.2649999999999998e-05,5.3553580002989627e-05
1318,all,4.5300000000000002,118,2.2650000000000002e-05,2.2649999999999998e-05,6.3761439951986952e-05
1319,all,4.5300000000000002,119,2.2649999999999995e-05,2.2649999999999998e-05,5.762322600242502e-05
1320,all,4.5300000000000002,120,2.2650000000000002e-05,2.2650000000000002e-05,5.9250339017758226e-05
1321,all,4.5300000000000002,121,2.2649999999999998e-05,2.2650000000000002e-05,6.7830661609803828e-05
1322,all,4.5300000000000002,122,2.2650000000000002e-05,2.2650000000000002e-05,5.8075936187471935e-05
1323,all,4.5300000000000002,123,2.2650000000000005e-05,2.2650000000000002e-05,6.847300118653208e-05
1324,all,4.5300000000000002,124,2.2650000000000002e-05,2.2650000000000002e-05,5.1322621861488845e-05
1325,all,4.5300000000000002,125,2.2649999999999992e-05,2.2649999999999998e-05,5.1845205936637151e-05
1326,all,4.5300000000000002,126,2.2649999999999998e-05,2.2650000000000002e-05,6.3741165222986549e-05
1327,all,4.5300000000000002,127,2.2650000000000002e-05,2.2649999999999998e-05,5.7318115491810311e-05
1328,all,4.5300000000000002,128,2.2650000000000005e-05,2.2650000000000002e-05,5.7233876494593592e-05
1329,all,4.5300000000000002,129,2.2650000000000002e-05,2.2650000000000002e-05,5.7338013127956552e-05
1330,all,4.5300000000000002,130,2.2650000000000002e-05,2.2650000000000002e-05,5.1305556159929726e-05
1331,all,4.5300000000000002,131,2.2650000000000002e-05,2.2650000000000002e-05,6.5715483918592579e-05
1332,all,4.5300000000000002,132,2.2649999999999998e-05,2.2650000000000002e-05,8.5697879067800177e-05
1333,all,4.5300000000000002,133,2.2649999999999995e-05,2.2650000000000002e-05,8.2525349616785568e-05
1334,all,4.5300000000000002,134,2.2649999999999998e-05,2.2650000000000002e-05,7.0237135429976734e-05
1335,all,4.5300000000000002,135,2.2649999999999995e-05,2.2650000000000002e-05,5.9054720657394763e-05
1336,all,4.5300000000000002,136,2.2649999999999998e-05,2.2650000000000002e-05,6.8214665389556152e-05
1337,all,4.5300000000000002,137,2.2649999999999998e-05,2.2649999999999998e-05,7.0931527725920528e-05
1338,all,4.5300000000000002,138,2.2650000000000002e-05,2.2650000000000002e-05,5.7591592896592226e-05
1339,all,4.5300000000000002,139,2.2650000000000002e-05,2.2650000000000002e-05,5.720060402225697e-05
1340,all,4.5300000000000002,140,2.2650000000000005e-05,2.2650000000000002e-05,6.0212159503049385e-05
1341,all,4.5300000000000002,141,2.2650000000000002e-05,2.2650000000000002e-05,6.7527462174724902e-05
1342,all,4.5300000000000002,142,2.2650000000000002e-05,2.2650000000000002e-05,6.0282623834045941e-05
1343,all,4.5300000000000002,143,2.2650000000000008e-05,2.2650000000000005e-05,5.9143809541058123e-05
1344,all,4.5300000000000002,144,2.2650000000000008e-05,2.2650000000000005e-05,7.7061818193440476e-05
1345,all,4.5300000000000002,145,2.2650000000000002e-05,2.2650000000000002e-05,5.1554612937900266e-05
1346,all,4.5300000000000002,146,2.2649999999999998e-05,2.2650000000000002e-05,5.6750296618334919e-05
1347,all,4.5300000000000002,147,2.2650000000000005e-05,2.2650000000000002e-05,8.2953675940632111e-05
1348,all,4.5300000000000002,148,2.2650000000000002e-05,2.2650000000000002e-05,7.0841527668995963e-05
1349,all,4.5300000000000002,149,2.2650000000000002e-05,2.2650000000000002e-05,6.8295613741188157e-05
1350,all,4.5300000000000002,150,2.2650000000000002e-05,2.2650000000000002e-05,6.6924500333839489e-05
1351,all,4.5300000000000002,151,2.2649999999999998e-05,2.2650000000000005e-05,6.3766622128828094e-05
1352,all,4.5300000000000002,152,2.2650000000000002e-05,2.2649999999999998e-05,5.9681472520803342e-05
1353,all,4.5300000000000002,153,2.2650000000000002e-05,2.2649999999999998e-05,5.8161916054296398e-05
1354,all,4.5300000000000002,154,2.2650000000000008e-05,2.2650000000000002e-05,5.9853943587197633e-05
1355,all,4.5300000000000002,155,2.2650000000000002e-05,2.2649999999999998e-05,5.8454551666454556e-05
1356,all,4.5300000000000002,156,2.2650000000000002e-05,2.2650000000000002e-05,6.6442598380121086e-05
1357,all,4.5300000000000002,157,2.2650000000000002e-05,2.2650000000000002e-05,6.7428357341513319e-05
1358,all,4.5300000000000002,158,2.2650000000000002e-05,2.2649999999999998e-05,5.9834958524073248e-05
1359,all,4.5300000000000002,159,2.2649999999999998e-05,2.2650000000000002e-05,5.3496167253270421e-05
1360,all,4.5300000000000002,160,2.2649999999999998e-05,2.2649999999999998e-05,6.4828367895705013e-05
1361,all,4.5300000000000002,161,2.2650000000000008e-05,2.2650000000000002e-05,6.7921770323859444e-05
1362,all,4.5300000000000002,162,2.2649999999999998e-05,2.2649999999999998e-05,5.0661736982896173e-05
1363,all,4.5300000000000002,163,2.2650000000000005e-05,2.2650000000000002e-05,6.021907147095379e-05
1364,all,4.5300000000000002,164,2.2650000000000002e-05,2.2650000000000002e-05,4.7841956072730498e-05
1365,all,4.5300000000000002,165,2.2650000000000002e-05,2.2650000000000002e-05,6.5046743896923878e-05
1366,all,4.5300000000000002,166,2.2650000000000002e-05,2.2650000000000002e-05,5.9146736722936494e-05
1367,all,4.5300000000000002,167,2.2649999999999998e-05,2.2649999999999998e-05,7.9196232718999215e-05
1368,all,4.5300000000000002,168,2.2650000000000002e-05,2.2649999999999998e-05,5.4024838864552125e-05
1369,all,4.5300000000000002,169,2.2650000000000002e-05,2.2649999999999998e-05,5.5428077542331719e-05
1370,all,4.5300000000000002,170,2.2649999999999998e-05,2.2650000000000002e-05,6.3059226161280994e-05
1371,all,4.5300000000000002,171,2.2649999999999998e-05,2.2650000000000002e-05,5.7167584192664997e-05
1372,all,4.5300000000000002,172,2.2650000000000002e-05,2.2650000000000002e-05,5.6853299853106096e-05
1373,all,4.5300000000000002,173,2.2650000000000008e-05,2.2650000000000002e-05,6.6691181379080323e-05
1374,all,4.5300000000000002,174,2.2650000000000008e-05,2.2650000000000005e-05,6.5574134041014568e-05
1375,all,4.5300000000000002,175,2.2650000000000005e-05,2.2650000000000002e-05,6.0091643424437154e-05
1376,all,4.5300000000000002,176,2.2650000000000008e-05,2.2650000000000002e-05,5.5169178588118658e-05
1377,all,4.5300000000000002,177,2.2649999999999995e-05,2.2649999999999998e-05,6.8088834002442671e-05
1378,all,4.5300000000000002,178,2.2650000000000008e-05,2.2650000000000002e-05,6.5678070077426193e-05
1379,all,4.5300000000000002,179,2.2650000000000002e-05,2.2650000000000002e-05,5.2542762190122451e-05
1380,all,4.5300000000000002,180,2.2649999999999995e-05,2.2649999999999998e-05,5.6498022959527244e-05
1381,all,4.5300000000000002,181,2.2649999999999998e-05,2.2650000000000002e-05,5.4508202679886919e-05
1382,all,4.5300000000000002,182,2.2649999999999998e-05,2.2649999999999998e-05,6.5367137400832722e-05
1383,all,4.5300000000000002,183,2.2650000000000005e-05,2.2650000000000005e-05,5.9177043649218598e-05
1384,all,4.5300000000000002,184,2.2650000000000008e-05,2.2650000000000002e-05,5.8809416677006625e-05
1385,all,4.5300000000000002,185,2.2650000000000002e-05,2.2650000000000002e-05,9.0789071541238361e-05
1386,all,4.5300000000000002,186,2.2649999999999998e-05,2.2649999999999998e-05,6.1857301609025069e-05
1387,all,4.5300000000000002,187,2.2650000000000002e-05,2.2650000000000002e-05,7.1447992666309404e-05
1388,all,4.5300000000000002,188,2.2650000000000008e-05,2.2650000000000008e-05,5.5629431950936423e-05
1389,all,4.5300000000000002,189,2.2649999999999998e-05,2.2650000000000002e-05,5.2374314159685019e-05
1390,all,4.5300000000000002,190,2.2649999999999998e-05,2.2650000000000002e-05,7.8612174013009811e-05
1391,all,4.5300000000000002,191,2.2649999999999998e-05,2.2650000000000002e-05,6.0278888754515615e-05
1392,all,4.5300000000000002,192,2.2650000000000002e-05,2.2650000000000002e-05,5.5287885047996433e-05
1393,all,4.5300000000000002,193,2.2649999999999998e-05,2.2650000000000002e-05,6.2610051211983668e-05
1394,all,4.5300000000000002,194,2.2650000000000002e-05,2.2650000000000002e-05,6.595405079159196e-05
1395,all,4.5300000000000002,195,2.2650000000000002e-05,2.2650000000000005e-05,6.0687440528561401e-05
1396,all,4.5300000000000002,196,2.2649999999999998e-05,2.2650000000000002e-05,5.9856000660491055e-05
1397,all,4.5300000000000002,197,2.2650000000000008e-05,2.2650000000000008e-05,7.1525501967510097e-05
1398,all,4.5300000000000002,198,2.2649999999999998e-05,2.2649999999999998e-05,7.6485863884130325e-05
1399,all,4.5300000000000002,199,2.2650000000000005e-05,2.2650000000000008e-05,6.0971997891082303e-05
1400,all,4.5300000000000002,200,2.2650000000000002e-05,2.2650000000000002e-05,6.1927871778957392e-05
1401,all,4.5300000000000002,201,2.2650000000000002e-05,2.2649999999999998e-05,5.8280626173909054e-05
1402,all,4.5300000000000002,202,2.2650000000000002e-05,2.2650000000000002e-05,7.0453481565992606e-05
1403,all,4.5300000000000002,203,2.2650000000000002e-05,2.2650000000000002e-05,6.0783618654433736e-05
1404,all,4.5300000000000002,204,2.2650000000000002e-05,2.2650000000000002e-05,5.4759877591462095e-05
1405,all,4.5300000000000002,205,2.2650000000000002e-05,2.2650000000000002e-05,6.1348724743302369e-05
1406,all,4.5300000000000002,206,2.2650000000000002e-05,2.2649999999999998e-05,6.2734845887536041e-05
1407,all,4.5300000000000002,207,2.2650000000000008e-05,2.2650000000000005e-05,6.2341044399443084e-05
1408,all,4.5300000000000002,208,2.2650000000000002e-05,2.2649999999999998e-05,6.2003050123591959e-05
1409,all,4.5300000000000002,209,2.2650000000000002e-05,2.2650000000000002e-05,5.6057031856484765e-05
1410,all,4.5300000000000002,210,2.2650000000000002e-05,2.2650000000000002e-05,5.9571990409650061e-05
1411,all,4.5300000000000002,211,2.2650000000000008e-05,2.2650000000000005e-05,6.6094710705922398e-05
1412,all,4.5300000000000002,212,2.2649999999999998e-05,2.2650000000000002e-05,6.1999337280778705e-05
1413,all,4.5300000000000002,213,2.2649999999999998e-05,2.2650000000000002e-05,6.837393107976238e-05
1414,all,4.5300000000000002,214,2.2650000000000002e-05,2.2650000000000002e-05,4.9059029878855716e-05
1415,all,4.5300000000000002,215,2.2650000000000002e-05,2.2650000000000002e-05,6.1963917238428036e-05
1416,all,4.5300000000000002,216,2.2649999999999998e-05,2.2650000000000002e-05,5.4108404279944033e-05
1417,all,4.5300000000000002,217,2.2649999999999995e-05,2.2649999999999998e-05,6.9842975737709786e-05
1418,all,4.5300000000000002,218,2.2650000000000002e-05,2.2650000000000002e-05,6.2972327245879408e-05
1419,all,4.5300000000000002,219,2.2649999999999998e-05,2.2649999999999998e-05,5.956409540312543e-05
1420,all,4.5300000000000002,220,2.2649999999999998e-05,2.2650000000000002e-05,5.8856424989722722e-05
1421,all,4.5300000000000002,221,2.2650000000000005e-05,2.2650000000000002e-05,6.2529722361816221e-05
1422,all,4.5300000000000002,222,2.2650000000000002e-05,2.2650000000000002e-05,5.8676485777137488e-05
1423,all,4.5300000000000002,223,2.2650000000000002e-05,2.2649999999999998e-05,5.7968662008214013e-05
1424,all,4.5300000000000002,224,2.2650000000000008e-05,2.2650000000000002e-05,6.4614876709914886e-05
1425,all,4.5300000000000002,225,2.2650000000000002e-05,2.2650000000000002e-05,6.1852280146375407e-05
1426,all,4.5300000000000002,226,2.2649999999999998e-05,2.2650000000000002e-05,5.6207631164281917e-05
1427,all,4.5300000000000002,227,2.2650000000000002e-05,2.2650000000000002e-05,6.3602690986606263e-05
1428,all,4.5300000000000002,228,2.2650000000000002e-05,2.2650000000000002e-05,6.7218211585429345e-05
1429,all,4.5300000000000002,229,2.2650000000000002e-05,2.2650000000000005e-05,5.9548043987149155e-05
1430,all,4.5300000000000002,230,2.2649999999999998e-05,2.2650000000000002e-05,6.1784899863053772e-05
1431,all,4.5300000000000002,231,2.2650000000000002e-05,2.2650000000000002e-05,8.1473144555167042e-05
1432,all,4.5300000000000002,232,2.2649999999999998e-05,2.2650000000000002e-05,8.0097873029812765e-05
1433,all,4.5300000000000002,233,2.2650000000000002e-05,2.2650000000000002e-05,7.9424161754825318e-05
1434,all,4.5300000000000002,234,2.2649999999999998e-05,2.2650000000000002e-05,5.5823721589660187e-05
1435,all,4.5300000000000002,235,2.2650000000000002e-05,2.2650000000000002e-05,6.15729365766062e-05
1436,all,4.5300000000000002,236,2.2649999999999998e-05,2.2650000000000002e-05,5.427044039805855e-05
1437,all,4.5300000000000002,237,2.2650000000000002e-05,2.2650000000000002e-05,6.50835644228716e-05
1438,all,4.5300000000000002,238,2.2650000000000002e-05,2.2650000000000002e-05,6.7432614340684932e-05
1439,all,4.5300000000000002,239,2.2650000000000008e-05,2.2650000000000005e-05,5.1615673471414751e-05
1440,all,4.5300000000000002,240,2.2650000000000002e-05,2.2650000000000008e-05,7.175671365862423e-05
1441,all,4.5300000000000002,241,2.2650000000000002e-05,2.2650000000000002e-05,7.1791414254538527e-05
1442,all,4.5300000000000002,242,2.2650000000000002e-05,2.2650000000000002e-05,6.9757100576988323e-05
1443,all,4.5300000000000002,243,2.2650000000000008e-05,2.2650000000000002e-05,7.6681299430432035e-05
1444,all,4.5300000000000002,244,2.2649999999999998e-05,2.2650000000000002e-05,7.9221410568949504e-05
1445,all,4.5300000000000002,245,2.2650000000000002e-05,2.2649999999999998e-05,7.3662797769719995e-05
1446,all,4.5300000000000002,246,2.2649999999999998e-05,2.2649999999999998e-05,5.4743677490696059e-05
1447,all,4.5300000000000002,247,2.2649999999999998e-05,2.2650000000000002e-05,8.9003877432376256e-05
1448,all,4.5300000000000002,248,2.2650000000000002e-05,2.2650000000000005e-05,4.970952374694878e-05
1449,all,4.5300000000000002,249,2.2649999999999998e-05,2.2649999999999998e-05,6.834295798140196e-05
1450,all,4.5300000000000002,250,2.2650000000000002e-05,2.2650000000000002e-05,6.6309568692556268e-05
1451,all,4.5300000000000002,251,2.2650000000000008e-05,2.2650000000000002e-05,5.4546543446522472e-05
1452,all,4.5300000000000002,252,2.2650000000000002e-05,2.2650000000000002e-05,5.7699018751276069e-05
1453,all,4.5300000000000002,253,2.2649999999999998e-05,2.2650000000000002e-05,5.8028035754190096e-05
1454,all,4.5300000000000002,254,2.2650000000000008e-05,2.2650000000000002e-05,5.4795109161099925e-05
1455,all,4.5300000000000002,255,2.2649999999999995e-05,2.2649999999999998e-05,5.8677012647107564e-05
1456,all,4.5300000000000002,256,2.2650000000000002e-05,2.2650000000000002e-05,5.4563767965989181e-05
1457,all,4.5300000000000002,257,2.2650000000000005e-05,2.2650000000000002e-05,6.7323171362898364e-05
1458,all,4.5300000000000002,258,2.2650000000000002e-05,2.2650000000000002e-05,5.7908680581401709e-05
1459,all,4.5300000000000002,259,2.2650000000000005e-05,2.2650000000000002e-05,5.1134594154478203e-05
1460,all,4.5300000000000002,260,2.2650000000000008e-05,2.2649999999999998e-05,7.2701302367904986e-05
1461,all,4.5300000000000002,261,2.2650000000000002e-05,2.2649999999999998e-05,6.6531733644437102e-05
1462,all,4.5300000000000002,262,2.2650000000000005e-05,2.2650000000000002e-05,5.4509888369403908e-05
1463,all,4.5300000000000002,263,2.2649999999999995e-05,2.2650000000000002e-05,5.5570733848150905e-05
1464,all,4.5300000000000002,264,2.2649999999999995e-05,2.2650000000000002e-05,7.0832896082426646e-05
1465,all,4.5300000000000002,265,2.2650000000000008e-05,2.2650000000000005e-05,5.7518693896878e-05
1466,all,4.5300000000000002,266,2.2649999999999998e-05,2.2650000000000002e-05,5.9855267682045423e-05
1467,all,4.5300000000000002,267,2.2650000000000002e-05,2.2650000000000002e-05,5.0357963801258101e-05
1468,all,4.5300000000000002,268,2.2650000000000002e-05,2.2650000000000002e-05,5.8926033633643557e-05
1469,all,4.5300000000000002,269,2.2650000000000002e-05,2.2650000000000002e-05,6.2127363068121462e-05
1470,all,4.5300000000000002,270,2.2650000000000008e-05,2.2650000000000005e-05,7.3678717964404259e-05
1471,all,4.5300000000000002,271,2.2649999999999998e-05,2.2650000000000002e-05,5.7133476947409149e-05
1472,all,4.5300000000000002,272,2.2650000000000005e-05,2.2650000000000002e-05,7.7658231476115085e-05
1473,all,4.5300000000000002,273,2.2650000000000002e-05,2.2650000000000002e-05,6.9930944090992208e-05
1474,all,4.5300000000000002,274,2.2650000000000005e-05,2.2650000000000002e-05,6.7714764321954776e-05
1475,all,4.5300000000000002,275,2.2650000000000002e-05,2.2650000000000002e-05,6.211434691175084e-05
1476,all,4.5300000000000002,276,2.2650000000000008e-05,2.2649999999999998e-05,6.8218634793060879e-05
1477,all,4.5300000000000002,277,2.2649999999999998e-05,2.2650000000000002e-05,6.7556123225568897e-05
1478,all,4.5300000000000002,278,2.2650000000000002e-05,2.2650000000000002e-05,5.7206920322696843e-05
1479,all,4.5300000000000002,279,2.2649999999999998e-05,2.2650000000000002e-05,7.3325247833951827e-05
1480,all,4.5300000000000002,280,2.2649999999999998e-05,2.2649999999999998e-05,6.1784938124810978e-05
1481,all,4.5300000000000002,281,2.2649999999999998e-05,2.2650000000000002e-05,5.9112250404176817e-05
1482,all,4.5300000000000002,282,2.2650000000000008e-05,2.2650000000000005e-05,6.6020065085819771e-05
1483,all,4.5300000000000002,283,2.2649999999999998e-05,2.2649999999999998e-05,6.3265413895372536e-05
1484,all,4.5300000000000002,284,2.2650000000000005e-05,2.2650000000000005e-05,7.1974692568087622e-05
1485,all,4.5300000000000002,285,2.2650000000000002e-05,2.2650000000000002e-05,5.4419373434777874e-05
1486,all,4.5300000000000002,286,2.2650000000000002e-05,2.2650000000000002e-05,5.4113490089677427e-05
1487,all,4.5300000000000002,287,2.2650000000000002e-05,2.2650000000000002e-05,5.4115841462136961e-05
1488,all,4.5300000000000002,288,2.2650000000000002e-05,2.2650000000000002e-05,5.6869261798427609e-05
1489,all,4.5300000000000002,289,2.2649999999999998e-05,2.2650000000000002e-05,5.7420387564446799e-05
1490,all,4.5300000000000002,290,2.2650000000000002e-05,2.2650000000000002e-05,6.4232349526794e-05
1491,all,4.5300000000000002,291,2.2650000000000002e-05,2.2650000000000002e-05,6.8849758074721341e-05
1492,all,4.5300000000000002,292,2.2649999999999998e-05,2.2649999999999998e-05,5.5944412316453893e-05
1493,all,4.5300000000000002,293,2.2650000000000002e-05,2.2650000000000002e-05,5.2898004031852435e-05
1494,all,4.5300000000000002,294,2.2649999999999998e-05,2.2650000000000002e-05,5.393134534182577e-05
1495,all,4.5300000000000002,295,2.2649999999999998e-05,2.2650000000000002e-05,6.1540804517098323e-05
1496,all,4.5300000000000002,296,2.2650000000000005e-05,2.2650000000000002e-05,6.4830277109796523e-05
1497,all,4.5300000000000002,297,2.2649999999999998e-05,2.2649999999999995e-05,6.7915305487316395e-05
1498,all,4.5300000000000002,298,2.2650000000000005e-05,2.2650000000000002e-05,6.7420517026228161e-05
1499,all,4.5300000000000002,299,2.2649999999999998e-05,2.2650000000000002e-05,5.3200196067236291e-05
1500,all,4.5300000000000002,300,2.2650000000000002e-05,2.2650000000000002e-05,9.506525850069562e-05
1501,all,4.5300000000000002,301,2.2650000000000005e-05,2.2650000000000005e-05,5.6381400925350361e-05
1502,all,4.5300000000000002,302,2.2649999999999998e-05,2.2649999999999998e-05,6.6579373198356537e-05
1503,all,4.5300000000000002,303,2.2649999999999998e-05,2.2649999999999998e-05,5.6230547535668479e-05
1504,all,4.5300000000000002,304,2.2649999999999998e-05,2.2649999999999998e-05,6.1917897412372966e-05
1505,all,4.5300000000000002,305,2.2650000000000002e-05,2.2649999999999998e-05,5.6194848875679504e-05
1506,all,4.5300000000000002,306,2.2650000000000008e-05,2.2650000000000002e-05,6.2261218898351545e-05
1507,all,4.5300000000000002,307,2.2650000000000005e-05,2.2650000000000002e-05,5.6001636262806047e-05
1508,all,4.5300000000000002,308,2.2650000000000002e-05,2.2650000000000002e-05,6.7927870848643145e-05
1509,all,4.5300000000000002,309,2.2649999999999998e-05,2.2649999999999998e-05,6.8164746963818456e-05
1510,all,4.5300000000000002,310,2.2650000000000002e-05,2.2650000000000002e-05,8.0680373391448355e-05
1511,all,4.5300000000000002,311,2.2650000000000002e-05,2.2650000000000002e-05,6.4085093696112142e-05
1512,all,4.5300000000000002,312,2.2650000000000002e-05,2.2650000000000002e-05,5.1432435341543127e-05
1513,all,4.5300000000000002,313,2.2650000000000008e-05,2.2650000000000002e-05,6.1473299759545405e-05
1514,all,4.5300000000000002,314,2.2649999999999998e-05,2.2649999999999998e-05,6.8513639278361367e-05
1515,all,4.5300000000000002,315,2.2650000000000002e-05,2.2649999999999998e-05,5.507557600387178e-05
1516,all,4.5300000000000002,316,2.2650000000000002e-05,2.2650000000000002e-05,5.7141826467451693e-05
1517,all,4.5300000000000002,317,2.2650000000000008e-05,2.2650000000000005e-05,5.799819689587351e-05
1518,all,4.5300000000000002,318,2.2650000000000002e-05,2.2650000000000002e-05,6.1978107275052213e-05
1519,all,4.5300000000000002,319,2.2650000000000008e-05,2.2650000000000002e-05,6.188094767688282e-05
1520,all,4.5300000000000002,320,2.2650000000000002e-05,2.2650000000000002e-05,8.2373662024239877e-05
1521,all,4.5300000000000002,321,2.2650000000000002e-05,2.2650000000000002e-05,6.0098052648249753e-05
1522,all,4.5300000000000002,322,2.2650000000000002e-05,2.2650000000000002e-05,5.5852266503229918e-05
1523,all,4.5300000000000002,323,2.2650000000000002e-05,2.2650000000000002e-05,5.4858887548457718e-05
1524,all,4.5300000000000002,324,2.2650000000000002e-05,2.2650000000000002e-05,7.222623652078074e-05
1525,all,4.5300000000000002,325,2.2649999999999995e-05,2.2649999999999998e-05,5.749197792357731e-05
1526,all,4.5300000000000002,326,2.2650000000000008e-05,2.2650000000000002e-05,5.3573895910198734e-05
1527,all,4.5300000000000002,327,2.2650000000000002e-05,2.2649999999999998e-05,5.7200802486012741e-05
1528,all,4.5300000000000002,328,2.2650000000000002e-05,2.2650000000000005e-05,7.0222852788680119e-05
1529,all,4.5300000000000002,329,2.2650000000000002e-05,2.2649999999999998e-05,6.2724338608778946e-05
1530,all,4.5300000000000002,330,2.2649999999999995e-05,2.2650000000000002e-05,7.7972043825182163e-05
1531,all,4.5300000000000002,331,2.2650000000000002e-05,2.2650000000000002e-05,6.5802848815188755e-05
1532,all,4.5300000000000002,332,2.2650000000000008e-05,2.2650000000000005e-05,7.327188221697334e-05
1533,all,4.5300000000000002,333,2.2650000000000002e-05,2.2650000000000002e-05,7.4800312546603645e-05
1534,all,4.5300000000000002,334,2.2649999999999998e-05,2.2650000000000002e-05,5.3069347128708383e-05
1535,all,4.5300000000000002,335,2.2649999999999998e-05,2.2650000000000002e-05,6.2974742067551135e-05
1536,all,4.5300000000000002,336,2.2650000000000002e-05,2.2650000000000002e-05,7.7515036425008767e-05
1537,all,4.5300000000000002,337,2.2650000000000008e-05,2.2650000000000008e-05,4.7552110744402921e-05
1538,all,4.5300000000000002,338,2.2650000000000002e-05,2.2650000000000002e-05,6.5578051318386567e-05
1539,all,4.5300000000000002,339,2.2650000000000002e-05,2.2650000000000005e-05,5.9337824262000347e-05
1540,all,4.5300000000000002,340,2.2650000000000005e-05,2.2650000000000005e-05,4.7966297696371753e-05
1541,all,4.5300000000000002,341,2.2650000000000002e-05,2.2650000000000002e-05,5.9050392502800646e-05
1542,all,4.5300000000000002,342,2.2650000000000005e-05,2.2650000000000002e-05,5.180263153008699e-05
1543,all,4.5300000000000002,343,2.2650000000000002e-05,2.2650000000000002e-05,6.5209357220862732e-05
1544,all,4.5300000000000002,344,2.2650000000000002e-05,2.2650000000000002e-05,6.8296340607117514e-05
1545,all,4.5300000000000002,345,2.2650000000000002e-05,2.2650000000000002e-05,5.4075462556654627e-05
1546,all,4.5300000000000002,346,2.2650000000000005e-05,2.2650000000000002e-05,5.740238172078295e-05
1547,all,4.5300000000000002,347,2.2649999999999998e-05,2.2650000000000002e-05,6.6890011915659206e-05
1548,all,4.5300000000000002,348,2.2650000000000002e-05,2.2650000000000002e-05,8.6166355674298229e-05
1549,all,4.5300000000000002,349,2.2650000000000002e-05,2.2650000000000005e-05,5.7623567774266601e-05
1550,all,4.5300000000000002,350,2.2650000000000002e-05,2.2650000000000002e-05,6.1074352631774345e-05
1551,all,4.5300000000000002,351,2.2649999999999998e-05,2.2649999999999998e-05,7.441358596878854e-05
1552,all,4.5300000000000002,352,2.2650000000000002e-05,2.2650000000000002e-05,6.452883066652984e-05
1553,all,4.5300000000000002,353,2.2650000000000002e-05,2.2650000000000002e-05,5.2227402191988921e-05
1554,all,4.5300000000000002,354,2.2650000000000002e-05,2.2650000000000002e-05,5.0036991520472823e-05
1555,all,4.5300000000000002,355,2.2650000000000002e-05,2.2650000000000002e-05,6.9103704524907874e-05
1556,all,4.5300000000000002,356,2.2649999999999998e-05,2.2650000000000002e-05,6.4978144797393639e-05
1557,all,4.5300000000000002,357,2.2649999999999995e-05,2.2649999999999995e-05,5.7074173409482143e-05
1558,all,4.5300000000000002,358,2.2649999999999998e-05,2.2649999999999998e-05,6.1773211950302151e-05
1559,all,4.5300000000000002,359,2.2649999999999998e-05,2.2650000000000002e-05,6.0254911019350991e-05
1560,all,4.5300000000000002,360,2.2650000000000002e-05,2.2650000000000002e-05,5.1957641252117647e-05
1561,all,4.5300000000000002,361,2.2650000000000005e-05,2.2650000000000002e-05,4.9988396818114768e-05
1562,all,4.5300000000000002,362,2.2650000000000002e-05,2.2649999999999998e-05,6.7802723845756567e-05
1563,all,4.5300000000000002,363,2.2650000000000008e-05,2.2650000000000002e-05,5.8942358172024462e-05
1564,all,4.5300000000000002,364,2.2650000000000002e-05,2.2650000000000002e-05,6.8063367428425998e-05
1565,all,4.5300000000000002,365,2.2650000000000002e-05,2.2650000000000002e-05,5.3149358896355433e-05
1566,all,4.5300000000000002,366,2.2650000000000002e-05,2.2650000000000002e-05,6.0491048101757068e-05
1567,all,4.5300000000000002,367,2.2650000000000002e-05,2.2650000000000002e-05,5.7627630760577289e-05
1568,all,4.5300000000000002,368,2.2650000000000002e-05,2.2650000000000002e-05,8.597050427982877e-05
1569,all,4.5300000000000002,369,2.2650000000000002e-05,2.2650000000000005e-05,6.6522229208805051e-05
1570,all,4.5300000000000002,370,2.2650000000000002e-05,2.2650000000000002e-05,7.7023418336532717e-05
1571,all,4.5300000000000002,371,2.2649999999999998e-05,2.2650000000000002e-05,6.1834383846421436e-05
1572,all,4.5300000000000002,372,2.2650000000000002e-05,2.2650000000000002e-05,6.2054699574328641e-05
1573,all,4.5300000000000002,373,2.2650000000000005e-05,2.2650000000000002e-05,6.4032156759665971e-05
1574,all,4.5300000000000002,374,2.2650000000000002e-05,2.2650000000000002e-05,6.4370129548450183e-05
1575,all,4.5300000000000002,375,2.2650000000000002e-05,2.2650000000000002e-05,6.9457550324071547e-05
1576,all,4.5300000000000002,376,2.2650000000000002e-05,2.2650000000000002e-05,5.4848841689418474e-05
1577,all,4.5300000000000002,377,2.2649999999999998e-05,2.2649999999999998e-05,5.657924721075614e-05
1578,all,4.5300000000000002,378,2.2650000000000008e-05,2.2650000000000002e-05,5.3408780274367458e-05
1579,all,4.5300000000000002,379,2.2649999999999998e-05,2.2649999999999998e-05,7.4995601772772031e-05
1580,all,4.5300000000000002,380,2.2650000000000002e-05,2.2649999999999998e-05,5.3722586196025211e-05
1581,all,4.5300000000000002,381,2.2649999999999995e-05,2.2650000000000002e-05,5.6628920780196848e-05
1582,all,4.5300000000000002,382,2.2650000000000002e-05,2.2650000000000002e-05,6.5845441145704755e-05
1583,all,4.5300000000000002,383,2.2649999999999998e-05,2.2650000000000002e-05,6.4181282898345918e-05
1584,all,4.5300000000000002,384,2.2649999999999995e-05,2.2649999999999998e-05,5.8511595125398027e-05
1585,all,4.5300000000000002,385,2.2650000000000008e-05,2.2650000000000002e-05,6.7173564076190043e-05
1586,all,4.5300000000000002,386,2.2650000000000002e-05,2.2650000000000002e-05,5.8761876649814978e-05
1587,all,4.5300000000000002,387,2.2649999999999998e-05,2.2649999999999998e-05,5.8099367442025707e-05
1588,all,4.5300000000000002,388,2.2650000000000002e-05,2.2650000000000002e-05,6.9294712954072384e-05
1589,all,4.5300000000000002,389,2.2650000000000008e-05,2.2650000000000002e-05,7.3878295421724599e-05
1590,all,4.5300000000000002,390,2.2650000000000002e-05,2.2650000000000002e-05,5.176575691265563e-05
1591,all,4.5300000000000002,391,2.2650000000000005e-05,2.2650000000000002e-05,6.5154900817551568e-05
1592,all,4.5300000000000002,392,2.2649999999999995e-05,2.2649999999999998e-05,5.9902030943897587e-05
1593,all,4.5300000000000002,393,2.2649999999999998e-05,2.2650000000000002e-05,7.7215902738057848e-05
1594,all,4.5300000000000002,394,2.2649999999999998e-05,2.2650000000000002e-05,6.3409038390890051e-05
1595,all,4.5300000000000002,395,2.2650000000000002e-05,2.2649999999999998e-05,6.908817615572976e-05
1596,all,4.5300000000000002,396,2.2649999999999995e-05,2.2650000000000002e-05,5.3550517528198987e-05
1597,all,4.5300000000000002,397,2.2649999999999995e-05,2.2650000000000002e-05,5.5748292097167264e-05
1598,all,4.5300000000000002,398,2.2650000000000008e-05,2.2650000000000002e-05,5.9197047807393578e-05
1599,all,4.5300000000000002,399,2.2650000000000002e-05,2.2650000000000002e-05,6.6128201928207107e-05
1600,all,4.5300000000000002,400,2.2649999999999998e-05,2.2650000000000002e-05,6.7524597127540989e-05
1601,all,4.5300000000000002,401,2.2650000000000002e-05,2.2650000000000002e-05,5.5872112438698268e-05
1602,all,4.5300000000000002,402,2.2650000000000005e-05,2.2650000000000005e-05,5.4145809507153669e-05
1603,all,4.5300000000000002,403,2.2649999999999998e-05,2.2650000000000002e-05,6.2964828357380779e-05
1604,all,4.5300000000000002,404,2.2650000000000002e-05,2.2650000000000002e-05,5.8591552511536565e-05
1605,all,4.5300000000000002,405,2.2650000000000008e-05,2.2650000000000008e-05,6.4355640568366975e-05
1606,all,4.5300000000000002,406,2.2649999999999998e-05,2.2649999999999998e-05,8.1385791887239329e-05
1607,all,4.5300000000000002,407,2.2650000000000002e-05,2.2650000000000002e-05,5.9826579140042949e-05
1608,all,4.5300000000000002,408,2.2649999999999995e-05,2.2649999999999998e-05,5.869733902615832e-05
1609,all,4.5300000000000002,409,2.2649999999999995e-05,2.2649999999999998e-05,6.3062628812537481e-05
1610,all,4.5300000000000002,410,2.2649999999999995e-05,2.2649999999999998e-05,5.3309609564237391e-05
1611,all,4.5300000000000002,411,2.2650000000000002e-05,2.2650000000000002e-05,8.64520903505213e-05
1612,all,4.5300000000000002,412,2.2650000000000002e-05,2.2650000000000002e-05,6.1262392398896116e-05
1613,all,4.5300000000000002,413,2.2650000000000002e-05,2.2650000000000002e-05,6.4986455904724228e-05
1614,all,4.5300000000000002,414,2.2650000000000002e-05,2.2650000000000002e-05,6.6749993579955053e-05
1615,all,4.5300000000000002,415,2.2649999999999998e-05,2.2650000000000002e-05,7.0446768822011042e-05
1616,all,4.5300000000000002,416,2.2649999999999998e-05,2.2650000000000002e-05,7.1832128034044995e-05
1617,all,4.5300000000000002,417,2.2650000000000002e-05,2.2649999999999998e-05,5.7877873584072717e-05
1618,all,4.5300000000000002,418,2.2650000000000005e-05,2.2650000000000002e-05,5.5828479854014273e-05
1619,all,4.5300000000000002,419,2.2650000000000002e-05,2.2649999999999998e-05,7.4574017037844518e-05
1620,all,4.5300000000000002,420,2.2650000000000005e-05,2.2650000000000002e-05,6.6457630674976955e-05
1621,all,4.5300000000000002,421,2.2650000000000008e-05,2.2650000000000002e-05,7.6234674719951394e-05
1622,all,4.5300000000000002,422,2.2649999999999998e-05,2.2650000000000002e-05,6.54122214695736e-05
1623,all,4.5300000000000002,423,2.2649999999999998e-05,2.2649999999999998e-05,5.1536927736473577e-05
1624,all,4.5300000000000002,424,2.2650000000000002e-05,2.2650000000000002e-05,6.1007891469057238e-05
1625,all,4.5300000000000002,425,2.2649999999999998e-05,2.2649999999999998e-05,7.3153271262296597e-05
1626,all,4.5300000000000002,426,2.2650000000000008e-05,2.2650000000000005e-05,5.7975247814175355e-05
1627,all,4.5300000000000002,427,2.2650000000000002e-05,2.2650000000000002e-05,5.0484349079970205e-05
1628,all,4.5300000000000002,428,2.2649999999999998e-05,2.2650000000000002e-05,7.079043208266574e-05
1629,all,4.5300000000000002,429,2.2650000000000008e-05,2.2650000000000005e-05,7.2175460470926545e-05
1630,all,4.5300000000000002,430,2.2649999999999995e-05,2.2650000000000002e-05,6.9996543098026131e-05
1631,all,4.5300000000000002,431,2.2650000000000002e-05,2.2650000000000002e-05,5.4638204364520052e-05
1632,all,4.5300000000000002,432,2.2650000000000005e-05,2.2650000000000005e-05,6.6600017343953455e-05
1633,all,4.5300000000000002,433,2.2649999999999998e-05,2.2650000000000002e-05,6.3186374124464428e-05
1634,all,4.5300000000000002,434,2.2650000000000002e-05,2.2650000000000002e-05,6.3992877400518186e-05
1635,all,4.5300000000000002,435,2.2650000000000008e-05,2.2650000000000002e-05,6.352332824542831e-05
1636,all,4.5300000000000002,436,2.2650000000000008e-05,2.2650000000000008e-05,7.0679790616234961e-05
1637,all,4.5300000000000002,437,2.2649999999999998e-05,2.2650000000000002e-05,5.7965850052600878e-05
1638,all,4.5300000000000002,438,2.2649999999999998e-05,2.2650000000000002e-05,6.1304184923945373e-05
1639,all,4.5300000000000002,439,2.2650000000000002e-05,2.2650000000000002e-05,5.5142599525998766e-05
1640,all,4.5300000000000002,440,2.2650000000000002e-05,2.2650000000000002e-05,6.6792172999522524e-05
1641,all,4.5300000000000002,441,2.2649999999999998e-05,2.2650000000000002e-05,7.3610825936674341e-05
1642,all,4.5300000000000002,442,2.2649999999999998e-05,2.2650000000000002e-05,7.3737482927404489e-05
1643,all,4.5300000000000002,443,2.2649999999999998e-05,2.2649999999999998e-05,6.1392406614948429e-05
1644,all,4.5300000000000002,444,2.2649999999999995e-05,2.2649999999999998e-05,5.5957918669996798e-05
1645,all,4.5300000000000002,445,2.2650000000000002e-05,2.2650000000000002e-05,6.5259254627678568e-05
1646,all,4.5300000000000002,446,2.2650000000000002e-05,2.2650000000000002e-05,5.975587513781037e-05
1647,all,4.5300000000000002,447,2.2649999999999998e-05,2.2650000000000002e-05,5.3784884198304518e-05
1648,all,4.5300000000000002,448,2.2650000000000005e-05,2.2650000000000002e-05,6.2107292575436839e-05
1649,all,4.5300000000000002,449,2.2650000000000002e-05,2.2649999999999998e-05,7.4929560140531127e-05
1650,all,4.5300000000000002,450,2.2650000000000002e-05,2.2650000000000002e-05,5.3628173433017699e-05
1651,all,4.5300000000000002,451,2.2650000000000002e-05,2.2650000000000002e-05,5.8240711935851707e-05
1652,all,4.5300000000000002,452,2.2650000000000002e-05,2.2650000000000002e-05,6.1481912328166847e-05
1653,all,4.5300000000000002,453,2.2650000000000008e-05,2.2650000000000002e-05,6.8136888385199863e-05
1654,all,4.5300000000000002,454,2.2649999999999998e-05,2.2650000000000002e-05,5.2897014886184847e-05
1655,all,4.5300000000000002,455,2.2649999999999998e-05,2.2650000000000002e-05,6.9244217295957001e-05
1656,all,4.5300000000000002,456,2.2650000000000008e-05,2.2650000000000008e-05,6.6647819910839446e-05
1657,all,4.5300000000000002,457,2.2650000000000002e-05,2.2650000000000002e-05,6.1939915855594899e-05
1658,all,4.5300000000000002,458,2.2650000000000005e-05,2.2650000000000005e-05,5.9157463023469958e-05
1659,all,4.5300000000000002,459,2.2650000000000005e-05,2.2650000000000002e-05,6.7969121825390216e-05
1660,all,4.5300000000000002,460,2.2649999999999998e-05,2.2650000000000002e-05,6.6884155784361328e-05
1661,all,4.5300000000000002,461,2.2650000000000002e-05,2.2650000000000002e-05,6.6947901070171949e-05
1662,all,4.5300000000000002,462,2.2649999999999995e-05,2.2649999999999998e-05,7.9325855042399368e-05
1663,all,4.5300000000000002,463,2.2650000000000008e-05,2.2650000000000005e-05,7.4471597209243307e-05
1664,all,4.5300000000000002,464,2.2650000000000002e-05,2.2650000000000002e-05,5.7602190335497365e-05
1665,all,4.5300000000000002,465,2.2650000000000005e-05,2.2650000000000002e-05,6.1540829824264178e-05
1666,all,4.5300000000000002,466,2.2650000000000008e-05,2.2650000000000005e-05,6.3259882254695717e-05
1667,all,4.5300000000000002,467,2.2650000000000002e-05,2.2650000000000002e-05,7.7939476852490817e-05
1668,all,4.5300000000000002,468,2.2650000000000008e-05,2.2650000000000005e-05,6.2229117145646567e-05
1669,all,4.5300000000000002,469,2.2649999999999995e-05,2.2650000000000002e-05,5.8453053060009427e-05
1670,all,4.5300000000000002,470,2.2650000000000002e-05,2.2650000000000002e-05,6.1540387265587651e-05
1671,all,4.5300000000000002,471,2.2650000000000008e-05,2.2650000000000008e-05,6.9372402229449684e-05
1672,all,4.5300000000000002,472,2.2650000000000002e-05,2.2649999999999998e-05,5.9519359685077719e-05
1673,all,4.5300000000000002,473,2.2650000000000008e-05,2.2650000000000002e-05,5.7500131431359965e-05
1674,all,4.5300000000000002,474,2.2650000000000008e-05,2.2650000000000008e-05,6.3286636184207382e-05
1675,all,4.5300000000000002,475,2.2650000000000002e-05,2.2649999999999998e-05,6.0804737590634833e-05
1676,all,4.5300000000000002,476,2.2650000000000005e-05,2.2650000000000002e-05,5.5644729913154723e-05
1677,all,4.5300000000000002,477,2.2650000000000002e-05,2.2649999999999998e-05,6.6825928863535782e-05
1678,all,4.5300000000000002,478,2.2650000000000005e-05,2.2650000000000008e-05,5.6229443432821535e-05
1679,all,4.5300000000000002,479,2.2649999999999998e-05,2.2649999999999998e-05,5.3483880061962923e-05
1680,all,4.5300000000000002,480,2.2650000000000002e-05,2.2650000000000002e-05,7.5783961577155265e-05
1681,all,4.5300000000000002,481,2.2650000000000002e-05,2.2649999999999998e-05,5.8118886749394685e-05
1682,all,4.5300000000000002,482,2.2650000000000002e-05,2.2650000000000002e-05,7.7499905846156993e-05
1683,all,4.5300000000000002,483,2.2650000000000002e-05,2.2650000000000002e-05,6.2201037077224249e-05
1684,all,4.5300000000000002,484,2.2650000000000002e-05,2.2650000000000002e-05,6.1999722434083652e-05
1685,all,4.5300000000000002,485,2.2649999999999995e-05,2.2649999999999998e-05,6.0437285968102121e-05
1686,all,4.5300000000000002,486,2.2650000000000008e-05,2.2650000000000002e-05,6.6219133009444846e-05
1687,all,4.5300000000000002,487,2.2650000000000005e-05,2.2650000000000002e-05,6.2502473885632767e-05
1688,all,4.5300000000000002,488,2.2650000000000008e-05,2.2650000000000002e-05,7.1356553025122779e-05
1689,all,4.5300000000000002,489,2.2649999999999998e-05,2.2650000000000002e-05,5.5488276002385309e-05
1690,all,4.5300000000000002,490,2.2650000000000002e-05,2.2650000000000002e-05,5.2454909794100093e-05
1691,all,4.5300000000000002,491,2.2650000000000005e-05,2.2650000000000002e-05,6.5015113320414155e-05
1692,all,4.5300000000000002,492,2.2650000000000002e-05,2.2650000000000002e-05,5.296863920528702e-05
1693,all,4.5300000000000002,493,2.2650000000000002e-05,2.2650000000000002e-05,7.6074420779774594e-05
1694,all,4.5300000000000002,494,2.2649999999999995e-05,2.2649999999999998e-05,6.0018940277004241e-05
1695,all,4.5300000000000002,495,2.2649999999999998e-05,2.2650000000000002e-05,6.0802842712204541e-05
1696,all,4.5300000000000002,496,2.2650000000000002e-05,2.2650000000000008e-05,6.2192535579604067e-05
1697,all,4.5300000000000002,497,2.2649999999999995e-05,2.2650000000000002e-05,7.2879424083086781e-05
1698,all,4.5300000000000002,498,2.2649999999999998e-05,2.2649999999999998e-05,6.4871098262148658e-05
1699,all,4.5300000000000002,499,2.2650000000000002e-05,2.2650000000000002e-05,6.0613673442954963e-05
1700,all,4.5300000000000002,500,2.2649999999999998e-05,2.2650000000000002e-05,6.9002451946676319e-05
1701,all,4.5300000000000002,501,2.2650000000000002e-05,2.2650000000000002e-05,7.0282185354778444e-05
1702,all,4.5300000000000002,502,2.2649999999999998e-05,2.2650000000000002e-05,6.8799449381351944e-05
1703,all,4.5300000000000002,503,2.2650000000000002e-05,2.2649999999999998e-05,5.6870703278699697e-05
1704,all,4.5300000000000002,504,2.2650000000000008e-05,2.2649999999999998e-05,5.7569492010919688e-05
1705,all,4.5300000000000002,505,2.2649999999999998e-05,2.2649999999999998e-05,9.1052637494495338e-05
1706,all,4.5300000000000002,506,2.2650000000000002e-05,2.2650000000000002e-05,7.0599870352422314e-05
1707,all,4.5300000000000002,507,2.2650000000000002e-05,2.2650000000000002e-05,7.6332374003467045e-05
1708,all,4.5300000000000002,508,2.2650000000000002e-05,2.2650000000000002e-05,4.9767623517173764e-05
1709,all,4.5300000000000002,509,2.2649999999999998e-05,2.2650000000000002e-05,5.8194155333673799e-05
1710,all,4.5300000000000002,510,2.2650000000000002e-05,2.2650000000000002e-05,6.0760968589436698e-05
1711,all,4.5300000000000002,511,2.2650000000000008e-05,2.2650000000000002e-05,6.2277480544310724e-05
1712,all,4.5300000000000002,512,2.2649999999999995e-05,2.2650000000000002e-05,7.5504165501924612e-05
1713,all,4.5300000000000002,513,2.2650000000000002e-05,2.2650000000000002e-05,5.1646269654998492e-05
1714,all,4.5300000000000002,514,2.2649999999999998e-05,2.2649999999999998e-05,5.6100376603664894e-05
1715,all,4.5300000000000002,515,2.2650000000000002e-05,2.2650000000000002e-05,7.7190372704638105e-05
1716,all,4.5300000000000002,516,2.2650000000000002e-05,2.2650000000000002e-05,5.1059277654609245e-05
1717,all,4.5300000000000002,517,2.2649999999999998e-05,2.2650000000000002e-05,6.384841091714157e-05
1718,all,4.5300000000000002,518,2.2650000000000002e-05,2.2650000000000002e-05,5.6265513186705863e-05
1719,all,4.5300000000000002,519,2.2650000000000002e-05,2.2650000000000002e-05,6.5369499440832526e-05
1720,all,4.5300000000000002,520,2.2649999999999998e-05,2.2649999999999998e-05,6.2584729893011681e-05
1721,all,4.5300000000000002,521,2.2649999999999998e-05,2.2650000000000002e-05,5.8200776910456844e-05
1722,all,4.5300000000000002,522,2.2650000000000008e-05,2.2650000000000005e-05,6.2595023824174641e-05
1723,all,4.5300000000000002,523,2.2649999999999995e-05,2.2650000000000002e-05,6.0844534099422833e-05
1724,all,4.5300000000000002,524,2.2649999999999995e-05,2.2649999999999998e-05,6.3510902915372969e-05
1725,all,4.5300000000000002,525,2.2649999999999998e-05,2.2650000000000002e-05,5.4499993883537761e-05
1726,all,4.5300000000000002,526,2.2650000000000002e-05,2.2649999999999998e-05,6.1544749063083417e-05
1727,all,4.5300000000000002,527,2.2649999999999998e-05,2.2649999999999998e-05,5.8230262641093847e-05
1728,all,4.5300000000000002,528,2.2650000000000002e-05,2.2650000000000002e-05,5.7494650136065353e-05
1729,all,4.5300000000000002,529,2.2649999999999995e-05,2.2649999999999998e-05,5.9084825485367926e-05
1730,all,4.5300000000000002,530,2.2649999999999998e-05,2.2650000000000002e-05,6.4133068825773765e-05
1731,all,4.5300000000000002,531,2.2650000000000008e-05,2.2650000000000008e-05,5.797541002004919e-05
1732,all,4.5300000000000002,532,2.2649999999999998e-05,2.2650000000000002e-05,7.1557433038864525e-05
1733,all,4.5300000000000002,533,2.2650000000000002e-05,2.2650000000000002e-05,4.9937180661345584e-05
1734,all,4.5300000000000002,534,2.2650000000000002e-05,2.2650000000000002e-05,6.1683952581173703e-05
1735,all,4.5300000000000002,535,2.2650000000000008e-05,2.2649999999999998e-05,5.5233629132114614e-05
1736,all,4.5300000000000002,536,2.2650000000000002e-05,2.2650000000000002e-05,6.198344267436943e-05
1737,all,4.5300000000000002,537,2.2650000000000005e-05,2.2650000000000002e-05,6.0055562110753479e-05
1738,all,4.5300000000000002,538,2.2650000000000008e-05,2.2650000000000002e-05,5.6999013895485207e-05
1739,all,4.5300000000000002,539,2.2650000000000002e-05,2.2650000000000002e-05,6.2818213031253913e-05
1740,all,4.5300000000000002,540,2.2649999999999998e-05,2.2650000000000002e-05,6.3454058270053285e-05
1741,all,4.5300000000000002,541,2.2649999999999998e-05,2.2650000000000002e-05,6.0933186391714631e-05
1742,all,4.5300000000000002,542,2.2649999999999998e-05,2.2650000000000002e-05,6.6919482761593546e-05
1743,all,4.5300000000000002,543,2.2650000000000005e-05,2.2650000000000002e-05,5.9454189761818723e-05
1744,all,4.5300000000000002,544,2.2650000000000002e-05,2.2650000000000002e-05,6.4055262541523782e-05
1745,all,4.5300000000000002,545,2.2650000000000002e-05,2.2649999999999998e-05,5.7277221922167099e-05
1746,all,4.5300000000000002,546,2.2650000000000002e-05,2.2650000000000002e-05,6.0897838541430299e-05
1747,all,4.5300000000000002,547,2.2650000000000002e-05,2.2650000000000002e-05,7.2085345923115116e-05
1748,all,4.5300000000000002,548,2.2650000000000002e-05,2.2650000000000002e-05,7.2764644602837643e-05
1749,all,4.5300000000000002,549,2.2649999999999998e-05,2.2650000000000002e-05,5.9917464958731275e-05
1750,all,4.5300000000000002,550,2.2649999999999998e-05,2.2649999999999998e-05,6.1367524995099718e-05
1751,all,4.5300000000000002,551,2.2650000000000002e-05,2.2650000000000005e-05,7.5003667294390073e-05
1752,all,4.5300000000000002,552,2.2650000000000005e-05,2.2649999999999998e-05,5.9414698590517185e-05
1753,all,4.5300000000000002,553,2.2649999999999998e-05,2.2649999999999998e-05,5.6006291856625746e-05
1754,all,4.5300000000000002,554,2.2650000000000002e-05,2.2650000000000002e-05,5.7016514585241657e-05
1755,all,4.5300000000000002,555,2.2649999999999998e-05,2.2649999999999998e-05,5.734270846991886e-05
1756,all,4.5300000000000002,556,2.2650000000000012e-05,2.2650000000000008e-05,6.1907337396000558e-05
1757,all,4.5300000000000002,557,2.2650000000000002e-05,2.2650000000000002e-05,6.6909909814023266e-05
1758,all,4.5300000000000002,558,2.2650000000000005e-05,2.2650000000000002e-05,6.8579300636452522e-05
1759,all,4.5300000000000002,559,2.2650000000000002e-05,2.2650000000000002e-05,6.7511914113702008e-05
1760,all,4.5300000000000002,560,2.2649999999999998e-05,2.2649999999999998e-05,6.8802254709678218e-05
1761,all,4.5300000000000002,561,2.2649999999999995e-05,2.2649999999999998e-05,5.8190973717271056e-05
1762,all,4.5300000000000002,562,2.2649999999999998e-05,2.2650000000000002e-05,5.3990227090111354e-05
1763,all,4.5300000000000002,563,2.2650000000000002e-05,2.2650000000000002e-05,6.9199784375410922e-05
1764,all,4.5300000000000002,564,2.2650000000000002e-05,2.2650000000000002e-05,7.2366828787770527e-05
1765,all,4.5300000000000002,565,2.2650000000000002e-05,2.2650000000000002e-05,6.1720256197905554e-05
1766,all,4.5300000000000002,566,2.2649999999999998e-05,2.2650000000000002e-05,6.8328259357922373e-05
1767,all,4.5300000000000002,567,2.2650000000000002e-05,2.2650000000000008e-05,7.1084749126568218e-05
1768,all,4.5300000000000002,568,2.2650000000000002e-05,2.2650000000000002e-05,6.0820081093980391e-05
1769,all,4.5300000000000002,569,2.2649999999999995e-05,2.2649999999999995e-05,6.3646923513381443e-05
1770,all,4.5300000000000002,570,2.2650000000000008e-05,2.2650000000000002e-05,6.0168377734537358e-05
1771,all,4.5300000000000002,571,2.2649999999999998e-05,2.2650000000000002e-05,7.0267961926079084e-05
1772,all,4.5300000000000002,572,2.2650000000000008e-05,2.2650000000000002e-05,8.7583870794149263e-05
1773,all,4.5300000000000002,573,2.2650000000000002e-05,2.2650000000000002e-05,6.7720586653646203e-05
1774,all,4.5300000000000002,574,2.2649999999999998e-05,2.2650000000000005e-05,6.0730279613033143e-05
1775,all,4.5300000000000002,575,2.2649999999999998e-05,2.2650000000000002e-05,5.2059316534766948e-05
1776,all,4.5300000000000002,576,2.2650000000000008e-05,2.2650000000000008e-05,5.6468818833627363e-05
1777,all,4.5300000000000002,577,2.2650000000000005e-05,2.2650000000000002e-05,7.1834827751150409e-05
1778,all,4.5300000000000002,578,2.2650000000000005e-05,2.2650000000000008e-05,7.0928500735585614e-05
1779,all,4.5300000000000002,579,2.2649999999999998e-05,2.2649999999999998e-05,8.0725843705739059e-05
1780,all,4.5300000000000002,580,2.2649999999999998e-05,2.2649999999999998e-05,6.054467968937156e-05
1781,all,4.5300000000000002,581,2.2650000000000002e-05,2.2650000000000002e-05,4.9108302784715416e-05
1782,all,4.5300000000000002,582,2.2650000000000002e-05,2.2650000000000002e-05,8.1545108542735393e-05
1783,all,4.5300000000000002,583,2.2650000000000002e-05,2.2650000000000002e-05,7.1092811022733255e-05
1784,all,4.5300000000000002,584,2.2650000000000012e-05,2.2650000000000005e-05,7.7965363015123363e-05
1785,all,4.5300000000000002,585,2.2650000000000008e-05,2.2650000000000002e-05,6.3106184744691864e-05
1786,all,4.5300000000000002,586,2.2650000000000002e-05,2.2650000000000002e-05,5.4601522606619819e-05
1787,all,4.5300000000000002,587,2.2650000000000008e-05,2.2650000000000002e-05,5.4083557428264975e-05
1788,all,4.5300000000000002,588,2.2650000000000002e-05,2.2650000000000002e-05,6.0530611042762089e-05
1789,all,4.5300000000000002,589,2.2650000000000008e-05,2.2650000000000002e-05,8.0223029564600247e-05
1790,all,4.5300000000000002,590,2.2649999999999988e-05,2.2650000000000002e-05,5.9957078247568976e-05
1791,all,4.5300000000000002,591,2.2649999999999998e-05,2.2649999999999998e-05,6.0352054022078695e-05
1792,all,4.5300000000000002,592,2.2650000000000002e-05,2.2650000000000002e-05,5.4852996777741458e-05
1793,all,4.5300000000000002,593,2.2650000000000002e-05,2.2650000000000002e-05,6.5460142235531458e-05
1794,all,4.5300000000000002,594,2.2650000000000005e-05,2.2650000000000002e-05,6.6829375881843046e-05
1795,all,4.5300000000000002,595,2.2650000000000008e-05,2.2650000000000002e-05,7.2291833304068966e-05
1796,all,4.5300000000000002,596,2.2650000000000005e-05,2.2650000000000002e-05,6.1388186038191785e-05
1797,all,4.5300000000000002,597,2.2650000000000005e-05,2.2650000000000002e-05,6.6549491767145413e-05
1798,all,4.5300000000000002,598,2.2650000000000005e-05,2.2650000000000002e-05,5.9280345611946466e-05
1799,all,4.5300000000000002,599,2.2650000000000002e-05,2.2650000000000002e-05,5.8108054803498294e-05
1800,all,4.5300000000000002,600,2.2649999999999998e-05,2.2649999999999998e-05,6.2044630809496222e-05
1801,all,6.4000000000000004,1,3.2000000000000005e-05,3.2000000000000012e-05,7.9493008859903513e-05
1802,all,6.4000000000000004,2,3.2000000000000005e-05,3.2000000000000005e-05,9.3099629053733566e-05
1803,all,6.4000000000000004,3,3.2000000000000005e-05,3.1999999999999999e-05,8.3422354099349616e-05
1804,all,6.4000000000000004,4,3.2000000000000012e-05,3.2000000000000005e-05,8.2652596722524062e-05
1805,all,6.4000000000000004,5,3.1999999999999999e-05,3.2000000000000005e-05,7.9392846758931637e-05
1806,all,6.4000000000000004,6,3.2000000000000005e-05,3.2000000000000012e-05,8.8470307190884951e-05
1807,all,6.4000000000000004,7,3.1999999999999999e-05,3.1999999999999999e-05,9.4338233862361405e-05
1808,all,6.4000000000000004,8,3.2000000000000005e-05,3.2000000000000005e-05,9.3576166137118128e-05
1809,all,6.4000000000000004,9,3.1999999999999999e-05,3.1999999999999999e-05,8.3184405249046284e-05
1810,all,6.4000000000000004,10,3.2000000000000012e-05,3.2000000000000005e-05,9.0257941481564001e-05
1811,all,6.4000000000000004,11,3.2000000000000005e-05,3.1999999999999999e-05,7.9636517684292198e-05
1812,all,6.4000000000000004,12,3.2000000000000005e-05,3.2000000000000005e-05,0.0001140421400588861
1813,all,6.4000000000000004,13,3.1999999999999999e-05,3.2000000000000005e-05,9.0408668391867413e-05
1814,all,6.4000000000000004,14,3.2000000000000012e-05,3.2000000000000012e-05,0.00010207186581851978
1815,all,6.4000000000000004,15,3.2000000000000005e-05,3.2000000000000012e-05,6.9847384572940656e-05
1816,all,6.4000000000000004,16,3.2000000000000005e-05,3.2000000000000005e-05,9.6201987382279775e-05
1817,all,6.4000000000000004,17,3.2000000000000005e-05,3.2000000000000005e-05,7.9089784303635832e-05
1818,all,6.4000000000000004,18,3.2000000000000005e-05,3.2000000000000005e-05,9.6142326416474744e-05
1819,all,6.4000000000000004,19,3.1999999999999999e-05,3.2000000000000005e-05,7.8481221285955701e-05
1820,all,6.4000000000000004,20,3.2000000000000005e-05,3.2000000000000005e-05,8.5261473439858873e-05
1821,all,6.4000000000000004,21,3.2000000000000005e-05,3.2000000000000005e-05,0.00010182926017671973
1822,all,6.4000000000000004,22,3.1999999999999999e-05,3.2000000000000005e-05,0.00010508965314602221
1823,all,6.4000000000000004,23,3.2000000000000005e-05,3.2000000000000005e-05,9.9083499507906378e-05
1824,all,6.4000000000000004,24,3.2000000000000005e-05,3.2000000000000005e-05,9.0509505609985707e-05
1825,all,6.4000000000000004,25,3.2000000000000005e-05,3.2000000000000005e-05,0.00010142851971523563
1826,all,6.4000000000000004,26,3.2000000000000012e-05,3.2000000000000005e-05,0.00011161142287161053
1827,all,6.4000000000000004,27,3.2000000000000005e-05,3.2000000000000005e-05,8.16286318939633e-05
1828,all,6.4000000000000004,28,3.1999999999999999e-05,3.2000000000000005e-05,8.2917984857216646e-05
1829,all,6.4000000000000004,29,3.1999999999999999e-05,3.1999999999999999e-05,9.496665798211092e-05
1830,all,6.4000000000000004,30,3.2000000000000012e-05,3.2000000000000012e-05,8.8816147690796114e-05
1831,all,6.4000000000000004,31,3.1999999999999999e-05,3.2000000000000005e-05,7.3186017528607038e-05
1832,all,6.4000000000000004,32,3.1999999999999999e-05,3.2000000000000005e-05,8.4773048033917714e-05
1833,all,6.4000000000000004,33,3.2000000000000012e-05,3.2000000000000012e-05,7.4433443314952033e-05
1834,all,6.4000000000000004,34,3.1999999999999992e-05,3.1999999999999999e-05,9.6825167323804859e-05
1835,all,6.4000000000000004,35,3.2000000000000012e-05,3.2000000000000005e-05,7.7118614487268987e-05
1836,all,6.4000000000000004,36,3.2000000000000012e-05,3.2000000000000005e-05,0.00010038564913733429
1837,all,6.4000000000000004,37,3.2000000000000005e-05,3.1999999999999999e-05,0.00010143783094565024
1838,all,6.4000000000000004,38,3.2000000000000012e-05,3.2000000000000012e-05,0.00011651904322617482
1839,all,6.4000000000000004,39,3.2000000000000005e-05,3.2000000000000005e-05,7.4881453485391603e-05
1840,all,6.4000000000000004,40,3.2000000000000005e-05,3.2000000000000005e-05,7.2885161359004057e-05
1841,all,6.4000000000000004,41,3.1999999999999999e-05,3.2000000000000005e-05,8.6662963674537648e-05
1842,all,6.4000000000000004,42,3.2000000000000012e-05,3.2000000000000005e-05,9.8982017206774656e-05
1843,all,6.4000000000000004,43,3.2000000000000005e-05,3.2000000000000005e-05,7.347095636007883e-05
1844,all,6.4000000000000004,44,3.2000000000000005e-05,3.1999999999999999e-05,8.9958000572427734e-05
1845,all,6.4000000000000004,45,3.2000000000000012e-05,3.2000000000000005e-05,7.2666556446021163e-05
1846,all,6.4000000000000004,46,3.2000000000000012e-05,3.2000000000000005e-05,0.00010047457288095952
1847,all,6.4000000000000004,47,3.2000000000000005e-05,3.2000000000000005e-05,0.00010941077517580656
1848,all,6.4000000000000004,48,3.2000000000000005e-05,3.2000000000000005e-05,8.1342185549975742e-05
1849,all,6.4000000000000004,49,3.2000000000000005e-05,3.2000000000000005e-05,9.9325126594600757e-05
1850,all,6.4000000000000004,50,3.2000000000000005e-05,3.2000000000000005e-05,8.3615135505093493e-05
1851,all,6.4000000000000004,51,3.1999999999999999e-05,3.2000000000000005e-05,7.0714585667198021e-05
1852,all,6.4000000000000004,52,3.1999999999999999e-05,3.1999999999999999e-05,0.00010156348772079324
1853,all,6.4000000000000004,53,3.2000000000000012e-05,3.2000000000000005e-05,9.080063257673642e-05
1854,all,6.4000000000000004,54,3.2000000000000005e-05,3.2000000000000005e-05,8.6614062254666938e-05
1855,all,6.4000000000000004,55,3.1999999999999999e-05,3.2000000000000005e-05,9.7984998330702655e-05
1856,all,6.4000000000000004,56,3.1999999999999999e-05,3.2000000000000005e-05,9.0290551278937218e-05
1857,all,6.4000000000000004,57,3.1999999999999999e-05,3.2000000000000005e-05,8.2935499847287751e-05
1858,all,6.4000000000000004,58,3.2000000000000019e-05,3.2000000000000005e-05,8.5197414878335494e-05
1859,all,6.4000000000000004,59,3.2000000000000012e-05,3.2000000000000005e-05,7.5455972114564683e-05
1860,all,6.4000000000000004,60,3.2000000000000012e-05,3.2000000000000012e-05,0.00011674155322013649
1861,all,6.4000000000000004,61,3.2000000000000005e-05,3.2000000000000005e-05,0.00010623985585946768
1862,all,6.4000000000000004,62,3.2000000000000019e-05,3.2000000000000012e-05,0.00011203766547746552
1863,all,6.4000000000000004,63,3.2000000000000012e-05,3.2000000000000005e-05,7.9335559662519465e-05
1864,all,6.4000000000000004,64,3.2000000000000005e-05,3.2000000000000012e-05,6.6912743282610725e-05
1865,all,6.4000000000000004,65,3.1999999999999999e-05,3.2000000000000005e-05,0.00010941219509693445
1866,all,6.4000000000000004,66,3.2000000000000005e-05,3.2000000000000012e-05,8.2551515294299543e-05
1867,all,6.4000000000000004,67,3.2000000000000005e-05,3.2000000000000012e-05,8.4121004636914865e-05
1868,all,6.4000000000000004,68,3.2000000000000012e-05,3.2000000000000005e-05,8.5946528980064443e-05
1869,all,6.4000000000000004,69,3.2000000000000012e-05,3.2000000000000005e-05,9.0219840354666684e-05
1870,all,6.4000000000000004,70,3.2000000000000005e-05,3.2000000000000012e-05,9.1440009423764753e-05
1871,all,6.4000000000000004,71,3.2000000000000005e-05,3.2000000000000005e-05,8.1384838664362816e-05
1872,all,6.4000000000000004,72,3.2000000000000005e-05,3.2000000000000005e-05,8.6794345081354641e-05
1873,all,6.4000000000000004,73,3.1999999999999999e-05,3.2000000000000005e-05,8.2239539795871044e-05
1874,all,6.4000000000000004,74,3.1999999999999992e-05,3.1999999999999999e-05,8.3088963571955544e-05
1875,all,6.4000000000000004,75,3.2000000000000012e-05,3.2000000000000005e-05,9.7735394036248751e-05
1876,all,6.4000000000000004,76,3.2000000000000012e-05,3.1999999999999999e-05,9.9954519168714569e-05
1877,all,6.4000000000000004,77,3.2000000000000005e-05,3.2000000000000005e-05,7.4722125862587815e-05
1878,all,6.4000000000000004,78,3.2000000000000012e-05,3.2000000000000012e-05,8.7480418414551253e-05
1879,all,6.4000000000000004,79,3.2000000000000012e-05,3.2000000000000005e-05,8.7706454181040694e-05
1880,all,6.4000000000000004,80,3.2000000000000005e-05,3.2000000000000005e-05,7.6647159901090036e-05
1881,all,6.4000000000000004,81,3.2000000000000005e-05,3.2000000000000005e-05,0.00010537696298525686
1882,all,6.4000000000000004,82,3.2000000000000005e-05,3.2000000000000005e-05,8.1547449910060186e-05
1883,all,6.4000000000000004,83,3.2000000000000005e-05,3.2000000000000005e-05,8.7872712507541372e-05
1884,all,6.4000000000000004,84,3.1999999999999999e-05,3.2000000000000005e-05,9.1437462891460133e-05
1885,all,6.4000000000000004,85,3.2000000000000012e-05,3.2000000000000012e-05,0.000100781042209364
1886,all,6.4000000000000004,86,3.2000000000000005e-05,3.2000000000000005e-05,9.5233299111174944e-05
1887,all,6.4000000000000004,87,3.2000000000000012e-05,3.2000000000000005e-05,7.0060244786911827e-05
1888,all,6.4000000000000004,88,3.2000000000000012e-05,3.2000000000000005e-05,9.0877791742576276e-05
1889,all,6.4000000000000004,89,3.1999999999999999e-05,3.2000000000000005e-05,8.4109351968095827e-05
1890,all,6.4000000000000004,90,3.2000000000000005e-05,3.2000000000000012e-05,7.6678812584113441e-05
1891,all,6.4000000000000004,91,3.2000000000000012e-05,3.2000000000000012e-05,7.4928815375633763e-05
1892,all,6.4000000000000004,92,3.2000000000000005e-05,3.2000000000000005e-05,8.5173537876563919e-05
1893,all,6.4000000000000004,93,3.2000000000000005e-05,3.2000000000000005e-05,7.4720288695803431e-05
1894,all,6.4000000000000004,94,3.2000000000000005e-05,3.2000000000000005e-05,9.6515142974378356e-05
1895,all,6.4000000000000004,95,3.2000000000000005e-05,3.2000000000000005e-05,9.0429267406570653e-05
1896,all,6.4000000000000004,96,3.2000000000000012e-05,3.2000000000000012e-05,9.6400201656091035e-05
1897,all,6.4000000000000004,97,3.2000000000000005e-05,3.2000000000000005e-05,0.00011252308694610546
1898,all,6.4000000000000004,98,3.1999999999999999e-05,3.2000000000000005e-05,8.2884299131834362e-05
1899,all,6.4000000000000004,99,3.2000000000000005e-05,3.1999999999999999e-05,7.6715092524789439e-05
1900,all,6.4000000000000004,100,3.2000000000000019e-05,3.2000000000000012e-05,8.6789543155349892e-05
1901,all,6.4000000000000004,101,3.2000000000000012e-05,3.2000000000000012e-05,8.1036548321271879e-05
1902,all,6.4000000000000004,102,3.2000000000000005e-05,3.2000000000000005e-05,9.3224643720681672e-05
1903,all,6.4000000000000004,103,3.2000000000000005e-05,3.2000000000000005e-05,0.00010260612940124554
1904,all,6.4000000000000004,104,3.2000000000000005e-05,3.2000000000000005e-05,9.4150207433230665e-05
1905,all,6.4000000000000004,105,3.2000000000000005e-05,3.2000000000000005e-05,8.2587814159439167e-05
1906,all,6.4000000000000004,106,3.1999999999999999e-05,3.2000000000000005e-05,9.1270545898462121e-05
1907,all,6.4000000000000004,107,3.1999999999999999e-05,3.2000000000000005e-05,8.0494275696111034e-05
1908,all,6.4000000000000004,108,3.1999999999999999e-05,3.1999999999999999e-05,8.5808959124678377e-05
1909,all,6.4000000000000004,109,3.2000000000000012e-05,3.2000000000000005e-05,7.266337337036958e-05
1910,all,6.4000000000000004,110,3.2000000000000005e-05,3.2000000000000005e-05,7.717798789026293e-05
1911,all,6.4000000000000004,111,3.2000000000000005e-05,3.2000000000000005e-05,8.0908097280952003e-05
1912,all,6.4000000000000004,112,3.2000000000000005e-05,3.2000000000000005e-05,7.2316439241969745e-05
1913,all,6.4000000000000004,113,3.2000000000000012e-05,3.2000000000000012e-05,8.3311137338474756e-05
1914,all,6.4000000000000004,114,3.2000000000000005e-05,3.2000000000000005e-05,8.0703861421887302e-05
1915,all,6.4000000000000004,115,3.2000000000000005e-05,3.2000000000000005e-05,8.4961214862143907e-05
1916,all,6.4000000000000004,116,3.2000000000000012e-05,3.2000000000000005e-05,8.7299942051649137e-05
1917,all,6.4000000000000004,117,3.1999999999999999e-05,3.1999999999999999e-05,7.5660686979941199e-05
1918,all,6.4000000000000004,118,3.2000000000000005e-05,3.2000000000000005e-05,9.0082387570136109e-05
1919,all,6.4000000000000004,119,3.1999999999999999e-05,3.2000000000000005e-05,8.1410297221969132e-05
1920,all,6.4000000000000004,120,3.1999999999999999e-05,3.1999999999999999e-05,8.3709088237009422e-05
1921,all,6.4000000000000004,121,3.2000000000000005e-05,3.2000000000000005e-05,9.5831398300826604e-05
1922,all,6.4000000000000004,122,3.2000000000000005e-05,3.2000000000000005e-05,8.2049887770379779e-05
1923,all,6.4000000000000004,123,3.2000000000000005e-05,3.2000000000000005e-05,9.6738897923577338e-05
1924,all,6.4000000000000004,124,3.2000000000000012e-05,3.2000000000000005e-05,7.2508781437865036e-05
1925,all,6.4000000000000004,125,3.2000000000000005e-05,3.2000000000000005e-05,7.3247090065006138e-05
1926,all,6.4000000000000004,126,3.2000000000000012e-05,3.2000000000000012e-05,9.0053743361393816e-05
1927,all,6.4000000000000004,127,3.2000000000000012e-05,3.2000000000000005e-05,8.0979236014919642e-05
1928,all,6.4000000000000004,128,3.1999999999999999e-05,3.2000000000000005e-05,8.0860222862118986e-05
1929,all,6.4000000000000004,129,3.2000000000000005e-05,3.2000000000000012e-05,8.1007347465545694e-05
1930,all,6.4000000000000004,130,3.1999999999999999e-05,3.2000000000000005e-05,7.2484670954426112e-05
1931,all,6.4000000000000004,131,3.1999999999999999e-05,3.2000000000000005e-05,9.2843067787857079e-05
1932,all,6.4000000000000004,132,3.2000000000000012e-05,3.2000000000000012e-05,0.00012107426623265368
1933,all,6.4000000000000004,133,3.1999999999999999e-05,3.2000000000000005e-05,0.0001165921054188582
1934,all,6.4000000000000004,134,3.1999999999999999e-05,3.2000000000000005e-05,9.9231273013653662e-05
1935,all,6.4000000000000004,135,3.2000000000000005e-05,3.2000000000000005e-05,8.3432717926562149e-05
1936,all,6.4000000000000004,136,3.1999999999999999e-05,3.2000000000000005e-05,9.6373920197165435e-05
1937,all,6.4000000000000004,137,3.2000000000000012e-05,3.2000000000000005e-05,0.00010021231290196279
1938,all,6.4000000000000004,138,3.2000000000000012e-05,3.2000000000000005e-05,8.1365605858320155e-05
1939,all,6.4000000000000004,139,3.2000000000000019e-05,3.2000000000000005e-05,8.0813215395683142e-05
1940,all,6.4000000000000004,140,3.1999999999999999e-05,3.2000000000000005e-05,8.5067951615787219e-05
1941,all,6.4000000000000004,141,3.2000000000000019e-05,3.2000000000000005e-05,9.5403037068044036e-05
1942,all,6.4000000000000004,142,3.2000000000000012e-05,3.2000000000000012e-05,8.5167503871499788e-05
1943,all,6.4000000000000004,143,3.2000000000000005e-05,3.2000000000000012e-05,8.3558583016064464e-05
1944,all,6.4000000000000004,144,3.2000000000000019e-05,3.2000000000000012e-05,0.00010887320892671503
1945,all,6.4000000000000004,145,3.1999999999999999e-05,3.2000000000000012e-05,7.2836539250013626e-05
1946,all,6.4000000000000004,146,3.2000000000000005e-05,3.2000000000000005e-05,8.0177019504932339e-05
1947,all,6.4000000000000004,147,3.2000000000000012e-05,3.2000000000000012e-05,0.00011719724636204097
1948,all,6.4000000000000004,148,3.2000000000000012e-05,3.2000000000000005e-05,0.00010008516050365876
1949,all,6.4000000000000004,149,3.2000000000000019e-05,3.2000000000000012e-05,9.6488284314261426e-05
1950,all,6.4000000000000004,150,3.2000000000000005e-05,3.2000000000000005e-05,9.4551170449574576e-05
1951,all,6.4000000000000004,151,3.2000000000000005e-05,3.2000000000000005e-05,9.0089708967880752e-05
1952,all,6.4000000000000004,152,3.2000000000000005e-05,3.1999999999999999e-05,8.4318195172878904e-05
1953,all,6.4000000000000004,153,3.2000000000000005e-05,3.2000000000000005e-05,8.2171360429911038e-05
1954,all,6.4000000000000004,154,3.2000000000000012e-05,3.2000000000000005e-05,8.4561862904650084e-05
1955,all,6.4000000000000004,155,3.2000000000000005e-05,3.2000000000000005e-05,8.2584797056359642e-05
1956,all,6.4000000000000004,156,3.2000000000000005e-05,3.2000000000000005e-05,9.387033766727925e-05
1957,all,6.4000000000000004,157,3.2000000000000012e-05,3.2000000000000005e-05,9.5263021409643548e-05
1958,all,6.4000000000000004,158,3.2000000000000005e-05,3.2000000000000005e-05,8.4535040740412538e-05
1959,all,6.4000000000000004,159,3.2000000000000019e-05,3.2000000000000005e-05,7.5579574044355564e-05
1960,all,6.4000000000000004,160,3.2000000000000005e-05,3.2000000000000005e-05,9.1589747137419891e-05
1961,all,6.4000000000000004,161,3.2000000000000012e-05,3.2000000000000012e-05,9.5960117013841158e-05
1962,all,6.4000000000000004,162,3.1999999999999999e-05,3.2000000000000005e-05,7.157508094713809e-05
1963,all,6.4000000000000004,163,3.2000000000000012e-05,3.2000000000000012e-05,8.5077716868455695e-05
1964,all,6.4000000000000004,164,3.1999999999999999e-05,3.2000000000000005e-05,6.7591284517764949e-05
1965,all,6.4000000000000004,165,3.2000000000000012e-05,3.2000000000000005e-05,9.1898269523247884e-05
1966,all,6.4000000000000004,166,3.2000000000000005e-05,3.2000000000000005e-05,8.3562718548961052e-05
1967,all,6.4000000000000004,167,3.2000000000000005e-05,3.1999999999999999e-05,0.00011188871730719537
1968,all,6.4000000000000004,168,3.1999999999999999e-05,3.2000000000000005e-05,7.6326483164047156e-05
1969,all,6.4000000000000004,169,3.2000000000000005e-05,3.1999999999999999e-05,7.8308983724265576e-05
1970,all,6.4000000000000004,170,3.2000000000000005e-05,3.2000000000000005e-05,8.9090297446401415e-05
1971,all,6.4000000000000004,171,3.2000000000000005e-05,3.2000000000000005e-05,8.0766564863809284e-05
1972,all,6.4000000000000004,172,3.2000000000000005e-05,3.2000000000000012e-05,8.0322542838825398e-05
1973,all,6.4000000000000004,173,3.1999999999999992e-05,3.2000000000000005e-05,9.4221536606206197e-05
1974,all,6.4000000000000004,174,3.2000000000000012e-05,3.2000000000000012e-05,9.2643368181565843e-05
1975,all,6.4000000000000004,175,3.2000000000000005e-05,3.1999999999999999e-05,8.4897686074260009e-05
1976,all,6.4000000000000004,176,3.1999999999999999e-05,3.2000000000000005e-05,7.7943210367319968e-05
1977,all,6.4000000000000004,177,3.1999999999999999e-05,3.2000000000000005e-05,9.6196145169013934e-05
1978,all,6.4000000000000004,178,3.2000000000000005e-05,3.2000000000000005e-05,9.279020938091118e-05
1979,all,6.4000000000000004,179,3.2000000000000012e-05,3.2000000000000012e-05,7.4232600003705008e-05
1980,all,6.4000000000000004,180,3.1999999999999992e-05,3.1999999999999999e-05,7.9820606388736063e-05
1981,all,6.4000000000000004,181,3.2000000000000012e-05,3.2000000000000012e-05,7.7009381269597431e-05
1982,all,6.4000000000000004,182,3.2000000000000005e-05,3.2000000000000005e-05,9.2350922597202962e-05
1983,all,6.4000000000000004,183,3.2000000000000005e-05,3.2000000000000012e-05,8.3605536281456752e-05
1984,all,6.4000000000000004,184,3.2000000000000005e-05,3.2000000000000005e-05,8.3086151596653969e-05
1985,all,6.4000000000000004,185,3.1999999999999999e-05,3.2000000000000012e-05,0.00012826712094126392
1986,all,6.4000000000000004,186,3.2000000000000005e-05,3.1999999999999999e-05,8.739221419376611e-05
1987,all,6.4000000000000004,187,3.1999999999999999e-05,3.2000000000000005e-05,0.00010094197639390293
1988,all,6.4000000000000004,188,3.2000000000000012e-05,3.2000000000000012e-05,7.8593457943927839e-05
1989,all,6.4000000000000004,189,3.1999999999999999e-05,3.2000000000000005e-05,7.399461603134308e-05
1990,all,6.4000000000000004,190,3.2000000000000012e-05,3.2000000000000012e-05,0.00011106355710447303
1991,all,6.4000000000000004,191,3.2000000000000012e-05,3.2000000000000005e-05,8.5162226937947013e-05
1992,all,6.4000000000000004,192,3.2000000000000005e-05,3.2000000000000012e-05,7.8110919273107556e-05
1993,all,6.4000000000000004,193,3.2000000000000012e-05,3.2000000000000005e-05,8.8455701491544261e-05
1994,all,6.4000000000000004,194,3.2000000000000005e-05,3.2000000000000005e-05,9.3180115908650908e-05
1995,all,6.4000000000000004,195,3.2000000000000005e-05,3.2000000000000012e-05,8.5739430327327375e-05
1996,all,6.4000000000000004,196,3.2000000000000005e-05,3.2000000000000012e-05,8.4564769145064627e-05
1997,all,6.4000000000000004,197,3.1999999999999999e-05,3.2000000000000012e-05,0.00010105148180840279
1998,all,6.4000000000000004,198,3.2000000000000005e-05,3.2000000000000005e-05,0.00010805949864424593
1999,all,6.4000000000000004,199,3.2000000000000005e-05,3.2000000000000012e-05,8.6141453974156025e-05
2000,all,6.4000000000000004,200,3.2000000000000005e-05,3.2000000000000005e-05,8.7491915979100952e-05
2001,all,6.4000000000000004,201,3.2000000000000005e-05,3.2000000000000005e-05,8.233907450618498e-05
2002,all,6.4000000000000004,202,3.1999999999999999e-05,3.2000000000000005e-05,9.9536927598753373e-05
2003,all,6.4000000000000004,203,3.1999999999999999e-05,3.2000000000000005e-05,8.5875311123261797e-05
2004,all,6.4000000000000004,204,3.2000000000000005e-05,3.2000000000000005e-05,7.736494847358884e-05
2005,all,6.4000000000000004,205,3.2000000000000012e-05,3.2000000000000012e-05,8.6673695001575091e-05
2006,all,6.4000000000000004,206,3.2000000000000012e-05,3.2000000000000005e-05,8.8632011849940558e-05
2007,all,6.4000000000000004,207,3.2000000000000005e-05,3.2000000000000005e-05,8.8075647716652502e-05
2008,all,6.4000000000000004,208,3.2000000000000005e-05,3.2000000000000005e-05,8.7598128209931248e-05
2009,all,6.4000000000000004,209,3.1999999999999999e-05,3.2000000000000005e-05,7.9197572600773187e-05
2010,all,6.4000000000000004,210,3.2000000000000012e-05,3.2000000000000012e-05,8.4163518459549761e-05
2011,all,6.4000000000000004,211,3.2000000000000012e-05,3.2000000000000012e-05,9.3378840732429e-05
2012,all,6.4000000000000004,212,3.2000000000000005e-05,3.2000000000000012e-05,8.7592882692490902e-05
2013,all,6.4000000000000004,213,3.2000000000000005e-05,3.2000000000000005e-05,9.659893132681661e-05
2014,all,6.4000000000000004,214,3.2000000000000005e-05,3.2000000000000005e-05,6.9310770689774083e-05
2015,all,6.4000000000000004,215,3.1999999999999999e-05,3.2000000000000005e-05,8.7542841131553971e-05
2016,all,6.4000000000000004,216,3.2000000000000012e-05,3.2000000000000005e-05,7.6444544678066635e-05
2017,all,6.4000000000000004,217,3.1999999999999999e-05,3.1999999999999999e-05,9.8674402808243423e-05
2018,all,6.4000000000000004,218,3.2000000000000005e-05,3.2000000000000005e-05,8.8967526351794321e-05
2019,all,6.4000000000000004,219,3.2000000000000005e-05,3.2000000000000005e-05,8.4152364366446537e-05
2020,all,6.4000000000000004,220,3.1999999999999999e-05,3.2000000000000005e-05,8.3152565106893035e-05
2021,all,6.4000000000000004,221,3.1999999999999999e-05,3.2000000000000012e-05,8.8342212608305488e-05
2022,all,6.4000000000000004,222,3.2000000000000005e-05,3.2000000000000012e-05,8.2898346351805734e-05
2023,all,6.4000000000000004,223,3.2000000000000005e-05,3.2000000000000005e-05,8.1898330431030839e-05
2024,all,6.4000000000000004,224,3.2000000000000005e-05,3.2000000000000005e-05,9.1288126036082854e-05
2025,all,6.4000000000000004,225,3.2000000000000012e-05,3.2000000000000005e-05,8.7385119853598811e-05
2026,all,6.4000000000000004,226,3.2000000000000005e-05,3.2000000000000005e-05,7.9410339834747095e-05
2027,all,6.4000000000000004,227,3.2000000000000012e-05,3.2000000000000012e-05,8.9858106471143513e-05
2028,all,6.4000000000000004,228,3.1999999999999999e-05,3.2000000000000005e-05,9.4966126743211451e-05
2029,all,6.4000000000000004,229,3.2000000000000012e-05,3.2000000000000012e-05,8.4129686869261508e-05
2030,all,6.4000000000000004,230,3.1999999999999999e-05,3.2000000000000012e-05,8.7289924751334248e-05
2031,all,6.4000000000000004,231,3.2000000000000012e-05,3.2000000000000012e-05,0.00011510554639140599
2032,all,6.4000000000000004,232,3.1999999999999999e-05,3.2000000000000005e-05,0.00011316255792291429
2033,all,6.4000000000000004,233,3.1999999999999999e-05,3.2000000000000005e-05,0.00011221073625405785
2034,all,6.4000000000000004,234,3.2000000000000019e-05,3.2000000000000012e-05,7.8867951031749502e-05
2035,all,6.4000000000000004,235,3.2000000000000005e-05,3.2000000000000012e-05,8.6990462271584936e-05
2036,all,6.4000000000000004,236,3.2000000000000005e-05,3.2000000000000012e-05,7.6673469878051821e-05
2037,all,6.4000000000000004,237,3.2000000000000005e-05,3.2000000000000005e-05,9.1950289692357233e-05
2038,all,6.4000000000000004,238,3.2000000000000019e-05,3.2000000000000012e-05,9.5269035713108969e-05
2039,all,6.4000000000000004,239,3.2000000000000019e-05,3.2000000000000005e-05,7.2922805787429244e-05
2040,all,6.4000000000000004,240,3.2000000000000012e-05,3.2000000000000012e-05,0.00010137813850225058
2041,all,6.4000000000000004,241,3.2000000000000012e-05,3.1999999999999999e-05,0.0001014271636267211
2042,all,6.4000000000000004,242,3.1999999999999999e-05,3.2000000000000005e-05,9.8553078077864313e-05
2043,all,6.4000000000000004,243,3.1999999999999999e-05,3.2000000000000005e-05,0.00010833561067434108
2044,all,6.4000000000000004,244,3.2000000000000005e-05,3.2000000000000005e-05,0.00011192428866253353
2045,all,6.4000000000000004,245,3.2000000000000005e-05,3.1999999999999999e-05,0.00010407106086671259
2046,all,6.4000000000000004,246,3.2000000000000005e-05,3.2000000000000005e-05,7.734206091400769e-05
2047,all,6.4000000000000004,247,3.2000000000000012e-05,3.2000000000000005e-05,0.00012574499239894219
2048,all,6.4000000000000004,248,3.2000000000000012e-05,3.2000000000000012e-05,7.0229790724166043e-05
2049,all,6.4000000000000004,249,3.1999999999999999e-05,3.1999999999999999e-05,9.6555172424055759e-05
2050,all,6.4000000000000004,250,3.2000000000000005e-05,3.2000000000000005e-05,9.3682392854825631e-05
2051,all,6.4000000000000004,251,3.2000000000000012e-05,3.2000000000000005e-05,7.706354924012005e-05
2052,all,6.4000000000000004,252,3.2000000000000012e-05,3.2000000000000005e-05,8.1517377485246551e-05
2053,all,6.4000000000000004,253,3.2000000000000012e-05,3.2000000000000005e-05,8.1982213869054453e-05
2054,all,6.4000000000000004,254,3.2000000000000005e-05,3.2000000000000005e-05,7.741472375961138e-05
2055,all,6.4000000000000004,255,3.1999999999999999e-05,3.2000000000000005e-05,8.2899090715560355e-05
2056,all,6.4000000000000004,256,3.1999999999999999e-05,3.2000000000000005e-05,7.708788410205978e-05
2057,all,6.4000000000000004,257,3.2000000000000005e-05,3.2000000000000005e-05,9.5114414287538545e-05
2058,all,6.4000000000000004,258,3.1999999999999992e-05,3.2000000000000005e-05,8.1813588459375491e-05
2059,all,6.4000000000000004,259,3.2000000000000005e-05,3.2000000000000005e-05,7.2243135229284889e-05
2060,all,6.4000000000000004,260,3.1999999999999999e-05,3.1999999999999999e-05,0.00010271265676701809
2061,all,6.4000000000000004,261,3.2000000000000012e-05,3.2000000000000005e-05,9.3996268283531457e-05
2062,all,6.4000000000000004,262,3.2000000000000005e-05,3.2000000000000005e-05,7.701176281770089e-05
2063,all,6.4000000000000004,263,3.2000000000000012e-05,3.2000000000000005e-05,7.8510529056990253e-05
2064,all,6.4000000000000004,264,3.1999999999999999e-05,3.2000000000000005e-05,0.00010007296576766679
2065,all,6.4000000000000004,265,3.2000000000000012e-05,3.2000000000000012e-05,8.126261389404398e-05
2066,all,6.4000000000000004,266,3.2000000000000005e-05,3.2000000000000005e-05,8.4563733590527757e-05
2067,all,6.4000000000000004,267,3.1999999999999999e-05,3.2000000000000005e-05,7.114590912319026e-05
2068,all,6.4000000000000004,268,3.2000000000000005e-05,3.2000000000000005e-05,8.3250908444882746e-05
2069,all,6.4000000000000004,269,3.2000000000000005e-05,3.2000000000000005e-05,8.7773757977036945e-05
2070,all,6.4000000000000004,270,3.1999999999999999e-05,3.2000000000000005e-05,0.00010409355297399278
2071,all,6.4000000000000004,271,3.2000000000000005e-05,3.2000000000000005e-05,8.0718378027244729e-05
2072,all,6.4000000000000004,272,3.2000000000000005e-05,3.2000000000000005e-05,0.0001097158237190147
2073,all,6.4000000000000004,273,3.2000000000000012e-05,3.2000000000000005e-05,9.8798684808465819e-05
2074,all,6.4000000000000004,274,3.2000000000000005e-05,3.2000000000000005e-05,9.5667658203203235e-05
2075,all,6.4000000000000004,275,3.2000000000000005e-05,3.2000000000000005e-05,8.7755368705343359e-05
2076,all,6.4000000000000004,276,3.2000000000000005e-05,3.1999999999999999e-05,9.6379528184456872e-05
2077,all,6.4000000000000004,277,3.2000000000000005e-05,3.2000000000000005e-05,9.5443529501907504e-05
2078,all,6.4000000000000004,278,3.2000000000000005e-05,3.2000000000000005e-05,8.0822139087253833e-05
2079,all,6.4000000000000004,279,3.2000000000000005e-05,3.2000000000000005e-05,0.00010359416912522996
2080,all,6.4000000000000004,280,3.2000000000000005e-05,3.2000000000000005e-05,8.7289978807679979e-05
2081,all,6.4000000000000004,281,3.1999999999999999e-05,3.2000000000000005e-05,8.3513996156011396e-05
2082,all,6.4000000000000004,282,3.2000000000000019e-05,3.2000000000000012e-05,9.3273381136699037e-05
2083,all,6.4000000000000004,283,3.2000000000000005e-05,3.1999999999999999e-05,8.9381600205382835e-05
2084,all,6.4000000000000004,284,3.2000000000000019e-05,3.2000000000000012e-05,0.0001016860998754439
2085,all,6.4000000000000004,285,3.2000000000000012e-05,3.2000000000000005e-05,7.6883882998361687e-05
2086,all,6.4000000000000004,286,3.2000000000000012e-05,3.2000000000000005e-05,7.6451729928021092e-05
2087,all,6.4000000000000004,287,3.2000000000000012e-05,3.2000000000000005e-05,7.6455051955336991e-05
2088,all,6.4000000000000004,288,3.2000000000000012e-05,3.2000000000000005e-05,8.0345093931553363e-05
2089,all,6.4000000000000004,289,3.2000000000000012e-05,3.2000000000000005e-05,8.1123726360366347e-05
2090,all,6.4000000000000004,290,3.2000000000000005e-05,3.2000000000000012e-05,9.0747690280680276e-05
2091,all,6.4000000000000004,291,3.2000000000000005e-05,3.2000000000000005e-05,9.7271181385919791e-05
2092,all,6.4000000000000004,292,3.1999999999999999e-05,3.2000000000000005e-05,7.9038463316844361e-05
2093,all,6.4000000000000004,293,3.2000000000000005e-05,3.2000000000000005e-05,7.4734486932418465e-05
2094,all,6.4000000000000004,294,3.1999999999999999e-05,3.2000000000000005e-05,7.6194395184919412e-05
2095,all,6.4000000000000004,295,3.2000000000000005e-05,3.2000000000000005e-05,8.6945065984421474e-05
2096,all,6.4000000000000004,296,3.2000000000000005e-05,3.2000000000000005e-05,9.1592444481831739e-05
2097,all,6.4000000000000004,297,3.1999999999999999e-05,3.1999999999999999e-05,9.595098346993929e-05
2098,all,6.4000000000000004,298,3.2000000000000019e-05,3.2000000000000012e-05,9.5251944584516616e-05
2099,all,6.4000000000000004,299,3.2000000000000005e-05,3.2000000000000005e-05,7.5161424907353708e-05
2100,all,6.4000000000000004,300,3.2000000000000005e-05,3.2000000000000005e-05,0.00013430853298111522
2101,all,6.4000000000000004,301,3.2000000000000012e-05,3.2000000000000012e-05,7.9655842366940912e-05
2102,all,6.4000000000000004,302,3.1999999999999999e-05,3.2000000000000005e-05,9.4063573613572166e-05
2103,all,6.4000000000000004,303,3.1999999999999999e-05,3.2000000000000005e-05,7.9442716165182837e-05
2104,all,6.4000000000000004,304,3.1999999999999999e-05,3.1999999999999999e-05,8.7477824158760934e-05
2105,all,6.4000000000000004,305,3.2000000000000005e-05,3.2000000000000005e-05,7.9392280972262439e-05
2106,all,6.4000000000000004,306,3.2000000000000005e-05,3.2000000000000005e-05,8.796286996676598e-05
2107,all,6.4000000000000004,307,3.2000000000000012e-05,3.2000000000000012e-05,7.9119309510366161e-05
2108,all,6.4000000000000004,308,3.2000000000000005e-05,3.2000000000000005e-05,9.5968735856802683e-05
2109,all,6.4000000000000004,309,3.2000000000000005e-05,3.2000000000000005e-05,9.6303395268970904e-05
2110,all,6.4000000000000004,310,3.2000000000000012e-05,3.2000000000000005e-05,0.00011398551649122947
2111,all,6.4000000000000004,311,3.2000000000000005e-05,3.1999999999999999e-05,9.0539646722984053e-05
2112,all,6.4000000000000004,312,3.2000000000000005e-05,3.2000000000000005e-05,7.2663926310347917e-05
2113,all,6.4000000000000004,313,3.2000000000000005e-05,3.2000000000000005e-05,8.6849695024523307e-05
2114,all,6.4000000000000004,314,3.1999999999999999e-05,3.1999999999999999e-05,9.6796311563247857e-05
2115,all,6.4000000000000004,315,3.2000000000000005e-05,3.2000000000000005e-05,7.7810968305690826e-05
2116,all,6.4000000000000004,316,3.1999999999999999e-05,3.2000000000000005e-05,8.0730174258651408e-05
2117,all,6.4000000000000004,317,3.2000000000000012e-05,3.2000000000000012e-05,8.194005742463367e-05
2118,all,6.4000000000000004,318,3.2000000000000005e-05,3.1999999999999999e-05,8.7562888865415922e-05
2119,all,6.4000000000000004,319,3.1999999999999999e-05,3.2000000000000012e-05,8.7425621441953666e-05
2120,all,6.4000000000000004,320,3.2000000000000005e-05,3.2000000000000005e-05,0.00011637780065234774
2121,all,6.4000000000000004,321,3.2000000000000012e-05,3.2000000000000005e-05,8.4906741048299875e-05
2122,all,6.4000000000000004,322,3.2000000000000012e-05,3.2000000000000005e-05,7.8908279386461703e-05
2123,all,6.4000000000000004,323,3.2000000000000005e-05,3.2000000000000005e-05,7.7504830090536301e-05
2124,all,6.4000000000000004,324,3.2000000000000005e-05,3.2000000000000005e-05,0.00010204148206026419
2125,all,6.4000000000000004,325,3.1999999999999999e-05,3.2000000000000005e-05,8.1224869472603718e-05
2126,all,6.4000000000000004,326,3.2000000000000005e-05,3.2000000000000005e-05,7.5689389365402184e-05
2127,all,6.4000000000000004,327,3.2000000000000005e-05,3.2000000000000005e-05,8.0813495785978271e-05
2128,all,6.4000000000000004,328,3.2000000000000005e-05,3.2000000000000012e-05,9.921109444758339e-05
2129,all,6.4000000000000004,329,3.2000000000000005e-05,3.2000000000000005e-05,8.8617167129400728e-05
2130,all,6.4000000000000004,330,3.2000000000000012e-05,3.2000000000000005e-05,0.00011015917891416465
2131,all,6.4000000000000004,331,3.2000000000000005e-05,3.2000000000000005e-05,9.2966497222341727e-05
2132,all,6.4000000000000004,332,3.2000000000000012e-05,3.2000000000000012e-05,0.00010351877399307492
2133,all,6.4000000000000004,333,3.2000000000000005e-05,3.2000000000000005e-05,0.00010567814576120604
2134,all,6.4000000000000004,334,3.2000000000000005e-05,3.2000000000000005e-05,7.4976561064841866e-05
2135,all,6.4000000000000004,335,3.2000000000000005e-05,3.2000000000000005e-05,8.897093802038131e-05
2136,all,6.4000000000000004,336,3.2000000000000005e-05,3.2000000000000005e-05,0.00010951351724504551
2137,all,6.4000000000000004,337,3.2000000000000012e-05,3.2000000000000012e-05,6.718179001416748e-05
2138,all,6.4000000000000004,338,3.2000000000000005e-05,3.2000000000000012e-05,9.2648902524872868e-05
2139,all,6.4000000000000004,339,3.2000000000000012e-05,3.2000000000000012e-05,8.3832687699073353e-05
2140,all,6.4000000000000004,340,3.2000000000000012e-05,3.2000000000000005e-05,6.7766954802821023e-05
2141,all,6.4000000000000004,341,3.1999999999999999e-05,3.2000000000000005e-05,8.3426603094464502e-05
2142,all,6.4000000000000004,342,3.2000000000000019e-05,3.2000000000000012e-05,7.3186940793058895e-05
2143,all,6.4000000000000004,343,3.2000000000000005e-05,3.1999999999999999e-05,9.2128010201660395e-05
2144,all,6.4000000000000004,344,3.2000000000000005e-05,3.2000000000000005e-05,9.648931123301373e-05
2145,all,6.4000000000000004,345,3.2000000000000012e-05,3.2000000000000012e-05,7.6398004495052899e-05
2146,all,6.4000000000000004,346,3.1999999999999999e-05,3.2000000000000012e-05,8.1098287640841269e-05
2147,all,6.4000000000000004,347,3.2000000000000005e-05,3.2000000000000012e-05,9.4502445090556057e-05
2148,all,6.4000000000000004,348,3.2000000000000005e-05,3.2000000000000005e-05,0.00012173613163697763
2149,all,6.4000000000000004,349,3.2000000000000005e-05,3.2000000000000012e-05,8.1410780078434053e-05
2150,all,6.4000000000000004,350,3.2000000000000012e-05,3.2000000000000005e-05,8.6286061113323583e-05
2151,all,6.4000000000000004,351,3.1999999999999999e-05,3.1999999999999999e-05,0.00010513177708614717
2152,all,6.4000000000000004,352,3.1999999999999999e-05,3.2000000000000005e-05,9.1166559882073077e-05
2153,all,6.4000000000000004,353,3.2000000000000005e-05,3.2000000000000005e-05,7.3787058284487673e-05
2154,all,6.4000000000000004,354,3.2000000000000012e-05,3.2000000000000005e-05,7.0692438351219886e-05
2155,all,6.4000000000000004,355,3.2000000000000005e-05,3.2000000000000005e-05,9.7629957827684419e-05
2156,all,6.4000000000000004,356,3.2000000000000012e-05,3.2000000000000012e-05,9.1801352473138917e-05
2157,all,6.4000000000000004,357,3.2000000000000005e-05,3.2000000000000005e-05,8.0634593779400825e-05
2158,all,6.4000000000000004,358,3.1999999999999999e-05,3.2000000000000005e-05,8.7273412026916955e-05
2159,all,6.4000000000000004,359,3.2000000000000012e-05,3.2000000000000005e-05,8.5128351109016863e-05
2160,all,6.4000000000000004,360,3.1999999999999999e-05,3.2000000000000005e-05,7.3405939075839516e-05
2161,all,6.4000000000000004,361,3.2000000000000005e-05,3.2000000000000005e-05,7.0623783584091511e-05
2162,all,6.4000000000000004,362,3.2000000000000012e-05,3.2000000000000005e-05,9.579192772910421e-05
2163,all,6.4000000000000004,363,3.2000000000000012e-05,3.2000000000000005e-05,8.3273971810365687e-05
2164,all,6.4000000000000004,364,3.2000000000000005e-05,3.2000000000000005e-05,9.6160165903295009e-05
2165,all,6.4000000000000004,365,3.1999999999999999e-05,3.2000000000000005e-05,7.5089601972775892e-05
2166,all,6.4000000000000004,366,3.2000000000000012e-05,3.2000000000000012e-05,8.5461966413078429e-05
2167,all,6.4000000000000004,367,3.2000000000000005e-05,3.2000000000000012e-05,8.1416520279844307e-05
2168,all,6.4000000000000004,368,3.2000000000000012e-05,3.2000000000000012e-05,0.00012145943209512234
2169,all,6.4000000000000004,369,3.2000000000000012e-05,3.2000000000000012e-05,9.3982840383300745e-05
2170,all,6.4000000000000004,370,3.2000000000000005e-05,3.2000000000000012e-05,0.00010881895747324712
2171,all,6.4000000000000004,371,3.2000000000000012e-05,3.2000000000000005e-05,8.7359835897813967e-05
2172,all,6.4000000000000004,372,3.1999999999999999e-05,3.1999999999999999e-05,8.7671098736358344e-05
2173,all,6.4000000000000004,373,3.2000000000000005e-05,3.2000000000000005e-05,9.0464857232199186e-05
2174,all,6.4000000000000004,374,3.2000000000000005e-05,3.2000000000000005e-05,9.0942346381916379e-05
2175,all,6.4000000000000004,375,3.2000000000000005e-05,3.2000000000000005e-05,9.8129872422529342e-05
2176,all,6.4000000000000004,376,3.1999999999999999e-05,3.2000000000000005e-05,7.7490637265403592e-05
2177,all,6.4000000000000004,377,3.1999999999999999e-05,3.1999999999999999e-05,7.9935360297757029e-05
2178,all,6.4000000000000004,378,3.2000000000000005e-05,3.2000000000000005e-05,7.5456113411909886e-05
2179,all,6.4000000000000004,379,3.2000000000000005e-05,3.1999999999999999e-05,0.00010595405106970001
2180,all,6.4000000000000004,380,3.2000000000000005e-05,3.1999999999999999e-05,7.5899459526393242e-05
2181,all,6.4000000000000004,381,3.1999999999999999e-05,3.2000000000000005e-05,8.0005539292110335e-05
2182,all,6.4000000000000004,382,3.2000000000000019e-05,3.2000000000000005e-05,9.3026671817331231e-05
2183,all,6.4000000000000004,383,3.2000000000000012e-05,3.2000000000000005e-05,9.0675543167641041e-05
2184,all,6.4000000000000004,384,3.2000000000000005e-05,3.1999999999999999e-05,8.2665388256632975e-05
2185,all,6.4000000000000004,385,3.2000000000000005e-05,3.2000000000000005e-05,9.4903048584462756e-05
2186,all,6.4000000000000004,386,3.2000000000000005e-05,3.2000000000000005e-05,8.3018986878325801e-05
2187,all,6.4000000000000004,387,3.2000000000000005e-05,3.1999999999999999e-05,8.2082991529572753e-05
2188,all,6.4000000000000004,388,3.2000000000000005e-05,3.2000000000000005e-05,9.7899815211051501e-05
2189,all,6.4000000000000004,389,3.2000000000000012e-05,3.2000000000000005e-05,0.00010437551671060431
2190,all,6.4000000000000004,390,3.1999999999999999e-05,3.2000000000000005e-05,7.3134844203310388e-05
2191,all,6.4000000000000004,391,3.2000000000000005e-05,3.2000000000000005e-05,9.2051074002721882e-05
2192,all,6.4000000000000004,392,3.2000000000000019e-05,3.1999999999999999e-05,8.4629800892040748e-05
2193,all,6.4000000000000004,393,3.2000000000000012e-05,3.2000000000000005e-05,0.00010909090011557843
2194,all,6.4000000000000004,394,3.2000000000000005e-05,3.1999999999999999e-05,8.9584513399932974e-05
2195,all,6.4000000000000004,395,3.1999999999999999e-05,3.2000000000000005e-05,9.7608019292863251e-05
2196,all,6.4000000000000004,396,3.2000000000000012e-05,3.2000000000000005e-05,7.5656360304740303e-05
2197,all,6.4000000000000004,397,3.2000000000000012e-05,3.2000000000000005e-05,7.8761383978337855e-05
2198,all,6.4000000000000004,398,3.2000000000000005e-05,3.1999999999999999e-05,8.3633798226781227e-05
2199,all,6.4000000000000004,399,3.2000000000000012e-05,3.2000000000000005e-05,9.3426157249564142e-05
2200,all,6.4000000000000004,400,3.2000000000000005e-05,3.2000000000000005e-05,9.5398989319263214e-05
2201,all,6.4000000000000004,401,3.2000000000000005e-05,3.2000000000000005e-05,7.89363177941874e-05
2202,all,6.4000000000000004,402,3.1999999999999999e-05,3.2000000000000005e-05,7.6497390915183995e-05
2203,all,6.4000000000000004,403,3.2000000000000019e-05,3.2000000000000005e-05,8.8956931895637311e-05
2204,all,6.4000000000000004,404,3.2000000000000005e-05,3.2000000000000005e-05,8.2778352334179694e-05
2205,all,6.4000000000000004,405,3.2000000000000012e-05,3.2000000000000012e-05,9.0921876299679608e-05
2206,all,6.4000000000000004,406,3.1999999999999999e-05,3.2000000000000005e-05,0.00011498213423362732
2207,all,6.4000000000000004,407,3.1999999999999999e-05,3.2000000000000005e-05,8.4523202317058482e-05
2208,all,6.4000000000000004,408,3.1999999999999999e-05,3.2000000000000005e-05,8.2927807895676221e-05
2209,all,6.4000000000000004,409,3.1999999999999999e-05,3.2000000000000005e-05,8.9095104724114783e-05
2210,all,6.4000000000000004,410,3.1999999999999999e-05,3.1999999999999999e-05,7.5316004682366293e-05
2211,all,6.4000000000000004,411,3.2000000000000005e-05,3.2000000000000005e-05,0.000122139818596763
2212,all,6.4000000000000004,412,3.1999999999999999e-05,3.1999999999999999e-05,8.6551724360471336e-05
2213,all,6.4000000000000004,413,3.2000000000000012e-05,3.2000000000000012e-05,9.1813094434930494e-05
2214,all,6.4000000000000004,414,3.2000000000000012e-05,3.2000000000000012e-05,9.4304626691327234e-05
2215,all,6.4000000000000004,415,3.2000000000000012e-05,3.2000000000000005e-05,9.9527443810346747e-05
2216,all,6.4000000000000004,416,3.1999999999999999e-05,3.2000000000000005e-05,0.00010148468419820928
2217,all,6.4000000000000004,417,3.1999999999999999e-05,3.2000000000000005e-05,8.1770064224738508e-05
2218,all,6.4000000000000004,418,3.2000000000000012e-05,3.2000000000000005e-05,7.8874673524435176e-05
2219,all,6.4000000000000004,419,3.1999999999999999e-05,3.1999999999999999e-05,0.0001053584346671534
2220,all,6.4000000000000004,420,3.1999999999999999e-05,3.2000000000000005e-05,9.3891575346545809e-05
2221,all,6.4000000000000004,421,3.2000000000000005e-05,3.2000000000000005e-05,0.00010770461770589162
2222,all,6.4000000000000004,422,3.2000000000000005e-05,3.2000000000000005e-05,9.2414617528757418e-05
2223,all,6.4000000000000004,423,3.2000000000000005e-05,3.2000000000000005e-05,7.2811553534973708e-05
2224,all,6.4000000000000004,424,3.2000000000000005e-05,3.2000000000000005e-05,8.6192164547895442e-05
2225,all,6.4000000000000004,425,3.1999999999999999e-05,3.1999999999999999e-05,0.00010335120001737269
2226,all,6.4000000000000004,426,3.2000000000000012e-05,3.2000000000000012e-05,8.1907634880954152e-05
2227,all,6.4000000000000004,427,3.2000000000000005e-05,3.2000000000000005e-05,7.1324466691348649e-05
2228,all,6.4000000000000004,428,3.2000000000000005e-05,3.2000000000000005e-05,0.00010001297247882135
2229,all,6.4000000000000004,429,3.2000000000000012e-05,3.2000000000000005e-05,0.00010196974547768873
2230,all,6.4000000000000004,430,3.1999999999999999e-05,3.2000000000000005e-05,9.8891363317299625e-05
2231,all,6.4000000000000004,431,3.2000000000000012e-05,3.2000000000000012e-05,7.7193048108814205e-05
2232,all,6.4000000000000004,432,3.2000000000000012e-05,3.2000000000000005e-05,9.4092739735386789e-05
2233,all,6.4000000000000004,433,3.1999999999999999e-05,3.2000000000000005e-05,8.9269932537874695e-05
2234,all,6.4000000000000004,434,3.2000000000000012e-05,3.2000000000000005e-05,9.0409363214860133e-05
2235,all,6.4000000000000004,435,3.2000000000000005e-05,3.2000000000000005e-05,8.9745982510097412e-05
2236,all,6.4000000000000004,436,3.2000000000000019e-05,3.2000000000000012e-05,9.9856657824261318e-05
2237,all,6.4000000000000004,437,3.1999999999999999e-05,3.2000000000000005e-05,8.189435769020875e-05
2238,all,6.4000000000000004,438,3.2000000000000005e-05,3.2000000000000005e-05,8.6610768987472494e-05
2239,all,6.4000000000000004,439,3.2000000000000005e-05,3.2000000000000005e-05,7.7905659374479503e-05
2240,all,6.4000000000000004,440,3.2000000000000012e-05,3.2000000000000005e-05,9.4364217924270243e-05
2241,all,6.4000000000000004,441,3.2000000000000005e-05,3.2000000000000005e-05,0.00010399763487742071
2242,all,6.4000000000000004,442,3.2000000000000005e-05,3.2000000000000005e-05,0.00010417657632127786
2243,all,6.4000000000000004,443,3.2000000000000005e-05,3.2000000000000005e-05,8.6735408904121394e-05
2244,all,6.4000000000000004,444,3.2000000000000005e-05,3.2000000000000005e-05,7.9057545140834328e-05
2245,all,6.4000000000000004,445,3.2000000000000005e-05,3.2000000000000005e-05,9.2198505434247882e-05
2246,all,6.4000000000000004,446,3.2000000000000005e-05,3.2000000000000012e-05,8.4423311452977125e-05
2247,all,6.4000000000000004,447,3.2000000000000005e-05,3.2000000000000005e-05,7.5987474364050538e-05
2248,all,6.4000000000000004,448,3.2000000000000005e-05,3.2000000000000005e-05,8.7745402314082948e-05
2249,all,6.4000000000000004,449,3.1999999999999999e-05,3.2000000000000005e-05,0.00010586074721841043
2250,all,6.4000000000000004,450,3.2000000000000012e-05,3.2000000000000005e-05,7.5766072841349508e-05
2251,all,6.4000000000000004,451,3.2000000000000012e-05,3.2000000000000005e-05,8.2282683529680132e-05
2252,all,6.4000000000000004,452,3.2000000000000005e-05,3.2000000000000005e-05,8.6861862891891357e-05
2253,all,6.4000000000000004,453,3.1999999999999999e-05,3.2000000000000005e-05,9.6264036570701801e-05
2254,all,6.4000000000000004,454,3.2000000000000005e-05,3.2000000000000005e-05,7.4733089463925625e-05
2255,all,6.4000000000000004,455,3.2000000000000005e-05,3.2000000000000012e-05,9.7828474766914976e-05
2256,all,6.4000000000000004,456,3.2000000000000019e-05,3.2000000000000012e-05,9.4160275370722406e-05
2257,all,6.4000000000000004,457,3.2000000000000012e-05,3.2000000000000012e-05,8.7508931893114206e-05
2258,all,6.4000000000000004,458,3.2000000000000005e-05,3.2000000000000005e-05,8.3577872704240121e-05
2259,all,6.4000000000000004,459,3.2000000000000012e-05,3.2000000000000005e-05,9.6027015382449757e-05
2260,all,6.4000000000000004,460,3.1999999999999999e-05,3.1999999999999999e-05,9.4494171527574513e-05
2261,all,6.4000000000000004,461,3.2000000000000005e-05,3.2000000000000005e-05,9.4584231092516665e-05
2262,all,6.4000000000000004,462,3.2000000000000005e-05,3.1999999999999999e-05,0.0001120718481835223
2263,all,6.4000000000000004,463,3.2000000000000005e-05,3.2000000000000012e-05,0.00010521373557155788
2264,all,6.4000000000000004,464,3.2000000000000005e-05,3.2000000000000005e-05,8.1380577957435583e-05
2265,all,6.4000000000000004,465,3.2000000000000005e-05,3.2000000000000005e-05,8.6945101738474784e-05
2266,all,6.4000000000000004,466,3.2000000000000005e-05,3.2000000000000012e-05,8.9373785083896818e-05
2267,all,6.4000000000000004,467,3.2000000000000005e-05,3.2000000000000005e-05,0.0001101131681801195
2268,all,6.4000000000000004,468,3.2000000000000005e-05,3.2000000000000005e-05,8.791751649716072e-05
2269,all,6.4000000000000004,469,3.2000000000000005e-05,3.2000000000000005e-05,8.258267981988088e-05
2270,all,6.4000000000000004,470,3.2000000000000026e-05,3.2000000000000012e-05,8.6944476490013475e-05
2271,all,6.4000000000000004,471,3.2000000000000012e-05,3.2000000000000005e-05,9.8009574893703758e-05
2272,all,6.4000000000000004,472,3.1999999999999992e-05,3.1999999999999999e-05,8.4089161585981765e-05
2273,all,6.4000000000000004,473,3.2000000000000005e-05,3.2000000000000005e-05,8.1236388777197304e-05
2274,all,6.4000000000000004,474,3.2000000000000019e-05,3.2000000000000012e-05,8.9411583130006022e-05
2275,all,6.4000000000000004,475,3.2000000000000012e-05,3.2000000000000005e-05,8.5905148030918983e-05
2276,all,6.4000000000000004,476,3.2000000000000005e-05,3.2000000000000012e-05,7.8615070958982402e-05
2277,all,6.4000000000000004,477,3.2000000000000005e-05,3.2000000000000005e-05,9.4411908328174179e-05
2278,all,6.4000000000000004,478,3.2000000000000012e-05,3.2000000000000012e-05,7.9441156284780988e-05
2279,all,6.4000000000000004,479,3.1999999999999999e-05,3.1999999999999999e-05,7.5562214657077872e-05
2280,all,6.4000000000000004,480,3.2000000000000005e-05,3.2000000000000005e-05,0.00010706784858582643
2281,all,6.4000000000000004,481,3.1999999999999999e-05,3.1999999999999999e-05,8.2110568475966006e-05
2282,all,6.4000000000000004,482,3.2000000000000005e-05,3.2000000000000012e-05,0.00010949214070980239
2283,all,6.4000000000000004,483,3.2000000000000005e-05,3.2000000000000005e-05,8.787784487731462e-05
2284,all,6.4000000000000004,484,3.2000000000000005e-05,3.2000000000000005e-05,8.7593426838440488e-05
2285,all,6.4000000000000004,485,3.2000000000000005e-05,3.1999999999999999e-05,8.5386011080762391e-05
2286,all,6.4000000000000004,486,3.2000000000000005e-05,3.2000000000000012e-05,9.3554625002306181e-05
2287,all,6.4000000000000004,487,3.2000000000000012e-05,3.2000000000000005e-05,8.8303715864911645e-05
2288,all,6.4000000000000004,488,3.1999999999999999e-05,3.2000000000000005e-05,0.00010081279014586883
2289,all,6.4000000000000004,489,3.2000000000000005e-05,3.2000000000000005e-05,7.8394032321250773e-05
2290,all,6.4000000000000004,490,3.2000000000000005e-05,3.2000000000000005e-05,7.4108481828309187e-05
2291,all,6.4000000000000004,491,3.2000000000000005e-05,3.2000000000000012e-05,9.1853581733035457e-05
2292,all,6.4000000000000004,492,3.1999999999999999e-05,3.2000000000000005e-05,7.4834280554930899e-05
2293,all,6.4000000000000004,493,3.2000000000000005e-05,3.2000000000000005e-05,0.00010747821037319149
2294,all,6.4000000000000004,494,3.1999999999999999e-05,3.2000000000000005e-05,8.4794970810778624e-05
2295,all,6.4000000000000004,495,3.2000000000000012e-05,3.2000000000000005e-05,8.590247093997993e-05
2296,all,6.4000000000000004,496,3.2000000000000012e-05,3.2000000000000012e-05,8.7865833931449462e-05
2297,all,6.4000000000000004,497,3.2000000000000005e-05,3.2000000000000005e-05,0.0001029643077553544
2298,all,6.4000000000000004,498,3.1999999999999999e-05,3.1999999999999999e-05,9.1650116750055511e-05
2299,all,6.4000000000000004,499,3.2000000000000005e-05,3.2000000000000012e-05,8.56352119282366e-05
2300,all,6.4000000000000004,500,3.1999999999999999e-05,3.1999999999999999e-05,9.7486907827533885e-05
2301,all,6.4000000000000004,501,3.2000000000000005e-05,3.2000000000000005e-05,9.9294919706530255e-05
2302,all,6.4000000000000004,502,3.2000000000000005e-05,3.2000000000000005e-05,9.7200105086236755e-05
2303,all,6.4000000000000004,503,3.1999999999999999e-05,3.2000000000000005e-05,8.0347130459973087e-05
2304,all,6.4000000000000004,504,3.1999999999999999e-05,3.2000000000000005e-05,8.1334381648981465e-05
2305,all,6.4000000000000004,505,3.1999999999999999e-05,3.2000000000000005e-05,0.00012863948785094264
2306,all,6.4000000000000004,506,3.2000000000000005e-05,3.2000000000000005e-05,9.9743746193267736e-05
2307,all,6.4000000000000004,507,3.2000000000000005e-05,3.2000000000000005e-05,0.00010784264759871723
2308,all,6.4000000000000004,508,3.1999999999999999e-05,3.2000000000000005e-05,7.0311874284748803e-05
2309,all,6.4000000000000004,509,3.2000000000000005e-05,3.2000000000000005e-05,8.221690819768485e-05
2310,all,6.4000000000000004,510,3.2000000000000012e-05,3.2000000000000005e-05,8.5843311031433761e-05
2311,all,6.4000000000000004,511,3.1999999999999999e-05,3.2000000000000005e-05,8.7985844477613399e-05
2312,all,6.4000000000000004,512,3.2000000000000005e-05,3.2000000000000005e-05,0.00010667255170249835
2313,all,6.4000000000000004,513,3.2000000000000005e-05,3.2000000000000005e-05,7.296603218366233e-05
2314,all,6.4000000000000004,514,3.2000000000000005e-05,3.2000000000000005e-05,7.92588102126833e-05
2315,all,6.4000000000000004,515,3.2000000000000012e-05,3.2000000000000005e-05,0.0001090548311941907
2316,all,6.4000000000000004,516,3.2000000000000012e-05,3.2000000000000005e-05,7.2136727812251481e-05
2317,all,6.4000000000000004,517,3.2000000000000005e-05,3.2000000000000005e-05,9.0205260456888771e-05
2318,all,6.4000000000000004,518,3.1999999999999999e-05,3.1999999999999999e-05,7.9492115760467459e-05
2319,all,6.4000000000000004,519,3.2000000000000005e-05,3.2000000000000005e-05,9.2354259695657452e-05
2320,all,6.4000000000000004,520,3.2000000000000005e-05,3.2000000000000005e-05,8.8419927442665521e-05
2321,all,6.4000000000000004,521,3.1999999999999999e-05,3.2000000000000005e-05,8.2226263184751399e-05
2322,all,6.4000000000000004,522,3.2000000000000005e-05,3.2000000000000012e-05,8.843447074497081e-05
2323,all,6.4000000000000004,523,3.2000000000000012e-05,3.2000000000000005e-05,8.5961372679096282e-05
2324,all,6.4000000000000004,524,3.2000000000000005e-05,3.2000000000000005e-05,8.9728427959908849e-05
2325,all,6.4000000000000004,525,3.1999999999999999e-05,3.2000000000000005e-05,7.6997783853121783e-05
2326,all,6.4000000000000004,526,3.1999999999999999e-05,3.1999999999999999e-05,8.6950638852921396e-05
2327,all,6.4000000000000004,527,3.1999999999999999e-05,3.1999999999999999e-05,8.2267920729139216e-05
2328,all,6.4000000000000004,528,3.2000000000000005e-05,3.2000000000000005e-05,8.1228644783845093e-05
2329,all,6.4000000000000004,529,3.2000000000000012e-05,3.1999999999999999e-05,8.3475250133853147e-05
2330,all,6.4000000000000004,530,3.2000000000000012e-05,3.2000000000000005e-05,9.0607426155618574e-05
2331,all,6.4000000000000004,531,3.2000000000000019e-05,3.2000000000000019e-05,8.1907864045985612e-05
2332,all,6.4000000000000004,532,3.2000000000000012e-05,3.2000000000000005e-05,0.00010109659413879316
2333,all,6.4000000000000004,533,3.2000000000000012e-05,3.2000000000000005e-05,7.0551425216912092e-05
2334,all,6.4000000000000004,534,3.2000000000000005e-05,3.2000000000000005e-05,8.7147306074947394e-05
2335,all,6.4000000000000004,535,3.2000000000000005e-05,3.1999999999999999e-05,7.8034266323517336e-05
2336,all,6.4000000000000004,536,3.1999999999999999e-05,3.2000000000000005e-05,8.7570426736415983e-05
2337,all,6.4000000000000004,537,3.2000000000000005e-05,3.2000000000000005e-05,8.4846710266848192e-05
2338,all,6.4000000000000004,538,3.2000000000000005e-05,3.2000000000000005e-05,8.0528408152561891e-05
2339,all,6.4000000000000004,539,3.2000000000000005e-05,3.2000000000000005e-05,8.8749793245038652e-05
2340,all,6.4000000000000004,540,3.1999999999999999e-05,3.2000000000000005e-05,8.9648117644225409e-05
2341,all,6.4000000000000004,541,3.2000000000000005e-05,3.2000000000000005e-05,8.6086620950766814e-05
2342,all,6.4000000000000004,542,3.1999999999999999e-05,3.2000000000000005e-05,9.4544081605783378e-05
2343,all,6.4000000000000004,543,3.1999999999999999e-05,3.2000000000000005e-05,8.3997089288220727e-05
2344,all,6.4000000000000004,544,3.1999999999999999e-05,3.1999999999999999e-05,9.0497501162417715e-05
2345,all,6.4000000000000004,545,3.2000000000000005e-05,3.1999999999999999e-05,8.0921461435291283e-05
2346,all,6.4000000000000004,546,3.2000000000000019e-05,3.2000000000000005e-05,8.603668138303619e-05
2347,all,6.4000000000000004,547,3.1999999999999999e-05,3.2000000000000005e-05,0.00010184243132625536
2348,all,6.4000000000000004,548,3.2000000000000005e-05,3.2000000000000005e-05,0.00010280214690025628
2349,all,6.4000000000000004,549,3.2000000000000005e-05,3.2000000000000005e-05,8.465160612271086e-05
2350,all,6.4000000000000004,550,3.1999999999999999e-05,3.2000000000000005e-05,8.6700256063717044e-05
2351,all,6.4000000000000004,551,3.2000000000000012e-05,3.2000000000000005e-05,0.00010596544606712946
2352,all,6.4000000000000004,552,3.2000000000000012e-05,3.2000000000000005e-05,8.3941296021922742e-05
2353,all,6.4000000000000004,553,3.2000000000000005e-05,3.2000000000000005e-05,7.9125886949758239e-05
2354,all,6.4000000000000004,554,3.2000000000000005e-05,3.2000000000000005e-05,8.0553133188862391e-05
2355,all,6.4000000000000004,555,3.1999999999999999e-05,3.1999999999999999e-05,8.1013981061254023e-05
2356,all,6.4000000000000004,556,3.2000000000000012e-05,3.2000000000000012e-05,8.7462904930331933e-05
2357,all,6.4000000000000004,557,3.2000000000000005e-05,3.2000000000000012e-05,9.4530556911644355e-05
2358,all,6.4000000000000004,558,3.2000000000000005e-05,3.2000000000000005e-05,9.6889078161875532e-05
2359,all,6.4000000000000004,559,3.2000000000000012e-05,3.2000000000000012e-05,9.5381070712514986e-05
2360,all,6.4000000000000004,560,3.2000000000000005e-05,3.2000000000000005e-05,9.7204068464004553e-05
2361,all,6.4000000000000004,561,3.1999999999999992e-05,3.1999999999999999e-05,8.2212413198793559e-05
2362,all,6.4000000000000004,562,3.2000000000000012e-05,3.2000000000000005e-05,7.6277583526868144e-05
2363,all,6.4000000000000004,563,3.2000000000000005e-05,3.2000000000000005e-05,9.7765699779830013e-05
2364,all,6.4000000000000004,564,3.1999999999999999e-05,3.1999999999999999e-05,0.0001022401113116405
2365,all,6.4000000000000004,565,3.2000000000000005e-05,3.2000000000000005e-05,8.7198595952890851e-05
2366,all,6.4000000000000004,566,3.2000000000000005e-05,3.2000000000000005e-05,9.6534406156888132e-05
2367,all,6.4000000000000004,567,3.2000000000000019e-05,3.2000000000000005e-05,0.00010042878463797717
2368,all,6.4000000000000004,568,3.1999999999999999e-05,3.2000000000000005e-05,8.5926825386638963e-05
2369,all,6.4000000000000004,569,3.1999999999999992e-05,3.1999999999999999e-05,8.9920598341201163e-05
2370,all,6.4000000000000004,570,3.2000000000000005e-05,3.2000000000000005e-05,8.5006096578595834e-05
2371,all,6.4000000000000004,571,3.2000000000000019e-05,3.2000000000000005e-05,9.9274824796226528e-05
2372,all,6.4000000000000004,572,3.2000000000000012e-05,3.2000000000000005e-05,0.00012373880200497911
2373,all,6.4000000000000004,573,3.2000000000000012e-05,3.2000000000000005e-05,9.567588401398141e-05
2374,all,6.4000000000000004,574,3.2000000000000012e-05,3.2000000000000005e-05,8.579995353717707e-05
2375,all,6.4000000000000004,575,3.2000000000000005e-05,3.2000000000000005e-05,7.3549586274284433e-05
2376,all,6.4000000000000004,576,3.2000000000000019e-05,3.2000000000000012e-05,7.9779346696515487e-05
2377,all,6.4000000000000004,577,3.2000000000000005e-05,3.2000000000000005e-05,0.00010148849836807122
2378,all,6.4000000000000004,578,3.2000000000000019e-05,3.2000000000000012e-05,0.00010020803635932626
2379,all,6.4000000000000004,579,3.2000000000000005e-05,3.1999999999999999e-05,0.00011404975711186094
2380,all,6.4000000000000004,580,3.1999999999999999e-05,3.1999999999999999e-05,8.5537737309487422e-05
2381,all,6.4000000000000004,581,3.2000000000000005e-05,3.2000000000000005e-05,6.9380383625205011e-05
2382,all,6.4000000000000004,582,3.2000000000000005e-05,3.2000000000000005e-05,0.00011520721736722
2383,all,6.4000000000000004,583,3.1999999999999999e-05,3.2000000000000005e-05,0.00010044017451335383
2384,all,6.4000000000000004,584,3.1999999999999999e-05,3.2000000000000005e-05,0.00011014974024211689
2385,all,6.4000000000000004,585,3.1999999999999999e-05,3.2000000000000005e-05,8.9156640698902418e-05
2386,all,6.4000000000000004,586,3.1999999999999999e-05,3.2000000000000005e-05,7.7141223991692475e-05
2387,all,6.4000000000000004,587,3.2000000000000005e-05,3.2000000000000005e-05,7.640944095825516e-05
2388,all,6.4000000000000004,588,3.2000000000000005e-05,3.2000000000000005e-05,8.5517861075866969e-05
2389,all,6.4000000000000004,589,3.2000000000000005e-05,3.2000000000000005e-05,0.00011333937951731603
2390,all,6.4000000000000004,590,3.2000000000000005e-05,3.2000000000000005e-05,8.4707571917095253e-05
2391,all,6.4000000000000004,591,3.1999999999999999e-05,3.1999999999999999e-05,8.52655950863805e-05
2392,all,6.4000000000000004,592,3.2000000000000012e-05,3.2000000000000012e-05,7.7496507588862114e-05
2393,all,6.4000000000000004,593,3.1999999999999999e-05,3.2000000000000005e-05,9.2482320156159233e-05
2394,all,6.4000000000000004,594,3.2000000000000005e-05,3.2000000000000005e-05,9.441677828781359e-05
2395,all,6.4000000000000004,595,3.2000000000000019e-05,3.2000000000000012e-05,0.00010213415742738223
2396,all,6.4000000000000004,596,3.2000000000000012e-05,3.2000000000000012e-05,8.6729446058372519e-05
2397,all,6.4000000000000004,597,3.2000000000000012e-05,3.2000000000000005e-05,9.4021357022015602e-05
2398,all,6.4000000000000004,598,3.2000000000000012e-05,3.2000000000000012e-05,8.3751481659262122e-05
2399,all,6.4000000000000004,599,3.2000000000000005e-05,3.1999999999999999e-05,8.2095265064545053e-05
2400,all,6.4000000000000004,600,3.1999999999999999e-05,3.1999999999999999e-05,8.7656873549840145e-05
2401,all,9.0500000000000007,1,4.5250000000000016e-05,4.5250000000000016e-05,0.0001124080828409573
2402,all,9.0500000000000007,2,4.5250000000000009e-05,4.5250000000000009e-05,0.00013164869420879513
2403,all,9.0500000000000007,3,4.5250000000000002e-05,4.5250000000000009e-05,0.00011796442259361158
2404,all,9.0500000000000007,4,4.5250000000000022e-05,4.5250000000000009e-05,0.0001168759375529442
2405,all,9.0500000000000007,5,4.5250000000000016e-05,4.5250000000000009e-05,0.00011226644737005177
2406,all,9.0500000000000007,6,4.5250000000000016e-05,4.5250000000000016e-05,0.00012510254376211076
2407,all,9.0500000000000007,7,4.5249999999999995e-05,4.5250000000000002e-05,0.00013340015882099543
2408,all,9.0500000000000007,8,4.5250000000000016e-05,4.5250000000000009e-05,0.00013232254742826861
2409,all,9.0500000000000007,9,4.5250000000000002e-05,4.5250000000000009e-05,0.0001176279480474795
2410,all,9.0500000000000007,10,4.5250000000000016e-05,4.5250000000000016e-05,0.00012763037037627411
2411,all,9.0500000000000007,11,4.5250000000000009e-05,4.5250000000000002e-05,0.00011261101328794444
2412,all,9.0500000000000007,12,4.5250000000000009e-05,4.5250000000000009e-05,0.00016126271367701862
2413,all,9.0500000000000007,13,4.5250000000000022e-05,4.5250000000000016e-05,0.00012784350764787501
2414,all,9.0500000000000007,14,4.5250000000000016e-05,4.5250000000000022e-05,0.00014433599775900063
2415,all,9.0500000000000007,15,4.5250000000000016e-05,4.5250000000000016e-05,9.8768567247673895e-05
2416,all,9.0500000000000007,16,4.5250000000000002e-05,4.5250000000000009e-05,0.00013603562278275498
2417,all,9.0500000000000007,17,4.5249999999999989e-05,4.5250000000000009e-05,0.00011183789811686005
2418,all,9.0500000000000007,18,4.5250000000000009e-05,4.5250000000000016e-05,0.00013595125844829633
2419,all,9.0500000000000007,19,4.5250000000000016e-05,4.5250000000000016e-05,0.00011097735197467173
2420,all,9.0500000000000007,20,4.5250000000000009e-05,4.5250000000000009e-05,0.00012056505228605044
2421,all,9.0500000000000007,21,4.5250000000000016e-05,4.5250000000000002e-05,0.00014399293821864274
2422,all,9.0500000000000007,22,4.5250000000000009e-05,4.5250000000000016e-05,0.00014860333765179704
2423,all,9.0500000000000007,23,4.5249999999999995e-05,4.5250000000000009e-05,0.00014011026102289886
2424,all,9.0500000000000007,24,4.5249999999999995e-05,4.5250000000000009e-05,0.00012798609777662042
2425,all,9.0500000000000007,25,4.5249999999999995e-05,4.5250000000000009e-05,0.00014342626615982537
2426,all,9.0500000000000007,26,4.5250000000000016e-05,4.5250000000000009e-05,0.00015782552765438676
2427,all,9.0500000000000007,27,4.5250000000000016e-05,4.5250000000000016e-05,0.00011542798728755749
2428,all,9.0500000000000007,28,4.5250000000000009e-05,4.5250000000000009e-05,0.00011725121296215792
2429,all,9.0500000000000007,29,4.5250000000000016e-05,4.5250000000000016e-05,0.00013428878980282873
2430,all,9.0500000000000007,30,4.5250000000000016e-05,4.5250000000000016e-05,0.00012559158384401638
2431,all,9.0500000000000007,31,4.5250000000000009e-05,4.5250000000000009e-05,0.0001034896029115459
2432,all,9.0500000000000007,32,4.5250000000000009e-05,4.5250000000000009e-05,0.00011987438823546178
2433,all,9.0500000000000007,33,4.5250000000000022e-05,4.5250000000000016e-05,0.00010525354093754936
2434,all,9.0500000000000007,34,4.5250000000000009e-05,4.5249999999999995e-05,0.00013691683816881783
2435,all,9.0500000000000007,35,4.5250000000000016e-05,4.5250000000000016e-05,0.0001090505407984038
2436,all,9.0500000000000007,36,4.5250000000000009e-05,4.5250000000000016e-05,0.00014195158198326179
2437,all,9.0500000000000007,37,4.5250000000000002e-05,4.5250000000000009e-05,0.00014343943282158357
2438,all,9.0500000000000007,38,4.5250000000000022e-05,4.5250000000000022e-05,0.00016476520956201283
2439,all,9.0500000000000007,39,4.5250000000000016e-05,4.5250000000000009e-05,0.00010588705531918657
2440,all,9.0500000000000007,40,4.5250000000000016e-05,4.5250000000000009e-05,0.00010306417348421667
2441,all,9.0500000000000007,41,4.5250000000000016e-05,4.5250000000000009e-05,0.00012254684707102589
2442,all,9.0500000000000007,42,4.5250000000000009e-05,4.5250000000000009e-05,0.00013996675870645481
2443,all,9.0500000000000007,43,4.5249999999999995e-05,4.5250000000000002e-05,0.00010389252422792397
2444,all,9.0500000000000007,44,4.5249999999999989e-05,4.5249999999999995e-05,0.00012720623518444859
2445,all,9.0500000000000007,45,4.5250000000000002e-05,4.5250000000000009e-05,0.0001027550524744518
2446,all,9.0500000000000007,46,4.5250000000000009e-05,4.5250000000000009e-05,0.00014207732571448181
2447,all,9.0500000000000007,47,4.5249999999999995e-05,4.5250000000000002e-05,0.00015471367427203895
2448,all,9.0500000000000007,48,4.5249999999999995e-05,4.5250000000000009e-05,0.00011502293425426257
2449,all,9.0500000000000007,49,4.5250000000000009e-05,4.5250000000000016e-05,0.00014045193682517764
2450,all,9.0500000000000007,50,4.5250000000000016e-05,4.5250000000000009e-05,0.00011823702755017126
2451,all,9.0500000000000007,51,4.5250000000000009e-05,4.5250000000000009e-05,9.9994843795022208e-05
2452,all,9.0500000000000007,52,4.5250000000000009e-05,4.5250000000000009e-05,0.0001436171193551842
2453,all,9.0500000000000007,53,4.5250000000000016e-05,4.5250000000000016e-05,0.00012839776950304135
2454,all,9.0500000000000007,54,4.5250000000000016e-05,4.5250000000000016e-05,0.00012247769740698997
2455,all,9.0500000000000007,55,4.5250000000000009e-05,4.5250000000000009e-05,0.00013855691170200924
2456,all,9.0500000000000007,56,4.5249999999999995e-05,4.5250000000000002e-05,0.00012767648266787216
2457,all,9.0500000000000007,57,4.5250000000000009e-05,4.5250000000000009e-05,0.00011727598025280535
2458,all,9.0500000000000007,58,4.5250000000000022e-05,4.5250000000000009e-05,0.00012047446947639629
2459,all,9.0500000000000007,59,4.5250000000000009e-05,4.5250000000000016e-05,0.00010669946056825163
2460,all,9.0500000000000007,60,4.5249999999999995e-05,4.5250000000000016e-05,0.00016507985260034926
2461,all,9.0500000000000007,61,4.5250000000000009e-05,4.5250000000000009e-05,0.00015022979617627854
2462,all,9.0500000000000007,62,4.5250000000000022e-05,4.5250000000000016e-05,0.00015842826133922859
2463,all,9.0500000000000007,63,4.5249999999999995e-05,4.5250000000000009e-05,0.00011218543983528145
2464,all,9.0500000000000007,64,4.5250000000000016e-05,4.5250000000000016e-05,9.461880104806674e-05
2465,all,9.0500000000000007,65,4.5250000000000022e-05,4.5250000000000016e-05,0.00015471568212925888
2466,all,9.0500000000000007,66,4.5250000000000009e-05,4.5250000000000009e-05,0.00011673300209584545
2467,all,9.0500000000000007,67,4.5250000000000009e-05,4.5250000000000016e-05,0.00011895235811938743
2468,all,9.0500000000000007,68,4.5250000000000009e-05,4.5250000000000009e-05,0.00012153376363587238
2469,all,9.0500000000000007,69,4.5250000000000002e-05,4.5250000000000009e-05,0.00012757649300152086
2470,all,9.0500000000000007,70,4.5250000000000016e-05,4.5250000000000016e-05,0.00012930188832579233
2471,all,9.0500000000000007,71,4.5250000000000016e-05,4.5250000000000009e-05,0.00011508324842382555
2472,all,9.0500000000000007,72,4.5250000000000022e-05,4.5250000000000016e-05,0.00012273262859160305
2473,all,9.0500000000000007,73,4.5250000000000009e-05,4.5250000000000009e-05,0.00011629184924259889
2474,all,9.0500000000000007,74,4.5250000000000009e-05,4.5250000000000002e-05,0.00011749298755096839
2475,all,9.0500000000000007,75,4.5249999999999995e-05,4.5250000000000016e-05,0.00013820395562938302
2476,all,9.0500000000000007,76,4.5249999999999995e-05,4.5249999999999995e-05,0.00014134193726201045
2477,all,9.0500000000000007,77,4.5249999999999995e-05,4.5249999999999995e-05,0.00010566175610256558
2478,all,9.0500000000000007,78,4.5250000000000009e-05,4.5250000000000009e-05,0.00012370277916432638
2479,all,9.0500000000000007,79,4.5250000000000016e-05,4.5250000000000009e-05,0.00012402240786537786
2480,all,9.0500000000000007,80,4.5250000000000016e-05,4.5250000000000009e-05,0.00010838387454763512
2481,all,9.0500000000000007,81,4.5250000000000009e-05,4.5250000000000016e-05,0.00014900961172133978
2482,all,9.0500000000000007,82,4.5250000000000022e-05,4.5250000000000016e-05,0.00011531319088844448
2483,all,9.0500000000000007,83,4.5250000000000009e-05,4.5250000000000009e-05,0.00012425750753019521
2484,all,9.0500000000000007,84,4.5250000000000016e-05,4.5250000000000016e-05,0.00012929828736995535
2485,all,9.0500000000000007,85,4.5250000000000016e-05,4.5250000000000016e-05,0.00014251069249917878
2486,all,9.0500000000000007,86,4.5249999999999995e-05,4.5250000000000009e-05,0.00013466583702439582
2487,all,9.0500000000000007,87,4.5250000000000002e-05,4.5250000000000016e-05,9.90695648939925e-05
2488,all,9.0500000000000007,88,4.5250000000000009e-05,4.5250000000000016e-05,0.00012850687738598677
2489,all,9.0500000000000007,89,4.5250000000000009e-05,4.5250000000000009e-05,0.0001189358805173855
2490,all,9.0500000000000007,90,4.5250000000000016e-05,4.5250000000000016e-05,0.00010842863341972292
2491,all,9.0500000000000007,91,4.5250000000000022e-05,4.5250000000000022e-05,0.00010595402799210712
2492,all,9.0500000000000007,92,4.5250000000000022e-05,4.5250000000000016e-05,0.00012044070590357867
2493,all,9.0500000000000007,93,4.5250000000000016e-05,4.5250000000000016e-05,0.00010565915823390954
2494,all,9.0500000000000007,94,4.5250000000000002e-05,4.5250000000000002e-05,0.00013647844436220688
2495,all,9.0500000000000007,95,4.5250000000000009e-05,4.5250000000000009e-05,0.00012787263594210381
2496,all,9.0500000000000007,96,4.5250000000000002e-05,4.5250000000000009e-05,0.00013631591015431622
2497,all,9.0500000000000007,97,4.5250000000000016e-05,4.5250000000000009e-05,0.00015911467763472724
2498,all,9.0500000000000007,98,4.5249999999999995e-05,4.5250000000000009e-05,0.00011720357924110954
2499,all,9.0500000000000007,99,4.5250000000000016e-05,4.5250000000000009e-05,0.00010847993552333507
2500,all,9.0500000000000007,100,4.5250000000000016e-05,4.5250000000000009e-05,0.00012272583836811195
2501,all,9.0500000000000007,101,4.5250000000000009e-05,4.5250000000000016e-05,0.00011459074411054851
2502,all,9.0500000000000007,102,4.5250000000000009e-05,4.5250000000000016e-05,0.00013182547276127644
2503,all,9.0500000000000007,103,4.5249999999999995e-05,4.5250000000000002e-05,0.00014509147985644879
2504,all,9.0500000000000007,104,4.5250000000000009e-05,4.5250000000000016e-05,0.00013313427769855274
2505,all,9.0500000000000007,105,4.5250000000000016e-05,4.5250000000000009e-05,0.00011678433095983194
2506,all,9.0500000000000007,106,4.5250000000000002e-05,4.5250000000000002e-05,0.00012906225630954408
2507,all,9.0500000000000007,107,4.5249999999999995e-05,4.5249999999999995e-05,0.00011382393672653201
2508,all,9.0500000000000007,108,4.5250000000000016e-05,4.5250000000000009e-05,0.00012133923126224053
2509,all,9.0500000000000007,109,4.5250000000000002e-05,4.5250000000000009e-05,0.00010275055140653824
2510,all,9.0500000000000007,110,4.5250000000000009e-05,4.5250000000000009e-05,0.00010913449850107492
2511,all,9.0500000000000007,111,4.5250000000000016e-05,4.5250000000000009e-05,0.0001144091063113462
2512,all,9.0500000000000007,112,4.5250000000000016e-05,4.5250000000000016e-05,0.00010225996486559784
2513,all,9.0500000000000007,113,4.5250000000000016e-05,4.5250000000000016e-05,0.00011780715514268695
2514,all,9.0500000000000007,114,4.5250000000000002e-05,4.5250000000000009e-05,0.0001141203040418875
2515,all,9.0500000000000007,115,4.5249999999999995e-05,4.5250000000000009e-05,0.00012014046789100037
2516,all,9.0500000000000007,116,4.5250000000000016e-05,4.5250000000000016e-05,0.00012344757430741011
2517,all,9.0500000000000007,117,4.5250000000000016e-05,4.5250000000000009e-05,0.00010698894018257311
2518,all,9.0500000000000007,118,4.5250000000000002e-05,4.5250000000000009e-05,0.00012738212617339559
2519,all,9.0500000000000007,119,4.5249999999999989e-05,4.5250000000000009e-05,0.00011511924841544073
2520,all,9.0500000000000007,120,4.5250000000000009e-05,4.5250000000000009e-05,0.00011836988258514614
2521,all,9.0500000000000007,121,4.5250000000000009e-05,4.5250000000000016e-05,0.00013551158665976262
2522,all,9.0500000000000007,122,4.5250000000000002e-05,4.5250000000000009e-05,0.00011602366942530266
2523,all,9.0500000000000007,123,4.5250000000000016e-05,4.5250000000000016e-05,0.0001367948478450586
2524,all,9.0500000000000007,124,4.5250000000000016e-05,4.5250000000000016e-05,0.00010253194875198103
2525,all,9.0500000000000007,125,4.5250000000000009e-05,4.5250000000000009e-05,0.00010357596329504773
2526,all,9.0500000000000007,126,4.5250000000000029e-05,4.5250000000000016e-05,0.00012734162147197094
2527,all,9.0500000000000007,127,4.5250000000000002e-05,4.5250000000000009e-05,0.00011450970092734732
2528,all,9.0500000000000007,128,4.5250000000000016e-05,4.5250000000000016e-05,0.00011434140889096514
2529,all,9.0500000000000007,129,4.5250000000000016e-05,4.5250000000000016e-05,0.00011454945227549821
2530,all,9.0500000000000007,130,4.5250000000000009e-05,4.5250000000000016e-05,0.00010249785502149317
2531,all,9.0500000000000007,131,4.5250000000000016e-05,4.5250000000000009e-05,0.00013128590054376665
2532,all,9.0500000000000007,132,4.5250000000000009e-05,4.5250000000000016e-05,0.00017120657959461183
2533,all,9.0500000000000007,133,4.5250000000000009e-05,4.5250000000000002e-05,0.00016486852406885418
2534,all,9.0500000000000007,134,4.5250000000000009e-05,4.5250000000000009e-05,0.00014031922199586963
2535,all,9.0500000000000007,135,4.5250000000000016e-05,4.5250000000000009e-05,0.00011797907769302929
2536,all,9.0500000000000007,136,4.5250000000000002e-05,4.5250000000000009e-05,0.00013627874652880425
2537,all,9.0500000000000007,137,4.5250000000000009e-05,4.5250000000000009e-05,0.00014170647371293177
2538,all,9.0500000000000007,138,4.5250000000000016e-05,4.5250000000000009e-05,0.00011505605203403084
2539,all,9.0500000000000007,139,4.5250000000000016e-05,4.5250000000000016e-05,0.0001142749373954582
2540,all,9.0500000000000007,140,4.5250000000000016e-05,4.5250000000000016e-05,0.00012029140033169912
2541,all,9.0500000000000007,141,4.5250000000000002e-05,4.5250000000000016e-05,0.000134905857104031
2542,all,9.0500000000000007,142,4.5250000000000016e-05,4.5250000000000016e-05,0.00012043217344329268
2543,all,9.0500000000000007,143,4.5250000000000022e-05,4.5250000000000016e-05,0.00011815705879615366
2544,all,9.0500000000000007,144,4.5250000000000016e-05,4.5250000000000016e-05,0.00015395352199793296
2545,all,9.0500000000000007,145,4.5250000000000009e-05,4.5250000000000016e-05,0.0001029954187832224
2546,all,9.0500000000000007,146,4.5249999999999995e-05,4.5250000000000009e-05,0.00011337531664369339
2547,all,9.0500000000000007,147,4.5250000000000016e-05,4.5250000000000016e-05,0.00016572423118382356
2548,all,9.0500000000000007,148,4.5250000000000009e-05,4.5250000000000009e-05,0.00014152667227470498
2549,all,9.0500000000000007,149,4.5250000000000002e-05,4.5250000000000009e-05,0.0001364404645381353
2550,all,9.0500000000000007,150,4.5250000000000009e-05,4.5250000000000009e-05,0.00013370126446385155
2551,all,9.0500000000000007,151,4.5250000000000016e-05,4.5250000000000016e-05,0.00012739247908739388
2552,all,9.0500000000000007,152,4.5250000000000009e-05,4.5250000000000009e-05,0.00011923119786164907
2553,all,9.0500000000000007,153,4.5250000000000009e-05,4.5250000000000009e-05,0.00011619543935792108
2554,all,9.0500000000000007,154,4.5250000000000016e-05,4.5250000000000016e-05,0.00011957575926360676
2555,all,9.0500000000000007,155,4.5250000000000009e-05,4.5249999999999995e-05,0.00011678006458750856
2556,all,9.0500000000000007,156,4.5250000000000016e-05,4.5250000000000016e-05,0.00013273852435763707
2557,all,9.0500000000000007,157,4.5250000000000016e-05,4.5250000000000009e-05,0.00013470786621207407
2558,all,9.0500000000000007,158,4.5249999999999995e-05,4.5250000000000002e-05,0.00011953783104698961
2559,all,9.0500000000000007,159,4.5250000000000009e-05,4.5250000000000009e-05,0.00010687424142209654
2560,all,9.0500000000000007,160,4.5250000000000009e-05,4.5250000000000002e-05,0.00012951362681150783
2561,all,9.0500000000000007,161,4.5250000000000016e-05,4.5250000000000016e-05,0.00013569360296488477
2562,all,9.0500000000000007,162,4.5250000000000002e-05,4.5250000000000009e-05,0.00010121163790181246
2563,all,9.0500000000000007,163,4.5250000000000016e-05,4.5250000000000016e-05,0.00012030520900930064
2564,all,9.0500000000000007,164,4.5250000000000009e-05,4.5250000000000009e-05,9.5578300763401989e-05
2565,all,9.0500000000000007,165,4.5250000000000009e-05,4.5250000000000016e-05,0.00012994989674771769
2566,all,9.0500000000000007,166,4.5250000000000016e-05,4.5250000000000009e-05,0.00011816290669814025
2567,all,9.0500000000000007,167,4.5250000000000016e-05,4.5250000000000009e-05,0.00015821763931720597
2568,all,9.0500000000000007,168,4.5250000000000009e-05,4.5250000000000002e-05,0.00010793041759916044
2569,all,9.0500000000000007,169,4.5250000000000002e-05,4.5250000000000002e-05,0.00011073379729759429
2570,all,9.0500000000000007,170,4.5250000000000002e-05,4.5250000000000009e-05,0.00012597924873280201
2571,all,9.0500000000000007,171,4.5250000000000009e-05,4.5250000000000016e-05,0.0001142089706277303
2572,all,9.0500000000000007,172,4.5250000000000016e-05,4.5250000000000016e-05,0.00011358109573302654
2573,all,9.0500000000000007,173,4.5250000000000016e-05,4.5250000000000016e-05,0.00013323514160721347
2574,all,9.0500000000000007,174,4.5250000000000016e-05,4.5250000000000016e-05,0.00013100351281924546
2575,all,9.0500000000000007,175,4.5250000000000002e-05,4.5250000000000009e-05,0.0001200506342143833
2576,all,9.0500000000000007,176,4.5250000000000009e-05,4.5250000000000009e-05,0.00011021657091003839
2577,all,9.0500000000000007,177,4.5250000000000009e-05,4.5250000000000016e-05,0.00013602736152805878
2578,all,9.0500000000000007,178,4.5249999999999995e-05,4.5250000000000009e-05,0.00013121115545269472
2579,all,9.0500000000000007,179,4.5250000000000022e-05,4.5250000000000016e-05,0.00010496953594273913
2580,all,9.0500000000000007,180,4.5250000000000009e-05,4.5250000000000002e-05,0.00011287132622157209
2581,all,9.0500000000000007,181,4.5250000000000009e-05,4.5250000000000016e-05,0.00010889607820154011
2582,all,9.0500000000000007,182,4.5249999999999995e-05,4.5250000000000009e-05,0.00013058997648510734
2583,all,9.0500000000000007,183,4.5250000000000016e-05,4.5250000000000016e-05,0.00011822345364799745
2584,all,9.0500000000000007,184,4.5250000000000002e-05,4.5250000000000009e-05,0.0001174890112421435
2585,all,9.0500000000000007,185,4.5250000000000009e-05,4.5250000000000002e-05,0.00018137772570600601
2586,all,9.0500000000000007,186,4.5249999999999995e-05,4.5250000000000002e-05,0.00012357805288337238
2587,all,9.0500000000000007,187,4.5250000000000016e-05,4.5250000000000009e-05,0.00014273826349450334
2588,all,9.0500000000000007,188,4.5250000000000016e-05,4.5250000000000016e-05,0.00011113606162383547
2589,all,9.0500000000000007,189,4.5250000000000009e-05,4.5250000000000009e-05,0.00010463301173182108
2590,all,9.0500000000000007,190,4.5249999999999995e-05,4.5250000000000016e-05,0.00015705081121804388
2591,all,9.0500000000000007,191,4.5250000000000016e-05,4.5250000000000016e-05,0.0001204247115294407
2592,all,9.0500000000000007,192,4.5250000000000016e-05,4.5250000000000016e-05,0.00011045372178462866
2593,all,9.0500000000000007,193,4.5250000000000016e-05,4.5250000000000016e-05,0.0001250818903903868
2594,all,9.0500000000000007,194,4.5249999999999995e-05,4.5250000000000009e-05,0.00013176250765207668
2595,all,9.0500000000000007,195,4.5250000000000016e-05,4.5250000000000009e-05,0.00012124091319723636
2596,all,9.0500000000000007,196,4.5250000000000016e-05,4.5250000000000016e-05,0.00011957986886919296
2597,all,9.0500000000000007,197,4.5250000000000016e-05,4.5250000000000016e-05,0.00014289311099469456
2598,all,9.0500000000000007,198,4.5249999999999989e-05,4.5249999999999995e-05,0.00015280288480162902
2599,all,9.0500000000000007,199,4.5250000000000016e-05,4.5250000000000016e-05,0.00012180939976033001
2600,all,9.0500000000000007,200,4.5250000000000009e-05,4.5250000000000009e-05,0.00012371903743919744
2601,all,9.0500000000000007,201,4.5250000000000002e-05,4.5250000000000016e-05,0.0001164325975439022
2602,all,9.0500000000000007,202,4.5250000000000009e-05,4.5250000000000009e-05,0.00014075143668261218
2603,all,9.0500000000000007,203,4.5250000000000002e-05,4.5250000000000009e-05,0.00012143305713523739
2604,all,9.0500000000000007,204,4.5250000000000016e-05,4.5250000000000009e-05,0.00010939887245093422
2605,all,9.0500000000000007,205,4.5250000000000016e-05,4.5250000000000016e-05,0.00012256202183816479
2606,all,9.0500000000000007,206,4.5249999999999995e-05,4.5250000000000002e-05,0.00012533120425655656
2607,all,9.0500000000000007,207,4.5250000000000009e-05,4.5250000000000016e-05,0.00012454447059932893
2608,all,9.0500000000000007,208,4.5249999999999995e-05,4.5250000000000002e-05,0.0001238692281718559
2609,all,9.0500000000000007,209,4.5249999999999995e-05,4.5250000000000009e-05,0.00011199031750578084
2610,all,9.0500000000000007,210,4.5250000000000016e-05,4.5250000000000009e-05,0.00011901247532170709
2611,all,9.0500000000000007,211,4.5250000000000016e-05,4.5250000000000016e-05,0.0001320435169732004
2612,all,9.0500000000000007,212,4.5250000000000029e-05,4.5250000000000016e-05,0.00012386181068235042
2613,all,9.0500000000000007,213,4.5250000000000009e-05,4.5250000000000009e-05,0.00013659692632932662
2614,all,9.0500000000000007,214,4.5250000000000016e-05,4.5250000000000009e-05,9.8009761678508666e-05
2615,all,9.0500000000000007,215,4.5249999999999995e-05,4.5250000000000009e-05,0.00012379104878758803
2616,all,9.0500000000000007,216,4.5250000000000022e-05,4.5250000000000016e-05,0.0001080973639588286
2617,all,9.0500000000000007,217,4.5250000000000009e-05,4.5250000000000009e-05,0.00013953177272103172
2618,all,9.0500000000000007,218,4.5250000000000009e-05,4.5250000000000009e-05,0.00012580564273183416
2619,all,9.0500000000000007,219,4.5250000000000009e-05,4.5250000000000002e-05,0.00011899670273692831
2620,all,9.0500000000000007,220,4.5249999999999995e-05,4.5250000000000009e-05,0.00011758292409646593
2621,all,9.0500000000000007,221,4.5250000000000016e-05,4.5250000000000016e-05,0.00012492141001643197
2622,all,9.0500000000000007,222,4.5250000000000016e-05,4.5250000000000016e-05,0.00011722344288810028
2623,all,9.0500000000000007,223,4.5250000000000002e-05,4.5250000000000009e-05,0.00011580935787512956
2624,all,9.0500000000000007,224,4.5250000000000022e-05,4.5250000000000009e-05,0.00012908711572289842
2625,all,9.0500000000000007,225,4.5250000000000009e-05,4.5250000000000009e-05,0.00012356802104297957
2626,all,9.0500000000000007,226,4.5250000000000009e-05,4.5250000000000009e-05,0.00011229118367257206
2627,all,9.0500000000000007,227,4.5250000000000029e-05,4.5250000000000016e-05,0.00012706497868185138
2628,all,9.0500000000000007,228,4.5250000000000016e-05,4.5250000000000009e-05,0.00013428803859782243
2629,all,9.0500000000000007,229,4.5250000000000002e-05,4.5250000000000016e-05,0.00011896463533856511
2630,all,9.0500000000000007,230,4.5250000000000016e-05,4.5250000000000016e-05,0.00012343340921868359
2631,all,9.0500000000000007,231,4.5250000000000016e-05,4.5250000000000009e-05,0.00016276643669409753
2632,all,9.0500000000000007,232,4.5250000000000002e-05,4.5250000000000009e-05,0.00016001892956287098
2633,all,9.0500000000000007,233,4.5250000000000009e-05,4.5250000000000016e-05,0.00015867299423425368
2634,all,9.0500000000000007,234,4.5250000000000016e-05,4.5250000000000016e-05,0.00011152421200583328
2635,all,9.0500000000000007,235,4.5250000000000009e-05,4.5250000000000009e-05,0.00012300995055591308
2636,all,9.0500000000000007,236,4.5250000000000016e-05,4.5250000000000009e-05,0.00010842107849943265
2637,all,9.0500000000000007,237,4.5250000000000002e-05,4.5250000000000016e-05,0.0001300234565180989
2638,all,9.0500000000000007,238,4.5250000000000016e-05,4.5250000000000016e-05,0.00013471637081306816
2639,all,9.0500000000000007,239,4.5250000000000016e-05,4.5250000000000016e-05,0.00010311740505878666
2640,all,9.0500000000000007,240,4.5250000000000022e-05,4.5250000000000022e-05,0.00014335502397583871
2641,all,9.0500000000000007,241,4.5250000000000002e-05,4.5250000000000009e-05,0.00014342434856591031
2642,all,9.0500000000000007,242,4.5250000000000009e-05,4.5250000000000009e-05,0.00013936021196948002
2643,all,9.0500000000000007,243,4.5250000000000009e-05,4.5250000000000002e-05,0.00015319332446918542
2644,all,9.0500000000000007,244,4.5249999999999995e-05,4.5250000000000009e-05,0.00015826793943686383
2645,all,9.0500000000000007,245,4.5249999999999995e-05,4.5250000000000002e-05,0.00014716298450683578
2646,all,9.0500000000000007,246,4.5250000000000009e-05,4.5250000000000009e-05,0.000109366508011214
2647,all,9.0500000000000007,247,4.5250000000000016e-05,4.5250000000000016e-05,0.00017781127831412917
2648,all,9.0500000000000007,248,4.5250000000000022e-05,4.5250000000000016e-05,9.9309313445891063e-05
2649,all,9.0500000000000007,249,4.5249999999999995e-05,4.5250000000000009e-05,0.00013653504850589135
2650,all,9.0500000000000007,250,4.5250000000000002e-05,4.5250000000000016e-05,0.00013247275864627689
2651,all,9.0500000000000007,251,4.5250000000000009e-05,4.5250000000000016e-05,0.00010897267509735726
2652,all,9.0500000000000007,252,4.5250000000000002e-05,4.5250000000000009e-05,0.00011527066660023146
2653,all,9.0500000000000007,253,4.5250000000000016e-05,4.5250000000000009e-05,0.00011592797429920981
2654,all,9.0500000000000007,254,4.5249999999999995e-05,4.5250000000000009e-05,0.00010946925781632546
2655,all,9.0500000000000007,255,4.5250000000000009e-05,4.5250000000000009e-05,0.00011722449546497208
2656,all,9.0500000000000007,256,4.5250000000000009e-05,4.5250000000000002e-05,0.0001090070861130689
2657,all,9.0500000000000007,257,4.5250000000000016e-05,4.5250000000000016e-05,0.00013449772645347246
2658,all,9.0500000000000007,258,4.5250000000000002e-05,4.5250000000000009e-05,0.00011568952743083567
2659,all,9.0500000000000007,259,4.5249999999999995e-05,4.5250000000000009e-05,0.00010215630841016067
2660,all,9.0500000000000007,260,4.5250000000000009e-05,4.5250000000000009e-05,0.00014524211620961153
2661,all,9.0500000000000007,261,4.5250000000000009e-05,4.5250000000000016e-05,0.00013291659811968118
2662,all,9.0500000000000007,262,4.5250000000000002e-05,4.5250000000000016e-05,0.00010889944585940518
2663,all,9.0500000000000007,263,4.5250000000000009e-05,4.5250000000000016e-05,0.00011101879499465028
2664,all,9.0500000000000007,264,4.5250000000000016e-05,4.5250000000000009e-05,0.00014150942815584132
2665,all,9.0500000000000007,265,4.5250000000000022e-05,4.5250000000000016e-05,0.00011491041495954656
2666,all,9.0500000000000007,266,4.5249999999999995e-05,4.5250000000000002e-05,0.00011957840453035566
2667,all,9.0500000000000007,267,4.5250000000000016e-05,4.5250000000000016e-05,0.00010060476211951123
2668,all,9.0500000000000007,268,4.5250000000000016e-05,4.5250000000000016e-05,0.000117721987722842
2669,all,9.0500000000000007,269,4.5250000000000009e-05,4.5250000000000009e-05,0.00012411757963940381
2670,all,9.0500000000000007,270,4.5250000000000009e-05,4.5250000000000016e-05,0.00014719478975228667
2671,all,9.0500000000000007,271,4.5249999999999995e-05,4.5250000000000009e-05,0.00011414083142915075
2672,all,9.0500000000000007,272,4.5250000000000016e-05,4.5250000000000009e-05,0.00015514503197766922
2673,all,9.0500000000000007,273,4.5250000000000002e-05,4.5250000000000002e-05,0.00013970751523697121
2674,all,9.0500000000000007,274,4.5250000000000016e-05,4.5250000000000016e-05,0.00013528004792796709
2675,all,9.0500000000000007,275,4.5250000000000009e-05,4.5250000000000009e-05,0.0001240915760598996
2676,all,9.0500000000000007,276,4.5250000000000009e-05,4.5250000000000002e-05,0.00013628667657333355
2677,all,9.0500000000000007,277,4.5250000000000016e-05,4.5250000000000009e-05,0.0001349631159362911
2678,all,9.0500000000000007,278,4.5249999999999995e-05,4.5250000000000009e-05,0.00011428755605306987
2679,all,9.0500000000000007,279,4.5250000000000002e-05,4.5250000000000009e-05,0.00014648862977864548
2680,all,9.0500000000000007,280,4.5250000000000016e-05,4.5250000000000009e-05,0.00012343348565773497
2681,all,9.0500000000000007,281,4.5250000000000016e-05,4.5250000000000009e-05,0.00011809401018935988
2682,all,9.0500000000000007,282,4.5250000000000029e-05,4.5250000000000016e-05,0.00013189439051361347
2683,all,9.0500000000000007,283,4.5250000000000002e-05,4.5250000000000009e-05,0.00012639116904042419
2684,all,9.0500000000000007,284,4.5250000000000016e-05,4.5250000000000016e-05,0.00014379050060511989
2685,all,9.0500000000000007,285,4.5249999999999995e-05,4.5250000000000009e-05,0.00010871861580237082
2686,all,9.0500000000000007,286,4.5249999999999995e-05,4.5250000000000016e-05,0.00010810752435134233
2687,all,9.0500000000000007,287,4.5250000000000016e-05,4.5250000000000016e-05,0.00010811222190559372
2688,all,9.0500000000000007,288,4.5249999999999995e-05,4.5250000000000009e-05,0.00011361298438758719
2689,all,9.0500000000000007,289,4.5250000000000016e-05,4.5250000000000009e-05,0.00011471401930645554
2690,all,9.0500000000000007,290,4.5250000000000016e-05,4.5250000000000016e-05,0.00012832290578752446
2691,all,9.0500000000000007,291,4.5250000000000016e-05,4.5250000000000009e-05,0.00013754752992852721
2692,all,9.0500000000000007,292,4.5250000000000016e-05,4.5250000000000009e-05,0.00011176532703397523
2693,all,9.0500000000000007,293,4.5250000000000016e-05,4.5250000000000016e-05,0.00010567923542787299
2694,all,9.0500000000000007,294,4.5250000000000009e-05,4.5250000000000016e-05,0.00010774363694117511
2695,all,9.0500000000000007,295,4.5250000000000016e-05,4.5250000000000009e-05,0.00012294575736859599
2696,all,9.0500000000000007,296,4.5250000000000009e-05,4.5250000000000009e-05,0.0001295174410250902
2697,all,9.0500000000000007,297,4.5249999999999995e-05,4.5250000000000002e-05,0.00013568068756296102
2698,all,9.0500000000000007,298,4.5250000000000016e-05,4.5250000000000016e-05,0.00013469220288904303
2699,all,9.0500000000000007,299,4.5250000000000009e-05,4.5250000000000009e-05,0.00010628295240805484
2700,all,9.0500000000000007,300,4.5250000000000009e-05,4.5250000000000009e-05,0.00018992065991860825
2701,all,9.0500000000000007,301,4.5250000000000016e-05,4.5250000000000016e-05,0.00011263833959700239
2702,all,9.0500000000000007,302,4.5249999999999995e-05,4.5250000000000009e-05,0.00013301177206294189
2703,all,9.0500000000000007,303,4.5250000000000009e-05,4.5250000000000009e-05,0.00011233696582732887
2704,all,9.0500000000000007,304,4.5250000000000016e-05,4.5250000000000009e-05,0.00012369911072449789
2705,all,9.0500000000000007,305,4.5250000000000002e-05,4.5250000000000002e-05,0.00011226564731233986
2706,all,9.0500000000000007,306,4.5250000000000009e-05,4.5250000000000009e-05,0.00012438499581238002
2707,all,9.0500000000000007,307,4.5250000000000016e-05,4.5250000000000016e-05,0.00011187964860450216
2708,all,9.0500000000000007,308,4.5250000000000009e-05,4.5250000000000009e-05,0.00013570579054751004
2709,all,9.0500000000000007,309,4.5249999999999995e-05,4.5250000000000009e-05,0.00013617901987252918
2710,all,9.0500000000000007,310,4.5250000000000002e-05,4.5250000000000009e-05,0.00016118264441337916
2711,all,9.0500000000000007,311,4.5250000000000016e-05,4.5250000000000009e-05,0.00012802871919421964
2712,all,9.0500000000000007,312,4.5250000000000009e-05,4.5250000000000016e-05,0.00010275133329822636
2713,all,9.0500000000000007,313,4.5250000000000009e-05,4.5250000000000016e-05,0.00012281089687061499
2714,all,9.0500000000000007,314,4.5250000000000009e-05,4.5250000000000002e-05,0.00013687603431990518
2715,all,9.0500000000000007,315,4.5250000000000009e-05,4.5250000000000009e-05,0.00011002957236976592
2716,all,9.0500000000000007,316,4.5250000000000022e-05,4.5250000000000016e-05,0.00011415751203762425
2717,all,9.0500000000000007,317,4.5250000000000016e-05,4.5250000000000016e-05,0.00011586836245202104
2718,all,9.0500000000000007,318,4.5250000000000009e-05,4.5250000000000002e-05,0.00012381939753625221
2719,all,9.0500000000000007,319,4.5250000000000009e-05,4.5250000000000016e-05,0.00012362529282026262
2720,all,9.0500000000000007,320,4.5250000000000016e-05,4.5250000000000016e-05,0.00016456548373496046
2721,all,9.0500000000000007,321,4.5250000000000016e-05,4.5250000000000009e-05,0.00012006343851361155
2722,all,9.0500000000000007,322,4.5250000000000009e-05,4.5250000000000016e-05,0.0001115812388199185
2723,all,9.0500000000000007,323,4.5250000000000016e-05,4.5250000000000009e-05,0.00010959667379989899
2724,all,9.0500000000000007,324,4.5250000000000009e-05,4.5250000000000009e-05,0.00014429303322584233
2725,all,9.0500000000000007,325,4.5250000000000009e-05,4.5250000000000009e-05,0.00011485704198860369
2726,all,9.0500000000000007,326,4.5250000000000016e-05,4.5250000000000009e-05,0.00010702952714951404
2727,all,9.0500000000000007,327,4.5250000000000002e-05,4.5250000000000009e-05,0.0001142753338848599
2728,all,9.0500000000000007,328,4.5250000000000016e-05,4.5250000000000016e-05,0.00014029068824228589
2729,all,9.0500000000000007,329,4.5249999999999995e-05,4.5250000000000009e-05,0.00012531021289391821
2730,all,9.0500000000000007,330,4.5250000000000016e-05,4.5250000000000016e-05,0.00015577196393331096
2731,all,9.0500000000000007,331,4.5250000000000009e-05,4.5250000000000009e-05,0.00013146043747846761
2732,all,9.0500000000000007,332,4.5250000000000022e-05,4.5250000000000016e-05,0.00014638201634958252
2733,all,9.0500000000000007,333,4.5250000000000009e-05,4.5250000000000016e-05,0.00014943550299045542
2734,all,9.0500000000000007,334,4.5250000000000009e-05,4.5250000000000009e-05,0.00010602154338075296
2735,all,9.0500000000000007,335,4.5250000000000016e-05,4.5250000000000016e-05,0.00012581046704444545
2736,all,9.0500000000000007,336,4.5250000000000016e-05,4.5250000000000009e-05,0.00015485895797932216
2737,all,9.0500000000000007,337,4.5250000000000016e-05,4.5250000000000016e-05,9.4999249941908712e-05
2738,all,9.0500000000000007,338,4.5250000000000009e-05,4.5250000000000016e-05,0.00013101133872657803
2739,all,9.0500000000000007,339,4.5250000000000016e-05,4.5250000000000016e-05,0.00011854465994947091
2740,all,9.0500000000000007,340,4.5250000000000016e-05,4.5250000000000016e-05,9.5826709525864115e-05
2741,all,9.0500000000000007,341,4.5250000000000002e-05,4.5250000000000002e-05,0.0001179704309382662
2742,all,9.0500000000000007,342,4.5250000000000016e-05,4.5250000000000016e-05,0.00010349090846518485
2743,all,9.0500000000000007,343,4.5250000000000016e-05,4.5250000000000009e-05,0.00013027476442578539
2744,all,9.0500000000000007,344,4.5250000000000016e-05,4.5250000000000009e-05,0.00013644191666543348
2745,all,9.0500000000000007,345,4.5250000000000002e-05,4.5250000000000009e-05,0.00010803155323128574
2746,all,9.0500000000000007,346,4.5250000000000029e-05,4.5250000000000016e-05,0.0001146780473671271
2747,all,9.0500000000000007,347,4.5250000000000022e-05,4.5250000000000016e-05,0.00013363236376086443
2748,all,9.0500000000000007,348,4.5250000000000009e-05,4.5250000000000009e-05,0.00017214249864291371
2749,all,9.0500000000000007,349,4.5250000000000022e-05,4.5250000000000016e-05,0.00011511993120466066
2750,all,9.0500000000000007,350,4.5250000000000016e-05,4.5250000000000016e-05,0.00012201388329305914
2751,all,9.0500000000000007,351,4.5249999999999995e-05,4.5249999999999995e-05,0.00014866290353587999
2752,all,9.0500000000000007,352,4.5250000000000016e-05,4.5250000000000016e-05,0.00012891521358324395
2753,all,9.0500000000000007,353,4.5250000000000009e-05,4.5250000000000009e-05,0.00010433951210540835
2754,all,9.0500000000000007,354,4.5250000000000009e-05,4.5250000000000016e-05,9.9963526106021871e-05
2755,all,9.0500000000000007,355,4.5250000000000022e-05,4.5250000000000016e-05,0.00013805486224071001
2756,all,9.0500000000000007,356,4.5250000000000002e-05,4.5250000000000009e-05,0.00012981284998154802
2757,all,9.0500000000000007,357,4.5250000000000009e-05,4.5250000000000002e-05,0.00011402235526618398
2758,all,9.0500000000000007,358,4.5249999999999995e-05,4.5250000000000002e-05,0.00012341005919431225
2759,all,9.0500000000000007,359,4.5250000000000009e-05,4.5250000000000009e-05,0.00012037680899009415
2760,all,9.0500000000000007,360,4.5250000000000009e-05,4.5250000000000016e-05,0.00010380058572442931
2761,all,9.0500000000000007,361,4.5250000000000016e-05,4.5250000000000016e-05,9.9866443974379405e-05
2762,all,9.0500000000000007,362,4.5250000000000009e-05,4.5250000000000002e-05,0.00013545577280443642
2763,all,9.0500000000000007,363,4.5250000000000009e-05,4.5250000000000016e-05,0.00011775460076309525
2764,all,9.0500000000000007,364,4.5250000000000016e-05,4.5250000000000016e-05,0.00013597648459762811
2765,all,9.0500000000000007,365,4.5250000000000016e-05,4.5250000000000009e-05,0.00010618139028962842
2766,all,9.0500000000000007,366,4.5250000000000016e-05,4.5250000000000009e-05,0.00012084856188099372
2767,all,9.0500000000000007,367,4.5250000000000002e-05,4.5250000000000009e-05,0.00011512804820821734
2768,all,9.0500000000000007,368,4.5250000000000009e-05,4.5250000000000016e-05,0.00017175122819700894
2769,all,9.0500000000000007,369,4.5250000000000009e-05,4.5250000000000022e-05,0.00013289761022951122
2770,all,9.0500000000000007,370,4.5250000000000016e-05,4.5250000000000016e-05,0.00015387680705201349
2771,all,9.0500000000000007,371,4.5250000000000016e-05,4.5250000000000009e-05,0.00012353226794925256
2772,all,9.0500000000000007,372,4.5250000000000002e-05,4.5250000000000002e-05,0.00012397241305688172
2773,all,9.0500000000000007,373,4.5250000000000016e-05,4.5250000000000009e-05,0.00012792296217990664
2774,all,9.0500000000000007,374,4.5250000000000016e-05,4.5250000000000009e-05,0.00012859816168067864
2775,all,9.0500000000000007,375,4.5250000000000002e-05,4.5250000000000016e-05,0.00013876177272248292
2776,all,9.0500000000000007,376,4.5250000000000016e-05,4.5250000000000016e-05,0.00010957660425810977
2777,all,9.0500000000000007,377,4.5249999999999995e-05,4.5250000000000009e-05,0.00011303359542104705
2778,all,9.0500000000000007,378,4.5250000000000002e-05,4.5250000000000016e-05,0.00010669966037152883
2779,all,9.0500000000000007,379,4.5250000000000016e-05,4.5250000000000002e-05,0.00014982565034074767
2780,all,9.0500000000000007,380,4.5250000000000009e-05,4.5250000000000016e-05,0.00010732657948654045
2781,all,9.0500000000000007,381,4.5250000000000016e-05,4.5250000000000016e-05,0.00011313283290524979
2782,all,9.0500000000000007,382,4.5250000000000016e-05,4.5250000000000009e-05,0.00013154552811669496
2783,all,9.0500000000000007,383,4.5250000000000016e-05,4.5250000000000016e-05,0.00012822088526049242
2784,all,9.0500000000000007,384,4.5250000000000009e-05,4.5250000000000002e-05,0.00011689402558164507
2785,all,9.0500000000000007,385,4.5250000000000016e-05,4.5250000000000009e-05,0.00013419884213896686
2786,all,9.0500000000000007,386,4.5250000000000009e-05,4.5250000000000009e-05,0.00011739403613263259
2787,all,9.0500000000000007,387,4.5250000000000009e-05,4.5250000000000009e-05,0.00011607048020978648
2788,all,9.0500000000000007,388,4.5250000000000009e-05,4.5250000000000009e-05,0.00013843645744687752
2789,all,9.0500000000000007,389,4.5250000000000016e-05,4.5250000000000009e-05,0.00014759350409858892
2790,all,9.0500000000000007,390,4.5250000000000009e-05,4.5250000000000016e-05,0.0001034172406312436
2791,all,9.0500000000000007,391,4.5250000000000009e-05,4.5250000000000002e-05,0.0001301659718319739
2792,all,9.0500000000000007,392,4.5250000000000016e-05,4.5249999999999995e-05,0.00011967182782390137
2793,all,9.0500000000000007,393,4.5250000000000016e-05,4.5250000000000009e-05,0.00015426135094468512
2794,all,9.0500000000000007,394,4.5250000000000009e-05,4.5250000000000009e-05,0.00012667810097959271
2795,all,9.0500000000000007,395,4.5250000000000002e-05,4.5250000000000002e-05,0.00013802383978131445
2796,all,9.0500000000000007,396,4.5250000000000009e-05,4.5250000000000009e-05,0.00010698282199342184
2797,all,9.0500000000000007,397,4.5250000000000016e-05,4.5250000000000016e-05,0.00011137351953186838
2798,all,9.0500000000000007,398,4.5249999999999995e-05,4.5250000000000002e-05,0.00011826341780505783
2799,all,9.0500000000000007,399,4.5250000000000016e-05,4.5250000000000016e-05,0.0001321104254857118
2800,all,9.0500000000000007,400,4.5250000000000016e-05,4.5250000000000016e-05,0.00013490013333427063
2801,all,9.0500000000000007,401,4.5250000000000016e-05,4.5250000000000016e-05,0.00011162088688084313
2802,all,9.0500000000000007,402,4.5250000000000016e-05,4.5250000000000016e-05,0.00010817209184100238
2803,all,9.0500000000000007,403,4.5250000000000002e-05,4.5250000000000002e-05,0.00012579066150867463
2804,all,9.0500000000000007,404,4.5250000000000016e-05,4.5250000000000016e-05,0.00011705376384755099
2805,all,9.0500000000000007,405,4.5250000000000016e-05,4.5250000000000016e-05,0.00012856921570501571
2806,all,9.0500000000000007,406,4.5250000000000016e-05,4.5250000000000002e-05,0.00016259192418973864
2807,all,9.0500000000000007,407,4.5250000000000029e-05,4.5250000000000016e-05,0.00011952109077646551
2808,all,9.0500000000000007,408,4.5250000000000009e-05,4.5250000000000009e-05,0.00011726510335247966
2809,all,9.0500000000000007,409,4.5250000000000002e-05,4.5250000000000009e-05,0.00012598604652394355
2810,all,9.0500000000000007,410,4.5250000000000009e-05,4.5250000000000009e-05,0.0001065015378711586
2811,all,9.0500000000000007,411,4.5250000000000016e-05,4.5250000000000016e-05,0.00017271333723448519
2812,all,9.0500000000000007,412,4.5250000000000016e-05,4.5250000000000009e-05,0.00012238954772847901
2813,all,9.0500000000000007,413,4.5250000000000016e-05,4.5250000000000016e-05,0.00012982945384939389
2814,all,9.0500000000000007,414,4.5250000000000009e-05,4.5250000000000016e-05,0.00013335263618070492
2815,all,9.0500000000000007,415,4.5250000000000009e-05,4.5250000000000009e-05,0.00014073802601306844
2816,all,9.0500000000000007,416,4.5250000000000016e-05,4.5250000000000016e-05,0.00014350568624903033
2817,all,9.0500000000000007,417,4.5250000000000009e-05,4.5250000000000002e-05,0.0001156279814427943
2818,all,9.0500000000000007,418,4.5250000000000009e-05,4.5250000000000016e-05,0.00011153371803064662
2819,all,9.0500000000000007,419,4.5250000000000009e-05,4.5250000000000009e-05,0.00014898341152152163
2820,all,9.0500000000000007,420,4.5250000000000009e-05,4.5250000000000009e-05,0.00013276855576347494
2821,all,9.0500000000000007,421,4.5250000000000016e-05,4.5250000000000016e-05,0.00015230106097473736
2822,all,9.0500000000000007,422,4.5250000000000016e-05,4.5250000000000016e-05,0.00013068004509925855
2823,all,9.0500000000000007,423,4.5250000000000009e-05,4.5250000000000002e-05,0.00010296008742054876
2824,all,9.0500000000000007,424,4.5250000000000002e-05,4.5250000000000009e-05,0.0001218811076810084
2825,all,9.0500000000000007,425,4.5250000000000009e-05,4.5249999999999995e-05,0.00014614505627456607
2826,all,9.0500000000000007,426,4.5250000000000002e-05,4.5250000000000009e-05,0.00011582251494884923
2827,all,9.0500000000000007,427,4.5250000000000016e-05,4.5250000000000016e-05,0.00010085725368073519
2828,all,9.0500000000000007,428,4.5250000000000016e-05,4.5250000000000016e-05,0.00014142459389583333
2829,all,9.0500000000000007,429,4.5250000000000016e-05,4.5250000000000016e-05,0.00014419159321454422
2830,all,9.0500000000000007,430,4.5250000000000016e-05,4.5250000000000016e-05,0.00013983856844086901
2831,all,9.0500000000000007,431,4.5250000000000022e-05,4.5250000000000016e-05,0.0001091557945913701
2832,all,9.0500000000000007,432,4.5250000000000002e-05,4.5250000000000009e-05,0.00013305301478207037
2833,all,9.0500000000000007,433,4.5250000000000009e-05,4.5250000000000009e-05,0.00012623326397933845
2834,all,9.0500000000000007,434,4.5250000000000009e-05,4.5250000000000009e-05,0.00012784449017101316
2835,all,9.0500000000000007,435,4.5250000000000022e-05,4.5250000000000016e-05,0.00012690642839318462
2836,all,9.0500000000000007,436,4.5250000000000016e-05,4.5250000000000022e-05,0.00014120355520461954
2837,all,9.0500000000000007,437,4.5250000000000009e-05,4.5250000000000002e-05,0.00011580374017131081
2838,all,9.0500000000000007,438,4.5250000000000009e-05,4.5250000000000009e-05,0.00012247304052134784
2839,all,9.0500000000000007,439,4.5250000000000016e-05,4.5250000000000009e-05,0.00011016347145922491
2840,all,9.0500000000000007,440,4.5250000000000002e-05,4.5250000000000016e-05,0.00013343690190853837
2841,all,9.0500000000000007,441,4.5250000000000022e-05,4.5250000000000016e-05,0.00014705915556885272
2842,all,9.0500000000000007,442,4.5250000000000002e-05,4.5250000000000009e-05,0.00014731218995430698
2843,all,9.0500000000000007,443,4.5250000000000009e-05,4.5250000000000009e-05,0.00012264928915348418
2844,all,9.0500000000000007,444,4.5249999999999995e-05,4.5250000000000009e-05,0.00011179230992571106
2845,all,9.0500000000000007,445,4.5250000000000009e-05,4.5250000000000009e-05,0.00013037444909061614
2846,all,9.0500000000000007,446,4.5250000000000002e-05,4.5250000000000009e-05,0.00011937983885147547
2847,all,9.0500000000000007,447,4.5250000000000016e-05,4.5250000000000002e-05,0.00010745103796791521
2848,all,9.0500000000000007,448,4.5250000000000016e-05,4.5250000000000009e-05,0.00012407748295975793
2849,all,9.0500000000000007,449,4.5250000000000016e-05,4.5250000000000009e-05,0.00014969371286353351
2850,all,9.0500000000000007,450,4.5250000000000016e-05,4.5250000000000016e-05,0.00010713796237722079
2851,all,9.0500000000000007,451,4.5250000000000016e-05,4.5250000000000009e-05,0.00011635285717868831
2852,all,9.0500000000000007,452,4.5250000000000016e-05,4.5250000000000009e-05,0.00012282810299556513
2853,all,9.0500000000000007,453,4.5250000000000002e-05,4.5250000000000016e-05,0.00013612336421325803
2854,all,9.0500000000000007,454,4.5250000000000009e-05,4.5250000000000009e-05,0.00010567725932008233
2855,all,9.0500000000000007,455,4.5250000000000016e-05,4.5250000000000009e-05,0.00013833557760009073
2856,all,9.0500000000000007,456,4.5250000000000016e-05,4.5250000000000022e-05,0.00013314851439141215
2857,all,9.0500000000000007,457,4.5250000000000016e-05,4.5250000000000016e-05,0.00012374309900510682
2858,all,9.0500000000000007,458,4.5250000000000016e-05,4.5250000000000016e-05,0.00011818433562083956
2859,all,9.0500000000000007,459,4.5250000000000016e-05,4.5250000000000016e-05,0.00013578820143924538
2860,all,9.0500000000000007,460,4.5249999999999989e-05,4.5250000000000002e-05,0.00013362066442571083
2861,all,9.0500000000000007,461,4.5250000000000009e-05,4.5250000000000009e-05,0.00013374801427926185
2862,all,9.0500000000000007,462,4.5250000000000016e-05,4.5250000000000009e-05,0.00015847659782201201
2863,all,9.0500000000000007,463,4.5250000000000022e-05,4.5250000000000022e-05,0.00014877879795665606
2864,all,9.0500000000000007,464,4.5250000000000009e-05,4.5250000000000009e-05,0.00011507722351793625
2865,all,9.0500000000000007,465,4.5250000000000016e-05,4.5250000000000016e-05,0.00012294580792706201
2866,all,9.0500000000000007,466,4.5250000000000009e-05,4.5250000000000016e-05,0.00012638011797019784
2867,all,9.0500000000000007,467,4.5250000000000009e-05,4.5250000000000016e-05,0.00015570690187970021
2868,all,9.0500000000000007,468,4.5250000000000016e-05,4.5250000000000016e-05,0.00012432086317176632
2869,all,9.0500000000000007,469,4.5250000000000016e-05,4.5250000000000009e-05,0.00011677707068280031
2870,all,9.0500000000000007,470,4.5250000000000016e-05,4.5250000000000016e-05,0.00012294492378665968
2871,all,9.0500000000000007,471,4.5250000000000029e-05,4.5250000000000016e-05,0.00013859166449812797
2872,all,9.0500000000000007,472,4.5249999999999995e-05,4.5250000000000002e-05,0.00011890733005517735
2873,all,9.0500000000000007,473,4.5250000000000022e-05,4.5250000000000009e-05,0.00011487333100525556
2874,all,9.0500000000000007,474,4.5250000000000016e-05,4.5250000000000016e-05,0.00012643356676977414
2875,all,9.0500000000000007,475,4.5250000000000016e-05,4.5250000000000016e-05,0.00012147524838747137
2876,all,9.0500000000000007,476,4.5250000000000016e-05,4.5250000000000016e-05,0.00011116662377793606
2877,all,9.0500000000000007,477,4.5250000000000016e-05,4.5250000000000009e-05,0.00013350433912030879
2878,all,9.0500000000000007,478,4.5250000000000016e-05,4.5250000000000016e-05,0.00011233476005894811
2879,all,9.0500000000000007,479,4.5249999999999995e-05,4.5249999999999995e-05,0.00010684969416352418
2880,all,9.0500000000000007,480,4.5249999999999995e-05,4.5250000000000002e-05,0.00015140062964089519
2881,all,9.0500000000000007,481,4.5250000000000002e-05,4.5250000000000002e-05,0.00011610947573554568
2882,all,9.0500000000000007,482,4.5250000000000016e-05,4.5250000000000016e-05,0.00015482873022245493
2883,all,9.0500000000000007,483,4.5250000000000009e-05,4.5250000000000009e-05,0.00012426476502182769
2884,all,9.0500000000000007,484,4.5250000000000009e-05,4.5250000000000009e-05,0.00012386258013873227
2885,all,9.0500000000000007,485,4.5250000000000002e-05,4.5250000000000009e-05,0.00012074115629389056
2886,all,9.0500000000000007,486,4.5250000000000022e-05,4.5250000000000016e-05,0.0001322920869173236
2887,all,9.0500000000000007,487,4.5250000000000022e-05,4.5250000000000016e-05,0.00012486697321522662
2888,all,9.0500000000000007,488,4.5249999999999995e-05,4.5250000000000016e-05,0.00014255558606564265
2889,all,9.0500000000000007,489,4.5249999999999995e-05,4.5250000000000009e-05,0.00011085406132926868
2890,all,9.0500000000000007,490,4.5250000000000009e-05,4.5250000000000016e-05,0.00010479402508534347
2891,all,9.0500000000000007,491,4.5250000000000016e-05,4.5250000000000016e-05,0.00012988670541937044
2892,all,9.0500000000000007,492,4.5250000000000002e-05,4.5250000000000009e-05,0.00010582034984720698
2893,all,9.0500000000000007,493,4.5250000000000016e-05,4.5250000000000016e-05,0.00015198090685584109
2894,all,9.0500000000000007,494,4.5250000000000002e-05,4.5250000000000009e-05,0.00011990538841211665
2895,all,9.0500000000000007,495,4.5250000000000022e-05,4.5250000000000016e-05,0.00012147146281356537
2896,all,9.0500000000000007,496,4.5250000000000016e-05,4.5250000000000016e-05,0.00012424778079369025
2897,all,9.0500000000000007,497,4.5250000000000016e-05,4.5250000000000009e-05,0.00014559796643530583
2898,all,9.0500000000000007,498,4.5249999999999995e-05,4.5250000000000002e-05,0.00012959899321687536
2899,all,9.0500000000000007,499,4.5250000000000009e-05,4.5250000000000016e-05,0.00012109354186727207
2900,all,9.0500000000000007,500,4.5250000000000016e-05,4.5250000000000009e-05,0.00013785258059987213
2901,all,9.0500000000000007,501,4.5250000000000009e-05,4.5250000000000009e-05,0.00014040922239751545
2902,all,9.0500000000000007,502,4.5250000000000009e-05,4.5250000000000009e-05,0.00013744702359850665
2903,all,9.0500000000000007,503,4.5250000000000002e-05,4.5250000000000009e-05,0.00011361586416605569
2904,all,9.0500000000000007,504,4.5250000000000009e-05,4.5250000000000009e-05,0.00011501189905051286
2905,all,9.0500000000000007,505,4.5250000000000009e-05,4.5250000000000009e-05,0.00018190427578922361
2906,all,9.0500000000000007,506,4.5250000000000029e-05,4.5250000000000016e-05,0.00014104389110141768
2907,all,9.0500000000000007,507,4.5250000000000016e-05,4.5250000000000002e-05,0.00015249624387006109
2908,all,9.0500000000000007,508,4.5250000000000016e-05,4.5250000000000009e-05,9.9425384730777609e-05
2909,all,9.0500000000000007,509,4.5250000000000016e-05,4.5250000000000016e-05,0.00011625984674828873
2910,all,9.0500000000000007,510,4.5249999999999995e-05,4.5250000000000009e-05,0.0001213878070053868
2911,all,9.0500000000000007,511,4.5250000000000016e-05,4.5250000000000009e-05,0.0001244174832066252
2912,all,9.0500000000000007,512,4.5250000000000009e-05,4.5250000000000016e-05,0.00015084165514181409
2913,all,9.0500000000000007,513,4.5250000000000016e-05,4.5250000000000009e-05,0.00010317852988471002
2914,all,9.0500000000000007,514,4.5250000000000002e-05,4.5250000000000009e-05,0.00011207691131637248
2915,all,9.0500000000000007,515,4.5250000000000022e-05,4.5250000000000016e-05,0.0001542103472355353
2916,all,9.0500000000000007,516,4.5250000000000016e-05,4.5250000000000016e-05,0.00010200584167201185
2917,all,9.0500000000000007,517,4.5249999999999995e-05,4.5250000000000002e-05,0.00012755587611481926
2918,all,9.0500000000000007,518,4.5250000000000016e-05,4.5250000000000009e-05,0.00011240681994253601
2919,all,9.0500000000000007,519,4.5250000000000016e-05,4.5250000000000016e-05,0.00013059469535089063
2920,all,9.0500000000000007,520,4.5250000000000016e-05,4.5250000000000009e-05,0.00012503130364939423
2921,all,9.0500000000000007,521,4.5250000000000016e-05,4.5250000000000009e-05,0.00011627307528468753
2922,all,9.0500000000000007,522,4.5250000000000009e-05,4.5250000000000016e-05,0.00012505186878781029
2923,all,9.0500000000000007,523,4.5250000000000016e-05,4.5250000000000016e-05,0.0001215547535540346
2924,all,9.0500000000000007,524,4.5250000000000002e-05,4.5250000000000002e-05,0.00012688160516205861
2925,all,9.0500000000000007,525,4.5250000000000009e-05,4.5250000000000016e-05,0.00010887967872980502
2926,all,9.0500000000000007,526,4.5250000000000009e-05,4.5250000000000002e-05,0.00012295363775295917
2927,all,9.0500000000000007,527,4.5250000000000022e-05,4.5250000000000002e-05,0.00011633198165604844
2928,all,9.0500000000000007,528,4.5249999999999995e-05,4.5250000000000009e-05,0.00011486238051465596
2929,all,9.0500000000000007,529,4.5250000000000009e-05,4.5249999999999995e-05,0.00011803922089240173
2930,all,9.0500000000000007,530,4.5250000000000009e-05,4.5250000000000009e-05,0.00012812456354817939
2931,all,9.0500000000000007,531,4.5250000000000022e-05,4.5250000000000022e-05,0.00011582283900252654
2932,all,9.0500000000000007,532,4.5250000000000016e-05,4.5250000000000016e-05,0.00014295690264938719
2933,all,9.0500000000000007,533,4.5250000000000009e-05,4.5250000000000016e-05,9.9764124720789756e-05
2934,all,9.0500000000000007,534,4.5250000000000009e-05,4.5250000000000009e-05,0.0001232317374966053
2935,all,9.0500000000000007,535,4.5250000000000002e-05,4.5250000000000009e-05,0.00011034532972309875
2936,all,9.0500000000000007,536,4.5250000000000016e-05,4.5250000000000016e-05,0.00012383005655696323
2937,all,9.0500000000000007,537,4.5250000000000016e-05,4.5250000000000016e-05,0.00011997855123671503
2938,all,9.0500000000000007,538,4.5250000000000009e-05,4.5250000000000016e-05,0.00011387220215323206
2939,all,9.0500000000000007,539,4.5250000000000002e-05,4.5250000000000002e-05,0.00012549775451056248
2940,all,9.0500000000000007,540,4.5249999999999995e-05,4.5250000000000009e-05,0.00012676804135628748
2941,all,9.0500000000000007,541,4.5250000000000016e-05,4.5250000000000009e-05,0.0001217318624381937
2942,all,9.0500000000000007,542,4.5250000000000002e-05,4.5250000000000009e-05,0.00013369124039567807
2943,all,9.0500000000000007,543,4.5250000000000022e-05,4.5250000000000009e-05,0.00011877713407162462
2944,all,9.0500000000000007,544,4.5250000000000009e-05,4.5250000000000002e-05,0.00012796912273748131
2945,all,9.0500000000000007,545,4.5250000000000009e-05,4.5250000000000002e-05,0.00011442800406084157
2946,all,9.0500000000000007,546,4.5250000000000016e-05,4.5250000000000009e-05,0.00012166124476819963
2947,all,9.0500000000000007,547,4.5250000000000016e-05,4.5250000000000009e-05,0.00014401156304728297
2948,all,9.0500000000000007,548,4.5250000000000016e-05,4.5250000000000016e-05,0.00014536866085114366
2949,all,9.0500000000000007,549,4.5250000000000009e-05,4.5250000000000009e-05,0.00011970266178289583
2950,all,9.0500000000000007,550,4.5249999999999995e-05,4.5249999999999995e-05,0.0001225995808400999
2951,all,9.0500000000000007,551,4.5250000000000016e-05,4.5250000000000009e-05,0.00014984176357930027
2952,all,9.0500000000000007,552,4.5249999999999995e-05,4.5250000000000009e-05,0.00011869823890600012
2953,all,9.0500000000000007,553,4.5249999999999995e-05,4.5250000000000009e-05,0.00011188894951489252
2954,all,9.0500000000000007,554,4.5249999999999995e-05,4.5250000000000009e-05,0.00011390716489987573
2955,all,9.0500000000000007,555,4.5249999999999995e-05,4.5249999999999995e-05,0.00011455883259442953
2956,all,9.0500000000000007,556,4.5250000000000016e-05,4.5250000000000016e-05,0.0001236780140030475
2957,all,9.0500000000000007,557,4.5250000000000016e-05,4.5250000000000016e-05,0.00013367211563287211
2958,all,9.0500000000000007,558,4.5250000000000016e-05,4.5250000000000016e-05,0.00013700721208827711
2959,all,9.0500000000000007,559,4.5250000000000016e-05,4.5250000000000009e-05,0.00013487479530441572
2960,all,9.0500000000000007,560,4.5250000000000002e-05,4.5250000000000009e-05,0.00013745262806238144
2961,all,9.0500000000000007,561,4.5249999999999995e-05,4.5249999999999995e-05,0.00011625349053891901
2962,all,9.0500000000000007,562,4.5250000000000022e-05,4.5250000000000016e-05,0.00010786127045596198
2963,all,9.0500000000000007,563,4.5250000000000022e-05,4.5250000000000016e-05,0.00013824680984491589
2964,all,9.0500000000000007,564,4.5250000000000016e-05,4.5250000000000009e-05,0.00014457390740161663
2965,all,9.0500000000000007,565,4.5250000000000016e-05,4.5250000000000016e-05,0.00012330426458963473
2966,all,9.0500000000000007,566,4.5250000000000002e-05,4.5250000000000009e-05,0.00013650568370622462
2967,all,9.0500000000000007,567,4.5250000000000016e-05,4.5250000000000016e-05,0.00014201257827713962
2968,all,9.0500000000000007,568,4.5250000000000016e-05,4.5250000000000009e-05,0.00012150590152329416
2969,all,9.0500000000000007,569,4.5250000000000009e-05,4.5250000000000002e-05,0.00012715334609185477
2970,all,9.0500000000000007,570,4.5250000000000009e-05,4.5250000000000009e-05,0.00012020393344317067
2971,all,9.0500000000000007,571,4.5250000000000009e-05,4.5250000000000009e-05,0.00014038080693841407
2972,all,9.0500000000000007,572,4.5250000000000009e-05,4.5250000000000009e-05,0.00017497439971016576
2973,all,9.0500000000000007,573,4.5250000000000016e-05,4.5250000000000016e-05,0.00013529167973852057
2974,all,9.0500000000000007,574,4.5250000000000022e-05,4.5250000000000016e-05,0.00012132649679866446
2975,all,9.0500000000000007,575,4.5250000000000002e-05,4.5250000000000009e-05,0.00010400371184098034
2976,all,9.0500000000000007,576,4.5250000000000022e-05,4.5250000000000022e-05,0.00011281298243804143
2977,all,9.0500000000000007,577,4.5249999999999995e-05,4.5250000000000009e-05,0.00014351107972360072
2978,all,9.0500000000000007,578,4.5250000000000002e-05,4.5250000000000016e-05,0.0001417004264143598
2979,all,9.0500000000000007,579,4.5250000000000009e-05,4.5250000000000009e-05,0.00016127348466599085
2980,all,9.0500000000000007,580,4.5250000000000016e-05,4.5250000000000002e-05,0.00012095570666419707
2981,all,9.0500000000000007,581,4.5250000000000009e-05,4.5250000000000009e-05,9.8108198720016465e-05
2982,all,9.0500000000000007,582,4.5250000000000009e-05,4.5250000000000016e-05,0.00016291020580833454
2983,all,9.0500000000000007,583,4.5250000000000002e-05,4.5250000000000009e-05,0.00014202868427278941
2984,all,9.0500000000000007,584,4.5250000000000022e-05,4.5250000000000016e-05,0.00015575861706111844
2985,all,9.0500000000000007,585,4.5250000000000022e-05,4.5250000000000016e-05,0.00012607306223829171
2986,all,9.0500000000000007,586,4.5250000000000009e-05,4.5250000000000009e-05,0.00010908251205075264
2987,all,9.0500000000000007,587,4.5250000000000022e-05,4.5250000000000009e-05,0.00010804772510503269
2988,all,9.0500000000000007,588,4.5250000000000009e-05,4.5250000000000002e-05,0.00012092760042759315
2989,all,9.0500000000000007,589,4.5250000000000016e-05,4.5250000000000016e-05,0.0001602689663487047
2990,all,9.0500000000000007,590,4.5250000000000009e-05,4.5250000000000009e-05,0.0001197818009140175
2991,all,9.0500000000000007,591,4.5249999999999995e-05,4.5250000000000002e-05,0.00012057088055183493
2992,all,9.0500000000000007,592,4.5250000000000016e-05,4.5250000000000016e-05,0.00010958490526237534
2993,all,9.0500000000000007,593,4.5250000000000002e-05,4.5250000000000009e-05,0.00013077578084581893
2994,all,9.0500000000000007,594,4.5250000000000009e-05,4.5250000000000009e-05,0.00013351122554761141
2995,all,9.0500000000000007,595,4.5250000000000022e-05,4.5250000000000022e-05,0.00014442408198715769
2996,all,9.0500000000000007,596,4.5250000000000016e-05,4.5250000000000016e-05,0.00012264085731691739
2997,all,9.0500000000000007,597,4.5250000000000016e-05,4.5250000000000016e-05,0.00013295207516394395
2998,all,9.0500000000000007,598,4.5250000000000009e-05,4.5250000000000009e-05,0.00011842982953380035
2999,all,9.0500000000000007,599,4.5249999999999989e-05,4.5250000000000009e-05,0.00011608783575533325
3000,all,9.0500000000000007,600,4.5249999999999995e-05,4.5250000000000009e-05,0.00012395229775407084
3001,horizontal,1.1299999999999999,1,5.6499999999999993e-06,4.2397849826411154e-06,1.3538362693850056e-05
3002,horizontal,1.1299999999999999,2,5.6500000000000001e-06,4.2397849826411154e-06,1.4132438285071003e-05
3003,horizontal,1.1299999999999999,3,5.6499999999999993e-06,4.2397849826411154e-06,1.4472669285651304e-05
3004,horizontal,1.1299999999999999,4,5.6500000000000001e-06,4.2397849826411154e-06,1.2528772898608864e-05
3005,horizontal,1.1299999999999999,5,5.6499999999999993e-06,4.2397849826411163e-06,1.5778904804313054e-05
3006,horizontal,1.1299999999999999,6,5.6500000000000001e-06,4.2397849826411154e-06,1.5488782658818917e-05
3007,horizontal,1.1299999999999999,7,5.6500000000000001e-06,4.2397849826411154e-06,1.437094322437325e-05
3008,horizontal,1.1299999999999999,8,5.650000000000001e-06,4.2397849826411154e-06,1.2776308807765339e-05
3009,horizontal,1.1299999999999999,9,5.650000000000001e-06,4.2397849826411163e-06,1.3715979501854781e-05
3010,horizontal,1.1299999999999999,10,5.650000000000001e-06,4.2397849826411154e-06,1.4556616809758394e-05
3011,horizontal,1.1299999999999999,11,5.650000000000001e-06,4.2397849826411163e-06,1.2311242052272444e-05
3012,horizontal,1.1299999999999999,12,5.6499999999999993e-06,4.2397849826411154e-06,1.6548601582608325e-05
3013,horizontal,1.1299999999999999,13,5.6499999999999993e-06,4.2397849826411154e-06,1.3833272081268659e-05
3014,horizontal,1.1299999999999999,14,5.650000000000001e-06,4.2397849826411163e-06,1.7774975165506995e-05
3015,horizontal,1.1299999999999999,15,5.650000000000001e-06,4.2397849826411163e-06,1.4378889754910825e-05
3016,horizontal,1.1299999999999999,16,5.6499999999999993e-06,4.2397849826411154e-06,1.6353227943239049e-05
3017,horizontal,1.1299999999999999,17,5.6499999999999993e-06,4.2397849826411154e-06,1.4636256882998622e-05
3018,horizontal,1.1299999999999999,18,5.6499999999999993e-06,4.2397849826411154e-06,1.4972111367073551e-05
3019,horizontal,1.1299999999999999,19,5.6499999999999984e-06,4.2397849826411154e-06,1.3966254538572347e-05
3020,horizontal,1.1299999999999999,20,5.6500000000000001e-06,4.2397849826411163e-06,1.5275956341659373e-05
3021,horizontal,1.1299999999999999,21,5.6499999999999993e-06,4.2397849826411154e-06,1.4887097045501074e-05
3022,horizontal,1.1299999999999999,22,5.650000000000001e-06,4.2397849826411163e-06,1.6226648509300277e-05
3023,horizontal,1.1299999999999999,23,5.6500000000000018e-06,4.2397849826411163e-06,1.4067797587559867e-05
3024,horizontal,1.1299999999999999,24,5.6500000000000001e-06,4.2397849826411154e-06,1.3154211501130201e-05
3025,horizontal,1.1299999999999999,25,5.650000000000001e-06,4.2397849826411163e-06,2.1289252941580291e-05
3026,horizontal,1.1299999999999999,26,5.6499999999999993e-06,4.2397849826411163e-06,1.5920887639705194e-05
3027,horizontal,1.1299999999999999,27,5.650000000000001e-06,4.2397849826411163e-06,1.4290072802628552e-05
3028,horizontal,1.1299999999999999,28,5.6499999999999993e-06,4.2397849826411154e-06,1.387340012817009e-05
3029,horizontal,1.1299999999999999,29,5.6500000000000001e-06,4.2397849826411163e-06,1.2409725841662105e-05
3030,horizontal,1.1299999999999999,30,5.6500000000000001e-06,4.2397849826411154e-06,1.5501015766571404e-05
3031,horizontal,1.1299999999999999,31,5.6500000000000001e-06,4.2397849826411163e-06,2.1631787732180344e-05
3032,horizontal,1.1299999999999999,32,5.6499999999999993e-06,4.2397849826411163e-06,2.0424888148773045e-05
3033,horizontal,1.1299999999999999,33,5.650000000000001e-06,4.2397849826411163e-06,1.6186204676787225e-05
3034,horizontal,1.1299999999999999,34,5.6499999999999984e-06,4.2397849826411154e-06,1.4759309743617677e-05
3035,horizontal,1.1299999999999999,35,5.650000000000001e-06,4.2397849826411163e-06,1.7457814820162466e-05
3036,horizontal,1.1299999999999999,36,5.650000000000001e-06,4.2397849826411154e-06,1.470241358324649e-05
3037,horizontal,1.1299999999999999,37,5.6500000000000001e-06,4.2397849826411163e-06,1.1529109099153811e-05
3038,horizontal,1.1299999999999999,38,5.650000000000001e-06,4.2397849826411163e-06,1.4561256620034394e-05
3039,horizontal,1.1299999999999999,39,5.6500000000000001e-06,4.2397849826411163e-06,1.5387248371129717e-05
3040,horizontal,1.1299999999999999,40,5.650000000000001e-06,4.2397849826411163e-06,1.166467333241365e-05
3041,horizontal,1.1299999999999999,41,5.650000000000001e-06,4.2397849826411163e-06,1.2292118435348824e-05
3042,horizontal,1.1299999999999999,42,5.6499999999999993e-06,4.2397849826411154e-06,1.2299970924753582e-05
3043,horizontal,1.1299999999999999,43,5.6499999999999993e-06,4.2397849826411154e-06,1.3359924508537448e-05
3044,horizontal,1.1299999999999999,44,5.6500000000000001e-06,4.2397849826411163e-06,1.1680196779713924e-05
3045,horizontal,1.1299999999999999,45,5.6499999999999993e-06,4.2397849826411154e-06,1.7656021468353271e-05
3046,horizontal,1.1299999999999999,46,5.6499999999999993e-06,4.2397849826411154e-06,1.5686451348219343e-05
3047,horizontal,1.1299999999999999,47,5.650000000000001e-06,4.2397849826411163e-06,1.3981353673584445e-05
3048,horizontal,1.1299999999999999,48,5.650000000000001e-06,4.2397849826411163e-06,1.5753723327443263e-05
3049,horizontal,1.1299999999999999,49,5.650000000000001e-06,4.2397849826411163e-06,1.3964288959659051e-05
3050,horizontal,1.1299999999999999,50,5.6499999999999993e-06,4.2397849826411163e-06,1.578960733590516e-05
3051,horizontal,1.1299999999999999,51,5.650000000000001e-06,4.2397849826411163e-06,1.8610005228372944e-05
3052,horizontal,1.1299999999999999,52,5.650000000000001e-06,4.2397849826411163e-06,1.2993442493153495e-05
3053,horizontal,1.1299999999999999,53,5.650000000000001e-06,4.2397849826411163e-06,1.4793742928642968e-05
3054,horizontal,1.1299999999999999,54,5.650000000000001e-06,4.2397849826411163e-06,1.1569577991967493e-05
3055,horizontal,1.1299999999999999,55,5.6499999999999993e-06,4.2397849826411154e-06,1.5051089449803171e-05
3056,horizontal,1.1299999999999999,56,5.6500000000000001e-06,4.2397849826411154e-06,1.2272727383630735e-05
3057,horizontal,1.1299999999999999,57,5.650000000000001e-06,4.2397849826411163e-06,1.3006313029908203e-05
3058,horizontal,1.1299999999999999,58,5.650000000000001e-06,4.2397849826411154e-06,1.4387033069066751e-05
3059,horizontal,1.1299999999999999,59,5.650000000000001e-06,4.2397849826411163e-06,1.2001453037126691e-05
3060,horizontal,1.1299999999999999,60,5.650000000000001e-06,4.2397849826411163e-06,1.1884229908452316e-05
3061,horizontal,1.1299999999999999,61,5.6499999999999993e-06,4.2397849826411154e-06,1.5300363711183684e-05
3062,horizontal,1.1299999999999999,62,5.6499999999999993e-06,4.2397849826411154e-06,1.3602782117342932e-05
3063,horizontal,1.1299999999999999,63,5.650000000000001e-06,4.2397849826411163e-06,1.6781603971537582e-05
3064,horizontal,1.1299999999999999,64,5.6500000000000018e-06,4.2397849826411163e-06,1.6939461299683966e-05
3065,horizontal,1.1299999999999999,65,5.6499999999999993e-06,4.2397849826411154e-06,1.5467638556091233e-05
3066,horizontal,1.1299999999999999,66,5.650000000000001e-06,4.2397849826411163e-06,1.1191090897035507e-05
3067,horizontal,1.1299999999999999,67,5.650000000000001e-06,4.2397849826411163e-06,1.8756086628911911e-05
3068,horizontal,1.1299999999999999,68,5.6499999999999993e-06,4.2397849826411154e-06,1.2022292569840275e-05
3069,horizontal,1.1299999999999999,69,5.650000000000001e-06,4.2397849826411163e-06,1.6919840453425722e-05
3070,horizontal,1.1299999999999999,70,5.6500000000000001e-06,4.2397849826411163e-06,1.4658773061174866e-05
3071,horizontal,1.1299999999999999,71,5.650000000000001e-06,4.2397849826411163e-06,1.3555056304574472e-05
3072,horizontal,1.1299999999999999,72,5.6500000000000001e-06,4.2397849826411154e-06,1.2316806187468903e-05
3073,horizontal,1.1299999999999999,73,5.650000000000001e-06,4.2397849826411163e-06,1.3692942354837237e-05
3074,horizontal,1.1299999999999999,74,5.6499999999999993e-06,4.2397849826411154e-06,1.4969111380611962e-05
3075,horizontal,1.1299999999999999,75,5.6499999999999993e-06,4.2397849826411154e-06,1.2527032543972851e-05
3076,horizontal,1.1299999999999999,76,5.6500000000000001e-06,4.2397849826411163e-06,1.3462174810081228e-05
3077,horizontal,1.1299999999999999,77,5.650000000000001e-06,4.2397849826411163e-06,1.4342061211235605e-05
3078,horizontal,1.1299999999999999,78,5.6499999999999993e-06,4.2397849826411154e-06,1.2797866236041869e-05
3079,horizontal,1.1299999999999999,79,5.650000000000001e-06,4.2397849826411163e-06,1.2724836099654343e-05
3080,horizontal,1.1299999999999999,80,5.6500000000000018e-06,4.2397849826411163e-06,1.7633215982170515e-05
3081,horizontal,1.1299999999999999,81,5.6499999999999993e-06,4.2397849826411154e-06,1.3644272458014255e-05
3082,horizontal,1.1299999999999999,82,5.6499999999999993e-06,4.2397849826411154e-06,1.3430450108239263e-05
3083,horizontal,1.1299999999999999,83,5.6500000000000001e-06,4.2397849826411163e-06,1.5036323565461691e-05
3084,horizontal,1.1299999999999999,84,5.6500000000000001e-06,4.2397849826411163e-06,1.2016729040038186e-05
3085,horizontal,1.1299999999999999,85,5.6500000000000001e-06,4.2397849826411163e-06,1.1391069814918173e-05
3086,horizontal,1.1299999999999999,86,5.650000000000001e-06,4.2397849826411163e-06,1.5191151099536248e-05
3087,horizontal,1.1299999999999999,87,5.6500000000000001e-06,4.2397849826411154e-06,1.4876839730852153e-05
3088,horizontal,1.1299999999999999,88,5.6499999999999993e-06,4.2397849826411154e-06,1.6714447279564958e-05
3089,horizontal,1.1299999999999999,89,5.650000000000001e-06,4.2397849826411163e-06,1.1983258060803648e-05
3090,horizontal,1.1299999999999999,90,5.6500000000000001e-06,4.2397849826411163e-06,1.3095762369423993e-05
3091,horizontal,1.1299999999999999,91,5.650000000000001e-06,4.2397849826411163e-06,1.2417163473171646e-05
3092,horizontal,1.1299999999999999,92,5.6500000000000001e-06,4.2397849826411154e-06,1.6866708969107418e-05
3093,horizontal,1.1299999999999999,93,5.6500000000000001e-06,4.2397849826411163e-06,1.3841684850432288e-05
3094,horizontal,1.1299999999999999,94,5.6499999999999993e-06,4.2397849826411154e-06,1.2779346003978838e-05
3095,horizontal,1.1299999999999999,95,5.650000000000001e-06,4.2397849826411154e-06,1.4017297305524514e-05
3096,horizontal,1.1299999999999999,96,5.650000000000001e-06,4.2397849826411163e-06,1.9560371190778973e-05
3097,horizontal,1.1299999999999999,97,5.650000000000001e-06,4.2397849826411154e-06,1.4612651617361611e-05
3098,horizontal,1.1299999999999999,98,5.650000000000001e-06,4.2397849826411154e-06,1.4956006100430267e-05
3099,horizontal,1.1299999999999999,99,5.650000000000001e-06,4.2397849826411163e-06,1.3619626749730968e-05
3100,horizontal,1.1299999999999999,100,5.6499999999999993e-06,4.2397849826411154e-06,1.7901093973276752e-05
3101,horizontal,1.1299999999999999,101,5.6499999999999993e-06,4.2397849826411154e-06,1.6170987855198117e-05
3102,horizontal,1.1299999999999999,102,5.6499999999999993e-06,4.2397849826411154e-06,1.7690362378735582e-05
3103,horizontal,1.1299999999999999,103,5.650000000000001e-06,4.2397849826411163e-06,1.2866291931510478e-05
3104,horizontal,1.1299999999999999,104,5.6499999999999984e-06,4.2397849826411154e-06,1.3360257760409589e-05
3105,horizontal,1.1299999999999999,105,5.6499999999999993e-06,4.2397849826411154e-06,1.2652955478828861e-05
3106,horizontal,1.1299999999999999,106,5.6499999999999993e-06,4.2397849826411154e-06,1.4181163402698251e-05
3107,horizontal,1.1299999999999999,107,5.650000000000001e-06,4.2397849826411163e-06,1.5154086101466613e-05
3108,horizontal,1.1299999999999999,108,5.6499999999999993e-06,4.2397849826411154e-06,1.4373998073018952e-05
3109,horizontal,1.1299999999999999,109,5.650000000000001e-06,4.2397849826411163e-06,1.2431942585665768e-05
3110,horizontal,1.1299999999999999,110,5.650000000000001e-06,4.2397849826411163e-06,1.321539772720383e-05
3111,horizontal,1.1299999999999999,111,5.6500000000000018e-06,4.2397849826411163e-06,1.5889065641456792e-05
3112,horizontal,1.1299999999999999,112,5.6499999999999993e-06,4.2397849826411154e-06,1.7229382704639254e-05
3113,horizontal,1.1299999999999999,113,5.6500000000000001e-06,4.2397849826411154e-06,1.452271934126635e-05
3114,horizontal,1.1299999999999999,114,5.6499999999999993e-06,4.2397849826411154e-06,1.7089628754425059e-05
3115,horizontal,1.1299999999999999,115,5.650000000000001e-06,4.2397849826411163e-06,1.6764374133956083e-05
3116,horizontal,1.1299999999999999,116,5.6499999999999993e-06,4.2397849826411154e-06,1.4847564588338372e-05
3117,horizontal,1.1299999999999999,117,5.650000000000001e-06,4.2397849826411154e-06,1.6937143394007836e-05
3118,horizontal,1.1299999999999999,118,5.6500000000000001e-06,4.2397849826411163e-06,1.5005639511522586e-05
3119,horizontal,1.1299999999999999,119,5.6500000000000001e-06,4.2397849826411154e-06,1.3268611555940148e-05
3120,horizontal,1.1299999999999999,120,5.650000000000001e-06,4.2397849826411163e-06,1.3582896709844222e-05
3121,horizontal,1.1299999999999999,121,5.6499999999999993e-06,4.2397849826411154e-06,1.703166697937377e-05
3122,horizontal,1.1299999999999999,122,5.6499999999999993e-06,4.2397849826411154e-06,1.4746084256772431e-05
3123,horizontal,1.1299999999999999,123,5.6500000000000001e-06,4.2397849826411163e-06,2.177434802430822e-05
3124,horizontal,1.1299999999999999,124,5.6499999999999993e-06,4.2397849826411154e-06,1.3975557536378787e-05
3125,horizontal,1.1299999999999999,125,5.650000000000001e-06,4.2397849826411163e-06,1.6339981604111342e-05
3126,horizontal,1.1299999999999999,126,5.650000000000001e-06,4.2397849826411163e-06,1.4210736216838852e-05
3127,horizontal,1.1299999999999999,127,5.6499999999999993e-06,4.2397849826411154e-06,1.635776952670572e-05
3128,horizontal,1.1299999999999999,128,5.6499999999999993e-06,4.2397849826411154e-06,1.4721712803040344e-05
3129,horizontal,1.1299999999999999,129,5.6499999999999993e-06,4.2397849826411154e-06,1.4921053330300877e-05
3130,horizontal,1.1299999999999999,130,5.6499999999999993e-06,4.2397849826411154e-06,1.356457591394975e-05
3131,horizontal,1.1299999999999999,131,5.6499999999999993e-06,4.2397849826411154e-06,1.3779241888266115e-05
3132,horizontal,1.1299999999999999,132,5.6499999999999993e-06,4.2397849826411154e-06,1.5784490652729265e-05
3133,horizontal,1.1299999999999999,133,5.6499999999999984e-06,4.2397849826411154e-06,1.5263618154295965e-05
3134,horizontal,1.1299999999999999,134,5.6499999999999993e-06,4.2397849826411154e-06,1.3676838922550779e-05
3135,horizontal,1.1299999999999999,135,5.650000000000001e-06,4.2397849826411163e-06,1.4269643820080656e-05
3136,horizontal,1.1299999999999999,136,5.650000000000001e-06,4.2397849826411163e-06,1.6122876106552153e-05
3137,horizontal,1.1299999999999999,137,5.6499999999999993e-06,4.2397849826411154e-06,1.5047025456691078e-05
3138,horizontal,1.1299999999999999,138,5.650000000000001e-06,4.2397849826411154e-06,1.4983526685500385e-05
3139,horizontal,1.1299999999999999,139,5.6500000000000001e-06,4.2397849826411163e-06,1.8218839171475392e-05
3140,horizontal,1.1299999999999999,140,5.6499999999999993e-06,4.2397849826411154e-06,1.5905483382587739e-05
3141,horizontal,1.1299999999999999,141,5.650000000000001e-06,4.2397849826411163e-06,1.656225901037552e-05
3142,horizontal,1.1299999999999999,142,5.6500000000000027e-06,4.2397849826411163e-06,1.3620061265892177e-05
3143,horizontal,1.1299999999999999,143,5.6500000000000018e-06,4.2397849826411163e-06,1.1994998033851749e-05
3144,horizontal,1.1299999999999999,144,5.650000000000001e-06,4.2397849826411163e-06,1.7432256788931812e-05
3145,horizontal,1.1299999999999999,145,5.6499999999999993e-06,4.2397849826411154e-06,1.3059338788785298e-05
3146,horizontal,1.1299999999999999,146,5.650000000000001e-06,4.2397849826411163e-06,1.7822266846729805e-05
3147,horizontal,1.1299999999999999,147,5.650000000000001e-06,4.2397849826411154e-06,1.4901025935517948e-05
3148,horizontal,1.1299999999999999,148,5.650000000000001e-06,4.2397849826411163e-06,1.4377013641832938e-05
3149,horizontal,1.1299999999999999,149,5.6500000000000001e-06,4.2397849826411154e-06,1.5525443587164669e-05
3150,horizontal,1.1299999999999999,150,5.6499999999999993e-06,4.2397849826411154e-06,1.301318166355899e-05
3151,horizontal,1.1299999999999999,151,5.6499999999999993e-06,4.2397849826411154e-06,1.2221387251092586e-05
3152,horizontal,1.1299999999999999,152,5.6500000000000018e-06,4.2397849826411163e-06,1.2720017720750582e-05
3153,horizontal,1.1299999999999999,153,5.6499999999999984e-06,4.2397849826411146e-06,1.1698254047275474e-05
3154,horizontal,1.1299999999999999,154,5.6500000000000018e-06,4.2397849826411163e-06,1.3661341526815521e-05
3155,horizontal,1.1299999999999999,155,5.650000000000001e-06,4.2397849826411163e-06,1.2622088426339753e-05
3156,horizontal,1.1299999999999999,156,5.650000000000001e-06,4.2397849826411163e-06,1.2862367615264154e-05
3157,horizontal,1.1299999999999999,157,5.6499999999999993e-06,4.2397849826411154e-06,1.2954013658749336e-05
3158,horizontal,1.1299999999999999,158,5.6500000000000001e-06,4.2397849826411154e-06,1.7347858825275712e-05
3159,horizontal,1.1299999999999999,159,5.650000000000001e-06,4.2397849826411154e-06,1.6075512010111918e-05
3160,horizontal,1.1299999999999999,160,5.6500000000000001e-06,4.2397849826411154e-06,1.4992175849398836e-05
3161,horizontal,1.1299999999999999,161,5.650000000000001e-06,4.2397849826411154e-06,1.4304152782959384e-05
3162,horizontal,1.1299999999999999,162,5.6500000000000001e-06,4.2397849826411163e-06,1.6903457676804401e-05
3163,horizontal,1.1299999999999999,163,5.650000000000001e-06,4.2397849826411163e-06,1.3805697524695693e-05
3164,horizontal,1.1299999999999999,164,5.650000000000001e-06,4.2397849826411163e-06,1.10272169828613e-05
3165,horizontal,1.1299999999999999,165,5.650000000000001e-06,4.2397849826411163e-06,1.5647735517860306e-05
3166,horizontal,1.1299999999999999,166,5.6500000000000001e-06,4.2397849826411154e-06,1.1526272912231909e-05
3167,horizontal,1.1299999999999999,167,5.6499999999999993e-06,4.2397849826411154e-06,1.5820793847011755e-05
3168,horizontal,1.1299999999999999,168,5.6499999999999984e-06,4.2397849826411154e-06,1.1262976663970296e-05
3169,horizontal,1.1299999999999999,169,5.650000000000001e-06,4.2397849826411163e-06,1.5563947702898687e-05
3170,horizontal,1.1299999999999999,170,5.650000000000001e-06,4.2397849826411163e-06,1.2069771571688533e-05
3171,horizontal,1.1299999999999999,171,5.6499999999999993e-06,4.2397849826411154e-06,1.2259041112005321e-05
3172,horizontal,1.1299999999999999,172,5.6500000000000001e-06,4.2397849826411163e-06,1.8263246618602121e-05
3173,horizontal,1.1299999999999999,173,5.650000000000001e-06,4.2397849826411163e-06,1.461681921850907e-05
3174,horizontal,1.1299999999999999,174,5.6499999999999993e-06,4.2397849826411163e-06,1.6726188402884377e-05
3175,horizontal,1.1299999999999999,175,5.6500000000000001e-06,4.2397849826411163e-06,1.3359314190642791e-05
3176,horizontal,1.1299999999999999,176,5.6500000000000001e-06,4.2397849826411154e-06,1.2041153583749993e-05
3177,horizontal,1.1299999999999999,177,5.6499999999999993e-06,4.2397849826411154e-06,1.5096308177450999e-05
3178,horizontal,1.1299999999999999,178,5.6500000000000018e-06,4.2397849826411163e-06,1.427432999299866e-05
3179,horizontal,1.1299999999999999,179,5.6500000000000001e-06,4.2397849826411154e-06,1.8571833214026961e-05
3180,horizontal,1.1299999999999999,180,5.650000000000001e-06,4.2397849826411163e-06,1.4109960852530843e-05
3181,horizontal,1.1299999999999999,181,5.6500000000000001e-06,4.2397849826411163e-06,1.6563044309638177e-05
3182,horizontal,1.1299999999999999,182,5.6500000000000001e-06,4.2397849826411154e-06,1.3003197528730905e-05
3183,horizontal,1.1299999999999999,183,5.650000000000001e-06,4.2397849826411163e-06,1.3994283383256413e-05
3184,horizontal,1.1299999999999999,184,5.6500000000000001e-06,4.2397849826411154e-06,1.2095209802112995e-05
3185,horizontal,1.1299999999999999,185,5.6499999999999993e-06,4.2397849826411163e-06,1.7654223091386189e-05
3186,horizontal,1.1299999999999999,186,5.650000000000001e-06,4.2397849826411163e-06,1.5424686815513418e-05
3187,horizontal,1.1299999999999999,187,5.6500000000000001e-06,4.2397849826411163e-06,1.563353891818451e-05
3188,horizontal,1.1299999999999999,188,5.6499999999999993e-06,4.2397849826411154e-06,1.4378452808571455e-05
3189,horizontal,1.1299999999999999,189,5.6499999999999993e-06,4.2397849826411154e-06,2.0656711708650998e-05
3190,horizontal,1.1299999999999999,190,5.650000000000001e-06,4.2397849826411163e-06,1.5856385509435456e-05
3191,horizontal,1.1299999999999999,191,5.650000000000001e-06,4.2397849826411154e-06,1.844149950930825e-05
3192,horizontal,1.1299999999999999,192,5.6499999999999993e-06,4.2397849826411154e-06,1.5015493998883776e-05
3193,horizontal,1.1299999999999999,193,5.6500000000000018e-06,4.2397849826411163e-06,1.5114093637738484e-05
3194,horizontal,1.1299999999999999,194,5.6500000000000001e-06,4.2397849826411154e-06,1.2892848113967608e-05
3195,horizontal,1.1299999999999999,195,5.650000000000001e-06,4.2397849826411163e-06,1.9645346734036603e-05
3196,horizontal,1.1299999999999999,196,5.650000000000001e-06,4.2397849826411163e-06,1.2949028205613474e-05
3197,horizontal,1.1299999999999999,197,5.6499999999999993e-06,4.2397849826411163e-06,1.1905941837780813e-05
3198,horizontal,1.1299999999999999,198,5.6499999999999993e-06,4.2397849826411154e-06,1.2407085859435003e-05
3199,horizontal,1.1299999999999999,199,5.6499999999999993e-06,4.2397849826411154e-06,1.5282129961739352e-05
3200,horizontal,1.1299999999999999,200,5.650000000000001e-06,4.2397849826411154e-06,1.3359316693087243e-05
3201,horizontal,1.1299999999999999,201,5.6499999999999993e-06,4.2397849826411154e-06,1.3403072622826351e-05
3202,horizontal,1.1299999999999999,202,5.6499999999999993e-06,4.2397849826411163e-06,1.2805549618219946e-05
3203,horizontal,1.1299999999999999,203,5.650000000000001e-06,4.2397849826411163e-06,1.5266914309764776e-05
3204,horizontal,1.1299999999999999,204,5.650000000000001e-06,4.2397849826411163e-06,1.3052172775827158e-05
3205,horizontal,1.1299999999999999,205,5.6500000000000018e-06,4.2397849826411163e-06,1.5340785421658293e-05
3206,horizontal,1.1299999999999999,206,5.6499999999999993e-06,4.2397849826411154e-06,1.3842124091615382e-05
3207,horizontal,1.1299999999999999,207,5.650000000000001e-06,4.2397849826411163e-06,1.8475031987807187e-05
3208,horizontal,1.1299999999999999,208,5.6499999999999993e-06,4.2397849826411163e-06,1.7838376130060181e-05
3209,horizontal,1.1299999999999999,209,5.650000000000001e-06,4.2397849826411163e-06,1.878315204114355e-05
3210,horizontal,1.1299999999999999,210,5.6499999999999993e-06,4.2397849826411163e-06,1.5580991925645375e-05
3211,horizontal,1.1299999999999999,211,5.650000000000001e-06,4.2397849826411163e-06,1.6618953517358454e-05
3212,horizontal,1.1299999999999999,212,5.650000000000001e-06,4.2397849826411163e-06,1.3432213808202698e-05
3213,horizontal,1.1299999999999999,213,5.6499999999999993e-06,4.2397849826411154e-06,1.2301680948634173e-05
3214,horizontal,1.1299999999999999,214,5.650000000000001e-06,4.2397849826411163e-06,1.2525356388888569e-05
3215,horizontal,1.1299999999999999,215,5.6499999999999993e-06,4.2397849826411154e-06,1.2745939639809575e-05
3216,horizontal,1.1299999999999999,216,5.6500000000000001e-06,4.2397849826411154e-06,1.6846790191965115e-05
3217,horizontal,1.1299999999999999,217,5.6500000000000001e-06,4.2397849826411154e-06,1.5987994020778759e-05
3218,horizontal,1.1299999999999999,218,5.650000000000001e-06,4.2397849826411163e-06,1.4376988295339608e-05
3219,horizontal,1.1299999999999999,219,5.650000000000001e-06,4.2397849826411154e-06,1.6668552115089291e-05
3220,horizontal,1.1299999999999999,220,5.6499999999999993e-06,4.2397849826411154e-06,1.3409966026385172e-05
3221,horizontal,1.1299999999999999,221,5.6499999999999993e-06,4.2397849826411163e-06,1.4730855415232551e-05
3222,horizontal,1.1299999999999999,222,5.6499999999999993e-06,4.2397849826411154e-06,1.2292428829545777e-05
3223,horizontal,1.1299999999999999,223,5.6499999999999993e-06,4.2397849826411154e-06,1.4925837785892818e-05
3224,horizontal,1.1299999999999999,224,5.650000000000001e-06,4.2397849826411154e-06,1.2838754115504598e-05
3225,horizontal,1.1299999999999999,225,5.6499999999999993e-06,4.2397849826411163e-06,1.2699947556860238e-05
3226,horizontal,1.1299999999999999,226,5.6500000000000001e-06,4.2397849826411163e-06,1.4981143242351641e-05
3227,horizontal,1.1299999999999999,227,5.6500000000000001e-06,4.2397849826411163e-06,1.4672049485168937e-05
3228,horizontal,1.1299999999999999,228,5.6500000000000001e-06,4.2397849826411163e-06,1.9098408372796888e-05
3229,horizontal,1.1299999999999999,229,5.6499999999999993e-06,4.2397849826411146e-06,1.5026981476718001e-05
3230,horizontal,1.1299999999999999,230,5.650000000000001e-06,4.2397849826411163e-06,1.4293813205422423e-05
3231,horizontal,1.1299999999999999,231,5.6500000000000001e-06,4.2397849826411163e-06,1.2039138484258821e-05
3232,horizontal,1.1299999999999999,232,5.650000000000001e-06,4.2397849826411163e-06,1.4970314835864101e-05
3233,horizontal,1.1299999999999999,233,5.6500000000000018e-06,4.2397849826411171e-06,1.4123379912912109e-05
3234,horizontal,1.1299999999999999,234,5.650000000000001e-06,4.2397849826411163e-06,1.4018108377968108e-05
3235,horizontal,1.1299999999999999,235,5.6499999999999993e-06,4.2397849826411154e-06,1.4303066746404651e-05
3236,horizontal,1.1299999999999999,236,5.6499999999999993e-06,4.2397849826411154e-06,1.5739057384720009e-05
3237,horizontal,1.1299999999999999,237,5.6500000000000018e-06,4.2397849826411163e-06,1.6474873287832089e-05
3238,horizontal,1.1299999999999999,238,5.650000000000001e-06,4.2397849826411154e-06,1.5365866429138247e-05
3239,horizontal,1.1299999999999999,239,5.6500000000000001e-06,4.2397849826411154e-06,1.4635073952373247e-05
3240,horizontal,1.1299999999999999,240,5.6499999999999993e-06,4.2397849826411154e-06,1.6470375498936479e-05
3241,horizontal,1.1299999999999999,241,5.650000000000001e-06,4.2397849826411163e-06,1.1117442702978306e-05
3242,horizontal,1.1299999999999999,242,5.6500000000000001e-06,4.2397849826411154e-06,1.271207993424605e-05
3243,horizontal,1.1299999999999999,243,5.650000000000001e-06,4.2397849826411154e-06,1.7190822260571443e-05
3244,horizontal,1.1299999999999999,244,5.650000000000001e-06,4.2397849826411163e-06,9.4930546259426027e-06
3245,horizontal,1.1299999999999999,245,5.650000000000001e-06,4.2397849826411163e-06,1.5085691079528873e-05
3246,horizontal,1.1299999999999999,246,5.6500000000000001e-06,4.2397849826411163e-06,1.4051860771383727e-05
3247,horizontal,1.1299999999999999,247,5.650000000000001e-06,4.2397849826411163e-06,1.6347540389487899e-05
3248,horizontal,1.1299999999999999,248,5.6499999999999993e-06,4.2397849826411154e-06,1.4196085794721677e-05
3249,horizontal,1.1299999999999999,249,5.6500000000000001e-06,4.2397849826411154e-06,1.3450218389270008e-05
3250,horizontal,1.1299999999999999,250,5.6500000000000001e-06,4.2397849826411154e-06,1.3449104768288464e-05
3251,horizontal,1.1299999999999999,251,5.6499999999999993e-06,4.2397849826411154e-06,1.3400967232368819e-05
3252,horizontal,1.1299999999999999,252,5.6499999999999993e-06,4.2397849826411154e-06,1.625594300819099e-05
3253,horizontal,1.1299999999999999,253,5.6499999999999993e-06,4.2397849826411154e-06,1.523504835566544e-05
3254,horizontal,1.1299999999999999,254,5.6499999999999993e-06,4.2397849826411154e-06,1.5871317635741739e-05
3255,horizontal,1.1299999999999999,255,5.6499999999999993e-06,4.2397849826411154e-06,1.6512942097032849e-05
3256,horizontal,1.1299999999999999,256,5.6499999999999993e-06,4.2397849826411154e-06,1.1423446498470018e-05
3257,horizontal,1.1299999999999999,257,5.6500000000000001e-06,4.2397849826411163e-06,1.3785916746326014e-05
3258,horizontal,1.1299999999999999,258,5.6499999999999993e-06,4.2397849826411154e-06,1.4564477781654585e-05
3259,horizontal,1.1299999999999999,259,5.650000000000001e-06,4.2397849826411154e-06,1.4542386054506861e-05
3260,horizontal,1.1299999999999999,260,5.6499999999999993e-06,4.2397849826411154e-06,1.3480581053836612e-05
3261,horizontal,1.1299999999999999,261,5.6499999999999993e-06,4.2397849826411163e-06,1.2242083228885493e-05
3262,horizontal,1.1299999999999999,262,5.650000000000001e-06,4.2397849826411163e-06,1.1168261837176421e-05
3263,horizontal,1.1299999999999999,263,5.6500000000000001e-06,4.2397849826411163e-06,1.3693915930628415e-05
3264,horizontal,1.1299999999999999,264,5.6499999999999993e-06,4.2397849826411154e-06,1.1473418333572612e-05
3265,horizontal,1.1299999999999999,265,5.6500000000000001e-06,4.2397849826411154e-06,1.3764461818412692e-05
3266,horizontal,1.1299999999999999,266,5.650000000000001e-06,4.2397849826411163e-06,1.7430449435494213e-05
3267,horizontal,1.1299999999999999,267,5.650000000000001e-06,4.2397849826411163e-06,1.9906072210801505e-05
3268,horizontal,1.1299999999999999,268,5.6500000000000001e-06,4.2397849826411154e-06,1.4165711963964764e-05
3269,horizontal,1.1299999999999999,269,5.6499999999999993e-06,4.2397849826411163e-06,1.3012002405939988e-05
3270,horizontal,1.1299999999999999,270,5.650000000000001e-06,4.2397849826411154e-06,1.5517445655384578e-05
3271,horizontal,1.1299999999999999,271,5.650000000000001e-06,4.2397849826411163e-06,1.4445151028834405e-05
3272,horizontal,1.1299999999999999,272,5.650000000000001e-06,4.2397849826411163e-06,1.5396033896768987e-05
3273,horizontal,1.1299999999999999,273,5.650000000000001e-06,4.2397849826411163e-06,1.6744243215020187e-05
3274,horizontal,1.1299999999999999,274,5.6499999999999993e-06,4.2397849826411163e-06,1.2526790318094065e-05
3275,horizontal,1.1299999999999999,275,5.650000000000001e-06,4.2397849826411163e-06,1.5159708869131237e-05
3276,horizontal,1.1299999999999999,276,5.650000000000001e-06,4.2397849826411163e-06,1.5810459975121319e-05
3277,horizontal,1.1299999999999999,277,5.6500000000000001e-06,4.2397849826411163e-06,1.4861660037629512e-05
3278,horizontal,1.1299999999999999,278,5.650000000000001e-06,4.2397849826411163e-06,1.6849897531826334e-05
3279,horizontal,1.1299999999999999,279,5.6500000000000001e-06,4.2397849826411154e-06,1.4120186604075452e-05
3280,horizontal,1.1299999999999999,280,5.6499999999999993e-06,4.2397849826411154e-06,1.6281949983824169e-05
3281,horizontal,1.1299999999999999,281,5.6499999999999993e-06,4.2397849826411154e-06,1.6958747810996204e-05
3282,horizontal,1.1299999999999999,282,5.6499999999999993e-06,4.2397849826411154e-06,1.6156906449623148e-05
3283,horizontal,1.1299999999999999,283,5.650000000000001e-06,4.2397849826411163e-06,1.272663147431548e-05
3284,horizontal,1.1299999999999999,284,5.6499999999999993e-06,4.2397849826411154e-06,1.2350305370015394e-05
3285,horizontal,1.1299999999999999,285,5.650000000000001e-06,4.2397849826411163e-06,1.304381474409045e-05
3286,horizontal,1.1299999999999999,286,5.6499999999999993e-06,4.2397849826411154e-06,1.5930636150604364e-05
3287,horizontal,1.1299999999999999,287,5.650000000000001e-06,4.2397849826411154e-06,1.4381248777017998e-05
3288,horizontal,1.1299999999999999,288,5.6500000000000001e-06,4.2397849826411163e-06,1.6769904241168757e-05
3289,horizontal,1.1299999999999999,289,5.6499999999999993e-06,4.2397849826411154e-06,1.1000532700155303e-05
3290,horizontal,1.1299999999999999,290,5.650000000000001e-06,4.2397849826411163e-06,1.5153512871567888e-05
3291,horizontal,1.1299999999999999,291,5.6499999999999993e-06,4.2397849826411154e-06,1.7116140834032353e-05
3292,horizontal,1.1299999999999999,292,5.6499999999999993e-06,4.2397849826411163e-06,1.7472832403609946e-05
3293,horizontal,1.1299999999999999,293,5.650000000000001e-06,4.2397849826411154e-06,1.4098804429155325e-05
3294,horizontal,1.1299999999999999,294,5.650000000000001e-06,4.2397849826411163e-06,1.5619249226757596e-05
3295,horizontal,1.1299999999999999,295,5.6499999999999993e-06,4.2397849826411154e-06,1.3387784636750935e-05
3296,horizontal,1.1299999999999999,296,5.6499999999999993e-06,4.2397849826411154e-06,1.4443017307104289e-05
3297,horizontal,1.1299999999999999,297,5.6499999999999993e-06,4.2397849826411154e-06,1.5055415866957784e-05
3298,horizontal,1.1299999999999999,298,5.6499999999999993e-06,4.2397849826411154e-06,1.3100130600746865e-05
3299,horizontal,1.1299999999999999,299,5.650000000000001e-06,4.2397849826411163e-06,1.4268421112673525e-05
3300,horizontal,1.1299999999999999,300,5.6500000000000001e-06,4.2397849826411163e-06,1.4849686154168744e-05
3301,horizontal,1.1299999999999999,301,5.6499999999999993e-06,4.2397849826411154e-06,1.5698047228612847e-05
3302,horizontal,1.1299999999999999,302,5.650000000000001e-06,4.2397849826411163e-06,1.4335863347871576e-05
3303,horizontal,1.1299999999999999,303,5.6499999999999993e-06,4.2397849826411154e-06,1.2668439012762424e-05
3304,horizontal,1.1299999999999999,304,5.6499999999999993e-06,4.2397849826411154e-06,1.3413476562487178e-05
3305,horizontal,1.1299999999999999,305,5.6500000000000001e-06,4.2397849826411154e-06,1.2923503958190798e-05
3306,horizontal,1.1299999999999999,306,5.6499999999999993e-06,4.2397849826411154e-06,1.3225703740685134e-05
3307,horizontal,1.1299999999999999,307,5.6499999999999993e-06,4.2397849826411154e-06,1.3417709997394748e-05
3308,horizontal,1.1299999999999999,308,5.650000000000001e-06,4.2397849826411163e-06,1.842493839242733e-05
3309,horizontal,1.1299999999999999,309,5.650000000000001e-06,4.2397849826411163e-06,2.2306912135352983e-05
3310,horizontal,1.1299999999999999,310,5.6499999999999993e-06,4.2397849826411154e-06,1.4259552895760515e-05
3311,horizontal,1.1299999999999999,311,5.650000000000001e-06,4.2397849826411163e-06,1.3101398205920324e-05
3312,horizontal,1.1299999999999999,312,5.650000000000001e-06,4.2397849826411163e-06,1.4123161285014139e-05
3313,horizontal,1.1299999999999999,313,5.650000000000001e-06,4.2397849826411163e-06,1.3253000032642608e-05
3314,horizontal,1.1299999999999999,314,5.6500000000000001e-06,4.2397849826411163e-06,1.465573854837127e-05
3315,horizontal,1.1299999999999999,315,5.650000000000001e-06,4.2397849826411163e-06,1.1815528146578979e-05
3316,horizontal,1.1299999999999999,316,5.6499999999999993e-06,4.2397849826411154e-06,1.1776784853270867e-05
3317,horizontal,1.1299999999999999,317,5.6500000000000001e-06,4.2397849826411163e-06,1.332575884311682e-05
3318,horizontal,1.1299999999999999,318,5.6499999999999993e-06,4.2397849826411154e-06,1.6583574919237709e-05
3319,horizontal,1.1299999999999999,319,5.6499999999999993e-06,4.2397849826411154e-06,1.4294095622823112e-05
3320,horizontal,1.1299999999999999,320,5.6499999999999993e-06,4.2397849826411154e-06,1.6248869281543738e-05
3321,horizontal,1.1299999999999999,321,5.650000000000001e-06,4.2397849826411163e-06,1.4365837037438535e-05
3322,horizontal,1.1299999999999999,322,5.6500000000000001e-06,4.2397849826411154e-06,1.3151735238960092e-05
3323,horizontal,1.1299999999999999,323,5.650000000000001e-06,4.2397849826411163e-06,1.3358041776314069e-05
3324,horizontal,1.1299999999999999,324,5.650000000000001e-06,4.2397849826411163e-06,1.3098316355205393e-05
3325,horizontal,1.1299999999999999,325,5.6499999999999993e-06,4.2397849826411154e-06,1.3193583600760659e-05
3326,horizontal,1.1299999999999999,326,5.6500000000000001e-06,4.2397849826411163e-06,1.496646452031047e-05
3327,horizontal,1.1299999999999999,327,5.6499999999999993e-06,4.2397849826411154e-06,1.3535878191305319e-05
3328,horizontal,1.1299999999999999,328,5.6499999999999993e-06,4.2397849826411154e-06,1.6652884487371025e-05
3329,horizontal,1.1299999999999999,329,5.6499999999999993e-06,4.2397849826411154e-06,1.5146307361094862e-05
3330,horizontal,1.1299999999999999,330,5.6500000000000001e-06,4.2397849826411163e-06,1.4501707672509892e-05
3331,horizontal,1.1299999999999999,331,5.6499999999999993e-06,4.2397849826411154e-06,1.5139007381531853e-05
3332,horizontal,1.1299999999999999,332,5.6500000000000018e-06,4.2397849826411163e-06,1.4966369184042453e-05
3333,horizontal,1.1299999999999999,333,5.6500000000000001e-06,4.2397849826411154e-06,1.5633231704843711e-05
3334,horizontal,1.1299999999999999,334,5.6499999999999993e-06,4.2397849826411154e-06,1.7813431879992862e-05
3335,horizontal,1.1299999999999999,335,5.650000000000001e-06,4.2397849826411154e-06,1.3039674799543093e-05
3336,horizontal,1.1299999999999999,336,5.6499999999999993e-06,4.2397849826411154e-06,1.3113849688356328e-05
3337,horizontal,1.1299999999999999,337,5.6499999999999984e-06,4.2397849826411146e-06,1.1816616119553344e-05
3338,horizontal,1.1299999999999999,338,5.6500000000000001e-06,4.2397849826411163e-06,1.152246198510222e-05
3339,horizontal,1.1299999999999999,339,5.650000000000001e-06,4.2397849826411154e-06,1.3178696312901718e-05
3340,horizontal,1.1299999999999999,340,5.650000000000001e-06,4.2397849826411154e-06,1.8980554823670989e-05
3341,horizontal,1.1299999999999999,341,5.6499999999999993e-06,4.2397849826411154e-06,1.3435917096508702e-05
3342,horizontal,1.1299999999999999,342,5.650000000000001e-06,4.2397849826411163e-06,1.9063941706461529e-05
3343,horizontal,1.1299999999999999,343,5.650000000000001e-06,4.2397849826411154e-06,1.5017957392962382e-05
3344,horizontal,1.1299999999999999,344,5.650000000000001e-06,4.2397849826411154e-06,1.1747777628032813e-05
3345,horizontal,1.1299999999999999,345,5.650000000000001e-06,4.2397849826411163e-06,1.2188800388973793e-05
3346,horizontal,1.1299999999999999,346,5.6500000000000001e-06,4.2397849826411154e-06,1.4708438755599857e-05
3347,horizontal,1.1299999999999999,347,5.6499999999999993e-06,4.2397849826411154e-06,1.7133814003059375e-05
3348,horizontal,1.1299999999999999,348,5.650000000000001e-06,4.2397849826411163e-06,1.5608178234171698e-05
3349,horizontal,1.1299999999999999,349,5.6499999999999993e-06,4.2397849826411154e-06,2.0195132071451078e-05
3350,horizontal,1.1299999999999999,350,5.6499999999999993e-06,4.2397849826411154e-06,1.2184429081602152e-05
3351,horizontal,1.1299999999999999,351,5.6499999999999993e-06,4.2397849826411154e-06,1.1997564005007049e-05
3352,horizontal,1.1299999999999999,352,5.6500000000000001e-06,4.2397849826411163e-06,1.5469918473255144e-05
3353,horizontal,1.1299999999999999,353,5.650000000000001e-06,4.2397849826411163e-06,1.4358420294572856e-05
3354,horizontal,1.1299999999999999,354,5.650000000000001e-06,4.2397849826411163e-06,1.4862087769081953e-05
3355,horizontal,1.1299999999999999,355,5.650000000000001e-06,4.2397849826411154e-06,1.5081225328156799e-05
3356,horizontal,1.1299999999999999,356,5.6500000000000001e-06,4.2397849826411163e-06,1.1646445454150144e-05
3357,horizontal,1.1299999999999999,357,5.6499999999999993e-06,4.2397849826411154e-06,1.1989926409429004e-05
3358,horizontal,1.1299999999999999,358,5.650000000000001e-06,4.2397849826411163e-06,2.0814984197328244e-05
3359,horizontal,1.1299999999999999,359,5.6499999999999993e-06,4.2397849826411154e-06,1.2122146480569434e-05
3360,horizontal,1.1299999999999999,360,5.6499999999999993e-06,4.2397849826411154e-06,1.2709050005914951e-05
3361,horizontal,1.1299999999999999,361,5.6499999999999993e-06,4.2397849826411154e-06,1.3129029006814811e-05
3362,horizontal,1.1299999999999999,362,5.6500000000000001e-06,4.2397849826411154e-06,1.5590496055577858e-05
3363,horizontal,1.1299999999999999,363,5.6499999999999993e-06,4.2397849826411154e-06,1.2444245492861418e-05
3364,horizontal,1.1299999999999999,364,5.6499999999999993e-06,4.2397849826411154e-06,1.4539354927158814e-05
3365,horizontal,1.1299999999999999,365,5.650000000000001e-06,4.2397849826411163e-06,1.5515661617667207e-05
3366,horizontal,1.1299999999999999,366,5.6499999999999993e-06,4.2397849826411154e-06,1.7880394193905042e-05
3367,horizontal,1.1299999999999999,367,5.6499999999999993e-06,4.2397849826411154e-06,1.2335984207831216e-05
3368,horizontal,1.1299999999999999,368,5.6500000000000001e-06,4.2397849826411163e-06,1.4466510678307149e-05
3369,horizontal,1.1299999999999999,369,5.6499999999999993e-06,4.2397849826411154e-06,1.468607570908344e-05
3370,horizontal,1.1299999999999999,370,5.650000000000001e-06,4.2397849826411163e-06,1.4258104759124979e-05
3371,horizontal,1.1299999999999999,371,5.6499999999999993e-06,4.2397849826411154e-06,1.6082388235369542e-05
3372,horizontal,1.1299999999999999,372,5.6499999999999993e-06,4.2397849826411163e-06,1.591382422574609e-05
3373,horizontal,1.1299999999999999,373,5.650000000000001e-06,4.2397849826411154e-06,1.3932586932128059e-05
3374,horizontal,1.1299999999999999,374,5.6499999999999993e-06,4.2397849826411154e-06,1.5581648888897342e-05
3375,horizontal,1.1299999999999999,375,5.6500000000000001e-06,4.2397849826411154e-06,1.2996241315598325e-05
3376,horizontal,1.1299999999999999,376,5.6500000000000001e-06,4.2397849826411154e-06,1.3799736847130591e-05
3377,horizontal,1.1299999999999999,377,5.650000000000001e-06,4.2397849826411163e-06,1.7722653908518819e-05
3378,horizontal,1.1299999999999999,378,5.6499999999999993e-06,4.2397849826411154e-06,1.5394731297956075e-05
3379,horizontal,1.1299999999999999,379,5.6500000000000001e-06,4.2397849826411154e-06,1.5093828739234816e-05
3380,horizontal,1.1299999999999999,380,5.6499999999999993e-06,4.2397849826411154e-06,1.2910765847041031e-05
3381,horizontal,1.1299999999999999,381,5.6500000000000001e-06,4.2397849826411163e-06,1.3057606880334705e-05
3382,horizontal,1.1299999999999999,382,5.6499999999999993e-06,4.2397849826411163e-06,1.4741481128277552e-05
3383,horizontal,1.1299999999999999,383,5.6499999999999993e-06,4.2397849826411154e-06,1.3473478433088111e-05
3384,horizontal,1.1299999999999999,384,5.6499999999999993e-06,4.2397849826411154e-06,1.410793563959253e-05
3385,horizontal,1.1299999999999999,385,5.650000000000001e-06,4.2397849826411163e-06,1.5166485524760257e-05
3386,horizontal,1.1299999999999999,386,5.650000000000001e-06,4.2397849826411163e-06,1.7543029040265348e-05
3387,horizontal,1.1299999999999999,387,5.6499999999999993e-06,4.2397849826411154e-06,1.4131178308076189e-05
3388,horizontal,1.1299999999999999,388,5.6499999999999993e-06,4.2397849826411154e-06,1.487995799165803e-05
3389,horizontal,1.1299999999999999,389,5.6499999999999984e-06,4.2397849826411154e-06,1.7706053925762943e-05
3390,horizontal,1.1299999999999999,390,5.6500000000000001e-06,4.2397849826411154e-06,1.2909032548058583e-05
3391,horizontal,1.1299999999999999,391,5.650000000000001e-06,4.2397849826411154e-06,1.2833436289539058e-05
3392,horizontal,1.1299999999999999,392,5.6499999999999993e-06,4.2397849826411154e-06,1.388847679445922e-05
3393,horizontal,1.1299999999999999,393,5.6500000000000001e-06,4.2397849826411154e-06,1.4425546836725688e-05
3394,horizontal,1.1299999999999999,394,5.6499999999999993e-06,4.2397849826411154e-06,1.3504933250320005e-05
3395,horizontal,1.1299999999999999,395,5.6499999999999993e-06,4.2397849826411154e-06,1.3795079920404707e-05
3396,horizontal,1.1299999999999999,396,5.650000000000001e-06,4.2397849826411154e-06,1.2243079380089295e-05
3397,horizontal,1.1299999999999999,397,5.6500000000000001e-06,4.2397849826411163e-06,1.5306431884076566e-05
3398,horizontal,1.1299999999999999,398,5.6499999999999993e-06,4.2397849826411154e-06,1.5451592886773627e-05
3399,horizontal,1.1299999999999999,399,5.650000000000001e-06,4.2397849826411154e-06,1.3870641309216167e-05
3400,horizontal,1.1299999999999999,400,5.6500000000000001e-06,4.2397849826411163e-06,1.2170414996918288e-05
3401,horizontal,1.1299999999999999,401,5.6499999999999993e-06,4.2397849826411154e-06,1.8411383200129147e-05
3402,horizontal,1.1299999999999999,402,5.6500000000000001e-06,4.2397849826411154e-06,1.6166046483575887e-05
3403,horizontal,1.1299999999999999,403,5.650000000000001e-06,4.2397849826411154e-06,1.1766849084195839e-05
3404,horizontal,1.1299999999999999,404,5.650000000000001e-06,4.2397849826411163e-06,1.5704600400641118e-05
3405,horizontal,1.1299999999999999,405,5.6499999999999993e-06,4.2397849826411154e-06,1.228130862798065e-05
3406,horizontal,1.1299999999999999,406,5.6500000000000001e-06,4.2397849826411154e-06,1.3289085955684245e-05
3407,horizontal,1.1299999999999999,407,5.6499999999999993e-06,4.2397849826411154e-06,1.5901791792224416e-05
3408,horizontal,1.1299999999999999,408,5.6499999999999993e-06,4.2397849826411154e-06,1.4715698747096527e-05
3409,horizontal,1.1299999999999999,409,5.6500000000000001e-06,4.2397849826411154e-06,1.7557282952641804e-05
3410,horizontal,1.1299999999999999,410,5.6500000000000018e-06,4.2397849826411163e-06,1.4633371321063028e-05
3411,horizontal,1.1299999999999999,411,5.650000000000001e-06,4.2397849826411154e-06,1.4864612124562574e-05
3412,horizontal,1.1299999999999999,412,5.6499999999999993e-06,4.2397849826411154e-06,1.430100539444586e-05
3413,horizontal,1.1299999999999999,413,5.6499999999999993e-06,4.2397849826411154e-06,1.5009380112877829e-05
3414,horizontal,1.1299999999999999,414,5.6500000000000001e-06,4.2397849826411163e-06,1.4331321948507002e-05
3415,horizontal,1.1299999999999999,415,5.650000000000001e-06,4.2397849826411163e-06,1.2915273613365655e-05
3416,horizontal,1.1299999999999999,416,5.650000000000001e-06,4.2397849826411163e-06,1.1797513156773744e-05
3417,horizontal,1.1299999999999999,417,5.6500000000000001e-06,4.2397849826411154e-06,1.2876911632162498e-05
3418,horizontal,1.1299999999999999,418,5.6499999999999993e-06,4.2397849826411154e-06,1.3581484249967449e-05
3419,horizontal,1.1299999999999999,419,5.6499999999999984e-06,4.2397849826411154e-06,1.3663918667353363e-05
3420,horizontal,1.1299999999999999,420,5.6499999999999993e-06,4.2397849826411154e-06,1.3982251209220391e-05
3421,horizontal,1.1299999999999999,421,5.6500000000000018e-06,4.2397849826411163e-06,1.3520572706177703e-05
3422,horizontal,1.1299999999999999,422,5.650000000000001e-06,4.2397849826411163e-06,1.5851426943767467e-05
3423,horizontal,1.1299999999999999,423,5.650000000000001e-06,4.2397849826411163e-06,1.5731751431212114e-05
3424,horizontal,1.1299999999999999,424,5.6500000000000001e-06,4.2397849826411154e-06,1.5933142509941305e-05
3425,horizontal,1.1299999999999999,425,5.650000000000001e-06,4.2397849826411163e-06,1.3191512034543024e-05
3426,horizontal,1.1299999999999999,426,5.650000000000001e-06,4.2397849826411163e-06,1.3579939551618028e-05
3427,horizontal,1.1299999999999999,427,5.650000000000001e-06,4.2397849826411163e-06,1.2544235874823006e-05
3428,horizontal,1.1299999999999999,428,5.650000000000001e-06,4.2397849826411163e-06,1.4571863799404353e-05
3429,horizontal,1.1299999999999999,429,5.6499999999999993e-06,4.2397849826411163e-06,1.3133120300744866e-05
3430,horizontal,1.1299999999999999,430,5.650000000000001e-06,4.2397849826411163e-06,1.5829750083960639e-05
3431,horizontal,1.1299999999999999,431,5.650000000000001e-06,4.2397849826411154e-06,1.6227002322512119e-05
3432,horizontal,1.1299999999999999,432,5.6500000000000001e-06,4.2397849826411154e-06,1.3581004891820319e-05
3433,horizontal,1.1299999999999999,433,5.650000000000001e-06,4.2397849826411163e-06,1.5068360553008191e-05
3434,horizontal,1.1299999999999999,434,5.650000000000001e-06,4.2397849826411154e-06,1.8557954184483344e-05
3435,horizontal,1.1299999999999999,435,5.650000000000001e-06,4.2397849826411163e-06,1.3175458836296174e-05
3436,horizontal,1.1299999999999999,436,5.650000000000001e-06,4.2397849826411163e-06,1.4735978894061825e-05
3437,horizontal,1.1299999999999999,437,5.6499999999999993e-06,4.2397849826411154e-06,1.2964969671217097e-05
3438,horizontal,1.1299999999999999,438,5.650000000000001e-06,4.2397849826411154e-06,1.5344368671469815e-05
3439,horizontal,1.1299999999999999,439,5.650000000000001e-06,4.2397849826411163e-06,1.4944904161572472e-05
3440,horizontal,1.1299999999999999,440,5.6499999999999993e-06,4.2397849826411163e-06,1.3635965748617853e-05
3441,horizontal,1.1299999999999999,441,5.6500000000000001e-06,4.2397849826411163e-06,1.6219873342795463e-05
3442,horizontal,1.1299999999999999,442,5.6499999999999993e-06,4.2397849826411163e-06,1.3409937078205827e-05
3443,horizontal,1.1299999999999999,443,5.6499999999999993e-06,4.2397849826411154e-06,1.4511503574505224e-05
3444,horizontal,1.1299999999999999,444,5.6499999999999993e-06,4.2397849826411154e-06,1.4081658674023428e-05
3445,horizontal,1.1299999999999999,445,5.6499999999999993e-06,4.2397849826411163e-06,1.6821415354584108e-05
3446,horizontal,1.1299999999999999,446,5.650000000000001e-06,4.2397849826411163e-06,1.4799034678412921e-05
3447,horizontal,1.1299999999999999,447,5.650000000000001e-06,4.2397849826411154e-06,1.4999013061895918e-05
3448,horizontal,1.1299999999999999,448,5.6499999999999993e-06,4.2397849826411154e-06,1.2162240687827155e-05
3449,horizontal,1.1299999999999999,449,5.650000000000001e-06,4.2397849826411154e-06,1.5356473650422587e-05
3450,horizontal,1.1299999999999999,450,5.650000000000001e-06,4.2397849826411163e-06,1.4792483195509524e-05
3451,horizontal,1.1299999999999999,451,5.6499999999999993e-06,4.2397849826411154e-06,1.3450877760748895e-05
3452,horizontal,1.1299999999999999,452,5.6499999999999993e-06,4.2397849826411154e-06,1.4146559374492513e-05
3453,horizontal,1.1299999999999999,453,5.6499999999999993e-06,4.2397849826411154e-06,1.6286776827413922e-05
3454,horizontal,1.1299999999999999,454,5.650000000000001e-06,4.2397849826411163e-06,1.7962786380235579e-05
3455,horizontal,1.1299999999999999,455,5.6500000000000001e-06,4.2397849826411163e-06,1.5706868090406333e-05
3456,horizontal,1.1299999999999999,456,5.650000000000001e-06,4.2397849826411163e-06,1.2754228249936735e-05
3457,horizontal,1.1299999999999999,457,5.650000000000001e-06,4.2397849826411163e-06,1.5931119864670761e-05
3458,horizontal,1.1299999999999999,458,5.6499999999999993e-06,4.2397849826411154e-06,1.4070173567336228e-05
3459,horizontal,1.1299999999999999,459,5.6499999999999993e-06,4.2397849826411154e-06,1.2349500460674628e-05
3460,horizontal,1.1299999999999999,460,5.650000000000001e-06,4.2397849826411154e-06,1.4694034093615531e-05
3461,horizontal,1.1299999999999999,461,5.650000000000001e-06,4.2397849826411163e-06,1.5377941719693977e-05
3462,horizontal,1.1299999999999999,462,5.6500000000000018e-06,4.2397849826411163e-06,1.2596100560757935e-05
3463,horizontal,1.1299999999999999,463,5.650000000000001e-06,4.2397849826411163e-06,1.7276911167130362e-05
3464,horizontal,1.1299999999999999,464,5.6499999999999993e-06,4.2397849826411154e-06,1.6051812548160574e-05
3465,horizontal,1.1299999999999999,465,5.6500000000000018e-06,4.2397849826411163e-06,1.3311124943885296e-05
3466,horizontal,1.1299999999999999,466,5.6499999999999993e-06,4.2397849826411154e-06,1.0683109936614426e-05
3467,horizontal,1.1299999999999999,467,5.650000000000001e-06,4.2397849826411163e-06,1.3746692884815124e-05
3468,horizontal,1.1299999999999999,468,5.6500000000000001e-06,4.2397849826411154e-06,1.5342628010277316e-05
3469,horizontal,1.1299999999999999,469,5.650000000000001e-06,4.2397849826411171e-06,1.3843077984708841e-05
3470,horizontal,1.1299999999999999,470,5.650000000000001e-06,4.2397849826411163e-06,1.2692334563786238e-05
3471,horizontal,1.1299999999999999,471,5.650000000000001e-06,4.2397849826411154e-06,1.4389266679935907e-05
3472,horizontal,1.1299999999999999,472,5.6499999999999993e-06,4.2397849826411154e-06,1.302480759196101e-05
3473,horizontal,1.1299999999999999,473,5.6499999999999993e-06,4.2397849826411154e-06,1.519233023020115e-05
3474,horizontal,1.1299999999999999,474,5.6499999999999976e-06,4.2397849826411154e-06,1.3370129058407154e-05
3475,horizontal,1.1299999999999999,475,5.6500000000000001e-06,4.2397849826411163e-06,1.5696905141729014e-05
3476,horizontal,1.1299999999999999,476,5.650000000000001e-06,4.2397849826411163e-06,1.4466443839838202e-05
3477,horizontal,1.1299999999999999,477,5.6499999999999993e-06,4.2397849826411154e-06,1.3563414899464615e-05
3478,horizontal,1.1299999999999999,478,5.6499999999999984e-06,4.2397849826411154e-06,1.3937424758980137e-05
3479,horizontal,1.1299999999999999,479,5.650000000000001e-06,4.2397849826411163e-06,1.2925991191616798e-05
3480,horizontal,1.1299999999999999,480,5.6499999999999993e-06,4.2397849826411154e-06,1.2573606622699116e-05
3481,horizontal,1.1299999999999999,481,5.6499999999999993e-06,4.2397849826411154e-06,1.3642603030656405e-05
3482,horizontal,1.1299999999999999,482,5.6500000000000001e-06,4.2397849826411163e-06,1.8545682917375773e-05
3483,horizontal,1.1299999999999999,483,5.650000000000001e-06,4.2397849826411163e-06,1.311158419231225e-05
3484,horizontal,1.1299999999999999,484,5.650000000000001e-06,4.2397849826411163e-06,2.3645168353931058e-05
3485,horizontal,1.1299999999999999,485,5.650000000000001e-06,4.2397849826411163e-06,1.4842219444127455e-05
3486,horizontal,1.1299999999999999,486,5.6499999999999993e-06,4.2397849826411154e-06,1.6793806971791524e-05
3487,horizontal,1.1299999999999999,487,5.6499999999999993e-06,4.2397849826411154e-06,1.4693393454348093e-05
3488,horizontal,1.1299999999999999,488,5.650000000000001e-06,4.2397849826411154e-06,1.6959774100639968e-05
3489,horizontal,1.1299999999999999,489,5.6500000000000001e-06,4.2397849826411154e-06,1.8937046441118077e-05
3490,horizontal,1.1299999999999999,490,5.6499999999999984e-06,4.2397849826411154e-06,1.6348921131904832e-05
3491,horizontal,1.1299999999999999,491,5.650000000000001e-06,4.2397849826411163e-06,1.4403344923630826e-05
3492,horizontal,1.1299999999999999,492,5.6499999999999993e-06,4.2397849826411163e-06,1.4370767407371737e-05
3493,horizontal,1.1299999999999999,493,5.6499999999999993e-06,4.2397849826411154e-06,1.6772968449052426e-05
3494,horizontal,1.1299999999999999,494,5.6500000000000001e-06,4.2397849826411163e-06,1.4479532284128493e-05
3495,horizontal,1.1299999999999999,495,5.650000000000001e-06,4.2397849826411163e-06,1.6935231045546617e-05
3496,horizontal,1.1299999999999999,496,5.650000000000001e-06,4.2397849826411163e-06,1.2571579283181728e-05
3497,horizontal,1.1299999999999999,497,5.650000000000001e-06,4.2397849826411163e-06,1.9457430647584837e-05
3498,horizontal,1.1299999999999999,498,5.6499999999999993e-06,4.2397849826411154e-06,1.4446395019963182e-05
3499,horizontal,1.1299999999999999,499,5.6500000000000001e-06,4.2397849826411154e-06,1.3510810299442563e-05
3500,horizontal,1.1299999999999999,500,5.650000000000001e-06,4.2397849826411163e-06,1.4930481259664843e-05
3501,horizontal,1.1299999999999999,501,5.650000000000001e-06,4.2397849826411163e-06,1.4411625955703025e-05
3502,horizontal,1.1299999999999999,502,5.6499999999999993e-06,4.2397849826411154e-06,1.5490591873269412e-05
3503,horizontal,1.1299999999999999,503,5.650000000000001e-06,4.2397849826411163e-06,1.2281590236379472e-05
3504,horizontal,1.1299999999999999,504,5.6499999999999993e-06,4.2397849826411154e-06,1.6316030289963589e-05
3505,horizontal,1.1299999999999999,505,5.6499999999999993e-06,4.2397849826411154e-06,1.5364732223443303e-05
3506,horizontal,1.1299999999999999,506,5.6499999999999993e-06,4.2397849826411154e-06,1.6979960099858185e-05
3507,horizontal,1.1299999999999999,507,5.6500000000000001e-06,4.2397849826411154e-06,1.3867994776323821e-05
3508,horizontal,1.1299999999999999,508,5.6499999999999993e-06,4.2397849826411154e-06,1.3662483333338231e-05
3509,horizontal,1.1299999999999999,509,5.650000000000001e-06,4.2397849826411154e-06,1.5525112900209534e-05
3510,horizontal,1.1299999999999999,510,5.6499999999999993e-06,4.2397849826411154e-06,1.4303257915259897e-05
3511,horizontal,1.1299999999999999,511,5.6500000000000001e-06,4.2397849826411163e-06,1.3886985712000537e-05
3512,horizontal,1.1299999999999999,512,5.6499999999999993e-06,4.2397849826411154e-06,1.2891105451045412e-05
3513,horizontal,1.1299999999999999,513,5.6499999999999993e-06,4.2397849826411154e-06,1.5900072578232314e-05
3514,horizontal,1.1299999999999999,514,5.6499999999999993e-06,4.2397849826411154e-06,1.5076020861287149e-05
3515,horizontal,1.1299999999999999,515,5.6500000000000001e-06,4.2397849826411154e-06,1.3182840889508503e-05
3516,horizontal,1.1299999999999999,516,5.6500000000000001e-06,4.2397849826411154e-06,1.2228557924220365e-05
3517,horizontal,1.1299999999999999,517,5.650000000000001e-06,4.2397849826411154e-06,1.4736688714189519e-05
3518,horizontal,1.1299999999999999,518,5.6499999999999993e-06,4.2397849826411154e-06,1.4773861387707399e-05
3519,horizontal,1.1299999999999999,519,5.650000000000001e-06,4.2397849826411154e-06,1.3213509639815154e-05
3520,horizontal,1.1299999999999999,520,5.6499999999999993e-06,4.2397849826411154e-06,1.125627550984809e-05
3521,horizontal,1.1299999999999999,521,5.650000000000001e-06,4.2397849826411163e-06,1.5128569015551301e-05
3522,horizontal,1.1299999999999999,522,5.650000000000001e-06,4.2397849826411163e-06,1.3831600443576777e-05
3523,horizontal,1.1299999999999999,523,5.650000000000001e-06,4.2397849826411163e-06,1.4497349324503626e-05
3524,horizontal,1.1299999999999999,524,5.6499999999999993e-06,4.2397849826411154e-06,1.7121220448023078e-05
3525,horizontal,1.1299999999999999,525,5.650000000000001e-06,4.2397849826411163e-06,1.6162016835231277e-05
3526,horizontal,1.1299999999999999,526,5.650000000000001e-06,4.2397849826411163e-06,1.3213810018928247e-05
3527,horizontal,1.1299999999999999,527,5.6499999999999993e-06,4.2397849826411154e-06,1.409895795176054e-05
3528,horizontal,1.1299999999999999,528,5.6499999999999993e-06,4.2397849826411154e-06,1.1474730466715063e-05
3529,horizontal,1.1299999999999999,529,5.650000000000001e-06,4.2397849826411154e-06,1.4056075118082689e-05
3530,horizontal,1.1299999999999999,530,5.6499999999999993e-06,4.2397849826411154e-06,1.5812401895272586e-05
3531,horizontal,1.1299999999999999,531,5.6499999999999993e-06,4.2397849826411154e-06,1.314651601196507e-05
3532,horizontal,1.1299999999999999,532,5.6499999999999993e-06,4.2397849826411154e-06,1.3698197752196771e-05
3533,horizontal,1.1299999999999999,533,5.6499999999999993e-06,4.2397849826411154e-06,1.1234872079956576e-05
3534,horizontal,1.1299999999999999,534,5.6499999999999993e-06,4.2397849826411163e-06,1.5418840656739333e-05
3535,horizontal,1.1299999999999999,535,5.650000000000001e-06,4.2397849826411154e-06,1.3640792911989234e-05
3536,horizontal,1.1299999999999999,536,5.6499999999999993e-06,4.2397849826411154e-06,1.4742918166542769e-05
3537,horizontal,1.1299999999999999,537,5.6500000000000018e-06,4.2397849826411163e-06,2.0096067288694394e-05
3538,horizontal,1.1299999999999999,538,5.6499999999999984e-06,4.2397849826411154e-06,1.4579726015685414e-05
3539,horizontal,1.1299999999999999,539,5.650000000000001e-06,4.2397849826411163e-06,1.3876452807567035e-05
3540,horizontal,1.1299999999999999,540,5.650000000000001e-06,4.2397849826411163e-06,1.6670463267136927e-05
3541,horizontal,1.1299999999999999,541,5.6500000000000001e-06,4.2397849826411154e-06,1.4009617068307e-05
3542,horizontal,1.1299999999999999,542,5.6499999999999993e-06,4.2397849826411163e-06,1.4190417528807193e-05
3543,horizontal,1.1299999999999999,543,5.650000000000001e-06,4.2397849826411163e-06,1.2757763112070605e-05
3544,horizontal,1.1299999999999999,544,5.6499999999999993e-06,4.2397849826411154e-06,1.3856847549234917e-05
3545,horizontal,1.1299999999999999,545,5.6499999999999993e-06,4.2397849826411154e-06,1.5581945913026681e-05
3546,horizontal,1.1299999999999999,546,5.650000000000001e-06,4.2397849826411163e-06,1.7113960679893699e-05
3547,horizontal,1.1299999999999999,547,5.650000000000001e-06,4.2397849826411154e-06,1.3079778871982277e-05
3548,horizontal,1.1299999999999999,548,5.6500000000000001e-06,4.2397849826411154e-06,1.476030299018942e-05
3549,horizontal,1.1299999999999999,549,5.6500000000000001e-06,4.2397849826411154e-06,1.2402358326222854e-05
3550,horizontal,1.1299999999999999,550,5.6500000000000001e-06,4.2397849826411163e-06,1.4873284904537623e-05
3551,horizontal,1.1299999999999999,551,5.6500000000000001e-06,4.2397849826411163e-06,1.2840270897126777e-05
3552,horizontal,1.1299999999999999,552,5.650000000000001e-06,4.2397849826411163e-06,1.4962881645000488e-05
3553,horizontal,1.1299999999999999,553,5.6500000000000001e-06,4.2397849826411154e-06,1.4208607247579398e-05
3554,horizontal,1.1299999999999999,554,5.650000000000001e-06,4.2397849826411163e-06,1.5576739898360158e-05
3555,horizontal,1.1299999999999999,555,5.650000000000001e-06,4.2397849826411163e-06,1.7527281397785065e-05
3556,horizontal,1.1299999999999999,556,5.6499999999999993e-06,4.2397849826411154e-06,1.2655335938219032e-05
3557,horizontal,1.1299999999999999,557,5.6499999999999993e-06,4.2397849826411154e-06,1.3908487197541702e-05
3558,horizontal,1.1299999999999999,558,5.6500000000000001e-06,4.2397849826411154e-06,1.5702235634214668e-05
3559,horizontal,1.1299999999999999,559,5.6500000000000001e-06,4.2397849826411163e-06,1.6538165122309804e-05
3560,horizontal,1.1299999999999999,560,5.6500000000000001e-06,4.2397849826411163e-06,1.4503348606507642e-05
3561,horizontal,1.1299999999999999,561,5.650000000000001e-06,4.2397849826411163e-06,1.2734874956254622e-05
3562,horizontal,1.1299999999999999,562,5.650000000000001e-06,4.2397849826411163e-06,2.0656292610563218e-05
3563,horizontal,1.1299999999999999,563,5.650000000000001e-06,4.2397849826411154e-06,1.4397723263408384e-05
3564,horizontal,1.1299999999999999,564,5.650000000000001e-06,4.2397849826411163e-06,1.3011672876732136e-05
3565,horizontal,1.1299999999999999,565,5.650000000000001e-06,4.2397849826411154e-06,1.9507296898432951e-05
3566,horizontal,1.1299999999999999,566,5.650000000000001e-06,4.2397849826411163e-06,1.3481560685287766e-05
3567,horizontal,1.1299999999999999,567,5.650000000000001e-06,4.2397849826411154e-06,1.175678689198533e-05
3568,horizontal,1.1299999999999999,568,5.6499999999999993e-06,4.2397849826411154e-06,1.6519835669908532e-05
3569,horizontal,1.1299999999999999,569,5.6499999999999993e-06,4.2397849826411154e-06,1.2814202343736023e-05
3570,horizontal,1.1299999999999999,570,5.6499999999999993e-06,4.2397849826411154e-06,1.2060829993611881e-05
3571,horizontal,1.1299999999999999,571,5.6499999999999993e-06,4.2397849826411154e-06,1.367994524305509e-05
3572,horizontal,1.1299999999999999,572,5.650000000000001e-06,4.2397849826411163e-06,1.7291492424383351e-05
3573,horizontal,1.1299999999999999,573,5.650000000000001e-06,4.2397849826411163e-06,1.2345578296428671e-05
3574,horizontal,1.1299999999999999,574,5.6500000000000001e-06,4.2397849826411163e-06,1.5683217339082734e-05
3575,horizontal,1.1299999999999999,575,5.6499999999999993e-06,4.2397849826411154e-06,1.6454098585901905e-05
3576,horizontal,1.1299999999999999,576,5.6499999999999993e-06,4.2397849826411154e-06,1.3914491730001948e-05
3577,horizontal,1.1299999999999999,577,5.6500000000000001e-06,4.2397849826411163e-06,1.1219243583053476e-05
3578,horizontal,1.1299999999999999,578,5.6499999999999993e-06,4.2397849826411154e-06,1.3078471956448248e-05
3579,horizontal,1.1299999999999999,579,5.650000000000001e-06,4.2397849826411163e-06,1.440989559535304e-05
3580,horizontal,1.1299999999999999,580,5.650000000000001e-06,4.2397849826411163e-06,1.3611378265831409e-05
3581,horizontal,1.1299999999999999,581,5.6499999999999993e-06,4.2397849826411154e-06,1.3281710786455225e-05
3582,horizontal,1.1299999999999999,582,5.6499999999999993e-06,4.2397849826411154e-06,1.5546673484417066e-05
3583,horizontal,1.1299999999999999,583,5.6499999999999993e-06,4.2397849826411154e-06,1.9371308649703362e-05
3584,horizontal,1.1299999999999999,584,5.6499999999999993e-06,4.2397849826411154e-06,1.5440761546452819e-05
3585,horizontal,1.1299999999999999,585,5.6500000000000001e-06,4.2397849826411163e-06,1.3195276154544742e-05
3586,horizontal,1.1299999999999999,586,5.6499999999999993e-06,4.2397849826411163e-06,1.2989165684300073e-05
3587,horizontal,1.1299999999999999,587,5.6500000000000001e-06,4.2397849826411154e-06,9.9241492277159118e-06
3588,horizontal,1.1299999999999999,588,5.6499999999999993e-06,4.2397849826411154e-06,1.3039841487881346e-05
3589,horizontal,1.1299999999999999,589,5.650000000000001e-06,4.2397849826411163e-06,1.5801751008997625e-05
3590,horizontal,1.1299999999999999,590,5.650000000000001e-06,4.2397849826411163e-06,1.1154104926231393e-05
3591,horizontal,1.1299999999999999,591,5.650000000000001e-06,4.2397849826411163e-06,1.4057211581686322e-05
3592,horizontal,1.1299999999999999,592,5.650000000000001e-06,4.2397849826411154e-06,1.3498652086898694e-05
3593,horizontal,1.1299999999999999,593,5.6499999999999993e-06,4.2397849826411163e-06,1.5726949736737864e-05
3594,horizontal,1.1299999999999999,594,5.6500000000000001e-06,4.2397849826411154e-06,1.7600627853481893e-05
3595,horizontal,1.1299999999999999,595,5.650000000000001e-06,4.2397849826411163e-06,1.0645937753665475e-05
3596,horizontal,1.1299999999999999,596,5.650000000000001e-06,4.2397849826411154e-06,1.2578282920984348e-05
3597,horizontal,1.1299999999999999,597,5.650000000000001e-06,4.2397849826411163e-06,1.5002204643911881e-05
3598,horizontal,1.1299999999999999,598,5.6499999999999993e-06,4.2397849826411154e-06,1.3256775203058732e-05
3599,horizontal,1.1299999999999999,599,5.6499999999999993e-06,4.2397849826411154e-06,1.7278171483973082e-05
3600,horizontal,1.1299999999999999,600,5.650000000000001e-06,4.2397849826411163e-06,1.6642238203243782e-05
3601,horizontal,3.2000000000000002,1,1.5999999999999999e-05,1.2006470747302274e-05,3.8338726212672731e-05
3602,horizontal,3.2000000000000002,2,1.5999999999999999e-05,1.2006470747302277e-05,4.0021064170112578e-05
3603,horizontal,3.2000000000000002,3,1.6000000000000003e-05,1.2006470747302277e-05,4.098455018945503e-05
3604,horizontal,3.2000000000000002,4,1.6000000000000003e-05,1.2006470747302277e-05,3.5479710863317141e-05
3605,horizontal,3.2000000000000002,5,1.6000000000000003e-05,1.2006470747302277e-05,4.4683624224603348e-05
3606,horizontal,3.2000000000000002,6,1.6000000000000003e-05,1.2006470747302277e-05,4.3862039387805789e-05
3607,horizontal,3.2000000000000002,7,1.6000000000000003e-05,1.2006470747302277e-05,4.0696476387605672e-05
3608,horizontal,3.2000000000000002,8,1.6000000000000003e-05,1.2006470747302277e-05,3.618069750871601e-05
3609,horizontal,3.2000000000000002,9,1.6000000000000006e-05,1.2006470747302279e-05,3.8841711863659562e-05
3610,horizontal,3.2000000000000002,10,1.6000000000000003e-05,1.2006470747302277e-05,4.1222277691351209e-05
3611,horizontal,3.2000000000000002,11,1.5999999999999999e-05,1.2006470747302276e-05,3.4863694307320202e-05
3612,horizontal,3.2000000000000002,12,1.6000000000000003e-05,1.2006470747302276e-05,4.6863296517120924e-05
3613,horizontal,3.2000000000000002,13,1.6000000000000003e-05,1.2006470747302276e-05,3.9173867840760815e-05
3614,horizontal,3.2000000000000002,14,1.6000000000000006e-05,1.2006470747302277e-05,5.0336212858072911e-05
3615,horizontal,3.2000000000000002,15,1.5999999999999999e-05,1.2006470747302277e-05,4.0718979836915617e-05
3616,horizontal,3.2000000000000002,16,1.5999999999999999e-05,1.2006470747302276e-05,4.6310026033951296e-05
3617,horizontal,3.2000000000000002,17,1.6000000000000003e-05,1.2006470747302274e-05,4.1447807102296988e-05
3618,horizontal,3.2000000000000002,18,1.5999999999999999e-05,1.2006470747302274e-05,4.2398899446579977e-05
3619,horizontal,3.2000000000000002,19,1.5999999999999999e-05,1.2006470747302274e-05,3.9550455330470369e-05
3620,horizontal,3.2000000000000002,20,1.6000000000000006e-05,1.2006470747302276e-05,4.3259345392309731e-05
3621,horizontal,3.2000000000000002,21,1.6000000000000003e-05,1.2006470747302276e-05,4.215815092531278e-05
3622,horizontal,3.2000000000000002,22,1.6000000000000003e-05,1.2006470747302277e-05,4.5951570999788401e-05
3623,horizontal,3.2000000000000002,23,1.6000000000000006e-05,1.2006470747302277e-05,3.9838010867426175e-05
3624,horizontal,3.2000000000000002,24,1.5999999999999999e-05,1.2006470747302274e-05,3.7250864427979335e-05
3625,horizontal,3.2000000000000002,25,1.6000000000000006e-05,1.2006470747302279e-05,6.028814992305924e-05
3626,horizontal,3.2000000000000002,26,1.6000000000000003e-05,1.2006470747302277e-05,4.5085699510669576e-05
3627,horizontal,3.2000000000000002,27,1.6000000000000006e-05,1.2006470747302277e-05,4.0467462803903874e-05
3628,horizontal,3.2000000000000002,28,1.6000000000000003e-05,1.2006470747302277e-05,3.9287504787738314e-05
3629,horizontal,3.2000000000000002,29,1.6000000000000003e-05,1.2006470747302277e-05,3.5142586454264372e-05
3630,horizontal,3.2000000000000002,30,1.6000000000000003e-05,1.2006470747302276e-05,4.3896681816839385e-05
3631,horizontal,3.2000000000000002,31,1.6000000000000003e-05,1.2006470747302277e-05,6.1258159949537273e-05
3632,horizontal,3.2000000000000002,32,1.6000000000000003e-05,1.2006470747302277e-05,5.784039121776439e-05
3633,horizontal,3.2000000000000002,33,1.5999999999999999e-05,1.2006470747302277e-05,4.5837039792671791e-05
3634,horizontal,3.2000000000000002,34,1.5999999999999999e-05,1.2006470747302274e-05,4.1796275380156257e-05
3635,horizontal,3.2000000000000002,35,1.6000000000000003e-05,1.2006470747302277e-05,4.9438059667716721e-05
3636,horizontal,3.2000000000000002,36,1.6000000000000003e-05,1.2006470747302277e-05,4.1635153510078561e-05
3637,horizontal,3.2000000000000002,37,1.6000000000000006e-05,1.2006470747302277e-05,3.2648804528577171e-05
3638,horizontal,3.2000000000000002,38,1.6000000000000003e-05,1.2006470747302279e-05,4.1235416977088553e-05
3639,horizontal,3.2000000000000002,39,1.6000000000000003e-05,1.2006470747302277e-05,4.3574508661606291e-05
3640,horizontal,3.2000000000000002,40,1.6000000000000003e-05,1.2006470747302277e-05,3.3032703242233352e-05
3641,horizontal,3.2000000000000002,41,1.6000000000000009e-05,1.2006470747302277e-05,3.4809538931961278e-05
3642,horizontal,3.2000000000000002,42,1.6000000000000003e-05,1.2006470747302276e-05,3.4831776070098646e-05
3643,horizontal,3.2000000000000002,43,1.5999999999999996e-05,1.2006470747302276e-05,3.7833414537451181e-05
3644,horizontal,3.2000000000000002,44,1.6000000000000003e-05,1.2006470747302277e-05,3.3076663446977491e-05
3645,horizontal,3.2000000000000002,45,1.6000000000000003e-05,1.2006470747302276e-05,4.9999352830734939e-05
3646,horizontal,3.2000000000000002,46,1.6000000000000003e-05,1.2006470747302277e-05,4.4421809127700795e-05
3647,horizontal,3.2000000000000002,47,1.6000000000000006e-05,1.2006470747302277e-05,3.9593213942894012e-05
3648,horizontal,3.2000000000000002,48,1.6000000000000006e-05,1.2006470747302277e-05,4.4612313847626943e-05
3649,horizontal,3.2000000000000002,49,1.5999999999999999e-05,1.2006470747302276e-05,3.9544889089299971e-05
3650,horizontal,3.2000000000000002,50,1.6000000000000003e-05,1.2006470747302277e-05,4.4713932278669482e-05
3651,horizontal,3.2000000000000002,51,1.6000000000000006e-05,1.2006470747302277e-05,5.2700899761764098e-05
3652,horizontal,3.2000000000000002,52,1.6000000000000003e-05,1.2006470747302277e-05,3.6795589361142648e-05
3653,horizontal,3.2000000000000002,53,1.6000000000000003e-05,1.2006470747302277e-05,4.189378528465266e-05
3654,horizontal,3.2000000000000002,54,1.5999999999999999e-05,1.2006470747302277e-05,3.2763406702916805e-05
3655,horizontal,3.2000000000000002,55,1.6000000000000006e-05,1.2006470747302277e-05,4.2622554194132879e-05
3656,horizontal,3.2000000000000002,56,1.5999999999999999e-05,1.2006470747302274e-05,3.4754626219131285e-05
3657,horizontal,3.2000000000000002,57,1.6000000000000003e-05,1.2006470747302277e-05,3.6832036898855095e-05
3658,horizontal,3.2000000000000002,58,1.6000000000000003e-05,1.2006470747302276e-05,4.0742040549569565e-05
3659,horizontal,3.2000000000000002,59,1.6000000000000006e-05,1.2006470747302279e-05,3.3986415680358776e-05
3660,horizontal,3.2000000000000002,60,1.6000000000000003e-05,1.2006470747302276e-05,3.3654456377918062e-05
3661,horizontal,3.2000000000000002,61,1.6000000000000003e-05,1.2006470747302277e-05,4.3328463606891852e-05
3662,horizontal,3.2000000000000002,62,1.6000000000000003e-05,1.2006470747302277e-05,3.8521152898670259e-05
3663,horizontal,3.2000000000000002,63,1.6000000000000003e-05,1.2006470747302277e-05,4.7523126291079881e-05
3664,horizontal,3.2000000000000002,64,1.6000000000000003e-05,1.2006470747302277e-05,4.7970155892910346e-05
3665,horizontal,3.2000000000000002,65,1.6000000000000003e-05,1.2006470747302276e-05,4.3802162282736238e-05
3666,horizontal,3.2000000000000002,66,1.6000000000000003e-05,1.2006470747302277e-05,3.1691584841162504e-05
3667,horizontal,3.2000000000000002,67,1.6000000000000003e-05,1.2006470747302276e-05,5.311458160399834e-05
3668,horizontal,3.2000000000000002,68,1.6000000000000003e-05,1.2006470747302277e-05,3.4045430286273351e-05
3669,horizontal,3.2000000000000002,69,1.6000000000000003e-05,1.2006470747302277e-05,4.7914592434479928e-05
3670,horizontal,3.2000000000000002,70,1.6000000000000003e-05,1.2006470747302277e-05,4.1511569730760693e-05
3671,horizontal,3.2000000000000002,71,1.6000000000000006e-05,1.2006470747302277e-05,3.838600015454718e-05
3672,horizontal,3.2000000000000002,72,1.6000000000000003e-05,1.2006470747302276e-05,3.4879451150354416e-05
3673,horizontal,3.2000000000000002,73,1.6000000000000003e-05,1.2006470747302277e-05,3.8776473925202802e-05
3674,horizontal,3.2000000000000002,74,1.6000000000000003e-05,1.2006470747302276e-05,4.2390403909697598e-05
3675,horizontal,3.2000000000000002,75,1.6000000000000003e-05,1.2006470747302274e-05,3.5474782425409848e-05
3676,horizontal,3.2000000000000002,76,1.6000000000000009e-05,1.2006470747302277e-05,3.812297291350437e-05
3677,horizontal,3.2000000000000002,77,1.6000000000000003e-05,1.2006470747302277e-05,4.0614686615888441e-05
3678,horizontal,3.2000000000000002,78,1.6000000000000006e-05,1.2006470747302277e-05,3.624174509321592e-05
3679,horizontal,3.2000000000000002,79,1.6000000000000003e-05,1.2006470747302277e-05,3.6034934087516727e-05
3680,horizontal,3.2000000000000002,80,1.6000000000000006e-05,1.2006470747302279e-05,4.9934770922960757e-05
3681,horizontal,3.2000000000000002,81,1.6000000000000003e-05,1.2006470747302279e-05,3.8638647668712944e-05
3682,horizontal,3.2000000000000002,82,1.6000000000000003e-05,1.2006470747302277e-05,3.803313304988111e-05
3683,horizontal,3.2000000000000002,83,1.6000000000000006e-05,1.2006470747302277e-05,4.2580739300422492e-05
3684,horizontal,3.2000000000000002,84,1.6000000000000003e-05,1.2006470747302276e-05,3.4029675157630265e-05
3685,horizontal,3.2000000000000002,85,1.6000000000000006e-05,1.2006470747302276e-05,3.225789682100722e-05
3686,horizontal,3.2000000000000002,86,1.6000000000000003e-05,1.2006470747302277e-05,4.3019188954438938e-05
3687,horizontal,3.2000000000000002,87,1.6000000000000006e-05,1.2006470747302277e-05,4.2129103662590172e-05
3688,horizontal,3.2000000000000002,88,1.6000000000000003e-05,1.2006470747302276e-05,4.7332948048325554e-05
3689,horizontal,3.2000000000000002,89,1.6000000000000003e-05,1.2006470747302277e-05,3.3934890083691753e-05
3690,horizontal,3.2000000000000002,90,1.6000000000000003e-05,1.2006470747302277e-05,3.7085344762970608e-05
3691,horizontal,3.2000000000000002,91,1.6000000000000006e-05,1.2006470747302277e-05,3.5163648773583428e-05
3692,horizontal,3.2000000000000002,92,1.6000000000000003e-05,1.2006470747302277e-05,4.776413159393252e-05
3693,horizontal,3.2000000000000002,93,1.6000000000000003e-05,1.2006470747302277e-05,3.9197691611843653e-05
3694,horizontal,3.2000000000000002,94,1.6000000000000003e-05,1.2006470747302277e-05,3.6189298418347157e-05
3695,horizontal,3.2000000000000002,95,1.6000000000000006e-05,1.2006470747302277e-05,3.9695001219184467e-05
3696,horizontal,3.2000000000000002,96,1.6000000000000003e-05,1.2006470747302277e-05,5.5392201602205945e-05
3697,horizontal,3.2000000000000002,97,1.6000000000000003e-05,1.2006470747302276e-05,4.1380960332351469e-05
3698,horizontal,3.2000000000000002,98,1.6000000000000003e-05,1.2006470747302274e-05,4.2353291611837934e-05
3699,horizontal,3.2000000000000002,99,1.6000000000000006e-05,1.2006470747302277e-05,3.8568854512512481e-05
3700,horizontal,3.2000000000000002,100,1.6000000000000003e-05,1.2006470747302277e-05,5.0693363464146561e-05
3701,horizontal,3.2000000000000002,101,1.6000000000000003e-05,1.2006470747302276e-05,4.5793947908525653e-05
3702,horizontal,3.2000000000000002,102,1.5999999999999999e-05,1.2006470747302274e-05,5.0096601426507849e-05
3703,horizontal,3.2000000000000002,103,1.6000000000000006e-05,1.2006470747302277e-05,3.6435516974188968e-05
3704,horizontal,3.2000000000000002,104,1.5999999999999999e-05,1.2006470747302276e-05,3.7834358259566982e-05
3705,horizontal,3.2000000000000002,105,1.6000000000000003e-05,1.2006470747302274e-05,3.5831378347125984e-05
3706,horizontal,3.2000000000000002,106,1.6000000000000003e-05,1.2006470747302276e-05,4.015904680410125e-05
3707,horizontal,3.2000000000000002,107,1.6000000000000003e-05,1.2006470747302277e-05,4.2914226128047056e-05
3708,horizontal,3.2000000000000002,108,1.6000000000000003e-05,1.2006470747302277e-05,4.0705127286425362e-05
3709,horizontal,3.2000000000000002,109,1.6000000000000009e-05,1.2006470747302279e-05,3.5205501127549084e-05
3710,horizontal,3.2000000000000002,110,1.6000000000000003e-05,1.2006470747302276e-05,3.7424135156683418e-05
3711,horizontal,3.2000000000000002,111,1.6000000000000006e-05,1.2006470747302281e-05,4.4995584117399772e-05
3712,horizontal,3.2000000000000002,112,1.6000000000000006e-05,1.2006470747302277e-05,4.8791172260925333e-05
3713,horizontal,3.2000000000000002,113,1.6000000000000003e-05,1.2006470747302276e-05,4.1126284860223299e-05
3714,horizontal,3.2000000000000002,114,1.6000000000000003e-05,1.2006470747302277e-05,4.8395408862088676e-05
3715,horizontal,3.2000000000000002,115,1.6000000000000006e-05,1.2006470747302279e-05,4.7474333830672103e-05
3716,horizontal,3.2000000000000002,116,1.6000000000000003e-05,1.2006470747302276e-05,4.2046200604144072e-05
3717,horizontal,3.2000000000000002,117,1.6000000000000006e-05,1.2006470747302277e-05,4.7963591912234594e-05
3718,horizontal,3.2000000000000002,118,1.6000000000000006e-05,1.2006470747302277e-05,4.2493846404311752e-05
3719,horizontal,3.2000000000000002,119,1.6000000000000003e-05,1.2006470747302276e-05,3.7574829184963255e-05
3720,horizontal,3.2000000000000002,120,1.6000000000000006e-05,1.2006470747302277e-05,3.8464840240266832e-05
3721,horizontal,3.2000000000000002,121,1.6000000000000003e-05,1.2006470747302277e-05,4.8231269322120418e-05
3722,horizontal,3.2000000000000002,122,1.6000000000000006e-05,1.2006470747302276e-05,4.1758822674045832e-05
3723,horizontal,3.2000000000000002,123,1.6000000000000003e-05,1.2006470747302276e-05,6.1661870511315312e-05
3724,horizontal,3.2000000000000002,124,1.5999999999999999e-05,1.2006470747302274e-05,3.9576800103019579e-05
3725,horizontal,3.2000000000000002,125,1.6000000000000003e-05,1.2006470747302277e-05,4.6272514277129468e-05
3726,horizontal,3.2000000000000002,126,1.6000000000000003e-05,1.2006470747302276e-05,4.0242792826446311e-05
3727,horizontal,3.2000000000000002,127,1.6000000000000003e-05,1.2006470747302276e-05,4.6322887155272843e-05
3728,horizontal,3.2000000000000002,128,1.6000000000000003e-05,1.2006470747302277e-05,4.1689806167901864e-05
3729,horizontal,3.2000000000000002,129,1.6000000000000003e-05,1.2006470747302274e-05,4.2254310315896296e-05
3730,horizontal,3.2000000000000002,130,1.6000000000000003e-05,1.2006470747302276e-05,3.8412958340388679e-05
3731,horizontal,3.2000000000000002,131,1.6000000000000006e-05,1.2006470747302277e-05,3.9020861984470424e-05
3732,horizontal,3.2000000000000002,132,1.6000000000000003e-05,1.2006470747302277e-05,4.4699442556401465e-05
3733,horizontal,3.2000000000000002,133,1.6000000000000003e-05,1.2006470747302276e-05,4.3224405392696549e-05
3734,horizontal,3.2000000000000002,134,1.6000000000000003e-05,1.2006470747302276e-05,3.873087128509956e-05
3735,horizontal,3.2000000000000002,135,1.6000000000000006e-05,1.2006470747302279e-05,4.0409610817927527e-05
3736,horizontal,3.2000000000000002,136,1.6000000000000006e-05,1.2006470747302277e-05,4.5657702248643269e-05
3737,horizontal,3.2000000000000002,137,1.6000000000000003e-05,1.2006470747302276e-05,4.2611045541072089e-05
3738,horizontal,3.2000000000000002,138,1.6000000000000003e-05,1.2006470747302277e-05,4.24312260120365e-05
3739,horizontal,3.2000000000000002,139,1.6000000000000006e-05,1.2006470747302277e-05,5.1593172874974568e-05
3740,horizontal,3.2000000000000002,140,1.5999999999999999e-05,1.2006470747302274e-05,4.5042076835646705e-05
3741,horizontal,3.2000000000000002,141,1.6000000000000006e-05,1.2006470747302279e-05,4.6901972418762541e-05
3742,horizontal,3.2000000000000002,142,1.6000000000000003e-05,1.2006470747302277e-05,3.8570085000756615e-05
3743,horizontal,3.2000000000000002,143,1.6000000000000006e-05,1.2006470747302279e-05,3.3968136025066906e-05
3744,horizontal,3.2000000000000002,144,1.6000000000000006e-05,1.2006470747302277e-05,4.9365682942107799e-05
3745,horizontal,3.2000000000000002,145,1.6000000000000003e-05,1.2006470747302277e-05,3.6982198339922976e-05
3746,horizontal,3.2000000000000002,146,1.6000000000000003e-05,1.2006470747302276e-05,5.0470136203128653e-05
3747,horizontal,3.2000000000000002,147,1.6000000000000003e-05,1.2006470747302277e-05,4.2197595569608356e-05
3748,horizontal,3.2000000000000002,148,1.6000000000000003e-05,1.2006470747302277e-05,4.0713666950323374e-05
3749,horizontal,3.2000000000000002,149,1.6000000000000003e-05,1.2006470747302277e-05,4.3965857945953047e-05
3750,horizontal,3.2000000000000002,150,1.5999999999999999e-05,1.2006470747302276e-05,3.6851487896804219e-05
3751,horizontal,3.2000000000000002,151,1.6000000000000003e-05,1.2006470747302276e-05,3.4609238233182551e-05
3752,horizontal,3.2000000000000002,152,1.6000000000000003e-05,1.2006470747302277e-05,3.6021289120709618e-05
3753,horizontal,3.2000000000000002,153,1.5999999999999999e-05,1.2006470747302274e-05,3.3127799071930555e-05
3754,horizontal,3.2000000000000002,154,1.6000000000000003e-05,1.2006470747302277e-05,3.8686984854698826e-05
3755,horizontal,3.2000000000000002,155,1.6000000000000006e-05,1.2006470747302279e-05,3.5743967225032929e-05
3756,horizontal,3.2000000000000002,156,1.6000000000000003e-05,1.2006470747302277e-05,3.6424403866234776e-05
3757,horizontal,3.2000000000000002,157,1.5999999999999999e-05,1.2006470747302276e-05,3.6683932484953878e-05
3758,horizontal,3.2000000000000002,158,1.6000000000000006e-05,1.2006470747302277e-05,4.9126679859187871e-05
3759,horizontal,3.2000000000000002,159,1.6000000000000003e-05,1.2006470747302276e-05,4.5523573833945263e-05
3760,horizontal,3.2000000000000002,160,1.5999999999999999e-05,1.2006470747302276e-05,4.2455719219536533e-05
3761,horizontal,3.2000000000000002,161,1.6000000000000006e-05,1.2006470747302277e-05,4.050733531457525e-05
3762,horizontal,3.2000000000000002,162,1.6000000000000003e-05,1.2006470747302277e-05,4.7868198730773526e-05
3763,horizontal,3.2000000000000002,163,1.6000000000000003e-05,1.2006470747302277e-05,3.9095780600908163e-05
3764,horizontal,3.2000000000000002,164,1.6000000000000003e-05,1.2006470747302277e-05,3.1227517119607224e-05
3765,horizontal,3.2000000000000002,165,1.6000000000000003e-05,1.2006470747302277e-05,4.4312171378011492e-05
3766,horizontal,3.2000000000000002,166,1.5999999999999999e-05,1.2006470747302274e-05,3.2640772848798331e-05
3767,horizontal,3.2000000000000002,167,1.6000000000000003e-05,1.2006470747302277e-05,4.4802248062334179e-05
3768,horizontal,3.2000000000000002,168,1.6000000000000006e-05,1.2006470747302276e-05,3.1895155154606155e-05
3769,horizontal,3.2000000000000002,169,1.6000000000000003e-05,1.2006470747302277e-05,4.4074896149801595e-05
3770,horizontal,3.2000000000000002,170,1.6000000000000003e-05,1.2006470747302277e-05,3.417988409681709e-05
3771,horizontal,3.2000000000000002,171,1.6000000000000003e-05,1.2006470747302276e-05,3.4715868635767287e-05
3772,horizontal,3.2000000000000002,172,1.6000000000000006e-05,1.2006470747302277e-05,5.1718928477457341e-05
3773,horizontal,3.2000000000000002,173,1.6000000000000003e-05,1.2006470747302277e-05,4.139276238869826e-05
3774,horizontal,3.2000000000000002,174,1.6000000000000003e-05,1.2006470747302277e-05,4.7366197247106208e-05
3775,horizontal,3.2000000000000002,175,1.6000000000000006e-05,1.2006470747302277e-05,3.7831686203590211e-05
3776,horizontal,3.2000000000000002,176,1.6000000000000003e-05,1.2006470747302277e-05,3.4098842007079631e-05
3777,horizontal,3.2000000000000002,177,1.6000000000000003e-05,1.2006470747302277e-05,4.2750607228179823e-05
3778,horizontal,3.2000000000000002,178,1.6000000000000003e-05,1.2006470747302277e-05,4.0422881396102405e-05
3779,horizontal,3.2000000000000002,179,1.5999999999999999e-05,1.2006470747302276e-05,5.2592802022023258e-05
3780,horizontal,3.2000000000000002,180,1.6000000000000003e-05,1.2006470747302277e-05,3.9957411263804157e-05
3781,horizontal,3.2000000000000002,181,1.6000000000000003e-05,1.2006470747302277e-05,4.6904196275081566e-05
3782,horizontal,3.2000000000000002,182,1.6000000000000006e-05,1.2006470747302276e-05,3.6823214240653893e-05
3783,horizontal,3.2000000000000002,183,1.6000000000000009e-05,1.2006470747302279e-05,3.9629829049929669e-05
3784,horizontal,3.2000000000000002,184,1.6000000000000003e-05,1.2006470747302276e-05,3.4251921563505833e-05
3785,horizontal,3.2000000000000002,185,1.6000000000000003e-05,1.2006470747302277e-05,4.9994260081801598e-05
3786,horizontal,3.2000000000000002,186,1.6000000000000003e-05,1.2006470747302276e-05,4.368052903508225e-05
3787,horizontal,3.2000000000000002,187,1.6000000000000006e-05,1.2006470747302277e-05,4.4271968617867646e-05
3788,horizontal,3.2000000000000002,188,1.5999999999999999e-05,1.2006470747302276e-05,4.0717742466751027e-05
3789,horizontal,3.2000000000000002,189,1.5999999999999999e-05,1.2006470747302274e-05,5.8496882714763897e-05
3790,horizontal,3.2000000000000002,190,1.6000000000000006e-05,1.2006470747302277e-05,4.4903038610790678e-05
3791,horizontal,3.2000000000000002,191,1.6000000000000003e-05,1.2006470747302276e-05,5.2223715424589746e-05
3792,horizontal,3.2000000000000002,192,1.6000000000000003e-05,1.2006470747302276e-05,4.2521752917192997e-05
3793,horizontal,3.2000000000000002,193,1.6000000000000009e-05,1.2006470747302279e-05,4.2800973133418719e-05
3794,horizontal,3.2000000000000002,194,1.6000000000000003e-05,1.2006470747302276e-05,3.6510720322740136e-05
3795,horizontal,3.2000000000000002,195,1.6000000000000009e-05,1.2006470747302281e-05,5.5632840308776228e-05
3796,horizontal,3.2000000000000002,196,1.6000000000000006e-05,1.2006470747302277e-05,3.6669814387577988e-05
3797,horizontal,3.2000000000000002,197,1.6000000000000003e-05,1.2006470747302276e-05,3.3715941487520891e-05
3798,horizontal,3.2000000000000002,198,1.6000000000000003e-05,1.2006470747302276e-05,3.5135110398400018e-05
3799,horizontal,3.2000000000000002,199,1.5999999999999999e-05,1.2006470747302274e-05,4.3276828210235335e-05
3800,horizontal,3.2000000000000002,200,1.6000000000000003e-05,1.2006470747302276e-05,3.7831693290158569e-05
3801,horizontal,3.2000000000000002,201,1.6000000000000003e-05,1.2006470747302277e-05,3.7955603887649852e-05
3802,horizontal,3.2000000000000002,202,1.6000000000000003e-05,1.2006470747302277e-05,3.626350334363171e-05
3803,horizontal,3.2000000000000002,203,1.6000000000000006e-05,1.2006470747302277e-05,4.3233739638271939e-05
3804,horizontal,3.2000000000000002,204,1.6000000000000006e-05,1.2006470747302279e-05,3.6961905205882223e-05
3805,horizontal,3.2000000000000002,205,1.6000000000000006e-05,1.2006470747302277e-05,4.3442932167527916e-05
3806,horizontal,3.2000000000000002,206,1.5999999999999999e-05,1.2006470747302276e-05,3.9198935480680732e-05
3807,horizontal,3.2000000000000002,207,1.6000000000000006e-05,1.2006470747302277e-05,5.231867465573717e-05
3808,horizontal,3.2000000000000002,208,1.6000000000000003e-05,1.2006470747302277e-05,5.0515755412559816e-05
3809,horizontal,3.2000000000000002,209,1.6000000000000003e-05,1.2006470747302276e-05,5.3191227019167577e-05
3810,horizontal,3.2000000000000002,210,1.6000000000000003e-05,1.2006470747302277e-05,4.4123162975278947e-05
3811,horizontal,3.2000000000000002,211,1.6000000000000006e-05,1.2006470747302277e-05,4.7062523234997394e-05
3812,horizontal,3.2000000000000002,212,1.6000000000000003e-05,1.2006470747302277e-05,3.8038127598450121e-05
3813,horizontal,3.2000000000000002,213,1.5999999999999999e-05,1.2006470747302276e-05,3.4836618615601205e-05
3814,horizontal,3.2000000000000002,214,1.6000000000000006e-05,1.2006470747302279e-05,3.5470035791542857e-05
3815,horizontal,3.2000000000000002,215,1.5999999999999999e-05,1.2006470747302274e-05,3.6094696325124463e-05
3816,horizontal,3.2000000000000002,216,1.6000000000000003e-05,1.2006470747302276e-05,4.7707724437423348e-05
3817,horizontal,3.2000000000000002,217,1.6000000000000003e-05,1.2006470747302276e-05,4.5275735280081453e-05
3818,horizontal,3.2000000000000002,218,1.6000000000000006e-05,1.2006470747302277e-05,4.0713595172643145e-05
3819,horizontal,3.2000000000000002,219,1.6000000000000003e-05,1.2006470747302277e-05,4.720297944096083e-05
3820,horizontal,3.2000000000000002,220,1.5999999999999999e-05,1.2006470747302276e-05,3.7975125030471289e-05
3821,horizontal,3.2000000000000002,221,1.6000000000000003e-05,1.2006470747302277e-05,4.1715696751101032e-05
3822,horizontal,3.2000000000000002,222,1.6000000000000006e-05,1.2006470747302277e-05,3.4810417924377424e-05
3823,horizontal,3.2000000000000002,223,1.6000000000000003e-05,1.2006470747302274e-05,4.2267859216687633e-05
3824,horizontal,3.2000000000000002,224,1.6000000000000003e-05,1.2006470747302276e-05,3.6357533778420103e-05
3825,horizontal,3.2000000000000002,225,1.6000000000000003e-05,1.2006470747302277e-05,3.5964453258365279e-05
3826,horizontal,3.2000000000000002,226,1.6000000000000003e-05,1.2006470747302277e-05,4.242447643851793e-05
3827,horizontal,3.2000000000000002,227,1.6000000000000006e-05,1.2006470747302277e-05,4.1549166683664251e-05
3828,horizontal,3.2000000000000002,228,1.6000000000000006e-05,1.2006470747302277e-05,5.4083988312345181e-05
3829,horizontal,3.2000000000000002,229,1.5999999999999999e-05,1.2006470747302274e-05,4.2554283827873997e-05
3830,horizontal,3.2000000000000002,230,1.6000000000000006e-05,1.2006470747302277e-05,4.047805509500156e-05
3831,horizontal,3.2000000000000002,231,1.6000000000000003e-05,1.2006470747302277e-05,3.4093135530644454e-05
3832,horizontal,3.2000000000000002,232,1.6000000000000003e-05,1.2006470747302277e-05,4.239381192457091e-05
3833,horizontal,3.2000000000000002,233,1.6000000000000006e-05,1.2006470747302281e-05,3.9995412142759962e-05
3834,horizontal,3.2000000000000002,234,1.6000000000000006e-05,1.2006470747302276e-05,3.9697298061502613e-05
3835,horizontal,3.2000000000000002,235,1.6000000000000003e-05,1.2006470747302276e-05,4.0504259812827337e-05
3836,horizontal,3.2000000000000002,236,1.6000000000000003e-05,1.2006470747302276e-05,4.4570781974428347e-05
3837,horizontal,3.2000000000000002,237,1.6000000000000003e-05,1.2006470747302277e-05,4.6654508425719193e-05
3838,horizontal,3.2000000000000002,238,1.6000000000000003e-05,1.2006470747302277e-05,4.3513958029418046e-05
3839,horizontal,3.2000000000000002,239,1.5999999999999999e-05,1.2006470747302277e-05,4.1444457210260528e-05
3840,horizontal,3.2000000000000002,240,1.6000000000000003e-05,1.2006470747302277e-05,4.6641771324421898e-05
3841,horizontal,3.2000000000000002,241,1.6000000000000006e-05,1.2006470747302279e-05,3.1483023583655384e-05
3842,horizontal,3.2000000000000002,242,1.6000000000000003e-05,1.2006470747302274e-05,3.5998810433263159e-05
3843,horizontal,3.2000000000000002,243,1.6000000000000003e-05,1.2006470747302276e-05,4.8681974543211168e-05
3844,horizontal,3.2000000000000002,244,1.6000000000000006e-05,1.2006470747302277e-05,2.6882986551341889e-05
3845,horizontal,3.2000000000000002,245,1.6000000000000003e-05,1.2006470747302277e-05,4.2720541110170266e-05
3846,horizontal,3.2000000000000002,246,1.6000000000000006e-05,1.2006470747302277e-05,3.9792880060555695e-05
3847,horizontal,3.2000000000000002,247,1.6000000000000003e-05,1.2006470747302277e-05,4.6293919687045391e-05
3848,horizontal,3.2000000000000002,248,1.6000000000000003e-05,1.2006470747302277e-05,4.0201304905406523e-05
3849,horizontal,3.2000000000000002,249,1.5999999999999999e-05,1.2006470747302276e-05,3.8089114022711534e-05
3850,horizontal,3.2000000000000002,250,1.6000000000000003e-05,1.2006470747302276e-05,3.8085960405772643e-05
3851,horizontal,3.2000000000000002,251,1.5999999999999999e-05,1.2006470747302276e-05,3.7949641719982503e-05
3852,horizontal,3.2000000000000002,252,1.6000000000000003e-05,1.2006470747302277e-05,4.6034528872753256e-05
3853,horizontal,3.2000000000000002,253,1.6000000000000003e-05,1.2006470747302277e-05,4.314349976825612e-05
3854,horizontal,3.2000000000000002,254,1.6000000000000003e-05,1.2006470747302277e-05,4.4945324278206701e-05
3855,horizontal,3.2000000000000002,255,1.6000000000000003e-05,1.2006470747302276e-05,4.676231390310188e-05
3856,horizontal,3.2000000000000002,256,1.6000000000000003e-05,1.2006470747302277e-05,3.2349583004516874e-05
3857,horizontal,3.2000000000000002,257,1.6000000000000006e-05,1.2006470747302277e-05,3.9039764237383409e-05
3858,horizontal,3.2000000000000002,258,1.6000000000000003e-05,1.2006470747302276e-05,4.1244538850703255e-05
3859,horizontal,3.2000000000000002,259,1.6000000000000003e-05,1.2006470747302276e-05,4.1181978207453066e-05
3860,horizontal,3.2000000000000002,260,1.6000000000000003e-05,1.2006470747302276e-05,3.8175096789625813e-05
3861,horizontal,3.2000000000000002,261,1.6000000000000003e-05,1.2006470747302277e-05,3.4667846311888129e-05
3862,horizontal,3.2000000000000002,262,1.6000000000000003e-05,1.2006470747302277e-05,3.1626936176074825e-05
3863,horizontal,3.2000000000000002,263,1.6000000000000006e-05,1.2006470747302277e-05,3.8779230953991977e-05
3864,horizontal,3.2000000000000002,264,1.6000000000000006e-05,1.2006470747302276e-05,3.2491096165869346e-05
3865,horizontal,3.2000000000000002,265,1.5999999999999999e-05,1.2006470747302276e-05,3.8979006919398777e-05
3866,horizontal,3.2000000000000002,266,1.6000000000000006e-05,1.2006470747302277e-05,4.9360564773080958e-05
3867,horizontal,3.2000000000000002,267,1.6000000000000006e-05,1.2006470747302279e-05,5.6371177942092769e-05
3868,horizontal,3.2000000000000002,268,1.6000000000000003e-05,1.2006470747302277e-05,4.0115290517422346e-05
3869,horizontal,3.2000000000000002,269,1.6000000000000003e-05,1.2006470747302277e-05,3.6848148406201746e-05
3870,horizontal,3.2000000000000002,270,1.6000000000000003e-05,1.2006470747302274e-05,4.3943208935602349e-05
3871,horizontal,3.2000000000000002,271,1.6000000000000003e-05,1.2006470747302277e-05,4.0906622382539912e-05
3872,horizontal,3.2000000000000002,272,1.6000000000000006e-05,1.2006470747302277e-05,4.3599388026248462e-05
3873,horizontal,3.2000000000000002,273,1.6000000000000003e-05,1.2006470747302277e-05,4.7417325918641247e-05
3874,horizontal,3.2000000000000002,274,1.6000000000000003e-05,1.2006470747302277e-05,3.5474096476018593e-05
3875,horizontal,3.2000000000000002,275,1.6000000000000003e-05,1.2006470747302277e-05,4.2930149009929176e-05
3876,horizontal,3.2000000000000002,276,1.6000000000000006e-05,1.2006470747302277e-05,4.4772984000343566e-05
3877,horizontal,3.2000000000000002,277,1.6000000000000003e-05,1.2006470747302277e-05,4.2086116920720748e-05
3878,horizontal,3.2000000000000002,278,1.6000000000000006e-05,1.2006470747302277e-05,4.7716523983932986e-05
3879,horizontal,3.2000000000000002,279,1.5999999999999999e-05,1.2006470747302276e-05,3.9986369144284476e-05
3880,horizontal,3.2000000000000002,280,1.6000000000000003e-05,1.2006470747302277e-05,4.6108176945342784e-05
3881,horizontal,3.2000000000000002,281,1.6000000000000003e-05,1.2006470747302276e-05,4.8024772562113152e-05
3882,horizontal,3.2000000000000002,282,1.6000000000000003e-05,1.2006470747302277e-05,4.5754071361764672e-05
3883,horizontal,3.2000000000000002,283,1.6000000000000003e-05,1.2006470747302277e-05,3.6040018334344731e-05
3884,horizontal,3.2000000000000002,284,1.6000000000000003e-05,1.2006470747302277e-05,3.4974316092078999e-05
3885,horizontal,3.2000000000000002,285,1.6000000000000006e-05,1.2006470747302277e-05,3.6938236443441985e-05
3886,horizontal,3.2000000000000002,286,1.6000000000000003e-05,1.2006470747302276e-05,4.5113305913215901e-05
3887,horizontal,3.2000000000000002,287,1.5999999999999999e-05,1.2006470747302276e-05,4.0725660253502303e-05
3888,horizontal,3.2000000000000002,288,1.6000000000000003e-05,1.2006470747302277e-05,4.7489994311274367e-05
3889,horizontal,3.2000000000000002,289,1.5999999999999999e-05,1.2006470747302277e-05,3.1151951009289358e-05
3890,horizontal,3.2000000000000002,290,1.6000000000000006e-05,1.2006470747302277e-05,4.2912602822139156e-05
3891,horizontal,3.2000000000000002,291,1.5999999999999999e-05,1.2006470747302274e-05,4.8470487317613754e-05
3892,horizontal,3.2000000000000002,292,1.5999999999999999e-05,1.2006470747302276e-05,4.9480587337656497e-05
3893,horizontal,3.2000000000000002,293,1.6000000000000003e-05,1.2006470747302276e-05,3.9925817852475259e-05
3894,horizontal,3.2000000000000002,294,1.6000000000000003e-05,1.2006470747302277e-05,4.4231502235065768e-05
3895,horizontal,3.2000000000000002,295,1.5999999999999999e-05,1.2006470747302276e-05,3.7912310475754866e-05
3896,horizontal,3.2000000000000002,296,1.5999999999999999e-05,1.2006470747302274e-05,4.090057998472012e-05
3897,horizontal,3.2000000000000002,297,1.5999999999999999e-05,1.2006470747302274e-05,4.2634805994924704e-05
3898,horizontal,3.2000000000000002,298,1.6000000000000003e-05,1.2006470747302276e-05,3.7097714975566349e-05
3899,horizontal,3.2000000000000002,299,1.6000000000000006e-05,1.2006470747302279e-05,4.0406148283677247e-05
3900,horizontal,3.2000000000000002,300,1.6000000000000003e-05,1.2006470747302274e-05,4.2052208578176977e-05
3901,horizontal,3.2000000000000002,301,1.6000000000000003e-05,1.2006470747302274e-05,4.4454647019080632e-05
3902,horizontal,3.2000000000000002,302,1.6000000000000003e-05,1.2006470747302277e-05,4.0597135144415093e-05
3903,horizontal,3.2000000000000002,303,1.6000000000000003e-05,1.2006470747302274e-05,3.5875225522867048e-05
3904,horizontal,3.2000000000000002,304,1.5999999999999999e-05,1.2006470747302274e-05,3.7985066371645108e-05
3905,horizontal,3.2000000000000002,305,1.5999999999999999e-05,1.2006470747302277e-05,3.6597533332929702e-05
3906,horizontal,3.2000000000000002,306,1.5999999999999999e-05,1.2006470747302274e-05,3.7453320327603922e-05
3907,horizontal,3.2000000000000002,307,1.5999999999999999e-05,1.2006470747302276e-05,3.7997054859878937e-05
3908,horizontal,3.2000000000000002,308,1.6000000000000003e-05,1.2006470747302279e-05,5.2176816686519881e-05
3909,horizontal,3.2000000000000002,309,1.6000000000000009e-05,1.2006470747302277e-05,6.3170016666486327e-05
3910,horizontal,3.2000000000000002,310,1.6000000000000003e-05,1.2006470747302276e-05,4.0381034749056333e-05
3911,horizontal,3.2000000000000002,311,1.6000000000000003e-05,1.2006470747302277e-05,3.7101304653933668e-05
3912,horizontal,3.2000000000000002,312,1.6000000000000003e-05,1.2006470747302277e-05,3.9994793019509072e-05
3913,horizontal,3.2000000000000002,313,1.5999999999999999e-05,1.2006470747302277e-05,3.7530619561465799e-05
3914,horizontal,3.2000000000000002,314,1.6000000000000003e-05,1.2006470747302277e-05,4.1502976420166431e-05
3915,horizontal,3.2000000000000002,315,1.6000000000000006e-05,1.2006470747302279e-05,3.3459902715975876e-05
3916,horizontal,3.2000000000000002,316,1.5999999999999999e-05,1.2006470747302277e-05,3.3350187195103342e-05
3917,horizontal,3.2000000000000002,317,1.6000000000000009e-05,1.2006470747302277e-05,3.7736662210596308e-05
3918,horizontal,3.2000000000000002,318,1.6000000000000003e-05,1.2006470747302277e-05,4.696233605447847e-05
3919,horizontal,3.2000000000000002,319,1.6000000000000003e-05,1.2006470747302274e-05,4.0478854861092004e-05
3920,horizontal,3.2000000000000002,320,1.5999999999999996e-05,1.2006470747302276e-05,4.601449708047785e-05
3921,horizontal,3.2000000000000002,321,1.6000000000000006e-05,1.2006470747302279e-05,4.0682016389206474e-05
3922,horizontal,3.2000000000000002,322,1.6000000000000006e-05,1.2006470747302277e-05,3.7243852004134781e-05
3923,horizontal,3.2000000000000002,323,1.6000000000000003e-05,1.2006470747302279e-05,3.7828082906376132e-05
3924,horizontal,3.2000000000000002,324,1.6000000000000006e-05,1.2006470747302277e-05,3.7092577289077229e-05
3925,horizontal,3.2000000000000002,325,1.6000000000000003e-05,1.2006470747302276e-05,3.7362360639322224e-05
3926,horizontal,3.2000000000000002,326,1.6000000000000006e-05,1.2006470747302277e-05,4.2382908376100456e-05
3927,horizontal,3.2000000000000002,327,1.5999999999999999e-05,1.2006470747302276e-05,3.8331690453254002e-05
3928,horizontal,3.2000000000000002,328,1.5999999999999999e-05,1.2006470747302276e-05,4.7158610937687868e-05
3929,horizontal,3.2000000000000002,329,1.5999999999999999e-05,1.2006470747302276e-05,4.2892197836728819e-05
3930,horizontal,3.2000000000000002,330,1.6000000000000003e-05,1.2006470747302277e-05,4.1066782789408546e-05
3931,horizontal,3.2000000000000002,331,1.6000000000000003e-05,1.2006470747302274e-05,4.2871525328231806e-05
3932,horizontal,3.2000000000000002,332,1.6000000000000003e-05,1.2006470747302277e-05,4.238263839728837e-05
3933,horizontal,3.2000000000000002,333,1.6000000000000003e-05,1.2006470747302277e-05,4.4271098633185736e-05
3934,horizontal,3.2000000000000002,334,1.6000000000000003e-05,1.2006470747302276e-05,5.0445116828298374e-05
3935,horizontal,3.2000000000000002,335,1.6000000000000003e-05,1.2006470747302277e-05,3.692651270667071e-05
3936,horizontal,3.2000000000000002,336,1.5999999999999999e-05,1.2006470747302276e-05,3.7136565489150668e-05
3937,horizontal,3.2000000000000002,337,1.5999999999999996e-05,1.2006470747302274e-05,3.3462983701390004e-05
3938,horizontal,3.2000000000000002,338,1.6000000000000006e-05,1.2006470747302279e-05,3.2629980842767353e-05
3939,horizontal,3.2000000000000002,339,1.6000000000000006e-05,1.2006470747302277e-05,3.7320201948040269e-05
3940,horizontal,3.2000000000000002,340,1.6000000000000003e-05,1.2006470747302277e-05,5.3750243748448826e-05
3941,horizontal,3.2000000000000002,341,1.6000000000000003e-05,1.2006470747302277e-05,3.8048614786573326e-05
3942,horizontal,3.2000000000000002,342,1.6000000000000003e-05,1.2006470747302277e-05,5.3986383593519376e-05
3943,horizontal,3.2000000000000002,343,1.6000000000000003e-05,1.2006470747302276e-05,4.2528728900424451e-05
3944,horizontal,3.2000000000000002,344,1.6000000000000006e-05,1.2006470747302277e-05,3.3268042840446909e-05
3945,horizontal,3.2000000000000002,345,1.6000000000000003e-05,1.2006470747302277e-05,3.4516956853731102e-05
3946,horizontal,3.2000000000000002,346,1.6000000000000003e-05,1.2006470747302276e-05,4.1652215945061549e-05
3947,horizontal,3.2000000000000002,347,1.6000000000000006e-05,1.2006470747302276e-05,4.8520535229902665e-05
3948,horizontal,3.2000000000000002,348,1.6000000000000006e-05,1.2006470747302277e-05,4.4200150751636669e-05
3949,horizontal,3.2000000000000002,349,1.6000000000000003e-05,1.2006470747302276e-05,5.7189754538622525e-05
3950,horizontal,3.2000000000000002,350,1.6000000000000003e-05,1.2006470747302276e-05,3.4504577930200787e-05
3951,horizontal,3.2000000000000002,351,1.5999999999999999e-05,1.2006470747302274e-05,3.3975402492055363e-05
3952,horizontal,3.2000000000000002,352,1.6000000000000003e-05,1.2006470747302277e-05,4.3808618685324304e-05
3953,horizontal,3.2000000000000002,353,1.6000000000000006e-05,1.2006470747302277e-05,4.0661013223569154e-05
3954,horizontal,3.2000000000000002,354,1.6000000000000006e-05,1.2006470747302277e-05,4.2087328195630312e-05
3955,horizontal,3.2000000000000002,355,1.6000000000000003e-05,1.2006470747302277e-05,4.2707894734603332e-05
3956,horizontal,3.2000000000000002,356,1.6000000000000003e-05,1.2006470747302277e-05,3.2981084471929615e-05
3957,horizontal,3.2000000000000002,357,1.6000000000000003e-05,1.2006470747302277e-05,3.3953773902807803e-05
3958,horizontal,3.2000000000000002,358,1.6000000000000003e-05,1.2006470747302277e-05,5.8945087992433969e-05
3959,horizontal,3.2000000000000002,359,1.5999999999999999e-05,1.2006470747302274e-05,3.4328202422851505e-05
3960,horizontal,3.2000000000000002,360,1.6000000000000003e-05,1.2006470747302277e-05,3.5990230105245885e-05
3961,horizontal,3.2000000000000002,361,1.6000000000000003e-05,1.2006470747302277e-05,3.7179551169741057e-05
3962,horizontal,3.2000000000000002,362,1.6000000000000003e-05,1.2006470747302277e-05,4.4150077325530225e-05
3963,horizontal,3.2000000000000002,363,1.6000000000000003e-05,1.2006470747302276e-05,3.5240341218722604e-05
3964,horizontal,3.2000000000000002,364,1.5999999999999999e-05,1.2006470747302276e-05,4.1173394483989569e-05
3965,horizontal,3.2000000000000002,365,1.6000000000000006e-05,1.2006470747302277e-05,4.3938156793393873e-05
3966,horizontal,3.2000000000000002,366,1.5999999999999999e-05,1.2006470747302274e-05,5.0634744619908088e-05
3967,horizontal,3.2000000000000002,367,1.6000000000000003e-05,1.2006470747302276e-05,3.4933760588548576e-05
3968,horizontal,3.2000000000000002,368,1.6000000000000006e-05,1.2006470747302277e-05,4.0967109885471581e-05
3969,horizontal,3.2000000000000002,369,1.5999999999999999e-05,1.2006470747302276e-05,4.1588886963776116e-05
3970,horizontal,3.2000000000000002,370,1.6000000000000006e-05,1.2006470747302279e-05,4.0376933831150388e-05
3971,horizontal,3.2000000000000002,371,1.6000000000000006e-05,1.2006470747302276e-05,4.5543046330250035e-05
3972,horizontal,3.2000000000000002,372,1.6000000000000006e-05,1.2006470747302277e-05,4.5065696922466815e-05
3973,horizontal,3.2000000000000002,373,1.6000000000000006e-05,1.2006470747302277e-05,3.9455113436114866e-05
3974,horizontal,3.2000000000000002,374,1.6000000000000003e-05,1.2006470747302277e-05,4.4125023402187166e-05
3975,horizontal,3.2000000000000002,375,1.6000000000000006e-05,1.2006470747302277e-05,3.6803515230012964e-05
3976,horizontal,3.2000000000000002,376,1.6000000000000003e-05,1.2006470747302277e-05,3.907890080603354e-05
3977,horizontal,3.2000000000000002,377,1.6000000000000006e-05,1.2006470747302279e-05,5.0188046466601977e-05
3978,horizontal,3.2000000000000002,378,1.6000000000000003e-05,1.2006470747302276e-05,4.3595699250849069e-05
3979,horizontal,3.2000000000000002,379,1.6000000000000003e-05,1.2006470747302277e-05,4.2743585810222489e-05
3980,horizontal,3.2000000000000002,380,1.6000000000000003e-05,1.2006470747302276e-05,3.6561460805779918e-05
3981,horizontal,3.2000000000000002,381,1.6000000000000006e-05,1.2006470747302277e-05,3.6977293820416865e-05
3982,horizontal,3.2000000000000002,382,1.5999999999999999e-05,1.2006470747302276e-05,4.1745787265918737e-05
3983,horizontal,3.2000000000000002,383,1.5999999999999996e-05,1.2006470747302276e-05,3.8154983173346868e-05
3984,horizontal,3.2000000000000002,384,1.6000000000000003e-05,1.2006470747302276e-05,3.9951676147518675e-05
3985,horizontal,3.2000000000000002,385,1.6000000000000003e-05,1.2006470747302277e-05,4.29493395391441e-05
3986,horizontal,3.2000000000000002,386,1.6000000000000003e-05,1.2006470747302277e-05,4.9679374273317806e-05
3987,horizontal,3.2000000000000002,387,1.6000000000000003e-05,1.2006470747302277e-05,4.0017496093667089e-05
3988,horizontal,3.2000000000000002,388,1.6000000000000003e-05,1.2006470747302277e-05,4.2137934135668767e-05
3989,horizontal,3.2000000000000002,389,1.5999999999999999e-05,1.2006470747302276e-05,5.0141037665877361e-05
3990,horizontal,3.2000000000000002,390,1.6000000000000003e-05,1.2006470747302276e-05,3.655655234848449e-05
3991,horizontal,3.2000000000000002,391,1.6000000000000003e-05,1.2006470747302277e-05,3.6342474448252203e-05
3992,horizontal,3.2000000000000002,392,1.6000000000000006e-05,1.2006470747302277e-05,3.9330199771919924e-05
3993,horizontal,3.2000000000000002,393,1.6000000000000003e-05,1.2006470747302277e-05,4.0851106086302841e-05
3994,horizontal,3.2000000000000002,394,1.6000000000000003e-05,1.2006470747302274e-05,3.824405876196816e-05
3995,horizontal,3.2000000000000002,395,1.6000000000000003e-05,1.2006470747302274e-05,3.9065713048933686e-05
3996,horizontal,3.2000000000000002,396,1.6000000000000003e-05,1.2006470747302277e-05,3.467066727104934e-05
3997,horizontal,3.2000000000000002,397,1.6000000000000006e-05,1.2006470747302277e-05,4.3345647813314174e-05
3998,horizontal,3.2000000000000002,398,1.6000000000000003e-05,1.2006470747302276e-05,4.3756723219181956e-05
3999,horizontal,3.2000000000000002,399,1.6000000000000003e-05,1.2006470747302276e-05,3.9279692203090034e-05
4000,horizontal,3.2000000000000002,400,1.6000000000000006e-05,1.2006470747302277e-05,3.4464892026671266e-05
4001,horizontal,3.2000000000000002,401,1.6000000000000003e-05,1.2006470747302276e-05,5.2138430301250687e-05
4002,horizontal,3.2000000000000002,402,1.6000000000000003e-05,1.2006470747302277e-05,4.577995464375473e-05
4003,horizontal,3.2000000000000002,403,1.6000000000000003e-05,1.2006470747302277e-05,3.3322050503917424e-05
4004,horizontal,3.2000000000000002,404,1.6000000000000006e-05,1.2006470747302277e-05,4.4473204674381934e-05
4005,horizontal,3.2000000000000002,405,1.6000000000000003e-05,1.2006470747302276e-05,3.4778927088086799e-05
4006,horizontal,3.2000000000000002,406,1.6000000000000003e-05,1.2006470747302276e-05,3.7632809786008487e-05
4007,horizontal,3.2000000000000002,407,1.6000000000000003e-05,1.2006470747302276e-05,4.5031622774440826e-05
4008,horizontal,3.2000000000000002,408,1.6000000000000003e-05,1.2006470747302277e-05,4.1672775213016721e-05
4009,horizontal,3.2000000000000002,409,1.6000000000000003e-05,1.2006470747302274e-05,4.9719739334914846e-05
4010,horizontal,3.2000000000000002,410,1.6000000000000006e-05,1.2006470747302277e-05,4.1439635599470524e-05
4011,horizontal,3.2000000000000002,411,1.6000000000000003e-05,1.2006470747302277e-05,4.2094476812920568e-05
4012,horizontal,3.2000000000000002,412,1.6000000000000003e-05,1.2006470747302276e-05,4.0498422355952882e-05
4013,horizontal,3.2000000000000002,413,1.5999999999999999e-05,1.2006470747302276e-05,4.2504439257707131e-05
4014,horizontal,3.2000000000000002,414,1.5999999999999999e-05,1.2006470747302276e-05,4.0584274544444609e-05
4015,horizontal,3.2000000000000002,415,1.6000000000000003e-05,1.2006470747302277e-05,3.6574226161743453e-05
4016,horizontal,3.2000000000000002,416,1.6000000000000003e-05,1.2006470747302277e-05,3.3408886815642468e-05
4017,horizontal,3.2000000000000002,417,1.6000000000000003e-05,1.2006470747302276e-05,3.646559046276106e-05
4018,horizontal,3.2000000000000002,418,1.6000000000000003e-05,1.2006470747302274e-05,3.8460840353890127e-05
4019,horizontal,3.2000000000000002,419,1.5999999999999999e-05,1.2006470747302274e-05,3.8694282951797144e-05
4020,horizontal,3.2000000000000002,420,1.6000000000000003e-05,1.2006470747302276e-05,3.9595755636730314e-05
4021,horizontal,3.2000000000000002,421,1.6000000000000006e-05,1.2006470747302277e-05,3.8288347486520932e-05
4022,horizontal,3.2000000000000002,422,1.6000000000000003e-05,1.2006470747302277e-05,4.4888996654916726e-05
4023,horizontal,3.2000000000000002,423,1.6000000000000006e-05,1.2006470747302279e-05,4.455009254856528e-05
4024,horizontal,3.2000000000000002,424,1.6000000000000003e-05,1.2006470747302276e-05,4.5120403567975385e-05
4025,horizontal,3.2000000000000002,425,1.6000000000000006e-05,1.2006470747302277e-05,3.7356494257112993e-05
4026,horizontal,3.2000000000000002,426,1.6000000000000006e-05,1.2006470747302277e-05,3.8456465986882916e-05
4027,horizontal,3.2000000000000002,427,1.6000000000000003e-05,1.2006470747302276e-05,3.5523499822507627e-05
4028,horizontal,3.2000000000000002,428,1.6000000000000006e-05,1.2006470747302277e-05,4.1265455007162778e-05
4029,horizontal,3.2000000000000002,429,1.6000000000000003e-05,1.2006470747302277e-05,3.7191137134852726e-05
4030,horizontal,3.2000000000000002,430,1.6000000000000003e-05,1.2006470747302277e-05,4.4827610857233675e-05
4031,horizontal,3.2000000000000002,431,1.6000000000000006e-05,1.2006470747302277e-05,4.5952572948706887e-05
4032,horizontal,3.2000000000000002,432,1.6000000000000003e-05,1.2006470747302277e-05,3.8459482879491173e-05
4033,horizontal,3.2000000000000002,433,1.6000000000000003e-05,1.2006470747302276e-05,4.2671463512943554e-05
4034,horizontal,3.2000000000000002,434,1.6000000000000003e-05,1.2006470747302276e-05,5.2553498575528061e-05
4035,horizontal,3.2000000000000002,435,1.6000000000000006e-05,1.2006470747302277e-05,3.7311033872697137e-05
4036,horizontal,3.2000000000000002,436,1.6000000000000006e-05,1.2006470747302279e-05,4.1730205717697212e-05
4037,horizontal,3.2000000000000002,437,1.6000000000000003e-05,1.2006470747302276e-05,3.6714958360968778e-05
4038,horizontal,3.2000000000000002,438,1.6000000000000003e-05,1.2006470747302276e-05,4.345307942363134e-05
4039,horizontal,3.2000000000000002,439,1.6000000000000003e-05,1.2006470747302277e-05,4.2321852492948599e-05
4040,horizontal,3.2000000000000002,440,1.6000000000000006e-05,1.2006470747302277e-05,3.8615124243873574e-05
4041,horizontal,3.2000000000000002,441,1.6000000000000003e-05,1.2006470747302277e-05,4.5932384687562383e-05
4042,horizontal,3.2000000000000002,442,1.6000000000000003e-05,1.2006470747302277e-05,3.7975043053326239e-05
4043,horizontal,3.2000000000000002,443,1.6000000000000003e-05,1.2006470747302277e-05,4.109452339682896e-05
4044,horizontal,3.2000000000000002,444,1.6000000000000003e-05,1.2006470747302276e-05,3.9877263501659272e-05
4045,horizontal,3.2000000000000002,445,1.6000000000000003e-05,1.2006470747302277e-05,4.7635866490857662e-05
4046,horizontal,3.2000000000000002,446,1.6000000000000006e-05,1.2006470747302279e-05,4.1908770770726858e-05
4047,horizontal,3.2000000000000002,447,1.6000000000000003e-05,1.2006470747302277e-05,4.2475081237227383e-05
4048,horizontal,3.2000000000000002,448,1.6000000000000003e-05,1.2006470747302276e-05,3.4441743540749469e-05
4049,horizontal,3.2000000000000002,449,1.6000000000000003e-05,1.2006470747302276e-05,4.3487359010046272e-05
4050,horizontal,3.2000000000000002,450,1.6000000000000009e-05,1.2006470747302277e-05,4.1890217898788037e-05
4051,horizontal,3.2000000000000002,451,1.6000000000000003e-05,1.2006470747302277e-05,3.8090981269377409e-05
4052,horizontal,3.2000000000000002,452,1.6000000000000003e-05,1.2006470747302277e-05,4.0061053095908009e-05
4053,horizontal,3.2000000000000002,453,1.5999999999999999e-05,1.2006470747302272e-05,4.6121845882942088e-05
4054,horizontal,3.2000000000000002,454,1.6000000000000003e-05,1.2006470747302277e-05,5.0868067625445887e-05
4055,horizontal,3.2000000000000002,455,1.6000000000000003e-05,1.2006470747302277e-05,4.4479626450708201e-05
4056,horizontal,3.2000000000000002,456,1.6000000000000003e-05,1.2006470747302277e-05,3.6118168495396071e-05
4057,horizontal,3.2000000000000002,457,1.6000000000000003e-05,1.2006470747302277e-05,4.511467572296146e-05
4058,horizontal,3.2000000000000002,458,1.6000000000000003e-05,1.2006470747302277e-05,3.984473930573092e-05
4059,horizontal,3.2000000000000002,459,1.5999999999999999e-05,1.2006470747302276e-05,3.4972036702795415e-05
4060,horizontal,3.2000000000000002,460,1.6000000000000003e-05,1.2006470747302276e-05,4.16114239819201e-05
4061,horizontal,3.2000000000000002,461,1.6000000000000006e-05,1.2006470747302279e-05,4.3548153542496226e-05
4062,horizontal,3.2000000000000002,462,1.6000000000000006e-05,1.2006470747302277e-05,3.5670373269403006e-05
4063,horizontal,3.2000000000000002,463,1.6000000000000003e-05,1.2006470747302277e-05,4.8925766137006345e-05
4064,horizontal,3.2000000000000002,464,1.6000000000000003e-05,1.2006470747302276e-05,4.5456460313375084e-05
4065,horizontal,3.2000000000000002,465,1.6000000000000006e-05,1.2006470747302277e-05,3.7695221080029166e-05
4066,horizontal,3.2000000000000002,466,1.6000000000000003e-05,1.2006470747302276e-05,3.0253054687757669e-05
4067,horizontal,3.2000000000000002,467,1.6000000000000006e-05,1.2006470747302277e-05,3.8928687815405669e-05
4068,horizontal,3.2000000000000002,468,1.5999999999999999e-05,1.2006470747302276e-05,4.3448150117599491e-05
4069,horizontal,3.2000000000000002,469,1.6000000000000013e-05,1.2006470747302281e-05,3.9201636770856902e-05
4070,horizontal,3.2000000000000002,470,1.6000000000000006e-05,1.2006470747302277e-05,3.5942894339925633e-05
4071,horizontal,3.2000000000000002,471,1.6000000000000003e-05,1.2006470747302277e-05,4.0748365819287531e-05
4072,horizontal,3.2000000000000002,472,1.6000000000000003e-05,1.2006470747302276e-05,3.6884410879889595e-05
4073,horizontal,3.2000000000000002,473,1.6000000000000003e-05,1.2006470747302276e-05,4.3022528085525384e-05
4074,horizontal,3.2000000000000002,474,1.5999999999999999e-05,1.2006470747302274e-05,3.7862312377790177e-05
4075,horizontal,3.2000000000000002,475,1.6000000000000003e-05,1.2006470747302276e-05,4.4451412790737036e-05
4076,horizontal,3.2000000000000002,476,1.6000000000000003e-05,1.2006470747302277e-05,4.0966920608391379e-05
4077,horizontal,3.2000000000000002,477,1.6000000000000003e-05,1.2006470747302277e-05,3.8409670511758208e-05
4078,horizontal,3.2000000000000002,478,1.5999999999999999e-05,1.2006470747302276e-05,3.9468813476757915e-05
4079,horizontal,3.2000000000000002,479,1.6000000000000003e-05,1.2006470747302277e-05,3.6604576825817489e-05
4080,horizontal,3.2000000000000002,480,1.5999999999999999e-05,1.2006470747302274e-05,3.5606673621802813e-05
4081,horizontal,3.2000000000000002,481,1.5999999999999999e-05,1.2006470747302274e-05,3.8633920086814607e-05
4082,horizontal,3.2000000000000002,482,1.6000000000000003e-05,1.2006470747302277e-05,5.2518748084603962e-05
4083,horizontal,3.2000000000000002,483,1.6000000000000003e-05,1.2006470747302277e-05,3.7130149925132041e-05
4084,horizontal,3.2000000000000002,484,1.6000000000000003e-05,1.2006470747302277e-05,6.6959768789893271e-05
4085,horizontal,3.2000000000000002,485,1.6000000000000006e-05,1.2006470747302277e-05,4.2031063912573331e-05
4086,horizontal,3.2000000000000002,486,1.5999999999999999e-05,1.2006470747302276e-05,4.7557683459940605e-05
4087,horizontal,3.2000000000000002,487,1.5999999999999999e-05,1.2006470747302274e-05,4.1609609782224695e-05
4088,horizontal,3.2000000000000002,488,1.6000000000000003e-05,1.2006470747302277e-05,4.8027678869068944e-05
4089,horizontal,3.2000000000000002,489,1.6000000000000003e-05,1.2006470747302276e-05,5.3627034169537927e-05
4090,horizontal,3.2000000000000002,490,1.6000000000000006e-05,1.2006470747302277e-05,4.6297829754066787e-05
4091,horizontal,3.2000000000000002,491,1.6000000000000006e-05,1.2006470747302277e-05,4.0788233412051904e-05
4092,horizontal,3.2000000000000002,492,1.6000000000000003e-05,1.2006470747302277e-05,4.0695978498751828e-05
4093,horizontal,3.2000000000000002,493,1.6000000000000003e-05,1.2006470747302276e-05,4.7498671714130768e-05
4094,horizontal,3.2000000000000002,494,1.6000000000000006e-05,1.2006470747302277e-05,4.1003985229390428e-05
4095,horizontal,3.2000000000000002,495,1.6000000000000003e-05,1.2006470747302277e-05,4.7958176412167417e-05
4096,horizontal,3.2000000000000002,496,1.6000000000000003e-05,1.2006470747302277e-05,3.5600932483346491e-05
4097,horizontal,3.2000000000000002,497,1.6000000000000003e-05,1.2006470747302277e-05,5.5100688559532292e-05
4098,horizontal,3.2000000000000002,498,1.6000000000000003e-05,1.2006470747302276e-05,4.0910145189276271e-05
4099,horizontal,3.2000000000000002,499,1.6000000000000003e-05,1.2006470747302276e-05,3.8260701732934696e-05
4100,horizontal,3.2000000000000002,500,1.6000000000000003e-05,1.2006470747302277e-05,4.2281008876926996e-05
4101,horizontal,3.2000000000000002,501,1.6000000000000003e-05,1.2006470747302279e-05,4.081168412234486e-05
4102,horizontal,3.2000000000000002,502,1.6000000000000006e-05,1.2006470747302277e-05,4.3867162826957638e-05
4103,horizontal,3.2000000000000002,503,1.6000000000000003e-05,1.2006470747302276e-05,3.4779724563198509e-05
4104,horizontal,3.2000000000000002,504,1.6000000000000003e-05,1.2006470747302276e-05,4.6204687546799557e-05
4105,horizontal,3.2000000000000002,505,1.5999999999999999e-05,1.2006470747302276e-05,4.3510746119485465e-05
4106,horizontal,3.2000000000000002,506,1.5999999999999999e-05,1.2006470747302274e-05,4.808484276066036e-05
4107,horizontal,3.2000000000000002,507,1.6000000000000003e-05,1.2006470747302274e-05,3.9272197596669237e-05
4108,horizontal,3.2000000000000002,508,1.6000000000000003e-05,1.2006470747302276e-05,3.869021828909942e-05
4109,horizontal,3.2000000000000002,509,1.5999999999999999e-05,1.2006470747302276e-05,4.3964921487319048e-05
4110,horizontal,3.2000000000000002,510,1.6000000000000003e-05,1.2006470747302276e-05,4.0504801175957239e-05
4111,horizontal,3.2000000000000002,511,1.6000000000000003e-05,1.2006470747302277e-05,3.9325977237523651e-05
4112,horizontal,3.2000000000000002,512,1.6000000000000003e-05,1.2006470747302274e-05,3.6505785348093202e-05
4113,horizontal,3.2000000000000002,513,1.6000000000000003e-05,1.2006470747302276e-05,4.5026754203843732e-05
4114,horizontal,3.2000000000000002,514,1.6000000000000006e-05,1.2006470747302277e-05,4.2693156421344145e-05
4115,horizontal,3.2000000000000002,515,1.5999999999999999e-05,1.2006470747302276e-05,3.7331938802147978e-05
4116,horizontal,3.2000000000000002,516,1.5999999999999999e-05,1.2006470747302276e-05,3.4629544564163873e-05
4117,horizontal,3.2000000000000002,517,1.6000000000000003e-05,1.2006470747302276e-05,4.1732215827793334e-05
4118,horizontal,3.2000000000000002,518,1.5999999999999999e-05,1.2006470747302274e-05,4.1837483575808567e-05
4119,horizontal,3.2000000000000002,519,1.6000000000000003e-05,1.2006470747302277e-05,3.7418788360538492e-05
4120,horizontal,3.2000000000000002,520,1.5999999999999999e-05,1.2006470747302274e-05,3.1876178434968045e-05
4121,horizontal,3.2000000000000002,521,1.6000000000000003e-05,1.2006470747302277e-05,4.2841965353773602e-05
4122,horizontal,3.2000000000000002,522,1.6000000000000003e-05,1.2006470747302277e-05,3.9169133999509463e-05
4123,horizontal,3.2000000000000002,523,1.6000000000000003e-05,1.2006470747302277e-05,4.105444056496603e-05
4124,horizontal,3.2000000000000002,524,1.5999999999999999e-05,1.2006470747302276e-05,4.8484872065198102e-05
4125,horizontal,3.2000000000000002,525,1.6000000000000003e-05,1.2006470747302277e-05,4.5768543250212474e-05
4126,horizontal,3.2000000000000002,526,1.6000000000000006e-05,1.2006470747302277e-05,3.7419638991655218e-05
4127,horizontal,3.2000000000000002,527,1.6000000000000006e-05,1.2006470747302276e-05,3.9926252606755517e-05
4128,horizontal,3.2000000000000002,528,1.6000000000000003e-05,1.2006470747302276e-05,3.2494811941140005e-05
4129,horizontal,3.2000000000000002,529,1.5999999999999999e-05,1.2006470747302276e-05,3.9804814493685497e-05
4130,horizontal,3.2000000000000002,530,1.6000000000000003e-05,1.2006470747302276e-05,4.4778483243249809e-05
4131,horizontal,3.2000000000000002,531,1.6000000000000003e-05,1.2006470747302276e-05,3.7229071892290466e-05
4132,horizontal,3.2000000000000002,532,1.5999999999999999e-05,1.2006470747302274e-05,3.8791356466397939e-05
4133,horizontal,3.2000000000000002,533,1.5999999999999999e-05,1.2006470747302274e-05,3.1815566952089422e-05
4134,horizontal,3.2000000000000002,534,1.6000000000000006e-05,1.2006470747302277e-05,4.3663973541208741e-05
4135,horizontal,3.2000000000000002,535,1.6000000000000003e-05,1.2006470747302276e-05,3.8628794087049165e-05
4136,horizontal,3.2000000000000002,536,1.6000000000000003e-05,1.2006470747302276e-05,4.1749856754811393e-05
4137,horizontal,3.2000000000000002,537,1.6000000000000006e-05,1.2006470747302277e-05,5.6909217100727492e-05
4138,horizontal,3.2000000000000002,538,1.5999999999999999e-05,1.2006470747302274e-05,4.1287719690436572e-05
4139,horizontal,3.2000000000000002,539,1.6000000000000003e-05,1.2006470747302277e-05,3.9296149543552669e-05
4140,horizontal,3.2000000000000002,540,1.6000000000000003e-05,1.2006470747302277e-05,4.7208391552954135e-05
4141,horizontal,3.2000000000000002,541,1.6000000000000003e-05,1.2006470747302276e-05,3.9673251874851689e-05
4142,horizontal,3.2000000000000002,542,1.6000000000000006e-05,1.2006470747302277e-05,4.0185253178923026e-05
4143,horizontal,3.2000000000000002,543,1.6000000000000006e-05,1.2006470747302277e-05,3.6128178724447734e-05
4144,horizontal,3.2000000000000002,544,1.6000000000000003e-05,1.2006470747302277e-05,3.9240630227921896e-05
4145,horizontal,3.2000000000000002,545,1.5999999999999999e-05,1.2006470747302276e-05,4.412586453246494e-05
4146,horizontal,3.2000000000000002,546,1.6000000000000006e-05,1.2006470747302277e-05,4.846431342978747e-05
4147,horizontal,3.2000000000000002,547,1.6000000000000003e-05,1.2006470747302277e-05,3.7040081761365749e-05
4148,horizontal,3.2000000000000002,548,1.6000000000000003e-05,1.2006470747302277e-05,4.1799088113810753e-05
4149,horizontal,3.2000000000000002,549,1.6000000000000003e-05,1.2006470747302276e-05,3.512172269372844e-05
4150,horizontal,3.2000000000000002,550,1.6000000000000003e-05,1.2006470747302277e-05,4.2119036897805667e-05
4151,horizontal,3.2000000000000002,551,1.6000000000000003e-05,1.2006470747302277e-05,3.6361829089208576e-05
4152,horizontal,3.2000000000000002,552,1.6000000000000003e-05,1.2006470747302279e-05,4.2372762180532365e-05
4153,horizontal,3.2000000000000002,553,1.6000000000000003e-05,1.2006470747302276e-05,4.0236763886950513e-05
4154,horizontal,3.2000000000000002,554,1.6000000000000006e-05,1.2006470747302277e-05,4.4111121836064171e-05
4155,horizontal,3.2000000000000002,555,1.6000000000000006e-05,1.2006470747302277e-05,4.9634779179568332e-05
4156,horizontal,3.2000000000000002,556,1.6000000000000006e-05,1.2006470747302276e-05,3.5838119471062754e-05
4157,horizontal,3.2000000000000002,557,1.6000000000000003e-05,1.2006470747302276e-05,3.9386866400118104e-05
4158,horizontal,3.2000000000000002,558,1.6000000000000003e-05,1.2006470747302277e-05,4.4466507990696414e-05
4159,horizontal,3.2000000000000002,559,1.6000000000000003e-05,1.2006470747302277e-05,4.6833741939284407e-05
4160,horizontal,3.2000000000000002,560,1.6000000000000003e-05,1.2006470747302277e-05,4.1071429682145543e-05
4161,horizontal,3.2000000000000002,561,1.6000000000000003e-05,1.2006470747302277e-05,3.6063362707977697e-05
4162,horizontal,3.2000000000000002,562,1.6000000000000003e-05,1.2006470747302277e-05,5.8495695888320622e-05
4163,horizontal,3.2000000000000002,563,1.6000000000000003e-05,1.2006470747302276e-05,4.0772313666289233e-05
4164,horizontal,3.2000000000000002,564,1.6000000000000006e-05,1.2006470747302277e-05,3.6847215226144105e-05
4165,horizontal,3.2000000000000002,565,1.6000000000000003e-05,1.2006470747302276e-05,5.5241902721226067e-05
4166,horizontal,3.2000000000000002,566,1.6000000000000003e-05,1.2006470747302277e-05,3.8177870967186601e-05
4167,horizontal,3.2000000000000002,567,1.6000000000000003e-05,1.2006470747302277e-05,3.3293555800312446e-05
4168,horizontal,3.2000000000000002,568,1.6000000000000006e-05,1.2006470747302276e-05,4.67818355254047e-05
4169,horizontal,3.2000000000000002,569,1.6000000000000003e-05,1.2006470747302276e-05,3.6288006637128566e-05
4170,horizontal,3.2000000000000002,570,1.6000000000000003e-05,1.2006470747302277e-05,3.4154562813768164e-05
4171,horizontal,3.2000000000000002,571,1.6000000000000003e-05,1.2006470747302274e-05,3.8739667944934771e-05
4172,horizontal,3.2000000000000002,572,1.6000000000000003e-05,1.2006470747302277e-05,4.8967058192944008e-05
4173,horizontal,3.2000000000000002,573,1.6000000000000003e-05,1.2006470747302277e-05,3.4960929689001555e-05
4174,horizontal,3.2000000000000002,574,1.6000000000000003e-05,1.2006470747302277e-05,4.4412650871738729e-05
4175,horizontal,3.2000000000000002,575,1.5999999999999999e-05,1.2006470747302276e-05,4.6595677411403627e-05
4176,horizontal,3.2000000000000002,576,1.6000000000000003e-05,1.2006470747302277e-05,3.940387038584623e-05
4177,horizontal,3.2000000000000002,577,1.6000000000000003e-05,1.2006470747302277e-05,3.1771309261744365e-05
4178,horizontal,3.2000000000000002,578,1.5999999999999999e-05,1.2006470747302277e-05,3.7036380761623365e-05
4179,horizontal,3.2000000000000002,579,1.6000000000000009e-05,1.2006470747302279e-05,4.0806783986840469e-05
4180,horizontal,3.2000000000000002,580,1.6000000000000003e-05,1.2006470747302279e-05,3.8545495974035853e-05
4181,horizontal,3.2000000000000002,581,1.6000000000000003e-05,1.2006470747302277e-05,3.7611924351023651e-05
4182,horizontal,3.2000000000000002,582,1.5999999999999999e-05,1.2006470747302276e-05,4.4025978008968684e-05
4183,horizontal,3.2000000000000002,583,1.5999999999999999e-05,1.2006470747302276e-05,5.4856803255797141e-05
4184,horizontal,3.2000000000000002,584,1.6000000000000003e-05,1.2006470747302276e-05,4.3726050397034535e-05
4185,horizontal,3.2000000000000002,585,1.6000000000000003e-05,1.2006470747302277e-05,3.7367153711985119e-05
4186,horizontal,3.2000000000000002,586,1.6000000000000006e-05,1.2006470747302277e-05,3.6783478044035607e-05
4187,horizontal,3.2000000000000002,587,1.6000000000000003e-05,1.2006470747302277e-05,2.8103785423620285e-05
4188,horizontal,3.2000000000000002,588,1.6000000000000003e-05,1.2006470747302276e-05,3.6926984744442753e-05
4189,horizontal,3.2000000000000002,589,1.6000000000000003e-05,1.2006470747302279e-05,4.4748321441409208e-05
4190,horizontal,3.2000000000000002,590,1.6000000000000003e-05,1.2006470747302277e-05,3.1586845808796874e-05
4191,horizontal,3.2000000000000002,591,1.6000000000000003e-05,1.2006470747302277e-05,3.9808032797695789e-05
4192,horizontal,3.2000000000000002,592,1.6000000000000003e-05,1.2006470747302274e-05,3.8226271396527277e-05
4193,horizontal,3.2000000000000002,593,1.6000000000000003e-05,1.2006470747302276e-05,4.4536494829700153e-05
4194,horizontal,3.2000000000000002,594,1.6000000000000003e-05,1.2006470747302274e-05,4.9842485956762896e-05
4195,horizontal,3.2000000000000002,595,1.6000000000000006e-05,1.2006470747302277e-05,3.0147788328964181e-05
4196,horizontal,3.2000000000000002,596,1.5999999999999999e-05,1.2006470747302276e-05,3.5619916236415859e-05
4197,horizontal,3.2000000000000002,597,1.6000000000000006e-05,1.2006470747302277e-05,4.2484119345591178e-05
4198,horizontal,3.2000000000000002,598,1.6000000000000003e-05,1.2006470747302277e-05,3.7541310309546856e-05
4199,horizontal,3.2000000000000002,599,1.6000000000000003e-05,1.2006470747302274e-05,4.8929335175852979e-05
4200,horizontal,3.2000000000000002,600,1.6000000000000006e-05,1.2006470747302279e-05,4.7128462168477974e-05
4201,horizontal,4.5300000000000002,1,2.2649999999999995e-05,1.699666015164978e-05,5.4273259294814827e-05
4202,horizontal,4.5300000000000002,2,2.2650000000000002e-05,1.699666015164978e-05,5.6654818965815617e-05
4203,horizontal,4.5300000000000002,3,2.2650000000000002e-05,1.6996660151649784e-05,5.8018753861947265e-05
4204,horizontal,4.5300000000000002,4,2.2650000000000002e-05,1.699666015164978e-05,5.0225965690883326e-05
4205,horizontal,4.5300000000000002,5,2.2650000000000002e-05,1.6996660151649784e-05,6.325525554295411e-05
4206,horizontal,4.5300000000000002,6,2.2650000000000002e-05,1.6996660151649784e-05,6.2092199508362563e-05
4207,horizontal,4.5300000000000002,7,2.2650000000000005e-05,1.6996660151649784e-05,5.7610949386204274e-05
4208,horizontal,4.5300000000000002,8,2.2650000000000005e-05,1.6996660151649784e-05,5.1218299910776094e-05
4209,horizontal,4.5300000000000002,9,2.2650000000000005e-05,1.6996660151649784e-05,5.4985298356993059e-05
4210,horizontal,4.5300000000000002,10,2.2649999999999995e-05,1.699666015164978e-05,5.8355286856819053e-05
4211,horizontal,4.5300000000000002,11,2.2650000000000002e-05,1.6996660151649784e-05,4.9353917253800156e-05
4212,horizontal,4.5300000000000002,12,2.2649999999999995e-05,1.6996660151649784e-05,6.63408541320493e-05
4213,horizontal,4.5300000000000002,13,2.2650000000000002e-05,1.699666015164978e-05,5.5455506662077023e-05
4214,horizontal,4.5300000000000002,14,2.2650000000000005e-05,1.6996660151649784e-05,7.125720132720946e-05
4215,horizontal,4.5300000000000002,15,2.2650000000000005e-05,1.6996660151649787e-05,5.7642805831633661e-05
4216,horizontal,4.5300000000000002,16,2.2649999999999998e-05,1.6996660151649784e-05,6.5557630604312295e-05
4217,horizontal,4.5300000000000002,17,2.2650000000000002e-05,1.6996660151649784e-05,5.8674551929189175e-05
4218,horizontal,4.5300000000000002,18,2.2649999999999995e-05,1.699666015164978e-05,6.0020942029064772e-05
4219,horizontal,4.5300000000000002,19,2.2649999999999995e-05,1.699666015164978e-05,5.5988613327197115e-05
4220,horizontal,4.5300000000000002,20,2.2650000000000002e-05,1.6996660151649784e-05,6.1239010820988461e-05
4221,horizontal,4.5300000000000002,21,2.2650000000000002e-05,1.6996660151649784e-05,5.96801324036459e-05
4222,horizontal,4.5300000000000002,22,2.2650000000000002e-05,1.6996660151649784e-05,6.5050192696575448e-05
4223,horizontal,4.5300000000000002,23,2.2650000000000005e-05,1.6996660151649787e-05,5.6395684134200176e-05
4224,horizontal,4.5300000000000002,24,2.2649999999999995e-05,1.699666015164978e-05,5.2733254955858242e-05
4225,horizontal,4.5300000000000002,25,2.2650000000000005e-05,1.6996660151649787e-05,8.5345412234830734e-05
4226,horizontal,4.5300000000000002,26,2.2650000000000002e-05,1.6996660151649784e-05,6.3824443369791609e-05
4227,horizontal,4.5300000000000002,27,2.2650000000000002e-05,1.6996660151649787e-05,5.7286752031776411e-05
4228,horizontal,4.5300000000000002,28,2.2650000000000002e-05,1.6996660151649784e-05,5.5616373965142047e-05
4229,horizontal,4.5300000000000002,29,2.2650000000000002e-05,1.6996660151649784e-05,4.9748723949318e-05
4230,horizontal,4.5300000000000002,30,2.2649999999999995e-05,1.6996660151649784e-05,6.2141240196963244e-05
4231,horizontal,4.5300000000000002,31,2.2650000000000002e-05,1.6996660151649784e-05,8.6718582678563689e-05
4232,horizontal,4.5300000000000002,32,2.2650000000000002e-05,1.6996660151649784e-05,8.1880303817647698e-05
4233,horizontal,4.5300000000000002,33,2.2650000000000008e-05,1.6996660151649784e-05,6.4888059456500995e-05
4234,horizontal,4.5300000000000002,34,2.2650000000000002e-05,1.699666015164978e-05,5.9167852335033699e-05
4235,horizontal,4.5300000000000002,35,2.2650000000000002e-05,1.6996660151649787e-05,6.9985753217111473e-05
4236,horizontal,4.5300000000000002,36,2.2650000000000008e-05,1.6996660151649784e-05,5.8939764187704957e-05
4237,horizontal,4.5300000000000002,37,2.2650000000000002e-05,1.6996660151649784e-05,4.6218463910767057e-05
4238,horizontal,4.5300000000000002,38,2.2650000000000005e-05,1.6996660151649784e-05,5.8373887158190977e-05
4239,horizontal,4.5300000000000002,39,2.2650000000000002e-05,1.6996660151649784e-05,6.1685163824086393e-05
4240,horizontal,4.5300000000000002,40,2.2650000000000005e-05,1.6996660151649787e-05,4.6761920527286587e-05
4241,horizontal,4.5300000000000002,41,2.2650000000000005e-05,1.6996660151649787e-05,4.9277253550557675e-05
4242,horizontal,4.5300000000000002,42,2.2649999999999998e-05,1.6996660151649784e-05,4.9308732999233396e-05
4243,horizontal,4.5300000000000002,43,2.2650000000000002e-05,1.6996660151649784e-05,5.3557927454579325e-05
4244,horizontal,4.5300000000000002,44,2.2650000000000002e-05,1.6996660151649787e-05,4.6824151692127505e-05
4245,horizontal,4.5300000000000002,45,2.2650000000000002e-05,1.6996660151649784e-05,7.0780333851009144e-05
4246,horizontal,4.5300000000000002,46,2.2650000000000002e-05,1.6996660151649784e-05,6.2884623546401432e-05
4247,horizontal,4.5300000000000002,47,2.2650000000000005e-05,1.6996660151649784e-05,5.6049143487909331e-05
4248,horizontal,4.5300000000000002,48,2.2650000000000002e-05,1.6996660151649787e-05,6.3154306790546891e-05
4249,horizontal,4.5300000000000002,49,2.2650000000000005e-05,1.6996660151649784e-05,5.5980733617040267e-05
4250,horizontal,4.5300000000000002,50,2.2650000000000002e-05,1.6996660151649784e-05,6.3298160381991477e-05
4251,horizontal,4.5300000000000002,51,2.2650000000000005e-05,1.6996660151649784e-05,7.4604711225247295e-05
4252,horizontal,4.5300000000000002,52,2.2650000000000002e-05,1.6996660151649784e-05,5.2088756189367552e-05
4253,horizontal,4.5300000000000002,53,2.2650000000000002e-05,1.6996660151649784e-05,5.9305889793586416e-05
4254,horizontal,4.5300000000000002,54,2.2650000000000002e-05,1.6996660151649784e-05,4.6380697613816594e-05
4255,horizontal,4.5300000000000002,55,2.2650000000000002e-05,1.6996660151649784e-05,6.0337553281069352e-05
4256,horizontal,4.5300000000000002,56,2.2650000000000002e-05,1.6996660151649784e-05,4.9199517741457726e-05
4257,horizontal,4.5300000000000002,57,2.2650000000000005e-05,1.6996660151649784e-05,5.2140352234941734e-05
4258,horizontal,4.5300000000000002,58,2.2650000000000002e-05,1.6996660151649784e-05,5.7675451152984409e-05
4259,horizontal,4.5300000000000002,59,2.2650000000000005e-05,1.6996660151649787e-05,4.8112019697507883e-05
4260,horizontal,4.5300000000000002,60,2.2650000000000002e-05,1.6996660151649784e-05,4.7642089809990257e-05
4261,horizontal,4.5300000000000002,61,2.2650000000000002e-05,1.6996660151649784e-05,6.1336856293506273e-05
4262,horizontal,4.5300000000000002,62,2.2650000000000002e-05,1.6996660151649784e-05,5.4531507072180079e-05
4263,horizontal,4.5300000000000002,63,2.2650000000000002e-05,1.6996660151649784e-05,6.7274925655809957e-05
4264,horizontal,4.5300000000000002,64,2.2650000000000002e-05,1.6996660151649784e-05,6.7907751935901211e-05
4265,horizontal,4.5300000000000002,65,2.2650000000000005e-05,1.6996660151649784e-05,6.200743598149848e-05
4266,horizontal,4.5300000000000002,66,2.2650000000000002e-05,1.6996660151649784e-05,4.4863399790770666e-05
4267,horizontal,4.5300000000000002,67,2.2650000000000002e-05,1.6996660151649784e-05,7.5190329583160138e-05
4268,horizontal,4.5300000000000002,68,2.2650000000000002e-05,1.6996660151649784e-05,4.8195562249005703e-05
4269,horizontal,4.5300000000000002,69,2.2650000000000005e-05,1.6996660151649784e-05,6.7829094915060638e-05
4270,horizontal,4.5300000000000002,70,2.2650000000000002e-05,1.6996660151649787e-05,5.8764815900108097e-05
4271,horizontal,4.5300000000000002,71,2.2650000000000002e-05,1.6996660151649784e-05,5.434018146878085e-05
4272,horizontal,4.5300000000000002,72,2.2650000000000002e-05,1.6996660151649784e-05,4.937622303472047e-05
4273,horizontal,4.5300000000000002,73,2.2650000000000002e-05,1.6996660151649784e-05,5.4892945900365212e-05
4274,horizontal,4.5300000000000002,74,2.2650000000000002e-05,1.6996660151649784e-05,6.0008915534665657e-05
4275,horizontal,4.5300000000000002,75,2.2649999999999995e-05,1.699666015164978e-05,5.0218988870970812e-05
4276,horizontal,4.5300000000000002,76,2.2650000000000005e-05,1.6996660151649787e-05,5.3967833530679618e-05
4277,horizontal,4.5300000000000002,77,2.2650000000000005e-05,1.6996660151649784e-05,5.7495165740617077e-05
4278,horizontal,4.5300000000000002,78,2.2650000000000002e-05,1.6996660151649784e-05,5.1304720397583779e-05
4279,horizontal,4.5300000000000002,79,2.2650000000000005e-05,1.6996660151649787e-05,5.1011953567640868e-05
4280,horizontal,4.5300000000000002,80,2.2650000000000005e-05,1.6996660151649787e-05,7.0688910087816318e-05
4281,horizontal,4.5300000000000002,81,2.2650000000000002e-05,1.6996660151649784e-05,5.4697835606021749e-05
4282,horizontal,4.5300000000000002,82,2.2650000000000002e-05,1.6996660151649784e-05,5.3840653973737935e-05
4283,horizontal,4.5300000000000002,83,2.2650000000000002e-05,1.6996660151649784e-05,6.027835907216059e-05
4284,horizontal,4.5300000000000002,84,2.2650000000000002e-05,1.6996660151649784e-05,4.8173258895020339e-05
4285,horizontal,4.5300000000000002,85,2.2650000000000002e-05,1.6996660151649784e-05,4.5665085187238344e-05
4286,horizontal,4.5300000000000002,86,2.2650000000000005e-05,1.6996660151649784e-05,6.089903936362762e-05
4287,horizontal,4.5300000000000002,87,2.2650000000000005e-05,1.6996660151649784e-05,5.9639012372354209e-05
4288,horizontal,4.5300000000000002,88,2.2649999999999995e-05,1.6996660151649784e-05,6.7005704580910854e-05
4289,horizontal,4.5300000000000002,89,2.2650000000000002e-05,1.6996660151649787e-05,4.8039078774726134e-05
4290,horizontal,4.5300000000000002,90,2.2650000000000002e-05,1.6996660151649784e-05,5.249894118008026e-05
4291,horizontal,4.5300000000000002,91,2.2650000000000002e-05,1.6996660151649784e-05,4.9778540295104037e-05
4292,horizontal,4.5300000000000002,92,2.2650000000000002e-05,1.6996660151649784e-05,6.7616098787660721e-05
4293,horizontal,4.5300000000000002,93,2.2650000000000005e-05,1.6996660151649784e-05,5.5489232188016166e-05
4294,horizontal,4.5300000000000002,94,2.2650000000000002e-05,1.6996660151649784e-05,5.1230475573472688e-05
4295,horizontal,4.5300000000000002,95,2.2650000000000002e-05,1.6996660151649784e-05,5.6193236100908005e-05
4296,horizontal,4.5300000000000002,96,2.2650000000000002e-05,1.6996660151649784e-05,7.8414585393122782e-05
4297,horizontal,4.5300000000000002,97,2.2650000000000002e-05,1.699666015164978e-05,5.8579921970485047e-05
4298,horizontal,4.5300000000000002,98,2.2650000000000002e-05,1.6996660151649784e-05,5.995637843800807e-05
4299,horizontal,4.5300000000000002,99,2.2650000000000008e-05,1.6996660151649787e-05,5.4599034669275477e-05
4300,horizontal,4.5300000000000002,100,2.2650000000000002e-05,1.6996660151649784e-05,7.1762792653932463e-05
4301,horizontal,4.5300000000000002,101,2.2649999999999995e-05,1.699666015164978e-05,6.4827057508006625e-05
4302,horizontal,4.5300000000000002,102,2.2650000000000002e-05,1.699666015164978e-05,7.0918001394400167e-05
4303,horizontal,4.5300000000000002,103,2.2650000000000002e-05,1.6996660151649784e-05,5.1579028716586253e-05
4304,horizontal,4.5300000000000002,104,2.2649999999999995e-05,1.6996660151649784e-05,5.3559263411199503e-05
4305,horizontal,4.5300000000000002,105,2.2649999999999995e-05,1.699666015164978e-05,5.0723794972650218e-05
4306,horizontal,4.5300000000000002,106,2.2649999999999995e-05,1.699666015164978e-05,5.6850150632055826e-05
4307,horizontal,4.5300000000000002,107,2.2650000000000002e-05,1.6996660151649784e-05,6.075045136251661e-05
4308,horizontal,4.5300000000000002,108,2.2650000000000002e-05,1.6996660151649784e-05,5.7623195814845892e-05
4309,horizontal,4.5300000000000002,109,2.2650000000000005e-05,1.6996660151649787e-05,4.9837787533686665e-05
4310,horizontal,4.5300000000000002,110,2.2650000000000002e-05,1.6996660151649784e-05,5.2978541331179962e-05
4311,horizontal,4.5300000000000002,111,2.2650000000000008e-05,1.6996660151649791e-05,6.369687376619405e-05
4312,horizontal,4.5300000000000002,112,2.2650000000000005e-05,1.6996660151649784e-05,6.9070003231872412e-05
4313,horizontal,4.5300000000000002,113,2.2650000000000002e-05,1.6996660151649784e-05,5.8219397005253602e-05
4314,horizontal,4.5300000000000002,114,2.2650000000000002e-05,1.6996660151649784e-05,6.8509750670394271e-05
4315,horizontal,4.5300000000000002,115,2.2650000000000008e-05,1.6996660151649784e-05,6.7205853829045191e-05
4316,horizontal,4.5300000000000002,116,2.2649999999999995e-05,1.6996660151649784e-05,5.9521652730241441e-05
4317,horizontal,4.5300000000000002,117,2.2650000000000002e-05,1.6996660151649784e-05,6.7898459800757086e-05
4318,horizontal,4.5300000000000002,118,2.2650000000000002e-05,1.6996660151649784e-05,6.0155351316103822e-05
4319,horizontal,4.5300000000000002,119,2.2650000000000002e-05,1.6996660151649784e-05,5.3191867564963601e-05
4320,horizontal,4.5300000000000002,120,2.2650000000000002e-05,1.6996660151649784e-05,5.4451789465127729e-05
4321,horizontal,4.5300000000000002,121,2.2649999999999995e-05,1.6996660151649784e-05,6.8277390634126714e-05
4322,horizontal,4.5300000000000002,122,2.2650000000000002e-05,1.6996660151649784e-05,5.9114833347946121e-05
4323,horizontal,4.5300000000000002,123,2.2650000000000002e-05,1.6996660151649787e-05,8.7290085442580744e-05
4324,horizontal,4.5300000000000002,124,2.2649999999999998e-05,1.699666015164978e-05,5.6025907645837083e-05
4325,horizontal,4.5300000000000002,125,2.2650000000000002e-05,1.6996660151649784e-05,6.55045280235614e-05
4326,horizontal,4.5300000000000002,126,2.2650000000000002e-05,1.6996660151649784e-05,5.6968703594938057e-05
4327,horizontal,4.5300000000000002,127,2.2650000000000002e-05,1.6996660151649784e-05,6.557583712918312e-05
4328,horizontal,4.5300000000000002,128,2.2650000000000002e-05,1.6996660151649784e-05,5.9017131856436069e-05
4329,horizontal,4.5300000000000002,129,2.2650000000000002e-05,1.6996660151649784e-05,5.9816258040940691e-05
4330,horizontal,4.5300000000000002,130,2.2649999999999998e-05,1.699666015164978e-05,5.4378344150612712e-05
4331,horizontal,4.5300000000000002,131,2.2650000000000002e-05,1.6996660151649784e-05,5.5238907746765934e-05
4332,horizontal,4.5300000000000002,132,2.2650000000000002e-05,1.6996660151649784e-05,6.3277648368905817e-05
4333,horizontal,4.5300000000000002,133,2.2650000000000002e-05,1.6996660151649784e-05,6.1189548884036041e-05
4334,horizontal,4.5300000000000002,134,2.2650000000000002e-05,1.6996660151649784e-05,5.4828389662969057e-05
4335,horizontal,4.5300000000000002,135,2.2650000000000002e-05,1.6996660151649787e-05,5.7204855314128655e-05
4336,horizontal,4.5300000000000002,136,2.2650000000000002e-05,1.6996660151649784e-05,6.4634184745735615e-05
4337,horizontal,4.5300000000000002,137,2.2650000000000002e-05,1.6996660151649784e-05,6.0321261344080167e-05
4338,horizontal,4.5300000000000002,138,2.2650000000000002e-05,1.6996660151649787e-05,6.0066704323289162e-05
4339,horizontal,4.5300000000000002,139,2.2650000000000005e-05,1.6996660151649787e-05,7.3036585351135859e-05
4340,horizontal,4.5300000000000002,140,2.2650000000000002e-05,1.6996660151649784e-05,6.3762690020462362e-05
4341,horizontal,4.5300000000000002,141,2.2650000000000008e-05,1.6996660151649787e-05,6.6395604705310718e-05
4342,horizontal,4.5300000000000002,142,2.2650000000000002e-05,1.6996660151649784e-05,5.4600776579196076e-05
4343,horizontal,4.5300000000000002,143,2.2650000000000005e-05,1.6996660151649787e-05,4.8086142560485328e-05
4344,horizontal,4.5300000000000002,144,2.2650000000000002e-05,1.6996660151649784e-05,6.988329491492135e-05
4345,horizontal,4.5300000000000002,145,2.2650000000000002e-05,1.6996660151649784e-05,5.235292452495345e-05
4346,horizontal,4.5300000000000002,146,2.2650000000000002e-05,1.6996660151649784e-05,7.1446786562554001e-05
4347,horizontal,4.5300000000000002,147,2.2650000000000002e-05,1.6996660151649784e-05,5.973597122822682e-05
4348,horizontal,4.5300000000000002,148,2.2650000000000002e-05,1.6996660151649784e-05,5.7635284776551515e-05
4349,horizontal,4.5300000000000002,149,2.2650000000000002e-05,1.6996660151649784e-05,6.223916765473978e-05
4350,horizontal,4.5300000000000002,150,2.2650000000000002e-05,1.6996660151649784e-05,5.2167887553913472e-05
4351,horizontal,4.5300000000000002,151,2.2650000000000002e-05,1.6996660151649784e-05,4.8993702873849045e-05
4352,horizontal,4.5300000000000002,152,2.2650000000000008e-05,1.6996660151649787e-05,5.0992637411504548e-05
4353,horizontal,4.5300000000000002,153,2.2649999999999998e-05,1.699666015164978e-05,4.6896540561201683e-05
4354,horizontal,4.5300000000000002,154,2.2650000000000002e-05,1.6996660151649787e-05,5.4766262934933019e-05
4355,horizontal,4.5300000000000002,155,2.2650000000000002e-05,1.6996660151649784e-05,5.0600053602937237e-05
4356,horizontal,4.5300000000000002,156,2.2649999999999995e-05,1.6996660151649784e-05,5.1563296723138601e-05
4357,horizontal,4.5300000000000002,157,2.2649999999999995e-05,1.699666015164978e-05,5.1930691924012829e-05
4358,horizontal,4.5300000000000002,158,2.2649999999999998e-05,1.6996660151649784e-05,6.9544956175662814e-05
4359,horizontal,4.5300000000000002,159,2.2649999999999998e-05,1.6996660151649784e-05,6.4444309208678757e-05
4360,horizontal,4.5300000000000002,160,2.2650000000000005e-05,1.6996660151649784e-05,6.0101377520156398e-05
4361,horizontal,4.5300000000000002,161,2.2650000000000002e-05,1.6996660151649784e-05,5.7343196554695584e-05
4362,horizontal,4.5300000000000002,162,2.2650000000000005e-05,1.6996660151649784e-05,6.7763418828251277e-05
4363,horizontal,4.5300000000000002,163,2.2650000000000002e-05,1.6996660151649784e-05,5.5344964413160616e-05
4364,horizontal,4.5300000000000002,164,2.2650000000000002e-05,1.6996660151649784e-05,4.4206453922443975e-05
4365,horizontal,4.5300000000000002,165,2.2650000000000008e-05,1.6996660151649787e-05,6.2729417606997514e-05
4366,horizontal,4.5300000000000002,166,2.2650000000000005e-05,1.6996660151649784e-05,4.6207094064080133e-05
4367,horizontal,4.5300000000000002,167,2.2650000000000002e-05,1.6996660151649784e-05,6.3423182413241812e-05
4368,horizontal,4.5300000000000002,168,2.2650000000000002e-05,1.6996660151649784e-05,4.5151579015739328e-05
4369,horizontal,4.5300000000000002,169,2.2650000000000002e-05,1.6996660151649784e-05,6.239352486206288e-05
4370,horizontal,4.5300000000000002,170,2.2650000000000002e-05,1.6996660151649784e-05,4.8385898424556686e-05
4371,horizontal,4.5300000000000002,171,2.2649999999999995e-05,1.6996660151649784e-05,4.9144651537508057e-05
4372,horizontal,4.5300000000000002,172,2.2650000000000005e-05,1.699666015164978e-05,7.3214608125900542e-05
4373,horizontal,4.5300000000000002,173,2.2649999999999995e-05,1.6996660151649784e-05,5.859662925650097e-05
4374,horizontal,4.5300000000000002,174,2.2650000000000002e-05,1.6996660151649784e-05,6.7052772977934719e-05
4375,horizontal,4.5300000000000002,175,2.2650000000000005e-05,1.6996660151649787e-05,5.3555480781957382e-05
4376,horizontal,4.5300000000000002,176,2.2650000000000002e-05,1.6996660151649784e-05,4.8271173216272095e-05
4377,horizontal,4.5300000000000002,177,2.2650000000000002e-05,1.6996660151649784e-05,6.0518828357392058e-05
4378,horizontal,4.5300000000000002,178,2.2650000000000008e-05,1.6996660151649784e-05,5.7223641476357463e-05
4379,horizontal,4.5300000000000002,179,2.2650000000000002e-05,1.699666015164978e-05,7.4451685362426665e-05
4380,horizontal,4.5300000000000002,180,2.2650000000000002e-05,1.6996660151649784e-05,5.6564710320322759e-05
4381,horizontal,4.5300000000000002,181,2.2650000000000002e-05,1.6996660151649784e-05,6.6398752851912332e-05
4382,horizontal,4.5300000000000002,182,2.2650000000000002e-05,1.6996660151649784e-05,5.2127862659425668e-05
4383,horizontal,4.5300000000000002,183,2.2650000000000002e-05,1.6996660151649787e-05,5.6100976748806681e-05
4384,horizontal,4.5300000000000002,184,2.2649999999999998e-05,1.699666015164978e-05,4.8487876463337933e-05
4385,horizontal,4.5300000000000002,185,2.2650000000000002e-05,1.6996660151649784e-05,7.0773124428300381e-05
4386,horizontal,4.5300000000000002,186,2.2650000000000002e-05,1.6996660151649784e-05,6.1835248915288304e-05
4387,horizontal,4.5300000000000002,187,2.2650000000000002e-05,1.6996660151649784e-05,6.267250557466888e-05
4388,horizontal,4.5300000000000002,188,2.2650000000000002e-05,1.6996660151649784e-05,5.7641054179494413e-05
4389,horizontal,4.5300000000000002,189,2.2649999999999998e-05,1.6996660151649784e-05,8.2809649593087626e-05
4390,horizontal,4.5300000000000002,190,2.2650000000000002e-05,1.6996660151649787e-05,6.3565864033400551e-05
4391,horizontal,4.5300000000000002,191,2.2649999999999995e-05,1.699666015164978e-05,7.3929197147934848e-05
4392,horizontal,4.5300000000000002,192,2.2650000000000002e-05,1.6996660151649784e-05,6.0194856473401335e-05
4393,horizontal,4.5300000000000002,193,2.2650000000000005e-05,1.6996660151649787e-05,6.0590127591995875e-05
4394,horizontal,4.5300000000000002,194,2.2650000000000005e-05,1.6996660151649784e-05,5.1685488456879e-05
4395,horizontal,4.5300000000000002,195,2.2650000000000002e-05,1.6996660151649784e-05,7.8755239562111333e-05
4396,horizontal,4.5300000000000002,196,2.2650000000000002e-05,1.6996660151649784e-05,5.1910705992415078e-05
4397,horizontal,4.5300000000000002,197,2.2650000000000005e-05,1.6996660151649784e-05,4.7729129668271756e-05
4398,horizontal,4.5300000000000002,198,2.2650000000000002e-05,1.6996660151649784e-05,4.9738140657735016e-05
4399,horizontal,4.5300000000000002,199,2.2650000000000002e-05,1.699666015164978e-05,6.1263759935114388e-05
4400,horizontal,4.5300000000000002,200,2.2650000000000002e-05,1.6996660151649784e-05,5.355549081388072e-05
4401,horizontal,4.5300000000000002,201,2.2650000000000005e-05,1.6996660151649784e-05,5.3730901753454313e-05
4402,horizontal,4.5300000000000002,202,2.2650000000000002e-05,1.6996660151649784e-05,5.1335521920828634e-05
4403,horizontal,4.5300000000000002,203,2.2650000000000008e-05,1.6996660151649787e-05,6.1202762675428713e-05
4404,horizontal,4.5300000000000002,204,2.2650000000000005e-05,1.6996660151649787e-05,5.2324197057077018e-05
4405,horizontal,4.5300000000000002,205,2.2650000000000008e-05,1.6996660151649784e-05,6.1498900849656698e-05
4406,horizontal,4.5300000000000002,206,2.2650000000000002e-05,1.6996660151649784e-05,5.5490993039838652e-05
4407,horizontal,4.5300000000000002,207,2.2650000000000008e-05,1.6996660151649787e-05,7.4063623809527931e-05
4408,horizontal,4.5300000000000002,208,2.2650000000000002e-05,1.6996660151649784e-05,7.1511366255904986e-05
4409,horizontal,4.5300000000000002,209,2.2650000000000002e-05,1.6996660151649784e-05,7.5298830749009091e-05
4410,horizontal,4.5300000000000002,210,2.2649999999999995e-05,1.6996660151649784e-05,6.2461852586879254e-05
4411,horizontal,4.5300000000000002,211,2.2650000000000002e-05,1.6996660151649787e-05,6.6622884454543174e-05
4412,horizontal,4.5300000000000002,212,2.2650000000000002e-05,1.6996660151649784e-05,5.3847724381555954e-05
4413,horizontal,4.5300000000000002,213,2.2650000000000002e-05,1.6996660151649784e-05,4.9315588227710449e-05
4414,horizontal,4.5300000000000002,214,2.2650000000000008e-05,1.6996660151649787e-05,5.021226941740285e-05
4415,horizontal,4.5300000000000002,215,2.2650000000000002e-05,1.6996660151649784e-05,5.1096554485254315e-05
4416,horizontal,4.5300000000000002,216,2.2649999999999998e-05,1.699666015164978e-05,6.7536247406727414e-05
4417,horizontal,4.5300000000000002,217,2.2650000000000002e-05,1.699666015164978e-05,6.4093462755865295e-05
4418,horizontal,4.5300000000000002,218,2.2650000000000005e-05,1.6996660151649787e-05,5.7635183166272947e-05
4419,horizontal,4.5300000000000002,219,2.2650000000000002e-05,1.6996660151649784e-05,6.682171777111017e-05
4420,horizontal,4.5300000000000002,220,2.2650000000000002e-05,1.6996660151649784e-05,5.3758536371260913e-05
4421,horizontal,4.5300000000000002,221,2.2650000000000005e-05,1.6996660151649784e-05,5.9053783213277394e-05
4422,horizontal,4.5300000000000002,222,2.2650000000000005e-05,1.6996660151649784e-05,4.9278497874196783e-05
4423,horizontal,4.5300000000000002,223,2.2649999999999998e-05,1.699666015164978e-05,5.9835438203623424e-05
4424,horizontal,4.5300000000000002,224,2.2649999999999998e-05,1.6996660151649784e-05,5.1468633755075955e-05
4425,horizontal,4.5300000000000002,225,2.2650000000000002e-05,1.6996660151649784e-05,5.0912179143873343e-05
4426,horizontal,4.5300000000000002,226,2.2650000000000002e-05,1.6996660151649784e-05,6.0057149458276936e-05
4427,horizontal,4.5300000000000002,227,2.2650000000000005e-05,1.6996660151649784e-05,5.8818039086562205e-05
4428,horizontal,4.5300000000000002,228,2.2650000000000002e-05,1.6996660151649784e-05,7.6562645954663636e-05
4429,horizontal,4.5300000000000002,229,2.2649999999999998e-05,1.699666015164978e-05,6.0240908043834121e-05
4430,horizontal,4.5300000000000002,230,2.2650000000000005e-05,1.6996660151649787e-05,5.7301746743861576e-05
4431,horizontal,4.5300000000000002,231,2.2650000000000002e-05,1.6996660151649784e-05,4.8263094985568546e-05
4432,horizontal,4.5300000000000002,232,2.2650000000000002e-05,1.6996660151649784e-05,6.0013740005720692e-05
4433,horizontal,4.5300000000000002,233,2.2650000000000005e-05,1.6996660151649787e-05,5.6618505314594563e-05
4434,horizontal,4.5300000000000002,234,2.2650000000000002e-05,1.6996660151649784e-05,5.6196487568314636e-05
4435,horizontal,4.5300000000000002,235,2.2650000000000002e-05,1.6996660151649784e-05,5.7338842797533693e-05
4436,horizontal,4.5300000000000002,236,2.2650000000000002e-05,1.6996660151649784e-05,6.3095513232550132e-05
4437,horizontal,4.5300000000000002,237,2.2650000000000005e-05,1.6996660151649784e-05,6.6045288490158732e-05
4438,horizontal,4.5300000000000002,238,2.2650000000000005e-05,1.6996660151649784e-05,6.1599446835394915e-05
4439,horizontal,4.5300000000000002,239,2.2650000000000002e-05,1.6996660151649784e-05,5.8669809738275059e-05
4440,horizontal,4.5300000000000002,240,2.2650000000000002e-05,1.6996660151649784e-05,6.6027257531134747e-05
4441,horizontal,4.5300000000000002,241,2.2650000000000002e-05,1.6996660151649787e-05,4.4568155260612144e-05
4442,horizontal,4.5300000000000002,242,2.2650000000000002e-05,1.699666015164978e-05,5.0960816019588151e-05
4443,horizontal,4.5300000000000002,243,2.2650000000000002e-05,1.6996660151649784e-05,6.8915420212733303e-05
4444,horizontal,4.5300000000000002,244,2.2650000000000005e-05,1.6996660151649787e-05,3.8056227836743358e-05
4445,horizontal,4.5300000000000002,245,2.2650000000000002e-05,1.6996660151649787e-05,6.0476266009084777e-05
4446,horizontal,4.5300000000000002,246,2.2649999999999998e-05,1.6996660151649784e-05,5.6331795835724151e-05
4447,horizontal,4.5300000000000002,247,2.2650000000000002e-05,1.6996660151649784e-05,6.5534830056973622e-05
4448,horizontal,4.5300000000000002,248,2.2650000000000002e-05,1.699666015164978e-05,5.6909972256716102e-05
4449,horizontal,4.5300000000000002,249,2.2649999999999995e-05,1.699666015164978e-05,5.3919902038401008e-05
4450,horizontal,4.5300000000000002,250,2.2650000000000002e-05,1.6996660151649784e-05,5.3915437699421895e-05
4451,horizontal,4.5300000000000002,251,2.2650000000000002e-05,1.6996660151649784e-05,5.3722461559850221e-05
4452,horizontal,4.5300000000000002,252,2.2649999999999995e-05,1.6996660151649784e-05,6.5167629935491324e-05
4453,horizontal,4.5300000000000002,253,2.2650000000000002e-05,1.6996660151649784e-05,6.1075016859437559e-05
4454,horizontal,4.5300000000000002,254,2.2650000000000002e-05,1.6996660151649784e-05,6.3625724681336357e-05
4455,horizontal,4.5300000000000002,255,2.2650000000000002e-05,1.699666015164978e-05,6.6197900619078585e-05
4456,horizontal,4.5300000000000002,256,2.2649999999999998e-05,1.699666015164978e-05,4.579487844076919e-05
4457,horizontal,4.5300000000000002,257,2.2650000000000002e-05,1.6996660151649784e-05,5.5265666248545883e-05
4458,horizontal,4.5300000000000002,258,2.2650000000000002e-05,1.6996660151649784e-05,5.8386800310526793e-05
4459,horizontal,4.5300000000000002,259,2.2650000000000002e-05,1.6996660151649784e-05,5.8298237899925735e-05
4460,horizontal,4.5300000000000002,260,2.2650000000000002e-05,1.699666015164978e-05,5.4041621392814035e-05
4461,horizontal,4.5300000000000002,261,2.2650000000000002e-05,1.6996660151649784e-05,4.907666993526662e-05
4462,horizontal,4.5300000000000002,262,2.2650000000000002e-05,1.6996660151649784e-05,4.4771881524255917e-05
4463,horizontal,4.5300000000000002,263,2.2650000000000005e-05,1.6996660151649784e-05,5.4896848819244883e-05
4464,horizontal,4.5300000000000002,264,2.2650000000000005e-05,1.6996660151649784e-05,4.5995208009808796e-05
4465,horizontal,4.5300000000000002,265,2.2650000000000002e-05,1.699666015164978e-05,5.5179656670273891e-05
4466,horizontal,4.5300000000000002,266,2.2650000000000005e-05,1.6996660151649787e-05,6.9876049506892733e-05
4467,horizontal,4.5300000000000002,267,2.2650000000000002e-05,1.6996660151649787e-05,7.9800448774275067e-05
4468,horizontal,4.5300000000000002,268,2.2650000000000002e-05,1.6996660151649784e-05,5.6788208138726e-05
4469,horizontal,4.5300000000000002,269,2.2650000000000002e-05,1.6996660151649784e-05,5.2163160087529335e-05
4470,horizontal,4.5300000000000002,270,2.2650000000000002e-05,1.6996660151649784e-05,6.2207105149462077e-05
4471,horizontal,4.5300000000000002,271,2.2650000000000002e-05,1.6996660151649784e-05,5.790843731028306e-05
4472,horizontal,4.5300000000000002,272,2.2650000000000002e-05,1.6996660151649784e-05,6.1720383674657975e-05
4473,horizontal,4.5300000000000002,273,2.2650000000000008e-05,1.6996660151649784e-05,6.7125152003576506e-05
4474,horizontal,4.5300000000000002,274,2.2650000000000005e-05,1.6996660151649787e-05,5.0218017823863817e-05
4475,horizontal,4.5300000000000002,275,2.2650000000000002e-05,1.6996660151649784e-05,6.0772992192180982e-05
4476,horizontal,4.5300000000000002,276,2.2650000000000002e-05,1.6996660151649784e-05,6.338175547548635e-05
4477,horizontal,4.5300000000000002,277,2.2650000000000002e-05,1.6996660151649784e-05,5.9578159265895303e-05
4478,horizontal,4.5300000000000002,278,2.2650000000000002e-05,1.6996660151649784e-05,6.7548704264755127e-05
4479,horizontal,4.5300000000000002,279,2.2650000000000002e-05,1.6996660151649784e-05,5.6605703819877702e-05
4480,horizontal,4.5300000000000002,280,2.2650000000000002e-05,1.6996660151649784e-05,6.5271887988250875e-05
4481,horizontal,4.5300000000000002,281,2.2650000000000002e-05,1.6996660151649784e-05,6.7985068658241426e-05
4482,horizontal,4.5300000000000002,282,2.2650000000000002e-05,1.6996660151649784e-05,6.4770607271498107e-05
4483,horizontal,4.5300000000000002,283,2.2650000000000002e-05,1.6996660151649784e-05,5.101915095455675e-05
4484,horizontal,4.5300000000000002,284,2.2650000000000002e-05,1.6996660151649784e-05,4.9510516217849329e-05
4485,horizontal,4.5300000000000002,285,2.2650000000000002e-05,1.6996660151649784e-05,5.2290690965247559e-05
4486,horizontal,4.5300000000000002,286,2.2649999999999998e-05,1.6996660151649784e-05,6.3863523683396257e-05
4487,horizontal,4.5300000000000002,287,2.2650000000000002e-05,1.6996660151649784e-05,5.7652262796364195e-05
4488,horizontal,4.5300000000000002,288,2.2650000000000005e-05,1.6996660151649784e-05,6.7228023196897773e-05
4489,horizontal,4.5300000000000002,289,2.2650000000000002e-05,1.6996660151649784e-05,4.4099480647525245e-05
4490,horizontal,4.5300000000000002,290,2.2650000000000005e-05,1.6996660151649787e-05,6.0748153370090738e-05
4491,horizontal,4.5300000000000002,291,2.2650000000000002e-05,1.699666015164978e-05,6.8616033608996969e-05
4492,horizontal,4.5300000000000002,292,2.2650000000000002e-05,1.6996660151649784e-05,7.0045956449869972e-05
4493,horizontal,4.5300000000000002,293,2.2650000000000002e-05,1.6996660151649784e-05,5.6519985897410286e-05
4494,horizontal,4.5300000000000002,294,2.2650000000000002e-05,1.6996660151649784e-05,6.2615220351514971e-05
4495,horizontal,4.5300000000000002,295,2.2650000000000002e-05,1.6996660151649784e-05,5.3669614517240476e-05
4496,horizontal,4.5300000000000002,296,2.2649999999999995e-05,1.699666015164978e-05,5.789988354086941e-05
4497,horizontal,4.5300000000000002,297,2.2650000000000002e-05,1.6996660151649784e-05,6.0354897236565276e-05
4498,horizontal,4.5300000000000002,298,2.2650000000000002e-05,1.6996660151649784e-05,5.2516452762286101e-05
4499,horizontal,4.5300000000000002,299,2.2650000000000005e-05,1.6996660151649787e-05,5.7199953664080599e-05
4500,horizontal,4.5300000000000002,300,2.2650000000000002e-05,1.6996660151649784e-05,5.9530157768481785e-05
4501,horizontal,4.5300000000000002,301,2.2649999999999998e-05,1.699666015164978e-05,6.2931109686386016e-05
4502,horizontal,4.5300000000000002,302,2.2650000000000008e-05,1.6996660151649787e-05,5.7470319438812611e-05
4503,horizontal,4.5300000000000002,303,2.2650000000000002e-05,1.6996660151649784e-05,5.0785866130808658e-05
4504,horizontal,4.5300000000000002,304,2.2649999999999995e-05,1.699666015164978e-05,5.3772609582360107e-05
4505,horizontal,4.5300000000000002,305,2.2650000000000002e-05,1.6996660151649784e-05,5.1808383124428602e-05
4506,horizontal,4.5300000000000002,306,2.2650000000000002e-05,1.6996660151649784e-05,5.3019856588764304e-05
4507,horizontal,4.5300000000000002,307,2.2650000000000002e-05,1.6996660151649784e-05,5.3789580786016112e-05
4508,horizontal,4.5300000000000002,308,2.2650000000000002e-05,1.6996660151649787e-05,7.3862806121854699e-05
4509,horizontal,4.5300000000000002,309,2.2650000000000002e-05,1.6996660151649784e-05,8.94250548434947e-05
4510,horizontal,4.5300000000000002,310,2.2649999999999998e-05,1.699666015164978e-05,5.7164402316632865e-05
4511,horizontal,4.5300000000000002,311,2.2649999999999998e-05,1.6996660151649784e-05,5.2521534400724838e-05
4512,horizontal,4.5300000000000002,312,2.2650000000000002e-05,1.6996660151649787e-05,5.6617628868242525e-05
4513,horizontal,4.5300000000000002,313,2.2650000000000002e-05,1.6996660151649784e-05,5.3129283316700015e-05
4514,horizontal,4.5300000000000002,314,2.2650000000000008e-05,1.6996660151649787e-05,5.8752650994798103e-05
4515,horizontal,4.5300000000000002,315,2.2650000000000008e-05,1.6996660151649791e-05,4.7366674782303344e-05
4516,horizontal,4.5300000000000002,316,2.2650000000000002e-05,1.6996660151649784e-05,4.7211358748068164e-05
4517,horizontal,4.5300000000000002,317,2.2650000000000002e-05,1.6996660151649784e-05,5.3420962441875389e-05
4518,horizontal,4.5300000000000002,318,2.2650000000000002e-05,1.6996660151649784e-05,6.6481056977121076e-05
4519,horizontal,4.5300000000000002,319,2.2649999999999995e-05,1.6996660151649784e-05,5.7302878912733359e-05
4520,horizontal,4.5300000000000002,320,2.2650000000000002e-05,1.699666015164978e-05,6.5139272429551453e-05
4521,horizontal,4.5300000000000002,321,2.2650000000000005e-05,1.6996660151649787e-05,5.759047945097041e-05
4522,horizontal,4.5300000000000002,322,2.2650000000000002e-05,1.6996660151649784e-05,5.2723327993353292e-05
4523,horizontal,4.5300000000000002,323,2.2650000000000005e-05,1.6996660151649787e-05,5.3550379864338709e-05
4524,horizontal,4.5300000000000002,324,2.2650000000000005e-05,1.6996660151649784e-05,5.250917972484994e-05
4525,horizontal,4.5300000000000002,325,2.2649999999999998e-05,1.699666015164978e-05,5.2891091780040523e-05
4526,horizontal,4.5300000000000002,326,2.2650000000000002e-05,1.6996660151649784e-05,5.9998304669917195e-05
4527,horizontal,4.5300000000000002,327,2.2650000000000002e-05,1.6996660151649784e-05,5.4263299297887694e-05
4528,horizontal,4.5300000000000002,328,2.2650000000000002e-05,1.6996660151649784e-05,6.6758908608664382e-05
4529,horizontal,4.5300000000000002,329,2.2650000000000002e-05,1.6996660151649784e-05,6.0719267562619229e-05
4530,horizontal,4.5300000000000002,330,2.2650000000000002e-05,1.6996660151649784e-05,5.813516438625647e-05
4531,horizontal,4.5300000000000002,331,2.2650000000000002e-05,1.699666015164978e-05,6.0690003042778144e-05
4532,horizontal,4.5300000000000002,332,2.2650000000000005e-05,1.6996660151649784e-05,5.9997922481161339e-05
4533,horizontal,4.5300000000000002,333,2.2649999999999995e-05,1.6996660151649784e-05,6.2671274002603549e-05
4534,horizontal,4.5300000000000002,334,2.2649999999999998e-05,1.6996660151649784e-05,7.1411368510059881e-05
4535,horizontal,4.5300000000000002,335,2.2650000000000002e-05,1.6996660151649784e-05,5.2274094550380723e-05
4536,horizontal,4.5300000000000002,336,2.2650000000000002e-05,1.6996660151649784e-05,5.2571450520578907e-05
4537,horizontal,4.5300000000000002,337,2.2649999999999995e-05,1.699666015164978e-05,4.7371036302280224e-05
4538,horizontal,4.5300000000000002,338,2.2650000000000005e-05,1.6996660151649784e-05,4.6191816630542525e-05
4539,horizontal,4.5300000000000002,339,2.2650000000000005e-05,1.6996660151649784e-05,5.2831410882694502e-05
4540,horizontal,4.5300000000000002,340,2.2650000000000005e-05,1.6996660151649784e-05,7.6090188806397855e-05
4541,horizontal,4.5300000000000002,341,2.2650000000000002e-05,1.6996660151649784e-05,5.3862570307242858e-05
4542,horizontal,4.5300000000000002,342,2.2650000000000005e-05,1.6996660151649784e-05,7.6424474274575869e-05
4543,horizontal,4.5300000000000002,343,2.2650000000000002e-05,1.6996660151649784e-05,6.0204731849663365e-05
4544,horizontal,4.5300000000000002,344,2.2650000000000005e-05,1.6996660151649787e-05,4.7095073146007652e-05
4545,horizontal,4.5300000000000002,345,2.2649999999999998e-05,1.6996660151649784e-05,4.8863067046063088e-05
4546,horizontal,4.5300000000000002,346,2.2650000000000002e-05,1.699666015164978e-05,5.8963918197227748e-05
4547,horizontal,4.5300000000000002,347,2.2650000000000002e-05,1.699666015164978e-05,6.8686882684830948e-05
4548,horizontal,4.5300000000000002,348,2.2650000000000008e-05,1.6996660151649787e-05,6.2570838407785653e-05
4549,horizontal,4.5300000000000002,349,2.2650000000000002e-05,1.6996660151649784e-05,8.0959246268737508e-05
4550,horizontal,4.5300000000000002,350,2.2650000000000002e-05,1.6996660151649784e-05,4.8845543132440482e-05
4551,horizontal,4.5300000000000002,351,2.2649999999999998e-05,1.699666015164978e-05,4.8096429152815872e-05
4552,horizontal,4.5300000000000002,352,2.2650000000000002e-05,1.6996660151649784e-05,6.2016575826412211e-05
4553,horizontal,4.5300000000000002,353,2.2650000000000008e-05,1.6996660151649784e-05,5.756074684461508e-05
4554,horizontal,4.5300000000000002,354,2.2650000000000002e-05,1.6996660151649784e-05,5.9579873976939159e-05
4555,horizontal,4.5300000000000002,355,2.2650000000000002e-05,1.6996660151649784e-05,6.0458363483672831e-05
4556,horizontal,4.5300000000000002,356,2.2650000000000008e-05,1.6996660151649784e-05,4.6688847705575363e-05
4557,horizontal,4.5300000000000002,357,2.2650000000000002e-05,1.6996660151649784e-05,4.8065811181162289e-05
4558,horizontal,4.5300000000000002,358,2.2650000000000002e-05,1.6996660151649784e-05,8.3444140189289332e-05
4559,horizontal,4.5300000000000002,359,2.2649999999999998e-05,1.699666015164978e-05,4.8595861554849156e-05
4560,horizontal,4.5300000000000002,360,2.2650000000000002e-05,1.6996660151649784e-05,5.09486694927387e-05
4561,horizontal,4.5300000000000002,361,2.2650000000000002e-05,1.6996660151649784e-05,5.2632302124664683e-05
4562,horizontal,4.5300000000000002,362,2.2650000000000005e-05,1.6996660151649784e-05,6.2499953213953718e-05
4563,horizontal,4.5300000000000002,363,2.2650000000000002e-05,1.6996660151649784e-05,4.9887108037754184e-05
4564,horizontal,4.5300000000000002,364,2.2650000000000002e-05,1.6996660151649784e-05,5.8286086566397724e-05
4565,horizontal,4.5300000000000002,365,2.2650000000000005e-05,1.6996660151649787e-05,6.2199953210648196e-05
4566,horizontal,4.5300000000000002,366,2.2649999999999998e-05,1.699666015164978e-05,7.1679810352557371e-05
4567,horizontal,4.5300000000000002,367,2.2650000000000002e-05,1.6996660151649784e-05,4.9453104833164077e-05
4568,horizontal,4.5300000000000002,368,2.2650000000000002e-05,1.6996660151649784e-05,5.7994064931620696e-05
4569,horizontal,4.5300000000000002,369,2.2649999999999995e-05,1.6996660151649784e-05,5.8874268108095565e-05
4570,horizontal,4.5300000000000002,370,2.2650000000000002e-05,1.6996660151649784e-05,5.7158596954722264e-05
4571,horizontal,4.5300000000000002,371,2.2650000000000002e-05,1.6996660151649784e-05,6.4471874961260196e-05
4572,horizontal,4.5300000000000002,372,2.2650000000000008e-05,1.6996660151649784e-05,6.379612720586708e-05
4573,horizontal,4.5300000000000002,373,2.2649999999999998e-05,1.6996660151649784e-05,5.5853644958000101e-05
4574,horizontal,4.5300000000000002,374,2.2650000000000002e-05,1.6996660151649784e-05,6.2464486253721197e-05
4575,horizontal,4.5300000000000002,375,2.2650000000000002e-05,1.6996660151649784e-05,5.2099976247487096e-05
4576,horizontal,4.5300000000000002,376,2.2650000000000002e-05,1.6996660151649784e-05,5.5321068953541222e-05
4577,horizontal,4.5300000000000002,377,2.2650000000000005e-05,1.6996660151649787e-05,7.104745327928341e-05
4578,horizontal,4.5300000000000002,378,2.2650000000000002e-05,1.6996660151649784e-05,6.1715161751983201e-05
4579,horizontal,4.5300000000000002,379,2.2649999999999998e-05,1.6996660151649784e-05,6.0508888662596212e-05
4580,horizontal,4.5300000000000002,380,2.2650000000000002e-05,1.6996660151649784e-05,5.1757317953182188e-05
4581,horizontal,4.5300000000000002,381,2.2650000000000002e-05,1.6996660151649784e-05,5.2345981564527623e-05
4582,horizontal,4.5300000000000002,382,2.2650000000000002e-05,1.6996660151649784e-05,5.9096380098316203e-05
4583,horizontal,4.5300000000000002,383,2.2649999999999998e-05,1.6996660151649784e-05,5.4013148054769155e-05
4584,horizontal,4.5300000000000002,384,2.2649999999999995e-05,1.699666015164978e-05,5.6556591546331117e-05
4585,horizontal,4.5300000000000002,385,2.2650000000000002e-05,1.6996660151649784e-05,6.0800158785100859e-05
4586,horizontal,4.5300000000000002,386,2.2650000000000005e-05,1.6996660151649787e-05,7.032736420566551e-05
4587,horizontal,4.5300000000000002,387,2.2650000000000002e-05,1.6996660151649784e-05,5.6649767907597467e-05
4588,horizontal,4.5300000000000002,388,2.2649999999999998e-05,1.6996660151649784e-05,5.9651513010806093e-05
4589,horizontal,4.5300000000000002,389,2.2649999999999998e-05,1.699666015164978e-05,7.0980906445757634e-05
4590,horizontal,4.5300000000000002,390,2.2650000000000002e-05,1.6996660151649784e-05,5.1750369418323349e-05
4591,horizontal,4.5300000000000002,391,2.2650000000000002e-05,1.6996660151649784e-05,5.1447315390807021e-05
4592,horizontal,4.5300000000000002,392,2.2650000000000005e-05,1.6996660151649784e-05,5.5676814052124131e-05
4593,horizontal,4.5300000000000002,393,2.2650000000000005e-05,1.6996660151649784e-05,5.7829847053422458e-05
4594,horizontal,4.5300000000000002,394,2.2650000000000002e-05,1.6996660151649784e-05,5.4139245684911175e-05
4595,horizontal,4.5300000000000002,395,2.2650000000000002e-05,1.6996660151649784e-05,5.5302400034896749e-05
4596,horizontal,4.5300000000000002,396,2.2649999999999998e-05,1.6996660151649784e-05,4.9080663355579211e-05
4597,horizontal,4.5300000000000002,397,2.2650000000000005e-05,1.6996660151649784e-05,6.136118268572287e-05
4598,horizontal,4.5300000000000002,398,2.2650000000000002e-05,1.6996660151649784e-05,6.1943111307154452e-05
4599,horizontal,4.5300000000000002,399,2.2650000000000002e-05,1.6996660151649784e-05,5.5605314274999329e-05
4600,horizontal,4.5300000000000002,400,2.2650000000000002e-05,1.6996660151649787e-05,4.87893627752565e-05
4601,horizontal,4.5300000000000002,401,2.2650000000000002e-05,1.699666015164978e-05,7.3808465395208003e-05
4602,horizontal,4.5300000000000002,402,2.2650000000000002e-05,1.6996660151649787e-05,6.4807248292565278e-05
4603,horizontal,4.5300000000000002,403,2.2650000000000002e-05,1.6996660151649784e-05,4.7171527744608098e-05
4604,horizontal,4.5300000000000002,404,2.2650000000000005e-05,1.6996660151649787e-05,6.2957380367171923e-05
4605,horizontal,4.5300000000000002,405,2.2650000000000002e-05,1.6996660151649784e-05,4.9233918659072872e-05
4606,horizontal,4.5300000000000002,406,2.2650000000000002e-05,1.6996660151649784e-05,5.3273946353318256e-05
4607,horizontal,4.5300000000000002,407,2.2650000000000002e-05,1.6996660151649784e-05,6.3747890990067789e-05
4608,horizontal,4.5300000000000002,408,2.2649999999999995e-05,1.6996660151649784e-05,5.8993022410926788e-05
4609,horizontal,4.5300000000000002,409,2.2650000000000002e-05,1.6996660151649784e-05,7.0384505995988824e-05
4610,horizontal,4.5300000000000002,410,2.2650000000000002e-05,1.6996660151649787e-05,5.866298414550046e-05
4611,horizontal,4.5300000000000002,411,2.2650000000000002e-05,1.6996660151649784e-05,5.9589993738290672e-05
4612,horizontal,4.5300000000000002,412,2.2650000000000002e-05,1.6996660151649784e-05,5.7330579147645797e-05
4613,horizontal,4.5300000000000002,413,2.2650000000000002e-05,1.6996660151649784e-05,6.0170346824191655e-05
4614,horizontal,4.5300000000000002,414,2.2649999999999995e-05,1.6996660151649784e-05,5.7452113651979393e-05
4615,horizontal,4.5300000000000002,415,2.2650000000000008e-05,1.6996660151649787e-05,5.1775388910218067e-05
4616,horizontal,4.5300000000000002,416,2.2650000000000002e-05,1.6996660151649784e-05,4.7294455398393866e-05
4617,horizontal,4.5300000000000002,417,2.2649999999999995e-05,1.699666015164978e-05,5.1621601498846126e-05
4618,horizontal,4.5300000000000002,418,2.2649999999999995e-05,1.699666015164978e-05,5.4446127125975708e-05
4619,horizontal,4.5300000000000002,419,2.2649999999999995e-05,1.699666015164978e-05,5.4776594303637822e-05
4620,horizontal,4.5300000000000002,420,2.2649999999999995e-05,1.6996660151649784e-05,5.6052741573246351e-05
4621,horizontal,4.5300000000000002,421,2.2650000000000005e-05,1.6996660151649787e-05,5.4201941910606191e-05
4622,horizontal,4.5300000000000002,422,2.2650000000000002e-05,1.6996660151649784e-05,6.3545985889616489e-05
4623,horizontal,4.5300000000000002,423,2.2650000000000008e-05,1.6996660151649787e-05,6.3066224764062718e-05
4624,horizontal,4.5300000000000002,424,2.2650000000000002e-05,1.6996660151649784e-05,6.3873571300915148e-05
4625,horizontal,4.5300000000000002,425,2.2649999999999998e-05,1.6996660151649784e-05,5.2882787182725572e-05
4626,horizontal,4.5300000000000002,426,2.2649999999999998e-05,1.6996660151649784e-05,5.4439934662681126e-05
4627,horizontal,4.5300000000000002,427,2.2650000000000002e-05,1.6996660151649784e-05,5.0287954436237361e-05
4628,horizontal,4.5300000000000002,428,2.2650000000000005e-05,1.6996660151649784e-05,5.8416409744514805e-05
4629,horizontal,4.5300000000000002,429,2.2650000000000002e-05,1.6996660151649784e-05,5.2648703506525883e-05
4630,horizontal,4.5300000000000002,430,2.2650000000000002e-05,1.6996660151649784e-05,6.3459086619771418e-05
4631,horizontal,4.5300000000000002,431,2.2650000000000002e-05,1.6996660151649784e-05,6.5051611080513188e-05
4632,horizontal,4.5300000000000002,432,2.2650000000000002e-05,1.6996660151649784e-05,5.4444205451279689e-05
4633,horizontal,4.5300000000000002,433,2.2650000000000002e-05,1.6996660151649784e-05,6.0406790535510714e-05
4634,horizontal,4.5300000000000002,434,2.2650000000000002e-05,1.6996660151649784e-05,7.439604642098191e-05
4635,horizontal,4.5300000000000002,435,2.2650000000000002e-05,1.6996660151649787e-05,5.2818432326036883e-05
4636,horizontal,4.5300000000000002,436,2.2650000000000002e-05,1.6996660151649787e-05,5.9074322469115108e-05
4637,horizontal,4.5300000000000002,437,2.2649999999999998e-05,1.6996660151649784e-05,5.1974612929746421e-05
4638,horizontal,4.5300000000000002,438,2.2649999999999998e-05,1.699666015164978e-05,6.151326555907811e-05
4639,horizontal,4.5300000000000002,439,2.2650000000000002e-05,1.6996660151649784e-05,5.9911872435330355e-05
4640,horizontal,4.5300000000000002,440,2.2650000000000002e-05,1.6996660151649784e-05,5.4664535257733519e-05
4641,horizontal,4.5300000000000002,441,2.2650000000000005e-05,1.6996660151649784e-05,6.5023032073330486e-05
4642,horizontal,4.5300000000000002,442,2.2650000000000002e-05,1.6996660151649784e-05,5.3758420322364949e-05
4643,horizontal,4.5300000000000002,443,2.2650000000000002e-05,1.6996660151649784e-05,5.8174434683635992e-05
4644,horizontal,4.5300000000000002,444,2.2649999999999998e-05,1.6996660151649784e-05,5.64512511445364e-05
4645,horizontal,4.5300000000000002,445,2.2650000000000005e-05,1.6996660151649784e-05,6.7434523501120374e-05
4646,horizontal,4.5300000000000002,446,2.2650000000000005e-05,1.6996660151649787e-05,5.9327103622310205e-05
4647,horizontal,4.5300000000000002,447,2.2650000000000002e-05,1.6996660151649784e-05,6.012878687645001e-05
4648,horizontal,4.5300000000000002,448,2.2650000000000002e-05,1.6996660151649784e-05,4.8756593199873464e-05
4649,horizontal,4.5300000000000002,449,2.2650000000000002e-05,1.699666015164978e-05,6.1561792598596743e-05
4650,horizontal,4.5300000000000002,450,2.2650000000000008e-05,1.6996660151649787e-05,5.9300839712971809e-05
4651,horizontal,4.5300000000000002,451,2.2650000000000002e-05,1.6996660151649784e-05,5.3922545359462386e-05
4652,horizontal,4.5300000000000002,452,2.2650000000000002e-05,1.6996660151649784e-05,5.6711428288894766e-05
4653,horizontal,4.5300000000000002,453,2.2649999999999995e-05,1.699666015164978e-05,6.529123807803989e-05
4654,horizontal,4.5300000000000002,454,2.2650000000000002e-05,1.6996660151649784e-05,7.2010108232271829e-05
4655,horizontal,4.5300000000000002,455,2.2650000000000002e-05,1.6996660151649784e-05,6.2966471194283793e-05
4656,horizontal,4.5300000000000002,456,2.2650000000000002e-05,1.6996660151649784e-05,5.1129782276295056e-05
4657,horizontal,4.5300000000000002,457,2.2650000000000005e-05,1.6996660151649787e-05,6.3865462820317308e-05
4658,horizontal,4.5300000000000002,458,2.2650000000000002e-05,1.6996660151649784e-05,5.6405209079675325e-05
4659,horizontal,4.5300000000000002,459,2.2649999999999998e-05,1.699666015164978e-05,4.9507289457394752e-05
4660,horizontal,4.5300000000000002,460,2.2650000000000002e-05,1.6996660151649784e-05,5.8906172074405629e-05
4661,horizontal,4.5300000000000002,461,2.2649999999999998e-05,1.6996660151649784e-05,6.1647854858596211e-05
4662,horizontal,4.5300000000000002,462,2.2650000000000008e-05,1.6996660151649787e-05,5.0495872159498624e-05
4663,horizontal,4.5300000000000002,463,2.2650000000000002e-05,1.6996660151649784e-05,6.9260537687699592e-05
4664,horizontal,4.5300000000000002,464,2.2650000000000002e-05,1.6996660151649784e-05,6.43493016311216e-05
4665,horizontal,4.5300000000000002,465,2.2650000000000005e-05,1.6996660151649787e-05,5.3362297341416281e-05
4666,horizontal,4.5300000000000002,466,2.2650000000000002e-05,1.6996660151649784e-05,4.2826980542356945e-05
4667,horizontal,4.5300000000000002,467,2.2650000000000002e-05,1.6996660151649787e-05,5.510842368868364e-05
4668,horizontal,4.5300000000000002,468,2.2649999999999995e-05,1.699666015164978e-05,6.1506287510226771e-05
4669,horizontal,4.5300000000000002,469,2.2650000000000008e-05,1.6996660151649787e-05,5.5494817053744297e-05
4670,horizontal,4.5300000000000002,470,2.2650000000000008e-05,1.6996660151649787e-05,5.0881659799957227e-05
4671,horizontal,4.5300000000000002,471,2.2650000000000002e-05,1.6996660151649784e-05,5.7684405362928905e-05
4672,horizontal,4.5300000000000002,472,2.2649999999999998e-05,1.6996660151649784e-05,5.2214494151843697e-05
4673,horizontal,4.5300000000000002,473,2.2650000000000002e-05,1.6996660151649784e-05,6.0903766321071869e-05
4674,horizontal,4.5300000000000002,474,2.2649999999999998e-05,1.6996660151649777e-05,5.3598835959809213e-05
4675,horizontal,4.5300000000000002,475,2.2650000000000002e-05,1.6996660151649784e-05,6.292653123188712e-05
4676,horizontal,4.5300000000000002,476,2.2650000000000002e-05,1.6996660151649784e-05,5.7993796986254036e-05
4677,horizontal,4.5300000000000002,477,2.2650000000000002e-05,1.6996660151649784e-05,5.4373689818207705e-05
4678,horizontal,4.5300000000000002,478,2.2649999999999998e-05,1.6996660151649784e-05,5.5873039078035416e-05
4679,horizontal,4.5300000000000002,479,2.2650000000000008e-05,1.6996660151649787e-05,5.1818354069047875e-05
4680,horizontal,4.5300000000000002,480,2.2650000000000005e-05,1.6996660151649784e-05,5.0405697345864602e-05
4681,horizontal,4.5300000000000002,481,2.2649999999999995e-05,1.699666015164978e-05,5.4691143122896918e-05
4682,horizontal,4.5300000000000002,482,2.2650000000000002e-05,1.6996660151649784e-05,7.4346852757267479e-05
4683,horizontal,4.5300000000000002,483,2.2650000000000002e-05,1.6996660151649784e-05,5.2562368487765043e-05
4684,horizontal,4.5300000000000002,484,2.2650000000000002e-05,1.6996660151649784e-05,9.478992269319266e-05
4685,horizontal,4.5300000000000002,485,2.2650000000000005e-05,1.6996660151649784e-05,5.9500224851236618e-05
4686,horizontal,4.5300000000000002,486,2.2650000000000002e-05,1.6996660151649784e-05,6.732384564797842e-05
4687,horizontal,4.5300000000000002,487,2.2649999999999995e-05,1.6996660151649784e-05,5.8903603847961828e-05
4688,horizontal,4.5300000000000002,488,2.2650000000000005e-05,1.6996660151649784e-05,6.798918289902572e-05
4689,horizontal,4.5300000000000002,489,2.2649999999999995e-05,1.6996660151649784e-05,7.5915770246252109e-05
4690,horizontal,4.5300000000000002,490,2.2650000000000002e-05,1.6996660151649784e-05,6.5540365245600799e-05
4691,horizontal,4.5300000000000002,491,2.2650000000000005e-05,1.6996660151649784e-05,5.7740842923935966e-05
4692,horizontal,4.5300000000000002,492,2.2650000000000002e-05,1.6996660151649784e-05,5.7610244562295551e-05
4693,horizontal,4.5300000000000002,493,2.2649999999999995e-05,1.6996660151649784e-05,6.7240307145316356e-05
4694,horizontal,4.5300000000000002,494,2.2650000000000002e-05,1.6996660151649784e-05,5.8046266590355822e-05
4695,horizontal,4.5300000000000002,495,2.2650000000000008e-05,1.6996660151649784e-05,6.7890793483474498e-05
4696,horizontal,4.5300000000000002,496,2.2650000000000008e-05,1.6996660151649784e-05,5.0397570046737372e-05
4697,horizontal,4.5300000000000002,497,2.2650000000000002e-05,1.6996660151649784e-05,7.8001912242087887e-05
4698,horizontal,4.5300000000000002,498,2.2649999999999998e-05,1.699666015164978e-05,5.7913424283569215e-05
4699,horizontal,4.5300000000000002,499,2.2650000000000002e-05,1.6996660151649784e-05,5.4162805890685674e-05
4700,horizontal,4.5300000000000002,500,2.2650000000000002e-05,1.6996660151649784e-05,5.9854053191399771e-05
4701,horizontal,4.5300000000000002,501,2.2650000000000002e-05,1.6996660151649787e-05,5.7774040335694433e-05
4702,horizontal,4.5300000000000002,502,2.2650000000000002e-05,1.6996660151649784e-05,6.2099452376911907e-05
4703,horizontal,4.5300000000000002,503,2.2650000000000002e-05,1.6996660151649784e-05,4.9235047584777886e-05
4704,horizontal,4.5300000000000002,504,2.2649999999999995e-05,1.699666015164978e-05,6.5408510808438118e-05
4705,horizontal,4.5300000000000002,505,2.2650000000000002e-05,1.6996660151649784e-05,6.1594899975396609e-05
4706,horizontal,4.5300000000000002,506,2.2649999999999995e-05,1.699666015164978e-05,6.807010553305982e-05
4707,horizontal,4.5300000000000002,507,2.2649999999999998e-05,1.699666015164978e-05,5.5594704722784885e-05
4708,horizontal,4.5300000000000002,508,2.2650000000000002e-05,1.6996660151649784e-05,5.4770840265506357e-05
4709,horizontal,4.5300000000000002,509,2.2650000000000002e-05,1.6996660151649784e-05,6.2237841980486018e-05
4710,horizontal,4.5300000000000002,510,2.2650000000000002e-05,1.6996660151649784e-05,5.7339609164714461e-05
4711,horizontal,4.5300000000000002,511,2.2650000000000002e-05,1.6996660151649784e-05,5.5670836526869415e-05
4712,horizontal,4.5300000000000002,512,2.2650000000000002e-05,1.6996660151649784e-05,5.1678502383394436e-05
4713,horizontal,4.5300000000000002,513,2.2650000000000002e-05,1.6996660151649784e-05,6.3740998919816272e-05
4714,horizontal,4.5300000000000002,514,2.2650000000000002e-05,1.6996660151649784e-05,6.0437499558965298e-05
4715,horizontal,4.5300000000000002,515,2.2650000000000002e-05,1.6996660151649784e-05,5.2848025866790731e-05
4716,horizontal,4.5300000000000002,516,2.2650000000000002e-05,1.6996660151649784e-05,4.9022449023644478e-05
4717,horizontal,4.5300000000000002,517,2.2649999999999998e-05,1.6996660151649784e-05,5.907716803121993e-05
4718,horizontal,4.5300000000000002,518,2.2649999999999995e-05,1.699666015164978e-05,5.9226187687003998e-05
4719,horizontal,4.5300000000000002,519,2.2650000000000002e-05,1.6996660151649784e-05,5.2970972272887298e-05
4720,horizontal,4.5300000000000002,520,2.2650000000000002e-05,1.699666015164978e-05,4.5124715097001637e-05
4721,horizontal,4.5300000000000002,521,2.2650000000000005e-05,1.6996660151649787e-05,6.0648157203935747e-05
4722,horizontal,4.5300000000000002,522,2.2650000000000005e-05,1.6996660151649787e-05,5.5448805318055576e-05
4723,horizontal,4.5300000000000002,523,2.2650000000000002e-05,1.6996660151649784e-05,5.8117692424780029e-05
4724,horizontal,4.5300000000000002,524,2.2650000000000002e-05,1.6996660151649784e-05,6.8636397017296058e-05
4725,horizontal,4.5300000000000002,525,2.2650000000000005e-05,1.6996660151649787e-05,6.4791094038582026e-05
4726,horizontal,4.5300000000000002,526,2.2650000000000002e-05,1.6996660151649784e-05,5.2972176447561911e-05
4727,horizontal,4.5300000000000002,527,2.2650000000000002e-05,1.6996660151649784e-05,5.6520601346438276e-05
4728,horizontal,4.5300000000000002,528,2.2649999999999998e-05,1.699666015164978e-05,4.6000468154176314e-05
4729,horizontal,4.5300000000000002,529,2.2650000000000002e-05,1.6996660151649784e-05,5.6348690517623525e-05
4730,horizontal,4.5300000000000002,530,2.2649999999999995e-05,1.6996660151649784e-05,6.3389540341225511e-05
4731,horizontal,4.5300000000000002,531,2.2650000000000005e-05,1.6996660151649784e-05,5.270240489752369e-05
4732,horizontal,4.5300000000000002,532,2.2650000000000002e-05,1.6996660151649784e-05,5.4914013997744583e-05
4733,horizontal,4.5300000000000002,533,2.2649999999999998e-05,1.6996660151649784e-05,4.503891196655159e-05
4734,horizontal,4.5300000000000002,534,2.2650000000000005e-05,1.6996660151649784e-05,6.1811812544273613e-05
4735,horizontal,4.5300000000000002,535,2.2650000000000002e-05,1.6996660151649784e-05,5.4683886629478967e-05
4736,horizontal,4.5300000000000002,536,2.2649999999999995e-05,1.6996660151649784e-05,5.910214096852987e-05
4737,horizontal,4.5300000000000002,537,2.2650000000000005e-05,1.6996660151649784e-05,8.0562110458217353e-05
4738,horizontal,4.5300000000000002,538,2.2650000000000002e-05,1.699666015164978e-05,5.8447928186774271e-05
4739,horizontal,4.5300000000000002,539,2.2650000000000002e-05,1.6996660151649784e-05,5.5628611697591746e-05
4740,horizontal,4.5300000000000002,540,2.2650000000000002e-05,1.6996660151649784e-05,6.6829379292150686e-05
4741,horizontal,4.5300000000000002,541,2.2649999999999998e-05,1.6996660151649784e-05,5.6162447185336912e-05
4742,horizontal,4.5300000000000002,542,2.2650000000000005e-05,1.6996660151649784e-05,5.6887249031412902e-05
4743,horizontal,4.5300000000000002,543,2.2650000000000002e-05,1.6996660151649784e-05,5.1143953006796316e-05
4744,horizontal,4.5300000000000002,544,2.2650000000000002e-05,1.6996660151649784e-05,5.5550017166401928e-05
4745,horizontal,4.5300000000000002,545,2.2650000000000002e-05,1.6996660151649784e-05,6.2465676978770669e-05
4746,horizontal,4.5300000000000002,546,2.2650000000000002e-05,1.6996660151649784e-05,6.8607293699042871e-05
4747,horizontal,4.5300000000000002,547,2.2649999999999998e-05,1.6996660151649784e-05,5.2434865743433384e-05
4748,horizontal,4.5300000000000002,548,2.2650000000000002e-05,1.6996660151649784e-05,5.9171834111113343e-05
4749,horizontal,4.5300000000000002,549,2.2650000000000002e-05,1.6996660151649784e-05,4.9719188688309324e-05
4750,horizontal,4.5300000000000002,550,2.2649999999999995e-05,1.6996660151649784e-05,5.9624761608456135e-05
4751,horizontal,4.5300000000000002,551,2.2650000000000002e-05,1.6996660151649784e-05,5.1474714304410884e-05
4752,horizontal,4.5300000000000002,552,2.2650000000000002e-05,1.6996660151649787e-05,5.9983941461816118e-05
4753,horizontal,4.5300000000000002,553,2.2650000000000002e-05,1.6996660151649784e-05,5.6960168877464317e-05
4754,horizontal,4.5300000000000002,554,2.2650000000000002e-05,1.6996660151649784e-05,6.2444806849178331e-05
4755,horizontal,4.5300000000000002,555,2.2650000000000005e-05,1.6996660151649784e-05,7.026423427607642e-05
4756,horizontal,4.5300000000000002,556,2.2650000000000002e-05,1.699666015164978e-05,5.0733337876223206e-05
4757,horizontal,4.5300000000000002,557,2.2650000000000002e-05,1.6996660151649784e-05,5.5757032747667183e-05
4758,horizontal,4.5300000000000002,558,2.2650000000000002e-05,1.6996660151649784e-05,6.294790037432961e-05
4759,horizontal,4.5300000000000002,559,2.2650000000000002e-05,1.6996660151649784e-05,6.6299015932799483e-05
4760,horizontal,4.5300000000000002,560,2.2650000000000002e-05,1.6996660151649787e-05,5.8141742643787277e-05
4761,horizontal,4.5300000000000002,561,2.2650000000000002e-05,1.6996660151649787e-05,5.1052197833480919e-05
4762,horizontal,4.5300000000000002,562,2.2650000000000005e-05,1.6996660151649787e-05,8.2807969491903867e-05
4763,horizontal,4.5300000000000002,563,2.2650000000000002e-05,1.6996660151649784e-05,5.7718306533840695e-05
4764,horizontal,4.5300000000000002,564,2.2650000000000002e-05,1.6996660151649784e-05,5.2161839054510249e-05
4765,horizontal,4.5300000000000002,565,2.2650000000000002e-05,1.6996660151649784e-05,7.8201818539735645e-05
4766,horizontal,4.5300000000000002,566,2.2650000000000002e-05,1.6996660151649784e-05,5.4045548587923523e-05
4767,horizontal,4.5300000000000002,567,2.2650000000000002e-05,1.6996660151649784e-05,4.7131189929817303e-05
4768,horizontal,4.5300000000000002,568,2.2649999999999995e-05,1.699666015164978e-05,6.6225535915651033e-05
4769,horizontal,4.5300000000000002,569,2.2650000000000002e-05,1.6996660151649784e-05,5.1370209395685122e-05
4770,horizontal,4.5300000000000002,570,2.2650000000000005e-05,1.6996660151649784e-05,4.8350052983240553e-05
4771,horizontal,4.5300000000000002,571,2.2650000000000002e-05,1.699666015164978e-05,5.4840842434548285e-05
4772,horizontal,4.5300000000000002,572,2.2650000000000002e-05,1.6996660151649784e-05,6.9318991754386354e-05
4773,horizontal,4.5300000000000002,573,2.2650000000000002e-05,1.6996660151649784e-05,4.9491566090992819e-05
4774,horizontal,4.5300000000000002,574,2.2650000000000005e-05,1.6996660151649784e-05,6.2871658890305125e-05
4775,horizontal,4.5300000000000002,575,2.2650000000000002e-05,1.6996660151649784e-05,6.5962005835518256e-05
4776,horizontal,4.5300000000000002,576,2.2650000000000002e-05,1.6996660151649784e-05,5.5781104014963567e-05
4777,horizontal,4.5300000000000002,577,2.2650000000000002e-05,1.6996660151649784e-05,4.4976259673656856e-05
4778,horizontal,4.5300000000000002,578,2.2650000000000002e-05,1.6996660151649784e-05,5.242962651567307e-05
4779,horizontal,4.5300000000000002,579,2.2650000000000005e-05,1.6996660151649784e-05,5.7767103581371037e-05
4780,horizontal,4.5300000000000002,580,2.2650000000000005e-05,1.6996660151649784e-05,5.4565967738244496e-05
4781,horizontal,4.5300000000000002,581,2.2650000000000002e-05,1.6996660151649784e-05,5.3244380409417854e-05
4782,horizontal,4.5300000000000002,582,2.2650000000000002e-05,1.6996660151649784e-05,6.2324275118946296e-05
4783,horizontal,4.5300000000000002,583,2.2649999999999998e-05,1.699666015164978e-05,7.7656662108987825e-05
4784,horizontal,4.5300000000000002,584,2.2649999999999995e-05,1.699666015164978e-05,6.1899690093302013e-05
4785,horizontal,4.5300000000000002,585,2.2650000000000002e-05,1.6996660151649784e-05,5.2897876973528924e-05
4786,horizontal,4.5300000000000002,586,2.2650000000000002e-05,1.6996660151649784e-05,5.2071611106087903e-05
4787,horizontal,4.5300000000000002,587,2.2650000000000002e-05,1.6996660151649784e-05,3.9784421240312465e-05
4788,horizontal,4.5300000000000002,588,2.2650000000000002e-05,1.6996660151649784e-05,5.2274762778851768e-05
4789,horizontal,4.5300000000000002,589,2.2650000000000002e-05,1.6996660151649784e-05,6.3346842540494905e-05
4790,horizontal,4.5300000000000002,590,2.2650000000000002e-05,1.6996660151649784e-05,4.471512859807807e-05
4791,horizontal,4.5300000000000002,591,2.2650000000000005e-05,1.6996660151649784e-05,5.6353246429238093e-05
4792,horizontal,4.5300000000000002,592,2.2650000000000002e-05,1.6996660151649784e-05,5.4114065445708928e-05
4793,horizontal,4.5300000000000002,593,2.2650000000000002e-05,1.6996660151649784e-05,6.3046975493294275e-05
4794,horizontal,4.5300000000000002,594,2.2649999999999995e-05,1.6996660151649784e-05,7.0558269182542465e-05
4795,horizontal,4.5300000000000002,595,2.2650000000000002e-05,1.6996660151649784e-05,4.2677962853189911e-05
4796,horizontal,4.5300000000000002,596,2.2650000000000002e-05,1.6996660151649784e-05,5.0424443922176197e-05
4797,horizontal,4.5300000000000002,597,2.2650000000000005e-05,1.6996660151649787e-05,6.0141581448602501e-05
4798,horizontal,4.5300000000000002,598,2.2649999999999998e-05,1.6996660151649784e-05,5.3144417406952269e-05
4799,horizontal,4.5300000000000002,599,2.2649999999999995e-05,1.699666015164978e-05,6.9265590108316861e-05
4800,horizontal,4.5300000000000002,600,2.2650000000000002e-05,1.6996660151649787e-05,6.6716229257251627e-05
4801,horizontal,6.4000000000000004,1,3.1999999999999999e-05,2.4012941494604548e-05,7.6677452425345463e-05
4802,horizontal,6.4000000000000004,2,3.1999999999999999e-05,2.4012941494604555e-05,8.0042128340225156e-05
4803,horizontal,6.4000000000000004,3,3.2000000000000005e-05,2.4012941494604555e-05,8.1969100378910059e-05
4804,horizontal,6.4000000000000004,4,3.2000000000000005e-05,2.4012941494604555e-05,7.0959421726634283e-05
4805,horizontal,6.4000000000000004,5,3.2000000000000005e-05,2.4012941494604555e-05,8.9367248449206697e-05
4806,horizontal,6.4000000000000004,6,3.2000000000000005e-05,2.4012941494604555e-05,8.7724078775611579e-05
4807,horizontal,6.4000000000000004,7,3.2000000000000005e-05,2.4012941494604555e-05,8.1392952775211343e-05
4808,horizontal,6.4000000000000004,8,3.2000000000000005e-05,2.4012941494604555e-05,7.236139501743202e-05
4809,horizontal,6.4000000000000004,9,3.2000000000000012e-05,2.4012941494604558e-05,7.7683423727319123e-05
4810,horizontal,6.4000000000000004,10,3.2000000000000005e-05,2.4012941494604555e-05,8.2444555382702418e-05
4811,horizontal,6.4000000000000004,11,3.1999999999999999e-05,2.4012941494604551e-05,6.9727388614640405e-05
4812,horizontal,6.4000000000000004,12,3.2000000000000005e-05,2.4012941494604551e-05,9.3726593034241848e-05
4813,horizontal,6.4000000000000004,13,3.2000000000000005e-05,2.4012941494604551e-05,7.834773568152163e-05
4814,horizontal,6.4000000000000004,14,3.2000000000000012e-05,2.4012941494604555e-05,0.00010067242571614582
4815,horizontal,6.4000000000000004,15,3.1999999999999999e-05,2.4012941494604555e-05,8.1437959673831233e-05
4816,horizontal,6.4000000000000004,16,3.1999999999999999e-05,2.4012941494604551e-05,9.2620052067902593e-05
4817,horizontal,6.4000000000000004,17,3.2000000000000005e-05,2.4012941494604548e-05,8.2895614204593976e-05
4818,horizontal,6.4000000000000004,18,3.1999999999999999e-05,2.4012941494604548e-05,8.4797798893159954e-05
4819,horizontal,6.4000000000000004,19,3.1999999999999999e-05,2.4012941494604548e-05,7.9100910660940738e-05
4820,horizontal,6.4000000000000004,20,3.2000000000000012e-05,2.4012941494604551e-05,8.6518690784619462e-05
4821,horizontal,6.4000000000000004,21,3.2000000000000005e-05,2.4012941494604551e-05,8.431630185062556e-05
4822,horizontal,6.4000000000000004,22,3.2000000000000005e-05,2.4012941494604555e-05,9.1903141999576801e-05
4823,horizontal,6.4000000000000004,23,3.2000000000000012e-05,2.4012941494604555e-05,7.9676021734852349e-05
4824,horizontal,6.4000000000000004,24,3.1999999999999999e-05,2.4012941494604548e-05,7.4501728855958671e-05
4825,horizontal,6.4000000000000004,25,3.2000000000000012e-05,2.4012941494604558e-05,0.00012057629984611848
4826,horizontal,6.4000000000000004,26,3.2000000000000005e-05,2.4012941494604555e-05,9.0171399021339151e-05
4827,horizontal,6.4000000000000004,27,3.2000000000000012e-05,2.4012941494604555e-05,8.0934925607807748e-05
4828,horizontal,6.4000000000000004,28,3.2000000000000005e-05,2.4012941494604555e-05,7.8575009575476628e-05
4829,horizontal,6.4000000000000004,29,3.2000000000000005e-05,2.4012941494604555e-05,7.0285172908528745e-05
4830,horizontal,6.4000000000000004,30,3.2000000000000005e-05,2.4012941494604551e-05,8.7793363633678769e-05
4831,horizontal,6.4000000000000004,31,3.2000000000000005e-05,2.4012941494604555e-05,0.00012251631989907455
4832,horizontal,6.4000000000000004,32,3.2000000000000005e-05,2.4012941494604555e-05,0.00011568078243552878
4833,horizontal,6.4000000000000004,33,3.1999999999999999e-05,2.4012941494604555e-05,9.1674079585343581e-05
4834,horizontal,6.4000000000000004,34,3.1999999999999999e-05,2.4012941494604548e-05,8.3592550760312515e-05
4835,horizontal,6.4000000000000004,35,3.2000000000000005e-05,2.4012941494604555e-05,9.8876119335433442e-05
4836,horizontal,6.4000000000000004,36,3.2000000000000005e-05,2.4012941494604555e-05,8.3270307020157121e-05
4837,horizontal,6.4000000000000004,37,3.2000000000000012e-05,2.4012941494604555e-05,6.5297609057154342e-05
4838,horizontal,6.4000000000000004,38,3.2000000000000005e-05,2.4012941494604558e-05,8.2470833954177106e-05
4839,horizontal,6.4000000000000004,39,3.2000000000000005e-05,2.4012941494604555e-05,8.7149017323212582e-05
4840,horizontal,6.4000000000000004,40,3.2000000000000005e-05,2.4012941494604555e-05,6.6065406484466704e-05
4841,horizontal,6.4000000000000004,41,3.2000000000000019e-05,2.4012941494604555e-05,6.9619077863922557e-05
4842,horizontal,6.4000000000000004,42,3.2000000000000005e-05,2.4012941494604551e-05,6.9663552140197292e-05
4843,horizontal,6.4000000000000004,43,3.1999999999999992e-05,2.4012941494604551e-05,7.5666829074902363e-05
4844,horizontal,6.4000000000000004,44,3.2000000000000005e-05,2.4012941494604555e-05,6.6153326893954981e-05
4845,horizontal,6.4000000000000004,45,3.2000000000000005e-05,2.4012941494604551e-05,9.9998705661469877e-05
4846,horizontal,6.4000000000000004,46,3.2000000000000005e-05,2.4012941494604555e-05,8.8843618255401589e-05
4847,horizontal,6.4000000000000004,47,3.2000000000000012e-05,2.4012941494604555e-05,7.9186427885788023e-05
4848,horizontal,6.4000000000000004,48,3.2000000000000012e-05,2.4012941494604555e-05,8.9224627695253886e-05
4849,horizontal,6.4000000000000004,49,3.1999999999999999e-05,2.4012941494604551e-05,7.9089778178599942e-05
4850,horizontal,6.4000000000000004,50,3.2000000000000005e-05,2.4012941494604555e-05,8.9427864557338965e-05
4851,horizontal,6.4000000000000004,51,3.2000000000000012e-05,2.4012941494604555e-05,0.0001054017995235282
4852,horizontal,6.4000000000000004,52,3.2000000000000005e-05,2.4012941494604555e-05,7.3591178722285297e-05
4853,horizontal,6.4000000000000004,53,3.2000000000000005e-05,2.4012941494604555e-05,8.378757056930532e-05
4854,horizontal,6.4000000000000004,54,3.1999999999999999e-05,2.4012941494604555e-05,6.552681340583361e-05
4855,horizontal,6.4000000000000004,55,3.2000000000000012e-05,2.4012941494604555e-05,8.5245108388265758e-05
4856,horizontal,6.4000000000000004,56,3.1999999999999999e-05,2.4012941494604548e-05,6.9509252438262569e-05
4857,horizontal,6.4000000000000004,57,3.2000000000000005e-05,2.4012941494604555e-05,7.3664073797710189e-05
4858,horizontal,6.4000000000000004,58,3.2000000000000005e-05,2.4012941494604551e-05,8.1484081099139131e-05
4859,horizontal,6.4000000000000004,59,3.2000000000000012e-05,2.4012941494604558e-05,6.7972831360717551e-05
4860,horizontal,6.4000000000000004,60,3.2000000000000005e-05,2.4012941494604551e-05,6.7308912755836123e-05
4861,horizontal,6.4000000000000004,61,3.2000000000000005e-05,2.4012941494604555e-05,8.6656927213783704e-05
4862,horizontal,6.4000000000000004,62,3.2000000000000005e-05,2.4012941494604555e-05,7.7042305797340519e-05
4863,horizontal,6.4000000000000004,63,3.2000000000000005e-05,2.4012941494604555e-05,9.5046252582159762e-05
4864,horizontal,6.4000000000000004,64,3.2000000000000005e-05,2.4012941494604555e-05,9.5940311785820692e-05
4865,horizontal,6.4000000000000004,65,3.2000000000000005e-05,2.4012941494604551e-05,8.7604324565472477e-05
4866,horizontal,6.4000000000000004,66,3.2000000000000005e-05,2.4012941494604555e-05,6.3383169682325007e-05
4867,horizontal,6.4000000000000004,67,3.2000000000000005e-05,2.4012941494604551e-05,0.00010622916320799668
4868,horizontal,6.4000000000000004,68,3.2000000000000005e-05,2.4012941494604555e-05,6.8090860572546702e-05
4869,horizontal,6.4000000000000004,69,3.2000000000000005e-05,2.4012941494604555e-05,9.5829184868959856e-05
4870,horizontal,6.4000000000000004,70,3.2000000000000005e-05,2.4012941494604555e-05,8.3023139461521386e-05
4871,horizontal,6.4000000000000004,71,3.2000000000000012e-05,2.4012941494604555e-05,7.677200030909436e-05
4872,horizontal,6.4000000000000004,72,3.2000000000000005e-05,2.4012941494604551e-05,6.9758902300708832e-05
4873,horizontal,6.4000000000000004,73,3.2000000000000005e-05,2.4012941494604555e-05,7.7552947850405605e-05
4874,horizontal,6.4000000000000004,74,3.2000000000000005e-05,2.4012941494604551e-05,8.4780807819395196e-05
4875,horizontal,6.4000000000000004,75,3.2000000000000005e-05,2.4012941494604548e-05,7.0949564850819697e-05
4876,horizontal,6.4000000000000004,76,3.2000000000000019e-05,2.4012941494604555e-05,7.624594582700874e-05
4877,horizontal,6.4000000000000004,77,3.2000000000000005e-05,2.4012941494604555e-05,8.1229373231776883e-05
4878,horizontal,6.4000000000000004,78,3.2000000000000012e-05,2.4012941494604555e-05,7.2483490186431841e-05
4879,horizontal,6.4000000000000004,79,3.2000000000000005e-05,2.4012941494604555e-05,7.2069868175033455e-05
4880,horizontal,6.4000000000000004,80,3.2000000000000012e-05,2.4012941494604558e-05,9.9869541845921513e-05
4881,horizontal,6.4000000000000004,81,3.2000000000000005e-05,2.4012941494604558e-05,7.7277295337425887e-05
4882,horizontal,6.4000000000000004,82,3.2000000000000005e-05,2.4012941494604555e-05,7.606626609976222e-05
4883,horizontal,6.4000000000000004,83,3.2000000000000012e-05,2.4012941494604555e-05,8.5161478600844984e-05
4884,horizontal,6.4000000000000004,84,3.2000000000000005e-05,2.4012941494604551e-05,6.8059350315260531e-05
4885,horizontal,6.4000000000000004,85,3.2000000000000012e-05,2.4012941494604551e-05,6.4515793642014441e-05
4886,horizontal,6.4000000000000004,86,3.2000000000000005e-05,2.4012941494604555e-05,8.6038377908877875e-05
4887,horizontal,6.4000000000000004,87,3.2000000000000012e-05,2.4012941494604555e-05,8.4258207325180344e-05
4888,horizontal,6.4000000000000004,88,3.2000000000000005e-05,2.4012941494604551e-05,9.4665896096651108e-05
4889,horizontal,6.4000000000000004,89,3.2000000000000005e-05,2.4012941494604555e-05,6.7869780167383506e-05
4890,horizontal,6.4000000000000004,90,3.2000000000000005e-05,2.4012941494604555e-05,7.4170689525941217e-05
4891,horizontal,6.4000000000000004,91,3.2000000000000012e-05,2.4012941494604555e-05,7.0327297547166857e-05
4892,horizontal,6.4000000000000004,92,3.2000000000000005e-05,2.4012941494604555e-05,9.552826318786504e-05
4893,horizontal,6.4000000000000004,93,3.2000000000000005e-05,2.4012941494604555e-05,7.8395383223687305e-05
4894,horizontal,6.4000000000000004,94,3.2000000000000005e-05,2.4012941494604555e-05,7.2378596836694315e-05
4895,horizontal,6.4000000000000004,95,3.2000000000000012e-05,2.4012941494604555e-05,7.9390002438368935e-05
4896,horizontal,6.4000000000000004,96,3.2000000000000005e-05,2.4012941494604555e-05,0.00011078440320441189
4897,horizontal,6.4000000000000004,97,3.2000000000000005e-05,2.4012941494604551e-05,8.2761920664702938e-05
4898,horizontal,6.4000000000000004,98,3.2000000000000005e-05,2.4012941494604548e-05,8.4706583223675868e-05
4899,horizontal,6.4000000000000004,99,3.2000000000000012e-05,2.4012941494604555e-05,7.7137709025024961e-05
4900,horizontal,6.4000000000000004,100,3.2000000000000005e-05,2.4012941494604555e-05,0.00010138672692829312
4901,horizontal,6.4000000000000004,101,3.2000000000000005e-05,2.4012941494604551e-05,9.1587895817051305e-05
4902,horizontal,6.4000000000000004,102,3.1999999999999999e-05,2.4012941494604548e-05,0.0001001932028530157
4903,horizontal,6.4000000000000004,103,3.2000000000000012e-05,2.4012941494604555e-05,7.2871033948377937e-05
4904,horizontal,6.4000000000000004,104,3.1999999999999999e-05,2.4012941494604551e-05,7.5668716519133964e-05
4905,horizontal,6.4000000000000004,105,3.2000000000000005e-05,2.4012941494604548e-05,7.1662756694251969e-05
4906,horizontal,6.4000000000000004,106,3.2000000000000005e-05,2.4012941494604551e-05,8.0318093608202501e-05
4907,horizontal,6.4000000000000004,107,3.2000000000000005e-05,2.4012941494604555e-05,8.5828452256094112e-05
4908,horizontal,6.4000000000000004,108,3.2000000000000005e-05,2.4012941494604555e-05,8.1410254572850723e-05
4909,horizontal,6.4000000000000004,109,3.2000000000000019e-05,2.4012941494604558e-05,7.0411002255098168e-05
4910,horizontal,6.4000000000000004,110,3.2000000000000005e-05,2.4012941494604551e-05,7.4848270313366836e-05
4911,horizontal,6.4000000000000004,111,3.2000000000000012e-05,2.4012941494604561e-05,8.9991168234799545e-05
4912,horizontal,6.4000000000000004,112,3.2000000000000012e-05,2.4012941494604555e-05,9.7582344521850666e-05
4913,horizontal,6.4000000000000004,113,3.2000000000000005e-05,2.4012941494604551e-05,8.2252569720446598e-05
4914,horizontal,6.4000000000000004,114,3.2000000000000005e-05,2.4012941494604555e-05,9.6790817724177352e-05
4915,horizontal,6.4000000000000004,115,3.2000000000000012e-05,2.4012941494604558e-05,9.4948667661344207e-05
4916,horizontal,6.4000000000000004,116,3.2000000000000005e-05,2.4012941494604551e-05,8.4092401208288144e-05
4917,horizontal,6.4000000000000004,117,3.2000000000000012e-05,2.4012941494604555e-05,9.5927183824469188e-05
4918,horizontal,6.4000000000000004,118,3.2000000000000012e-05,2.4012941494604555e-05,8.4987692808623504e-05
4919,horizontal,6.4000000000000004,119,3.2000000000000005e-05,2.4012941494604551e-05,7.514965836992651e-05
4920,horizontal,6.4000000000000004,120,3.2000000000000012e-05,2.4012941494604555e-05,7.6929680480533665e-05
4921,horizontal,6.4000000000000004,121,3.2000000000000005e-05,2.4012941494604555e-05,9.6462538644240836e-05
4922,horizontal,6.4000000000000004,122,3.2000000000000012e-05,2.4012941494604551e-05,8.3517645348091664e-05
4923,horizontal,6.4000000000000004,123,3.2000000000000005e-05,2.4012941494604551e-05,0.00012332374102263062
4924,horizontal,6.4000000000000004,124,3.1999999999999999e-05,2.4012941494604548e-05,7.9153600206039159e-05
4925,horizontal,6.4000000000000004,125,3.2000000000000005e-05,2.4012941494604555e-05,9.2545028554258935e-05
4926,horizontal,6.4000000000000004,126,3.2000000000000005e-05,2.4012941494604551e-05,8.0485585652892623e-05
4927,horizontal,6.4000000000000004,127,3.2000000000000005e-05,2.4012941494604551e-05,9.2645774310545686e-05
4928,horizontal,6.4000000000000004,128,3.2000000000000005e-05,2.4012941494604555e-05,8.3379612335803728e-05
4929,horizontal,6.4000000000000004,129,3.2000000000000005e-05,2.4012941494604548e-05,8.4508620631792593e-05
4930,horizontal,6.4000000000000004,130,3.2000000000000005e-05,2.4012941494604551e-05,7.6825916680777357e-05
4931,horizontal,6.4000000000000004,131,3.2000000000000012e-05,2.4012941494604555e-05,7.8041723968940848e-05
4932,horizontal,6.4000000000000004,132,3.2000000000000005e-05,2.4012941494604555e-05,8.939888511280293e-05
4933,horizontal,6.4000000000000004,133,3.2000000000000005e-05,2.4012941494604551e-05,8.6448810785393098e-05
4934,horizontal,6.4000000000000004,134,3.2000000000000005e-05,2.4012941494604551e-05,7.746174257019912e-05
4935,horizontal,6.4000000000000004,135,3.2000000000000012e-05,2.4012941494604558e-05,8.0819221635855054e-05
4936,horizontal,6.4000000000000004,136,3.2000000000000012e-05,2.4012941494604555e-05,9.1315404497286539e-05
4937,horizontal,6.4000000000000004,137,3.2000000000000005e-05,2.4012941494604551e-05,8.5222091082144178e-05
4938,horizontal,6.4000000000000004,138,3.2000000000000005e-05,2.4012941494604555e-05,8.4862452024073e-05
4939,horizontal,6.4000000000000004,139,3.2000000000000012e-05,2.4012941494604555e-05,0.00010318634574994914
4940,horizontal,6.4000000000000004,140,3.1999999999999999e-05,2.4012941494604548e-05,9.008415367129341e-05
4941,horizontal,6.4000000000000004,141,3.2000000000000012e-05,2.4012941494604558e-05,9.3803944837525082e-05
4942,horizontal,6.4000000000000004,142,3.2000000000000005e-05,2.4012941494604555e-05,7.714017000151323e-05
4943,horizontal,6.4000000000000004,143,3.2000000000000012e-05,2.4012941494604558e-05,6.7936272050133812e-05
4944,horizontal,6.4000000000000004,144,3.2000000000000012e-05,2.4012941494604555e-05,9.8731365884215599e-05
4945,horizontal,6.4000000000000004,145,3.2000000000000005e-05,2.4012941494604555e-05,7.3964396679845952e-05
4946,horizontal,6.4000000000000004,146,3.2000000000000005e-05,2.4012941494604551e-05,0.00010094027240625731
4947,horizontal,6.4000000000000004,147,3.2000000000000005e-05,2.4012941494604555e-05,8.4395191139216712e-05
4948,horizontal,6.4000000000000004,148,3.2000000000000005e-05,2.4012941494604555e-05,8.1427333900646747e-05
4949,horizontal,6.4000000000000004,149,3.2000000000000005e-05,2.4012941494604555e-05,8.7931715891906095e-05
4950,horizontal,6.4000000000000004,150,3.1999999999999999e-05,2.4012941494604551e-05,7.3702975793608439e-05
4951,horizontal,6.4000000000000004,151,3.2000000000000005e-05,2.4012941494604551e-05,6.9218476466365101e-05
4952,horizontal,6.4000000000000004,152,3.2000000000000005e-05,2.4012941494604555e-05,7.2042578241419237e-05
4953,horizontal,6.4000000000000004,153,3.1999999999999999e-05,2.4012941494604548e-05,6.625559814386111e-05
4954,horizontal,6.4000000000000004,154,3.2000000000000005e-05,2.4012941494604555e-05,7.7373969709397652e-05
4955,horizontal,6.4000000000000004,155,3.2000000000000012e-05,2.4012941494604558e-05,7.1487934450065857e-05
4956,horizontal,6.4000000000000004,156,3.2000000000000005e-05,2.4012941494604555e-05,7.2848807732469551e-05
4957,horizontal,6.4000000000000004,157,3.1999999999999999e-05,2.4012941494604551e-05,7.3367864969907756e-05
4958,horizontal,6.4000000000000004,158,3.2000000000000012e-05,2.4012941494604555e-05,9.8253359718375742e-05
4959,horizontal,6.4000000000000004,159,3.2000000000000005e-05,2.4012941494604551e-05,9.1047147667890527e-05
4960,horizontal,6.4000000000000004,160,3.1999999999999999e-05,2.4012941494604551e-05,8.4911438439073066e-05
4961,horizontal,6.4000000000000004,161,3.2000000000000012e-05,2.4012941494604555e-05,8.10146706291505e-05
4962,horizontal,6.4000000000000004,162,3.2000000000000005e-05,2.4012941494604555e-05,9.5736397461547052e-05
4963,horizontal,6.4000000000000004,163,3.2000000000000005e-05,2.4012941494604555e-05,7.8191561201816325e-05
4964,horizontal,6.4000000000000004,164,3.2000000000000005e-05,2.4012941494604555e-05,6.2455034239214448e-05
4965,horizontal,6.4000000000000004,165,3.2000000000000005e-05,2.4012941494604555e-05,8.8624342756022983e-05
4966,horizontal,6.4000000000000004,166,3.1999999999999999e-05,2.4012941494604548e-05,6.5281545697596662e-05
4967,horizontal,6.4000000000000004,167,3.2000000000000005e-05,2.4012941494604555e-05,8.9604496124668357e-05
4968,horizontal,6.4000000000000004,168,3.2000000000000012e-05,2.4012941494604551e-05,6.379031030921231e-05
4969,horizontal,6.4000000000000004,169,3.2000000000000005e-05,2.4012941494604555e-05,8.8149792299603189e-05
4970,horizontal,6.4000000000000004,170,3.2000000000000005e-05,2.4012941494604555e-05,6.8359768193634179e-05
4971,horizontal,6.4000000000000004,171,3.2000000000000005e-05,2.4012941494604551e-05,6.9431737271534574e-05
4972,horizontal,6.4000000000000004,172,3.2000000000000012e-05,2.4012941494604555e-05,0.00010343785695491468
4973,horizontal,6.4000000000000004,173,3.2000000000000005e-05,2.4012941494604555e-05,8.278552477739652e-05
4974,horizontal,6.4000000000000004,174,3.2000000000000005e-05,2.4012941494604555e-05,9.4732394494212416e-05
4975,horizontal,6.4000000000000004,175,3.2000000000000012e-05,2.4012941494604555e-05,7.5663372407180421e-05
4976,horizontal,6.4000000000000004,176,3.2000000000000005e-05,2.4012941494604555e-05,6.8197684014159262e-05
4977,horizontal,6.4000000000000004,177,3.2000000000000005e-05,2.4012941494604555e-05,8.5501214456359646e-05
4978,horizontal,6.4000000000000004,178,3.2000000000000005e-05,2.4012941494604555e-05,8.084576279220481e-05
4979,horizontal,6.4000000000000004,179,3.1999999999999999e-05,2.4012941494604551e-05,0.00010518560404404652
4980,horizontal,6.4000000000000004,180,3.2000000000000005e-05,2.4012941494604555e-05,7.9914822527608315e-05
4981,horizontal,6.4000000000000004,181,3.2000000000000005e-05,2.4012941494604555e-05,9.3808392550163132e-05
4982,horizontal,6.4000000000000004,182,3.2000000000000012e-05,2.4012941494604551e-05,7.3646428481307787e-05
4983,horizontal,6.4000000000000004,183,3.2000000000000019e-05,2.4012941494604558e-05,7.9259658099859338e-05
4984,horizontal,6.4000000000000004,184,3.2000000000000005e-05,2.4012941494604551e-05,6.8503843127011666e-05
4985,horizontal,6.4000000000000004,185,3.2000000000000005e-05,2.4012941494604555e-05,9.9988520163603195e-05
4986,horizontal,6.4000000000000004,186,3.2000000000000005e-05,2.4012941494604551e-05,8.7361058070164501e-05
4987,horizontal,6.4000000000000004,187,3.2000000000000012e-05,2.4012941494604555e-05,8.8543937235735292e-05
4988,horizontal,6.4000000000000004,188,3.1999999999999999e-05,2.4012941494604551e-05,8.1435484933502054e-05
4989,horizontal,6.4000000000000004,189,3.1999999999999999e-05,2.4012941494604548e-05,0.00011699376542952779
4990,horizontal,6.4000000000000004,190,3.2000000000000012e-05,2.4012941494604555e-05,8.9806077221581357e-05
4991,horizontal,6.4000000000000004,191,3.2000000000000005e-05,2.4012941494604551e-05,0.00010444743084917949
4992,horizontal,6.4000000000000004,192,3.2000000000000005e-05,2.4012941494604551e-05,8.5043505834385993e-05
4993,horizontal,6.4000000000000004,193,3.2000000000000019e-05,2.4012941494604558e-05,8.5601946266837439e-05
4994,horizontal,6.4000000000000004,194,3.2000000000000005e-05,2.4012941494604551e-05,7.3021440645480273e-05
4995,horizontal,6.4000000000000004,195,3.2000000000000019e-05,2.4012941494604561e-05,0.00011126568061755246
4996,horizontal,6.4000000000000004,196,3.2000000000000012e-05,2.4012941494604555e-05,7.3339628775155976e-05
4997,horizontal,6.4000000000000004,197,3.2000000000000005e-05,2.4012941494604551e-05,6.7431882975041782e-05
4998,horizontal,6.4000000000000004,198,3.2000000000000005e-05,2.4012941494604551e-05,7.0270220796800036e-05
4999,horizontal,6.4000000000000004,199,3.1999999999999999e-05,2.4012941494604548e-05,8.6553656420470669e-05
5000,horizontal,6.4000000000000004,200,3.2000000000000005e-05,2.4012941494604551e-05,7.5663386580317139e-05
5001,horizontal,6.4000000000000004,201,3.2000000000000005e-05,2.4012941494604555e-05,7.5911207775299704e-05
5002,horizontal,6.4000000000000004,202,3.2000000000000005e-05,2.4012941494604555e-05,7.2527006687263419e-05
5003,horizontal,6.4000000000000004,203,3.2000000000000012e-05,2.4012941494604555e-05,8.6467479276543878e-05
5004,horizontal,6.4000000000000004,204,3.2000000000000012e-05,2.4012941494604558e-05,7.3923810411764446e-05
5005,horizontal,6.4000000000000004,205,3.2000000000000012e-05,2.4012941494604555e-05,8.6885864335055831e-05
5006,horizontal,6.4000000000000004,206,3.1999999999999999e-05,2.4012941494604551e-05,7.8397870961361465e-05
5007,horizontal,6.4000000000000004,207,3.2000000000000012e-05,2.4012941494604555e-05,0.00010463734931147434
5008,horizontal,6.4000000000000004,208,3.2000000000000005e-05,2.4012941494604555e-05,0.00010103151082511963
5009,horizontal,6.4000000000000004,209,3.2000000000000005e-05,2.4012941494604551e-05,0.00010638245403833515
5010,horizontal,6.4000000000000004,210,3.2000000000000005e-05,2.4012941494604555e-05,8.8246325950557894e-05
5011,horizontal,6.4000000000000004,211,3.2000000000000012e-05,2.4012941494604555e-05,9.4125046469994788e-05
5012,horizontal,6.4000000000000004,212,3.2000000000000005e-05,2.4012941494604555e-05,7.6076255196900241e-05
5013,horizontal,6.4000000000000004,213,3.1999999999999999e-05,2.4012941494604551e-05,6.967323723120241e-05
5014,horizontal,6.4000000000000004,214,3.2000000000000012e-05,2.4012941494604558e-05,7.0940071583085713e-05
5015,horizontal,6.4000000000000004,215,3.1999999999999999e-05,2.4012941494604548e-05,7.2189392650248927e-05
5016,horizontal,6.4000000000000004,216,3.2000000000000005e-05,2.4012941494604551e-05,9.5415448874846696e-05
5017,horizontal,6.4000000000000004,217,3.2000000000000005e-05,2.4012941494604551e-05,9.0551470560162905e-05
5018,horizontal,6.4000000000000004,218,3.2000000000000012e-05,2.4012941494604555e-05,8.1427190345286291e-05
5019,horizontal,6.4000000000000004,219,3.2000000000000005e-05,2.4012941494604555e-05,9.4405958881921661e-05
5020,horizontal,6.4000000000000004,220,3.1999999999999999e-05,2.4012941494604551e-05,7.5950250060942577e-05
5021,horizontal,6.4000000000000004,221,3.2000000000000005e-05,2.4012941494604555e-05,8.3431393502202063e-05
5022,horizontal,6.4000000000000004,222,3.2000000000000012e-05,2.4012941494604555e-05,6.9620835848754848e-05
5023,horizontal,6.4000000000000004,223,3.2000000000000005e-05,2.4012941494604548e-05,8.4535718433375267e-05
5024,horizontal,6.4000000000000004,224,3.2000000000000005e-05,2.4012941494604551e-05,7.2715067556840206e-05
5025,horizontal,6.4000000000000004,225,3.2000000000000005e-05,2.4012941494604555e-05,7.1928906516730557e-05
5026,horizontal,6.4000000000000004,226,3.2000000000000005e-05,2.4012941494604555e-05,8.4848952877035859e-05
5027,horizontal,6.4000000000000004,227,3.2000000000000012e-05,2.4012941494604555e-05,8.3098333367328503e-05
5028,horizontal,6.4000000000000004,228,3.2000000000000012e-05,2.4012941494604555e-05,0.00010816797662469036
5029,horizontal,6.4000000000000004,229,3.1999999999999999e-05,2.4012941494604548e-05,8.5108567655747995e-05
5030,horizontal,6.4000000000000004,230,3.2000000000000012e-05,2.4012941494604555e-05,8.095611019000312e-05
5031,horizontal,6.4000000000000004,231,3.2000000000000005e-05,2.4012941494604555e-05,6.8186271061288907e-05
5032,horizontal,6.4000000000000004,232,3.2000000000000005e-05,2.4012941494604555e-05,8.4787623849141819e-05
5033,horizontal,6.4000000000000004,233,3.2000000000000012e-05,2.4012941494604561e-05,7.9990824285519925e-05
5034,horizontal,6.4000000000000004,234,3.2000000000000012e-05,2.4012941494604551e-05,7.9394596123005226e-05
5035,horizontal,6.4000000000000004,235,3.2000000000000005e-05,2.4012941494604551e-05,8.1008519625654673e-05
5036,horizontal,6.4000000000000004,236,3.2000000000000005e-05,2.4012941494604551e-05,8.9141563948856695e-05
5037,horizontal,6.4000000000000004,237,3.2000000000000005e-05,2.4012941494604555e-05,9.3309016851438387e-05
5038,horizontal,6.4000000000000004,238,3.2000000000000005e-05,2.4012941494604555e-05,8.7027916058836092e-05
5039,horizontal,6.4000000000000004,239,3.1999999999999999e-05,2.4012941494604555e-05,8.2888914420521057e-05
5040,horizontal,6.4000000000000004,240,3.2000000000000005e-05,2.4012941494604555e-05,9.3283542648843796e-05
5041,horizontal,6.4000000000000004,241,3.2000000000000012e-05,2.4012941494604558e-05,6.2966047167310767e-05
5042,horizontal,6.4000000000000004,242,3.2000000000000005e-05,2.4012941494604548e-05,7.1997620866526318e-05
5043,horizontal,6.4000000000000004,243,3.2000000000000005e-05,2.4012941494604551e-05,9.7363949086422337e-05
5044,horizontal,6.4000000000000004,244,3.2000000000000012e-05,2.4012941494604555e-05,5.3765973102683777e-05
5045,horizontal,6.4000000000000004,245,3.2000000000000005e-05,2.4012941494604555e-05,8.5441082220340532e-05
5046,horizontal,6.4000000000000004,246,3.2000000000000012e-05,2.4012941494604555e-05,7.958576012111139e-05
5047,horizontal,6.4000000000000004,247,3.2000000000000005e-05,2.4012941494604555e-05,9.2587839374090781e-05
5048,horizontal,6.4000000000000004,248,3.2000000000000005e-05,2.4012941494604555e-05,8.0402609810813045e-05
5049,horizontal,6.4000000000000004,249,3.1999999999999999e-05,2.4012941494604551e-05,7.6178228045423069e-05
5050,horizontal,6.4000000000000004,250,3.2000000000000005e-05,2.4012941494604551e-05,7.6171920811545285e-05
5051,horizontal,6.4000000000000004,251,3.1999999999999999e-05,2.4012941494604551e-05,7.5899283439965007e-05
5052,horizontal,6.4000000000000004,252,3.2000000000000005e-05,2.4012941494604555e-05,9.2069057745506512e-05
5053,horizontal,6.4000000000000004,253,3.2000000000000005e-05,2.4012941494604555e-05,8.6286999536512241e-05
5054,horizontal,6.4000000000000004,254,3.2000000000000005e-05,2.4012941494604555e-05,8.9890648556413403e-05
5055,horizontal,6.4000000000000004,255,3.2000000000000005e-05,2.4012941494604551e-05,9.352462780620376e-05
5056,horizontal,6.4000000000000004,256,3.2000000000000005e-05,2.4012941494604555e-05,6.4699166009033748e-05
5057,horizontal,6.4000000000000004,257,3.2000000000000012e-05,2.4012941494604555e-05,7.8079528474766819e-05
5058,horizontal,6.4000000000000004,258,3.2000000000000005e-05,2.4012941494604551e-05,8.2489077701406509e-05
5059,horizontal,6.4000000000000004,259,3.2000000000000005e-05,2.4012941494604551e-05,8.2363956414906132e-05
5060,horizontal,6.4000000000000004,260,3.2000000000000005e-05,2.4012941494604551e-05,7.6350193579251626e-05
5061,horizontal,6.4000000000000004,261,3.2000000000000005e-05,2.4012941494604555e-05,6.9335692623776258e-05
5062,horizontal,6.4000000000000004,262,3.2000000000000005e-05,2.4012941494604555e-05,6.3253872352149649e-05
5063,horizontal,6.4000000000000004,263,3.2000000000000012e-05,2.4012941494604555e-05,7.7558461907983954e-05
5064,horizontal,6.4000000000000004,264,3.2000000000000012e-05,2.4012941494604551e-05,6.4982192331738693e-05
5065,horizontal,6.4000000000000004,265,3.1999999999999999e-05,2.4012941494604551e-05,7.7958013838797554e-05
5066,horizontal,6.4000000000000004,266,3.2000000000000012e-05,2.4012941494604555e-05,9.8721129546161916e-05
5067,horizontal,6.4000000000000004,267,3.2000000000000012e-05,2.4012941494604558e-05,0.00011274235588418554
5068,horizontal,6.4000000000000004,268,3.2000000000000005e-05,2.4012941494604555e-05,8.0230581034844691e-05
5069,horizontal,6.4000000000000004,269,3.2000000000000005e-05,2.4012941494604555e-05,7.3696296812403493e-05
5070,horizontal,6.4000000000000004,270,3.2000000000000005e-05,2.4012941494604548e-05,8.7886417871204699e-05
5071,horizontal,6.4000000000000004,271,3.2000000000000005e-05,2.4012941494604555e-05,8.1813244765079824e-05
5072,horizontal,6.4000000000000004,272,3.2000000000000012e-05,2.4012941494604555e-05,8.7198776052496924e-05
5073,horizontal,6.4000000000000004,273,3.2000000000000005e-05,2.4012941494604555e-05,9.4834651837282495e-05
5074,horizontal,6.4000000000000004,274,3.2000000000000005e-05,2.4012941494604555e-05,7.0948192952037187e-05
5075,horizontal,6.4000000000000004,275,3.2000000000000005e-05,2.4012941494604555e-05,8.5860298019858352e-05
5076,horizontal,6.4000000000000004,276,3.2000000000000012e-05,2.4012941494604555e-05,8.9545968000687132e-05
5077,horizontal,6.4000000000000004,277,3.2000000000000005e-05,2.4012941494604555e-05,8.4172233841441497e-05
5078,horizontal,6.4000000000000004,278,3.2000000000000012e-05,2.4012941494604555e-05,9.5433047967865973e-05
5079,horizontal,6.4000000000000004,279,3.1999999999999999e-05,2.4012941494604551e-05,7.9972738288568951e-05
5080,horizontal,6.4000000000000004,280,3.2000000000000005e-05,2.4012941494604555e-05,9.2216353890685568e-05
5081,horizontal,6.4000000000000004,281,3.2000000000000005e-05,2.4012941494604551e-05,9.6049545124226305e-05
5082,horizontal,6.4000000000000004,282,3.2000000000000005e-05,2.4012941494604555e-05,9.1508142723529344e-05
5083,horizontal,6.4000000000000004,283,3.2000000000000005e-05,2.4012941494604555e-05,7.2080036668689462e-05
5084,horizontal,6.4000000000000004,284,3.2000000000000005e-05,2.4012941494604555e-05,6.9948632184157998e-05
5085,horizontal,6.4000000000000004,285,3.2000000000000012e-05,2.4012941494604555e-05,7.387647288688397e-05
5086,horizontal,6.4000000000000004,286,3.2000000000000005e-05,2.4012941494604551e-05,9.0226611826431803e-05
5087,horizontal,6.4000000000000004,287,3.1999999999999999e-05,2.4012941494604551e-05,8.1451320507004607e-05
5088,horizontal,6.4000000000000004,288,3.2000000000000005e-05,2.4012941494604555e-05,9.4979988622548734e-05
5089,horizontal,6.4000000000000004,289,3.1999999999999999e-05,2.4012941494604555e-05,6.2303902018578716e-05
5090,horizontal,6.4000000000000004,290,3.2000000000000012e-05,2.4012941494604555e-05,8.5825205644278311e-05
5091,horizontal,6.4000000000000004,291,3.1999999999999999e-05,2.4012941494604548e-05,9.6940974635227508e-05
5092,horizontal,6.4000000000000004,292,3.1999999999999999e-05,2.4012941494604551e-05,9.8961174675312995e-05
5093,horizontal,6.4000000000000004,293,3.2000000000000005e-05,2.4012941494604551e-05,7.9851635704950518e-05
5094,horizontal,6.4000000000000004,294,3.2000000000000005e-05,2.4012941494604555e-05,8.8463004470131537e-05
5095,horizontal,6.4000000000000004,295,3.1999999999999999e-05,2.4012941494604551e-05,7.5824620951509732e-05
5096,horizontal,6.4000000000000004,296,3.1999999999999999e-05,2.4012941494604548e-05,8.180115996944024e-05
5097,horizontal,6.4000000000000004,297,3.1999999999999999e-05,2.4012941494604548e-05,8.5269611989849408e-05
5098,horizontal,6.4000000000000004,298,3.2000000000000005e-05,2.4012941494604551e-05,7.4195429951132697e-05
5099,horizontal,6.4000000000000004,299,3.2000000000000012e-05,2.4012941494604558e-05,8.0812296567354494e-05
5100,horizontal,6.4000000000000004,300,3.2000000000000005e-05,2.4012941494604548e-05,8.4104417156353955e-05
5101,horizontal,6.4000000000000004,301,3.2000000000000005e-05,2.4012941494604548e-05,8.8909294038161263e-05
5102,horizontal,6.4000000000000004,302,3.2000000000000005e-05,2.4012941494604555e-05,8.1194270288830186e-05
5103,horizontal,6.4000000000000004,303,3.2000000000000005e-05,2.4012941494604548e-05,7.1750451045734097e-05
5104,horizontal,6.4000000000000004,304,3.1999999999999999e-05,2.4012941494604548e-05,7.5970132743290216e-05
5105,horizontal,6.4000000000000004,305,3.1999999999999999e-05,2.4012941494604555e-05,7.3195066665859403e-05
5106,horizontal,6.4000000000000004,306,3.1999999999999999e-05,2.4012941494604548e-05,7.4906640655207843e-05
5107,horizontal,6.4000000000000004,307,3.1999999999999999e-05,2.4012941494604551e-05,7.5994109719757874e-05
5108,horizontal,6.4000000000000004,308,3.2000000000000005e-05,2.4012941494604558e-05,0.00010435363337303976
5109,horizontal,6.4000000000000004,309,3.2000000000000019e-05,2.4012941494604555e-05,0.00012634003333297265
5110,horizontal,6.4000000000000004,310,3.2000000000000005e-05,2.4012941494604551e-05,8.0762069498112665e-05
5111,horizontal,6.4000000000000004,311,3.2000000000000005e-05,2.4012941494604555e-05,7.4202609307867336e-05
5112,horizontal,6.4000000000000004,312,3.2000000000000005e-05,2.4012941494604555e-05,7.9989586039018145e-05
5113,horizontal,6.4000000000000004,313,3.1999999999999999e-05,2.4012941494604555e-05,7.5061239122931598e-05
5114,horizontal,6.4000000000000004,314,3.2000000000000005e-05,2.4012941494604555e-05,8.3005952840332862e-05
5115,horizontal,6.4000000000000004,315,3.2000000000000012e-05,2.4012941494604558e-05,6.6919805431951752e-05
5116,horizontal,6.4000000000000004,316,3.1999999999999999e-05,2.4012941494604555e-05,6.6700374390206684e-05
5117,horizontal,6.4000000000000004,317,3.2000000000000019e-05,2.4012941494604555e-05,7.5473324421192615e-05
5118,horizontal,6.4000000000000004,318,3.2000000000000005e-05,2.4012941494604555e-05,9.392467210895694e-05
5119,horizontal,6.4000000000000004,319,3.2000000000000005e-05,2.4012941494604548e-05,8.0957709722184008e-05
5120,horizontal,6.4000000000000004,320,3.1999999999999992e-05,2.4012941494604551e-05,9.2028994160955701e-05
5121,horizontal,6.4000000000000004,321,3.2000000000000012e-05,2.4012941494604558e-05,8.1364032778412948e-05
5122,horizontal,6.4000000000000004,322,3.2000000000000012e-05,2.4012941494604555e-05,7.4487704008269562e-05
5123,horizontal,6.4000000000000004,323,3.2000000000000005e-05,2.4012941494604558e-05,7.5656165812752264e-05
5124,horizontal,6.4000000000000004,324,3.2000000000000012e-05,2.4012941494604555e-05,7.4185154578154457e-05
5125,horizontal,6.4000000000000004,325,3.2000000000000005e-05,2.4012941494604551e-05,7.4724721278644448e-05
5126,horizontal,6.4000000000000004,326,3.2000000000000012e-05,2.4012941494604555e-05,8.4765816752200912e-05
5127,horizontal,6.4000000000000004,327,3.1999999999999999e-05,2.4012941494604551e-05,7.6663380906508003e-05
5128,horizontal,6.4000000000000004,328,3.1999999999999999e-05,2.4012941494604551e-05,9.4317221875375737e-05
5129,horizontal,6.4000000000000004,329,3.1999999999999999e-05,2.4012941494604551e-05,8.5784395673457639e-05
5130,horizontal,6.4000000000000004,330,3.2000000000000005e-05,2.4012941494604555e-05,8.2133565578817091e-05
5131,horizontal,6.4000000000000004,331,3.2000000000000005e-05,2.4012941494604548e-05,8.5743050656463611e-05
5132,horizontal,6.4000000000000004,332,3.2000000000000005e-05,2.4012941494604555e-05,8.476527679457674e-05
5133,horizontal,6.4000000000000004,333,3.2000000000000005e-05,2.4012941494604555e-05,8.8542197266371471e-05
5134,horizontal,6.4000000000000004,334,3.2000000000000005e-05,2.4012941494604551e-05,0.00010089023365659675
5135,horizontal,6.4000000000000004,335,3.2000000000000005e-05,2.4012941494604555e-05,7.385302541334142e-05
5136,horizontal,6.4000000000000004,336,3.1999999999999999e-05,2.4012941494604551e-05,7.4273130978301337e-05
5137,horizontal,6.4000000000000004,337,3.1999999999999992e-05,2.4012941494604548e-05,6.6925967402780008e-05
5138,horizontal,6.4000000000000004,338,3.2000000000000012e-05,2.4012941494604558e-05,6.5259961685534707e-05
5139,horizontal,6.4000000000000004,339,3.2000000000000012e-05,2.4012941494604555e-05,7.4640403896080538e-05
5140,horizontal,6.4000000000000004,340,3.2000000000000005e-05,2.4012941494604555e-05,0.00010750048749689765
5141,horizontal,6.4000000000000004,341,3.2000000000000005e-05,2.4012941494604555e-05,7.6097229573146653e-05
5142,horizontal,6.4000000000000004,342,3.2000000000000005e-05,2.4012941494604555e-05,0.00010797276718703875
5143,horizontal,6.4000000000000004,343,3.2000000000000005e-05,2.4012941494604551e-05,8.5057457800848902e-05
5144,horizontal,6.4000000000000004,344,3.2000000000000012e-05,2.4012941494604555e-05,6.6536085680893818e-05
5145,horizontal,6.4000000000000004,345,3.2000000000000005e-05,2.4012941494604555e-05,6.9033913707462204e-05
5146,horizontal,6.4000000000000004,346,3.2000000000000005e-05,2.4012941494604551e-05,8.3304431890123099e-05
5147,horizontal,6.4000000000000004,347,3.2000000000000012e-05,2.4012941494604551e-05,9.704107045980533e-05
5148,horizontal,6.4000000000000004,348,3.2000000000000012e-05,2.4012941494604555e-05,8.8400301503273337e-05
5149,horizontal,6.4000000000000004,349,3.2000000000000005e-05,2.4012941494604551e-05,0.00011437950907724505
5150,horizontal,6.4000000000000004,350,3.2000000000000005e-05,2.4012941494604551e-05,6.9009155860401574e-05
5151,horizontal,6.4000000000000004,351,3.1999999999999999e-05,2.4012941494604548e-05,6.7950804984110726e-05
5152,horizontal,6.4000000000000004,352,3.2000000000000005e-05,2.4012941494604555e-05,8.7617237370648607e-05
5153,horizontal,6.4000000000000004,353,3.2000000000000012e-05,2.4012941494604555e-05,8.1322026447138308e-05
5154,horizontal,6.4000000000000004,354,3.2000000000000012e-05,2.4012941494604555e-05,8.4174656391260624e-05
5155,horizontal,6.4000000000000004,355,3.2000000000000005e-05,2.4012941494604555e-05,8.5415789469206664e-05
5156,horizontal,6.4000000000000004,356,3.2000000000000005e-05,2.4012941494604555e-05,6.5962168943859231e-05
5157,horizontal,6.4000000000000004,357,3.2000000000000005e-05,2.4012941494604555e-05,6.7907547805615606e-05
5158,horizontal,6.4000000000000004,358,3.2000000000000005e-05,2.4012941494604555e-05,0.00011789017598486794
5159,horizontal,6.4000000000000004,359,3.1999999999999999e-05,2.4012941494604548e-05,6.865640484570301e-05
5160,horizontal,6.4000000000000004,360,3.2000000000000005e-05,2.4012941494604555e-05,7.198046021049177e-05
5161,horizontal,6.4000000000000004,361,3.2000000000000005e-05,2.4012941494604555e-05,7.4359102339482114e-05
5162,horizontal,6.4000000000000004,362,3.2000000000000005e-05,2.4012941494604555e-05,8.830015465106045e-05
5163,horizontal,6.4000000000000004,363,3.2000000000000005e-05,2.4012941494604551e-05,7.0480682437445207e-05
5164,horizontal,6.4000000000000004,364,3.1999999999999999e-05,2.4012941494604551e-05,8.2346788967979138e-05
5165,horizontal,6.4000000000000004,365,3.2000000000000012e-05,2.4012941494604555e-05,8.7876313586787746e-05
5166,horizontal,6.4000000000000004,366,3.1999999999999999e-05,2.4012941494604548e-05,0.00010126948923981618
5167,horizontal,6.4000000000000004,367,3.2000000000000005e-05,2.4012941494604551e-05,6.9867521177097153e-05
5168,horizontal,6.4000000000000004,368,3.2000000000000012e-05,2.4012941494604555e-05,8.1934219770943162e-05
5169,horizontal,6.4000000000000004,369,3.1999999999999999e-05,2.4012941494604551e-05,8.3177773927552232e-05
5170,horizontal,6.4000000000000004,370,3.2000000000000012e-05,2.4012941494604558e-05,8.0753867662300776e-05
5171,horizontal,6.4000000000000004,371,3.2000000000000012e-05,2.4012941494604551e-05,9.108609266050007e-05
5172,horizontal,6.4000000000000004,372,3.2000000000000012e-05,2.4012941494604555e-05,9.013139384493363e-05
5173,horizontal,6.4000000000000004,373,3.2000000000000012e-05,2.4012941494604555e-05,7.8910226872229731e-05
5174,horizontal,6.4000000000000004,374,3.2000000000000005e-05,2.4012941494604555e-05,8.8250046804374331e-05
5175,horizontal,6.4000000000000004,375,3.2000000000000012e-05,2.4012941494604555e-05,7.3607030460025929e-05
5176,horizontal,6.4000000000000004,376,3.2000000000000005e-05,2.4012941494604555e-05,7.815780161206708e-05
5177,horizontal,6.4000000000000004,377,3.2000000000000012e-05,2.4012941494604558e-05,0.00010037609293320395
5178,horizontal,6.4000000000000004,378,3.2000000000000005e-05,2.4012941494604551e-05,8.7191398501698138e-05
5179,horizontal,6.4000000000000004,379,3.2000000000000005e-05,2.4012941494604555e-05,8.5487171620444977e-05
5180,horizontal,6.4000000000000004,380,3.2000000000000005e-05,2.4012941494604551e-05,7.3122921611559836e-05
5181,horizontal,6.4000000000000004,381,3.2000000000000012e-05,2.4012941494604555e-05,7.395458764083373e-05
5182,horizontal,6.4000000000000004,382,3.1999999999999999e-05,2.4012941494604551e-05,8.3491574531837474e-05
5183,horizontal,6.4000000000000004,383,3.1999999999999992e-05,2.4012941494604551e-05,7.6309966346693736e-05
5184,horizontal,6.4000000000000004,384,3.2000000000000005e-05,2.4012941494604551e-05,7.9903352295037351e-05
5185,horizontal,6.4000000000000004,385,3.2000000000000005e-05,2.4012941494604555e-05,8.58986790782882e-05
5186,horizontal,6.4000000000000004,386,3.2000000000000005e-05,2.4012941494604555e-05,9.9358748546635612e-05
5187,horizontal,6.4000000000000004,387,3.2000000000000005e-05,2.4012941494604555e-05,8.0034992187334177e-05
5188,horizontal,6.4000000000000004,388,3.2000000000000005e-05,2.4012941494604555e-05,8.4275868271337535e-05
5189,horizontal,6.4000000000000004,389,3.1999999999999999e-05,2.4012941494604551e-05,0.00010028207533175472
5190,horizontal,6.4000000000000004,390,3.2000000000000005e-05,2.4012941494604551e-05,7.3113104696968979e-05
5191,horizontal,6.4000000000000004,391,3.2000000000000005e-05,2.4012941494604555e-05,7.2684948896504405e-05
5192,horizontal,6.4000000000000004,392,3.2000000000000012e-05,2.4012941494604555e-05,7.8660399543839849e-05
5193,horizontal,6.4000000000000004,393,3.2000000000000005e-05,2.4012941494604555e-05,8.1702212172605682e-05
5194,horizontal,6.4000000000000004,394,3.2000000000000005e-05,2.4012941494604548e-05,7.6488117523936319e-05
5195,horizontal,6.4000000000000004,395,3.2000000000000005e-05,2.4012941494604548e-05,7.8131426097867372e-05
5196,horizontal,6.4000000000000004,396,3.2000000000000005e-05,2.4012941494604555e-05,6.934133454209868e-05
5197,horizontal,6.4000000000000004,397,3.2000000000000012e-05,2.4012941494604555e-05,8.6691295626628348e-05
5198,horizontal,6.4000000000000004,398,3.2000000000000005e-05,2.4012941494604551e-05,8.7513446438363911e-05
5199,horizontal,6.4000000000000004,399,3.2000000000000005e-05,2.4012941494604551e-05,7.8559384406180069e-05
5200,horizontal,6.4000000000000004,400,3.2000000000000012e-05,2.4012941494604555e-05,6.8929784053342532e-05
5201,horizontal,6.4000000000000004,401,3.2000000000000005e-05,2.4012941494604551e-05,0.00010427686060250137
5202,horizontal,6.4000000000000004,402,3.2000000000000005e-05,2.4012941494604555e-05,9.1559909287509459e-05
5203,horizontal,6.4000000000000004,403,3.2000000000000005e-05,2.4012941494604555e-05,6.6644101007834849e-05
5204,horizontal,6.4000000000000004,404,3.2000000000000012e-05,2.4012941494604555e-05,8.8946409348763869e-05
5205,horizontal,6.4000000000000004,405,3.2000000000000005e-05,2.4012941494604551e-05,6.9557854176173598e-05
5206,horizontal,6.4000000000000004,406,3.2000000000000005e-05,2.4012941494604551e-05,7.5265619572016974e-05
5207,horizontal,6.4000000000000004,407,3.2000000000000005e-05,2.4012941494604551e-05,9.0063245548881651e-05
5208,horizontal,6.4000000000000004,408,3.2000000000000005e-05,2.4012941494604555e-05,8.3345550426033442e-05
5209,horizontal,6.4000000000000004,409,3.2000000000000005e-05,2.4012941494604548e-05,9.9439478669829693e-05
5210,horizontal,6.4000000000000004,410,3.2000000000000012e-05,2.4012941494604555e-05,8.2879271198941048e-05
5211,horizontal,6.4000000000000004,411,3.2000000000000005e-05,2.4012941494604555e-05,8.4188953625841136e-05
5212,horizontal,6.4000000000000004,412,3.2000000000000005e-05,2.4012941494604551e-05,8.0996844711905765e-05
5213,horizontal,6.4000000000000004,413,3.1999999999999999e-05,2.4012941494604551e-05,8.5008878515414261e-05
5214,horizontal,6.4000000000000004,414,3.1999999999999999e-05,2.4012941494604551e-05,8.1168549088889218e-05
5215,horizontal,6.4000000000000004,415,3.2000000000000005e-05,2.4012941494604555e-05,7.3148452323486905e-05
5216,horizontal,6.4000000000000004,416,3.2000000000000005e-05,2.4012941494604555e-05,6.6817773631284937e-05
5217,horizontal,6.4000000000000004,417,3.2000000000000005e-05,2.4012941494604551e-05,7.293118092552212e-05
5218,horizontal,6.4000000000000004,418,3.2000000000000005e-05,2.4012941494604548e-05,7.6921680707780254e-05
5219,horizontal,6.4000000000000004,419,3.1999999999999999e-05,2.4012941494604548e-05,7.7388565903594288e-05
5220,horizontal,6.4000000000000004,420,3.2000000000000005e-05,2.4012941494604551e-05,7.9191511273460629e-05
5221,horizontal,6.4000000000000004,421,3.2000000000000012e-05,2.4012941494604555e-05,7.6576694973041863e-05
5222,horizontal,6.4000000000000004,422,3.2000000000000005e-05,2.4012941494604555e-05,8.9777993309833452e-05
5223,horizontal,6.4000000000000004,423,3.2000000000000012e-05,2.4012941494604558e-05,8.9100185097130559e-05
5224,horizontal,6.4000000000000004,424,3.2000000000000005e-05,2.4012941494604551e-05,9.0240807135950771e-05
5225,horizontal,6.4000000000000004,425,3.2000000000000012e-05,2.4012941494604555e-05,7.4712988514225986e-05
5226,horizontal,6.4000000000000004,426,3.2000000000000012e-05,2.4012941494604555e-05,7.6912931973765832e-05
5227,horizontal,6.4000000000000004,427,3.2000000000000005e-05,2.4012941494604551e-05,7.1046999645015254e-05
5228,horizontal,6.4000000000000004,428,3.2000000000000012e-05,2.4012941494604555e-05,8.2530910014325557e-05
5229,horizontal,6.4000000000000004,429,3.2000000000000005e-05,2.4012941494604555e-05,7.4382274269705451e-05
5230,horizontal,6.4000000000000004,430,3.2000000000000005e-05,2.4012941494604555e-05,8.965522171446735e-05
5231,horizontal,6.4000000000000004,431,3.2000000000000012e-05,2.4012941494604555e-05,9.1905145897413774e-05
5232,horizontal,6.4000000000000004,432,3.2000000000000005e-05,2.4012941494604555e-05,7.6918965758982345e-05
5233,horizontal,6.4000000000000004,433,3.2000000000000005e-05,2.4012941494604551e-05,8.5342927025887109e-05
5234,horizontal,6.4000000000000004,434,3.2000000000000005e-05,2.4012941494604551e-05,0.00010510699715105612
5235,horizontal,6.4000000000000004,435,3.2000000000000012e-05,2.4012941494604555e-05,7.4622067745394274e-05
5236,horizontal,6.4000000000000004,436,3.2000000000000012e-05,2.4012941494604558e-05,8.3460411435394425e-05
5237,horizontal,6.4000000000000004,437,3.2000000000000005e-05,2.4012941494604551e-05,7.3429916721937555e-05
5238,horizontal,6.4000000000000004,438,3.2000000000000005e-05,2.4012941494604551e-05,8.6906158847262679e-05
5239,horizontal,6.4000000000000004,439,3.2000000000000005e-05,2.4012941494604555e-05,8.4643704985897197e-05
5240,horizontal,6.4000000000000004,440,3.2000000000000012e-05,2.4012941494604555e-05,7.7230248487747147e-05
5241,horizontal,6.4000000000000004,441,3.2000000000000005e-05,2.4012941494604555e-05,9.1864769375124767e-05
5242,horizontal,6.4000000000000004,442,3.2000000000000005e-05,2.4012941494604555e-05,7.5950086106652478e-05
5243,horizontal,6.4000000000000004,443,3.2000000000000005e-05,2.4012941494604555e-05,8.2189046793657919e-05
5244,horizontal,6.4000000000000004,444,3.2000000000000005e-05,2.4012941494604551e-05,7.9754527003318544e-05
5245,horizontal,6.4000000000000004,445,3.2000000000000005e-05,2.4012941494604555e-05,9.5271732981715325e-05
5246,horizontal,6.4000000000000004,446,3.2000000000000012e-05,2.4012941494604558e-05,8.3817541541453716e-05
5247,horizontal,6.4000000000000004,447,3.2000000000000005e-05,2.4012941494604555e-05,8.4950162474454766e-05
5248,horizontal,6.4000000000000004,448,3.2000000000000005e-05,2.4012941494604551e-05,6.8883487081498938e-05
5249,horizontal,6.4000000000000004,449,3.2000000000000005e-05,2.4012941494604551e-05,8.6974718020092545e-05
5250,horizontal,6.4000000000000004,450,3.2000000000000019e-05,2.4012941494604555e-05,8.3780435797576073e-05
5251,horizontal,6.4000000000000004,451,3.2000000000000005e-05,2.4012941494604555e-05,7.6181962538754818e-05
5252,horizontal,6.4000000000000004,452,3.2000000000000005e-05,2.4012941494604555e-05,8.0122106191816018e-05
5253,horizontal,6.4000000000000004,453,3.1999999999999999e-05,2.4012941494604544e-05,9.2243691765884177e-05
5254,horizontal,6.4000000000000004,454,3.2000000000000005e-05,2.4012941494604555e-05,0.00010173613525089177
5255,horizontal,6.4000000000000004,455,3.2000000000000005e-05,2.4012941494604555e-05,8.8959252901416402e-05
5256,horizontal,6.4000000000000004,456,3.2000000000000005e-05,2.4012941494604555e-05,7.2236336990792141e-05
5257,horizontal,6.4000000000000004,457,3.2000000000000005e-05,2.4012941494604555e-05,9.0229351445922921e-05
5258,horizontal,6.4000000000000004,458,3.2000000000000005e-05,2.4012941494604555e-05,7.9689478611461839e-05
5259,horizontal,6.4000000000000004,459,3.1999999999999999e-05,2.4012941494604551e-05,6.994407340559083e-05
5260,horizontal,6.4000000000000004,460,3.2000000000000005e-05,2.4012941494604551e-05,8.3222847963840201e-05
5261,horizontal,6.4000000000000004,461,3.2000000000000012e-05,2.4012941494604558e-05,8.7096307084992452e-05
5262,horizontal,6.4000000000000004,462,3.2000000000000012e-05,2.4012941494604555e-05,7.1340746538806012e-05
5263,horizontal,6.4000000000000004,463,3.2000000000000005e-05,2.4012941494604555e-05,9.7851532274012689e-05
5264,horizontal,6.4000000000000004,464,3.2000000000000005e-05,2.4012941494604551e-05,9.0912920626750167e-05
5265,horizontal,6.4000000000000004,465,3.2000000000000012e-05,2.4012941494604555e-05,7.5390442160058331e-05
5266,horizontal,6.4000000000000004,466,3.2000000000000005e-05,2.4012941494604551e-05,6.0506109375515338e-05
5267,horizontal,6.4000000000000004,467,3.2000000000000012e-05,2.4012941494604555e-05,7.7857375630811337e-05
5268,horizontal,6.4000000000000004,468,3.1999999999999999e-05,2.4012941494604551e-05,8.6896300235198983e-05
5269,horizontal,6.4000000000000004,469,3.2000000000000026e-05,2.4012941494604561e-05,7.8403273541713804e-05
5270,horizontal,6.4000000000000004,470,3.2000000000000012e-05,2.4012941494604555e-05,7.1885788679851265e-05
5271,horizontal,6.4000000000000004,471,3.2000000000000005e-05,2.4012941494604555e-05,8.1496731638575063e-05
5272,horizontal,6.4000000000000004,472,3.2000000000000005e-05,2.4012941494604551e-05,7.3768821759779191e-05
5273,horizontal,6.4000000000000004,473,3.2000000000000005e-05,2.4012941494604551e-05,8.6045056171050769e-05
5274,horizontal,6.4000000000000004,474,3.1999999999999999e-05,2.4012941494604548e-05,7.5724624755580354e-05
5275,horizontal,6.4000000000000004,475,3.2000000000000005e-05,2.4012941494604551e-05,8.8902825581474071e-05
5276,horizontal,6.4000000000000004,476,3.2000000000000005e-05,2.4012941494604555e-05,8.1933841216782759e-05
5277,horizontal,6.4000000000000004,477,3.2000000000000005e-05,2.4012941494604555e-05,7.6819341023516417e-05
5278,horizontal,6.4000000000000004,478,3.1999999999999999e-05,2.4012941494604551e-05,7.893762695351583e-05
5279,horizontal,6.4000000000000004,479,3.2000000000000005e-05,2.4012941494604555e-05,7.3209153651634977e-05
5280,horizontal,6.4000000000000004,480,3.1999999999999999e-05,2.4012941494604548e-05,7.1213347243605625e-05
5281,horizontal,6.4000000000000004,481,3.1999999999999999e-05,2.4012941494604548e-05,7.7267840173629213e-05
5282,horizontal,6.4000000000000004,482,3.2000000000000005e-05,2.4012941494604555e-05,0.00010503749616920792
5283,horizontal,6.4000000000000004,483,3.2000000000000005e-05,2.4012941494604555e-05,7.4260299850264082e-05
5284,horizontal,6.4000000000000004,484,3.2000000000000005e-05,2.4012941494604555e-05,0.00013391953757978654
5285,horizontal,6.4000000000000004,485,3.2000000000000012e-05,2.4012941494604555e-05,8.4062127825146663e-05
5286,horizontal,6.4000000000000004,486,3.1999999999999999e-05,2.4012941494604551e-05,9.5115366919881211e-05
5287,horizontal,6.4000000000000004,487,3.1999999999999999e-05,2.4012941494604548e-05,8.321921956444939e-05
5288,horizontal,6.4000000000000004,488,3.2000000000000005e-05,2.4012941494604555e-05,9.6055357738137888e-05
5289,horizontal,6.4000000000000004,489,3.2000000000000005e-05,2.4012941494604551e-05,0.00010725406833907585
5290,horizontal,6.4000000000000004,490,3.2000000000000012e-05,2.4012941494604555e-05,9.2595659508133574e-05
5291,horizontal,6.4000000000000004,491,3.2000000000000012e-05,2.4012941494604555e-05,8.1576466824103807e-05
5292,horizontal,6.4000000000000004,492,3.2000000000000005e-05,2.4012941494604555e-05,8.1391956997503657e-05
5293,horizontal,6.4000000000000004,493,3.2000000000000005e-05,2.4012941494604551e-05,9.4997343428261536e-05
5294,horizontal,6.4000000000000004,494,3.2000000000000012e-05,2.4012941494604555e-05,8.2007970458780857e-05
5295,horizontal,6.4000000000000004,495,3.2000000000000005e-05,2.4012941494604555e-05,9.5916352824334833e-05
5296,horizontal,6.4000000000000004,496,3.2000000000000005e-05,2.4012941494604555e-05,7.1201864966692982e-05
5297,horizontal,6.4000000000000004,497,3.2000000000000005e-05,2.4012941494604555e-05,0.00011020137711906458
5298,horizontal,6.4000000000000004,498,3.2000000000000005e-05,2.4012941494604551e-05,8.1820290378552542e-05
5299,horizontal,6.4000000000000004,499,3.2000000000000005e-05,2.4012941494604551e-05,7.6521403465869392e-05
5300,horizontal,6.4000000000000004,500,3.2000000000000005e-05,2.4012941494604555e-05,8.4562017753853991e-05
5301,horizontal,6.4000000000000004,501,3.2000000000000005e-05,2.4012941494604558e-05,8.162336824468972e-05
5302,horizontal,6.4000000000000004,502,3.2000000000000012e-05,2.4012941494604555e-05,8.7734325653915276e-05
5303,horizontal,6.4000000000000004,503,3.2000000000000005e-05,2.4012941494604551e-05,6.9559449126397019e-05
5304,horizontal,6.4000000000000004,504,3.2000000000000005e-05,2.4012941494604551e-05,9.2409375093599114e-05
5305,horizontal,6.4000000000000004,505,3.1999999999999999e-05,2.4012941494604551e-05,8.702149223897093e-05
5306,horizontal,6.4000000000000004,506,3.1999999999999999e-05,2.4012941494604548e-05,9.6169685521320719e-05
5307,horizontal,6.4000000000000004,507,3.2000000000000005e-05,2.4012941494604548e-05,7.8544395193338475e-05
5308,horizontal,6.4000000000000004,508,3.2000000000000005e-05,2.4012941494604551e-05,7.7380436578198839e-05
5309,horizontal,6.4000000000000004,509,3.1999999999999999e-05,2.4012941494604551e-05,8.7929842974638096e-05
5310,horizontal,6.4000000000000004,510,3.2000000000000005e-05,2.4012941494604551e-05,8.1009602351914478e-05
5311,horizontal,6.4000000000000004,511,3.2000000000000005e-05,2.4012941494604555e-05,7.8651954475047301e-05
5312,horizontal,6.4000000000000004,512,3.2000000000000005e-05,2.4012941494604548e-05,7.3011570696186403e-05
5313,horizontal,6.4000000000000004,513,3.2000000000000005e-05,2.4012941494604551e-05,9.0053508407687464e-05
5314,horizontal,6.4000000000000004,514,3.2000000000000012e-05,2.4012941494604555e-05,8.538631284268829e-05
5315,horizontal,6.4000000000000004,515,3.1999999999999999e-05,2.4012941494604551e-05,7.4663877604295957e-05
5316,horizontal,6.4000000000000004,516,3.1999999999999999e-05,2.4012941494604551e-05,6.9259089128327747e-05
5317,horizontal,6.4000000000000004,517,3.2000000000000005e-05,2.4012941494604551e-05,8.3464431655586667e-05
5318,horizontal,6.4000000000000004,518,3.1999999999999999e-05,2.4012941494604548e-05,8.3674967151617133e-05
5319,horizontal,6.4000000000000004,519,3.2000000000000005e-05,2.4012941494604555e-05,7.4837576721076984e-05
5320,horizontal,6.4000000000000004,520,3.1999999999999999e-05,2.4012941494604548e-05,6.3752356869936091e-05
5321,horizontal,6.4000000000000004,521,3.2000000000000005e-05,2.4012941494604555e-05,8.5683930707547204e-05
5322,horizontal,6.4000000000000004,522,3.2000000000000005e-05,2.4012941494604555e-05,7.8338267999018927e-05
5323,horizontal,6.4000000000000004,523,3.2000000000000005e-05,2.4012941494604555e-05,8.2108881129932059e-05
5324,horizontal,6.4000000000000004,524,3.1999999999999999e-05,2.4012941494604551e-05,9.6969744130396204e-05
5325,horizontal,6.4000000000000004,525,3.2000000000000005e-05,2.4012941494604555e-05,9.1537086500424948e-05
5326,horizontal,6.4000000000000004,526,3.2000000000000012e-05,2.4012941494604555e-05,7.4839277983310436e-05
5327,horizontal,6.4000000000000004,527,3.2000000000000012e-05,2.4012941494604551e-05,7.9852505213511035e-05
5328,horizontal,6.4000000000000004,528,3.2000000000000005e-05,2.4012941494604551e-05,6.4989623882280009e-05
5329,horizontal,6.4000000000000004,529,3.1999999999999999e-05,2.4012941494604551e-05,7.9609628987370993e-05
5330,horizontal,6.4000000000000004,530,3.2000000000000005e-05,2.4012941494604551e-05,8.9556966486499618e-05
5331,horizontal,6.4000000000000004,531,3.2000000000000005e-05,2.4012941494604551e-05,7.4458143784580932e-05
5332,horizontal,6.4000000000000004,532,3.1999999999999999e-05,2.4012941494604548e-05,7.7582712932795878e-05
5333,horizontal,6.4000000000000004,533,3.1999999999999999e-05,2.4012941494604548e-05,6.3631133904178843e-05
5334,horizontal,6.4000000000000004,534,3.2000000000000012e-05,2.4012941494604555e-05,8.7327947082417481e-05
5335,horizontal,6.4000000000000004,535,3.2000000000000005e-05,2.4012941494604551e-05,7.725758817409833e-05
5336,horizontal,6.4000000000000004,536,3.2000000000000005e-05,2.4012941494604551e-05,8.3499713509622785e-05
5337,horizontal,6.4000000000000004,537,3.2000000000000012e-05,2.4012941494604555e-05,0.00011381843420145498
5338,horizontal,6.4000000000000004,538,3.1999999999999999e-05,2.4012941494604548e-05,8.2575439380873144e-05
5339,horizontal,6.4000000000000004,539,3.2000000000000005e-05,2.4012941494604555e-05,7.8592299087105338e-05
5340,horizontal,6.4000000000000004,540,3.2000000000000005e-05,2.4012941494604555e-05,9.441678310590827e-05
5341,horizontal,6.4000000000000004,541,3.2000000000000005e-05,2.4012941494604551e-05,7.9346503749703378e-05
5342,horizontal,6.4000000000000004,542,3.2000000000000012e-05,2.4012941494604555e-05,8.0370506357846052e-05
5343,horizontal,6.4000000000000004,543,3.2000000000000012e-05,2.4012941494604555e-05,7.2256357448895469e-05
5344,horizontal,6.4000000000000004,544,3.2000000000000005e-05,2.4012941494604555e-05,7.8481260455843792e-05
5345,horizontal,6.4000000000000004,545,3.1999999999999999e-05,2.4012941494604551e-05,8.825172906492988e-05
5346,horizontal,6.4000000000000004,546,3.2000000000000012e-05,2.4012941494604555e-05,9.692862685957494e-05
5347,horizontal,6.4000000000000004,547,3.2000000000000005e-05,2.4012941494604555e-05,7.4080163522731497e-05
5348,horizontal,6.4000000000000004,548,3.2000000000000005e-05,2.4012941494604555e-05,8.3598176227621507e-05
5349,horizontal,6.4000000000000004,549,3.2000000000000005e-05,2.4012941494604551e-05,7.0243445387456881e-05
5350,horizontal,6.4000000000000004,550,3.2000000000000005e-05,2.4012941494604555e-05,8.4238073795611334e-05
5351,horizontal,6.4000000000000004,551,3.2000000000000005e-05,2.4012941494604555e-05,7.2723658178417151e-05
5352,horizontal,6.4000000000000004,552,3.2000000000000005e-05,2.4012941494604558e-05,8.474552436106473e-05
5353,horizontal,6.4000000000000004,553,3.2000000000000005e-05,2.4012941494604551e-05,8.0473527773901026e-05
5354,horizontal,6.4000000000000004,554,3.2000000000000012e-05,2.4012941494604555e-05,8.8222243672128343e-05
5355,horizontal,6.4000000000000004,555,3.2000000000000012e-05,2.4012941494604555e-05,9.9269558359136665e-05
5356,horizontal,6.4000000000000004,556,3.2000000000000012e-05,2.4012941494604551e-05,7.1676238942125508e-05
5357,horizontal,6.4000000000000004,557,3.2000000000000005e-05,2.4012941494604551e-05,7.8773732800236208e-05
5358,horizontal,6.4000000000000004,558,3.2000000000000005e-05,2.4012941494604555e-05,8.8933015981392828e-05
5359,horizontal,6.4000000000000004,559,3.2000000000000005e-05,2.4012941494604555e-05,9.3667483878568815e-05
5360,horizontal,6.4000000000000004,560,3.2000000000000005e-05,2.4012941494604555e-05,8.2142859364291087e-05
5361,horizontal,6.4000000000000004,561,3.2000000000000005e-05,2.4012941494604555e-05,7.2126725415955394e-05
5362,horizontal,6.4000000000000004,562,3.2000000000000005e-05,2.4012941494604555e-05,0.00011699139177664124
5363,horizontal,6.4000000000000004,563,3.2000000000000005e-05,2.4012941494604551e-05,8.1544627332578467e-05
5364,horizontal,6.4000000000000004,564,3.2000000000000012e-05,2.4012941494604555e-05,7.369443045228821e-05
5365,horizontal,6.4000000000000004,565,3.2000000000000005e-05,2.4012941494604551e-05,0.00011048380544245213
5366,horizontal,6.4000000000000004,566,3.2000000000000005e-05,2.4012941494604555e-05,7.6355741934373202e-05
5367,horizontal,6.4000000000000004,567,3.2000000000000005e-05,2.4012941494604555e-05,6.6587111600624891e-05
5368,horizontal,6.4000000000000004,568,3.2000000000000012e-05,2.4012941494604551e-05,9.3563671050809401e-05
5369,horizontal,6.4000000000000004,569,3.2000000000000005e-05,2.4012941494604551e-05,7.2576013274257132e-05
5370,horizontal,6.4000000000000004,570,3.2000000000000005e-05,2.4012941494604555e-05,6.8309125627536327e-05
5371,horizontal,6.4000000000000004,571,3.2000000000000005e-05,2.4012941494604548e-05,7.7479335889869542e-05
5372,horizontal,6.4000000000000004,572,3.2000000000000005e-05,2.4012941494604555e-05,9.7934116385888016e-05
5373,horizontal,6.4000000000000004,573,3.2000000000000005e-05,2.4012941494604555e-05,6.992185937800311e-05
5374,horizontal,6.4000000000000004,574,3.2000000000000005e-05,2.4012941494604555e-05,8.8825301743477458e-05
5375,horizontal,6.4000000000000004,575,3.1999999999999999e-05,2.4012941494604551e-05,9.3191354822807254e-05
5376,horizontal,6.4000000000000004,576,3.2000000000000005e-05,2.4012941494604555e-05,7.880774077169246e-05
5377,horizontal,6.4000000000000004,577,3.2000000000000005e-05,2.4012941494604555e-05,6.354261852348873e-05
5378,horizontal,6.4000000000000004,578,3.1999999999999999e-05,2.4012941494604555e-05,7.4072761523246729e-05
5379,horizontal,6.4000000000000004,579,3.2000000000000019e-05,2.4012941494604558e-05,8.1613567973680938e-05
5380,horizontal,6.4000000000000004,580,3.2000000000000005e-05,2.4012941494604558e-05,7.7090991948071706e-05
5381,horizontal,6.4000000000000004,581,3.2000000000000005e-05,2.4012941494604555e-05,7.5223848702047301e-05
5382,horizontal,6.4000000000000004,582,3.1999999999999999e-05,2.4012941494604551e-05,8.8051956017937369e-05
5383,horizontal,6.4000000000000004,583,3.1999999999999999e-05,2.4012941494604551e-05,0.00010971360651159428
5384,horizontal,6.4000000000000004,584,3.2000000000000005e-05,2.4012941494604551e-05,8.7452100794069071e-05
5385,horizontal,6.4000000000000004,585,3.2000000000000005e-05,2.4012941494604555e-05,7.4734307423970239e-05
5386,horizontal,6.4000000000000004,586,3.2000000000000012e-05,2.4012941494604555e-05,7.3566956088071215e-05
5387,horizontal,6.4000000000000004,587,3.2000000000000005e-05,2.4012941494604555e-05,5.620757084724057e-05
5388,horizontal,6.4000000000000004,588,3.2000000000000005e-05,2.4012941494604551e-05,7.3853969488885506e-05
5389,horizontal,6.4000000000000004,589,3.2000000000000005e-05,2.4012941494604558e-05,8.9496642882818417e-05
5390,horizontal,6.4000000000000004,590,3.2000000000000005e-05,2.4012941494604555e-05,6.3173691617593748e-05
5391,horizontal,6.4000000000000004,591,3.2000000000000005e-05,2.4012941494604555e-05,7.9616065595391577e-05
5392,horizontal,6.4000000000000004,592,3.2000000000000005e-05,2.4012941494604548e-05,7.6452542793054555e-05
5393,horizontal,6.4000000000000004,593,3.2000000000000005e-05,2.4012941494604551e-05,8.9072989659400305e-05
5394,horizontal,6.4000000000000004,594,3.2000000000000005e-05,2.4012941494604548e-05,9.9684971913525792e-05
5395,horizontal,6.4000000000000004,595,3.2000000000000012e-05,2.4012941494604555e-05,6.0295576657928363e-05
5396,horizontal,6.4000000000000004,596,3.1999999999999999e-05,2.4012941494604551e-05,7.1239832472831717e-05
5397,horizontal,6.4000000000000004,597,3.2000000000000012e-05,2.4012941494604555e-05,8.4968238691182356e-05
5398,horizontal,6.4000000000000004,598,3.2000000000000005e-05,2.4012941494604555e-05,7.5082620619093711e-05
5399,horizontal,6.4000000000000004,599,3.2000000000000005e-05,2.4012941494604548e-05,9.7858670351705959e-05
5400,horizontal,6.4000000000000004,600,3.2000000000000012e-05,2.4012941494604558e-05,9.4256924336955948e-05
5401,horizontal,9.0500000000000007,1,4.5250000000000002e-05,3.3955800082214242e-05,0.00010842671007021508
5402,horizontal,9.0500000000000007,2,4.5250000000000009e-05,3.3955800082214256e-05,0.00011318457210609964
5403,horizontal,9.0500000000000007,3,4.5250000000000002e-05,3.3955800082214249e-05,0.0001159094310045525
5404,horizontal,9.0500000000000007,4,4.5250000000000009e-05,3.3955800082214256e-05,0.0001003410572853188
5405,horizontal,9.0500000000000007,5,4.5250000000000016e-05,3.3955800082214256e-05,0.00012637087476020635
5406,horizontal,9.0500000000000007,6,4.5250000000000016e-05,3.3955800082214256e-05,0.00012404733014363824
5407,horizontal,9.0500000000000007,7,4.5250000000000016e-05,3.3955800082214256e-05,0.0001150947222836973
5408,horizontal,9.0500000000000007,8,4.5250000000000009e-05,3.3955800082214256e-05,0.00010232353514183746
5409,horizontal,9.0500000000000007,9,4.5250000000000029e-05,3.3955800082214256e-05,0.0001098492163644122
5410,horizontal,9.0500000000000007,10,4.5250000000000002e-05,3.3955800082214249e-05,0.00011658175409585264
5411,horizontal,9.0500000000000007,11,4.5250000000000002e-05,3.3955800082214249e-05,9.8598885462889948e-05
5412,horizontal,9.0500000000000007,12,4.5250000000000002e-05,3.3955800082214249e-05,0.00013253526046248261
5413,horizontal,9.0500000000000007,13,4.5249999999999995e-05,3.3955800082214249e-05,0.00011078859498715168
5414,horizontal,9.0500000000000007,14,4.5250000000000016e-05,3.3955800082214262e-05,0.00014235710198923747
5415,horizontal,9.0500000000000007,15,4.5250000000000016e-05,3.3955800082214256e-05,0.00011515836485127698
5416,horizontal,9.0500000000000007,16,4.5250000000000009e-05,3.3955800082214249e-05,0.00013097054237726851
5417,horizontal,9.0500000000000007,17,4.5250000000000002e-05,3.3955800082214249e-05,0.00011721957946118368
5418,horizontal,9.0500000000000007,18,4.5250000000000002e-05,3.3955800082214242e-05,0.000119909387497359
5419,horizontal,9.0500000000000007,19,4.5249999999999995e-05,3.3955800082214242e-05,0.00011185363148148651
5420,horizontal,9.0500000000000007,20,4.5250000000000016e-05,3.3955800082214249e-05,0.00012234283618762598
5421,horizontal,9.0500000000000007,21,4.5250000000000009e-05,3.3955800082214249e-05,0.00011922852058565022
5422,horizontal,9.0500000000000007,22,4.5250000000000016e-05,3.3955800082214256e-05,0.00012995678673377657
5423,horizontal,9.0500000000000007,23,4.5250000000000016e-05,3.3955800082214262e-05,0.00011266687448443966
5424,horizontal,9.0500000000000007,24,4.5250000000000002e-05,3.3955800082214242e-05,0.00010535010096037907
5425,horizontal,9.0500000000000007,25,4.5250000000000016e-05,3.3955800082214256e-05,0.00017050242400115193
5426,horizontal,9.0500000000000007,26,4.5250000000000002e-05,3.3955800082214249e-05,0.00012750799392861241
5427,horizontal,9.0500000000000007,27,4.5250000000000009e-05,3.3955800082214256e-05,0.00011444704324229063
5428,horizontal,9.0500000000000007,28,4.5250000000000016e-05,3.3955800082214249e-05,0.00011110997447782242
5429,horizontal,9.0500000000000007,29,4.5250000000000016e-05,3.3955800082214256e-05,9.9387627315966441e-05
5430,horizontal,9.0500000000000007,30,4.5250000000000009e-05,3.3955800082214249e-05,0.00012414530326324889
5431,horizontal,9.0500000000000007,31,4.5250000000000002e-05,3.3955800082214249e-05,0.00017324573360728509
5432,horizontal,9.0500000000000007,32,4.5250000000000016e-05,3.3955800082214249e-05,0.00016357985641273992
5433,horizontal,9.0500000000000007,33,4.5250000000000016e-05,3.3955800082214256e-05,0.00012963287816364992
5434,horizontal,9.0500000000000007,34,4.5250000000000016e-05,3.3955800082214242e-05,0.00011820509130950443
5435,horizontal,9.0500000000000007,35,4.5250000000000016e-05,3.3955800082214256e-05,0.00013981701249776135
5436,horizontal,9.0500000000000007,36,4.5250000000000016e-05,3.3955800082214256e-05,0.00011774941852069094
5437,horizontal,9.0500000000000007,37,4.5250000000000016e-05,3.3955800082214256e-05,9.2334900307382316e-05
5438,horizontal,9.0500000000000007,38,4.5250000000000016e-05,3.3955800082214256e-05,0.00011661891363832857
5439,horizontal,9.0500000000000007,39,4.5250000000000002e-05,3.3955800082214249e-05,0.00012323415730860528
5440,horizontal,9.0500000000000007,40,4.5250000000000016e-05,3.3955800082214256e-05,9.34206138569412e-05
5441,horizontal,9.0500000000000007,41,4.5250000000000016e-05,3.3955800082214256e-05,9.8445727291952991e-05
5442,horizontal,9.0500000000000007,42,4.5249999999999995e-05,3.3955800082214249e-05,9.8508616698247739e-05
5443,horizontal,9.0500000000000007,43,4.5250000000000009e-05,3.3955800082214249e-05,0.00010699762548872914
5444,horizontal,9.0500000000000007,44,4.5250000000000022e-05,3.3955800082214256e-05,9.3544938810983215e-05
5445,horizontal,9.0500000000000007,45,4.5250000000000009e-05,3.3955800082214249e-05,0.00014140441972442224
5446,horizontal,9.0500000000000007,46,4.5250000000000009e-05,3.3955800082214256e-05,0.00012563042893927882
5447,horizontal,9.0500000000000007,47,4.5250000000000016e-05,3.3955800082214256e-05,0.00011197455818224712
5448,horizontal,9.0500000000000007,48,4.5250000000000016e-05,3.3955800082214256e-05,0.00012616920010031994
5449,horizontal,9.0500000000000007,49,4.5249999999999995e-05,3.3955800082214249e-05,0.00011183788945567648
5450,horizontal,9.0500000000000007,50,4.5250000000000016e-05,3.3955800082214256e-05,0.00012645658972561214
5451,horizontal,9.0500000000000007,51,4.5250000000000016e-05,3.3955800082214256e-05,0.0001490447321387391
5452,horizontal,9.0500000000000007,52,4.5250000000000016e-05,3.3955800082214256e-05,0.00010406252616198155
5453,horizontal,9.0500000000000007,53,4.5250000000000002e-05,3.3955800082214256e-05,0.0001184808615081583
5454,horizontal,9.0500000000000007,54,4.5250000000000002e-05,3.3955800082214256e-05,9.2659009581686581e-05
5455,horizontal,9.0500000000000007,55,4.5250000000000009e-05,3.3955800082214256e-05,0.00012054191108028206
5456,horizontal,9.0500000000000007,56,4.5250000000000009e-05,3.3955800082214249e-05,9.8290427275980679e-05
5457,horizontal,9.0500000000000007,57,4.5250000000000016e-05,3.3955800082214256e-05,0.00010416560435457457
5458,horizontal,9.0500000000000007,58,4.5250000000000016e-05,3.3955800082214256e-05,0.00011522358342925143
5459,horizontal,9.0500000000000007,59,4.5250000000000016e-05,3.3955800082214256e-05,9.6117831846014652e-05
5460,horizontal,9.0500000000000007,60,4.5250000000000016e-05,3.3955800082214256e-05,9.5179009443799534e-05
5461,horizontal,9.0500000000000007,61,4.5250000000000009e-05,3.3955800082214249e-05,0.00012253831113824101
5462,horizontal,9.0500000000000007,62,4.5250000000000016e-05,3.3955800082214256e-05,0.00010894263554155183
5463,horizontal,9.0500000000000007,63,4.5250000000000016e-05,3.3955800082214249e-05,0.0001344013415419603
5464,horizontal,9.0500000000000007,64,4.5250000000000016e-05,3.3955800082214256e-05,0.00013566559713463708
5465,horizontal,9.0500000000000007,65,4.5250000000000016e-05,3.3955800082214242e-05,0.00012387799020586342
5466,horizontal,9.0500000000000007,66,4.5250000000000016e-05,3.3955800082214256e-05,8.9627763378912709e-05
5467,horizontal,9.0500000000000007,67,4.5250000000000016e-05,3.3955800082214256e-05,0.00015021467609880782
5468,horizontal,9.0500000000000007,68,4.5250000000000002e-05,3.3955800082214249e-05,9.6284732528366824e-05
5469,horizontal,9.0500000000000007,69,4.5250000000000016e-05,3.3955800082214256e-05,0.00013550845672876356
5470,horizontal,9.0500000000000007,70,4.5250000000000022e-05,3.3955800082214262e-05,0.00011739990814480758
5471,horizontal,9.0500000000000007,71,4.5249999999999995e-05,3.3955800082214249e-05,0.00010856040668707875
5472,horizontal,9.0500000000000007,72,4.5249999999999995e-05,3.3955800082214249e-05,9.8643447784596089e-05
5473,horizontal,9.0500000000000007,73,4.5250000000000016e-05,3.3955800082214256e-05,0.00010966471531971417
5474,horizontal,9.0500000000000007,74,4.5250000000000002e-05,3.3955800082214249e-05,0.00011988536105711352
5475,horizontal,9.0500000000000007,75,4.5250000000000009e-05,3.3955800082214242e-05,0.00010032711904686223
5476,horizontal,9.0500000000000007,76,4.5250000000000016e-05,3.3955800082214256e-05,0.00010781653277100454
5477,horizontal,9.0500000000000007,77,4.5250000000000009e-05,3.3955800082214256e-05,0.00011486341058555952
5478,horizontal,9.0500000000000007,78,4.5250000000000002e-05,3.3955800082214249e-05,0.00010249618534175127
5479,horizontal,9.0500000000000007,79,4.5250000000000016e-05,3.3955800082214256e-05,0.00010191129796625826
5480,horizontal,9.0500000000000007,80,4.5250000000000022e-05,3.3955800082214256e-05,0.00014122177401649841
5481,horizontal,9.0500000000000007,81,4.5250000000000016e-05,3.3955800082214256e-05,0.00010927492543807879
5482,horizontal,9.0500000000000007,82,4.5250000000000016e-05,3.3955800082214256e-05,0.00010756245440669501
5483,horizontal,9.0500000000000007,83,4.5250000000000016e-05,3.3955800082214256e-05,0.00012042365333400737
5484,horizontal,9.0500000000000007,84,4.5250000000000016e-05,3.3955800082214256e-05,9.6240175055173089e-05
5485,horizontal,9.0500000000000007,85,4.5250000000000009e-05,3.3955800082214256e-05,9.1229364446911048e-05
5486,horizontal,9.0500000000000007,86,4.5250000000000016e-05,3.3955800082214249e-05,0.00012166364376177263
5487,horizontal,9.0500000000000007,87,4.5250000000000002e-05,3.3955800082214249e-05,0.00011914637129576284
5488,horizontal,9.0500000000000007,88,4.5250000000000002e-05,3.3955800082214249e-05,0.00013386349369917073
5489,horizontal,9.0500000000000007,89,4.5250000000000016e-05,3.3955800082214256e-05,9.597211101794074e-05
5490,horizontal,9.0500000000000007,90,4.5250000000000016e-05,3.3955800082214256e-05,0.00010488199065777624
5491,horizontal,9.0500000000000007,91,4.5250000000000016e-05,3.3955800082214249e-05,9.9447194187790642e-05
5492,horizontal,9.0500000000000007,92,4.5250000000000022e-05,3.3955800082214256e-05,0.00013508293466409042
5493,horizontal,9.0500000000000007,93,4.5250000000000016e-05,3.3955800082214256e-05,0.00011085597158974533
5494,horizontal,9.0500000000000007,94,4.5250000000000016e-05,3.3955800082214256e-05,0.00010234785958938805
5495,horizontal,9.0500000000000007,95,4.5250000000000016e-05,3.3955800082214249e-05,0.00011226242532300608
5496,horizontal,9.0500000000000007,96,4.5250000000000016e-05,3.3955800082214256e-05,0.0001566560701562387
5497,horizontal,9.0500000000000007,97,4.5249999999999995e-05,3.3955800082214249e-05,0.00011703052843993151
5498,horizontal,9.0500000000000007,98,4.5250000000000002e-05,3.3955800082214249e-05,0.00011978040283972915
5499,horizontal,9.0500000000000007,99,4.5250000000000022e-05,3.3955800082214262e-05,0.00010907754166819936
5500,horizontal,9.0500000000000007,100,4.5250000000000009e-05,3.3955800082214249e-05,0.00014336716854703948
5501,horizontal,9.0500000000000007,101,4.5250000000000002e-05,3.3955800082214249e-05,0.00012951100892879912
5502,horizontal,9.0500000000000007,102,4.5250000000000002e-05,3.3955800082214242e-05,0.00014167945090934252
5503,horizontal,9.0500000000000007,103,4.5250000000000016e-05,3.3955800082214256e-05,0.00010304419644262818
5504,horizontal,9.0500000000000007,104,4.5249999999999995e-05,3.3955800082214242e-05,0.00010700029445283787
5505,horizontal,9.0500000000000007,105,4.5249999999999995e-05,3.3955800082214242e-05,0.00010133561688796567
5506,horizontal,9.0500000000000007,106,4.5249999999999995e-05,3.3955800082214249e-05,0.00011357480424284885
5507,horizontal,9.0500000000000007,107,4.5250000000000002e-05,3.3955800082214249e-05,0.00012136679576838308
5508,horizontal,9.0500000000000007,108,4.5249999999999995e-05,3.3955800082214249e-05,0.00011511918810692172
5509,horizontal,9.0500000000000007,109,4.5250000000000022e-05,3.3955800082214262e-05,9.9565557876349757e-05
5510,horizontal,9.0500000000000007,110,4.5250000000000016e-05,3.3955800082214256e-05,0.0001058401322399953
5511,horizontal,9.0500000000000007,111,4.5250000000000022e-05,3.3955800082214262e-05,0.00012725313633202124
5512,horizontal,9.0500000000000007,112,4.5250000000000002e-05,3.3955800082214256e-05,0.00013798753405042945
5513,horizontal,9.0500000000000007,113,4.5250000000000002e-05,3.3955800082214249e-05,0.00011631027437031903
5514,horizontal,9.0500000000000007,114,4.5250000000000009e-05,3.3955800082214256e-05,0.00013686826568809452
5515,horizontal,9.0500000000000007,115,4.5250000000000022e-05,3.3955800082214256e-05,0.00013426335036486955
5516,horizontal,9.0500000000000007,116,4.5250000000000009e-05,3.3955800082214249e-05,0.00011891191108359495
5517,horizontal,9.0500000000000007,117,4.5250000000000016e-05,3.3955800082214249e-05,0.00013564703337678847
5518,horizontal,9.0500000000000007,118,4.5250000000000016e-05,3.3955800082214256e-05,0.00012017790936219419
5519,horizontal,9.0500000000000007,119,4.5250000000000002e-05,3.3955800082214249e-05,0.00010626631378872421
5520,horizontal,9.0500000000000007,120,4.5250000000000016e-05,3.3955800082214256e-05,0.00010878337630450464
5521,horizontal,9.0500000000000007,121,4.5250000000000009e-05,3.3955800082214249e-05,0.00013640405855162182
5522,horizontal,9.0500000000000007,122,4.5250000000000016e-05,3.3955800082214249e-05,0.00011809917037503587
5523,horizontal,9.0500000000000007,123,4.5250000000000016e-05,3.3955800082214249e-05,0.00017438747753981362
5524,horizontal,9.0500000000000007,124,4.5250000000000002e-05,3.3955800082214242e-05,0.00011192813779135225
5525,horizontal,9.0500000000000007,125,4.5250000000000009e-05,3.3955800082214256e-05,0.00013086445444000677
5526,horizontal,9.0500000000000007,126,4.5250000000000016e-05,3.3955800082214256e-05,0.00011381164846229348
5527,horizontal,9.0500000000000007,127,4.5250000000000002e-05,3.3955800082214249e-05,0.00013100691523600601
5528,horizontal,9.0500000000000007,128,4.5250000000000016e-05,3.3955800082214249e-05,0.00011790398306859746
5529,horizontal,9.0500000000000007,129,4.5250000000000009e-05,3.3955800082214249e-05,0.00011950047136214423
5530,horizontal,9.0500000000000007,130,4.5249999999999995e-05,3.3955800082214249e-05,0.00010863664780641173
5531,horizontal,9.0500000000000007,131,4.5250000000000002e-05,3.3955800082214256e-05,0.00011035587529983042
5532,horizontal,9.0500000000000007,132,4.5250000000000016e-05,3.3955800082214249e-05,0.00012641561097982289
5533,horizontal,9.0500000000000007,133,4.5249999999999995e-05,3.3955800082214249e-05,0.00012224402150121992
5534,horizontal,9.0500000000000007,134,4.5250000000000002e-05,3.3955800082214249e-05,0.0001095357453531722
5535,horizontal,9.0500000000000007,135,4.5250000000000016e-05,3.3955800082214256e-05,0.00011428343059445129
5536,horizontal,9.0500000000000007,136,4.5250000000000016e-05,3.3955800082214256e-05,0.00012912568917194424
5537,horizontal,9.0500000000000007,137,4.5250000000000009e-05,3.3955800082214249e-05,0.00012050936317084451
5538,horizontal,9.0500000000000007,138,4.5250000000000002e-05,3.3955800082214256e-05,0.00012000081106529072
5539,horizontal,9.0500000000000007,139,4.5250000000000016e-05,3.3955800082214256e-05,0.00014591194203703744
5540,horizontal,9.0500000000000007,140,4.5250000000000002e-05,3.3955800082214249e-05,0.00012738462355081333
5541,horizontal,9.0500000000000007,141,4.5250000000000016e-05,3.3955800082214256e-05,0.00013264464074681283
5542,horizontal,9.0500000000000007,142,4.5250000000000016e-05,3.3955800082214256e-05,0.0001090810216427648
5543,horizontal,9.0500000000000007,143,4.5250000000000016e-05,3.3955800082214256e-05,9.6066134695892337e-05
5544,horizontal,9.0500000000000007,144,4.5250000000000002e-05,3.3955800082214256e-05,0.00013961232207064861
5545,horizontal,9.0500000000000007,145,4.5250000000000016e-05,3.3955800082214249e-05,0.00010459027968009466
5546,horizontal,9.0500000000000007,146,4.5250000000000016e-05,3.3955800082214256e-05,0.00014273585394947324
5547,horizontal,9.0500000000000007,147,4.5250000000000009e-05,3.3955800082214249e-05,0.00011934007497029862
5548,horizontal,9.0500000000000007,148,4.5250000000000009e-05,3.3955800082214256e-05,0.00011514333934388329
5549,horizontal,9.0500000000000007,149,4.5250000000000016e-05,3.3955800082214256e-05,0.00012434094200339845
5550,horizontal,9.0500000000000007,150,4.5249999999999995e-05,3.3955800082214249e-05,0.00010422061420814944
5551,horizontal,9.0500000000000007,151,4.5250000000000002e-05,3.3955800082214249e-05,9.7879251878219402e-05
5552,horizontal,9.0500000000000007,152,4.5250000000000016e-05,3.3955800082214256e-05,0.00010187270829450688
5553,horizontal,9.0500000000000007,153,4.5249999999999995e-05,3.3955800082214242e-05,9.3689556750303592e-05
5554,horizontal,9.0500000000000007,154,4.5250000000000016e-05,3.3955800082214256e-05,0.00010941162904219512
5555,horizontal,9.0500000000000007,155,4.5250000000000016e-05,3.3955800082214256e-05,0.00010108840730829627
5556,horizontal,9.0500000000000007,156,4.5250000000000002e-05,3.3955800082214256e-05,0.00010301276718419522
5557,horizontal,9.0500000000000007,157,4.5250000000000009e-05,3.3955800082214249e-05,0.00010374674655901019
5558,horizontal,9.0500000000000007,158,4.5250000000000016e-05,3.3955800082214256e-05,0.0001389363914767657
5559,horizontal,9.0500000000000007,159,4.5249999999999995e-05,3.3955800082214249e-05,0.00012874635724912644
5560,horizontal,9.0500000000000007,160,4.5250000000000002e-05,3.3955800082214249e-05,0.00012007008091775175
5561,horizontal,9.0500000000000007,161,4.5250000000000016e-05,3.3955800082214249e-05,0.00011455980768653313
5562,horizontal,9.0500000000000007,162,4.5250000000000022e-05,3.3955800082214256e-05,0.0001353772495354689
5563,horizontal,9.0500000000000007,163,4.5250000000000016e-05,3.3955800082214256e-05,0.0001105677545119434
5564,horizontal,9.0500000000000007,164,4.5250000000000016e-05,3.3955800082214262e-05,8.8315321853889186e-05
5565,horizontal,9.0500000000000007,165,4.5250000000000016e-05,3.3955800082214249e-05,0.00012532035967843875
5566,horizontal,9.0500000000000007,166,4.5250000000000002e-05,3.3955800082214249e-05,9.2312185713007791e-05
5567,horizontal,9.0500000000000007,167,4.5250000000000016e-05,3.3955800082214256e-05,0.00012670635780128884
5568,horizontal,9.0500000000000007,168,4.5250000000000022e-05,3.3955800082214249e-05,9.0203485671620532e-05
5569,horizontal,9.0500000000000007,169,4.5250000000000009e-05,3.3955800082214249e-05,0.00012464931567365763
5570,horizontal,9.0500000000000007,170,4.5250000000000009e-05,3.3955800082214249e-05,9.6664984711310832e-05
5571,horizontal,9.0500000000000007,171,4.5250000000000016e-05,3.3955800082214249e-05,9.8180815985529361e-05
5572,horizontal,9.0500000000000007,172,4.5250000000000016e-05,3.3955800082214242e-05,0.00014626759460030904
5573,horizontal,9.0500000000000007,173,4.5250000000000009e-05,3.3955800082214256e-05,0.00011706390613053726
5574,horizontal,9.0500000000000007,174,4.5250000000000016e-05,3.3955800082214256e-05,0.00013395752658947225
5575,horizontal,9.0500000000000007,175,4.5250000000000009e-05,3.3955800082214256e-05,0.00010699273754452857
5576,horizontal,9.0500000000000007,176,4.5250000000000002e-05,3.3955800082214249e-05,9.6435787551272088e-05
5577,horizontal,9.0500000000000007,177,4.5250000000000009e-05,3.3955800082214249e-05,0.00012090406106719607
5578,horizontal,9.0500000000000007,178,4.5250000000000016e-05,3.3955800082214256e-05,0.00011432096144835212
5579,horizontal,9.0500000000000007,179,4.5250000000000002e-05,3.3955800082214249e-05,0.00014873901821853454
5580,horizontal,9.0500000000000007,180,4.5250000000000016e-05,3.3955800082214249e-05,0.00011300455373044614
5581,horizontal,9.0500000000000007,181,4.5250000000000016e-05,3.3955800082214256e-05,0.00013265093009046507
5582,horizontal,9.0500000000000007,182,4.5250000000000009e-05,3.3955800082214249e-05,0.00010414065277434931
5583,horizontal,9.0500000000000007,183,4.5250000000000016e-05,3.3955800082214262e-05,0.00011207811028183235
5584,horizontal,9.0500000000000007,184,4.5250000000000009e-05,3.3955800082214256e-05,9.6868715671789932e-05
5585,horizontal,9.0500000000000007,185,4.5250000000000009e-05,3.3955800082214249e-05,0.00014139001679384515
5586,horizontal,9.0500000000000007,186,4.5250000000000009e-05,3.3955800082214249e-05,0.000123533996177342
5587,horizontal,9.0500000000000007,187,4.5250000000000016e-05,3.3955800082214256e-05,0.00012520666124740692
5588,horizontal,9.0500000000000007,188,4.5250000000000002e-05,3.3955800082214249e-05,0.00011515486541378025
5589,horizontal,9.0500000000000007,189,4.5250000000000002e-05,3.3955800082214242e-05,0.00016543649642769163
5590,horizontal,9.0500000000000007,190,4.5250000000000009e-05,3.3955800082214256e-05,0.00012699140607114239
5591,horizontal,9.0500000000000007,191,4.5250000000000009e-05,3.3955800082214249e-05,0.00014769519518516787
5592,horizontal,9.0500000000000007,192,4.5250000000000002e-05,3.3955800082214249e-05,0.00012025683246893646
5593,horizontal,9.0500000000000007,193,4.5250000000000029e-05,3.3955800082214262e-05,0.00012104650214294983
5594,horizontal,9.0500000000000007,194,4.5250000000000009e-05,3.3955800082214256e-05,0.00010325688091274945
5595,horizontal,9.0500000000000007,195,4.5250000000000016e-05,3.3955800082214256e-05,0.00015733662649825776
5596,horizontal,9.0500000000000007,196,4.5250000000000016e-05,3.3955800082214256e-05,0.00010370681881486899
5597,horizontal,9.0500000000000007,197,4.5250000000000016e-05,3.3955800082214256e-05,9.535289701939502e-05
5598,horizontal,9.0500000000000007,198,4.5250000000000002e-05,3.3955800082214249e-05,9.9366484095475048e-05
5599,horizontal,9.0500000000000007,199,4.5249999999999995e-05,3.3955800082214242e-05,0.00012239227978207181
5600,horizontal,9.0500000000000007,200,4.5250000000000002e-05,3.3955800082214256e-05,0.00010699275758622971
5601,horizontal,9.0500000000000007,201,4.5250000000000016e-05,3.3955800082214256e-05,0.00010734319224475974
5602,horizontal,9.0500000000000007,202,4.5250000000000016e-05,3.3955800082214256e-05,0.00010255772039370843
5603,horizontal,9.0500000000000007,203,4.5250000000000016e-05,3.3955800082214256e-05,0.00012227041991448785
5604,horizontal,9.0500000000000007,204,4.5250000000000016e-05,3.3955800082214262e-05,0.00010453288816038567
5605,horizontal,9.0500000000000007,205,4.5250000000000016e-05,3.3955800082214256e-05,0.0001228620425362899
5606,horizontal,9.0500000000000007,206,4.5250000000000002e-05,3.3955800082214249e-05,0.0001108594894063002
5607,horizontal,9.0500000000000007,207,4.5250000000000016e-05,3.3955800082214256e-05,0.00014796375176075668
5608,horizontal,9.0500000000000007,208,4.5250000000000016e-05,3.3955800082214256e-05,0.00014286487077614572
5609,horizontal,9.0500000000000007,209,4.5250000000000002e-05,3.3955800082214249e-05,0.00015043143891358332
5610,horizontal,9.0500000000000007,210,4.5250000000000009e-05,3.3955800082214256e-05,0.00012478582028946077
5611,horizontal,9.0500000000000007,211,4.5250000000000016e-05,3.3955800082214256e-05,0.000133098698523977
5612,horizontal,9.0500000000000007,212,4.5250000000000002e-05,3.3955800082214249e-05,0.00010757657961436676
5613,horizontal,9.0500000000000007,213,4.5250000000000016e-05,3.3955800082214256e-05,9.8522312022247154e-05
5614,horizontal,9.0500000000000007,214,4.5250000000000016e-05,3.3955800082214256e-05,0.00010031369497295714
5615,horizontal,9.0500000000000007,215,4.5250000000000002e-05,3.3955800082214249e-05,0.00010208031304449263
5616,horizontal,9.0500000000000007,216,4.5250000000000022e-05,3.3955800082214256e-05,0.00013492340817458792
5617,horizontal,9.0500000000000007,217,4.5250000000000002e-05,3.3955800082214242e-05,0.00012804543883898034
5618,horizontal,9.0500000000000007,218,4.5250000000000016e-05,3.3955800082214256e-05,0.00011514313634763141
5619,horizontal,9.0500000000000007,219,4.5250000000000009e-05,3.3955800082214249e-05,0.00013349592623146736
5620,horizontal,9.0500000000000007,220,4.5250000000000016e-05,3.3955800082214249e-05,0.00010739840047680161
5621,horizontal,9.0500000000000007,221,4.5250000000000016e-05,3.3955800082214256e-05,0.00011797720487420762
5622,horizontal,9.0500000000000007,222,4.5250000000000016e-05,3.3955800082214256e-05,9.8448213192379904e-05
5623,horizontal,9.0500000000000007,223,4.5250000000000002e-05,3.3955800082214249e-05,0.00011953878934719471
5624,horizontal,9.0500000000000007,224,4.5250000000000002e-05,3.3955800082214249e-05,0.00010282365021709436
5625,horizontal,9.0500000000000007,225,4.5250000000000002e-05,3.3955800082214249e-05,0.00010171196937131431
5626,horizontal,9.0500000000000007,226,4.5250000000000016e-05,3.3955800082214256e-05,0.00011998172242768351
5627,horizontal,9.0500000000000007,227,4.5250000000000016e-05,3.3955800082214249e-05,0.00011750623702723798
5628,horizontal,9.0500000000000007,228,4.5250000000000002e-05,3.3955800082214249e-05,0.00015295627944585122
5629,horizontal,9.0500000000000007,229,4.5249999999999995e-05,3.3955800082214242e-05,0.00012034883395070615
5630,horizontal,9.0500000000000007,230,4.5250000000000016e-05,3.3955800082214262e-05,0.00011447699956555128
5631,horizontal,9.0500000000000007,231,4.5250000000000016e-05,3.3955800082214249e-05,9.6419648922603843e-05
5632,horizontal,9.0500000000000007,232,4.5250000000000016e-05,3.3955800082214256e-05,0.00011989499934917712
5633,horizontal,9.0500000000000007,233,4.5250000000000016e-05,3.3955800082214256e-05,0.00011311202496624302
5634,horizontal,9.0500000000000007,234,4.5249999999999995e-05,3.3955800082214249e-05,0.00011226892108018709
5635,horizontal,9.0500000000000007,235,4.5250000000000002e-05,3.3955800082214249e-05,0.0001145511097831523
5636,horizontal,9.0500000000000007,236,4.5250000000000009e-05,3.3955800082214249e-05,0.00012605174277143018
5637,horizontal,9.0500000000000007,237,4.5250000000000016e-05,3.3955800082214256e-05,0.0001319447816414871
5638,horizontal,9.0500000000000007,238,4.5250000000000016e-05,3.3955800082214256e-05,0.00012306291255194792
5639,horizontal,9.0500000000000007,239,4.5250000000000002e-05,3.3955800082214249e-05,0.00011721010554776806
5640,horizontal,9.0500000000000007,240,4.5250000000000009e-05,3.3955800082214256e-05,0.00013190875952688068
5641,horizontal,9.0500000000000007,241,4.5250000000000009e-05,3.3955800082214256e-05,8.9037926072525381e-05
5642,horizontal,9.0500000000000007,242,4.5250000000000002e-05,3.3955800082214242e-05,0.00010180913575657237
5643,horizontal,9.0500000000000007,243,4.5250000000000016e-05,3.3955800082214249e-05,0.0001376787092550191
5644,horizontal,9.0500000000000007,244,4.5250000000000016e-05,3.3955800082214256e-05,7.6028446340513782e-05
5645,horizontal,9.0500000000000007,245,4.5250000000000022e-05,3.3955800082214256e-05,0.00012081903032720029
5646,horizontal,9.0500000000000007,246,4.5250000000000009e-05,3.3955800082214256e-05,0.00011253923892125908
5647,horizontal,9.0500000000000007,247,4.5250000000000016e-05,3.3955800082214256e-05,0.00013092499161492524
5648,horizontal,9.0500000000000007,248,4.5249999999999995e-05,3.3955800082214249e-05,0.00011369431543560282
5649,horizontal,9.0500000000000007,249,4.5250000000000002e-05,3.3955800082214249e-05,0.00010772077559548106
5650,horizontal,9.0500000000000007,250,4.5250000000000002e-05,3.3955800082214256e-05,0.00010771185677257576
5651,horizontal,9.0500000000000007,251,4.5250000000000002e-05,3.3955800082214249e-05,0.00010732633048932552
5652,horizontal,9.0500000000000007,252,4.5250000000000002e-05,3.3955800082214249e-05,0.0001301914019682553
5653,horizontal,9.0500000000000007,253,4.5250000000000002e-05,3.3955800082214249e-05,0.00012201521028209934
5654,horizontal,9.0500000000000007,254,4.5250000000000002e-05,3.3955800082214249e-05,0.00012711099522430333
5655,horizontal,9.0500000000000007,255,4.5250000000000002e-05,3.3955800082214242e-05,0.00013224966900721001
5656,horizontal,9.0500000000000007,256,4.5250000000000002e-05,3.3955800082214249e-05,9.1488664434649284e-05
5657,horizontal,9.0500000000000007,257,4.5250000000000016e-05,3.3955800082214256e-05,0.00011040933323384996
5658,horizontal,9.0500000000000007,258,4.5250000000000002e-05,3.3955800082214249e-05,0.00011664471143714515
5659,horizontal,9.0500000000000007,259,4.5250000000000016e-05,3.3955800082214256e-05,0.0001164677821179532
5660,horizontal,9.0500000000000007,260,4.5249999999999995e-05,3.3955800082214249e-05,0.0001079639456081605
5661,horizontal,9.0500000000000007,261,4.5250000000000016e-05,3.3955800082214256e-05,9.8045002850808606e-05
5662,horizontal,9.0500000000000007,262,4.5250000000000016e-05,3.3955800082214256e-05,8.9444928872961613e-05
5663,horizontal,9.0500000000000007,263,4.5250000000000016e-05,3.3955800082214256e-05,0.00010967251254175856
5664,horizontal,9.0500000000000007,264,4.5250000000000009e-05,3.3955800082214249e-05,9.1888881344099263e-05
5665,horizontal,9.0500000000000007,265,4.5250000000000002e-05,3.3955800082214242e-05,0.00011023750394392467
5666,horizontal,9.0500000000000007,266,4.5250000000000022e-05,3.3955800082214256e-05,0.0001395978472488696
5667,horizontal,9.0500000000000007,267,4.5250000000000016e-05,3.3955800082214256e-05,0.00015942473761748112
5668,horizontal,9.0500000000000007,268,4.5250000000000016e-05,3.3955800082214249e-05,0.00011345105599458508
5669,horizontal,9.0500000000000007,269,4.5250000000000016e-05,3.3955800082214256e-05,0.00010421116971128932
5670,horizontal,9.0500000000000007,270,4.5250000000000009e-05,3.3955800082214249e-05,0.00012427688777100039
5671,horizontal,9.0500000000000007,271,4.5250000000000016e-05,3.3955800082214256e-05,0.0001156890414256207
5672,horizontal,9.0500000000000007,272,4.5250000000000016e-05,3.3955800082214256e-05,0.00012330451926173395
5673,horizontal,9.0500000000000007,273,4.5250000000000016e-05,3.3955800082214256e-05,0.00013410212486365729
5674,horizontal,9.0500000000000007,274,4.5250000000000016e-05,3.3955800082214256e-05,0.00010032517909624009
5675,horizontal,9.0500000000000007,275,4.5250000000000009e-05,3.3955800082214249e-05,0.00012141182766870594
5676,horizontal,9.0500000000000007,276,4.5250000000000002e-05,3.3955800082214256e-05,0.00012662359537597164
5677,horizontal,9.0500000000000007,277,4.5250000000000016e-05,3.3955800082214256e-05,0.00011902479941641337
5678,horizontal,9.0500000000000007,278,4.5250000000000016e-05,3.3955800082214256e-05,0.00013494829439206048
5679,horizontal,9.0500000000000007,279,4.5250000000000009e-05,3.3955800082214249e-05,0.00011308645023617952
5680,horizontal,9.0500000000000007,280,4.5250000000000002e-05,3.3955800082214256e-05,0.00013039968792354756
5681,horizontal,9.0500000000000007,281,4.5249999999999995e-05,3.3955800082214249e-05,0.00013582005990222626
5682,horizontal,9.0500000000000007,282,4.5250000000000016e-05,3.3955800082214256e-05,0.00012939823306999071
5683,horizontal,9.0500000000000007,283,4.5250000000000016e-05,3.3955800082214249e-05,0.00010192567685181869
5684,horizontal,9.0500000000000007,284,4.5250000000000016e-05,3.3955800082214249e-05,9.8911737697910925e-05
5685,horizontal,9.0500000000000007,285,4.5250000000000016e-05,3.3955800082214256e-05,0.00010446594994160937
5686,horizontal,9.0500000000000007,286,4.5250000000000009e-05,3.3955800082214249e-05,0.00012758606828581372
5687,horizontal,9.0500000000000007,287,4.5249999999999995e-05,3.3955800082214249e-05,0.00011517725790443621
5688,horizontal,9.0500000000000007,288,4.5250000000000016e-05,3.3955800082214256e-05,0.00013430764016157283
5689,horizontal,9.0500000000000007,289,4.5250000000000002e-05,3.3955800082214249e-05,8.8101611448146471e-05
5690,horizontal,9.0500000000000007,290,4.5250000000000009e-05,3.3955800082214256e-05,0.00012136220485636231
5691,horizontal,9.0500000000000007,291,4.5250000000000002e-05,3.3955800082214242e-05,0.0001370805969451264
5692,horizontal,9.0500000000000007,292,4.5250000000000002e-05,3.3955800082214249e-05,0.00013993728606430977
5693,horizontal,9.0500000000000007,293,4.5250000000000002e-05,3.3955800082214249e-05,0.0001129152036140316
5694,horizontal,9.0500000000000007,294,4.5250000000000009e-05,3.3955800082214256e-05,0.00012509221725854537
5695,horizontal,9.0500000000000007,295,4.5250000000000002e-05,3.3955800082214242e-05,0.00010722075306424423
5696,horizontal,9.0500000000000007,296,4.5249999999999995e-05,3.3955800082214249e-05,0.00011567195276928659
5697,horizontal,9.0500000000000007,297,4.5250000000000002e-05,3.3955800082214249e-05,0.00012057656070439644
5698,horizontal,9.0500000000000007,298,4.5250000000000002e-05,3.3955800082214249e-05,0.00010491697516527357
5699,horizontal,9.0500000000000007,299,4.5250000000000016e-05,3.3955800082214256e-05,0.00011427363811477472
5700,horizontal,9.0500000000000007,300,4.5250000000000002e-05,3.3955800082214249e-05,0.00011892890238515678
5701,horizontal,9.0500000000000007,301,4.5250000000000002e-05,3.3955800082214249e-05,0.00012572329860083742
5702,horizontal,9.0500000000000007,302,4.5250000000000016e-05,3.3955800082214262e-05,0.00011481377283029893
5703,horizontal,9.0500000000000007,303,4.5250000000000002e-05,3.3955800082214242e-05,0.00010145962218185837
5704,horizontal,9.0500000000000007,304,4.5250000000000002e-05,3.3955800082214249e-05,0.00010742651583230883
5705,horizontal,9.0500000000000007,305,4.5250000000000002e-05,3.3955800082214256e-05,0.00010350239895719181
5706,horizontal,9.0500000000000007,306,4.5250000000000009e-05,3.3955800082214242e-05,0.00010592267155150485
5707,horizontal,9.0500000000000007,307,4.5250000000000002e-05,3.3955800082214242e-05,0.00010746042077559512
5708,horizontal,9.0500000000000007,308,4.5250000000000016e-05,3.3955800082214256e-05,0.00014756255969156404
5709,horizontal,9.0500000000000007,309,4.5250000000000002e-05,3.3955800082214256e-05,0.00017865270338490664
5710,horizontal,9.0500000000000007,310,4.5250000000000016e-05,3.3955800082214249e-05,0.00011420261389967494
5711,horizontal,9.0500000000000007,311,4.5250000000000002e-05,3.3955800082214249e-05,0.00010492712722440615
5712,horizontal,9.0500000000000007,312,4.5250000000000009e-05,3.3955800082214256e-05,0.0001131102740082991
5713,horizontal,9.0500000000000007,313,4.5250000000000016e-05,3.3955800082214249e-05,0.00010614128344727046
5714,horizontal,9.0500000000000007,314,4.5250000000000009e-05,3.3955800082214256e-05,0.0001173756051882832
5715,horizontal,9.0500000000000007,315,4.5250000000000022e-05,3.3955800082214262e-05,9.4628787368619281e-05
5716,horizontal,9.0500000000000007,316,4.5250000000000016e-05,3.3955800082214249e-05,9.431849816115164e-05
5717,horizontal,9.0500000000000007,317,4.5250000000000016e-05,3.3955800082214256e-05,0.00010672399781434268
5718,horizontal,9.0500000000000007,318,4.5250000000000016e-05,3.3955800082214256e-05,0.00013281535665407194
5719,horizontal,9.0500000000000007,319,4.5250000000000009e-05,3.3955800082214242e-05,0.00011447926140402583
5720,horizontal,9.0500000000000007,320,4.5250000000000002e-05,3.3955800082214249e-05,0.00013013474955572644
5721,horizontal,9.0500000000000007,321,4.5250000000000016e-05,3.3955800082214262e-05,0.00011505382760072456
5722,horizontal,9.0500000000000007,322,4.5250000000000016e-05,3.3955800082214256e-05,0.00010533026894919368
5723,horizontal,9.0500000000000007,323,4.5250000000000016e-05,3.3955800082214262e-05,0.000106982546969595
5724,horizontal,9.0500000000000007,324,4.5250000000000016e-05,3.3955800082214256e-05,0.00010490244514567154
5725,horizontal,9.0500000000000007,325,4.5250000000000002e-05,3.3955800082214249e-05,0.00010566542618308317
5726,horizontal,9.0500000000000007,326,4.5250000000000002e-05,3.3955800082214249e-05,0.0001198641627511591
5727,horizontal,9.0500000000000007,327,4.5250000000000016e-05,3.3955800082214256e-05,0.00010840681206310898
5728,horizontal,9.0500000000000007,328,4.5250000000000016e-05,3.3955800082214249e-05,0.00013337044655814851
5729,horizontal,9.0500000000000007,329,4.5250000000000009e-05,3.3955800082214242e-05,0.0001213044970069987
5730,horizontal,9.0500000000000007,330,4.5250000000000016e-05,3.3955800082214256e-05,0.00011614199507629606
5731,horizontal,9.0500000000000007,331,4.5249999999999995e-05,3.3955800082214249e-05,0.00012124603256890558
5732,horizontal,9.0500000000000007,332,4.5250000000000016e-05,3.3955800082214256e-05,0.00011986339921733116
5733,horizontal,9.0500000000000007,333,4.5250000000000016e-05,3.3955800082214249e-05,0.00012520420082197842
5734,horizontal,9.0500000000000007,334,4.5249999999999995e-05,3.3955800082214249e-05,0.00014266509603003136
5735,horizontal,9.0500000000000007,335,4.5250000000000016e-05,3.3955800082214249e-05,0.00010443279374855311
5736,horizontal,9.0500000000000007,336,4.5250000000000016e-05,3.3955800082214249e-05,0.00010502684927400424
5737,horizontal,9.0500000000000007,337,4.5249999999999995e-05,3.3955800082214242e-05,9.463750078049362e-05
5738,horizontal,9.0500000000000007,338,4.5250000000000002e-05,3.3955800082214256e-05,9.2281664570951417e-05
5739,horizontal,9.0500000000000007,339,4.5250000000000002e-05,3.3955800082214256e-05,0.0001055461961343014
5740,horizontal,9.0500000000000007,340,4.5250000000000016e-05,3.3955800082214249e-05,0.00015201240810108185
5741,horizontal,9.0500000000000007,341,4.5250000000000002e-05,3.3955800082214249e-05,0.00010760623869327768
5742,horizontal,9.0500000000000007,342,4.5250000000000009e-05,3.3955800082214256e-05,0.000152680241100422
5743,horizontal,9.0500000000000007,343,4.5250000000000009e-05,3.3955800082214256e-05,0.00012027656142151292
5744,horizontal,9.0500000000000007,344,4.5250000000000002e-05,3.3955800082214256e-05,9.4086183658138915e-05
5745,horizontal,9.0500000000000007,345,4.5250000000000002e-05,3.3955800082214249e-05,9.7618268601958275e-05
5746,horizontal,9.0500000000000007,346,4.5250000000000002e-05,3.3955800082214249e-05,0.00011779767321962719
5747,horizontal,9.0500000000000007,347,4.5250000000000002e-05,3.3955800082214242e-05,0.00013722213869706847
5748,horizontal,9.0500000000000007,348,4.5250000000000016e-05,3.3955800082214256e-05,0.00012500355134447246
5749,horizontal,9.0500000000000007,349,4.5250000000000002e-05,3.3955800082214249e-05,0.00016173977455454183
5750,horizontal,9.0500000000000007,350,4.5250000000000002e-05,3.3955800082214249e-05,9.7583259458849104e-05
5751,horizontal,9.0500000000000007,351,4.5250000000000002e-05,3.3955800082214242e-05,9.6086685172844081e-05
5752,horizontal,9.0500000000000007,352,4.5250000000000016e-05,3.3955800082214249e-05,0.00012389624971943282
5753,horizontal,9.0500000000000007,353,4.5250000000000016e-05,3.3955800082214249e-05,0.00011499442802290652
5754,horizontal,9.0500000000000007,354,4.5250000000000016e-05,3.3955800082214256e-05,0.00011902822505326698
5755,horizontal,9.0500000000000007,355,4.5249999999999995e-05,3.3955800082214249e-05,0.00012078326479630004
5756,horizontal,9.0500000000000007,356,4.5250000000000016e-05,3.3955800082214256e-05,9.3274629522175953e-05
5757,horizontal,9.0500000000000007,357,4.5250000000000016e-05,3.3955800082214249e-05,9.6025516818878319e-05
5758,horizontal,9.0500000000000007,358,4.5250000000000016e-05,3.3955800082214256e-05,0.00016670407697860233
5759,horizontal,9.0500000000000007,359,4.5249999999999995e-05,3.3955800082214242e-05,9.7084447477126907e-05
5760,horizontal,9.0500000000000007,360,4.5249999999999995e-05,3.3955800082214249e-05,0.00010178486951639853
5761,horizontal,9.0500000000000007,361,4.5250000000000002e-05,3.3955800082214249e-05,0.00010514841815192394
5762,horizontal,9.0500000000000007,362,4.5250000000000016e-05,3.3955800082214249e-05,0.00012486193743626518
5763,horizontal,9.0500000000000007,363,4.5250000000000016e-05,3.3955800082214249e-05,9.9664090009199868e-05
5764,horizontal,9.0500000000000007,364,4.5250000000000009e-05,3.3955800082214249e-05,0.000116443506275033
5765,horizontal,9.0500000000000007,365,4.5250000000000016e-05,3.3955800082214256e-05,0.00012426259968131704
5766,horizontal,9.0500000000000007,366,4.5249999999999995e-05,3.3955800082214242e-05,0.00014320138712817755
5767,horizontal,9.0500000000000007,367,4.5249999999999995e-05,3.3955800082214249e-05,9.8797041664488953e-05
5768,horizontal,9.0500000000000007,368,4.5250000000000009e-05,3.3955800082214249e-05,0.00011586010764484931
5769,horizontal,9.0500000000000007,369,4.5249999999999995e-05,3.3955800082214249e-05,0.00011761857094442935
5770,horizontal,9.0500000000000007,370,4.5250000000000016e-05,3.3955800082214256e-05,0.0001141910159912222
5771,horizontal,9.0500000000000007,371,4.5250000000000002e-05,3.3955800082214256e-05,0.00012880142790273839
5772,horizontal,9.0500000000000007,372,4.5250000000000002e-05,3.3955800082214256e-05,0.00012745142410885147
5773,horizontal,9.0500000000000007,373,4.5250000000000016e-05,3.3955800082214256e-05,0.00011158399268651236
5774,horizontal,9.0500000000000007,374,4.5250000000000009e-05,3.3955800082214256e-05,0.00012479108180931059
5775,horizontal,9.0500000000000007,375,4.5250000000000009e-05,3.3955800082214256e-05,0.00010408494150988041
5776,horizontal,9.0500000000000007,376,4.5249999999999995e-05,3.3955800082214249e-05,0.0001105200163420636
5777,horizontal,9.0500000000000007,377,4.5250000000000016e-05,3.3955800082214256e-05,0.00014193806891335873
5778,horizontal,9.0500000000000007,378,4.5250000000000002e-05,3.3955800082214249e-05,0.00012329408694380752
5779,horizontal,9.0500000000000007,379,4.5250000000000002e-05,3.3955800082214256e-05,0.00012088420361953549
5780,horizontal,9.0500000000000007,380,4.5249999999999995e-05,3.3955800082214249e-05,0.00010340038134134632
5781,horizontal,9.0500000000000007,381,4.5250000000000016e-05,3.3955800082214256e-05,0.00010457640908586646
5782,horizontal,9.0500000000000007,382,4.5250000000000009e-05,3.3955800082214256e-05,0.00011806230461142642
5783,horizontal,9.0500000000000007,383,4.5250000000000009e-05,3.3955800082214249e-05,0.00010790706178712162
5784,horizontal,9.0500000000000007,384,4.5250000000000016e-05,3.3955800082214256e-05,0.00011298833410470126
5785,horizontal,9.0500000000000007,385,4.5250000000000016e-05,3.3955800082214256e-05,0.00012146610088414191
5786,horizontal,9.0500000000000007,386,4.5250000000000016e-05,3.3955800082214256e-05,0.00014049948036672693
5787,horizontal,9.0500000000000007,387,4.5249999999999995e-05,3.3955800082214256e-05,0.00011317448113990225
5788,horizontal,9.0500000000000007,388,4.5250000000000009e-05,3.3955800082214256e-05,0.00011917134497743823
5789,horizontal,9.0500000000000007,389,4.5250000000000002e-05,3.3955800082214242e-05,0.00014180512214880943
5790,horizontal,9.0500000000000007,390,4.5249999999999995e-05,3.3955800082214249e-05,0.00010338649961055769
5791,horizontal,9.0500000000000007,391,4.5250000000000002e-05,3.3955800082214256e-05,0.00010278106054896327
5792,horizontal,9.0500000000000007,392,4.5250000000000009e-05,3.3955800082214256e-05,0.00011123072122996103
5793,horizontal,9.0500000000000007,393,4.5250000000000002e-05,3.3955800082214249e-05,0.00011553203440032523
5794,horizontal,9.0500000000000007,394,4.5250000000000016e-05,3.3955800082214249e-05,0.00010815897868619121
5795,horizontal,9.0500000000000007,395,4.5250000000000016e-05,3.3955800082214249e-05,0.00011048271971651558
5796,horizontal,9.0500000000000007,396,4.5250000000000002e-05,3.3955800082214249e-05,9.8052980875936412e-05
5797,horizontal,9.0500000000000007,397,4.5250000000000016e-05,3.3955800082214256e-05,0.00012258691022202915
5798,horizontal,9.0500000000000007,398,4.5250000000000002e-05,3.3955800082214249e-05,0.00012374948285424897
5799,horizontal,9.0500000000000007,399,4.5249999999999995e-05,3.3955800082214256e-05,0.00011108787951186402
5800,horizontal,9.0500000000000007,400,4.5250000000000016e-05,3.3955800082214256e-05,9.7471022762929673e-05
5801,horizontal,9.0500000000000007,401,4.5250000000000009e-05,3.3955800082214249e-05,0.00014745399819572462
5802,horizontal,9.0500000000000007,402,4.5250000000000009e-05,3.3955800082214256e-05,0.00012947143422686885
5803,horizontal,9.0500000000000007,403,4.5250000000000016e-05,3.3955800082214256e-05,9.4238924081391459e-05
5804,horizontal,9.0500000000000007,404,4.5250000000000016e-05,3.3955800082214256e-05,0.00012577578196973639
5805,horizontal,9.0500000000000007,405,4.5249999999999995e-05,3.3955800082214242e-05,9.8359153170995484e-05
5806,horizontal,9.0500000000000007,406,4.5250000000000002e-05,3.3955800082214249e-05,0.00010643029017605526
5807,horizontal,9.0500000000000007,407,4.5250000000000009e-05,3.3955800082214249e-05,0.00012735505815896547
5808,horizontal,9.0500000000000007,408,4.5250000000000002e-05,3.3955800082214249e-05,0.00011785581739931291
5809,horizontal,9.0500000000000007,409,4.5250000000000002e-05,3.3955800082214249e-05,0.00014061363780655607
5810,horizontal,9.0500000000000007,410,4.5250000000000009e-05,3.3955800082214256e-05,0.00011719646942975259
5811,horizontal,9.0500000000000007,411,4.5249999999999995e-05,3.3955800082214249e-05,0.00011904844223654098
5812,horizontal,9.0500000000000007,412,4.5250000000000002e-05,3.3955800082214249e-05,0.00011453460072542925
5813,horizontal,9.0500000000000007,413,4.5250000000000002e-05,3.3955800082214249e-05,0.00012020786727570299
5814,horizontal,9.0500000000000007,414,4.5249999999999995e-05,3.3955800082214249e-05,0.00011477740144600742
5815,horizontal,9.0500000000000007,415,4.5250000000000022e-05,3.3955800082214256e-05,0.00010343648336368071
5816,horizontal,9.0500000000000007,416,4.5250000000000016e-05,3.3955800082214256e-05,9.4484508025488849e-05
5817,horizontal,9.0500000000000007,417,4.5249999999999995e-05,3.3955800082214242e-05,0.00010312924802749613
5818,horizontal,9.0500000000000007,418,4.5249999999999995e-05,3.3955800082214249e-05,0.00010877206412584551
5819,horizontal,9.0500000000000007,419,4.5250000000000002e-05,3.3955800082214249e-05,0.00010943226897305129
5820,horizontal,9.0500000000000007,420,4.5250000000000002e-05,3.3955800082214249e-05,0.00011198174641012793
5821,horizontal,9.0500000000000007,421,4.5250000000000016e-05,3.3955800082214262e-05,0.00010828423273531702
5822,horizontal,9.0500000000000007,422,4.5250000000000016e-05,3.3955800082214256e-05,0.00012695169366468636
5823,horizontal,9.0500000000000007,423,4.5250000000000016e-05,3.3955800082214256e-05,0.00012599323048891119
5824,horizontal,9.0500000000000007,424,4.5250000000000016e-05,3.3955800082214256e-05,0.0001276061413406804
5825,horizontal,9.0500000000000007,425,4.5250000000000009e-05,3.3955800082214249e-05,0.00010564883532089769
5826,horizontal,9.0500000000000007,426,4.5250000000000002e-05,3.3955800082214256e-05,0.00010875969286915325
5827,horizontal,9.0500000000000007,427,4.5250000000000009e-05,3.3955800082214249e-05,0.00010046489793552939
5828,horizontal,9.0500000000000007,428,4.5250000000000002e-05,3.3955800082214249e-05,0.00011670386494213224
5829,horizontal,9.0500000000000007,429,4.5250000000000016e-05,3.3955800082214249e-05,0.00010518118470950536
5830,horizontal,9.0500000000000007,430,4.5250000000000016e-05,3.3955800082214256e-05,0.00012677808695561399
5831,horizontal,9.0500000000000007,431,4.5250000000000016e-05,3.3955800082214256e-05,0.00012995962037056166
5832,horizontal,9.0500000000000007,432,4.5250000000000016e-05,3.3955800082214249e-05,0.00010876822501856098
5833,horizontal,9.0500000000000007,433,4.5250000000000016e-05,3.3955800082214256e-05,0.00012068023274754349
5834,horizontal,9.0500000000000007,434,4.5250000000000016e-05,3.3955800082214256e-05,0.0001486278631589153
5835,horizontal,9.0500000000000007,435,4.5250000000000022e-05,3.3955800082214256e-05,0.00010552026767122159
5836,horizontal,9.0500000000000007,436,4.5250000000000022e-05,3.3955800082214256e-05,0.00011801823804536243
5837,horizontal,9.0500000000000007,437,4.5249999999999995e-05,3.3955800082214242e-05,0.00010383449161461483
5838,horizontal,9.0500000000000007,438,4.5250000000000016e-05,3.3955800082214249e-05,0.00012289074024495738
5839,horizontal,9.0500000000000007,439,4.5250000000000002e-05,3.3955800082214256e-05,0.00011969148908162027
5840,horizontal,9.0500000000000007,440,4.5250000000000009e-05,3.3955800082214256e-05,0.00010920839825220495
5841,horizontal,9.0500000000000007,441,4.5250000000000016e-05,3.3955800082214256e-05,0.00012990252544451238
5842,horizontal,9.0500000000000007,442,4.5250000000000002e-05,3.3955800082214256e-05,0.00010739816863518827
5843,horizontal,9.0500000000000007,443,4.5250000000000016e-05,3.3955800082214249e-05,0.00011622044898165692
5844,horizontal,9.0500000000000007,444,4.5250000000000009e-05,3.3955800082214249e-05,0.00011277788584063013
5845,horizontal,9.0500000000000007,445,4.5250000000000016e-05,3.3955800082214256e-05,0.00013472018491945682
5846,horizontal,9.0500000000000007,446,4.5250000000000016e-05,3.3955800082214262e-05,0.0001185232423359619
5847,horizontal,9.0500000000000007,447,4.5250000000000016e-05,3.3955800082214256e-05,0.0001201248391240337
5848,horizontal,9.0500000000000007,448,4.5250000000000009e-05,3.3955800082214256e-05,9.7405555951182097e-05
5849,horizontal,9.0500000000000007,449,4.5249999999999995e-05,3.3955800082214249e-05,0.00012298768720028712
5850,horizontal,9.0500000000000007,450,4.5250000000000016e-05,3.3955800082214256e-05,0.00011847077249500992
5851,horizontal,9.0500000000000007,451,4.5250000000000002e-05,3.3955800082214249e-05,0.00010772605640245799
5852,horizontal,9.0500000000000007,452,4.5250000000000002e-05,3.3955800082214249e-05,0.00011329766578686483
5853,horizontal,9.0500000000000007,453,4.5249999999999995e-05,3.3955800082214242e-05,0.0001304383453876956
5854,horizontal,9.0500000000000007,454,4.5249999999999995e-05,3.3955800082214256e-05,0.00014386125375321417
5855,horizontal,9.0500000000000007,455,4.5250000000000016e-05,3.3955800082214256e-05,0.00012579394355590915
5856,horizontal,9.0500000000000007,456,4.5250000000000016e-05,3.3955800082214256e-05,0.00010214669527604202
5857,horizontal,9.0500000000000007,457,4.5250000000000016e-05,3.3955800082214262e-05,0.00012758994227900038
5858,horizontal,9.0500000000000007,458,4.5250000000000002e-05,3.3955800082214249e-05,0.00011268590334902026
5859,horizontal,9.0500000000000007,459,4.5249999999999995e-05,3.3955800082214249e-05,9.8905291300093275e-05
5860,horizontal,9.0500000000000007,460,4.5250000000000016e-05,3.3955800082214256e-05,0.00011768230844886778
5861,horizontal,9.0500000000000007,461,4.5250000000000016e-05,3.3955800082214256e-05,0.00012315962173737213
5862,horizontal,9.0500000000000007,462,4.5250000000000016e-05,3.3955800082214262e-05,0.00010088027440253038
5863,horizontal,9.0500000000000007,463,4.5250000000000016e-05,3.3955800082214256e-05,0.00013836818235622107
5864,horizontal,9.0500000000000007,464,4.5250000000000002e-05,3.3955800082214249e-05,0.0001285565518237639
5865,horizontal,9.0500000000000007,465,4.5250000000000022e-05,3.3955800082214256e-05,0.00010660679711695749
5866,horizontal,9.0500000000000007,466,4.5250000000000002e-05,3.3955800082214249e-05,8.5559420288814668e-05
5867,horizontal,9.0500000000000007,467,4.5250000000000016e-05,3.3955800082214256e-05,0.00011009519522794416
5868,horizontal,9.0500000000000007,468,4.5249999999999995e-05,3.3955800082214249e-05,0.00012287679955133606
5869,horizontal,9.0500000000000007,469,4.5250000000000022e-05,3.3955800082214262e-05,0.00011086712899257967
5870,horizontal,9.0500000000000007,470,4.5250000000000016e-05,3.3955800082214262e-05,0.00010165099805510219
5871,horizontal,9.0500000000000007,471,4.5250000000000016e-05,3.3955800082214256e-05,0.00011524147208267254
5872,horizontal,9.0500000000000007,472,4.5250000000000002e-05,3.3955800082214249e-05,0.00010431372451968775
5873,horizontal,9.0500000000000007,473,4.5250000000000009e-05,3.3955800082214242e-05,0.0001216730872418765
5874,horizontal,9.0500000000000007,474,4.5249999999999995e-05,3.3955800082214242e-05,0.00010707935219343783
5875,horizontal,9.0500000000000007,475,4.5250000000000016e-05,3.3955800082214249e-05,0.00012571415179880318
5876,horizontal,9.0500000000000007,476,4.5250000000000002e-05,3.3955800082214249e-05,0.00011585957234560687
5877,horizontal,9.0500000000000007,477,4.5250000000000016e-05,3.3955800082214249e-05,0.00010862734941606618
5878,horizontal,9.0500000000000007,478,4.5250000000000002e-05,3.3955800082214242e-05,0.00011162273811395598
5879,horizontal,9.0500000000000007,479,4.5250000000000016e-05,3.3955800082214256e-05,0.00010352231883551508
5880,horizontal,9.0500000000000007,480,4.5250000000000016e-05,3.3955800082214242e-05,0.00010070012383666108
5881,horizontal,9.0500000000000007,481,4.5249999999999995e-05,3.3955800082214242e-05,0.00010926155524552256
5882,horizontal,9.0500000000000007,482,4.5250000000000016e-05,3.3955800082214249e-05,0.0001485295844267706
5883,horizontal,9.0500000000000007,483,4.5250000000000016e-05,3.3955800082214256e-05,0.00010500870525701407
5884,horizontal,9.0500000000000007,484,4.5250000000000002e-05,3.3955800082214249e-05,0.00018937059610891691
5885,horizontal,9.0500000000000007,485,4.5250000000000016e-05,3.3955800082214256e-05,0.00011886910262774645
5886,horizontal,9.0500000000000007,486,4.5250000000000002e-05,3.3955800082214249e-05,0.00013449907353514453
5887,horizontal,9.0500000000000007,487,4.5249999999999995e-05,3.3955800082214249e-05,0.00011767717766535422
5888,horizontal,9.0500000000000007,488,4.5250000000000016e-05,3.3955800082214249e-05,0.0001358282793015856
5889,horizontal,9.0500000000000007,489,4.5250000000000002e-05,3.3955800082214249e-05,0.00015166395601072446
5890,horizontal,9.0500000000000007,490,4.5250000000000009e-05,3.3955800082214249e-05,0.00013093604977322014
5891,horizontal,9.0500000000000007,491,4.5250000000000016e-05,3.3955800082214249e-05,0.00011535422261845929
5892,horizontal,9.0500000000000007,492,4.5250000000000016e-05,3.3955800082214249e-05,0.00011509331419178251
5893,horizontal,9.0500000000000007,493,4.5250000000000002e-05,3.3955800082214249e-05,0.00013433218094152609
5894,horizontal,9.0500000000000007,494,4.5250000000000009e-05,3.3955800082214249e-05,0.00011596439572686981
5895,horizontal,9.0500000000000007,495,4.5250000000000009e-05,3.3955800082214256e-05,0.00013563171766566099
5896,horizontal,9.0500000000000007,496,4.5250000000000009e-05,3.3955800082214256e-05,0.00010068388717946429
5897,horizontal,9.0500000000000007,497,4.5250000000000016e-05,3.3955800082214256e-05,0.00015583163483242726
5898,horizontal,9.0500000000000007,498,4.5250000000000002e-05,3.3955800082214249e-05,0.00011569900436342195
5899,horizontal,9.0500000000000007,499,4.5250000000000016e-05,3.3955800082214249e-05,0.00010820604708845595
5900,horizontal,9.0500000000000007,500,4.5250000000000016e-05,3.3955800082214256e-05,0.00011957597823005916
5901,horizontal,9.0500000000000007,501,4.5250000000000022e-05,3.3955800082214262e-05,0.00011542054415850655
5902,horizontal,9.0500000000000007,502,4.5250000000000016e-05,3.3955800082214249e-05,0.00012406181986998957
5903,horizontal,9.0500000000000007,503,4.5250000000000002e-05,3.3955800082214249e-05,9.836140853029579e-05
5904,horizontal,9.0500000000000007,504,4.5249999999999995e-05,3.3955800082214249e-05,0.0001306726319682925
5905,horizontal,9.0500000000000007,505,4.5250000000000002e-05,3.3955800082214249e-05,0.00012305382886916984
5906,horizontal,9.0500000000000007,506,4.5249999999999995e-05,3.3955800082214242e-05,0.00013598994593249259
5907,horizontal,9.0500000000000007,507,4.5250000000000009e-05,3.3955800082214249e-05,0.00011106668382808019
5908,horizontal,9.0500000000000007,508,4.5250000000000016e-05,3.3955800082214249e-05,0.00010942077359885929
5909,horizontal,9.0500000000000007,509,4.5250000000000002e-05,3.3955800082214256e-05,0.00012433829358132417
5910,horizontal,9.0500000000000007,510,4.5250000000000002e-05,3.3955800082214249e-05,0.00011455264082575407
5911,horizontal,9.0500000000000007,511,4.5250000000000016e-05,3.3955800082214256e-05,0.00011121877937487158
5912,horizontal,9.0500000000000007,512,4.5249999999999995e-05,3.3955800082214249e-05,0.0001032429241875761
5913,horizontal,9.0500000000000007,513,4.5250000000000002e-05,3.3955800082214249e-05,0.00012734128923274555
5914,horizontal,9.0500000000000007,514,4.5250000000000009e-05,3.3955800082214249e-05,0.0001207415830041139
5915,horizontal,9.0500000000000007,515,4.5249999999999995e-05,3.3955800082214249e-05,0.00010557938942482476
5916,horizontal,9.0500000000000007,516,4.5249999999999995e-05,3.3955800082214249e-05,9.7936680720525946e-05
5917,horizontal,9.0500000000000007,517,4.5249999999999995e-05,3.3955800082214256e-05,0.00011802392288797803
5918,horizontal,9.0500000000000007,518,4.5249999999999995e-05,3.3955800082214242e-05,0.00011832163323783361
5919,horizontal,9.0500000000000007,519,4.5250000000000016e-05,3.3955800082214256e-05,0.00010582501083214792
5920,horizontal,9.0500000000000007,520,4.5250000000000016e-05,3.3955800082214249e-05,9.0149817136394011e-05
5921,horizontal,9.0500000000000007,521,4.5250000000000016e-05,3.3955800082214262e-05,0.00012116243326614097
5922,horizontal,9.0500000000000007,522,4.5250000000000016e-05,3.3955800082214249e-05,0.0001107752070923627
5923,horizontal,9.0500000000000007,523,4.5250000000000002e-05,3.3955800082214249e-05,0.00011610708972279455
5924,horizontal,9.0500000000000007,524,4.5249999999999995e-05,3.3955800082214249e-05,0.0001371212788093884
5925,horizontal,9.0500000000000007,525,4.5250000000000016e-05,3.3955800082214256e-05,0.00012943916137950716
5926,horizontal,9.0500000000000007,526,4.5250000000000009e-05,3.3955800082214256e-05,0.00010582741652327491
5927,horizontal,9.0500000000000007,527,4.5249999999999995e-05,3.3955800082214249e-05,0.00011291643315348045
5928,horizontal,9.0500000000000007,528,4.5249999999999995e-05,3.3955800082214249e-05,9.1899390021036581e-05
5929,horizontal,9.0500000000000007,529,4.5250000000000002e-05,3.3955800082214249e-05,0.0001125729909899543
5930,horizontal,9.0500000000000007,530,4.5250000000000009e-05,3.3955800082214242e-05,0.00012663914792231587
5931,horizontal,9.0500000000000007,531,4.5250000000000016e-05,3.3955800082214256e-05,0.00010528846894538399
5932,horizontal,9.0500000000000007,532,4.5250000000000002e-05,3.3955800082214242e-05,0.00010970680500653169
5933,horizontal,9.0500000000000007,533,4.5249999999999995e-05,3.3955800082214242e-05,8.9978400286377908e-05
5934,horizontal,9.0500000000000007,534,4.5250000000000002e-05,3.3955800082214249e-05,0.00012348717517123096
5935,horizontal,9.0500000000000007,535,4.5250000000000016e-05,3.3955800082214249e-05,0.00010924705827743592
5936,horizontal,9.0500000000000007,536,4.5250000000000009e-05,3.3955800082214249e-05,0.00011807381363470096
5937,horizontal,9.0500000000000007,537,4.5250000000000016e-05,3.3955800082214249e-05,0.00016094637961299493
5938,horizontal,9.0500000000000007,538,4.5249999999999995e-05,3.3955800082214249e-05,0.00011676683224951594
5939,horizontal,9.0500000000000007,539,4.5250000000000016e-05,3.3955800082214256e-05,0.0001111344229278599
5940,horizontal,9.0500000000000007,540,4.5250000000000016e-05,3.3955800082214256e-05,0.00013351123236069842
5941,horizontal,9.0500000000000007,541,4.5249999999999995e-05,3.3955800082214249e-05,0.00011220091545856493
5942,horizontal,9.0500000000000007,542,4.5250000000000016e-05,3.3955800082214256e-05,0.00011364891914664169
5943,horizontal,9.0500000000000007,543,4.5250000000000016e-05,3.3955800082214249e-05,0.00010217500545507875
5944,horizontal,9.0500000000000007,544,4.5250000000000016e-05,3.3955800082214249e-05,0.00011097740736334162
5945,horizontal,9.0500000000000007,545,4.5249999999999995e-05,3.3955800082214249e-05,0.0001247934606308774
5946,horizontal,9.0500000000000007,546,4.5250000000000016e-05,3.3955800082214256e-05,0.00013706313641861768
5947,horizontal,9.0500000000000007,547,4.5250000000000002e-05,3.3955800082214249e-05,0.00010475398123136251
5948,horizontal,9.0500000000000007,548,4.5250000000000016e-05,3.3955800082214249e-05,0.00011821304607187104
5949,horizontal,9.0500000000000007,549,4.5250000000000002e-05,3.3955800082214249e-05,9.9328621993200755e-05
5950,horizontal,9.0500000000000007,550,4.5250000000000009e-05,3.3955800082214256e-05,0.00011911790122660665
5951,horizontal,9.0500000000000007,551,4.5250000000000002e-05,3.3955800082214256e-05,0.00010283579789291801
5952,horizontal,9.0500000000000007,552,4.5250000000000016e-05,3.3955800082214256e-05,0.00011983546804181809
5953,horizontal,9.0500000000000007,553,4.5249999999999995e-05,3.3955800082214249e-05,0.00011379459786778192
5954,horizontal,9.0500000000000007,554,4.5250000000000016e-05,3.3955800082214256e-05,0.00012475176644261899
5955,horizontal,9.0500000000000007,555,4.5250000000000016e-05,3.3955800082214256e-05,0.00014037335986721671
5956,horizontal,9.0500000000000007,556,4.5250000000000002e-05,3.3955800082214249e-05,0.00010135468162909935
5957,horizontal,9.0500000000000007,557,4.5250000000000002e-05,3.3955800082214249e-05,0.000111390981537834
5958,horizontal,9.0500000000000007,558,4.5250000000000016e-05,3.3955800082214249e-05,0.00012575684291118831
5959,horizontal,9.0500000000000007,559,4.5250000000000016e-05,3.3955800082214256e-05,0.00013245167642203873
5960,horizontal,9.0500000000000007,560,4.5250000000000016e-05,3.3955800082214256e-05,0.00011615513706981786
5961,horizontal,9.0500000000000007,561,4.5250000000000016e-05,3.3955800082214262e-05,0.00010199169765849942
5962,horizontal,9.0500000000000007,562,4.5250000000000016e-05,3.3955800082214262e-05,0.00016543313993415675
5963,horizontal,9.0500000000000007,563,4.5250000000000002e-05,3.3955800082214249e-05,0.00011530919958747425
5964,horizontal,9.0500000000000007,564,4.5250000000000002e-05,3.3955800082214249e-05,0.00010420853056143881
5965,horizontal,9.0500000000000007,565,4.5249999999999995e-05,3.3955800082214249e-05,0.00015623100613346746
5966,horizontal,9.0500000000000007,566,4.5250000000000016e-05,3.3955800082214256e-05,0.0001079717913290746
5967,horizontal,9.0500000000000007,567,4.5250000000000002e-05,3.3955800082214249e-05,9.4158337497758638e-05
5968,horizontal,9.0500000000000007,568,4.5249999999999995e-05,3.3955800082214249e-05,0.00013230487859528517
5969,horizontal,9.0500000000000007,569,4.5249999999999995e-05,3.3955800082214249e-05,0.00010262701877062923
5970,horizontal,9.0500000000000007,570,4.5250000000000016e-05,3.3955800082214256e-05,9.6593372957688091e-05
5971,horizontal,9.0500000000000007,571,4.5249999999999995e-05,3.3955800082214242e-05,0.00010956062340676866
5972,horizontal,9.0500000000000007,572,4.5250000000000016e-05,3.3955800082214256e-05,0.00013848496145191979
5973,horizontal,9.0500000000000007,573,4.5250000000000016e-05,3.3955800082214256e-05,9.8873879276707515e-05
5974,horizontal,9.0500000000000007,574,4.5250000000000016e-05,3.3955800082214256e-05,0.0001256045282466361
5975,horizontal,9.0500000000000007,575,4.5250000000000002e-05,3.3955800082214249e-05,0.00013177840017912588
5976,horizontal,9.0500000000000007,576,4.5250000000000002e-05,3.3955800082214249e-05,0.00011143907093497137
5977,horizontal,9.0500000000000007,577,4.5250000000000009e-05,3.3955800082214249e-05,8.9853234005870774e-05
5978,horizontal,9.0500000000000007,578,4.5249999999999995e-05,3.3955800082214249e-05,0.00010474351434146608
5979,horizontal,9.0500000000000007,579,4.5250000000000016e-05,3.3955800082214256e-05,0.00011540668596278321
5980,horizontal,9.0500000000000007,580,4.5250000000000009e-05,3.3955800082214256e-05,0.00010901148080157015
5981,horizontal,9.0500000000000007,581,4.5250000000000016e-05,3.3955800082214256e-05,0.00010637122355523878
5982,horizontal,9.0500000000000007,582,4.5250000000000016e-05,3.3955800082214249e-05,0.00012451096905661456
5983,horizontal,9.0500000000000007,583,4.5250000000000009e-05,3.3955800082214242e-05,0.0001551418967078013
5984,horizontal,9.0500000000000007,584,4.5249999999999995e-05,3.3955800082214249e-05,0.0001236627362791133
5985,horizontal,9.0500000000000007,585,4.5250000000000016e-05,3.3955800082214256e-05,0.00010567898159170791
5986,horizontal,9.0500000000000007,586,4.5250000000000009e-05,3.3955800082214256e-05,0.00010402827384328822
5987,horizontal,9.0500000000000007,587,4.5249999999999995e-05,3.3955800082214249e-05,7.9481018151176126e-05
5988,horizontal,9.0500000000000007,588,4.5250000000000016e-05,3.3955800082214249e-05,0.00010443412873037717
5989,horizontal,9.0500000000000007,589,4.5250000000000016e-05,3.3955800082214256e-05,0.00012655384657648543
5990,horizontal,9.0500000000000007,590,4.5250000000000016e-05,3.3955800082214256e-05,8.9331548303003656e-05
5991,horizontal,9.0500000000000007,591,4.5249999999999995e-05,3.3955800082214249e-05,0.0001125820927559834
5992,horizontal,9.0500000000000007,592,4.5250000000000009e-05,3.3955800082214249e-05,0.00010810867379330372
5993,horizontal,9.0500000000000007,593,4.5250000000000016e-05,3.3955800082214256e-05,0.00012595477444024574
5994,horizontal,9.0500000000000007,594,4.5250000000000002e-05,3.3955800082214256e-05,0.00014096078059647006
5995,horizontal,9.0500000000000007,595,4.5250000000000022e-05,3.3955800082214256e-05,8.5261713867851831e-05
5996,horizontal,9.0500000000000007,596,4.5250000000000002e-05,3.3955800082214242e-05,0.0001007375756061136
5997,horizontal,9.0500000000000007,597,4.5250000000000016e-05,3.3955800082214256e-05,0.00012015040002425005
5998,horizontal,9.0500000000000007,598,4.5250000000000009e-05,3.3955800082214249e-05,0.0001061715182191872
5999,horizontal,9.0500000000000007,599,4.5249999999999995e-05,3.3955800082214242e-05,0.0001383782760442092
6000,horizontal,9.0500000000000007,600,4.5250000000000016e-05,3.3955800082214256e-05,0.00013328518207022678
6001,vertical,1.1299999999999999,1,5.650000000000001e-06,3.7345312023024889e-06,1.528259182126013e-05
6002,vertical,1.1299999999999999,2,5.6500000000000001e-06,3.7345312023024889e-06,1.4300848112594333e-05
6003,vertical,1.1299999999999999,3,5.6499999999999993e-06,3.7345312023024889e-06,1.2212747166291219e-05
6004,vertical,1.1299999999999999,4,5.6499999999999993e-06,3.7345312023024885e-06,1.065262180416683e-05
6005,vertical,1.1299999999999999,5,5.6500000000000001e-06,3.7345312023024889e-06,1.5762884791129461e-05
6006,vertical,1.1299999999999999,6,5.6500000000000001e-06,3.7345312023024885e-06,1.65680301716141e-05
6007,vertical,1.1299999999999999,7,5.650000000000001e-06,3.7345312023024885e-06,1.4251588872534673e-05
6008,vertical,1.1299999999999999,8,5.6500000000000001e-06,3.7345312023024897e-06,1.7322101039603738e-05
6009,vertical,1.1299999999999999,9,5.6499999999999993e-06,3.7345312023024889e-06,1.4357095261382253e-05
6010,vertical,1.1299999999999999,10,5.650000000000001e-06,3.7345312023024889e-06,1.3343929214715892e-05
6011,vertical,1.1299999999999999,11,5.650000000000001e-06,3.7345312023024897e-06,1.5674073622378053e-05
6012,vertical,1.1299999999999999,12,5.650000000000001e-06,3.7345312023024897e-06,1.3896515808274208e-05
6013,vertical,1.1299999999999999,13,5.650000000000001e-06,3.7345312023024889e-06,1.4466164981831353e-05
6014,vertical,1.1299999999999999,14,5.6500000000000001e-06,3.7345312023024893e-06,1.5689163024305855e-05
6015,vertical,1.1299999999999999,15,5.650000000000001e-06,3.7345312023024893e-06,1.4749081868331383e-05
6016,vertical,1.1299999999999999,16,5.6499999999999993e-06,3.7345312023024889e-06,1.6004135342254159e-05
6017,vertical,1.1299999999999999,17,5.6500000000000001e-06,3.7345312023024897e-06,1.1809143497669385e-05
6018,vertical,1.1299999999999999,18,5.650000000000001e-06,3.7345312023024889e-06,1.8526837177998897e-05
6019,vertical,1.1299999999999999,19,5.650000000000001e-06,3.7345312023024897e-06,1.2884023481865877e-05
6020,vertical,1.1299999999999999,20,5.650000000000001e-06,3.7345312023024893e-06,1.4590168912912538e-05
6021,vertical,1.1299999999999999,21,5.650000000000001e-06,3.7345312023024889e-06,2.1918183868664325e-05
6022,vertical,1.1299999999999999,22,5.6499999999999993e-06,3.7345312023024889e-06,1.47650495264364e-05
6023,vertical,1.1299999999999999,23,5.6499999999999984e-06,3.7345312023024885e-06,1.2950077350239086e-05
6024,vertical,1.1299999999999999,24,5.6499999999999993e-06,3.7345312023024889e-06,1.4276457043533418e-05
6025,vertical,1.1299999999999999,25,5.650000000000001e-06,3.7345312023024897e-06,1.1723298490655591e-05
6026,vertical,1.1299999999999999,26,5.6499999999999993e-06,3.7345312023024889e-06,1.4063523972691118e-05
6027,vertical,1.1299999999999999,27,5.6500000000000001e-06,3.7345312023024889e-06,1.3733287825146389e-05
6028,vertical,1.1299999999999999,28,5.6499999999999984e-06,3.7345312023024885e-06,1.4011893884519506e-05
6029,vertical,1.1299999999999999,29,5.650000000000001e-06,3.7345312023024893e-06,1.6927738452409595e-05
6030,vertical,1.1299999999999999,30,5.6499999999999993e-06,3.7345312023024889e-06,1.3945904549783882e-05
6031,vertical,1.1299999999999999,31,5.650000000000001e-06,3.7345312023024897e-06,1.3737843223188001e-05
6032,vertical,1.1299999999999999,32,5.6500000000000001e-06,3.7345312023024897e-06,1.4035533296906847e-05
6033,vertical,1.1299999999999999,33,5.650000000000001e-06,3.7345312023024897e-06,1.2052226844639926e-05
6034,vertical,1.1299999999999999,34,5.6499999999999993e-06,3.7345312023024889e-06,1.3156051266374342e-05
6035,vertical,1.1299999999999999,35,5.6500000000000001e-06,3.7345312023024889e-06,1.1243231876050899e-05
6036,vertical,1.1299999999999999,36,5.6499999999999993e-06,3.7345312023024885e-06,1.3768350184150018e-05
6037,vertical,1.1299999999999999,37,5.6499999999999993e-06,3.7345312023024889e-06,1.4854609267931119e-05
6038,vertical,1.1299999999999999,38,5.6499999999999993e-06,3.7345312023024881e-06,2.0180684750497521e-05
6039,vertical,1.1299999999999999,39,5.650000000000001e-06,3.7345312023024897e-06,1.3350906318184482e-05
6040,vertical,1.1299999999999999,40,5.650000000000001e-06,3.7345312023024889e-06,1.3375770758924203e-05
6041,vertical,1.1299999999999999,41,5.6499999999999993e-06,3.7345312023024897e-06,1.577524629720046e-05
6042,vertical,1.1299999999999999,42,5.6499999999999993e-06,3.7345312023024889e-06,1.257783347433964e-05
6043,vertical,1.1299999999999999,43,5.650000000000001e-06,3.7345312023024889e-06,1.1162739678032506e-05
6044,vertical,1.1299999999999999,44,5.6499999999999993e-06,3.7345312023024889e-06,1.4716185571555324e-05
6045,vertical,1.1299999999999999,45,5.6500000000000001e-06,3.7345312023024893e-06,1.6635071031746558e-05
6046,vertical,1.1299999999999999,46,5.650000000000001e-06,3.7345312023024889e-06,1.4216643798709924e-05
6047,vertical,1.1299999999999999,47,5.6499999999999993e-06,3.7345312023024889e-06,1.5318153971121024e-05
6048,vertical,1.1299999999999999,48,5.650000000000001e-06,3.7345312023024889e-06,1.4020837965976145e-05
6049,vertical,1.1299999999999999,49,5.650000000000001e-06,3.7345312023024897e-06,1.3224384899310291e-05
6050,vertical,1.1299999999999999,50,5.6499999999999993e-06,3.7345312023024893e-06,1.4361490558349207e-05
6051,vertical,1.1299999999999999,51,5.6499999999999993e-06,3.7345312023024889e-06,1.1085427046635294e-05
6052,vertical,1.1299999999999999,52,5.6499999999999993e-06,3.7345312023024889e-06,1.2928979974618888e-05
6053,vertical,1.1299999999999999,53,5.6499999999999993e-06,3.7345312023024885e-06,1.1332820983355438e-05
6054,vertical,1.1299999999999999,54,5.650000000000001e-06,3.7345312023024897e-06,1.2769955710954636e-05
6055,vertical,1.1299999999999999,55,5.6500000000000001e-06,3.7345312023024889e-06,1.2350127283629986e-05
6056,vertical,1.1299999999999999,56,5.6499999999999993e-06,3.7345312023024889e-06,1.4988029740023845e-05
6057,vertical,1.1299999999999999,57,5.6499999999999993e-06,3.7345312023024889e-06,1.3330051771639394e-05
6058,vertical,1.1299999999999999,58,5.650000000000001e-06,3.7345312023024893e-06,1.6831500376367628e-05
6059,vertical,1.1299999999999999,59,5.6499999999999993e-06,3.7345312023024885e-06,1.3781962803801291e-05
6060,vertical,1.1299999999999999,60,5.6499999999999993e-06,3.7345312023024893e-06,1.2845991639087884e-05
6061,vertical,1.1299999999999999,61,5.6499999999999993e-06,3.7345312023024889e-06,1.1131486237678411e-05
6062,vertical,1.1299999999999999,62,5.6499999999999993e-06,3.7345312023024889e-06,1.3867226541745852e-05
6063,vertical,1.1299999999999999,63,5.6499999999999993e-06,3.7345312023024897e-06,1.3084282303040753e-05
6064,vertical,1.1299999999999999,64,5.6499999999999993e-06,3.7345312023024889e-06,1.3114874647342181e-05
6065,vertical,1.1299999999999999,65,5.650000000000001e-06,3.7345312023024897e-06,1.3115420552440969e-05
6066,vertical,1.1299999999999999,66,5.6499999999999993e-06,3.7345312023024889e-06,1.416337892882156e-05
6067,vertical,1.1299999999999999,67,5.6500000000000001e-06,3.7345312023024897e-06,1.320387528849399e-05
6068,vertical,1.1299999999999999,68,5.650000000000001e-06,3.7345312023024889e-06,1.3621528416293461e-05
6069,vertical,1.1299999999999999,69,5.6500000000000018e-06,3.7345312023024897e-06,1.2292833353227807e-05
6070,vertical,1.1299999999999999,70,5.650000000000001e-06,3.7345312023024897e-06,1.1972748115386824e-05
6071,vertical,1.1299999999999999,71,5.650000000000001e-06,3.7345312023024889e-06,1.4791111063411781e-05
6072,vertical,1.1299999999999999,72,5.650000000000001e-06,3.7345312023024893e-06,1.4095527835688277e-05
6073,vertical,1.1299999999999999,73,5.650000000000001e-06,3.7345312023024897e-06,1.0908965630639236e-05
6074,vertical,1.1299999999999999,74,5.6499999999999993e-06,3.7345312023024889e-06,1.0330231166333382e-05
6075,vertical,1.1299999999999999,75,5.650000000000001e-06,3.7345312023024897e-06,1.5817493290093087e-05
6076,vertical,1.1299999999999999,76,5.6500000000000001e-06,3.7345312023024893e-06,1.5080043993547652e-05
6077,vertical,1.1299999999999999,77,5.6499999999999993e-06,3.7345312023024885e-06,1.216042484982501e-05
6078,vertical,1.1299999999999999,78,5.6499999999999993e-06,3.7345312023024889e-06,1.5709306807258328e-05
6079,vertical,1.1299999999999999,79,5.650000000000001e-06,3.7345312023024893e-06,1.4162691144485353e-05
6080,vertical,1.1299999999999999,80,5.6499999999999993e-06,3.7345312023024889e-06,1.2225667659108866e-05
6081,vertical,1.1299999999999999,81,5.650000000000001e-06,3.7345312023024881e-06,1.2917548277314017e-05
6082,vertical,1.1299999999999999,82,5.6500000000000001e-06,3.7345312023024893e-06,1.5372861734974859e-05
6083,vertical,1.1299999999999999,83,5.6499999999999993e-06,3.7345312023024885e-06,1.4079961712346617e-05
6084,vertical,1.1299999999999999,84,5.6500000000000001e-06,3.7345312023024889e-06,1.5576413578e-05
6085,vertical,1.1299999999999999,85,5.6500000000000018e-06,3.7345312023024897e-06,1.534660910579216e-05
6086,vertical,1.1299999999999999,86,5.6500000000000001e-06,3.7345312023024889e-06,1.3769793775977262e-05
6087,vertical,1.1299999999999999,87,5.6499999999999993e-06,3.7345312023024885e-06,1.539658882954326e-05
6088,vertical,1.1299999999999999,88,5.6500000000000001e-06,3.7345312023024889e-06,1.2090769776296426e-05
6089,vertical,1.1299999999999999,89,5.650000000000001e-06,3.7345312023024889e-06,1.23865717302897e-05
6090,vertical,1.1299999999999999,90,5.6499999999999993e-06,3.7345312023024889e-06,1.236585932087659e-05
6091,vertical,1.1299999999999999,91,5.650000000000001e-06,3.7345312023024889e-06,1.7138917892986107e-05
6092,vertical,1.1299999999999999,92,5.650000000000001e-06,3.7345312023024897e-06,1.4187893118317639e-05
6093,vertical,1.1299999999999999,93,5.650000000000001e-06,3.7345312023024893e-06,1.159151423686259e-05
6094,vertical,1.1299999999999999,94,5.6500000000000018e-06,3.7345312023024889e-06,1.148540820397002e-05
6095,vertical,1.1299999999999999,95,5.650000000000001e-06,3.7345312023024889e-06,1.197939568865951e-05
6096,vertical,1.1299999999999999,96,5.6500000000000001e-06,3.7345312023024893e-06,1.5494871411986045e-05
6097,vertical,1.1299999999999999,97,5.6500000000000001e-06,3.7345312023024897e-06,1.2088495330138778e-05
6098,vertical,1.1299999999999999,98,5.650000000000001e-06,3.7345312023024897e-06,1.4574999486907295e-05
6099,vertical,1.1299999999999999,99,5.6499999999999993e-06,3.7345312023024889e-06,1.3894097798878287e-05
6100,vertical,1.1299999999999999,100,5.650000000000001e-06,3.7345312023024889e-06,1.4446777385577753e-05
6101,vertical,1.1299999999999999,101,5.650000000000001e-06,3.7345312023024893e-06,1.2960000270085853e-05
6102,vertical,1.1299999999999999,102,5.6499999999999993e-06,3.7345312023024889e-06,1.4895782935306279e-05
6103,vertical,1.1299999999999999,103,5.6499999999999993e-06,3.7345312023024889e-06,1.0806950786463483e-05
6104,vertical,1.1299999999999999,104,5.6499999999999993e-06,3.7345312023024885e-06,1.3719025394500429e-05
6105,vertical,1.1299999999999999,105,5.650000000000001e-06,3.7345312023024897e-06,1.2765206845728329e-05
6106,vertical,1.1299999999999999,106,5.6499999999999976e-06,3.7345312023024881e-06,1.3322441148894216e-05
6107,vertical,1.1299999999999999,107,5.6500000000000001e-06,3.7345312023024889e-06,1.6862594208402418e-05
6108,vertical,1.1299999999999999,108,5.650000000000001e-06,3.7345312023024889e-06,1.3081133232701238e-05
6109,vertical,1.1299999999999999,109,5.6499999999999993e-06,3.7345312023024889e-06,1.8102304503283774e-05
6110,vertical,1.1299999999999999,110,5.650000000000001e-06,3.7345312023024889e-06,1.2709126200695966e-05
6111,vertical,1.1299999999999999,111,5.6499999999999993e-06,3.7345312023024893e-06,1.2862351120422738e-05
6112,vertical,1.1299999999999999,112,5.650000000000001e-06,3.7345312023024893e-06,1.4382124937923848e-05
6113,vertical,1.1299999999999999,113,5.6500000000000001e-06,3.7345312023024885e-06,1.1772857409404614e-05
6114,vertical,1.1299999999999999,114,5.650000000000001e-06,3.7345312023024897e-06,1.2613626709191166e-05
6115,vertical,1.1299999999999999,115,5.6499999999999993e-06,3.7345312023024893e-06,1.3183618198391792e-05
6116,vertical,1.1299999999999999,116,5.650000000000001e-06,3.7345312023024889e-06,1.1988149933127524e-05
6117,vertical,1.1299999999999999,117,5.6499999999999993e-06,3.7345312023024889e-06,1.2874180970410734e-05
6118,vertical,1.1299999999999999,118,5.6499999999999993e-06,3.7345312023024893e-06,1.2121643961473013e-05
6119,vertical,1.1299999999999999,119,5.650000000000001e-06,3.7345312023024893e-06,1.3720117471915929e-05
6120,vertical,1.1299999999999999,120,5.6500000000000018e-06,3.7345312023024897e-06,1.426423642819776e-05
6121,vertical,1.1299999999999999,121,5.650000000000001e-06,3.7345312023024889e-06,1.3518613455979474e-05
6122,vertical,1.1299999999999999,122,5.6500000000000001e-06,3.7345312023024889e-06,1.4534288724422649e-05
6123,vertical,1.1299999999999999,123,5.6499999999999993e-06,3.7345312023024893e-06,1.1455273123468015e-05
6124,vertical,1.1299999999999999,124,5.6500000000000001e-06,3.7345312023024893e-06,1.4215409678526922e-05
6125,vertical,1.1299999999999999,125,5.650000000000001e-06,3.7345312023024897e-06,1.2941977756284832e-05
6126,vertical,1.1299999999999999,126,5.6499999999999993e-06,3.7345312023024885e-06,1.2857592414250889e-05
6127,vertical,1.1299999999999999,127,5.650000000000001e-06,3.7345312023024893e-06,1.2770126589151001e-05
6128,vertical,1.1299999999999999,128,5.6500000000000001e-06,3.7345312023024897e-06,1.3279541308761916e-05
6129,vertical,1.1299999999999999,129,5.6499999999999993e-06,3.7345312023024889e-06,1.6502335533118311e-05
6130,vertical,1.1299999999999999,130,5.6500000000000001e-06,3.7345312023024889e-06,1.2844578209622605e-05
6131,vertical,1.1299999999999999,131,5.650000000000001e-06,3.7345312023024889e-06,1.0975928128239846e-05
6132,vertical,1.1299999999999999,132,5.6499999999999993e-06,3.7345312023024889e-06,1.5740552541198408e-05
6133,vertical,1.1299999999999999,133,5.6499999999999993e-06,3.7345312023024889e-06,1.3791923122286918e-05
6134,vertical,1.1299999999999999,134,5.650000000000001e-06,3.7345312023024889e-06,1.7020901980608194e-05
6135,vertical,1.1299999999999999,135,5.6499999999999993e-06,3.7345312023024885e-06,1.2542837399458769e-05
6136,vertical,1.1299999999999999,136,5.6499999999999993e-06,3.7345312023024885e-06,1.610044002184464e-05
6137,vertical,1.1299999999999999,137,5.6499999999999993e-06,3.7345312023024881e-06,1.2256439284165456e-05
6138,vertical,1.1299999999999999,138,5.6500000000000027e-06,3.7345312023024897e-06,1.7084970493991937e-05
6139,vertical,1.1299999999999999,139,5.6500000000000001e-06,3.7345312023024885e-06,1.4457682859694853e-05
6140,vertical,1.1299999999999999,140,5.6500000000000001e-06,3.7345312023024893e-06,1.5545947564094949e-05
6141,vertical,1.1299999999999999,141,5.6499999999999984e-06,3.7345312023024889e-06,1.1483372418347637e-05
6142,vertical,1.1299999999999999,142,5.650000000000001e-06,3.7345312023024897e-06,1.6571715765349556e-05
6143,vertical,1.1299999999999999,143,5.6500000000000001e-06,3.7345312023024889e-06,1.2752628910702185e-05
6144,vertical,1.1299999999999999,144,5.6499999999999984e-06,3.7345312023024885e-06,1.455331916493088e-05
6145,vertical,1.1299999999999999,145,5.6499999999999993e-06,3.7345312023024889e-06,1.526119413375653e-05
6146,vertical,1.1299999999999999,146,5.650000000000001e-06,3.7345312023024889e-06,1.2181608133246826e-05
6147,vertical,1.1299999999999999,147,5.650000000000001e-06,3.7345312023024893e-06,1.5927226721286041e-05
6148,vertical,1.1299999999999999,148,5.650000000000001e-06,3.7345312023024897e-06,1.4499397870820315e-05
6149,vertical,1.1299999999999999,149,5.6500000000000001e-06,3.7345312023024889e-06,1.4349321118804078e-05
6150,vertical,1.1299999999999999,150,5.650000000000001e-06,3.7345312023024889e-06,1.7308939426931554e-05
6151,vertical,1.1299999999999999,151,5.650000000000001e-06,3.7345312023024893e-06,1.5027472774245717e-05
6152,vertical,1.1299999999999999,152,5.650000000000001e-06,3.7345312023024897e-06,1.4696311380177146e-05
6153,vertical,1.1299999999999999,153,5.650000000000001e-06,3.7345312023024889e-06,1.334391286395115e-05
6154,vertical,1.1299999999999999,154,5.6499999999999993e-06,3.7345312023024889e-06,1.1906022556945619e-05
6155,vertical,1.1299999999999999,155,5.6500000000000001e-06,3.7345312023024889e-06,1.6343925602928294e-05
6156,vertical,1.1299999999999999,156,5.650000000000001e-06,3.7345312023024897e-06,1.3757083462769923e-05
6157,vertical,1.1299999999999999,157,5.6499999999999993e-06,3.7345312023024889e-06,1.2359437680366379e-05
6158,vertical,1.1299999999999999,158,5.6500000000000001e-06,3.7345312023024897e-06,1.1143282931634061e-05
6159,vertical,1.1299999999999999,159,5.650000000000001e-06,3.7345312023024893e-06,1.6794981053907615e-05
6160,vertical,1.1299999999999999,160,5.650000000000001e-06,3.7345312023024889e-06,1.3799830923845585e-05
6161,vertical,1.1299999999999999,161,5.6500000000000001e-06,3.7345312023024889e-06,1.3806022711789094e-05
6162,vertical,1.1299999999999999,162,5.6500000000000001e-06,3.7345312023024897e-06,1.1861547633793895e-05
6163,vertical,1.1299999999999999,163,5.6500000000000001e-06,3.7345312023024889e-06,1.6587200531745982e-05
6164,vertical,1.1299999999999999,164,5.6499999999999993e-06,3.7345312023024885e-06,1.269932258567088e-05
6165,vertical,1.1299999999999999,165,5.6499999999999993e-06,3.7345312023024885e-06,1.3059123022049672e-05
6166,vertical,1.1299999999999999,166,5.6500000000000018e-06,3.7345312023024897e-06,1.3428663080379452e-05
6167,vertical,1.1299999999999999,167,5.6499999999999993e-06,3.7345312023024885e-06,1.1759155112762025e-05
6168,vertical,1.1299999999999999,168,5.650000000000001e-06,3.7345312023024889e-06,1.4351256765948586e-05
6169,vertical,1.1299999999999999,169,5.6499999999999993e-06,3.7345312023024889e-06,1.328566970453256e-05
6170,vertical,1.1299999999999999,170,5.650000000000001e-06,3.7345312023024897e-06,1.4555945645013145e-05
6171,vertical,1.1299999999999999,171,5.6499999999999993e-06,3.7345312023024885e-06,1.5377951871941008e-05
6172,vertical,1.1299999999999999,172,5.6499999999999993e-06,3.7345312023024881e-06,2.1706698022952697e-05
6173,vertical,1.1299999999999999,173,5.6500000000000001e-06,3.7345312023024897e-06,1.4670064483058377e-05
6174,vertical,1.1299999999999999,174,5.6500000000000001e-06,3.7345312023024897e-06,1.8123252089150552e-05
6175,vertical,1.1299999999999999,175,5.650000000000001e-06,3.7345312023024897e-06,1.3374757487458659e-05
6176,vertical,1.1299999999999999,176,5.650000000000001e-06,3.7345312023024893e-06,1.5088279899340323e-05
6177,vertical,1.1299999999999999,177,5.6499999999999993e-06,3.7345312023024885e-06,1.2520590494162953e-05
6178,vertical,1.1299999999999999,178,5.6500000000000001e-06,3.7345312023024885e-06,1.2935362653244022e-05
6179,vertical,1.1299999999999999,179,5.6500000000000001e-06,3.7345312023024893e-06,1.9502081955278759e-05
6180,vertical,1.1299999999999999,180,5.6499999999999993e-06,3.7345312023024889e-06,1.7242999582114812e-05
6181,vertical,1.1299999999999999,181,5.650000000000001e-06,3.7345312023024897e-06,1.367354253919979e-05
6182,vertical,1.1299999999999999,182,5.650000000000001e-06,3.7345312023024897e-06,1.3711346233062645e-05
6183,vertical,1.1299999999999999,183,5.650000000000001e-06,3.7345312023024897e-06,1.3578009365417007e-05
6184,vertical,1.1299999999999999,184,5.650000000000001e-06,3.7345312023024893e-06,1.27801155391409e-05
6185,vertical,1.1299999999999999,185,5.650000000000001e-06,3.7345312023024889e-06,1.1478165846398937e-05
6186,vertical,1.1299999999999999,186,5.650000000000001e-06,3.7345312023024889e-06,1.2973282806124208e-05
6187,vertical,1.1299999999999999,187,5.6500000000000001e-06,3.7345312023024889e-06,1.3214503063376332e-05
6188,vertical,1.1299999999999999,188,5.650000000000001e-06,3.7345312023024889e-06,1.1743032505785279e-05
6189,vertical,1.1299999999999999,189,5.6499999999999993e-06,3.7345312023024889e-06,1.1961039873730295e-05
6190,vertical,1.1299999999999999,190,5.650000000000001e-06,3.7345312023024893e-06,1.6696683180299121e-05
6191,vertical,1.1299999999999999,191,5.6499999999999976e-06,3.7345312023024881e-06,1.3178188487562367e-05
6192,vertical,1.1299999999999999,192,5.650000000000001e-06,3.7345312023024889e-06,1.2329434610114102e-05
6193,vertical,1.1299999999999999,193,5.6500000000000001e-06,3.7345312023024893e-06,1.4707117946795614e-05
6194,vertical,1.1299999999999999,194,5.6500000000000001e-06,3.7345312023024889e-06,1.4184840022282172e-05
6195,vertical,1.1299999999999999,195,5.6500000000000001e-06,3.7345312023024889e-06,1.4907664040130645e-05
6196,vertical,1.1299999999999999,196,5.6500000000000001e-06,3.7345312023024889e-06,1.2036606171520767e-05
6197,vertical,1.1299999999999999,197,5.650000000000001e-06,3.7345312023024893e-06,1.5716108248084795e-05
6198,vertical,1.1299999999999999,198,5.6499999999999993e-06,3.7345312023024889e-06,1.2562435725346279e-05
6199,vertical,1.1299999999999999,199,5.650000000000001e-06,3.7345312023024889e-06,1.1479088601140742e-05
6200,vertical,1.1299999999999999,200,5.650000000000001e-06,3.7345312023024889e-06,1.4109734986885752e-05
6201,vertical,1.1299999999999999,201,5.650000000000001e-06,3.7345312023024893e-06,1.5955815368217235e-05
6202,vertical,1.1299999999999999,202,5.6499999999999993e-06,3.7345312023024885e-06,1.1559445780293107e-05
6203,vertical,1.1299999999999999,203,5.6499999999999993e-06,3.7345312023024889e-06,1.4923839707195549e-05
6204,vertical,1.1299999999999999,204,5.6500000000000001e-06,3.7345312023024889e-06,1.4781810397277853e-05
6205,vertical,1.1299999999999999,205,5.6499999999999993e-06,3.7345312023024889e-06,1.4542118071998902e-05
6206,vertical,1.1299999999999999,206,5.6500000000000001e-06,3.7345312023024889e-06,1.3118620242436421e-05
6207,vertical,1.1299999999999999,207,5.6499999999999993e-06,3.7345312023024893e-06,1.288270674978566e-05
6208,vertical,1.1299999999999999,208,5.650000000000001e-06,3.7345312023024902e-06,1.4940617290697571e-05
6209,vertical,1.1299999999999999,209,5.6500000000000001e-06,3.7345312023024889e-06,1.342127644339286e-05
6210,vertical,1.1299999999999999,210,5.6499999999999993e-06,3.7345312023024893e-06,1.5761147948204686e-05
6211,vertical,1.1299999999999999,211,5.6500000000000018e-06,3.7345312023024897e-06,1.5702456335566004e-05
6212,vertical,1.1299999999999999,212,5.650000000000001e-06,3.7345312023024897e-06,1.5203506735249705e-05
6213,vertical,1.1299999999999999,213,5.6500000000000001e-06,3.7345312023024897e-06,1.0695878300080878e-05
6214,vertical,1.1299999999999999,214,5.6500000000000018e-06,3.7345312023024893e-06,1.2277549613124228e-05
6215,vertical,1.1299999999999999,215,5.6499999999999993e-06,3.7345312023024885e-06,1.671379968134572e-05
6216,vertical,1.1299999999999999,216,5.6500000000000001e-06,3.7345312023024893e-06,1.1299735712608109e-05
6217,vertical,1.1299999999999999,217,5.6500000000000001e-06,3.7345312023024889e-06,1.0944420143069624e-05
6218,vertical,1.1299999999999999,218,5.650000000000001e-06,3.7345312023024897e-06,1.3221588632204498e-05
6219,vertical,1.1299999999999999,219,5.6499999999999993e-06,3.7345312023024889e-06,1.4503857212717746e-05
6220,vertical,1.1299999999999999,220,5.650000000000001e-06,3.7345312023024897e-06,1.0812174328720964e-05
6221,vertical,1.1299999999999999,221,5.6500000000000001e-06,3.7345312023024889e-06,1.4608329459824154e-05
6222,vertical,1.1299999999999999,222,5.6500000000000001e-06,3.7345312023024893e-06,1.2537394805162989e-05
6223,vertical,1.1299999999999999,223,5.6499999999999993e-06,3.7345312023024889e-06,1.5103526981648114e-05
6224,vertical,1.1299999999999999,224,5.650000000000001e-06,3.7345312023024893e-06,1.3401648366232532e-05
6225,vertical,1.1299999999999999,225,5.650000000000001e-06,3.7345312023024885e-06,1.314906884238236e-05
6226,vertical,1.1299999999999999,226,5.650000000000001e-06,3.7345312023024897e-06,1.3446051350471875e-05
6227,vertical,1.1299999999999999,227,5.6499999999999993e-06,3.7345312023024889e-06,1.513625111862039e-05
6228,vertical,1.1299999999999999,228,5.650000000000001e-06,3.7345312023024897e-06,1.3129070756601445e-05
6229,vertical,1.1299999999999999,229,5.650000000000001e-06,3.7345312023024897e-06,1.5366637812195953e-05
6230,vertical,1.1299999999999999,230,5.6499999999999993e-06,3.7345312023024893e-06,1.5211090044947319e-05
6231,vertical,1.1299999999999999,231,5.650000000000001e-06,3.7345312023024893e-06,1.6468827612839916e-05
6232,vertical,1.1299999999999999,232,5.650000000000001e-06,3.7345312023024889e-06,1.0731948270423082e-05
6233,vertical,1.1299999999999999,233,5.650000000000001e-06,3.7345312023024889e-06,1.9161790922015234e-05
6234,vertical,1.1299999999999999,234,5.650000000000001e-06,3.7345312023024893e-06,1.0466047438598415e-05
6235,vertical,1.1299999999999999,235,5.6500000000000001e-06,3.7345312023024889e-06,1.2967730559430647e-05
6236,vertical,1.1299999999999999,236,5.6499999999999993e-06,3.7345312023024889e-06,1.5334232931879594e-05
6237,vertical,1.1299999999999999,237,5.650000000000001e-06,3.7345312023024897e-06,1.1516038719293388e-05
6238,vertical,1.1299999999999999,238,5.6499999999999984e-06,3.7345312023024885e-06,1.3802603581592511e-05
6239,vertical,1.1299999999999999,239,5.6499999999999993e-06,3.7345312023024889e-06,1.4291788899812036e-05
6240,vertical,1.1299999999999999,240,5.6500000000000001e-06,3.7345312023024889e-06,1.4782872084358043e-05
6241,vertical,1.1299999999999999,241,5.6499999999999993e-06,3.7345312023024889e-06,1.1547312387787253e-05
6242,vertical,1.1299999999999999,242,5.6499999999999993e-06,3.7345312023024881e-06,1.5489085838274663e-05
6243,vertical,1.1299999999999999,243,5.6499999999999993e-06,3.7345312023024889e-06,1.2206290312213827e-05
6244,vertical,1.1299999999999999,244,5.650000000000001e-06,3.7345312023024897e-06,1.2206666646584904e-05
6245,vertical,1.1299999999999999,245,5.650000000000001e-06,3.7345312023024889e-06,1.3804657124026063e-05
6246,vertical,1.1299999999999999,246,5.650000000000001e-06,3.7345312023024897e-06,1.1657089366888422e-05
6247,vertical,1.1299999999999999,247,5.6500000000000018e-06,3.7345312023024893e-06,1.7484066805356786e-05
6248,vertical,1.1299999999999999,248,5.650000000000001e-06,3.7345312023024889e-06,1.3057685486075404e-05
6249,vertical,1.1299999999999999,249,5.650000000000001e-06,3.7345312023024893e-06,1.8647513680435701e-05
6250,vertical,1.1299999999999999,250,5.650000000000001e-06,3.7345312023024897e-06,1.4447795538222587e-05
6251,vertical,1.1299999999999999,251,5.650000000000001e-06,3.7345312023024885e-06,1.0841893629415073e-05
6252,vertical,1.1299999999999999,252,5.650000000000001e-06,3.7345312023024889e-06,1.6298922588803577e-05
6253,vertical,1.1299999999999999,253,5.6499999999999993e-06,3.7345312023024885e-06,1.3917125256225236e-05
6254,vertical,1.1299999999999999,254,5.6500000000000001e-06,3.7345312023024889e-06,1.1779244231701095e-05
6255,vertical,1.1299999999999999,255,5.650000000000001e-06,3.7345312023024889e-06,1.6461745739214064e-05
6256,vertical,1.1299999999999999,256,5.650000000000001e-06,3.7345312023024897e-06,1.3071344709291731e-05
6257,vertical,1.1299999999999999,257,5.6499999999999984e-06,3.7345312023024885e-06,1.741754932308514e-05
6258,vertical,1.1299999999999999,258,5.650000000000001e-06,3.7345312023024902e-06,1.7091001252121033e-05
6259,vertical,1.1299999999999999,259,5.6500000000000001e-06,3.7345312023024889e-06,1.6323665893276859e-05
6260,vertical,1.1299999999999999,260,5.6500000000000001e-06,3.7345312023024889e-06,1.3122256211438512e-05
6261,vertical,1.1299999999999999,261,5.6499999999999984e-06,3.7345312023024885e-06,1.3735578325109645e-05
6262,vertical,1.1299999999999999,262,5.6499999999999993e-06,3.7345312023024889e-06,1.3187430064124952e-05
6263,vertical,1.1299999999999999,263,5.6500000000000001e-06,3.7345312023024893e-06,1.3891936010894519e-05
6264,vertical,1.1299999999999999,264,5.6500000000000001e-06,3.7345312023024889e-06,1.302843770331146e-05
6265,vertical,1.1299999999999999,265,5.650000000000001e-06,3.7345312023024897e-06,1.5175659290398753e-05
6266,vertical,1.1299999999999999,266,5.6500000000000001e-06,3.7345312023024893e-06,1.6880049906667728e-05
6267,vertical,1.1299999999999999,267,5.6500000000000001e-06,3.7345312023024885e-06,1.4593289523815129e-05
6268,vertical,1.1299999999999999,268,5.6500000000000018e-06,3.7345312023024897e-06,1.690363392361185e-05
6269,vertical,1.1299999999999999,269,5.6500000000000001e-06,3.7345312023024893e-06,1.1772610427051688e-05
6270,vertical,1.1299999999999999,270,5.650000000000001e-06,3.7345312023024897e-06,1.3929879167822647e-05
6271,vertical,1.1299999999999999,271,5.6499999999999993e-06,3.7345312023024881e-06,1.9199113361451716e-05
6272,vertical,1.1299999999999999,272,5.650000000000001e-06,3.7345312023024889e-06,1.5054289033841459e-05
6273,vertical,1.1299999999999999,273,5.650000000000001e-06,3.7345312023024893e-06,1.4604840866884412e-05
6274,vertical,1.1299999999999999,274,5.6499999999999993e-06,3.7345312023024889e-06,1.1827815301265309e-05
6275,vertical,1.1299999999999999,275,5.6499999999999993e-06,3.7345312023024889e-06,1.195739574264882e-05
6276,vertical,1.1299999999999999,276,5.650000000000001e-06,3.7345312023024897e-06,1.5992805638770071e-05
6277,vertical,1.1299999999999999,277,5.6499999999999993e-06,3.7345312023024885e-06,1.1247790700157045e-05
6278,vertical,1.1299999999999999,278,5.650000000000001e-06,3.7345312023024893e-06,1.4745657117238537e-05
6279,vertical,1.1299999999999999,279,5.6500000000000018e-06,3.7345312023024897e-06,1.3757296488710591e-05
6280,vertical,1.1299999999999999,280,5.6499999999999993e-06,3.7345312023024893e-06,1.3212866542156244e-05
6281,vertical,1.1299999999999999,281,5.6499999999999993e-06,3.7345312023024889e-06,1.3017495818152119e-05
6282,vertical,1.1299999999999999,282,5.650000000000001e-06,3.7345312023024889e-06,1.5916809349855447e-05
6283,vertical,1.1299999999999999,283,5.650000000000001e-06,3.7345312023024893e-06,1.2894958022039078e-05
6284,vertical,1.1299999999999999,284,5.650000000000001e-06,3.7345312023024893e-06,1.6504006800391088e-05
6285,vertical,1.1299999999999999,285,5.6499999999999993e-06,3.7345312023024889e-06,1.6185731862592646e-05
6286,vertical,1.1299999999999999,286,5.650000000000001e-06,3.7345312023024893e-06,1.2730256809978917e-05
6287,vertical,1.1299999999999999,287,5.650000000000001e-06,3.7345312023024889e-06,1.5226692647543142e-05
6288,vertical,1.1299999999999999,288,5.6500000000000001e-06,3.7345312023024889e-06,1.1578605824864286e-05
6289,vertical,1.1299999999999999,289,5.650000000000001e-06,3.7345312023024897e-06,1.2355189130876495e-05
6290,vertical,1.1299999999999999,290,5.6500000000000001e-06,3.7345312023024889e-06,1.3377367114575694e-05
6291,vertical,1.1299999999999999,291,5.6499999999999993e-06,3.7345312023024889e-06,1.2427525988526451e-05
6292,vertical,1.1299999999999999,292,5.6499999999999993e-06,3.7345312023024885e-06,1.289449874086961e-05
6293,vertical,1.1299999999999999,293,5.6499999999999993e-06,3.7345312023024885e-06,1.7696535268993085e-05
6294,vertical,1.1299999999999999,294,5.6499999999999993e-06,3.7345312023024885e-06,1.3697038863219032e-05
6295,vertical,1.1299999999999999,295,5.650000000000001e-06,3.7345312023024889e-06,1.2723565846323127e-05
6296,vertical,1.1299999999999999,296,5.650000000000001e-06,3.7345312023024897e-06,1.376828298979038e-05
6297,vertical,1.1299999999999999,297,5.650000000000001e-06,3.7345312023024893e-06,1.2889345685776043e-05
6298,vertical,1.1299999999999999,298,5.6499999999999993e-06,3.7345312023024889e-06,1.2559753433536336e-05
6299,vertical,1.1299999999999999,299,5.6500000000000001e-06,3.7345312023024889e-06,1.5329362214341456e-05
6300,vertical,1.1299999999999999,300,5.6499999999999993e-06,3.7345312023024897e-06,1.2994453982143627e-05
6301,vertical,1.1299999999999999,301,5.6499999999999993e-06,3.7345312023024893e-06,1.4059727792250218e-05
6302,vertical,1.1299999999999999,302,5.6499999999999993e-06,3.7345312023024885e-06,1.3563440865375894e-05
6303,vertical,1.1299999999999999,303,5.650000000000001e-06,3.7345312023024897e-06,1.5128523784578295e-05
6304,vertical,1.1299999999999999,304,5.6499999999999993e-06,3.7345312023024889e-06,1.6838598940297844e-05
6305,vertical,1.1299999999999999,305,5.6499999999999993e-06,3.7345312023024897e-06,1.4806946148839738e-05
6306,vertical,1.1299999999999999,306,5.650000000000001e-06,3.7345312023024889e-06,1.7357897203231207e-05
6307,vertical,1.1299999999999999,307,5.650000000000001e-06,3.7345312023024889e-06,1.1979355060082332e-05
6308,vertical,1.1299999999999999,308,5.6499999999999993e-06,3.7345312023024889e-06,1.1627614944315103e-05
6309,vertical,1.1299999999999999,309,5.6500000000000001e-06,3.7345312023024889e-06,1.3248978285627592e-05
6310,vertical,1.1299999999999999,310,5.650000000000001e-06,3.7345312023024889e-06,1.2512151281234078e-05
6311,vertical,1.1299999999999999,311,5.6499999999999993e-06,3.7345312023024893e-06,1.4084698358565815e-05
6312,vertical,1.1299999999999999,312,5.6500000000000001e-06,3.7345312023024889e-06,1.6230536359577858e-05
6313,vertical,1.1299999999999999,313,5.6500000000000001e-06,3.7345312023024885e-06,1.4477202056196197e-05
6314,vertical,1.1299999999999999,314,5.6499999999999993e-06,3.7345312023024885e-06,1.2702924897838574e-05
6315,vertical,1.1299999999999999,315,5.6500000000000018e-06,3.7345312023024897e-06,1.5432098500290034e-05
6316,vertical,1.1299999999999999,316,5.6499999999999984e-06,3.7345312023024885e-06,1.4656162691740759e-05
6317,vertical,1.1299999999999999,317,5.650000000000001e-06,3.7345312023024889e-06,1.8597032091933801e-05
6318,vertical,1.1299999999999999,318,5.6500000000000001e-06,3.7345312023024889e-06,1.2507313995901006e-05
6319,vertical,1.1299999999999999,319,5.6499999999999993e-06,3.7345312023024893e-06,1.3704730926008832e-05
6320,vertical,1.1299999999999999,320,5.6500000000000001e-06,3.7345312023024889e-06,1.3872441121006256e-05
6321,vertical,1.1299999999999999,321,5.650000000000001e-06,3.7345312023024889e-06,1.3072481735173556e-05
6322,vertical,1.1299999999999999,322,5.650000000000001e-06,3.7345312023024889e-06,1.4778339798343261e-05
6323,vertical,1.1299999999999999,323,5.6499999999999993e-06,3.7345312023024885e-06,1.3486144607518899e-05
6324,vertical,1.1299999999999999,324,5.650000000000001e-06,3.7345312023024889e-06,1.3453172549267314e-05
6325,vertical,1.1299999999999999,325,5.650000000000001e-06,3.7345312023024889e-06,1.2668328880055586e-05
6326,vertical,1.1299999999999999,326,5.6500000000000027e-06,3.7345312023024902e-06,1.1122151570205671e-05
6327,vertical,1.1299999999999999,327,5.6499999999999993e-06,3.7345312023024889e-06,1.3814616292209204e-05
6328,vertical,1.1299999999999999,328,5.650000000000001e-06,3.7345312023024893e-06,1.3979256718567053e-05
6329,vertical,1.1299999999999999,329,5.6500000000000001e-06,3.7345312023024885e-06,1.4512552341542354e-05
6330,vertical,1.1299999999999999,330,5.6500000000000001e-06,3.7345312023024889e-06,1.5689760181437633e-05
6331,vertical,1.1299999999999999,331,5.6500000000000027e-06,3.7345312023024897e-06,1.4190935796661106e-05
6332,vertical,1.1299999999999999,332,5.6499999999999993e-06,3.7345312023024889e-06,1.5294262006484426e-05
6333,vertical,1.1299999999999999,333,5.6499999999999993e-06,3.7345312023024889e-06,1.3870046215807046e-05
6334,vertical,1.1299999999999999,334,5.6499999999999993e-06,3.7345312023024889e-06,1.69170978930578e-05
6335,vertical,1.1299999999999999,335,5.6499999999999993e-06,3.7345312023024889e-06,1.4831343334246717e-05
6336,vertical,1.1299999999999999,336,5.650000000000001e-06,3.7345312023024897e-06,1.3237956814475005e-05
6337,vertical,1.1299999999999999,337,5.6500000000000018e-06,3.7345312023024893e-06,1.1899405799890016e-05
6338,vertical,1.1299999999999999,338,5.6500000000000001e-06,3.7345312023024897e-06,1.3888144649807985e-05
6339,vertical,1.1299999999999999,339,5.6499999999999993e-06,3.7345312023024889e-06,1.3710645758727379e-05
6340,vertical,1.1299999999999999,340,5.650000000000001e-06,3.7345312023024889e-06,1.4204091960846361e-05
6341,vertical,1.1299999999999999,341,5.6500000000000001e-06,3.7345312023024885e-06,1.6556905483765366e-05
6342,vertical,1.1299999999999999,342,5.6499999999999993e-06,3.7345312023024889e-06,1.4662491740491037e-05
6343,vertical,1.1299999999999999,343,5.6499999999999993e-06,3.7345312023024893e-06,1.6676912584056084e-05
6344,vertical,1.1299999999999999,344,5.650000000000001e-06,3.7345312023024889e-06,1.4832380284402956e-05
6345,vertical,1.1299999999999999,345,5.650000000000001e-06,3.7345312023024897e-06,1.3073000537040866e-05
6346,vertical,1.1299999999999999,346,5.650000000000001e-06,3.7345312023024897e-06,1.1532554754614056e-05
6347,vertical,1.1299999999999999,347,5.650000000000001e-06,3.7345312023024893e-06,1.5198228294949484e-05
6348,vertical,1.1299999999999999,348,5.6499999999999993e-06,3.7345312023024889e-06,1.4919794499506707e-05
6349,vertical,1.1299999999999999,349,5.6499999999999993e-06,3.7345312023024885e-06,1.2547511455694737e-05
6350,vertical,1.1299999999999999,350,5.650000000000001e-06,3.7345312023024893e-06,1.5950277705215735e-05
6351,vertical,1.1299999999999999,351,5.6500000000000001e-06,3.7345312023024889e-06,1.4664664890170135e-05
6352,vertical,1.1299999999999999,352,5.6500000000000018e-06,3.7345312023024902e-06,1.6350315522089207e-05
6353,vertical,1.1299999999999999,353,5.650000000000001e-06,3.7345312023024889e-06,1.1815838766545497e-05
6354,vertical,1.1299999999999999,354,5.6500000000000001e-06,3.7345312023024889e-06,1.5439171177689488e-05
6355,vertical,1.1299999999999999,355,5.650000000000001e-06,3.7345312023024893e-06,1.7282856495903526e-05
6356,vertical,1.1299999999999999,356,5.650000000000001e-06,3.7345312023024889e-06,1.2391817355754631e-05
6357,vertical,1.1299999999999999,357,5.650000000000001e-06,3.7345312023024889e-06,1.5457601528063953e-05
6358,vertical,1.1299999999999999,358,5.650000000000001e-06,3.7345312023024889e-06,1.9490703417873131e-05
6359,vertical,1.1299999999999999,359,5.6499999999999993e-06,3.7345312023024889e-06,1.9295497107599185e-05
6360,vertical,1.1299999999999999,360,5.650000000000001e-06,3.7345312023024893e-06,1.4459748577697727e-05
6361,vertical,1.1299999999999999,361,5.6499999999999993e-06,3.7345312023024897e-06,1.2880800367636467e-05
6362,vertical,1.1299999999999999,362,5.6500000000000018e-06,3.7345312023024897e-06,1.5624217600552413e-05
6363,vertical,1.1299999999999999,363,5.650000000000001e-06,3.7345312023024893e-06,1.267209594476069e-05
6364,vertical,1.1299999999999999,364,5.6499999999999993e-06,3.7345312023024885e-06,1.3066605187733811e-05
6365,vertical,1.1299999999999999,365,5.6499999999999993e-06,3.7345312023024889e-06,1.6735043572349479e-05
6366,vertical,1.1299999999999999,366,5.6499999999999993e-06,3.7345312023024889e-06,1.6036366297716914e-05
6367,vertical,1.1299999999999999,367,5.650000000000001e-06,3.7345312023024897e-06,1.4617886360660235e-05
6368,vertical,1.1299999999999999,368,5.650000000000001e-06,3.7345312023024889e-06,1.4800666018658107e-05
6369,vertical,1.1299999999999999,369,5.650000000000001e-06,3.7345312023024893e-06,1.666797536022078e-05
6370,vertical,1.1299999999999999,370,5.6500000000000001e-06,3.7345312023024889e-06,1.2421185261398604e-05
6371,vertical,1.1299999999999999,371,5.6499999999999993e-06,3.7345312023024885e-06,1.563213554787377e-05
6372,vertical,1.1299999999999999,372,5.6499999999999993e-06,3.7345312023024889e-06,1.2733834302549414e-05
6373,vertical,1.1299999999999999,373,5.6499999999999993e-06,3.7345312023024889e-06,1.3925195293067264e-05
6374,vertical,1.1299999999999999,374,5.650000000000001e-06,3.7345312023024897e-06,1.2260916689309829e-05
6375,vertical,1.1299999999999999,375,5.6499999999999993e-06,3.7345312023024889e-06,1.5600967479260212e-05
6376,vertical,1.1299999999999999,376,5.650000000000001e-06,3.7345312023024897e-06,1.6456900129418047e-05
6377,vertical,1.1299999999999999,377,5.650000000000001e-06,3.7345312023024893e-06,1.4176272630260858e-05
6378,vertical,1.1299999999999999,378,5.650000000000001e-06,3.7345312023024889e-06,1.2966163967690078e-05
6379,vertical,1.1299999999999999,379,5.6500000000000001e-06,3.7345312023024889e-06,1.6526137230983254e-05
6380,vertical,1.1299999999999999,380,5.6499999999999993e-06,3.7345312023024889e-06,1.5746683123946327e-05
6381,vertical,1.1299999999999999,381,5.6500000000000001e-06,3.7345312023024897e-06,1.4003622543417958e-05
6382,vertical,1.1299999999999999,382,5.650000000000001e-06,3.7345312023024889e-06,1.4328873881400085e-05
6383,vertical,1.1299999999999999,383,5.650000000000001e-06,3.7345312023024889e-06,1.3745477455465131e-05
6384,vertical,1.1299999999999999,384,5.650000000000001e-06,3.7345312023024893e-06,1.3263005327599407e-05
6385,vertical,1.1299999999999999,385,5.6499999999999993e-06,3.7345312023024889e-06,1.4630835135733909e-05
6386,vertical,1.1299999999999999,386,5.6500000000000001e-06,3.7345312023024885e-06,1.1623447153813212e-05
6387,vertical,1.1299999999999999,387,5.650000000000001e-06,3.7345312023024893e-06,1.8307229138432125e-05
6388,vertical,1.1299999999999999,388,5.6499999999999993e-06,3.7345312023024885e-06,1.745500263509783e-05
6389,vertical,1.1299999999999999,389,5.6499999999999993e-06,3.7345312023024889e-06,1.5797409434425333e-05
6390,vertical,1.1299999999999999,390,5.6499999999999993e-06,3.7345312023024889e-06,1.171812838497884e-05
6391,vertical,1.1299999999999999,391,5.6500000000000018e-06,3.7345312023024889e-06,1.3995751447871959e-05
6392,vertical,1.1299999999999999,392,5.650000000000001e-06,3.7345312023024889e-06,1.5031629510712333e-05
6393,vertical,1.1299999999999999,393,5.6500000000000001e-06,3.7345312023024889e-06,1.2501052099473296e-05
6394,vertical,1.1299999999999999,394,5.650000000000001e-06,3.7345312023024889e-06,1.5640619707854215e-05
6395,vertical,1.1299999999999999,395,5.650000000000001e-06,3.7345312023024889e-06,1.2191701996050396e-05
6396,vertical,1.1299999999999999,396,5.650000000000001e-06,3.7345312023024885e-06,1.4480214972460928e-05
6397,vertical,1.1299999999999999,397,5.6499999999999993e-06,3.7345312023024885e-06,1.7057950584808726e-05
6398,vertical,1.1299999999999999,398,5.650000000000001e-06,3.7345312023024897e-06,1.8571727856484528e-05
6399,vertical,1.1299999999999999,399,5.650000000000001e-06,3.7345312023024889e-06,1.2335018676461949e-05
6400,vertical,1.1299999999999999,400,5.650000000000001e-06,3.7345312023024889e-06,1.4761826338998789e-05
6401,vertical,1.1299999999999999,401,5.6499999999999993e-06,3.7345312023024881e-06,1.3169753780108093e-05
6402,vertical,1.1299999999999999,402,5.650000000000001e-06,3.7345312023024893e-06,1.2726068367778464e-05
6403,vertical,1.1299999999999999,403,5.6500000000000001e-06,3.7345312023024897e-06,1.3426656172119759e-05
6404,vertical,1.1299999999999999,404,5.650000000000001e-06,3.7345312023024897e-06,1.1241531000873141e-05
6405,vertical,1.1299999999999999,405,5.650000000000001e-06,3.7345312023024889e-06,1.2988289889423433e-05
6406,vertical,1.1299999999999999,406,5.6499999999999993e-06,3.7345312023024889e-06,1.3858541555066659e-05
6407,vertical,1.1299999999999999,407,5.650000000000001e-06,3.7345312023024893e-06,1.3639443490901613e-05
6408,vertical,1.1299999999999999,408,5.6499999999999993e-06,3.7345312023024889e-06,1.412340763575767e-05
6409,vertical,1.1299999999999999,409,5.650000000000001e-06,3.7345312023024889e-06,1.1571538790086265e-05
6410,vertical,1.1299999999999999,410,5.650000000000001e-06,3.7345312023024893e-06,1.4878783486949796e-05
6411,vertical,1.1299999999999999,411,5.650000000000001e-06,3.7345312023024889e-06,1.3791636896835209e-05
6412,vertical,1.1299999999999999,412,5.6499999999999993e-06,3.7345312023024889e-06,1.4286965390015736e-05
6413,vertical,1.1299999999999999,413,5.6499999999999993e-06,3.7345312023024881e-06,1.1334691861676494e-05
6414,vertical,1.1299999999999999,414,5.6499999999999993e-06,3.7345312023024889e-06,2.0506654471022048e-05
6415,vertical,1.1299999999999999,415,5.6500000000000001e-06,3.7345312023024889e-06,1.3121374541455659e-05
6416,vertical,1.1299999999999999,416,5.6499999999999993e-06,3.7345312023024889e-06,1.4742532772258119e-05
6417,vertical,1.1299999999999999,417,5.6499999999999993e-06,3.7345312023024889e-06,1.4551109176512999e-05
6418,vertical,1.1299999999999999,418,5.6499999999999993e-06,3.7345312023024889e-06,1.4035157712938724e-05
6419,vertical,1.1299999999999999,419,5.650000000000001e-06,3.7345312023024893e-06,1.2831542436801891e-05
6420,vertical,1.1299999999999999,420,5.6500000000000001e-06,3.7345312023024889e-06,1.2880195408799942e-05
6421,vertical,1.1299999999999999,421,5.6499999999999993e-06,3.7345312023024889e-06,1.3042439030216631e-05
6422,vertical,1.1299999999999999,422,5.650000000000001e-06,3.7345312023024893e-06,1.2808530682474405e-05
6423,vertical,1.1299999999999999,423,5.650000000000001e-06,3.7345312023024897e-06,1.4517820291532611e-05
6424,vertical,1.1299999999999999,424,5.6499999999999984e-06,3.7345312023024881e-06,1.3475899856672506e-05
6425,vertical,1.1299999999999999,425,5.6500000000000001e-06,3.7345312023024889e-06,1.3012705454201909e-05
6426,vertical,1.1299999999999999,426,5.650000000000001e-06,3.7345312023024897e-06,1.6601356670411077e-05
6427,vertical,1.1299999999999999,427,5.6499999999999993e-06,3.7345312023024889e-06,1.6031405650608122e-05
6428,vertical,1.1299999999999999,428,5.6500000000000001e-06,3.7345312023024889e-06,1.3069889892189539e-05
6429,vertical,1.1299999999999999,429,5.650000000000001e-06,3.7345312023024889e-06,1.3287830889139542e-05
6430,vertical,1.1299999999999999,430,5.6500000000000018e-06,3.7345312023024889e-06,1.5065287234937069e-05
6431,vertical,1.1299999999999999,431,5.6499999999999993e-06,3.7345312023024889e-06,1.6482535347270904e-05
6432,vertical,1.1299999999999999,432,5.650000000000001e-06,3.7345312023024893e-06,1.439188296857264e-05
6433,vertical,1.1299999999999999,433,5.6500000000000001e-06,3.7345312023024889e-06,1.3603885539498409e-05
6434,vertical,1.1299999999999999,434,5.6499999999999993e-06,3.7345312023024885e-06,1.5025592571022554e-05
6435,vertical,1.1299999999999999,435,5.6499999999999993e-06,3.7345312023024889e-06,1.4660348220997954e-05
6436,vertical,1.1299999999999999,436,5.6499999999999976e-06,3.7345312023024881e-06,1.4582123695903916e-05
6437,vertical,1.1299999999999999,437,5.6500000000000001e-06,3.7345312023024893e-06,1.3029266839161929e-05
6438,vertical,1.1299999999999999,438,5.6499999999999993e-06,3.7345312023024889e-06,1.492591184824089e-05
6439,vertical,1.1299999999999999,439,5.6500000000000001e-06,3.7345312023024893e-06,1.1188076266314126e-05
6440,vertical,1.1299999999999999,440,5.6499999999999993e-06,3.7345312023024889e-06,1.3360422502277949e-05
6441,vertical,1.1299999999999999,441,5.6499999999999993e-06,3.7345312023024889e-06,1.2416662060953564e-05
6442,vertical,1.1299999999999999,442,5.650000000000001e-06,3.7345312023024897e-06,1.1976630751327056e-05
6443,vertical,1.1299999999999999,443,5.6500000000000001e-06,3.7345312023024889e-06,1.6261008299203026e-05
6444,vertical,1.1299999999999999,444,5.6499999999999993e-06,3.7345312023024889e-06,1.4751761776075423e-05
6445,vertical,1.1299999999999999,445,5.6500000000000001e-06,3.7345312023024889e-06,1.3467179985415488e-05
6446,vertical,1.1299999999999999,446,5.650000000000001e-06,3.7345312023024897e-06,1.4740432045517619e-05
6447,vertical,1.1299999999999999,447,5.6500000000000001e-06,3.7345312023024889e-06,1.4636220920157205e-05
6448,vertical,1.1299999999999999,448,5.650000000000001e-06,3.7345312023024897e-06,1.3940991629462583e-05
6449,vertical,1.1299999999999999,449,5.6499999999999993e-06,3.7345312023024893e-06,1.3622650261328008e-05
6450,vertical,1.1299999999999999,450,5.650000000000001e-06,3.7345312023024889e-06,1.2467095894959707e-05
6451,vertical,1.1299999999999999,451,5.6500000000000018e-06,3.7345312023024897e-06,1.3610852625038906e-05
6452,vertical,1.1299999999999999,452,5.6500000000000001e-06,3.7345312023024893e-06,1.37427605071093e-05
6453,vertical,1.1299999999999999,453,5.650000000000001e-06,3.7345312023024897e-06,1.2078480969399696e-05
6454,vertical,1.1299999999999999,454,5.6500000000000018e-06,3.7345312023024897e-06,1.5457998222291035e-05
6455,vertical,1.1299999999999999,455,5.6500000000000001e-06,3.7345312023024889e-06,1.2183383679856702e-05
6456,vertical,1.1299999999999999,456,5.650000000000001e-06,3.7345312023024889e-06,1.3626085385948178e-05
6457,vertical,1.1299999999999999,457,5.6499999999999993e-06,3.7345312023024889e-06,1.2051679020321888e-05
6458,vertical,1.1299999999999999,458,5.6499999999999993e-06,3.7345312023024893e-06,1.227797821431158e-05
6459,vertical,1.1299999999999999,459,5.6500000000000018e-06,3.7345312023024897e-06,1.2215995486492642e-05
6460,vertical,1.1299999999999999,460,5.6499999999999993e-06,3.7345312023024897e-06,1.2524340529684201e-05
6461,vertical,1.1299999999999999,461,5.6500000000000001e-06,3.7345312023024889e-06,1.4420652807864413e-05
6462,vertical,1.1299999999999999,462,5.6500000000000001e-06,3.7345312023024889e-06,1.5330352983756005e-05
6463,vertical,1.1299999999999999,463,5.6500000000000001e-06,3.7345312023024893e-06,1.3960094858852905e-05
6464,vertical,1.1299999999999999,464,5.6500000000000001e-06,3.7345312023024885e-06,1.4437091376466922e-05
6465,vertical,1.1299999999999999,465,5.6499999999999993e-06,3.7345312023024885e-06,1.3013598498455391e-05
6466,vertical,1.1299999999999999,466,5.6499999999999993e-06,3.7345312023024885e-06,1.2616949403148906e-05
6467,vertical,1.1299999999999999,467,5.650000000000001e-06,3.7345312023024893e-06,1.3553135858493432e-05
6468,vertical,1.1299999999999999,468,5.650000000000001e-06,3.7345312023024897e-06,1.3013354027724531e-05
6469,vertical,1.1299999999999999,469,5.6499999999999993e-06,3.7345312023024885e-06,1.342952935653726e-05
6470,vertical,1.1299999999999999,470,5.6499999999999993e-06,3.7345312023024889e-06,1.0839495885816588e-05
6471,vertical,1.1299999999999999,471,5.650000000000001e-06,3.7345312023024889e-06,1.3206940747069847e-05
6472,vertical,1.1299999999999999,472,5.650000000000001e-06,3.7345312023024889e-06,1.4959826579297677e-05
6473,vertical,1.1299999999999999,473,5.6499999999999976e-06,3.7345312023024885e-06,1.2528347833994703e-05
6474,vertical,1.1299999999999999,474,5.6499999999999993e-06,3.7345312023024889e-06,1.3469923413988072e-05
6475,vertical,1.1299999999999999,475,5.6500000000000018e-06,3.7345312023024897e-06,1.2854974690767495e-05
6476,vertical,1.1299999999999999,476,5.6499999999999993e-06,3.7345312023024885e-06,1.0899627620650617e-05
6477,vertical,1.1299999999999999,477,5.650000000000001e-06,3.7345312023024897e-06,1.1866400175018793e-05
6478,vertical,1.1299999999999999,478,5.6499999999999993e-06,3.7345312023024889e-06,1.2617069585460003e-05
6479,vertical,1.1299999999999999,479,5.6499999999999993e-06,3.7345312023024889e-06,1.2042139981993666e-05
6480,vertical,1.1299999999999999,480,5.650000000000001e-06,3.7345312023024889e-06,1.1965491070248536e-05
6481,vertical,1.1299999999999999,481,5.6499999999999993e-06,3.7345312023024889e-06,1.3986212955309155e-05
6482,vertical,1.1299999999999999,482,5.6499999999999993e-06,3.7345312023024889e-06,1.4999218670891717e-05
6483,vertical,1.1299999999999999,483,5.650000000000001e-06,3.7345312023024889e-06,1.1981225671358278e-05
6484,vertical,1.1299999999999999,484,5.6500000000000001e-06,3.7345312023024889e-06,1.4133659029158424e-05
6485,vertical,1.1299999999999999,485,5.650000000000001e-06,3.7345312023024889e-06,1.4296942730153849e-05
6486,vertical,1.1299999999999999,486,5.650000000000001e-06,3.7345312023024889e-06,1.3363830661738818e-05
6487,vertical,1.1299999999999999,487,5.6499999999999993e-06,3.7345312023024889e-06,1.478878917333527e-05
6488,vertical,1.1299999999999999,488,5.6499999999999993e-06,3.7345312023024889e-06,1.4502088483310085e-05
6489,vertical,1.1299999999999999,489,5.6500000000000001e-06,3.7345312023024889e-06,1.4352736260707028e-05
6490,vertical,1.1299999999999999,490,5.6499999999999993e-06,3.7345312023024889e-06,1.3897994234391016e-05
6491,vertical,1.1299999999999999,491,5.650000000000001e-06,3.7345312023024889e-06,1.6163222101249221e-05
6492,vertical,1.1299999999999999,492,5.650000000000001e-06,3.7345312023024889e-06,1.4335317775512553e-05
6493,vertical,1.1299999999999999,493,5.6500000000000001e-06,3.7345312023024889e-06,1.2172215187665702e-05
6494,vertical,1.1299999999999999,494,5.6500000000000001e-06,3.7345312023024889e-06,1.5229171370477751e-05
6495,vertical,1.1299999999999999,495,5.650000000000001e-06,3.7345312023024889e-06,1.6020754320914395e-05
6496,vertical,1.1299999999999999,496,5.650000000000001e-06,3.7345312023024897e-06,1.1388673110401764e-05
6497,vertical,1.1299999999999999,497,5.650000000000001e-06,3.7345312023024897e-06,1.1155134367410328e-05
6498,vertical,1.1299999999999999,498,5.650000000000001e-06,3.7345312023024889e-06,1.1583028275000382e-05
6499,vertical,1.1299999999999999,499,5.6499999999999993e-06,3.7345312023024889e-06,1.4973493009579127e-05
6500,vertical,1.1299999999999999,500,5.650000000000001e-06,3.7345312023024897e-06,1.3477422094361718e-05
6501,vertical,1.1299999999999999,501,5.650000000000001e-06,3.7345312023024897e-06,1.4568831378102911e-05
6502,vertical,1.1299999999999999,502,5.650000000000001e-06,3.7345312023024889e-06,1.5457140197880043e-05
6503,vertical,1.1299999999999999,503,5.6499999999999993e-06,3.7345312023024885e-06,1.3145655593100573e-05
6504,vertical,1.1299999999999999,504,5.650000000000001e-06,3.7345312023024889e-06,1.341603055136638e-05
6505,vertical,1.1299999999999999,505,5.6500000000000001e-06,3.7345312023024889e-06,1.5745438142101853e-05
6506,vertical,1.1299999999999999,506,5.650000000000001e-06,3.7345312023024893e-06,1.0998743359264028e-05
6507,vertical,1.1299999999999999,507,5.650000000000001e-06,3.7345312023024897e-06,1.6897739843700455e-05
6508,vertical,1.1299999999999999,508,5.6499999999999993e-06,3.7345312023024889e-06,1.4020087849746229e-05
6509,vertical,1.1299999999999999,509,5.650000000000001e-06,3.7345312023024897e-06,1.3277167734035696e-05
6510,vertical,1.1299999999999999,510,5.6499999999999993e-06,3.7345312023024889e-06,1.2918513907621276e-05
6511,vertical,1.1299999999999999,511,5.6499999999999993e-06,3.7345312023024889e-06,1.3955230141161875e-05
6512,vertical,1.1299999999999999,512,5.6499999999999993e-06,3.7345312023024889e-06,1.2541949445337669e-05
6513,vertical,1.1299999999999999,513,5.6500000000000001e-06,3.7345312023024893e-06,1.4023062416816583e-05
6514,vertical,1.1299999999999999,514,5.650000000000001e-06,3.7345312023024889e-06,1.1684965182321209e-05
6515,vertical,1.1299999999999999,515,5.650000000000001e-06,3.7345312023024893e-06,1.8121404955450318e-05
6516,vertical,1.1299999999999999,516,5.6499999999999993e-06,3.7345312023024889e-06,1.2669889885752262e-05
6517,vertical,1.1299999999999999,517,5.6499999999999993e-06,3.7345312023024889e-06,1.3979361514156807e-05
6518,vertical,1.1299999999999999,518,5.6499999999999993e-06,3.7345312023024889e-06,1.3749244416795356e-05
6519,vertical,1.1299999999999999,519,5.6499999999999993e-06,3.7345312023024885e-06,1.502766550969258e-05
6520,vertical,1.1299999999999999,520,5.650000000000001e-06,3.7345312023024889e-06,1.5288896856375698e-05
6521,vertical,1.1299999999999999,521,5.650000000000001e-06,3.7345312023024889e-06,1.5014550012292894e-05
6522,vertical,1.1299999999999999,522,5.650000000000001e-06,3.7345312023024902e-06,1.3890584354189288e-05
6523,vertical,1.1299999999999999,523,5.6499999999999993e-06,3.7345312023024885e-06,1.3993664841439126e-05
6524,vertical,1.1299999999999999,524,5.650000000000001e-06,3.7345312023024897e-06,1.5970176361983046e-05
6525,vertical,1.1299999999999999,525,5.650000000000001e-06,3.7345312023024897e-06,1.5401131427465201e-05
6526,vertical,1.1299999999999999,526,5.6499999999999993e-06,3.7345312023024889e-06,1.5387392699302828e-05
6527,vertical,1.1299999999999999,527,5.650000000000001e-06,3.7345312023024889e-06,1.1982913986930292e-05
6528,vertical,1.1299999999999999,528,5.650000000000001e-06,3.7345312023024889e-06,1.2468521135173811e-05
6529,vertical,1.1299999999999999,529,5.650000000000001e-06,3.7345312023024893e-06,1.6124088446338415e-05
6530,vertical,1.1299999999999999,530,5.6500000000000001e-06,3.7345312023024889e-06,1.7099185775143058e-05
6531,vertical,1.1299999999999999,531,5.650000000000001e-06,3.7345312023024889e-06,1.5124770461374344e-05
6532,vertical,1.1299999999999999,532,5.650000000000001e-06,3.7345312023024889e-06,1.2673840223591306e-05
6533,vertical,1.1299999999999999,533,5.6500000000000001e-06,3.7345312023024885e-06,1.2237631875839936e-05
6534,vertical,1.1299999999999999,534,5.6500000000000001e-06,3.7345312023024889e-06,1.203556446119853e-05
6535,vertical,1.1299999999999999,535,5.650000000000001e-06,3.7345312023024897e-06,1.4515612341785199e-05
6536,vertical,1.1299999999999999,536,5.6499999999999993e-06,3.7345312023024889e-06,1.4096203651978124e-05
6537,vertical,1.1299999999999999,537,5.650000000000001e-06,3.7345312023024893e-06,1.5419638093807806e-05
6538,vertical,1.1299999999999999,538,5.650000000000001e-06,3.7345312023024893e-06,1.6437322573640859e-05
6539,vertical,1.1299999999999999,539,5.6499999999999993e-06,3.7345312023024889e-06,1.5013442994040905e-05
6540,vertical,1.1299999999999999,540,5.6499999999999984e-06,3.7345312023024885e-06,1.3165244783546109e-05
6541,vertical,1.1299999999999999,541,5.6499999999999993e-06,3.7345312023024885e-06,1.8141656892792499e-05
6542,vertical,1.1299999999999999,542,5.6500000000000001e-06,3.7345312023024897e-06,1.6197427554419611e-05
6543,vertical,1.1299999999999999,543,5.650000000000001e-06,3.7345312023024897e-06,1.388939990412259e-05
6544,vertical,1.1299999999999999,544,5.6500000000000001e-06,3.7345312023024889e-06,1.301278877659806e-05
6545,vertical,1.1299999999999999,545,5.6499999999999993e-06,3.7345312023024889e-06,1.5765259891193841e-05
6546,vertical,1.1299999999999999,546,5.6500000000000027e-06,3.7345312023024897e-06,1.6112763840593333e-05
6547,vertical,1.1299999999999999,547,5.6499999999999993e-06,3.7345312023024889e-06,1.5462265643615434e-05
6548,vertical,1.1299999999999999,548,5.6499999999999993e-06,3.7345312023024889e-06,1.3389135249604917e-05
6549,vertical,1.1299999999999999,549,5.650000000000001e-06,3.7345312023024889e-06,1.4998553789385747e-05
6550,vertical,1.1299999999999999,550,5.650000000000001e-06,3.7345312023024897e-06,1.2750742682446154e-05
6551,vertical,1.1299999999999999,551,5.650000000000001e-06,3.7345312023024889e-06,1.4082913789311366e-05
6552,vertical,1.1299999999999999,552,5.650000000000001e-06,3.7345312023024897e-06,1.5260805765179388e-05
6553,vertical,1.1299999999999999,553,5.650000000000001e-06,3.7345312023024889e-06,1.8291227918168837e-05
6554,vertical,1.1299999999999999,554,5.6499999999999993e-06,3.7345312023024889e-06,1.2676787243199957e-05
6555,vertical,1.1299999999999999,555,5.6500000000000001e-06,3.7345312023024889e-06,1.1132910413975786e-05
6556,vertical,1.1299999999999999,556,5.650000000000001e-06,3.7345312023024893e-06,1.6601354194568554e-05
6557,vertical,1.1299999999999999,557,5.6499999999999984e-06,3.7345312023024885e-06,1.1154635124361707e-05
6558,vertical,1.1299999999999999,558,5.6499999999999993e-06,3.7345312023024893e-06,1.2925789037739383e-05
6559,vertical,1.1299999999999999,559,5.6500000000000027e-06,3.7345312023024902e-06,1.5763530347432496e-05
6560,vertical,1.1299999999999999,560,5.6499999999999993e-06,3.7345312023024885e-06,1.5319285361529054e-05
6561,vertical,1.1299999999999999,561,5.6500000000000001e-06,3.7345312023024885e-06,1.2210266756926881e-05
6562,vertical,1.1299999999999999,562,5.6499999999999993e-06,3.7345312023024885e-06,1.6895219273583276e-05
6563,vertical,1.1299999999999999,563,5.6500000000000001e-06,3.7345312023024889e-06,1.4494816135575812e-05
6564,vertical,1.1299999999999999,564,5.650000000000001e-06,3.7345312023024897e-06,1.2774457536287662e-05
6565,vertical,1.1299999999999999,565,5.650000000000001e-06,3.7345312023024889e-06,1.361293790652117e-05
6566,vertical,1.1299999999999999,566,5.6499999999999993e-06,3.7345312023024889e-06,1.2937710830187209e-05
6567,vertical,1.1299999999999999,567,5.650000000000001e-06,3.7345312023024897e-06,1.4836204562820911e-05
6568,vertical,1.1299999999999999,568,5.6500000000000018e-06,3.7345312023024902e-06,1.5544676008707978e-05
6569,vertical,1.1299999999999999,569,5.6499999999999993e-06,3.7345312023024897e-06,1.2307209566255894e-05
6570,vertical,1.1299999999999999,570,5.6500000000000001e-06,3.7345312023024889e-06,1.5154527158936059e-05
6571,vertical,1.1299999999999999,571,5.6500000000000018e-06,3.7345312023024897e-06,1.5480318404235887e-05
6572,vertical,1.1299999999999999,572,5.6499999999999993e-06,3.7345312023024893e-06,1.1476854162000356e-05
6573,vertical,1.1299999999999999,573,5.650000000000001e-06,3.7345312023024897e-06,1.6960310131347774e-05
6574,vertical,1.1299999999999999,574,5.6499999999999993e-06,3.7345312023024885e-06,1.2051067860200024e-05
6575,vertical,1.1299999999999999,575,5.650000000000001e-06,3.7345312023024897e-06,1.6264148844027959e-05
6576,vertical,1.1299999999999999,576,5.6500000000000001e-06,3.7345312023024889e-06,1.4565507309378788e-05
6577,vertical,1.1299999999999999,577,5.6499999999999993e-06,3.7345312023024889e-06,1.4319765123916675e-05
6578,vertical,1.1299999999999999,578,5.6500000000000018e-06,3.7345312023024897e-06,1.7781537098519747e-05
6579,vertical,1.1299999999999999,579,5.650000000000001e-06,3.7345312023024897e-06,1.3675647313396687e-05
6580,vertical,1.1299999999999999,580,5.650000000000001e-06,3.7345312023024897e-06,1.2261663948086565e-05
6581,vertical,1.1299999999999999,581,5.6499999999999993e-06,3.7345312023024893e-06,1.1983811532435562e-05
6582,vertical,1.1299999999999999,582,5.650000000000001e-06,3.7345312023024897e-06,1.3603313763663021e-05
6583,vertical,1.1299999999999999,583,5.650000000000001e-06,3.7345312023024893e-06,1.205361223959049e-05
6584,vertical,1.1299999999999999,584,5.6500000000000001e-06,3.7345312023024889e-06,1.3510313986394344e-05
6585,vertical,1.1299999999999999,585,5.6500000000000001e-06,3.7345312023024893e-06,1.2481816474692736e-05
6586,vertical,1.1299999999999999,586,5.650000000000001e-06,3.7345312023024889e-06,1.5113127716883086e-05
6587,vertical,1.1299999999999999,587,5.650000000000001e-06,3.7345312023024897e-06,1.3646821679486707e-05
6588,vertical,1.1299999999999999,588,5.650000000000001e-06,3.7345312023024897e-06,1.6098438119696878e-05
6589,vertical,1.1299999999999999,589,5.650000000000001e-06,3.7345312023024897e-06,1.4388293485614519e-05
6590,vertical,1.1299999999999999,590,5.6500000000000001e-06,3.7345312023024893e-06,1.5572310361441455e-05
6591,vertical,1.1299999999999999,591,5.6499999999999993e-06,3.7345312023024889e-06,1.6973689473113891e-05
6592,vertical,1.1299999999999999,592,5.6500000000000001e-06,3.7345312023024893e-06,1.5772325560438797e-05
6593,vertical,1.1299999999999999,593,5.650000000000001e-06,3.7345312023024897e-06,1.198349332299471e-05
6594,vertical,1.1299999999999999,594,5.6499999999999993e-06,3.7345312023024889e-06,1.3050908498924906e-05
6595,vertical,1.1299999999999999,595,5.6500000000000001e-06,3.7345312023024885e-06,1.1479796746475099e-05
6596,vertical,1.1299999999999999,596,5.650000000000001e-06,3.7345312023024893e-06,1.4326902002351898e-05
6597,vertical,1.1299999999999999,597,5.6500000000000001e-06,3.7345312023024889e-06,1.7648176551290607e-05
6598,vertical,1.1299999999999999,598,5.6499999999999993e-06,3.7345312023024889e-06,1.4495009976789818e-05
6599,vertical,1.1299999999999999,599,5.6499999999999993e-06,3.7345312023024897e-06,1.4331467304196755e-05
6600,vertical,1.1299999999999999,600,5.6500000000000001e-06,3.7345312023024889e-06,1.3892914936683277e-05
6601,vertical,3.2000000000000002,1,1.6000000000000003e-05,1.0575663581741564e-05,4.327813613100215e-05
6602,vertical,3.2000000000000002,2,1.5999999999999999e-05,1.0575663581741562e-05,4.0497976956019354e-05
6603,vertical,3.2000000000000002,3,1.6000000000000003e-05,1.0575663581741564e-05,3.4584770736399913e-05
6604,vertical,3.2000000000000002,4,1.6000000000000003e-05,1.0575663581741562e-05,3.0166716613569787e-05
6605,vertical,3.2000000000000002,5,1.6000000000000003e-05,1.0575663581741564e-05,4.4638257815587864e-05
6606,vertical,3.2000000000000002,6,1.5999999999999999e-05,1.0575663581741562e-05,4.6918315530234631e-05
6607,vertical,3.2000000000000002,7,1.6000000000000003e-05,1.0575663581741562e-05,4.0358481762930055e-05
6608,vertical,3.2000000000000002,8,1.6000000000000006e-05,1.0575663581741564e-05,4.9053737457284928e-05
6609,vertical,3.2000000000000002,9,1.6000000000000003e-05,1.0575663581741564e-05,4.0657260917188687e-05
6610,vertical,3.2000000000000002,10,1.6000000000000003e-05,1.0575663581741564e-05,3.77881181301689e-05
6611,vertical,3.2000000000000002,11,1.6000000000000003e-05,1.0575663581741564e-05,4.4386757160716623e-05
6612,vertical,3.2000000000000002,12,1.6000000000000009e-05,1.0575663581741564e-05,3.9352965120776522e-05
6613,vertical,3.2000000000000002,13,1.6000000000000003e-05,1.0575663581741564e-05,4.0966130922000299e-05
6614,vertical,3.2000000000000002,14,1.6000000000000006e-05,1.0575663581741564e-05,4.4429488210423671e-05
6615,vertical,3.2000000000000002,15,1.6000000000000006e-05,1.0575663581741564e-05,4.1767311485540203e-05
6616,vertical,3.2000000000000002,16,1.6000000000000003e-05,1.0575663581741564e-05,4.5321445217002942e-05
6617,vertical,3.2000000000000002,17,1.6000000000000003e-05,1.0575663581741564e-05,3.3441822294284985e-05
6618,vertical,3.2000000000000002,18,1.5999999999999999e-05,1.0575663581741564e-05,5.2465379619111923e-05
6619,vertical,3.2000000000000002,19,1.6000000000000006e-05,1.0575663581741564e-05,3.6485730214133464e-05
6620,vertical,3.2000000000000002,20,1.6000000000000006e-05,1.0575663581741564e-05,4.1317292496743478e-05
6621,vertical,3.2000000000000002,21,1.6000000000000003e-05,1.0575663581741564e-05,6.2069193256394562e-05
6622,vertical,3.2000000000000002,22,1.6000000000000006e-05,1.0575663581741564e-05,4.1812529632386273e-05
6623,vertical,3.2000000000000002,23,1.5999999999999999e-05,1.0575663581741562e-05,3.6672785416606268e-05
6624,vertical,3.2000000000000002,24,1.6000000000000003e-05,1.0575663581741564e-05,4.0428904902041543e-05
6625,vertical,3.2000000000000002,25,1.6000000000000006e-05,1.0575663581741566e-05,3.3198721389467167e-05
6626,vertical,3.2000000000000002,26,1.5999999999999999e-05,1.0575663581741562e-05,3.9825908595231488e-05
6627,vertical,3.2000000000000002,27,1.6000000000000003e-05,1.0575663581741562e-05,3.8890726584485356e-05
6628,vertical,3.2000000000000002,28,1.6000000000000003e-05,1.0575663581741562e-05,3.9679699495984448e-05
6629,vertical,3.2000000000000002,29,1.6000000000000003e-05,1.0575663581741564e-05,4.7936958449301516e-05
6630,vertical,3.2000000000000002,30,1.6000000000000003e-05,1.0575663581741564e-05,3.9492827043635779e-05
6631,vertical,3.2000000000000002,31,1.6000000000000003e-05,1.0575663581741564e-05,3.890362682672709e-05
6632,vertical,3.2000000000000002,32,1.6000000000000003e-05,1.0575663581741564e-05,3.9746642964691968e-05
6633,vertical,3.2000000000000002,33,1.6000000000000003e-05,1.0575663581741564e-05,3.4130199914024571e-05
6634,vertical,3.2000000000000002,34,1.5999999999999999e-05,1.0575663581741562e-05,3.7256074382653008e-05
6635,vertical,3.2000000000000002,35,1.6000000000000003e-05,1.0575663581741562e-05,3.1839240710940605e-05
6636,vertical,3.2000000000000002,36,1.5999999999999999e-05,1.0575663581741562e-05,3.8990018220601824e-05
6637,vertical,3.2000000000000002,37,1.6000000000000003e-05,1.0575663581741562e-05,4.2066150139273972e-05
6638,vertical,3.2000000000000002,38,1.5999999999999999e-05,1.0575663581741561e-05,5.7148841771320422e-05
6639,vertical,3.2000000000000002,39,1.6000000000000003e-05,1.0575663581741564e-05,3.7807876299283495e-05
6640,vertical,3.2000000000000002,40,1.6000000000000003e-05,1.0575663581741562e-05,3.7878288874829607e-05
6641,vertical,3.2000000000000002,41,1.6000000000000006e-05,1.0575663581741564e-05,4.4673263850479189e-05
6642,vertical,3.2000000000000002,42,1.6000000000000003e-05,1.0575663581741562e-05,3.5618643467156508e-05
6643,vertical,3.2000000000000002,43,1.5999999999999999e-05,1.0575663581741564e-05,3.16112982032779e-05
6644,vertical,3.2000000000000002,44,1.6000000000000003e-05,1.0575663581741564e-05,4.1674153830953138e-05
6645,vertical,3.2000000000000002,45,1.6000000000000006e-05,1.0575663581741564e-05,4.7108165753618578e-05
6646,vertical,3.2000000000000002,46,1.6000000000000003e-05,1.0575663581741564e-05,4.0259522261833418e-05
6647,vertical,3.2000000000000002,47,1.6000000000000006e-05,1.0575663581741564e-05,4.3378843104059539e-05
6648,vertical,3.2000000000000002,48,1.6000000000000003e-05,1.0575663581741564e-05,3.9705027868251035e-05
6649,vertical,3.2000000000000002,49,1.6000000000000006e-05,1.0575663581741564e-05,3.7449585555568971e-05
6650,vertical,3.2000000000000002,50,1.6000000000000003e-05,1.0575663581741564e-05,4.0669707775856166e-05
6651,vertical,3.2000000000000002,51,1.6000000000000003e-05,1.0575663581741564e-05,3.1392359778082252e-05
6652,vertical,3.2000000000000002,52,1.5999999999999999e-05,1.0575663581741562e-05,3.6613040636088891e-05
6653,vertical,3.2000000000000002,53,1.6000000000000003e-05,1.0575663581741562e-05,3.2092944377643723e-05
6654,vertical,3.2000000000000002,54,1.6000000000000006e-05,1.0575663581741564e-05,3.616270643810163e-05
6655,vertical,3.2000000000000002,55,1.6000000000000003e-05,1.0575663581741564e-05,3.4973811776651296e-05
6656,vertical,3.2000000000000002,56,1.6000000000000003e-05,1.0575663581741562e-05,4.2443978024846297e-05
6657,vertical,3.2000000000000002,57,1.6000000000000003e-05,1.0575663581741564e-05,3.7748819176323954e-05
6658,vertical,3.2000000000000002,58,1.6000000000000003e-05,1.0575663581741564e-05,4.7664425844580901e-05
6659,vertical,3.2000000000000002,59,1.5999999999999999e-05,1.0575663581741562e-05,3.9028567232003657e-05
6660,vertical,3.2000000000000002,60,1.6000000000000003e-05,1.0575663581741564e-05,3.6378029420425876e-05
6661,vertical,3.2000000000000002,61,1.6000000000000003e-05,1.0575663581741562e-05,3.152279288546099e-05
6662,vertical,3.2000000000000002,62,1.6000000000000003e-05,1.0575663581741564e-05,3.9270022065121006e-05
6663,vertical,3.2000000000000002,63,1.6000000000000003e-05,1.0575663581741564e-05,3.7052834840469396e-05
6664,vertical,3.2000000000000002,64,1.6000000000000003e-05,1.0575663581741562e-05,3.7139468027871672e-05
6665,vertical,3.2000000000000002,65,1.6000000000000006e-05,1.0575663581741564e-05,3.7141013953815136e-05
6666,vertical,3.2000000000000002,66,1.5999999999999999e-05,1.0575663581741564e-05,4.0108683692238053e-05
6667,vertical,3.2000000000000002,67,1.6000000000000006e-05,1.0575663581741564e-05,3.7391505241752896e-05
6668,vertical,3.2000000000000002,68,1.6000000000000003e-05,1.0575663581741564e-05,3.857423976295494e-05
6669,vertical,3.2000000000000002,69,1.6000000000000006e-05,1.0575663581741566e-05,3.4811563478167245e-05
6670,vertical,3.2000000000000002,70,1.6000000000000003e-05,1.0575663581741564e-05,3.390512740640517e-05
6671,vertical,3.2000000000000002,71,1.6000000000000003e-05,1.0575663581741564e-05,4.1886332214971426e-05
6672,vertical,3.2000000000000002,72,1.6000000000000003e-05,1.0575663581741564e-05,3.991653900371902e-05
6673,vertical,3.2000000000000002,73,1.6000000000000006e-05,1.0575663581741564e-05,3.0892646033668633e-05
6674,vertical,3.2000000000000002,74,1.6000000000000003e-05,1.0575663581741562e-05,2.9253751975457369e-05
6675,vertical,3.2000000000000002,75,1.6000000000000006e-05,1.0575663581741564e-05,4.4792901352476002e-05
6676,vertical,3.2000000000000002,76,1.6000000000000003e-05,1.0575663581741564e-05,4.2704549362258846e-05
6677,vertical,3.2000000000000002,77,1.5999999999999999e-05,1.0575663581741562e-05,3.4436601344637206e-05
6678,vertical,3.2000000000000002,78,1.6000000000000003e-05,1.0575663581741564e-05,4.4486532551528017e-05
6679,vertical,3.2000000000000002,79,1.6000000000000006e-05,1.0575663581741564e-05,4.0106735984383306e-05
6680,vertical,3.2000000000000002,80,1.6000000000000003e-05,1.0575663581741562e-05,3.4621359742609182e-05
6681,vertical,3.2000000000000002,81,1.6000000000000003e-05,1.0575663581741562e-05,3.6580667687968905e-05
6682,vertical,3.2000000000000002,82,1.6000000000000003e-05,1.0575663581741564e-05,4.3533767745061554e-05
6683,vertical,3.2000000000000002,83,1.5999999999999999e-05,1.0575663581741562e-05,3.9872457946468304e-05
6684,vertical,3.2000000000000002,84,1.6000000000000003e-05,1.0575663581741562e-05,4.4110197743008853e-05
6685,vertical,3.2000000000000002,85,1.6000000000000009e-05,1.0575663581741566e-05,4.3459424016402588e-05
6686,vertical,3.2000000000000002,86,1.6000000000000003e-05,1.0575663581741564e-05,3.8994106268254199e-05
6687,vertical,3.2000000000000002,87,1.5999999999999999e-05,1.0575663581741562e-05,4.3600959517290657e-05
6688,vertical,3.2000000000000002,88,1.6000000000000003e-05,1.0575663581741562e-05,3.4239348039069531e-05
6689,vertical,3.2000000000000002,89,1.6000000000000003e-05,1.0575663581741564e-05,3.5077017289315965e-05
6690,vertical,3.2000000000000002,90,1.6000000000000003e-05,1.0575663581741564e-05,3.501836267858858e-05
6691,vertical,3.2000000000000002,91,1.6000000000000003e-05,1.0575663581741564e-05,4.8534988723500492e-05
6692,vertical,3.2000000000000002,92,1.6000000000000003e-05,1.0575663581741566e-05,4.0178104405855266e-05
6693,vertical,3.2000000000000002,93,1.6000000000000006e-05,1.0575663581741564e-05,3.2825527042442734e-05
6694,vertical,3.2000000000000002,94,1.6000000000000003e-05,1.0575663581741564e-05,3.2525049781154043e-05
6695,vertical,3.2000000000000002,95,1.6000000000000003e-05,1.0575663581741564e-05,3.3923952392664103e-05
6696,vertical,3.2000000000000002,96,1.6000000000000006e-05,1.0575663581741564e-05,4.3879281874650748e-05
6697,vertical,3.2000000000000002,97,1.6000000000000003e-05,1.0575663581741564e-05,3.4232907129596544e-05
6698,vertical,3.2000000000000002,98,1.6000000000000006e-05,1.0575663581741564e-05,4.1274334830179958e-05
6699,vertical,3.2000000000000002,99,1.6000000000000003e-05,1.0575663581741564e-05,3.9346117660540286e-05
6700,vertical,3.2000000000000002,100,1.6000000000000006e-05,1.0575663581741564e-05,4.0911227994556477e-05
6701,vertical,3.2000000000000002,101,1.6000000000000006e-05,1.0575663581741564e-05,3.670088572059711e-05
6702,vertical,3.2000000000000002,102,1.6000000000000003e-05,1.0575663581741564e-05,4.2182748135380622e-05
6703,vertical,3.2000000000000002,103,1.6000000000000003e-05,1.0575663581741564e-05,3.0603754439542609e-05
6704,vertical,3.2000000000000002,104,1.5999999999999999e-05,1.0575663581741562e-05,3.8850337400355202e-05
6705,vertical,3.2000000000000002,105,1.6000000000000006e-05,1.0575663581741564e-05,3.6149258324186426e-05
6706,vertical,3.2000000000000002,106,1.5999999999999999e-05,1.0575663581741561e-05,3.7727266970319908e-05
6707,vertical,3.2000000000000002,107,1.6000000000000003e-05,1.0575663581741562e-05,4.7752479174236944e-05
6708,vertical,3.2000000000000002,108,1.6000000000000006e-05,1.0575663581741564e-05,3.7043917119153954e-05
6709,vertical,3.2000000000000002,109,1.6000000000000006e-05,1.0575663581741564e-05,5.1263163195139897e-05
6710,vertical,3.2000000000000002,110,1.6000000000000003e-05,1.0575663581741564e-05,3.5990445878077074e-05
6711,vertical,3.2000000000000002,111,1.5999999999999999e-05,1.0575663581741564e-05,3.6424357155179443e-05
6712,vertical,3.2000000000000002,112,1.6000000000000003e-05,1.0575663581741564e-05,4.0728141417129485e-05
6713,vertical,3.2000000000000002,113,1.6000000000000003e-05,1.0575663581741562e-05,3.3339065230172365e-05
6714,vertical,3.2000000000000002,114,1.6000000000000006e-05,1.0575663581741564e-05,3.5720004840187377e-05
6715,vertical,3.2000000000000002,115,1.6000000000000003e-05,1.0575663581741564e-05,3.7334140030844015e-05
6716,vertical,3.2000000000000002,116,1.6000000000000003e-05,1.0575663581741564e-05,3.3948743173458483e-05
6717,vertical,3.2000000000000002,117,1.6000000000000003e-05,1.0575663581741564e-05,3.645785761532244e-05
6718,vertical,3.2000000000000002,118,1.6000000000000003e-05,1.0575663581741564e-05,3.4326779359923585e-05
6719,vertical,3.2000000000000002,119,1.6000000000000003e-05,1.0575663581741564e-05,3.8853430008965469e-05
6720,vertical,3.2000000000000002,120,1.6000000000000006e-05,1.0575663581741566e-05,4.0394297849763577e-05
6721,vertical,3.2000000000000002,121,1.6000000000000006e-05,1.0575663581741564e-05,3.8282799167375509e-05
6722,vertical,3.2000000000000002,122,1.6000000000000003e-05,1.0575663581741564e-05,4.115904771517919e-05
6723,vertical,3.2000000000000002,123,1.6000000000000003e-05,1.0575663581741564e-05,3.2439711500086413e-05
6724,vertical,3.2000000000000002,124,1.6000000000000003e-05,1.0575663581741564e-05,4.0256027408217842e-05
6725,vertical,3.2000000000000002,125,1.6000000000000006e-05,1.0575663581741564e-05,3.6649848513372982e-05
6726,vertical,3.2000000000000002,126,1.6000000000000003e-05,1.0575663581741562e-05,3.6410881173099865e-05
6727,vertical,3.2000000000000002,127,1.6000000000000003e-05,1.0575663581741564e-05,3.616319034095859e-05
6728,vertical,3.2000000000000002,128,1.6000000000000006e-05,1.0575663581741566e-05,3.7605780697378885e-05
6729,vertical,3.2000000000000002,129,1.6000000000000003e-05,1.0575663581741564e-05,4.6732277615910274e-05
6730,vertical,3.2000000000000002,130,1.6000000000000003e-05,1.0575663581741564e-05,3.6374026788311811e-05
6731,vertical,3.2000000000000002,131,1.6000000000000003e-05,1.0575663581741562e-05,3.1082274345457977e-05
6732,vertical,3.2000000000000002,132,1.6000000000000003e-05,1.0575663581741564e-05,4.4575016045871608e-05
6733,vertical,3.2000000000000002,133,1.6000000000000003e-05,1.0575663581741564e-05,3.9056773443644377e-05
6734,vertical,3.2000000000000002,134,1.6000000000000003e-05,1.0575663581741562e-05,4.820078436986392e-05
6735,vertical,3.2000000000000002,135,1.6000000000000003e-05,1.0575663581741564e-05,3.5519539538290323e-05
6736,vertical,3.2000000000000002,136,1.6000000000000003e-05,1.0575663581741562e-05,4.5594166433542347e-05
6737,vertical,3.2000000000000002,137,1.6000000000000003e-05,1.0575663581741562e-05,3.4708500627725195e-05
6738,vertical,3.2000000000000002,138,1.6000000000000003e-05,1.0575663581741566e-05,4.838221732811877e-05
6739,vertical,3.2000000000000002,139,1.5999999999999999e-05,1.0575663581741562e-05,4.0942110753118172e-05
6740,vertical,3.2000000000000002,140,1.6000000000000003e-05,1.0575663581741564e-05,4.4023922305401636e-05
6741,vertical,3.2000000000000002,141,1.6000000000000003e-05,1.0575663581741562e-05,3.251928472452429e-05
6742,vertical,3.2000000000000002,142,1.6000000000000003e-05,1.0575663581741564e-05,4.6928752609839455e-05
6743,vertical,3.2000000000000002,143,1.6000000000000003e-05,1.0575663581741564e-05,3.6113639393138937e-05
6744,vertical,3.2000000000000002,144,1.5999999999999999e-05,1.0575663581741562e-05,4.1212939228122852e-05
6745,vertical,3.2000000000000002,145,1.6000000000000003e-05,1.0575663581741562e-05,4.3217540909753013e-05
6746,vertical,3.2000000000000002,146,1.6000000000000006e-05,1.0575663581741564e-05,3.4496589403884826e-05
6747,vertical,3.2000000000000002,147,1.6000000000000003e-05,1.0575663581741564e-05,4.5103650892137468e-05
6748,vertical,3.2000000000000002,148,1.6000000000000006e-05,1.0575663581741564e-05,4.1060241758075239e-05
6749,vertical,3.2000000000000002,149,1.6000000000000003e-05,1.0575663581741564e-05,4.0635245646170844e-05
6750,vertical,3.2000000000000002,150,1.6000000000000006e-05,1.0575663581741564e-05,4.9016465633788478e-05
6751,vertical,3.2000000000000002,151,1.5999999999999999e-05,1.0575663581741564e-05,4.2555675112908233e-05
6752,vertical,3.2000000000000002,152,1.6000000000000003e-05,1.0575663581741564e-05,4.1617872935014927e-05
6753,vertical,3.2000000000000002,153,1.6000000000000006e-05,1.0575663581741564e-05,3.7788071827118307e-05
6754,vertical,3.2000000000000002,154,1.6000000000000003e-05,1.0575663581741564e-05,3.3716170072766356e-05
6755,vertical,3.2000000000000002,155,1.6000000000000006e-05,1.0575663581741564e-05,4.6283683123336771e-05
6756,vertical,3.2000000000000002,156,1.6000000000000003e-05,1.0575663581741564e-05,3.8958112460941379e-05
6757,vertical,3.2000000000000002,157,1.6000000000000003e-05,1.0575663581741562e-05,3.5000177501922493e-05
6758,vertical,3.2000000000000002,158,1.6000000000000003e-05,1.0575663581741564e-05,3.1556199452415041e-05
6759,vertical,3.2000000000000002,159,1.6000000000000006e-05,1.0575663581741564e-05,4.7561008294251666e-05
6760,vertical,3.2000000000000002,160,1.6000000000000003e-05,1.0575663581741564e-05,3.90791672179698e-05
6761,vertical,3.2000000000000002,161,1.5999999999999999e-05,1.0575663581741562e-05,3.909670148471248e-05
6762,vertical,3.2000000000000002,162,1.6000000000000006e-05,1.0575663581741566e-05,3.3590223387734927e-05
6763,vertical,3.2000000000000002,163,1.6000000000000003e-05,1.0575663581741564e-05,4.6972603275740842e-05
6764,vertical,3.2000000000000002,164,1.6000000000000003e-05,1.0575663581741562e-05,3.596268342844851e-05
6765,vertical,3.2000000000000002,165,1.6000000000000003e-05,1.0575663581741562e-05,3.6981587319078717e-05
6766,vertical,3.2000000000000002,166,1.6000000000000006e-05,1.0575663581741566e-05,3.8028072440012616e-05
6767,vertical,3.2000000000000002,167,1.6000000000000003e-05,1.0575663581741564e-05,3.330026226622875e-05
6768,vertical,3.2000000000000002,168,1.6000000000000003e-05,1.0575663581741564e-05,4.0640727124810162e-05
6769,vertical,3.2000000000000002,169,1.5999999999999999e-05,1.0575663581741562e-05,3.7623135446463888e-05
6770,vertical,3.2000000000000002,170,1.6000000000000003e-05,1.0575663581741564e-05,4.1220377047824842e-05
6771,vertical,3.2000000000000002,171,1.5999999999999999e-05,1.0575663581741562e-05,4.354818229222233e-05
6772,vertical,3.2000000000000002,172,1.6000000000000003e-05,1.0575663581741562e-05,6.1470295286237742e-05
6773,vertical,3.2000000000000002,173,1.6000000000000006e-05,1.0575663581741564e-05,4.1543545438749388e-05
6774,vertical,3.2000000000000002,174,1.6000000000000006e-05,1.0575663581741564e-05,5.1322483792284758e-05
6775,vertical,3.2000000000000002,175,1.6000000000000006e-05,1.0575663581741564e-05,3.7875419433511251e-05
6776,vertical,3.2000000000000002,176,1.6000000000000003e-05,1.0575663581741564e-05,4.2727872281317739e-05
6777,vertical,3.2000000000000002,177,1.6000000000000003e-05,1.0575663581741564e-05,3.5456539452496861e-05
6778,vertical,3.2000000000000002,178,1.6000000000000003e-05,1.0575663581741562e-05,3.6631115478213169e-05
6779,vertical,3.2000000000000002,179,1.6000000000000006e-05,1.0575663581741564e-05,5.5227134740612424e-05
6780,vertical,3.2000000000000002,180,1.6000000000000003e-05,1.0575663581741564e-05,4.8829733329882668e-05
6781,vertical,3.2000000000000002,181,1.6000000000000006e-05,1.0575663581741564e-05,3.8721536394194101e-05
6782,vertical,3.2000000000000002,182,1.6000000000000006e-05,1.0575663581741564e-05,3.8828591102478293e-05
6783,vertical,3.2000000000000002,183,1.6000000000000006e-05,1.0575663581741564e-05,3.8450999972862326e-05
6784,vertical,3.2000000000000002,184,1.6000000000000003e-05,1.0575663581741564e-05,3.6191477632965385e-05
6785,vertical,3.2000000000000002,185,1.6000000000000006e-05,1.0575663581741564e-05,3.250454044997929e-05
6786,vertical,3.2000000000000002,186,1.6000000000000006e-05,1.0575663581741564e-05,3.673849998194466e-05
6787,vertical,3.2000000000000002,187,1.6000000000000003e-05,1.0575663581741564e-05,3.7421601595402007e-05
6788,vertical,3.2000000000000002,188,1.6000000000000003e-05,1.0575663581741564e-05,3.3254605326117611e-05
6789,vertical,3.2000000000000002,189,1.6000000000000003e-05,1.0575663581741564e-05,3.3871971323838007e-05
6790,vertical,3.2000000000000002,190,1.6000000000000006e-05,1.0575663581741564e-05,4.7282642634475398e-05
6791,vertical,3.2000000000000002,191,1.6000000000000003e-05,1.0575663581741561e-05,3.7318763858583703e-05
6792,vertical,3.2000000000000002,192,1.6000000000000006e-05,1.0575663581741564e-05,3.4915213055190386e-05
6793,vertical,3.2000000000000002,193,1.6000000000000006e-05,1.0575663581741564e-05,4.1648475601545111e-05
6794,vertical,3.2000000000000002,194,1.6000000000000006e-05,1.0575663581741564e-05,4.0169458470179607e-05
6795,vertical,3.2000000000000002,195,1.6000000000000003e-05,1.0575663581741564e-05,4.2216393741962893e-05
6796,vertical,3.2000000000000002,196,1.6000000000000003e-05,1.0575663581741564e-05,3.4085964379527844e-05
6797,vertical,3.2000000000000002,197,1.6000000000000003e-05,1.0575663581741564e-05,4.4505793268912704e-05
6798,vertical,3.2000000000000002,198,1.6000000000000003e-05,1.0575663581741564e-05,3.5575039222219559e-05
6799,vertical,3.2000000000000002,199,1.5999999999999999e-05,1.0575663581741562e-05,3.2507153560752546e-05
6800,vertical,3.2000000000000002,200,1.6000000000000003e-05,1.0575663581741564e-05,3.9956771644278241e-05
6801,vertical,3.2000000000000002,201,1.6000000000000003e-05,1.0575663581741564e-05,4.5184609892296598e-05
6802,vertical,3.2000000000000002,202,1.5999999999999999e-05,1.0575663581741562e-05,3.273471371410438e-05
6803,vertical,3.2000000000000002,203,1.6000000000000003e-05,1.0575663581741564e-05,4.2262200940730766e-05
6804,vertical,3.2000000000000002,204,1.6000000000000006e-05,1.0575663581741564e-05,4.1859994045388619e-05
6805,vertical,3.2000000000000002,205,1.6000000000000003e-05,1.0575663581741564e-05,4.1181219318934952e-05
6806,vertical,3.2000000000000002,206,1.6000000000000003e-05,1.0575663581741562e-05,3.7150075022828805e-05
6807,vertical,3.2000000000000002,207,1.6000000000000003e-05,1.0575663581741564e-05,3.6482001415322226e-05
6808,vertical,3.2000000000000002,208,1.6000000000000009e-05,1.0575663581741566e-05,4.2309712681621452e-05
6809,vertical,3.2000000000000002,209,1.6000000000000006e-05,1.0575663581741562e-05,3.8007154529962086e-05
6810,vertical,3.2000000000000002,210,1.6000000000000006e-05,1.0575663581741564e-05,4.4633339322349561e-05
6811,vertical,3.2000000000000002,211,1.6000000000000003e-05,1.0575663581741564e-05,4.4467132985673641e-05
6812,vertical,3.2000000000000002,212,1.6000000000000006e-05,1.0575663581741566e-05,4.305417836530891e-05
6813,vertical,3.2000000000000002,213,1.6000000000000003e-05,1.0575663581741564e-05,3.0289212885184793e-05
6814,vertical,3.2000000000000002,214,1.5999999999999999e-05,1.0575663581741564e-05,3.4768282090263302e-05
6815,vertical,3.2000000000000002,215,1.5999999999999999e-05,1.0575663581741562e-05,4.7331114141863995e-05
6816,vertical,3.2000000000000002,216,1.6000000000000006e-05,1.0575663581741564e-05,3.1999251575527395e-05
6817,vertical,3.2000000000000002,217,1.6000000000000003e-05,1.0575663581741564e-05,3.0993048192763541e-05
6818,vertical,3.2000000000000002,218,1.6000000000000009e-05,1.0575663581741566e-05,3.7441666923056991e-05
6819,vertical,3.2000000000000002,219,1.5999999999999999e-05,1.0575663581741564e-05,4.1072869982917516e-05
6820,vertical,3.2000000000000002,220,1.6000000000000006e-05,1.0575663581741564e-05,3.0618546771599199e-05
6821,vertical,3.2000000000000002,221,1.6000000000000003e-05,1.0575663581741562e-05,4.1368720594192302e-05
6822,vertical,3.2000000000000002,222,1.6000000000000006e-05,1.0575663581741566e-05,3.5504126881877493e-05
6823,vertical,3.2000000000000002,223,1.6000000000000003e-05,1.0575663581741564e-05,4.2771049859534484e-05
6824,vertical,3.2000000000000002,224,1.6000000000000006e-05,1.0575663581741564e-05,3.7951570594640808e-05
6825,vertical,3.2000000000000002,225,1.5999999999999999e-05,1.0575663581741562e-05,3.7236301146569521e-05
6826,vertical,3.2000000000000002,226,1.6000000000000003e-05,1.0575663581741564e-05,3.8077313558858411e-05
6827,vertical,3.2000000000000002,227,1.5999999999999999e-05,1.0575663581741562e-05,4.2863719981933853e-05
6828,vertical,3.2000000000000002,228,1.6000000000000009e-05,1.0575663581741566e-05,3.7179669399225338e-05
6829,vertical,3.2000000000000002,229,1.6000000000000006e-05,1.0575663581741564e-05,4.3516142477015091e-05
6830,vertical,3.2000000000000002,230,1.6000000000000006e-05,1.0575663581741564e-05,4.3075653224629583e-05
6831,vertical,3.2000000000000002,231,1.6000000000000003e-05,1.0575663581741564e-05,4.6637387930166134e-05
6832,vertical,3.2000000000000002,232,1.6000000000000003e-05,1.0575663581741564e-05,3.0391357933941476e-05
6833,vertical,3.2000000000000002,233,1.6000000000000003e-05,1.0575663581741564e-05,5.426347871721129e-05
6834,vertical,3.2000000000000002,234,1.6000000000000006e-05,1.0575663581741564e-05,2.9638364427889324e-05
6835,vertical,3.2000000000000002,235,1.6000000000000003e-05,1.0575663581741564e-05,3.6722776805467327e-05
6836,vertical,3.2000000000000002,236,1.6000000000000003e-05,1.0575663581741564e-05,4.342437644426081e-05
6837,vertical,3.2000000000000002,237,1.6000000000000006e-05,1.0575663581741564e-05,3.2611791063485703e-05
6838,vertical,3.2000000000000002,238,1.6000000000000003e-05,1.0575663581741562e-05,3.908701899212039e-05
6839,vertical,3.2000000000000002,239,1.6000000000000006e-05,1.0575663581741562e-05,4.0472322548140284e-05
6840,vertical,3.2000000000000002,240,1.6000000000000003e-05,1.0575663581741564e-05,4.1863000592872338e-05
6841,vertical,3.2000000000000002,241,1.6000000000000003e-05,1.0575663581741562e-05,3.2700353664530281e-05
6842,vertical,3.2000000000000002,242,1.5999999999999996e-05,1.0575663581741561e-05,4.3862897949096401e-05
6843,vertical,3.2000000000000002,243,1.6000000000000003e-05,1.0575663581741564e-05,3.4566485839897563e-05
6844,vertical,3.2000000000000002,244,1.6000000000000006e-05,1.0575663581741564e-05,3.4567551565550174e-05
6845,vertical,3.2000000000000002,245,1.6000000000000003e-05,1.0575663581741564e-05,3.9092834333525138e-05
6846,vertical,3.2000000000000002,246,1.6000000000000003e-05,1.0575663581741564e-05,3.3011226525701727e-05
6847,vertical,3.2000000000000002,247,1.6000000000000006e-05,1.0575663581741564e-05,4.9512401572691789e-05
6848,vertical,3.2000000000000002,248,1.6000000000000003e-05,1.0575663581741564e-05,3.6977516420744514e-05
6849,vertical,3.2000000000000002,249,1.6000000000000003e-05,1.0575663581741564e-05,5.2807118387074562e-05
6850,vertical,3.2000000000000002,250,1.6000000000000006e-05,1.0575663581741564e-05,4.0914111258683441e-05
6851,vertical,3.2000000000000002,251,1.6000000000000003e-05,1.0575663581741562e-05,3.0702707623122335e-05
6852,vertical,3.2000000000000002,252,1.5999999999999999e-05,1.0575663581741562e-05,4.6156240959443767e-05
6853,vertical,3.2000000000000002,253,1.5999999999999999e-05,1.0575663581741562e-05,3.9411328159221916e-05
6854,vertical,3.2000000000000002,254,1.5999999999999999e-05,1.0575663581741562e-05,3.3357151806587177e-05
6855,vertical,3.2000000000000002,255,1.6000000000000003e-05,1.0575663581741564e-05,4.6617333066800896e-05
6856,vertical,3.2000000000000002,256,1.6000000000000006e-05,1.0575663581741564e-05,3.7016197406843841e-05
6857,vertical,3.2000000000000002,257,1.6000000000000003e-05,1.0575663581741562e-05,4.9324033481303061e-05
6858,vertical,3.2000000000000002,258,1.6000000000000009e-05,1.0575663581741566e-05,4.8399295581227716e-05
6859,vertical,3.2000000000000002,259,1.6000000000000003e-05,1.0575663581741564e-05,4.6226310494235358e-05
6860,vertical,3.2000000000000002,260,1.6000000000000006e-05,1.0575663581741564e-05,3.7160371572215261e-05
6861,vertical,3.2000000000000002,261,1.5999999999999999e-05,1.0575663581741562e-05,3.8897212956062714e-05
6862,vertical,3.2000000000000002,262,1.6000000000000003e-05,1.0575663581741564e-05,3.7344934694867126e-05
6863,vertical,3.2000000000000002,263,1.6000000000000003e-05,1.0575663581741564e-05,3.933999578306413e-05
6864,vertical,3.2000000000000002,264,1.6000000000000003e-05,1.0575663581741562e-05,3.6894690841236e-05
6865,vertical,3.2000000000000002,265,1.6000000000000006e-05,1.0575663581741564e-05,4.2975318344492051e-05
6866,vertical,3.2000000000000002,266,1.6000000000000003e-05,1.0575663581741564e-05,4.780191124012101e-05
6867,vertical,3.2000000000000002,267,1.6000000000000003e-05,1.0575663581741562e-05,4.1326129624963199e-05
6868,vertical,3.2000000000000002,268,1.6000000000000006e-05,1.0575663581741566e-05,4.7868697836776926e-05
6869,vertical,3.2000000000000002,269,1.6000000000000003e-05,1.0575663581741564e-05,3.3338365811119824e-05
6870,vertical,3.2000000000000002,270,1.6000000000000003e-05,1.0575663581741564e-05,3.9447445431002193e-05
6871,vertical,3.2000000000000002,271,1.6000000000000003e-05,1.0575663581741562e-05,5.4369170581102209e-05
6872,vertical,3.2000000000000002,272,1.5999999999999999e-05,1.0575663581741564e-05,4.2631614963090859e-05
6873,vertical,3.2000000000000002,273,1.6000000000000003e-05,1.0575663581741564e-05,4.1358841392947014e-05
6874,vertical,3.2000000000000002,274,1.6000000000000006e-05,1.0575663581741564e-05,3.3494698198273443e-05
6875,vertical,3.2000000000000002,275,1.6000000000000006e-05,1.0575663581741564e-05,3.3861651660598435e-05
6876,vertical,3.2000000000000002,276,1.6000000000000003e-05,1.0575663581741566e-05,4.5289361100941804e-05
6877,vertical,3.2000000000000002,277,1.6000000000000003e-05,1.0575663581741562e-05,3.1852150655311989e-05
6878,vertical,3.2000000000000002,278,1.6000000000000003e-05,1.0575663581741564e-05,4.1757613075365777e-05
6879,vertical,3.2000000000000002,279,1.6000000000000003e-05,1.0575663581741564e-05,3.8958715720242386e-05
6880,vertical,3.2000000000000002,280,1.6000000000000003e-05,1.0575663581741564e-05,3.741696719902654e-05
6881,vertical,3.2000000000000002,281,1.5999999999999999e-05,1.0575663581741562e-05,3.6863704971758218e-05
6882,vertical,3.2000000000000002,282,1.6000000000000003e-05,1.0575663581741564e-05,4.507415037127207e-05
6883,vertical,3.2000000000000002,283,1.6000000000000003e-05,1.0575663581741564e-05,3.6516695283650492e-05
6884,vertical,3.2000000000000002,284,1.6000000000000003e-05,1.0575663581741564e-05,4.6737010408187153e-05
6885,vertical,3.2000000000000002,285,1.6000000000000003e-05,1.0575663581741562e-05,4.5835700849819888e-05
6886,vertical,3.2000000000000002,286,1.6000000000000006e-05,1.0575663581741564e-05,3.6050284771621718e-05
6887,vertical,3.2000000000000002,287,1.6000000000000003e-05,1.0575663581741564e-05,4.3119837585962886e-05
6888,vertical,3.2000000000000002,288,1.6000000000000003e-05,1.0575663581741564e-05,3.2788972247403291e-05
6889,vertical,3.2000000000000002,289,1.6000000000000003e-05,1.0575663581741564e-05,3.4988146211331675e-05
6890,vertical,3.2000000000000002,290,1.6000000000000003e-05,1.0575663581741562e-05,3.7882809528001973e-05
6891,vertical,3.2000000000000002,291,1.6000000000000003e-05,1.0575663581741564e-05,3.5192993949809425e-05
6892,vertical,3.2000000000000002,292,1.5999999999999999e-05,1.0575663581741561e-05,3.6515394664409516e-05
6893,vertical,3.2000000000000002,293,1.6000000000000003e-05,1.0575663581741562e-05,5.0114082177679546e-05
6894,vertical,3.2000000000000002,294,1.5999999999999999e-05,1.0575663581741562e-05,3.8788074656903464e-05
6895,vertical,3.2000000000000002,295,1.6000000000000003e-05,1.0575663581741564e-05,3.603133690994161e-05
6896,vertical,3.2000000000000002,296,1.6000000000000003e-05,1.0575663581741564e-05,3.8989827935689573e-05
6897,vertical,3.2000000000000002,297,1.6000000000000003e-05,1.0575663581741564e-05,3.6500801942020656e-05
6898,vertical,3.2000000000000002,298,1.6000000000000003e-05,1.0575663581741564e-05,3.5567443351607332e-05
6899,vertical,3.2000000000000002,299,1.6000000000000003e-05,1.0575663581741564e-05,4.3410583261851922e-05
6900,vertical,3.2000000000000002,300,1.6000000000000006e-05,1.0575663581741564e-05,3.6798453754743024e-05
6901,vertical,3.2000000000000002,301,1.6000000000000003e-05,1.0575663581741564e-05,3.9815158349735136e-05
6902,vertical,3.2000000000000002,302,1.5999999999999999e-05,1.0575663581741562e-05,3.8409744043542358e-05
6903,vertical,3.2000000000000002,303,1.6000000000000003e-05,1.0575663581741564e-05,4.2841837266062435e-05
6904,vertical,3.2000000000000002,304,1.6000000000000003e-05,1.0575663581741564e-05,4.7684527972524878e-05
6905,vertical,3.2000000000000002,305,1.6000000000000009e-05,1.0575663581741566e-05,4.1931174934767405e-05
6906,vertical,3.2000000000000002,306,1.5999999999999999e-05,1.0575663581741562e-05,4.9155107124194572e-05
6907,vertical,3.2000000000000002,307,1.6000000000000003e-05,1.0575663581741564e-05,3.3923837338286253e-05
6908,vertical,3.2000000000000002,308,1.6000000000000003e-05,1.0575663581741564e-05,3.2927759134343655e-05
6909,vertical,3.2000000000000002,309,1.5999999999999999e-05,1.0575663581741564e-05,3.7519230543370179e-05
6910,vertical,3.2000000000000002,310,1.6000000000000003e-05,1.0575663581741562e-05,3.5432640796415091e-05
6911,vertical,3.2000000000000002,311,1.6000000000000003e-05,1.0575663581741564e-05,3.9885871457885497e-05
6912,vertical,3.2000000000000002,312,1.6000000000000006e-05,1.0575663581741564e-05,4.5962580841282439e-05
6913,vertical,3.2000000000000002,313,1.6000000000000003e-05,1.0575663581741562e-05,4.0997386353829945e-05
6914,vertical,3.2000000000000002,314,1.5999999999999999e-05,1.0575663581741562e-05,3.5972884666445522e-05
6915,vertical,3.2000000000000002,315,1.6000000000000009e-05,1.0575663581741566e-05,4.3701517876927533e-05
6916,vertical,3.2000000000000002,316,1.6000000000000003e-05,1.0575663581741562e-05,4.1504177534133127e-05
6917,vertical,3.2000000000000002,317,1.6000000000000006e-05,1.0575663581741564e-05,5.2664161676272714e-05
6918,vertical,3.2000000000000002,318,1.6000000000000003e-05,1.0575663581741564e-05,3.541894228927719e-05
6919,vertical,3.2000000000000002,319,1.6000000000000003e-05,1.0575663581741564e-05,3.8809857489582541e-05
6920,vertical,3.2000000000000002,320,1.6000000000000003e-05,1.0575663581741564e-05,3.9284789015238967e-05
6921,vertical,3.2000000000000002,321,1.6000000000000006e-05,1.0575663581741564e-05,3.7019417303146363e-05
6922,vertical,3.2000000000000002,322,1.6000000000000003e-05,1.0575663581741564e-05,4.1850165800618095e-05
6923,vertical,3.2000000000000002,323,1.5999999999999999e-05,1.0575663581741562e-05,3.8190851985894234e-05
6924,vertical,3.2000000000000002,324,1.6000000000000003e-05,1.0575663581741564e-05,3.8097479785535762e-05
6925,vertical,3.2000000000000002,325,1.6000000000000003e-05,1.0575663581741564e-05,3.5874913642635291e-05
6926,vertical,3.2000000000000002,326,1.6000000000000009e-05,1.0575663581741566e-05,3.1496358428901019e-05
6927,vertical,3.2000000000000002,327,1.6000000000000003e-05,1.0575663581741562e-05,3.9121037287672089e-05
6928,vertical,3.2000000000000002,328,1.6000000000000006e-05,1.0575663581741564e-05,3.9587275663198735e-05
6929,vertical,3.2000000000000002,329,1.6000000000000003e-05,1.0575663581741562e-05,4.109749335658012e-05
6930,vertical,3.2000000000000002,330,1.6000000000000003e-05,1.0575663581741564e-05,4.4431179274867638e-05
6931,vertical,3.2000000000000002,331,1.6000000000000003e-05,1.0575663581741564e-05,4.0186720840102253e-05
6932,vertical,3.2000000000000002,332,1.5999999999999999e-05,1.0575663581741562e-05,4.3311184443141748e-05
6933,vertical,3.2000000000000002,333,1.6000000000000003e-05,1.0575663581741564e-05,3.9278006982816424e-05
6934,vertical,3.2000000000000002,334,1.6000000000000003e-05,1.0575663581741562e-05,4.7906825891845105e-05
6935,vertical,3.2000000000000002,335,1.6000000000000003e-05,1.0575663581741564e-05,4.2000264309371242e-05
6936,vertical,3.2000000000000002,336,1.6000000000000003e-05,1.0575663581741564e-05,3.7488019297628339e-05
6937,vertical,3.2000000000000002,337,1.6000000000000006e-05,1.0575663581741564e-05,3.3697432353670849e-05
6938,vertical,3.2000000000000002,338,1.6000000000000006e-05,1.0575663581741564e-05,3.9329259185296952e-05
6939,vertical,3.2000000000000002,339,1.6000000000000003e-05,1.0575663581741564e-05,3.8826607458343024e-05
6940,vertical,3.2000000000000002,340,1.6000000000000006e-05,1.0575663581741564e-05,4.0223977234255185e-05
6941,vertical,3.2000000000000002,341,1.6000000000000003e-05,1.0575663581741564e-05,4.6886811989424054e-05
6942,vertical,3.2000000000000002,342,1.6000000000000003e-05,1.0575663581741562e-05,4.1522100504045421e-05
6943,vertical,3.2000000000000002,343,1.6000000000000006e-05,1.0575663581741564e-05,4.7226655105291572e-05
6944,vertical,3.2000000000000002,344,1.6000000000000003e-05,1.0575663581741564e-05,4.2003200805388909e-05
6945,vertical,3.2000000000000002,345,1.6000000000000006e-05,1.0575663581741564e-05,3.702088647657591e-05
6946,vertical,3.2000000000000002,346,1.6000000000000006e-05,1.0575663581741564e-05,3.2658562136960161e-05
6947,vertical,3.2000000000000002,347,1.6000000000000003e-05,1.0575663581741564e-05,4.3039230569768457e-05
6948,vertical,3.2000000000000002,348,1.6000000000000003e-05,1.0575663581741564e-05,4.2250745485328738e-05
6949,vertical,3.2000000000000002,349,1.5999999999999999e-05,1.0575663581741562e-05,3.5532775803737317e-05
6950,vertical,3.2000000000000002,350,1.6000000000000006e-05,1.0575663581741564e-05,4.5168928014770232e-05
6951,vertical,3.2000000000000002,351,1.6000000000000003e-05,1.0575663581741562e-05,4.1528254556234015e-05
6952,vertical,3.2000000000000002,352,1.6000000000000006e-05,1.0575663581741566e-05,4.6301778469633166e-05
6953,vertical,3.2000000000000002,353,1.6000000000000006e-05,1.0575663581741564e-05,3.3460782347739463e-05
6954,vertical,3.2000000000000002,354,1.6000000000000003e-05,1.0575663581741564e-05,4.3721546697881745e-05
6955,vertical,3.2000000000000002,355,1.6000000000000006e-05,1.0575663581741564e-05,4.8942602466275483e-05
6956,vertical,3.2000000000000002,356,1.6000000000000003e-05,1.0575663581741564e-05,3.5091872157889224e-05
6957,vertical,3.2000000000000002,357,1.6000000000000003e-05,1.0575663581741564e-05,4.3773738840535095e-05
6958,vertical,3.2000000000000002,358,1.6000000000000003e-05,1.0575663581741564e-05,5.5194912333800026e-05
6959,vertical,3.2000000000000002,359,1.5999999999999999e-05,1.0575663581741562e-05,5.4642115702935747e-05
6960,vertical,3.2000000000000002,360,1.6000000000000006e-05,1.0575663581741564e-05,4.0947960574011269e-05
6961,vertical,3.2000000000000002,361,1.6000000000000006e-05,1.0575663581741566e-05,3.6476602811005933e-05
6962,vertical,3.2000000000000002,362,1.6000000000000003e-05,1.0575663581741564e-05,4.4245571966166135e-05
6963,vertical,3.2000000000000002,363,1.6000000000000003e-05,1.0575663581741564e-05,3.5885581436490452e-05
6964,vertical,3.2000000000000002,364,1.5999999999999999e-05,1.0575663581741564e-05,3.7002775752874511e-05
6965,vertical,3.2000000000000002,365,1.6000000000000006e-05,1.0575663581741564e-05,4.7391273833202072e-05
6966,vertical,3.2000000000000002,366,1.6000000000000003e-05,1.0575663581741564e-05,4.5412718719198344e-05
6967,vertical,3.2000000000000002,367,1.6000000000000003e-05,1.0575663581741564e-05,4.1395784384170584e-05
6968,vertical,3.2000000000000002,368,1.6000000000000006e-05,1.0575663581741564e-05,4.1913390495315001e-05
6969,vertical,3.2000000000000002,369,1.6000000000000003e-05,1.0575663581741564e-05,4.7201346152837619e-05
6970,vertical,3.2000000000000002,370,1.6000000000000003e-05,1.0575663581741562e-05,3.517503790838543e-05
6971,vertical,3.2000000000000002,371,1.6000000000000003e-05,1.0575663581741562e-05,4.426799447185493e-05
6972,vertical,3.2000000000000002,372,1.6000000000000006e-05,1.0575663581741564e-05,3.6060415724033747e-05
6973,vertical,3.2000000000000002,373,1.6000000000000003e-05,1.0575663581741564e-05,3.9434181360898449e-05
6974,vertical,3.2000000000000002,374,1.6000000000000006e-05,1.0575663581741566e-05,3.472118000512518e-05
6975,vertical,3.2000000000000002,375,1.6000000000000003e-05,1.0575663581741564e-05,4.4179730914719196e-05
6976,vertical,3.2000000000000002,376,1.6000000000000006e-05,1.0575663581741564e-05,4.6603610985962617e-05
6977,vertical,3.2000000000000002,377,1.6000000000000003e-05,1.0575663581741564e-05,4.0145196829057308e-05
6978,vertical,3.2000000000000002,378,1.6000000000000003e-05,1.0575663581741564e-05,3.6718340439476336e-05
6979,vertical,3.2000000000000002,379,1.6000000000000003e-05,1.0575663581741562e-05,4.6799680654111873e-05
6980,vertical,3.2000000000000002,380,1.6000000000000003e-05,1.0575663581741564e-05,4.4592376988166598e-05
6981,vertical,3.2000000000000002,381,1.6000000000000006e-05,1.0575663581741566e-05,3.9656276229148206e-05
6982,vertical,3.2000000000000002,382,1.6000000000000003e-05,1.0575663581741564e-05,4.0577341965026799e-05
6983,vertical,3.2000000000000002,383,1.6000000000000003e-05,1.0575663581741564e-05,3.8925245891582673e-05
6984,vertical,3.2000000000000002,384,1.6000000000000003e-05,1.0575663581741564e-05,3.7558953140104517e-05
6985,vertical,3.2000000000000002,385,1.6000000000000003e-05,1.0575663581741564e-05,4.1432453481724352e-05
6986,vertical,3.2000000000000002,386,1.6000000000000003e-05,1.0575663581741564e-05,3.291595654177193e-05
6987,vertical,3.2000000000000002,387,1.6000000000000003e-05,1.0575663581741564e-05,5.1843480746002487e-05
6988,vertical,3.2000000000000002,388,1.5999999999999999e-05,1.0575663581741562e-05,4.9430095957799167e-05
6989,vertical,3.2000000000000002,389,1.6000000000000003e-05,1.0575663581741564e-05,4.4736026716956704e-05
6990,vertical,3.2000000000000002,390,1.6000000000000003e-05,1.0575663581741564e-05,3.318408038224097e-05
6991,vertical,3.2000000000000002,391,1.5999999999999999e-05,1.0575663581741564e-05,3.9633986401053338e-05
6992,vertical,3.2000000000000002,392,1.6000000000000003e-05,1.0575663581741564e-05,4.2567446402017233e-05
6993,vertical,3.2000000000000002,393,1.6000000000000003e-05,1.0575663581741564e-05,3.540120948523412e-05
6994,vertical,3.2000000000000002,394,1.6000000000000003e-05,1.0575663581741564e-05,4.4292020411622563e-05
6995,vertical,3.2000000000000002,395,1.6000000000000003e-05,1.0575663581741564e-05,3.4525173794125025e-05
6996,vertical,3.2000000000000002,396,1.5999999999999999e-05,1.0575663581741562e-05,4.1005918506084048e-05
6997,vertical,3.2000000000000002,397,1.6000000000000003e-05,1.0575663581741562e-05,4.8305700771139765e-05
6998,vertical,3.2000000000000002,398,1.6000000000000003e-05,1.0575663581741564e-05,5.2592503664380975e-05
6999,vertical,3.2000000000000002,399,1.6000000000000003e-05,1.0575663581741564e-05,3.4931026340423225e-05
7000,vertical,3.2000000000000002,400,1.6000000000000003e-05,1.0575663581741564e-05,4.1803402021943479e-05
7001,vertical,3.2000000000000002,401,1.5999999999999999e-05,1.0575663581741562e-05,3.7294877961368055e-05
7002,vertical,3.2000000000000002,402,1.6000000000000003e-05,1.0575663581741564e-05,3.6038423696363797e-05
7003,vertical,3.2000000000000002,403,1.6000000000000006e-05,1.0575663581741566e-05,3.8022389159985164e-05
7004,vertical,3.2000000000000002,404,1.6000000000000003e-05,1.0575663581741564e-05,3.1834424073269075e-05
7005,vertical,3.2000000000000002,405,1.6000000000000003e-05,1.0575663581741564e-05,3.678099791695132e-05
7006,vertical,3.2000000000000002,406,1.6000000000000003e-05,1.0575663581741564e-05,3.924542741257815e-05
7007,vertical,3.2000000000000002,407,1.6000000000000006e-05,1.0575663581741564e-05,3.8624972717597491e-05
7008,vertical,3.2000000000000002,408,1.6000000000000003e-05,1.0575663581741562e-05,3.9995490649933232e-05
7009,vertical,3.2000000000000002,409,1.6000000000000003e-05,1.0575663581741564e-05,3.2768959405554027e-05
7010,vertical,3.2000000000000002,410,1.6000000000000003e-05,1.0575663581741564e-05,4.2134608104636599e-05
7011,vertical,3.2000000000000002,411,1.6000000000000006e-05,1.0575663581741562e-05,3.9055962893692627e-05
7012,vertical,3.2000000000000002,412,1.6000000000000003e-05,1.0575663581741564e-05,4.0458663051371998e-05
7013,vertical,3.2000000000000002,413,1.5999999999999999e-05,1.0575663581741561e-05,3.209824244014583e-05
7014,vertical,3.2000000000000002,414,1.6000000000000003e-05,1.0575663581741564e-05,5.8071941864841206e-05
7015,vertical,3.2000000000000002,415,1.6000000000000006e-05,1.0575663581741564e-05,3.7157874807662044e-05
7016,vertical,3.2000000000000002,416,1.6000000000000003e-05,1.0575663581741564e-05,4.1748765372766366e-05
7017,vertical,3.2000000000000002,417,1.6000000000000003e-05,1.0575663581741562e-05,4.1206680853842128e-05
7018,vertical,3.2000000000000002,418,1.6000000000000003e-05,1.0575663581741564e-05,3.9745579364074267e-05
7019,vertical,3.2000000000000002,419,1.5999999999999999e-05,1.0575663581741564e-05,3.6337111325456687e-05
7020,vertical,3.2000000000000002,420,1.6000000000000003e-05,1.0575663581741564e-05,3.6474889653238784e-05
7021,vertical,3.2000000000000002,421,1.6000000000000003e-05,1.0575663581741564e-05,3.6934340616542678e-05
7022,vertical,3.2000000000000002,422,1.6000000000000006e-05,1.0575663581741564e-05,3.6271945295502748e-05
7023,vertical,3.2000000000000002,423,1.6000000000000009e-05,1.0575663581741564e-05,4.1112411445048112e-05
7024,vertical,3.2000000000000002,424,1.5999999999999999e-05,1.0575663581741561e-05,3.8161840302081433e-05
7025,vertical,3.2000000000000002,425,1.6000000000000003e-05,1.0575663581741564e-05,3.6850139339332845e-05
7026,vertical,3.2000000000000002,426,1.6000000000000006e-05,1.0575663581741564e-05,4.7012691456031372e-05
7027,vertical,3.2000000000000002,427,1.6000000000000003e-05,1.0575663581741564e-05,4.5398670868978759e-05
7028,vertical,3.2000000000000002,428,1.6000000000000006e-05,1.0575663581741562e-05,3.7012077570802237e-05
7029,vertical,3.2000000000000002,429,1.5999999999999999e-05,1.0575663581741564e-05,3.7629255615262425e-05
7030,vertical,3.2000000000000002,430,1.6000000000000003e-05,1.0575663581741564e-05,4.2662760311326219e-05
7031,vertical,3.2000000000000002,431,1.5999999999999999e-05,1.0575663581741564e-05,4.6676206293156546e-05
7032,vertical,3.2000000000000002,432,1.6000000000000006e-05,1.0575663581741564e-05,4.0755774778258808e-05
7033,vertical,3.2000000000000002,433,1.6000000000000006e-05,1.0575663581741564e-05,3.8524277633977805e-05
7034,vertical,3.2000000000000002,434,1.5999999999999999e-05,1.0575663581741562e-05,4.2550350643603702e-05
7035,vertical,3.2000000000000002,435,1.6000000000000003e-05,1.0575663581741564e-05,4.1516030360348194e-05
7036,vertical,3.2000000000000002,436,1.5999999999999999e-05,1.0575663581741561e-05,4.1294509581320833e-05
7037,vertical,3.2000000000000002,437,1.6000000000000006e-05,1.0575663581741564e-05,3.6897038836564758e-05
7038,vertical,3.2000000000000002,438,1.6000000000000003e-05,1.0575663581741564e-05,4.2268068950770667e-05
7039,vertical,3.2000000000000002,439,1.6000000000000006e-05,1.0575663581741564e-05,3.1683047833809919e-05
7040,vertical,3.2000000000000002,440,1.6000000000000003e-05,1.0575663581741562e-05,3.78348247852119e-05
7041,vertical,3.2000000000000002,441,1.5999999999999999e-05,1.0575663581741562e-05,3.516222884517824e-05
7042,vertical,3.2000000000000002,442,1.6000000000000006e-05,1.0575663581741564e-05,3.3916122481634147e-05
7043,vertical,3.2000000000000002,443,1.6000000000000006e-05,1.0575663581741564e-05,4.604887305968999e-05
7044,vertical,3.2000000000000002,444,1.6000000000000003e-05,1.0575663581741564e-05,4.1774900604815364e-05
7045,vertical,3.2000000000000002,445,1.6000000000000006e-05,1.0575663581741564e-05,3.8137146861353601e-05
7046,vertical,3.2000000000000002,446,1.6000000000000006e-05,1.0575663581741564e-05,4.1742816412085296e-05
7047,vertical,3.2000000000000002,447,1.6000000000000003e-05,1.0575663581741564e-05,4.1447705260622178e-05
7048,vertical,3.2000000000000002,448,1.6000000000000006e-05,1.0575663581741564e-05,3.9478914348920597e-05
7049,vertical,3.2000000000000002,449,1.6000000000000003e-05,1.0575663581741564e-05,3.8577416669247459e-05
7050,vertical,3.2000000000000002,450,1.6000000000000003e-05,1.0575663581741564e-05,3.5305050322009799e-05
7051,vertical,3.2000000000000002,451,1.6000000000000006e-05,1.0575663581741566e-05,3.8544007433738503e-05
7052,vertical,3.2000000000000002,452,1.6000000000000006e-05,1.0575663581741564e-05,3.8917551878539619e-05
7053,vertical,3.2000000000000002,453,1.6000000000000006e-05,1.0575663581741564e-05,3.4204547877946048e-05
7054,vertical,3.2000000000000002,454,1.6000000000000003e-05,1.0575663581741564e-05,4.3774862222417099e-05
7055,vertical,3.2000000000000002,455,1.6000000000000003e-05,1.0575663581741564e-05,3.4501617500479163e-05
7056,vertical,3.2000000000000002,456,1.6000000000000006e-05,1.0575663581741564e-05,3.8587144455782455e-05
7057,vertical,3.2000000000000002,457,1.5999999999999999e-05,1.0575663581741564e-05,3.4128648553123934e-05
7058,vertical,3.2000000000000002,458,1.6000000000000003e-05,1.0575663581741564e-05,3.4769495828138989e-05
7059,vertical,3.2000000000000002,459,1.6000000000000006e-05,1.0575663581741564e-05,3.4593969519271207e-05
7060,vertical,3.2000000000000002,460,1.6000000000000006e-05,1.0575663581741564e-05,3.5467159022114559e-05
7061,vertical,3.2000000000000002,461,1.6000000000000006e-05,1.0575663581741564e-05,4.0837246889527548e-05
7062,vertical,3.2000000000000002,462,1.6000000000000003e-05,1.0575663581741564e-05,4.3413388980547987e-05
7063,vertical,3.2000000000000002,463,1.6000000000000003e-05,1.0575663581741564e-05,3.9533011989671946e-05
7064,vertical,3.2000000000000002,464,1.5999999999999999e-05,1.0575663581741562e-05,4.0883798588224921e-05
7065,vertical,3.2000000000000002,465,1.5999999999999999e-05,1.0575663581741561e-05,3.6852668314209961e-05
7066,vertical,3.2000000000000002,466,1.6000000000000006e-05,1.0575663581741562e-05,3.5729414239005757e-05
7067,vertical,3.2000000000000002,467,1.6000000000000006e-05,1.0575663581741564e-05,3.8380561723167243e-05
7068,vertical,3.2000000000000002,468,1.6000000000000006e-05,1.0575663581741564e-05,3.6851976007715494e-05
7069,vertical,3.2000000000000002,469,1.5999999999999999e-05,1.0575663581741562e-05,3.8030525611432959e-05
7070,vertical,3.2000000000000002,470,1.5999999999999999e-05,1.0575663581741564e-05,3.069591755275495e-05
7071,vertical,3.2000000000000002,471,1.6000000000000003e-05,1.0575663581741564e-05,3.7400186186392497e-05
7072,vertical,3.2000000000000002,472,1.6000000000000006e-05,1.0575663581741564e-05,4.2364110667037677e-05
7073,vertical,3.2000000000000002,473,1.6000000000000003e-05,1.0575663581741562e-05,3.5478507140515978e-05
7074,vertical,3.2000000000000002,474,1.5999999999999999e-05,1.0575663581741564e-05,3.8144915862621093e-05
7075,vertical,3.2000000000000002,475,1.6000000000000003e-05,1.0575663581741564e-05,3.6403468150846008e-05
7076,vertical,3.2000000000000002,476,1.6000000000000003e-05,1.0575663581741562e-05,3.0866202111576978e-05
7077,vertical,3.2000000000000002,477,1.6000000000000006e-05,1.0575663581741564e-05,3.3603965097398357e-05
7078,vertical,3.2000000000000002,478,1.6000000000000003e-05,1.0575663581741564e-05,3.572975457829382e-05
7079,vertical,3.2000000000000002,479,1.5999999999999999e-05,1.0575663581741562e-05,3.4101635347238705e-05
7080,vertical,3.2000000000000002,480,1.6000000000000006e-05,1.0575663581741564e-05,3.3884576482119754e-05
7081,vertical,3.2000000000000002,481,1.6000000000000006e-05,1.0575663581741564e-05,3.9606974740698495e-05
7082,vertical,3.2000000000000002,482,1.6000000000000003e-05,1.0575663581741562e-05,4.2475663492790707e-05
7083,vertical,3.2000000000000002,483,1.6000000000000006e-05,1.0575663581741564e-05,3.3929134644554424e-05
7084,vertical,3.2000000000000002,484,1.6000000000000003e-05,1.0575663581741564e-05,4.002452114451944e-05
7085,vertical,3.2000000000000002,485,1.6000000000000006e-05,1.0575663581741564e-05,4.0486917465922413e-05
7086,vertical,3.2000000000000002,486,1.6000000000000003e-05,1.0575663581741564e-05,3.7844476210233829e-05
7087,vertical,3.2000000000000002,487,1.6000000000000003e-05,1.0575663581741564e-05,4.1879756951037939e-05
7088,vertical,3.2000000000000002,488,1.6000000000000003e-05,1.0575663581741562e-05,4.1067861191674578e-05
7089,vertical,3.2000000000000002,489,1.6000000000000003e-05,1.0575663581741564e-05,4.0644916844480083e-05
7090,vertical,3.2000000000000002,490,1.6000000000000003e-05,1.0575663581741564e-05,3.9357151814204656e-05
7091,vertical,3.2000000000000002,491,1.6000000000000003e-05,1.0575663581741564e-05,4.5771956392918155e-05
7092,vertical,3.2000000000000002,492,1.6000000000000003e-05,1.0575663581741564e-05,4.0595590160743517e-05
7093,vertical,3.2000000000000002,493,1.6000000000000003e-05,1.0575663581741562e-05,3.4469989911973673e-05
7094,vertical,3.2000000000000002,494,1.6000000000000003e-05,1.0575663581741564e-05,4.3126856978344083e-05
7095,vertical,3.2000000000000002,495,1.5999999999999999e-05,1.0575663581741564e-05,4.5368507811439e-05
7096,vertical,3.2000000000000002,496,1.6000000000000003e-05,1.0575663581741564e-05,3.2251109693173138e-05
7097,vertical,3.2000000000000002,497,1.6000000000000003e-05,1.0575663581741564e-05,3.158976104045403e-05
7098,vertical,3.2000000000000002,498,1.5999999999999999e-05,1.0575663581741564e-05,3.2801496000001088e-05
7099,vertical,3.2000000000000002,499,1.6000000000000003e-05,1.0575663581741564e-05,4.2402812062524963e-05
7100,vertical,3.2000000000000002,500,1.6000000000000003e-05,1.0575663581741564e-05,3.8166151063679205e-05
7101,vertical,3.2000000000000002,501,1.6000000000000006e-05,1.0575663581741564e-05,4.1256867619406481e-05
7102,vertical,3.2000000000000002,502,1.6000000000000003e-05,1.0575663581741564e-05,4.3772432418775355e-05
7103,vertical,3.2000000000000002,503,1.6000000000000003e-05,1.0575663581741564e-05,3.7226635307895436e-05
7104,vertical,3.2000000000000002,504,1.6000000000000003e-05,1.0575663581741564e-05,3.7992298906524266e-05
7105,vertical,3.2000000000000002,505,1.6000000000000003e-05,1.0575663581741564e-05,4.4588851375863662e-05
7106,vertical,3.2000000000000002,506,1.6000000000000003e-05,1.0575663581741564e-05,3.1146883849243268e-05
7107,vertical,3.2000000000000002,507,1.6000000000000006e-05,1.0575663581741566e-05,4.7852006637027843e-05
7108,vertical,3.2000000000000002,508,1.6000000000000003e-05,1.0575663581741562e-05,3.9702903645299058e-05
7109,vertical,3.2000000000000002,509,1.6000000000000006e-05,1.0575663581741564e-05,3.7599059069835602e-05
7110,vertical,3.2000000000000002,510,1.5999999999999999e-05,1.0575663581741562e-05,3.6583402216272643e-05
7111,vertical,3.2000000000000002,511,1.6000000000000003e-05,1.0575663581741562e-05,3.9519235797980532e-05
7112,vertical,3.2000000000000002,512,1.6000000000000003e-05,1.0575663581741564e-05,3.5517024977947383e-05
7113,vertical,3.2000000000000002,513,1.5999999999999999e-05,1.0575663581741564e-05,3.9711327198064663e-05
7114,vertical,3.2000000000000002,514,1.6000000000000003e-05,1.0575663581741564e-05,3.3090166887989271e-05
7115,vertical,3.2000000000000002,515,1.6000000000000003e-05,1.0575663581741564e-05,5.1317252971186747e-05
7116,vertical,3.2000000000000002,516,1.6000000000000006e-05,1.0575663581741564e-05,3.5879334189740923e-05
7117,vertical,3.2000000000000002,517,1.6000000000000003e-05,1.0575663581741562e-05,3.9587572429470611e-05
7118,vertical,3.2000000000000002,518,1.6000000000000003e-05,1.0575663581741564e-05,3.8935913392694818e-05
7119,vertical,3.2000000000000002,519,1.6000000000000003e-05,1.0575663581741562e-05,4.2556220912403771e-05
7120,vertical,3.2000000000000002,520,1.5999999999999999e-05,1.0575663581741564e-05,4.3295991097701099e-05
7121,vertical,3.2000000000000002,521,1.6000000000000003e-05,1.0575663581741564e-05,4.2519079680829443e-05
7122,vertical,3.2000000000000002,522,1.6000000000000003e-05,1.0575663581741566e-05,3.9336168082659937e-05
7123,vertical,3.2000000000000002,523,1.6000000000000003e-05,1.0575663581741564e-05,3.9628077427084256e-05
7124,vertical,3.2000000000000002,524,1.6000000000000006e-05,1.0575663581741564e-05,4.522527819322633e-05
7125,vertical,3.2000000000000002,525,1.6000000000000003e-05,1.0575663581741564e-05,4.3613823511405881e-05
7126,vertical,3.2000000000000002,526,1.6000000000000003e-05,1.0575663581741564e-05,4.3574917378556692e-05
7127,vertical,3.2000000000000002,527,1.6000000000000006e-05,1.0575663581741564e-05,3.3933915715200832e-05
7128,vertical,3.2000000000000002,528,1.6000000000000006e-05,1.0575663581741564e-05,3.5309086400492213e-05
7129,vertical,3.2000000000000002,529,1.6000000000000003e-05,1.0575663581741564e-05,4.5661135423259231e-05
7130,vertical,3.2000000000000002,530,1.5999999999999999e-05,1.0575663581741564e-05,4.8422472991555568e-05
7131,vertical,3.2000000000000002,531,1.6000000000000003e-05,1.0575663581741564e-05,4.283120838619284e-05
7132,vertical,3.2000000000000002,532,1.5999999999999999e-05,1.0575663581741564e-05,3.5890520987161226e-05
7133,vertical,3.2000000000000002,533,1.5999999999999999e-05,1.0575663581741562e-05,3.4655240710343184e-05
7134,vertical,3.2000000000000002,534,1.6000000000000003e-05,1.0575663581741562e-05,3.4083014403394071e-05
7135,vertical,3.2000000000000002,535,1.6000000000000006e-05,1.0575663581741564e-05,4.1106158843993489e-05
7136,vertical,3.2000000000000002,536,1.6000000000000003e-05,1.0575663581741562e-05,3.9918452819761064e-05
7137,vertical,3.2000000000000002,537,1.6000000000000006e-05,1.0575663581741564e-05,4.366623177007521e-05
7138,vertical,3.2000000000000002,538,1.6000000000000003e-05,1.0575663581741564e-05,4.6548170120044918e-05
7139,vertical,3.2000000000000002,539,1.6000000000000003e-05,1.0575663581741564e-05,4.2515944761885757e-05
7140,vertical,3.2000000000000002,540,1.5999999999999999e-05,1.0575663581741562e-05,3.7282109121546509e-05
7141,vertical,3.2000000000000002,541,1.5999999999999999e-05,1.0575663581741562e-05,5.137460359020886e-05
7142,vertical,3.2000000000000002,542,1.6000000000000003e-05,1.0575663581741564e-05,4.5868821393046687e-05
7143,vertical,3.2000000000000002,543,1.6000000000000006e-05,1.0575663581741566e-05,3.9332813887780795e-05
7144,vertical,3.2000000000000002,544,1.6000000000000003e-05,1.0575663581741562e-05,3.6850375296560885e-05
7145,vertical,3.2000000000000002,545,1.6000000000000003e-05,1.0575663581741562e-05,4.4644983762672827e-05
7146,vertical,3.2000000000000002,546,1.6000000000000003e-05,1.0575663581741564e-05,4.5629065743273157e-05
7147,vertical,3.2000000000000002,547,1.6000000000000003e-05,1.0575663581741564e-05,4.378694695537115e-05
7148,vertical,3.2000000000000002,548,1.6000000000000003e-05,1.0575663581741564e-05,3.7916135220120122e-05
7149,vertical,3.2000000000000002,549,1.6000000000000006e-05,1.0575663581741564e-05,4.2473780642508316e-05
7150,vertical,3.2000000000000002,550,1.6000000000000006e-05,1.0575663581741564e-05,3.6108297861794427e-05
7151,vertical,3.2000000000000002,551,1.6000000000000006e-05,1.0575663581741564e-05,3.9880817810439273e-05
7152,vertical,3.2000000000000002,552,1.6000000000000006e-05,1.0575663581741564e-05,4.3216441104932793e-05
7153,vertical,3.2000000000000002,553,1.6000000000000006e-05,1.0575663581741564e-05,5.1798167555876361e-05
7154,vertical,3.2000000000000002,554,1.6000000000000003e-05,1.0575663581741564e-05,3.5898866529415809e-05
7155,vertical,3.2000000000000002,555,1.6000000000000003e-05,1.0575663581741564e-05,3.1526825951081878e-05
7156,vertical,3.2000000000000002,556,1.6000000000000003e-05,1.0575663581741564e-05,4.7012684444795907e-05
7157,vertical,3.2000000000000002,557,1.6000000000000003e-05,1.0575663581741562e-05,3.1588347254829617e-05
7158,vertical,3.2000000000000002,558,1.6000000000000006e-05,1.0575663581741564e-05,3.6604004354660205e-05
7159,vertical,3.2000000000000002,559,1.6000000000000006e-05,1.0575663581741566e-05,4.4640085939631855e-05
7160,vertical,3.2000000000000002,560,1.5999999999999999e-05,1.0575663581741562e-05,4.3382047041498212e-05
7161,vertical,3.2000000000000002,561,1.5999999999999999e-05,1.0575663581741562e-05,3.4577746568288518e-05
7162,vertical,3.2000000000000002,562,1.6000000000000003e-05,1.0575663581741562e-05,4.7844868739350881e-05
7163,vertical,3.2000000000000002,563,1.6000000000000003e-05,1.0575663581741562e-05,4.1047266932604074e-05
7164,vertical,3.2000000000000002,564,1.6000000000000003e-05,1.0575663581741564e-05,3.6175454970018167e-05
7165,vertical,3.2000000000000002,565,1.6000000000000003e-05,1.0575663581741564e-05,3.8549912655635175e-05
7166,vertical,3.2000000000000002,566,1.6000000000000003e-05,1.0575663581741564e-05,3.663776518283104e-05
7167,vertical,3.2000000000000002,567,1.6000000000000003e-05,1.0575663581741564e-05,4.201403062037781e-05
7168,vertical,3.2000000000000002,568,1.6000000000000009e-05,1.0575663581741566e-05,4.4020321440588972e-05
7169,vertical,3.2000000000000002,569,1.6000000000000006e-05,1.0575663581741564e-05,3.4852274877892804e-05
7170,vertical,3.2000000000000002,570,1.5999999999999999e-05,1.0575663581741562e-05,4.2915475140349908e-05
7171,vertical,3.2000000000000002,571,1.6000000000000006e-05,1.0575663581741564e-05,4.3838069817305179e-05
7172,vertical,3.2000000000000002,572,1.6000000000000006e-05,1.0575663581741564e-05,3.2500825945487741e-05
7173,vertical,3.2000000000000002,573,1.6000000000000006e-05,1.0575663581741564e-05,4.8029196832135298e-05
7174,vertical,3.2000000000000002,574,1.6000000000000003e-05,1.0575663581741562e-05,3.412691783419476e-05
7175,vertical,3.2000000000000002,575,1.6000000000000006e-05,1.0575663581741566e-05,4.605776663795529e-05
7176,vertical,3.2000000000000002,576,1.6000000000000003e-05,1.0575663581741564e-05,4.1247454327444359e-05
7177,vertical,3.2000000000000002,577,1.6000000000000006e-05,1.0575663581741564e-05,4.055154725356935e-05
7178,vertical,3.2000000000000002,578,1.6000000000000009e-05,1.0575663581741564e-05,5.0354795323241766e-05
7179,vertical,3.2000000000000002,579,1.6000000000000003e-05,1.0575663581741564e-05,3.8727496816698591e-05
7180,vertical,3.2000000000000002,580,1.6000000000000006e-05,1.0575663581741564e-05,3.4723296136174345e-05
7181,vertical,3.2000000000000002,581,1.6000000000000006e-05,1.0575663581741564e-05,3.3936457436985672e-05
7182,vertical,3.2000000000000002,582,1.6000000000000006e-05,1.0575663581741564e-05,3.8522658445771392e-05
7183,vertical,3.2000000000000002,583,1.6000000000000003e-05,1.0575663581741564e-05,3.4134123156362457e-05
7184,vertical,3.2000000000000002,584,1.6000000000000003e-05,1.0575663581741562e-05,3.8259296244656553e-05
7185,vertical,3.2000000000000002,585,1.6000000000000003e-05,1.0575663581741564e-05,3.534673691948386e-05
7186,vertical,3.2000000000000002,586,1.6000000000000006e-05,1.0575663581741564e-05,4.2798237782323792e-05
7187,vertical,3.2000000000000002,587,1.6000000000000003e-05,1.0575663581741564e-05,3.8645866702971212e-05
7188,vertical,3.2000000000000002,588,1.6000000000000003e-05,1.0575663581741564e-05,4.5588497330115063e-05
7189,vertical,3.2000000000000002,589,1.6000000000000003e-05,1.0575663581741564e-05,4.0745609870766786e-05
7190,vertical,3.2000000000000002,590,1.6000000000000003e-05,1.0575663581741564e-05,4.4098578014701475e-05
7191,vertical,3.2000000000000002,591,1.6000000000000003e-05,1.0575663581741562e-05,4.8067085233596865e-05
7192,vertical,3.2000000000000002,592,1.6000000000000003e-05,1.0575663581741564e-05,4.4664992737525802e-05
7193,vertical,3.2000000000000002,593,1.6000000000000006e-05,1.0575663581741566e-05,3.3935556312905382e-05
7194,vertical,3.2000000000000002,594,1.6000000000000003e-05,1.0575663581741564e-05,3.6958324952707708e-05
7195,vertical,3.2000000000000002,595,1.6000000000000003e-05,1.0575663581741562e-05,3.2509158928071078e-05
7196,vertical,3.2000000000000002,596,1.6000000000000003e-05,1.0575663581741564e-05,4.0571757882766441e-05
7197,vertical,3.2000000000000002,597,1.5999999999999999e-05,1.0575663581741562e-05,4.9977137136398184e-05
7198,vertical,3.2000000000000002,598,1.5999999999999999e-05,1.0575663581741562e-05,4.1047815863475596e-05
7199,vertical,3.2000000000000002,599,1.6000000000000006e-05,1.0575663581741564e-05,4.0584686171176658e-05
7200,vertical,3.2000000000000002,600,1.6000000000000003e-05,1.0575663581741564e-05,3.9342767962288932e-05
7201,vertical,4.5300000000000002,1,2.2649999999999998e-05,1.4971173757902898e-05,6.1265611460449917e-05
7202,vertical,4.5300000000000002,2,2.2650000000000002e-05,1.4971173757902898e-05,5.73299486283649e-05
7203,vertical,4.5300000000000002,3,2.2649999999999995e-05,1.49711737579029e-05,4.8959066073716129e-05
7204,vertical,4.5300000000000002,4,2.2650000000000002e-05,1.4971173757902898e-05,4.2704758206084725e-05
7205,vertical,4.5300000000000002,5,2.2650000000000002e-05,1.49711737579029e-05,6.3191033720191568e-05
7206,vertical,4.5300000000000002,6,2.2649999999999998e-05,1.4971173757902897e-05,6.641874042248839e-05
7207,vertical,4.5300000000000002,7,2.2650000000000002e-05,1.4971173757902898e-05,5.7132475745647854e-05
7208,vertical,4.5300000000000002,8,2.2650000000000002e-05,1.49711737579029e-05,6.944169708796896e-05
7209,vertical,4.5300000000000002,9,2.2649999999999998e-05,1.4971173757902898e-05,5.7555434985895231e-05
7210,vertical,4.5300000000000002,10,2.2650000000000002e-05,1.49711737579029e-05,5.349380472802035e-05
7211,vertical,4.5300000000000002,11,2.2650000000000005e-05,1.49711737579029e-05,6.2835003105639461e-05
7212,vertical,4.5300000000000002,12,2.2650000000000002e-05,1.4971173757902902e-05,5.5709041249099261e-05
7213,vertical,4.5300000000000002,13,2.2650000000000008e-05,1.49711737579029e-05,5.7992679086456667e-05
7214,vertical,4.5300000000000002,14,2.2650000000000002e-05,1.49711737579029e-05,6.2895494247880998e-05
7215,vertical,4.5300000000000002,15,2.2649999999999998e-05,1.49711737579029e-05,5.9126850321717846e-05
7216,vertical,4.5300000000000002,16,2.2649999999999998e-05,1.4971173757902898e-05,6.4158170885319775e-05
7217,vertical,4.5300000000000002,17,2.2650000000000005e-05,1.4971173757902902e-05,4.7341079685347181e-05
7218,vertical,4.5300000000000002,18,2.2650000000000002e-05,1.4971173757902898e-05,7.4271303023305308e-05
7219,vertical,4.5300000000000002,19,2.2650000000000008e-05,1.49711737579029e-05,5.1650111834382678e-05
7220,vertical,4.5300000000000002,20,2.2650000000000002e-05,1.49711737579029e-05,5.8489792190702477e-05
7221,vertical,4.5300000000000002,21,2.2649999999999998e-05,1.4971173757902898e-05,8.7866701703583533e-05
7222,vertical,4.5300000000000002,22,2.2650000000000005e-05,1.49711737579029e-05,5.919086226084681e-05
7223,vertical,4.5300000000000002,23,2.2649999999999998e-05,1.4971173757902895e-05,5.1914911855383239e-05
7224,vertical,4.5300000000000002,24,2.2649999999999998e-05,1.49711737579029e-05,5.7232168501952554e-05
7225,vertical,4.5300000000000002,25,2.2650000000000002e-05,1.49711737579029e-05,4.6996939966964455e-05
7226,vertical,4.5300000000000002,26,2.2649999999999998e-05,1.4971173757902898e-05,5.6378551855124574e-05
7227,vertical,4.5300000000000002,27,2.2650000000000002e-05,1.4971173757902898e-05,5.5054684821162077e-05
7228,vertical,4.5300000000000002,28,2.2650000000000002e-05,1.4971173757902898e-05,5.6171574599002982e-05
7229,vertical,4.5300000000000002,29,2.2650000000000002e-05,1.4971173757902898e-05,6.786075680479245e-05
7230,vertical,4.5300000000000002,30,2.2650000000000002e-05,1.4971173757902898e-05,5.5907033283646894e-05
7231,vertical,4.5300000000000002,31,2.2650000000000002e-05,1.49711737579029e-05,5.5072946726585531e-05
7232,vertical,4.5300000000000002,32,2.2650000000000002e-05,1.49711737579029e-05,5.6266341446892055e-05
7233,vertical,4.5300000000000002,33,2.2650000000000002e-05,1.49711737579029e-05,4.8315564253291031e-05
7234,vertical,4.5300000000000002,34,2.2649999999999998e-05,1.4971173757902898e-05,5.2740630297943165e-05
7235,vertical,4.5300000000000002,35,2.2649999999999998e-05,1.4971173757902898e-05,4.5072425131425287e-05
7236,vertical,4.5300000000000002,36,2.2649999999999998e-05,1.4971173757902897e-05,5.5195244543539453e-05
7237,vertical,4.5300000000000002,37,2.2649999999999998e-05,1.4971173757902898e-05,5.9549893790909714e-05
7238,vertical,4.5300000000000002,38,2.2649999999999998e-05,1.4971173757902895e-05,8.0901329132525464e-05
7239,vertical,4.5300000000000002,39,2.2650000000000008e-05,1.49711737579029e-05,5.352177488617319e-05
7240,vertical,4.5300000000000002,40,2.2650000000000002e-05,1.4971173757902898e-05,5.362145268843066e-05
7241,vertical,4.5300000000000002,41,2.2650000000000008e-05,1.49711737579029e-05,6.3240589138334591e-05
7242,vertical,4.5300000000000002,42,2.2649999999999998e-05,1.4971173757902898e-05,5.0422642158193427e-05
7243,vertical,4.5300000000000002,43,2.2649999999999998e-05,1.49711737579029e-05,4.4749744019015269e-05
7244,vertical,4.5300000000000002,44,2.2650000000000002e-05,1.4971173757902898e-05,5.8994974016943033e-05
7245,vertical,4.5300000000000002,45,2.2650000000000008e-05,1.49711737579029e-05,6.6687497144966301e-05
7246,vertical,4.5300000000000002,46,2.2649999999999998e-05,1.49711737579029e-05,5.6992386201907923e-05
7247,vertical,4.5300000000000002,47,2.2650000000000005e-05,1.49711737579029e-05,6.1408174769184278e-05
7248,vertical,4.5300000000000002,48,2.2650000000000002e-05,1.49711737579029e-05,5.6207430075992871e-05
7249,vertical,4.5300000000000002,49,2.2649999999999998e-05,1.49711737579029e-05,5.3014569552102324e-05
7250,vertical,4.5300000000000002,50,2.2650000000000002e-05,1.49711737579029e-05,5.7573055070196381e-05
7251,vertical,4.5300000000000002,51,2.2649999999999998e-05,1.4971173757902898e-05,4.4439809310847687e-05
7252,vertical,4.5300000000000002,52,2.2649999999999998e-05,1.4971173757902897e-05,5.1830335650463326e-05
7253,vertical,4.5300000000000002,53,2.2649999999999998e-05,1.4971173757902898e-05,4.5431574384601892e-05
7254,vertical,4.5300000000000002,54,2.2650000000000005e-05,1.49711737579029e-05,5.1192831301437613e-05
7255,vertical,4.5300000000000002,55,2.2650000000000005e-05,1.4971173757902898e-05,4.9509802296321985e-05
7256,vertical,4.5300000000000002,56,2.2649999999999995e-05,1.4971173757902898e-05,6.008475639142303e-05
7257,vertical,4.5300000000000002,57,2.2650000000000002e-05,1.49711737579029e-05,5.343817214648359e-05
7258,vertical,4.5300000000000002,58,2.2650000000000002e-05,1.4971173757902898e-05,6.7474952836234824e-05
7259,vertical,4.5300000000000002,59,2.2649999999999995e-05,1.4971173757902895e-05,5.5249815487805172e-05
7260,vertical,4.5300000000000002,60,2.2650000000000002e-05,1.49711737579029e-05,5.1497647898290375e-05
7261,vertical,4.5300000000000002,61,2.2649999999999995e-05,1.4971173757902898e-05,4.4624453678480707e-05
7262,vertical,4.5300000000000002,62,2.2650000000000002e-05,1.4971173757902898e-05,5.5591624985936915e-05
7263,vertical,4.5300000000000002,63,2.2650000000000002e-05,1.49711737579029e-05,5.2452919321039479e-05
7264,vertical,4.5300000000000002,64,2.2649999999999995e-05,1.4971173757902898e-05,5.2575559426955827e-05
7265,vertical,4.5300000000000002,65,2.2650000000000008e-05,1.4971173757902902e-05,5.2577747878369553e-05
7266,vertical,4.5300000000000002,66,2.2649999999999998e-05,1.4971173757902898e-05,5.6778855351824489e-05
7267,vertical,4.5300000000000002,67,2.2650000000000002e-05,1.49711737579029e-05,5.2932349607856439e-05
7268,vertical,4.5300000000000002,68,2.2650000000000002e-05,1.49711737579029e-05,5.4606658164433082e-05
7269,vertical,4.5300000000000002,69,2.2650000000000005e-05,1.4971173757902902e-05,4.9280119548780498e-05
7270,vertical,4.5300000000000002,70,2.2650000000000002e-05,1.49711737579029e-05,4.7996945984692313e-05
7271,vertical,4.5300000000000002,71,2.2650000000000002e-05,1.4971173757902898e-05,5.9295339041818919e-05
7272,vertical,4.5300000000000002,72,2.2650000000000005e-05,1.49711737579029e-05,5.6506850527139736e-05
7273,vertical,4.5300000000000002,73,2.2650000000000002e-05,1.49711737579029e-05,4.3732402041412159e-05
7274,vertical,4.5300000000000002,74,2.2649999999999998e-05,1.4971173757902898e-05,4.1412342640256834e-05
7275,vertical,4.5300000000000002,75,2.2650000000000002e-05,1.49711737579029e-05,6.3409950977098828e-05
7276,vertical,4.5300000000000002,76,2.2650000000000008e-05,1.4971173757902898e-05,6.0453627690947673e-05
7277,vertical,4.5300000000000002,77,2.2649999999999995e-05,1.4971173757902898e-05,4.8749313778502032e-05
7278,vertical,4.5300000000000002,78,2.2649999999999998e-05,1.4971173757902898e-05,6.2976247643256841e-05
7279,vertical,4.5300000000000002,79,2.2650000000000005e-05,1.49711737579029e-05,5.6776098127892612e-05
7280,vertical,4.5300000000000002,80,2.2650000000000002e-05,1.4971173757902898e-05,4.9010862385631121e-05
7281,vertical,4.5300000000000002,81,2.2649999999999995e-05,1.4971173757902898e-05,5.1784507695780975e-05
7282,vertical,4.5300000000000002,82,2.2650000000000002e-05,1.49711737579029e-05,6.1627489964102749e-05
7283,vertical,4.5300000000000002,83,2.2649999999999998e-05,1.4971173757902897e-05,5.6444448280469186e-05
7284,vertical,4.5300000000000002,84,2.2650000000000002e-05,1.4971173757902895e-05,6.2443498679946903e-05
7285,vertical,4.5300000000000002,85,2.2650000000000005e-05,1.4971173757902902e-05,6.1522247123219903e-05
7286,vertical,4.5300000000000002,86,2.2649999999999998e-05,1.49711737579029e-05,5.5201031685997348e-05
7287,vertical,4.5300000000000002,87,2.2649999999999995e-05,1.4971173757902897e-05,6.1722608316664581e-05
7288,vertical,4.5300000000000002,88,2.2650000000000002e-05,1.4971173757902898e-05,4.8470077067807799e-05
7289,vertical,4.5300000000000002,89,2.2649999999999998e-05,1.49711737579029e-05,4.9655902600187914e-05
7290,vertical,4.5300000000000002,90,2.2650000000000002e-05,1.49711737579029e-05,4.957286966687695e-05
7291,vertical,4.5300000000000002,91,2.2650000000000002e-05,1.49711737579029e-05,6.8707343411705381e-05
7292,vertical,4.5300000000000002,92,2.2650000000000002e-05,1.4971173757902902e-05,5.6877129049538855e-05
7293,vertical,4.5300000000000002,93,2.2650000000000002e-05,1.4971173757902902e-05,4.6468636719457991e-05
7294,vertical,4.5300000000000002,94,2.2650000000000008e-05,1.4971173757902898e-05,4.6043273596446191e-05
7295,vertical,4.5300000000000002,95,2.2650000000000002e-05,1.49711737579029e-05,4.8023595105865117e-05
7296,vertical,4.5300000000000002,96,2.2650000000000002e-05,1.49711737579029e-05,6.2116608403802462e-05
7297,vertical,4.5300000000000002,97,2.2650000000000002e-05,1.49711737579029e-05,4.8460959155335106e-05
7298,vertical,4.5300000000000002,98,2.2650000000000002e-05,1.49711737579029e-05,5.84289802439735e-05
7299,vertical,4.5300000000000002,99,2.2649999999999998e-05,1.4971173757902898e-05,5.5699347813202335e-05
7300,vertical,4.5300000000000002,100,2.2650000000000002e-05,1.49711737579029e-05,5.7914957129794009e-05
7301,vertical,4.5300000000000002,101,2.2650000000000002e-05,1.49711737579029e-05,5.1954691348220281e-05
7302,vertical,4.5300000000000002,102,2.2650000000000002e-05,1.4971173757902898e-05,5.9714952829148187e-05
7303,vertical,4.5300000000000002,103,2.2650000000000002e-05,1.4971173757902898e-05,4.3323439878477506e-05
7304,vertical,4.5300000000000002,104,2.2649999999999995e-05,1.4971173757902898e-05,5.4997508882377828e-05
7305,vertical,4.5300000000000002,105,2.2650000000000002e-05,1.49711737579029e-05,5.1173793815176406e-05
7306,vertical,4.5300000000000002,106,2.2649999999999998e-05,1.4971173757902895e-05,5.3407662304859114e-05
7307,vertical,4.5300000000000002,107,2.2649999999999998e-05,1.4971173757902898e-05,6.7599603331029167e-05
7308,vertical,4.5300000000000002,108,2.2650000000000002e-05,1.49711737579029e-05,5.244029517180231e-05
7309,vertical,4.5300000000000002,109,2.2650000000000002e-05,1.49711737579029e-05,7.2569415398119916e-05
7310,vertical,4.5300000000000002,110,2.2650000000000002e-05,1.4971173757902898e-05,5.0948974946152856e-05
7311,vertical,4.5300000000000002,111,2.2650000000000002e-05,1.49711737579029e-05,5.1563230597800892e-05
7312,vertical,4.5300000000000002,112,2.2649999999999998e-05,1.49711737579029e-05,5.7655775193623922e-05
7313,vertical,4.5300000000000002,113,2.2650000000000002e-05,1.4971173757902898e-05,4.719561421646275e-05
7314,vertical,4.5300000000000002,114,2.2650000000000002e-05,1.49711737579029e-05,5.0566131851890249e-05
7315,vertical,4.5300000000000002,115,2.2650000000000002e-05,1.49711737579029e-05,5.285114198116356e-05
7316,vertical,4.5300000000000002,116,2.2650000000000002e-05,1.49711737579029e-05,4.8058689554927155e-05
7317,vertical,4.5300000000000002,117,2.2650000000000002e-05,1.49711737579029e-05,5.1610654686690821e-05
7318,vertical,4.5300000000000002,118,2.2650000000000005e-05,1.49711737579029e-05,4.8593847031391818e-05
7319,vertical,4.5300000000000002,119,2.2650000000000002e-05,1.49711737579029e-05,5.5001886856441736e-05
7320,vertical,4.5300000000000002,120,2.2650000000000008e-05,1.4971173757902902e-05,5.7183177893571555e-05
7321,vertical,4.5300000000000002,121,2.2650000000000002e-05,1.49711737579029e-05,5.4194087571315945e-05
7322,vertical,4.5300000000000002,122,2.2650000000000002e-05,1.49711737579029e-05,5.826577692180054e-05
7323,vertical,4.5300000000000002,123,2.2650000000000002e-05,1.49711737579029e-05,4.5922466592309831e-05
7324,vertical,4.5300000000000002,124,2.2650000000000002e-05,1.49711737579029e-05,5.6987438799758371e-05
7325,vertical,4.5300000000000002,125,2.2650000000000002e-05,1.49711737579029e-05,5.1882441801743615e-05
7326,vertical,4.5300000000000002,126,2.2649999999999995e-05,1.4971173757902897e-05,5.1544153660669495e-05
7327,vertical,4.5300000000000002,127,2.2650000000000002e-05,1.49711737579029e-05,5.1193516326419502e-05
7328,vertical,4.5300000000000002,128,2.2650000000000002e-05,1.49711737579029e-05,5.3235683299726975e-05
7329,vertical,4.5300000000000002,129,2.2650000000000002e-05,1.49711737579029e-05,6.6155380500022975e-05
7330,vertical,4.5300000000000002,130,2.2650000000000002e-05,1.49711737579029e-05,5.1491981672203899e-05
7331,vertical,4.5300000000000002,131,2.2650000000000002e-05,1.4971173757902898e-05,4.4000844620288944e-05
7332,vertical,4.5300000000000002,132,2.2649999999999998e-05,1.49711737579029e-05,6.3101507089936994e-05
7333,vertical,4.5300000000000002,133,2.2650000000000005e-05,1.4971173757902898e-05,5.528974490615906e-05
7334,vertical,4.5300000000000002,134,2.2649999999999998e-05,1.4971173757902898e-05,6.8234235373588605e-05
7335,vertical,4.5300000000000002,135,2.2650000000000002e-05,1.4971173757902898e-05,5.0282348158892237e-05
7336,vertical,4.5300000000000002,136,2.2650000000000002e-05,1.4971173757902897e-05,6.4544241857483379e-05
7337,vertical,4.5300000000000002,137,2.2649999999999995e-05,1.4971173757902897e-05,4.9134221201123473e-05
7338,vertical,4.5300000000000002,138,2.2650000000000002e-05,1.4971173757902902e-05,6.8491076405118132e-05
7339,vertical,4.5300000000000002,139,2.2649999999999998e-05,1.4971173757902897e-05,5.7958675534882905e-05
7340,vertical,4.5300000000000002,140,2.2650000000000002e-05,1.49711737579029e-05,6.2321365013584179e-05
7341,vertical,4.5300000000000002,141,2.2649999999999998e-05,1.4971173757902898e-05,4.6035112438154689e-05
7342,vertical,4.5300000000000002,142,2.2650000000000005e-05,1.49711737579029e-05,6.6433515413303975e-05
7343,vertical,4.5300000000000002,143,2.2650000000000002e-05,1.4971173757902898e-05,5.1123370765912308e-05
7344,vertical,4.5300000000000002,144,2.2649999999999998e-05,1.4971173757902898e-05,5.8342067094811401e-05
7345,vertical,4.5300000000000002,145,2.2649999999999998e-05,1.4971173757902898e-05,6.1179831350369098e-05
7346,vertical,4.5300000000000002,146,2.2650000000000002e-05,1.49711737579029e-05,4.8834234374874448e-05
7347,vertical,4.5300000000000002,147,2.2649999999999998e-05,1.49711737579029e-05,6.3849855794182093e-05
7348,vertical,4.5300000000000002,148,2.2650000000000002e-05,1.49711737579029e-05,5.8125904738775248e-05
7349,vertical,4.5300000000000002,149,2.2649999999999998e-05,1.4971173757902898e-05,5.7524269617860597e-05
7350,vertical,4.5300000000000002,150,2.2650000000000005e-05,1.49711737579029e-05,6.9388934162831813e-05
7351,vertical,4.5300000000000002,151,2.2650000000000002e-05,1.49711737579029e-05,6.0242877581710714e-05
7352,vertical,4.5300000000000002,152,2.2650000000000005e-05,1.49711737579029e-05,5.8915301373630506e-05
7353,vertical,4.5300000000000002,153,2.2650000000000005e-05,1.49711737579029e-05,5.3493739180264352e-05
7354,vertical,4.5300000000000002,154,2.2649999999999998e-05,1.4971173757902898e-05,4.7729453259259874e-05
7355,vertical,4.5300000000000002,155,2.2650000000000002e-05,1.49711737579029e-05,6.5520338921473619e-05
7356,vertical,4.5300000000000002,156,2.2650000000000005e-05,1.49711737579029e-05,5.5150077952520136e-05
7357,vertical,4.5300000000000002,157,2.2649999999999995e-05,1.4971173757902898e-05,4.9547126276159022e-05
7358,vertical,4.5300000000000002,158,2.2650000000000002e-05,1.49711737579029e-05,4.4671744849825041e-05
7359,vertical,4.5300000000000002,159,2.2650000000000002e-05,1.49711737579029e-05,6.7328552366550004e-05
7360,vertical,4.5300000000000002,160,2.2650000000000002e-05,1.4971173757902898e-05,5.5321446092938496e-05
7361,vertical,4.5300000000000002,161,2.2650000000000002e-05,1.4971173757902898e-05,5.5346268039296103e-05
7362,vertical,4.5300000000000002,162,2.2650000000000002e-05,1.4971173757902902e-05,4.7551159983262253e-05
7363,vertical,4.5300000000000002,163,2.2650000000000002e-05,1.49711737579029e-05,6.6495591512220626e-05
7364,vertical,4.5300000000000002,164,2.2649999999999998e-05,1.4971173757902898e-05,5.0909673728397422e-05
7365,vertical,4.5300000000000002,165,2.2649999999999998e-05,1.4971173757902898e-05,5.235205954857081e-05
7366,vertical,4.5300000000000002,166,2.2650000000000005e-05,1.4971173757902902e-05,5.3833490047892854e-05
7367,vertical,4.5300000000000002,167,2.2650000000000002e-05,1.4971173757902898e-05,4.7140683770630068e-05
7368,vertical,4.5300000000000002,168,2.2650000000000002e-05,1.4971173757902898e-05,5.7532029336059383e-05
7369,vertical,4.5300000000000002,169,2.2650000000000002e-05,1.4971173757902898e-05,5.3260251116400442e-05
7370,vertical,4.5300000000000002,170,2.2650000000000005e-05,1.4971173757902902e-05,5.8352596258327034e-05
7371,vertical,4.5300000000000002,171,2.2650000000000002e-05,1.4971173757902897e-05,6.1647895557427222e-05
7372,vertical,4.5300000000000002,172,2.2649999999999998e-05,1.4971173757902895e-05,8.701888676458029e-05
7373,vertical,4.5300000000000002,173,2.2649999999999998e-05,1.49711737579029e-05,5.8810081511729598e-05
7374,vertical,4.5300000000000002,174,2.2650000000000005e-05,1.4971173757902902e-05,7.2653391118453106e-05
7375,vertical,4.5300000000000002,175,2.2650000000000005e-05,1.49711737579029e-05,5.361739063556436e-05
7376,vertical,4.5300000000000002,176,2.2650000000000002e-05,1.4971173757902898e-05,6.0486644198240416e-05
7377,vertical,4.5300000000000002,177,2.2650000000000002e-05,1.4971173757902897e-05,5.0193163662440864e-05
7378,vertical,4.5300000000000002,178,2.2649999999999995e-05,1.4971173757902897e-05,5.1855922848845509e-05
7379,vertical,4.5300000000000002,179,2.2650000000000002e-05,1.49711737579029e-05,7.8180912617179459e-05
7380,vertical,4.5300000000000002,180,2.2649999999999998e-05,1.4971173757902898e-05,6.9124591245115147e-05
7381,vertical,4.5300000000000002,181,2.2650000000000002e-05,1.4971173757902902e-05,5.4815174958031023e-05
7382,vertical,4.5300000000000002,182,2.2650000000000002e-05,1.4971173757902902e-05,5.4966724279445828e-05
7383,vertical,4.5300000000000002,183,2.2650000000000005e-05,1.4971173757902902e-05,5.4432196836583223e-05
7384,vertical,4.5300000000000002,184,2.2650000000000002e-05,1.49711737579029e-05,5.1233560524166621e-05
7385,vertical,4.5300000000000002,185,2.2650000000000002e-05,1.49711737579029e-05,4.6014240074501935e-05
7386,vertical,4.5300000000000002,186,2.2650000000000002e-05,1.49711737579029e-05,5.2007939036940408e-05
7387,vertical,4.5300000000000002,187,2.2649999999999998e-05,1.49711737579029e-05,5.2974954758490961e-05
7388,vertical,4.5300000000000002,188,2.2650000000000002e-05,1.49711737579029e-05,4.7076050664785241e-05
7389,vertical,4.5300000000000002,189,2.2649999999999995e-05,1.4971173757902898e-05,4.7950009405308177e-05
7390,vertical,4.5300000000000002,190,2.2650000000000005e-05,1.49711737579029e-05,6.6934490979429225e-05
7391,vertical,4.5300000000000002,191,2.2649999999999995e-05,1.4971173757902895e-05,5.2829375087307546e-05
7392,vertical,4.5300000000000002,192,2.2650000000000008e-05,1.49711737579029e-05,4.9426848481253882e-05
7393,vertical,4.5300000000000002,193,2.2650000000000005e-05,1.49711737579029e-05,5.895862327343729e-05
7394,vertical,4.5300000000000002,194,2.2650000000000002e-05,1.49711737579029e-05,5.6864889646848001e-05
7395,vertical,4.5300000000000002,195,2.2650000000000005e-05,1.49711737579029e-05,5.9762582390966217e-05
7396,vertical,4.5300000000000002,196,2.2650000000000002e-05,1.49711737579029e-05,4.8252943324769099e-05
7397,vertical,4.5300000000000002,197,2.2650000000000002e-05,1.49711737579029e-05,6.3003513596304544e-05
7398,vertical,4.5300000000000002,198,2.2649999999999998e-05,1.4971173757902898e-05,5.0360914898954555e-05
7399,vertical,4.5300000000000002,199,2.2650000000000002e-05,1.4971173757902898e-05,4.6017939259440322e-05
7400,vertical,4.5300000000000002,200,2.2650000000000002e-05,1.4971173757902898e-05,5.6563804858931381e-05
7401,vertical,4.5300000000000002,201,2.2650000000000002e-05,1.49711737579029e-05,6.3964463378782366e-05
7402,vertical,4.5300000000000002,202,2.2649999999999998e-05,1.4971173757902898e-05,4.6340079101529004e-05
7403,vertical,4.5300000000000002,203,2.2650000000000002e-05,1.49711737579029e-05,5.9827428206721981e-05
7404,vertical,4.5300000000000002,204,2.2650000000000002e-05,1.49711737579029e-05,5.9258054070503257e-05
7405,vertical,4.5300000000000002,205,2.2650000000000002e-05,1.49711737579029e-05,5.8297163598367283e-05
7406,vertical,4.5300000000000002,206,2.2650000000000002e-05,1.4971173757902898e-05,5.2590574954192027e-05
7407,vertical,4.5300000000000002,207,2.2649999999999998e-05,1.49711737579029e-05,5.1644833253565527e-05
7408,vertical,4.5300000000000002,208,2.2650000000000005e-05,1.4971173757902904e-05,5.9894687014920355e-05
7409,vertical,4.5300000000000002,209,2.2650000000000002e-05,1.49711737579029e-05,5.3803878131477574e-05
7410,vertical,4.5300000000000002,210,2.2650000000000002e-05,1.49711737579029e-05,6.3184070978201097e-05
7411,vertical,4.5300000000000002,211,2.2650000000000005e-05,1.49711737579029e-05,6.2948785132844245e-05
7412,vertical,4.5300000000000002,212,2.2650000000000002e-05,1.4971173757902902e-05,6.0948571248390415e-05
7413,vertical,4.5300000000000002,213,2.2650000000000002e-05,1.49711737579029e-05,4.2878166990589717e-05
7414,vertical,4.5300000000000002,214,2.2650000000000002e-05,1.49711737579029e-05,4.9218849334028986e-05
7415,vertical,4.5300000000000002,215,2.2649999999999995e-05,1.4971173757902897e-05,6.7003108457076215e-05
7416,vertical,4.5300000000000002,216,2.2650000000000002e-05,1.49711737579029e-05,4.5298940511605966e-05
7417,vertical,4.5300000000000002,217,2.2650000000000002e-05,1.4971173757902898e-05,4.387453384788088e-05
7418,vertical,4.5300000000000002,218,2.2650000000000002e-05,1.4971173757902902e-05,5.3003359737952548e-05
7419,vertical,4.5300000000000002,219,2.2650000000000002e-05,1.49711737579029e-05,5.8143781569567605e-05
7420,vertical,4.5300000000000002,220,2.2650000000000002e-05,1.49711737579029e-05,4.3344380273545113e-05
7421,vertical,4.5300000000000002,221,2.2650000000000002e-05,1.4971173757902898e-05,5.8562595091153471e-05
7422,vertical,4.5300000000000002,222,2.2650000000000008e-05,1.4971173757902902e-05,5.0260529617157825e-05
7423,vertical,4.5300000000000002,223,2.2650000000000002e-05,1.4971173757902898e-05,6.0547767457403504e-05
7424,vertical,4.5300000000000002,224,2.2650000000000002e-05,1.49711737579029e-05,5.3725192123038383e-05
7425,vertical,4.5300000000000002,225,2.2649999999999995e-05,1.4971173757902898e-05,5.2712638810612473e-05
7426,vertical,4.5300000000000002,226,2.2650000000000002e-05,1.49711737579029e-05,5.3903197006758938e-05
7427,vertical,4.5300000000000002,227,2.2650000000000002e-05,1.4971173757902898e-05,6.0678953599425109e-05
7428,vertical,4.5300000000000002,228,2.2650000000000002e-05,1.49711737579029e-05,5.2632469493278368e-05
7429,vertical,4.5300000000000002,229,2.2650000000000008e-05,1.49711737579029e-05,6.1602539194024482e-05
7430,vertical,4.5300000000000002,230,2.2650000000000002e-05,1.49711737579029e-05,6.0978971596116249e-05
7431,vertical,4.5300000000000002,231,2.2650000000000002e-05,1.49711737579029e-05,6.6021052288641431e-05
7432,vertical,4.5300000000000002,232,2.2650000000000002e-05,1.49711737579029e-05,4.3022766075235897e-05
7433,vertical,4.5300000000000002,233,2.2649999999999998e-05,1.4971173757902898e-05,7.6816737059052224e-05
7434,vertical,4.5300000000000002,234,2.2650000000000002e-05,1.49711737579029e-05,4.1956809643230819e-05
7435,vertical,4.5300000000000002,235,2.2650000000000002e-05,1.49711737579029e-05,5.1985680915239677e-05
7436,vertical,4.5300000000000002,236,2.2650000000000005e-05,1.49711737579029e-05,6.1472632903906703e-05
7437,vertical,4.5300000000000002,237,2.2650000000000002e-05,1.49711737579029e-05,4.6166066724246941e-05
7438,vertical,4.5300000000000002,238,2.2650000000000002e-05,1.4971173757902898e-05,5.5332561260720427e-05
7439,vertical,4.5300000000000002,239,2.2649999999999998e-05,1.4971173757902898e-05,5.729363160721108e-05
7440,vertical,4.5300000000000002,240,2.2650000000000002e-05,1.4971173757902898e-05,5.92623102142849e-05
7441,vertical,4.5300000000000002,241,2.2650000000000002e-05,1.4971173757902898e-05,4.6291438156350674e-05
7442,vertical,4.5300000000000002,242,2.2649999999999995e-05,1.4971173757902895e-05,6.2093414909189583e-05
7443,vertical,4.5300000000000002,243,2.2650000000000002e-05,1.49711737579029e-05,4.8933181517104984e-05
7444,vertical,4.5300000000000002,244,2.2650000000000002e-05,1.49711737579029e-05,4.8934690184981964e-05
7445,vertical,4.5300000000000002,245,2.2650000000000002e-05,1.49711737579029e-05,5.5340793603396522e-05
7446,vertical,4.5300000000000002,246,2.2650000000000005e-05,1.49711737579029e-05,4.6731517550446507e-05
7447,vertical,4.5300000000000002,247,2.2650000000000002e-05,1.49711737579029e-05,7.0090993476341803e-05
7448,vertical,4.5300000000000002,248,2.2650000000000002e-05,1.49711737579029e-05,5.2346296683116446e-05
7449,vertical,4.5300000000000002,249,2.2650000000000002e-05,1.49711737579029e-05,7.4755076966702419e-05
7450,vertical,4.5300000000000002,250,2.2650000000000002e-05,1.49711737579029e-05,5.7919038750573739e-05
7451,vertical,4.5300000000000002,251,2.2649999999999998e-05,1.4971173757902898e-05,4.3463520478982552e-05
7452,vertical,4.5300000000000002,252,2.2650000000000002e-05,1.49711737579029e-05,6.5339928608212575e-05
7453,vertical,4.5300000000000002,253,2.2650000000000002e-05,1.4971173757902898e-05,5.5791661425398523e-05
7454,vertical,4.5300000000000002,254,2.2650000000000002e-05,1.4971173757902898e-05,4.7221218026199966e-05
7455,vertical,4.5300000000000002,255,2.2649999999999998e-05,1.4971173757902898e-05,6.599266212269001e-05
7456,vertical,4.5300000000000002,256,2.2650000000000005e-05,1.49711737579029e-05,5.240105445406331e-05
7457,vertical,4.5300000000000002,257,2.2649999999999995e-05,1.4971173757902897e-05,6.982433489696964e-05
7458,vertical,4.5300000000000002,258,2.2650000000000008e-05,1.4971173757902904e-05,6.851525280717548e-05
7459,vertical,4.5300000000000002,259,2.2649999999999998e-05,1.49711737579029e-05,6.5439120793401928e-05
7460,vertical,4.5300000000000002,260,2.2650000000000005e-05,1.49711737579029e-05,5.2605151006917225e-05
7461,vertical,4.5300000000000002,261,2.2649999999999995e-05,1.4971173757902898e-05,5.5063867090926279e-05
7462,vertical,4.5300000000000002,262,2.2650000000000002e-05,1.49711737579029e-05,5.2866423177421272e-05
7463,vertical,4.5300000000000002,263,2.2649999999999998e-05,1.49711737579029e-05,5.569068153040016e-05
7464,vertical,4.5300000000000002,264,2.2650000000000002e-05,1.4971173757902898e-05,5.2229046722124702e-05
7465,vertical,4.5300000000000002,265,2.2650000000000002e-05,1.49711737579029e-05,6.0836935031421557e-05
7466,vertical,4.5300000000000002,266,2.2649999999999998e-05,1.49711737579029e-05,6.7669580599296293e-05
7467,vertical,4.5300000000000002,267,2.2650000000000002e-05,1.4971173757902898e-05,5.8502302250338524e-05
7468,vertical,4.5300000000000002,268,2.2650000000000008e-05,1.4971173757902902e-05,6.7764125375187334e-05
7469,vertical,4.5300000000000002,269,2.2650000000000002e-05,1.49711737579029e-05,4.7194624101366502e-05
7470,vertical,4.5300000000000002,270,2.2650000000000005e-05,1.49711737579029e-05,5.5842789938262478e-05
7471,vertical,4.5300000000000002,271,2.2649999999999995e-05,1.4971173757902897e-05,7.6966357103872807e-05
7472,vertical,4.5300000000000002,272,2.2649999999999998e-05,1.4971173757902898e-05,6.0350379932125498e-05
7473,vertical,4.5300000000000002,273,2.2650000000000002e-05,1.49711737579029e-05,5.8548609846890614e-05
7474,vertical,4.5300000000000002,274,2.2650000000000008e-05,1.49711737579029e-05,4.741593213693084e-05
7475,vertical,4.5300000000000002,275,2.2650000000000002e-05,1.49711737579029e-05,4.7935400632034649e-05
7476,vertical,4.5300000000000002,276,2.2650000000000002e-05,1.49711737579029e-05,6.4112751808520737e-05
7477,vertical,4.5300000000000002,277,2.2650000000000002e-05,1.4971173757902898e-05,4.5090700771426033e-05
7478,vertical,4.5300000000000002,278,2.2650000000000002e-05,1.49711737579029e-05,5.9113121009814671e-05
7479,vertical,4.5300000000000002,279,2.2650000000000002e-05,1.49711737579029e-05,5.5150931941468128e-05
7480,vertical,4.5300000000000002,280,2.2649999999999998e-05,1.4971173757902898e-05,5.2968394191121935e-05
7481,vertical,4.5300000000000002,281,2.2649999999999998e-05,1.4971173757902898e-05,5.218518235064522e-05
7482,vertical,4.5300000000000002,282,2.2650000000000002e-05,1.49711737579029e-05,6.3808094119332021e-05
7483,vertical,4.5300000000000002,283,2.2650000000000005e-05,1.49711737579029e-05,5.1693946760917719e-05
7484,vertical,4.5300000000000002,284,2.2649999999999998e-05,1.49711737579029e-05,6.6162080359089928e-05
7485,vertical,4.5300000000000002,285,2.2649999999999998e-05,1.4971173757902898e-05,6.4886164015526274e-05
7486,vertical,4.5300000000000002,286,2.2650000000000002e-05,1.49711737579029e-05,5.103368437982699e-05
7487,vertical,4.5300000000000002,287,2.2650000000000002e-05,1.49711737579029e-05,6.1041520082628697e-05
7488,vertical,4.5300000000000002,288,2.2650000000000002e-05,1.49711737579029e-05,4.6416888837730282e-05
7489,vertical,4.5300000000000002,289,2.2650000000000005e-05,1.49711737579029e-05,4.9530094480416392e-05
7490,vertical,4.5300000000000002,290,2.2649999999999998e-05,1.49711737579029e-05,5.3627852238077784e-05
7491,vertical,4.5300000000000002,291,2.2649999999999995e-05,1.4971173757902898e-05,4.9820082060198962e-05
7492,vertical,4.5300000000000002,292,2.2650000000000002e-05,1.4971173757902897e-05,5.1692105571804722e-05
7493,vertical,4.5300000000000002,293,2.2650000000000002e-05,1.4971173757902898e-05,7.0942747582777597e-05
7494,vertical,4.5300000000000002,294,2.2649999999999995e-05,1.4971173757902897e-05,5.4909368186178959e-05
7495,vertical,4.5300000000000002,295,2.2649999999999998e-05,1.49711737579029e-05,5.1006861313136081e-05
7496,vertical,4.5300000000000002,296,2.2650000000000002e-05,1.49711737579029e-05,5.519497517146055e-05
7497,vertical,4.5300000000000002,297,2.2650000000000002e-05,1.49711737579029e-05,5.1671447749172984e-05
7498,vertical,4.5300000000000002,298,2.2650000000000002e-05,1.49711737579029e-05,5.0350161994619119e-05
7499,vertical,4.5300000000000002,299,2.2650000000000002e-05,1.49711737579029e-05,6.1453106930059123e-05
7500,vertical,4.5300000000000002,300,2.2650000000000005e-05,1.4971173757902902e-05,5.2092811096558084e-05
7501,vertical,4.5300000000000002,301,2.2650000000000002e-05,1.49711737579029e-05,5.6363333538843797e-05
7502,vertical,4.5300000000000002,302,2.2650000000000002e-05,1.4971173757902897e-05,5.4373793911639645e-05
7503,vertical,4.5300000000000002,303,2.2650000000000002e-05,1.49711737579029e-05,6.064797587976963e-05
7504,vertical,4.5300000000000002,304,2.2649999999999998e-05,1.4971173757902898e-05,6.7503409911105528e-05
7505,vertical,4.5300000000000002,305,2.2650000000000002e-05,1.4971173757902904e-05,5.93588195170301e-05
7506,vertical,4.5300000000000002,306,2.2649999999999998e-05,1.4971173757902898e-05,6.9585198522687932e-05
7507,vertical,4.5300000000000002,307,2.2650000000000002e-05,1.49711737579029e-05,4.8023432232011471e-05
7508,vertical,4.5300000000000002,308,2.2649999999999998e-05,1.4971173757902898e-05,4.6613359024555239e-05
7509,vertical,4.5300000000000002,309,2.2649999999999998e-05,1.4971173757902898e-05,5.3113160737958403e-05
7510,vertical,4.5300000000000002,310,2.2650000000000002e-05,1.4971173757902898e-05,5.0159332127425109e-05
7511,vertical,4.5300000000000002,311,2.2650000000000002e-05,1.4971173757902898e-05,5.6463436782569156e-05
7512,vertical,4.5300000000000002,312,2.2650000000000002e-05,1.49711737579029e-05,6.5065778503440452e-05
7513,vertical,4.5300000000000002,313,2.2649999999999998e-05,1.4971173757902898e-05,5.8036925057140512e-05
7514,vertical,4.5300000000000002,314,2.2649999999999998e-05,1.4971173757902898e-05,5.0924114855936938e-05
7515,vertical,4.5300000000000002,315,2.2650000000000008e-05,1.4971173757902902e-05,6.1864961244525535e-05
7516,vertical,4.5300000000000002,316,2.2650000000000002e-05,1.4971173757902897e-05,5.8754351321757202e-05
7517,vertical,4.5300000000000002,317,2.2650000000000002e-05,1.4971173757902898e-05,7.4552703872973552e-05
7518,vertical,4.5300000000000002,318,2.2649999999999998e-05,1.4971173757902898e-05,5.0139940178258016e-05
7519,vertical,4.5300000000000002,319,2.2650000000000005e-05,1.49711737579029e-05,5.4940204508690275e-05
7520,vertical,4.5300000000000002,320,2.2650000000000002e-05,1.4971173757902898e-05,5.5612529449697655e-05
7521,vertical,4.5300000000000002,321,2.2649999999999998e-05,1.4971173757902898e-05,5.2405612619766565e-05
7522,vertical,4.5300000000000002,322,2.2650000000000002e-05,1.49711737579029e-05,5.9244140961499984e-05
7523,vertical,4.5300000000000002,323,2.2649999999999998e-05,1.4971173757902898e-05,5.4063924842531518e-05
7524,vertical,4.5300000000000002,324,2.2650000000000005e-05,1.4971173757902898e-05,5.3931744821399058e-05
7525,vertical,4.5300000000000002,325,2.2650000000000002e-05,1.49711737579029e-05,5.0785424625355578e-05
7526,vertical,4.5300000000000002,326,2.2650000000000005e-05,1.4971173757902905e-05,4.4587032400913006e-05
7527,vertical,4.5300000000000002,327,2.2649999999999998e-05,1.4971173757902898e-05,5.5380718410360791e-05
7528,vertical,4.5300000000000002,328,2.2650000000000002e-05,1.49711737579029e-05,5.6040737110715705e-05
7529,vertical,4.5300000000000002,329,2.2649999999999998e-05,1.4971173757902898e-05,5.8178639032908733e-05
7530,vertical,4.5300000000000002,330,2.2650000000000002e-05,1.49711737579029e-05,6.28978881609845e-05
7531,vertical,4.5300000000000002,331,2.2650000000000008e-05,1.49711737579029e-05,5.6889326689269749e-05
7532,vertical,4.5300000000000002,332,2.2650000000000002e-05,1.4971173757902898e-05,6.1312395477322533e-05
7533,vertical,4.5300000000000002,333,2.2650000000000002e-05,1.4971173757902898e-05,5.5602928635049494e-05
7534,vertical,4.5300000000000002,334,2.2649999999999998e-05,1.4971173757902898e-05,6.7818100403143217e-05
7535,vertical,4.5300000000000002,335,2.2649999999999998e-05,1.4971173757902898e-05,5.9456624162953657e-05
7536,vertical,4.5300000000000002,336,2.2650000000000002e-05,1.49711737579029e-05,5.3068977318205111e-05
7537,vertical,4.5300000000000002,337,2.2650000000000008e-05,1.4971173757902902e-05,4.7702927675665288e-05
7538,vertical,4.5300000000000002,338,2.2650000000000002e-05,1.49711737579029e-05,5.5675482534185994e-05
7539,vertical,4.5300000000000002,339,2.2650000000000002e-05,1.4971173757902898e-05,5.4963916183216839e-05
7540,vertical,4.5300000000000002,340,2.2649999999999998e-05,1.4971173757902898e-05,5.6942067772242494e-05
7541,vertical,4.5300000000000002,341,2.2650000000000005e-05,1.4971173757902898e-05,6.6374143222528426e-05
7542,vertical,4.5300000000000002,342,2.2649999999999998e-05,1.4971173757902898e-05,5.8779723526039287e-05
7543,vertical,4.5300000000000002,343,2.2650000000000002e-05,1.4971173757902898e-05,6.6855233633428368e-05
7544,vertical,4.5300000000000002,344,2.2649999999999998e-05,1.49711737579029e-05,5.9460781140128665e-05
7545,vertical,4.5300000000000002,345,2.2650000000000002e-05,1.49711737579029e-05,5.2407692418402767e-05
7546,vertical,4.5300000000000002,346,2.2650000000000002e-05,1.49711737579029e-05,4.6232277025134224e-05
7547,vertical,4.5300000000000002,347,2.2650000000000008e-05,1.49711737579029e-05,6.0927410775328467e-05
7548,vertical,4.5300000000000002,348,2.2650000000000002e-05,1.49711737579029e-05,5.9811211577668485e-05
7549,vertical,4.5300000000000002,349,2.2650000000000002e-05,1.4971173757902898e-05,5.0301085747165633e-05
7550,vertical,4.5300000000000002,350,2.2650000000000005e-05,1.49711737579029e-05,6.3942263720909103e-05
7551,vertical,4.5300000000000002,351,2.2650000000000002e-05,1.4971173757902898e-05,5.8788435356168772e-05
7552,vertical,4.5300000000000002,352,2.2650000000000002e-05,1.4971173757902902e-05,6.5545955146074439e-05
7553,vertical,4.5300000000000002,353,2.2650000000000002e-05,1.49711737579029e-05,4.7367920011018678e-05
7554,vertical,4.5300000000000002,354,2.2650000000000002e-05,1.49711737579029e-05,6.189331454418883e-05
7555,vertical,4.5300000000000002,355,2.2650000000000002e-05,1.49711737579029e-05,6.9284371616321221e-05
7556,vertical,4.5300000000000002,356,2.2650000000000002e-05,1.49711737579029e-05,4.9676931523511929e-05
7557,vertical,4.5300000000000002,357,2.2650000000000002e-05,1.49711737579029e-05,6.1967199046132493e-05
7558,vertical,4.5300000000000002,358,2.2649999999999998e-05,1.4971173757902898e-05,7.8135297772535656e-05
7559,vertical,4.5300000000000002,359,2.2649999999999998e-05,1.4971173757902898e-05,7.7352745041968414e-05
7560,vertical,4.5300000000000002,360,2.2650000000000002e-05,1.49711737579029e-05,5.7966956687584696e-05
7561,vertical,4.5300000000000002,361,2.2650000000000005e-05,1.4971173757902902e-05,5.1637190854330265e-05
7562,vertical,4.5300000000000002,362,2.2650000000000002e-05,1.49711737579029e-05,6.2635137814603926e-05
7563,vertical,4.5300000000000002,363,2.2650000000000002e-05,1.49711737579029e-05,5.0800526221031791e-05
7564,vertical,4.5300000000000002,364,2.2649999999999998e-05,1.4971173757902898e-05,5.2382054425162979e-05
7565,vertical,4.5300000000000002,365,2.2650000000000002e-05,1.4971173757902898e-05,6.7088272020126671e-05
7566,vertical,4.5300000000000002,366,2.2649999999999998e-05,1.49711737579029e-05,6.4287379936865148e-05
7567,vertical,4.5300000000000002,367,2.2650000000000002e-05,1.49711737579029e-05,5.8600907268841477e-05
7568,vertical,4.5300000000000002,368,2.2649999999999998e-05,1.4971173757902898e-05,5.9333643419930294e-05
7569,vertical,4.5300000000000002,369,2.2650000000000002e-05,1.49711737579029e-05,6.6819405647610742e-05
7570,vertical,4.5300000000000002,370,2.2649999999999998e-05,1.4971173757902898e-05,4.9794663039058124e-05
7571,vertical,4.5300000000000002,371,2.2650000000000002e-05,1.4971173757902898e-05,6.2666879674219629e-05
7572,vertical,4.5300000000000002,372,2.2649999999999998e-05,1.49711737579029e-05,5.1048026009335266e-05
7573,vertical,4.5300000000000002,373,2.2649999999999995e-05,1.4971173757902898e-05,5.5824012989021858e-05
7574,vertical,4.5300000000000002,374,2.2650000000000002e-05,1.4971173757902902e-05,4.9152170444755335e-05
7575,vertical,4.5300000000000002,375,2.2649999999999998e-05,1.49711737579029e-05,6.2541931576149347e-05
7576,vertical,4.5300000000000002,376,2.2649999999999998e-05,1.49711737579029e-05,6.5973236802003326e-05
7577,vertical,4.5300000000000002,377,2.2650000000000005e-05,1.49711737579029e-05,5.6830544261134238e-05
7578,vertical,4.5300000000000002,378,2.2649999999999998e-05,1.4971173757902898e-05,5.1979400684633684e-05
7579,vertical,4.5300000000000002,379,2.2649999999999998e-05,1.4971173757902898e-05,6.625079792597712e-05
7580,vertical,4.5300000000000002,380,2.2649999999999998e-05,1.4971173757902898e-05,6.3126083673873337e-05
7581,vertical,4.5300000000000002,381,2.2650000000000002e-05,1.49711737579029e-05,5.613841603688792e-05
7582,vertical,4.5300000000000002,382,2.2650000000000002e-05,1.49711737579029e-05,5.7442299719241054e-05
7583,vertical,4.5300000000000002,383,2.2650000000000002e-05,1.49711737579029e-05,5.5103551215271721e-05
7584,vertical,4.5300000000000002,384,2.2650000000000005e-05,1.49711737579029e-05,5.3169393038960453e-05
7585,vertical,4.5300000000000002,385,2.2650000000000002e-05,1.49711737579029e-05,5.865281696006603e-05
7586,vertical,4.5300000000000002,386,2.2650000000000002e-05,1.4971173757902898e-05,4.6596650979445885e-05
7587,vertical,4.5300000000000002,387,2.2650000000000002e-05,1.49711737579029e-05,7.3390927431059766e-05
7588,vertical,4.5300000000000002,388,2.2649999999999995e-05,1.4971173757902897e-05,6.9974479590259437e-05
7589,vertical,4.5300000000000002,389,2.2650000000000002e-05,1.49711737579029e-05,6.332943782119182e-05
7590,vertical,4.5300000000000002,390,2.2650000000000002e-05,1.49711737579029e-05,4.6976213791109868e-05
7591,vertical,4.5300000000000002,391,2.2650000000000002e-05,1.4971173757902898e-05,5.6106861998991129e-05
7592,vertical,4.5300000000000002,392,2.2649999999999998e-05,1.49711737579029e-05,6.0259541312855638e-05
7593,vertical,4.5300000000000002,393,2.2650000000000002e-05,1.4971173757902898e-05,5.0114837177534546e-05
7594,vertical,4.5300000000000002,394,2.2649999999999998e-05,1.49711737579029e-05,6.2700891395203181e-05
7595,vertical,4.5300000000000002,395,2.2650000000000002e-05,1.49711737579029e-05,4.8874699152308232e-05
7596,vertical,4.5300000000000002,396,2.2650000000000002e-05,1.4971173757902898e-05,5.804900338517523e-05
7597,vertical,4.5300000000000002,397,2.2649999999999998e-05,1.4971173757902898e-05,6.8382757654144715e-05
7598,vertical,4.5300000000000002,398,2.2650000000000005e-05,1.49711737579029e-05,7.4451262999889305e-05
7599,vertical,4.5300000000000002,399,2.2650000000000002e-05,1.4971173757902898e-05,4.9449234163161619e-05
7600,vertical,4.5300000000000002,400,2.2650000000000002e-05,1.4971173757902898e-05,5.917794098731373e-05
7601,vertical,4.5300000000000002,401,2.2649999999999998e-05,1.4971173757902895e-05,5.2795561614061651e-05
7602,vertical,4.5300000000000002,402,2.2650000000000002e-05,1.49711737579029e-05,5.1016893545164998e-05
7603,vertical,4.5300000000000002,403,2.2650000000000008e-05,1.4971173757902902e-05,5.3825444654603997e-05
7604,vertical,4.5300000000000002,404,2.2650000000000002e-05,1.49711737579029e-05,4.5065606578721526e-05
7605,vertical,4.5300000000000002,405,2.2650000000000002e-05,1.4971173757902898e-05,5.2068100176184205e-05
7606,vertical,4.5300000000000002,406,2.2649999999999998e-05,1.4971173757902898e-05,5.5556808180930939e-05
7607,vertical,4.5300000000000002,407,2.2650000000000005e-05,1.4971173757902902e-05,5.4678477003348943e-05
7608,vertical,4.5300000000000002,408,2.2650000000000002e-05,1.4971173757902898e-05,5.6618616451311722e-05
7609,vertical,4.5300000000000002,409,2.2650000000000005e-05,1.49711737579029e-05,4.6388558158487417e-05
7610,vertical,4.5300000000000002,410,2.2650000000000002e-05,1.49711737579029e-05,5.964680459812618e-05
7611,vertical,4.5300000000000002,411,2.2649999999999998e-05,1.4971173757902898e-05,5.5288597471383623e-05
7612,vertical,4.5300000000000002,412,2.2650000000000002e-05,1.4971173757902898e-05,5.7274294882098483e-05
7613,vertical,4.5300000000000002,413,2.2649999999999998e-05,1.4971173757902895e-05,4.5439074454331436e-05
7614,vertical,4.5300000000000002,414,2.2649999999999998e-05,1.49711737579029e-05,8.2208092702415822e-05
7615,vertical,4.5300000000000002,415,2.2650000000000002e-05,1.49711737579029e-05,5.260161652459658e-05
7616,vertical,4.5300000000000002,416,2.2649999999999998e-05,1.49711737579029e-05,5.9100595980822378e-05
7617,vertical,4.5300000000000002,417,2.2649999999999998e-05,1.49711737579029e-05,5.8333207583720258e-05
7618,vertical,4.5300000000000002,418,2.2650000000000002e-05,1.4971173757902898e-05,5.626483578726763e-05
7619,vertical,4.5300000000000002,419,2.2650000000000002e-05,1.49711737579029e-05,5.1439723220099618e-05
7620,vertical,4.5300000000000002,420,2.2649999999999998e-05,1.4971173757902898e-05,5.1634765665366145e-05
7621,vertical,4.5300000000000002,421,2.2650000000000002e-05,1.49711737579029e-05,5.2285175935293222e-05
7622,vertical,4.5300000000000002,422,2.2650000000000002e-05,1.49711737579029e-05,5.134747255894607e-05
7623,vertical,4.5300000000000002,423,2.2650000000000005e-05,1.4971173757902904e-05,5.8199757451896225e-05
7624,vertical,4.5300000000000002,424,2.2649999999999995e-05,1.4971173757902895e-05,5.4022855177634028e-05
7625,vertical,4.5300000000000002,425,2.2650000000000002e-05,1.49711737579029e-05,5.2165978502243058e-05
7626,vertical,4.5300000000000002,426,2.2650000000000002e-05,1.4971173757902904e-05,6.6552341342444404e-05
7627,vertical,4.5300000000000002,427,2.2650000000000002e-05,1.4971173757902898e-05,6.4267493448898048e-05
7628,vertical,4.5300000000000002,428,2.2650000000000002e-05,1.4971173757902898e-05,5.2395222311166914e-05
7629,vertical,4.5300000000000002,429,2.2650000000000002e-05,1.4971173757902898e-05,5.3268914980355865e-05
7630,vertical,4.5300000000000002,430,2.2650000000000002e-05,1.49711737579029e-05,6.0394470065721168e-05
7631,vertical,4.5300000000000002,431,2.2650000000000002e-05,1.4971173757902898e-05,6.6076004533749727e-05
7632,vertical,4.5300000000000002,432,2.2650000000000002e-05,1.49711737579029e-05,5.7694893670472626e-05
7633,vertical,4.5300000000000002,433,2.2650000000000002e-05,1.4971173757902898e-05,5.4535930525599823e-05
7634,vertical,4.5300000000000002,434,2.2649999999999998e-05,1.4971173757902898e-05,6.0235340129851484e-05
7635,vertical,4.5300000000000002,435,2.2650000000000002e-05,1.4971173757902898e-05,5.8771130478867907e-05
7636,vertical,4.5300000000000002,436,2.2649999999999998e-05,1.4971173757902895e-05,5.8457540126057297e-05
7637,vertical,4.5300000000000002,437,2.2650000000000002e-05,1.49711737579029e-05,5.223237060301198e-05
7638,vertical,4.5300000000000002,438,2.2650000000000002e-05,1.4971173757902898e-05,5.9835735108434721e-05
7639,vertical,4.5300000000000002,439,2.2650000000000002e-05,1.4971173757902898e-05,4.4851314589737162e-05
7640,vertical,4.5300000000000002,440,2.2649999999999998e-05,1.4971173757902897e-05,5.355992383656559e-05
7641,vertical,4.5300000000000002,441,2.2649999999999995e-05,1.4971173757902898e-05,4.9776530208955441e-05
7642,vertical,4.5300000000000002,442,2.2650000000000005e-05,1.4971173757902902e-05,4.8012510888063334e-05
7643,vertical,4.5300000000000002,443,2.2650000000000002e-05,1.4971173757902898e-05,6.5187935925123641e-05
7644,vertical,4.5300000000000002,444,2.2649999999999998e-05,1.4971173757902898e-05,5.9137593668691748e-05
7645,vertical,4.5300000000000002,445,2.2649999999999998e-05,1.49711737579029e-05,5.3987898525603683e-05
7646,vertical,4.5300000000000002,446,2.2649999999999998e-05,1.49711737579029e-05,5.9092174483358245e-05
7647,vertical,4.5300000000000002,447,2.2650000000000002e-05,1.4971173757902898e-05,5.8674407759568265e-05
7648,vertical,4.5300000000000002,448,2.2650000000000002e-05,1.49711737579029e-05,5.5887338125190717e-05
7649,vertical,4.5300000000000002,449,2.2649999999999998e-05,1.4971173757902898e-05,5.4611155472403434e-05
7650,vertical,4.5300000000000002,450,2.2650000000000002e-05,1.49711737579029e-05,4.9978711862095111e-05
7651,vertical,4.5300000000000002,451,2.2650000000000008e-05,1.4971173757902904e-05,5.4563860523386061e-05
7652,vertical,4.5300000000000002,452,2.2650000000000002e-05,1.49711737579029e-05,5.5092659378057641e-05
7653,vertical,4.5300000000000002,453,2.2650000000000002e-05,1.4971173757902902e-05,4.8420813089717368e-05
7654,vertical,4.5300000000000002,454,2.2650000000000002e-05,1.4971173757902902e-05,6.1968789333609204e-05
7655,vertical,4.5300000000000002,455,2.2650000000000002e-05,1.4971173757902898e-05,4.8841352274115811e-05
7656,vertical,4.5300000000000002,456,2.2649999999999998e-05,1.49711737579029e-05,5.4624926370217038e-05
7657,vertical,4.5300000000000002,457,2.2650000000000002e-05,1.49711737579029e-05,4.831336810801607e-05
7658,vertical,4.5300000000000002,458,2.2649999999999998e-05,1.4971173757902898e-05,4.9220567531709256e-05
7659,vertical,4.5300000000000002,459,2.2650000000000008e-05,1.4971173757902902e-05,4.8972088100718294e-05
7660,vertical,4.5300000000000002,460,2.2649999999999998e-05,1.49711737579029e-05,5.0208196990680913e-05
7661,vertical,4.5300000000000002,461,2.2650000000000002e-05,1.49711737579029e-05,5.7810227627987433e-05
7662,vertical,4.5300000000000002,462,2.2649999999999998e-05,1.4971173757902898e-05,6.145707877558823e-05
7663,vertical,4.5300000000000002,463,2.2650000000000002e-05,1.49711737579029e-05,5.5963920097879349e-05
7664,vertical,4.5300000000000002,464,2.2650000000000002e-05,1.4971173757902897e-05,5.7876127376455899e-05
7665,vertical,4.5300000000000002,465,2.2649999999999995e-05,1.4971173757902897e-05,5.2169558582303473e-05
7666,vertical,4.5300000000000002,466,2.2650000000000002e-05,1.4971173757902898e-05,5.0579452032092514e-05
7667,vertical,4.5300000000000002,467,2.2650000000000002e-05,1.49711737579029e-05,5.4332482689358631e-05
7668,vertical,4.5300000000000002,468,2.2650000000000002e-05,1.49711737579029e-05,5.2168578535922239e-05
7669,vertical,4.5300000000000002,469,2.2649999999999998e-05,1.4971173757902898e-05,5.3836962818684776e-05
7670,vertical,4.5300000000000002,470,2.2650000000000002e-05,1.4971173757902898e-05,4.345390828561872e-05
7671,vertical,4.5300000000000002,471,2.2650000000000002e-05,1.4971173757902898e-05,5.2944638570111868e-05
7672,vertical,4.5300000000000002,472,2.2650000000000002e-05,1.49711737579029e-05,5.997169416302521e-05
7673,vertical,4.5300000000000002,473,2.2649999999999998e-05,1.4971173757902898e-05,5.0224261670792929e-05
7674,vertical,4.5300000000000002,474,2.2650000000000002e-05,1.49711737579029e-05,5.3998896518022987e-05
7675,vertical,4.5300000000000002,475,2.2650000000000002e-05,1.49711737579029e-05,5.1533659601041378e-05
7676,vertical,4.5300000000000002,476,2.2649999999999998e-05,1.4971173757902898e-05,4.3694967364201152e-05
7677,vertical,4.5300000000000002,477,2.2650000000000002e-05,1.4971173757902902e-05,4.7570613091004546e-05
7678,vertical,4.5300000000000002,478,2.2650000000000002e-05,1.49711737579029e-05,5.0579933824897181e-05
7679,vertical,4.5300000000000002,479,2.2650000000000002e-05,1.4971173757902898e-05,4.8275127538434784e-05
7680,vertical,4.5300000000000002,480,2.2650000000000002e-05,1.49711737579029e-05,4.7967853582500773e-05
7681,vertical,4.5300000000000002,481,2.2649999999999998e-05,1.49711737579029e-05,5.6068623617301305e-05
7682,vertical,4.5300000000000002,482,2.2650000000000002e-05,1.4971173757902898e-05,6.0129611131981839e-05
7683,vertical,4.5300000000000002,483,2.2650000000000002e-05,1.4971173757902898e-05,4.8030931231197351e-05
7684,vertical,4.5300000000000002,484,2.2650000000000002e-05,1.49711737579029e-05,5.6659712745210326e-05
7685,vertical,4.5300000000000002,485,2.2650000000000002e-05,1.49711737579029e-05,5.7314292537696406e-05
7686,vertical,4.5300000000000002,486,2.2650000000000005e-05,1.49711737579029e-05,5.3573586635112256e-05
7687,vertical,4.5300000000000002,487,2.2649999999999995e-05,1.49711737579029e-05,5.9286030933813082e-05
7688,vertical,4.5300000000000002,488,2.2650000000000002e-05,1.4971173757902898e-05,5.813669099946432e-05
7689,vertical,4.5300000000000002,489,2.2650000000000002e-05,1.49711737579029e-05,5.7537960407967118e-05
7690,vertical,4.5300000000000002,490,2.2649999999999998e-05,1.4971173757902898e-05,5.5714968036983461e-05
7691,vertical,4.5300000000000002,491,2.2650000000000002e-05,1.49711737579029e-05,6.4795925768724761e-05
7692,vertical,4.5300000000000002,492,2.2650000000000002e-05,1.49711737579029e-05,5.7468132321302542e-05
7693,vertical,4.5300000000000002,493,2.2650000000000002e-05,1.4971173757902898e-05,4.8796579469137731e-05
7694,vertical,4.5300000000000002,494,2.2649999999999998e-05,1.4971173757902898e-05,6.1051456909968338e-05
7695,vertical,4.5300000000000002,495,2.2650000000000002e-05,1.4971173757902898e-05,6.4224793870568337e-05
7696,vertical,4.5300000000000002,496,2.2650000000000005e-05,1.49711737579029e-05,4.5655477159398225e-05
7697,vertical,4.5300000000000002,497,2.2650000000000002e-05,1.49711737579029e-05,4.4719255472892735e-05
7698,vertical,4.5300000000000002,498,2.2649999999999998e-05,1.4971173757902898e-05,4.6434617775001534e-05
7699,vertical,4.5300000000000002,499,2.2650000000000002e-05,1.4971173757902898e-05,6.0026480826011897e-05
7700,vertical,4.5300000000000002,500,2.2650000000000008e-05,1.4971173757902902e-05,5.4028957599520877e-05
7701,vertical,4.5300000000000002,501,2.2650000000000005e-05,1.4971173757902902e-05,5.840425322372229e-05
7702,vertical,4.5300000000000002,502,2.2650000000000002e-05,1.49711737579029e-05,6.1965349642828857e-05
7703,vertical,4.5300000000000002,503,2.2650000000000005e-05,1.4971173757902898e-05,5.2698955607739467e-05
7704,vertical,4.5300000000000002,504,2.2650000000000002e-05,1.49711737579029e-05,5.3782848139548415e-05
7705,vertical,4.5300000000000002,505,2.2650000000000002e-05,1.4971173757902898e-05,6.3121092728956994e-05
7706,vertical,4.5300000000000002,506,2.2650000000000002e-05,1.49711737579029e-05,4.4092307449085e-05
7707,vertical,4.5300000000000002,507,2.2650000000000008e-05,1.4971173757902902e-05,6.7740496895542533e-05
7708,vertical,4.5300000000000002,508,2.2650000000000002e-05,1.4971173757902898e-05,5.6204422972876477e-05
7709,vertical,4.5300000000000002,509,2.2650000000000002e-05,1.4971173757902902e-05,5.3226167995736024e-05
7710,vertical,4.5300000000000002,510,2.2649999999999998e-05,1.4971173757902898e-05,5.1788378762410954e-05
7711,vertical,4.5300000000000002,511,2.2650000000000002e-05,1.4971173757902898e-05,5.5944418176516186e-05
7712,vertical,4.5300000000000002,512,2.2650000000000002e-05,1.49711737579029e-05,5.0278788484406763e-05
7713,vertical,4.5300000000000002,513,2.2650000000000002e-05,1.49711737579029e-05,5.6216347564760289e-05
7714,vertical,4.5300000000000002,514,2.2650000000000002e-05,1.4971173757902898e-05,4.6843267500809804e-05
7715,vertical,4.5300000000000002,515,2.2649999999999998e-05,1.49711737579029e-05,7.264598623733623e-05
7716,vertical,4.5300000000000002,516,2.2650000000000002e-05,1.49711737579029e-05,5.0791682462351987e-05
7717,vertical,4.5300000000000002,517,2.2650000000000002e-05,1.4971173757902898e-05,5.6041157220469331e-05
7718,vertical,4.5300000000000002,518,2.2650000000000002e-05,1.4971173757902898e-05,5.5118652396533602e-05
7719,vertical,4.5300000000000002,519,2.2649999999999998e-05,1.4971173757902898e-05,6.0243650229121589e-05
7720,vertical,4.5300000000000002,520,2.2650000000000002e-05,1.4971173757902898e-05,6.1290887397683104e-05
7721,vertical,4.5300000000000002,521,2.2650000000000002e-05,1.4971173757902898e-05,6.0191072173174176e-05
7722,vertical,4.5300000000000002,522,2.2650000000000002e-05,1.4971173757902904e-05,5.5685262942015471e-05
7723,vertical,4.5300000000000002,523,2.2649999999999998e-05,1.4971173757902898e-05,5.6098497107716147e-05
7724,vertical,4.5300000000000002,524,2.2650000000000002e-05,1.49711737579029e-05,6.4022034442286023e-05
7725,vertical,4.5300000000000002,525,2.2650000000000002e-05,1.49711737579029e-05,6.1740818908333954e-05
7726,vertical,4.5300000000000002,526,2.2650000000000002e-05,1.4971173757902898e-05,6.1685742414019316e-05
7727,vertical,4.5300000000000002,527,2.2650000000000002e-05,1.49711737579029e-05,4.8037699434331173e-05
7728,vertical,4.5300000000000002,528,2.2650000000000002e-05,1.4971173757902898e-05,4.9984425435696784e-05
7729,vertical,4.5300000000000002,529,2.2650000000000002e-05,1.49711737579029e-05,6.4639044833551343e-05
7730,vertical,4.5300000000000002,530,2.2649999999999998e-05,1.4971173757902898e-05,6.8548063328670848e-05
7731,vertical,4.5300000000000002,531,2.2650000000000002e-05,1.49711737579029e-05,6.0632929371704233e-05
7732,vertical,4.5300000000000002,532,2.2649999999999998e-05,1.4971173757902898e-05,5.0807518772450104e-05
7733,vertical,4.5300000000000002,533,2.2649999999999995e-05,1.4971173757902898e-05,4.9058825130579569e-05
7734,vertical,4.5300000000000002,534,2.2649999999999995e-05,1.4971173757902898e-05,4.8248767264804726e-05
7735,vertical,4.5300000000000002,535,2.2650000000000002e-05,1.4971173757902902e-05,5.8190906113528282e-05
7736,vertical,4.5300000000000002,536,2.2650000000000002e-05,1.49711737579029e-05,5.6509559772974254e-05
7737,vertical,4.5300000000000002,537,2.2650000000000002e-05,1.49711737579029e-05,6.1815009349512704e-05
7738,vertical,4.5300000000000002,538,2.2649999999999998e-05,1.49711737579029e-05,6.5894753326188583e-05
7739,vertical,4.5300000000000002,539,2.2650000000000002e-05,1.49711737579029e-05,6.018663430354452e-05
7740,vertical,4.5300000000000002,540,2.2650000000000002e-05,1.4971173757902897e-05,5.2777485725189277e-05
7741,vertical,4.5300000000000002,541,2.2650000000000002e-05,1.4971173757902898e-05,7.2727173207389414e-05
7742,vertical,4.5300000000000002,542,2.2650000000000002e-05,1.49711737579029e-05,6.4933050284531716e-05
7743,vertical,4.5300000000000002,543,2.2650000000000008e-05,1.4971173757902902e-05,5.5680514659889679e-05
7744,vertical,4.5300000000000002,544,2.2650000000000002e-05,1.49711737579029e-05,5.2166312529193993e-05
7745,vertical,4.5300000000000002,545,2.2649999999999995e-05,1.4971173757902897e-05,6.3200555139033719e-05
7746,vertical,4.5300000000000002,546,2.2650000000000002e-05,1.49711737579029e-05,6.4593646192821064e-05
7747,vertical,4.5300000000000002,547,2.2650000000000002e-05,1.4971173757902898e-05,6.198589678369728e-05
7748,vertical,4.5300000000000002,548,2.2650000000000005e-05,1.4971173757902898e-05,5.3675028920982549e-05
7749,vertical,4.5300000000000002,549,2.2650000000000005e-05,1.49711737579029e-05,6.0126945722050829e-05
7750,vertical,4.5300000000000002,550,2.2650000000000002e-05,1.4971173757902902e-05,5.1115809160602726e-05
7751,vertical,4.5300000000000002,551,2.2650000000000002e-05,1.49711737579029e-05,5.6456282712903092e-05
7752,vertical,4.5300000000000002,552,2.2650000000000002e-05,1.49711737579029e-05,6.1178274439170475e-05
7753,vertical,4.5300000000000002,553,2.2650000000000002e-05,1.49711737579029e-05,7.3326780946287464e-05
7754,vertical,4.5300000000000002,554,2.2649999999999998e-05,1.4971173757902898e-05,5.0819332930704255e-05
7755,vertical,4.5300000000000002,555,2.2649999999999998e-05,1.4971173757902898e-05,4.4630162987000278e-05
7756,vertical,4.5300000000000002,556,2.2650000000000002e-05,1.4971173757902898e-05,6.6552331417164202e-05
7757,vertical,4.5300000000000002,557,2.2650000000000002e-05,1.4971173757902897e-05,4.4717254082618171e-05
7758,vertical,4.5300000000000002,558,2.2649999999999998e-05,1.49711737579029e-05,5.1817543664565849e-05
7759,vertical,4.5300000000000002,559,2.2650000000000008e-05,1.4971173757902902e-05,6.3193621658291335e-05
7760,vertical,4.5300000000000002,560,2.2650000000000002e-05,1.4971173757902898e-05,6.14127103431209e-05
7761,vertical,4.5300000000000002,561,2.2649999999999998e-05,1.4971173757902898e-05,4.8949122485733424e-05
7762,vertical,4.5300000000000002,562,2.2649999999999998e-05,1.49711737579029e-05,6.7730392309143589e-05
7763,vertical,4.5300000000000002,563,2.2650000000000002e-05,1.4971173757902898e-05,5.8107537251467636e-05
7764,vertical,4.5300000000000002,564,2.2649999999999998e-05,1.49711737579029e-05,5.121087844193196e-05
7765,vertical,4.5300000000000002,565,2.2650000000000002e-05,1.49711737579029e-05,5.4572220103133539e-05
7766,vertical,4.5300000000000002,566,2.2649999999999998e-05,1.49711737579029e-05,5.1865336336945185e-05
7767,vertical,4.5300000000000002,567,2.2650000000000005e-05,1.49711737579029e-05,5.9476112096972334e-05
7768,vertical,4.5300000000000002,568,2.2650000000000008e-05,1.4971173757902904e-05,6.2316267539333763e-05
7769,vertical,4.5300000000000002,569,2.2650000000000002e-05,1.49711737579029e-05,4.9337751624016992e-05
7770,vertical,4.5300000000000002,570,2.2649999999999998e-05,1.4971173757902898e-05,6.0752219495557828e-05
7771,vertical,4.5300000000000002,571,2.2650000000000002e-05,1.49711737579029e-05,6.2058267585122633e-05
7772,vertical,4.5300000000000002,572,2.2650000000000002e-05,1.49711737579029e-05,4.6008981729081076e-05
7773,vertical,4.5300000000000002,573,2.2650000000000002e-05,1.49711737579029e-05,6.7991331765491524e-05
7774,vertical,4.5300000000000002,574,2.2649999999999998e-05,1.4971173757902898e-05,4.8310918059031957e-05
7775,vertical,4.5300000000000002,575,2.2650000000000002e-05,1.49711737579029e-05,6.5200525896855454e-05
7776,vertical,4.5300000000000002,576,2.2650000000000008e-05,1.4971173757902898e-05,5.8390927532288417e-05
7777,vertical,4.5300000000000002,577,2.2650000000000002e-05,1.4971173757902898e-05,5.7405784080834111e-05
7778,vertical,4.5300000000000002,578,2.2650000000000002e-05,1.4971173757902902e-05,7.1283507129464116e-05
7779,vertical,4.5300000000000002,579,2.2650000000000002e-05,1.49711737579029e-05,5.4823612681138937e-05
7780,vertical,4.5300000000000002,580,2.2650000000000002e-05,1.49711737579029e-05,4.9155166092771806e-05
7781,vertical,4.5300000000000002,581,2.2650000000000002e-05,1.49711737579029e-05,4.8041297559232831e-05
7782,vertical,4.5300000000000002,582,2.2650000000000005e-05,1.4971173757902902e-05,5.4533638362295121e-05
7783,vertical,4.5300000000000002,583,2.2650000000000002e-05,1.49711737579029e-05,4.8321118093225595e-05
7784,vertical,4.5300000000000002,584,2.2649999999999998e-05,1.4971173757902898e-05,5.416081624634193e-05
7785,vertical,4.5300000000000002,585,2.2650000000000002e-05,1.49711737579029e-05,5.0037724451644333e-05
7786,vertical,4.5300000000000002,586,2.2650000000000002e-05,1.4971173757902898e-05,6.0586255360602109e-05
7787,vertical,4.5300000000000002,587,2.2650000000000002e-05,1.49711737579029e-05,5.4708055051393618e-05
7788,vertical,4.5300000000000002,588,2.2650000000000002e-05,1.49711737579029e-05,6.4536216532944129e-05
7789,vertical,4.5300000000000002,589,2.2650000000000005e-05,1.49711737579029e-05,5.7680503973304227e-05
7790,vertical,4.5300000000000002,590,2.2649999999999998e-05,1.49711737579029e-05,6.2427049502061769e-05
7791,vertical,4.5300000000000002,591,2.2649999999999998e-05,1.4971173757902898e-05,6.8044967533810558e-05
7792,vertical,4.5300000000000002,592,2.2650000000000002e-05,1.49711737579029e-05,6.3228880344059951e-05
7793,vertical,4.5300000000000002,593,2.2650000000000005e-05,1.49711737579029e-05,4.8040021905456677e-05
7794,vertical,4.5300000000000002,594,2.2650000000000002e-05,1.49711737579029e-05,5.2319128761176843e-05
7795,vertical,4.5300000000000002,595,2.2650000000000002e-05,1.4971173757902897e-05,4.6020778107550617e-05
7796,vertical,4.5300000000000002,596,2.2650000000000002e-05,1.49711737579029e-05,5.7434394752791239e-05
7797,vertical,4.5300000000000002,597,2.2649999999999998e-05,1.4971173757902898e-05,7.0748884758713675e-05
7798,vertical,4.5300000000000002,598,2.2649999999999995e-05,1.4971173757902898e-05,5.810831433173264e-05
7799,vertical,4.5300000000000002,599,2.2650000000000002e-05,1.49711737579029e-05,5.7452696361071946e-05
7800,vertical,4.5300000000000002,600,2.2650000000000002e-05,1.49711737579029e-05,5.5694605896615262e-05
7801,vertical,6.4000000000000004,1,3.2000000000000005e-05,2.1151327163483128e-05,8.6556272262004299e-05
7802,vertical,6.4000000000000004,2,3.1999999999999999e-05,2.1151327163483125e-05,8.0995953912038707e-05
7803,vertical,6.4000000000000004,3,3.2000000000000005e-05,2.1151327163483128e-05,6.9169541472799826e-05
7804,vertical,6.4000000000000004,4,3.2000000000000005e-05,2.1151327163483125e-05,6.0333433227139573e-05
7805,vertical,6.4000000000000004,5,3.2000000000000005e-05,2.1151327163483128e-05,8.9276515631175727e-05
7806,vertical,6.4000000000000004,6,3.1999999999999999e-05,2.1151327163483125e-05,9.3836631060469262e-05
7807,vertical,6.4000000000000004,7,3.2000000000000005e-05,2.1151327163483125e-05,8.0716963525860109e-05
7808,vertical,6.4000000000000004,8,3.2000000000000012e-05,2.1151327163483128e-05,9.8107474914569857e-05
7809,vertical,6.4000000000000004,9,3.2000000000000005e-05,2.1151327163483128e-05,8.1314521834377373e-05
7810,vertical,6.4000000000000004,10,3.2000000000000005e-05,2.1151327163483128e-05,7.5576236260337801e-05
7811,vertical,6.4000000000000004,11,3.2000000000000005e-05,2.1151327163483128e-05,8.8773514321433247e-05
7812,vertical,6.4000000000000004,12,3.2000000000000019e-05,2.1151327163483128e-05,7.8705930241553044e-05
7813,vertical,6.4000000000000004,13,3.2000000000000005e-05,2.1151327163483128e-05,8.1932261844000598e-05
7814,vertical,6.4000000000000004,14,3.2000000000000012e-05,2.1151327163483128e-05,8.8858976420847343e-05
7815,vertical,6.4000000000000004,15,3.2000000000000012e-05,2.1151327163483128e-05,8.3534622971080406e-05
7816,vertical,6.4000000000000004,16,3.2000000000000005e-05,2.1151327163483128e-05,9.0642890434005884e-05
7817,vertical,6.4000000000000004,17,3.2000000000000005e-05,2.1151327163483128e-05,6.6883644588569969e-05
7818,vertical,6.4000000000000004,18,3.1999999999999999e-05,2.1151327163483128e-05,0.00010493075923822385
7819,vertical,6.4000000000000004,19,3.2000000000000012e-05,2.1151327163483128e-05,7.2971460428266927e-05
7820,vertical,6.4000000000000004,20,3.2000000000000012e-05,2.1151327163483128e-05,8.2634584993486956e-05
7821,vertical,6.4000000000000004,21,3.2000000000000005e-05,2.1151327163483128e-05,0.00012413838651278912
7822,vertical,6.4000000000000004,22,3.2000000000000012e-05,2.1151327163483128e-05,8.3625059264772546e-05
7823,vertical,6.4000000000000004,23,3.1999999999999999e-05,2.1151327163483125e-05,7.3345570833212537e-05
7824,vertical,6.4000000000000004,24,3.2000000000000005e-05,2.1151327163483128e-05,8.0857809804083086e-05
7825,vertical,6.4000000000000004,25,3.2000000000000012e-05,2.1151327163483131e-05,6.6397442778934335e-05
7826,vertical,6.4000000000000004,26,3.1999999999999999e-05,2.1151327163483125e-05,7.9651817190462977e-05
7827,vertical,6.4000000000000004,27,3.2000000000000005e-05,2.1151327163483125e-05,7.7781453168970712e-05
7828,vertical,6.4000000000000004,28,3.2000000000000005e-05,2.1151327163483125e-05,7.9359398991968896e-05
7829,vertical,6.4000000000000004,29,3.2000000000000005e-05,2.1151327163483128e-05,9.5873916898603031e-05
7830,vertical,6.4000000000000004,30,3.2000000000000005e-05,2.1151327163483128e-05,7.8985654087271559e-05
7831,vertical,6.4000000000000004,31,3.2000000000000005e-05,2.1151327163483128e-05,7.780725365345418e-05
7832,vertical,6.4000000000000004,32,3.2000000000000005e-05,2.1151327163483128e-05,7.9493285929383936e-05
7833,vertical,6.4000000000000004,33,3.2000000000000005e-05,2.1151327163483128e-05,6.8260399828049142e-05
7834,vertical,6.4000000000000004,34,3.1999999999999999e-05,2.1151327163483125e-05,7.4512148765306017e-05
7835,vertical,6.4000000000000004,35,3.2000000000000005e-05,2.1151327163483125e-05,6.367848142188121e-05
7836,vertical,6.4000000000000004,36,3.1999999999999999e-05,2.1151327163483125e-05,7.7980036441203647e-05
7837,vertical,6.4000000000000004,37,3.2000000000000005e-05,2.1151327163483125e-05,8.4132300278547944e-05
7838,vertical,6.4000000000000004,38,3.1999999999999999e-05,2.1151327163483121e-05,0.00011429768354264084
7839,vertical,6.4000000000000004,39,3.2000000000000005e-05,2.1151327163483128e-05,7.561575259856699e-05
7840,vertical,6.4000000000000004,40,3.2000000000000005e-05,2.1151327163483125e-05,7.5756577749659215e-05
7841,vertical,6.4000000000000004,41,3.2000000000000012e-05,2.1151327163483128e-05,8.9346527700958378e-05
7842,vertical,6.4000000000000004,42,3.2000000000000005e-05,2.1151327163483125e-05,7.1237286934313016e-05
7843,vertical,6.4000000000000004,43,3.1999999999999999e-05,2.1151327163483128e-05,6.32225964065558e-05
7844,vertical,6.4000000000000004,44,3.2000000000000005e-05,2.1151327163483128e-05,8.3348307661906275e-05
7845,vertical,6.4000000000000004,45,3.2000000000000012e-05,2.1151327163483128e-05,9.4216331507237155e-05
7846,vertical,6.4000000000000004,46,3.2000000000000005e-05,2.1151327163483128e-05,8.0519044523666837e-05
7847,vertical,6.4000000000000004,47,3.2000000000000012e-05,2.1151327163483128e-05,8.6757686208119078e-05
7848,vertical,6.4000000000000004,48,3.2000000000000005e-05,2.1151327163483128e-05,7.941005573650207e-05
7849,vertical,6.4000000000000004,49,3.2000000000000012e-05,2.1151327163483128e-05,7.4899171111137943e-05
7850,vertical,6.4000000000000004,50,3.2000000000000005e-05,2.1151327163483128e-05,8.1339415551712332e-05
7851,vertical,6.4000000000000004,51,3.2000000000000005e-05,2.1151327163483128e-05,6.2784719556164504e-05
7852,vertical,6.4000000000000004,52,3.1999999999999999e-05,2.1151327163483125e-05,7.3226081272177783e-05
7853,vertical,6.4000000000000004,53,3.2000000000000005e-05,2.1151327163483125e-05,6.4185888755287446e-05
7854,vertical,6.4000000000000004,54,3.2000000000000012e-05,2.1151327163483128e-05,7.2325412876203261e-05
7855,vertical,6.4000000000000004,55,3.2000000000000005e-05,2.1151327163483128e-05,6.9947623553302593e-05
7856,vertical,6.4000000000000004,56,3.2000000000000005e-05,2.1151327163483125e-05,8.4887956049692595e-05
7857,vertical,6.4000000000000004,57,3.2000000000000005e-05,2.1151327163483128e-05,7.5497638352647908e-05
7858,vertical,6.4000000000000004,58,3.2000000000000005e-05,2.1151327163483128e-05,9.5328851689161802e-05
7859,vertical,6.4000000000000004,59,3.1999999999999999e-05,2.1151327163483125e-05,7.8057134464007313e-05
7860,vertical,6.4000000000000004,60,3.2000000000000005e-05,2.1151327163483128e-05,7.2756058840851753e-05
7861,vertical,6.4000000000000004,61,3.2000000000000005e-05,2.1151327163483125e-05,6.3045585770921979e-05
7862,vertical,6.4000000000000004,62,3.2000000000000005e-05,2.1151327163483128e-05,7.8540044130242013e-05
7863,vertical,6.4000000000000004,63,3.2000000000000005e-05,2.1151327163483128e-05,7.4105669680938791e-05
7864,vertical,6.4000000000000004,64,3.2000000000000005e-05,2.1151327163483125e-05,7.4278936055743343e-05
7865,vertical,6.4000000000000004,65,3.2000000000000012e-05,2.1151327163483128e-05,7.4282027907630272e-05
7866,vertical,6.4000000000000004,66,3.1999999999999999e-05,2.1151327163483128e-05,8.0217367384476107e-05
7867,vertical,6.4000000000000004,67,3.2000000000000012e-05,2.1151327163483128e-05,7.4783010483505793e-05
7868,vertical,6.4000000000000004,68,3.2000000000000005e-05,2.1151327163483128e-05,7.714847952590988e-05
7869,vertical,6.4000000000000004,69,3.2000000000000012e-05,2.1151327163483131e-05,6.9623126956334491e-05
7870,vertical,6.4000000000000004,70,3.2000000000000005e-05,2.1151327163483128e-05,6.7810254812810341e-05
7871,vertical,6.4000000000000004,71,3.2000000000000005e-05,2.1151327163483128e-05,8.3772664429942852e-05
7872,vertical,6.4000000000000004,72,3.2000000000000005e-05,2.1151327163483128e-05,7.983307800743804e-05
7873,vertical,6.4000000000000004,73,3.2000000000000012e-05,2.1151327163483128e-05,6.1785292067337267e-05
7874,vertical,6.4000000000000004,74,3.2000000000000005e-05,2.1151327163483125e-05,5.8507503950914738e-05
7875,vertical,6.4000000000000004,75,3.2000000000000012e-05,2.1151327163483128e-05,8.9585802704952004e-05
7876,vertical,6.4000000000000004,76,3.2000000000000005e-05,2.1151327163483128e-05,8.5409098724517692e-05
7877,vertical,6.4000000000000004,77,3.1999999999999999e-05,2.1151327163483125e-05,6.8873202689274411e-05
7878,vertical,6.4000000000000004,78,3.2000000000000005e-05,2.1151327163483128e-05,8.8973065103056033e-05
7879,vertical,6.4000000000000004,79,3.2000000000000012e-05,2.1151327163483128e-05,8.0213471968766613e-05
7880,vertical,6.4000000000000004,80,3.2000000000000005e-05,2.1151327163483125e-05,6.9242719485218364e-05
7881,vertical,6.4000000000000004,81,3.2000000000000005e-05,2.1151327163483125e-05,7.3161335375937809e-05
7882,vertical,6.4000000000000004,82,3.2000000000000005e-05,2.1151327163483128e-05,8.7067535490123108e-05
7883,vertical,6.4000000000000004,83,3.1999999999999999e-05,2.1151327163483125e-05,7.9744915892936607e-05
7884,vertical,6.4000000000000004,84,3.2000000000000005e-05,2.1151327163483125e-05,8.8220395486017706e-05
7885,vertical,6.4000000000000004,85,3.2000000000000019e-05,2.1151327163483131e-05,8.6918848032805176e-05
7886,vertical,6.4000000000000004,86,3.2000000000000005e-05,2.1151327163483128e-05,7.7988212536508398e-05
7887,vertical,6.4000000000000004,87,3.1999999999999999e-05,2.1151327163483125e-05,8.7201919034581314e-05
7888,vertical,6.4000000000000004,88,3.2000000000000005e-05,2.1151327163483125e-05,6.8478696078139062e-05
7889,vertical,6.4000000000000004,89,3.2000000000000005e-05,2.1151327163483128e-05,7.0154034578631929e-05
7890,vertical,6.4000000000000004,90,3.2000000000000005e-05,2.1151327163483128e-05,7.003672535717716e-05
7891,vertical,6.4000000000000004,91,3.2000000000000005e-05,2.1151327163483128e-05,9.7069977447000985e-05
7892,vertical,6.4000000000000004,92,3.2000000000000005e-05,2.1151327163483131e-05,8.0356208811710532e-05
7893,vertical,6.4000000000000004,93,3.2000000000000012e-05,2.1151327163483128e-05,6.5651054084885468e-05
7894,vertical,6.4000000000000004,94,3.2000000000000005e-05,2.1151327163483128e-05,6.5050099562308087e-05
7895,vertical,6.4000000000000004,95,3.2000000000000005e-05,2.1151327163483128e-05,6.7847904785328205e-05
7896,vertical,6.4000000000000004,96,3.2000000000000012e-05,2.1151327163483128e-05,8.7758563749301495e-05
7897,vertical,6.4000000000000004,97,3.2000000000000005e-05,2.1151327163483128e-05,6.8465814259193087e-05
7898,vertical,6.4000000000000004,98,3.2000000000000012e-05,2.1151327163483128e-05,8.2548669660359916e-05
7899,vertical,6.4000000000000004,99,3.2000000000000005e-05,2.1151327163483128e-05,7.8692235321080572e-05
7900,vertical,6.4000000000000004,100,3.2000000000000012e-05,2.1151327163483128e-05,8.1822455989112954e-05
7901,vertical,6.4000000000000004,101,3.2000000000000012e-05,2.1151327163483128e-05,7.340177144119422e-05
7902,vertical,6.4000000000000004,102,3.2000000000000005e-05,2.1151327163483128e-05,8.4365496270761244e-05
7903,vertical,6.4000000000000004,103,3.2000000000000005e-05,2.1151327163483128e-05,6.1207508879085218e-05
7904,vertical,6.4000000000000004,104,3.1999999999999999e-05,2.1151327163483125e-05,7.7700674800710405e-05
7905,vertical,6.4000000000000004,105,3.2000000000000012e-05,2.1151327163483128e-05,7.2298516648372851e-05
7906,vertical,6.4000000000000004,106,3.1999999999999999e-05,2.1151327163483121e-05,7.5454533940639816e-05
7907,vertical,6.4000000000000004,107,3.2000000000000005e-05,2.1151327163483125e-05,9.5504958348473887e-05
7908,vertical,6.4000000000000004,108,3.2000000000000012e-05,2.1151327163483128e-05,7.4087834238307907e-05
7909,vertical,6.4000000000000004,109,3.2000000000000012e-05,2.1151327163483128e-05,0.00010252632639027979
7910,vertical,6.4000000000000004,110,3.2000000000000005e-05,2.1151327163483128e-05,7.1980891756154148e-05
7911,vertical,6.4000000000000004,111,3.1999999999999999e-05,2.1151327163483128e-05,7.2848714310358887e-05
7912,vertical,6.4000000000000004,112,3.2000000000000005e-05,2.1151327163483128e-05,8.1456282834258971e-05
7913,vertical,6.4000000000000004,113,3.2000000000000005e-05,2.1151327163483125e-05,6.6678130460344731e-05
7914,vertical,6.4000000000000004,114,3.2000000000000012e-05,2.1151327163483128e-05,7.1440009680374754e-05
7915,vertical,6.4000000000000004,115,3.2000000000000005e-05,2.1151327163483128e-05,7.4668280061688031e-05
7916,vertical,6.4000000000000004,116,3.2000000000000005e-05,2.1151327163483128e-05,6.7897486346916967e-05
7917,vertical,6.4000000000000004,117,3.2000000000000005e-05,2.1151327163483128e-05,7.2915715230644881e-05
7918,vertical,6.4000000000000004,118,3.2000000000000005e-05,2.1151327163483128e-05,6.865355871984717e-05
7919,vertical,6.4000000000000004,119,3.2000000000000005e-05,2.1151327163483128e-05,7.7706860017930939e-05
7920,vertical,6.4000000000000004,120,3.2000000000000012e-05,2.1151327163483131e-05,8.0788595699527154e-05
7921,vertical,6.4000000000000004,121,3.2000000000000012e-05,2.1151327163483128e-05,7.6565598334751018e-05
7922,vertical,6.4000000000000004,122,3.2000000000000005e-05,2.1151327163483128e-05,8.2318095430358379e-05
7923,vertical,6.4000000000000004,123,3.2000000000000005e-05,2.1151327163483128e-05,6.4879423000172826e-05
7924,vertical,6.4000000000000004,124,3.2000000000000005e-05,2.1151327163483128e-05,8.0512054816435683e-05
7925,vertical,6.4000000000000004,125,3.2000000000000012e-05,2.1151327163483128e-05,7.3299697026745964e-05
7926,vertical,6.4000000000000004,126,3.2000000000000005e-05,2.1151327163483125e-05,7.282176234619973e-05
7927,vertical,6.4000000000000004,127,3.2000000000000005e-05,2.1151327163483128e-05,7.2326380681917181e-05
7928,vertical,6.4000000000000004,128,3.2000000000000012e-05,2.1151327163483131e-05,7.521156139475777e-05
7929,vertical,6.4000000000000004,129,3.2000000000000005e-05,2.1151327163483128e-05,9.3464555231820547e-05
7930,vertical,6.4000000000000004,130,3.2000000000000005e-05,2.1151327163483128e-05,7.2748053576623622e-05
7931,vertical,6.4000000000000004,131,3.2000000000000005e-05,2.1151327163483125e-05,6.2164548690915955e-05
7932,vertical,6.4000000000000004,132,3.2000000000000005e-05,2.1151327163483128e-05,8.9150032091743215e-05
7933,vertical,6.4000000000000004,133,3.2000000000000005e-05,2.1151327163483128e-05,7.8113546887288753e-05
7934,vertical,6.4000000000000004,134,3.2000000000000005e-05,2.1151327163483125e-05,9.640156873972784e-05
7935,vertical,6.4000000000000004,135,3.2000000000000005e-05,2.1151327163483128e-05,7.1039079076580647e-05
7936,vertical,6.4000000000000004,136,3.2000000000000005e-05,2.1151327163483125e-05,9.1188332867084694e-05
7937,vertical,6.4000000000000004,137,3.2000000000000005e-05,2.1151327163483125e-05,6.9417001255450391e-05
7938,vertical,6.4000000000000004,138,3.2000000000000005e-05,2.1151327163483131e-05,9.676443465623754e-05
7939,vertical,6.4000000000000004,139,3.1999999999999999e-05,2.1151327163483125e-05,8.1884221506236344e-05
7940,vertical,6.4000000000000004,140,3.2000000000000005e-05,2.1151327163483128e-05,8.8047844610803273e-05
7941,vertical,6.4000000000000004,141,3.2000000000000005e-05,2.1151327163483125e-05,6.5038569449048581e-05
7942,vertical,6.4000000000000004,142,3.2000000000000005e-05,2.1151327163483128e-05,9.3857505219678911e-05
7943,vertical,6.4000000000000004,143,3.2000000000000005e-05,2.1151327163483128e-05,7.2227278786277875e-05
7944,vertical,6.4000000000000004,144,3.1999999999999999e-05,2.1151327163483125e-05,8.2425878456245704e-05
7945,vertical,6.4000000000000004,145,3.2000000000000005e-05,2.1151327163483125e-05,8.6435081819506026e-05
7946,vertical,6.4000000000000004,146,3.2000000000000012e-05,2.1151327163483128e-05,6.8993178807769652e-05
7947,vertical,6.4000000000000004,147,3.2000000000000005e-05,2.1151327163483128e-05,9.0207301784274937e-05
7948,vertical,6.4000000000000004,148,3.2000000000000012e-05,2.1151327163483128e-05,8.2120483516150478e-05
7949,vertical,6.4000000000000004,149,3.2000000000000005e-05,2.1151327163483128e-05,8.1270491292341688e-05
7950,vertical,6.4000000000000004,150,3.2000000000000012e-05,2.1151327163483128e-05,9.8032931267576955e-05
7951,vertical,6.4000000000000004,151,3.1999999999999999e-05,2.1151327163483128e-05,8.5111350225816466e-05
7952,vertical,6.4000000000000004,152,3.2000000000000005e-05,2.1151327163483128e-05,8.3235745870029854e-05
7953,vertical,6.4000000000000004,153,3.2000000000000012e-05,2.1151327163483128e-05,7.5576143654236614e-05
7954,vertical,6.4000000000000004,154,3.2000000000000005e-05,2.1151327163483128e-05,6.7432340145532713e-05
7955,vertical,6.4000000000000004,155,3.2000000000000012e-05,2.1151327163483128e-05,9.2567366246673542e-05
7956,vertical,6.4000000000000004,156,3.2000000000000005e-05,2.1151327163483128e-05,7.7916224921882759e-05
7957,vertical,6.4000000000000004,157,3.2000000000000005e-05,2.1151327163483125e-05,7.0000355003844986e-05
7958,vertical,6.4000000000000004,158,3.2000000000000005e-05,2.1151327163483128e-05,6.3112398904830081e-05
7959,vertical,6.4000000000000004,159,3.2000000000000012e-05,2.1151327163483128e-05,9.5122016588503332e-05
7960,vertical,6.4000000000000004,160,3.2000000000000005e-05,2.1151327163483128e-05,7.8158334435939601e-05
7961,vertical,6.4000000000000004,161,3.1999999999999999e-05,2.1151327163483125e-05,7.8193402969424961e-05
7962,vertical,6.4000000000000004,162,3.2000000000000012e-05,2.1151327163483131e-05,6.7180446775469855e-05
7963,vertical,6.4000000000000004,163,3.2000000000000005e-05,2.1151327163483128e-05,9.3945206551481684e-05
7964,vertical,6.4000000000000004,164,3.2000000000000005e-05,2.1151327163483125e-05,7.192536685689702e-05
7965,vertical,6.4000000000000004,165,3.2000000000000005e-05,2.1151327163483125e-05,7.3963174638157434e-05
7966,vertical,6.4000000000000004,166,3.2000000000000012e-05,2.1151327163483131e-05,7.6056144880025232e-05
7967,vertical,6.4000000000000004,167,3.2000000000000005e-05,2.1151327163483128e-05,6.66005245324575e-05
7968,vertical,6.4000000000000004,168,3.2000000000000005e-05,2.1151327163483128e-05,8.1281454249620323e-05
7969,vertical,6.4000000000000004,169,3.1999999999999999e-05,2.1151327163483125e-05,7.5246270892927777e-05
7970,vertical,6.4000000000000004,170,3.2000000000000005e-05,2.1151327163483128e-05,8.2440754095649684e-05
7971,vertical,6.4000000000000004,171,3.1999999999999999e-05,2.1151327163483125e-05,8.709636458444466e-05
7972,vertical,6.4000000000000004,172,3.2000000000000005e-05,2.1151327163483125e-05,0.00012294059057247548
7973,vertical,6.4000000000000004,173,3.2000000000000012e-05,2.1151327163483128e-05,8.3087090877498776e-05
7974,vertical,6.4000000000000004,174,3.2000000000000012e-05,2.1151327163483128e-05,0.00010264496758456952
7975,vertical,6.4000000000000004,175,3.2000000000000012e-05,2.1151327163483128e-05,7.5750838867022502e-05
7976,vertical,6.4000000000000004,176,3.2000000000000005e-05,2.1151327163483128e-05,8.5455744562635478e-05
7977,vertical,6.4000000000000004,177,3.2000000000000005e-05,2.1151327163483128e-05,7.0913078904993721e-05
7978,vertical,6.4000000000000004,178,3.2000000000000005e-05,2.1151327163483125e-05,7.3262230956426338e-05
7979,vertical,6.4000000000000004,179,3.2000000000000012e-05,2.1151327163483128e-05,0.00011045426948122485
7980,vertical,6.4000000000000004,180,3.2000000000000005e-05,2.1151327163483128e-05,9.7659466659765336e-05
7981,vertical,6.4000000000000004,181,3.2000000000000012e-05,2.1151327163483128e-05,7.7443072788388202e-05
7982,vertical,6.4000000000000004,182,3.2000000000000012e-05,2.1151327163483128e-05,7.7657182204956586e-05
7983,vertical,6.4000000000000004,183,3.2000000000000012e-05,2.1151327163483128e-05,7.6901999945724653e-05
7984,vertical,6.4000000000000004,184,3.2000000000000005e-05,2.1151327163483128e-05,7.2382955265930769e-05
7985,vertical,6.4000000000000004,185,3.2000000000000012e-05,2.1151327163483128e-05,6.5009080899958581e-05
7986,vertical,6.4000000000000004,186,3.2000000000000012e-05,2.1151327163483128e-05,7.347699996388932e-05
7987,vertical,6.4000000000000004,187,3.2000000000000005e-05,2.1151327163483128e-05,7.4843203190804014e-05
7988,vertical,6.4000000000000004,188,3.2000000000000005e-05,2.1151327163483128e-05,6.6509210652235221e-05
7989,vertical,6.4000000000000004,189,3.2000000000000005e-05,2.1151327163483128e-05,6.7743942647676013e-05
7990,vertical,6.4000000000000004,190,3.2000000000000012e-05,2.1151327163483128e-05,9.4565285268950796e-05
7991,vertical,6.4000000000000004,191,3.2000000000000005e-05,2.1151327163483121e-05,7.4637527717167406e-05
7992,vertical,6.4000000000000004,192,3.2000000000000012e-05,2.1151327163483128e-05,6.9830426110380772e-05
7993,vertical,6.4000000000000004,193,3.2000000000000012e-05,2.1151327163483128e-05,8.3296951203090222e-05
7994,vertical,6.4000000000000004,194,3.2000000000000012e-05,2.1151327163483128e-05,8.0338916940359215e-05
7995,vertical,6.4000000000000004,195,3.2000000000000005e-05,2.1151327163483128e-05,8.4432787483925786e-05
7996,vertical,6.4000000000000004,196,3.2000000000000005e-05,2.1151327163483128e-05,6.8171928759055687e-05
7997,vertical,6.4000000000000004,197,3.2000000000000005e-05,2.1151327163483128e-05,8.9011586537825408e-05
7998,vertical,6.4000000000000004,198,3.2000000000000005e-05,2.1151327163483128e-05,7.1150078444439117e-05
7999,vertical,6.4000000000000004,199,3.1999999999999999e-05,2.1151327163483125e-05,6.5014307121505092e-05
8000,vertical,6.4000000000000004,200,3.2000000000000005e-05,2.1151327163483128e-05,7.9913543288556482e-05
8001,vertical,6.4000000000000004,201,3.2000000000000005e-05,2.1151327163483128e-05,9.0369219784593196e-05
8002,vertical,6.4000000000000004,202,3.1999999999999999e-05,2.1151327163483125e-05,6.5469427428208759e-05
8003,vertical,6.4000000000000004,203,3.2000000000000005e-05,2.1151327163483128e-05,8.4524401881461533e-05
8004,vertical,6.4000000000000004,204,3.2000000000000012e-05,2.1151327163483128e-05,8.3719988090777238e-05
8005,vertical,6.4000000000000004,205,3.2000000000000005e-05,2.1151327163483128e-05,8.2362438637869904e-05
8006,vertical,6.4000000000000004,206,3.2000000000000005e-05,2.1151327163483125e-05,7.4300150045657611e-05
8007,vertical,6.4000000000000004,207,3.2000000000000005e-05,2.1151327163483128e-05,7.2964002830644452e-05
8008,vertical,6.4000000000000004,208,3.2000000000000019e-05,2.1151327163483131e-05,8.4619425363242903e-05
8009,vertical,6.4000000000000004,209,3.2000000000000012e-05,2.1151327163483125e-05,7.6014309059924172e-05
8010,vertical,6.4000000000000004,210,3.2000000000000012e-05,2.1151327163483128e-05,8.9266678644699121e-05
8011,vertical,6.4000000000000004,211,3.2000000000000005e-05,2.1151327163483128e-05,8.8934265971347281e-05
8012,vertical,6.4000000000000004,212,3.2000000000000012e-05,2.1151327163483131e-05,8.610835673061782e-05
8013,vertical,6.4000000000000004,213,3.2000000000000005e-05,2.1151327163483128e-05,6.0578425770369585e-05
8014,vertical,6.4000000000000004,214,3.1999999999999999e-05,2.1151327163483128e-05,6.9536564180526603e-05
8015,vertical,6.4000000000000004,215,3.1999999999999999e-05,2.1151327163483125e-05,9.466222828372799e-05
8016,vertical,6.4000000000000004,216,3.2000000000000012e-05,2.1151327163483128e-05,6.3998503151054789e-05
8017,vertical,6.4000000000000004,217,3.2000000000000005e-05,2.1151327163483128e-05,6.1986096385527082e-05
8018,vertical,6.4000000000000004,218,3.2000000000000019e-05,2.1151327163483131e-05,7.4883333846113983e-05
8019,vertical,6.4000000000000004,219,3.1999999999999999e-05,2.1151327163483128e-05,8.2145739965835032e-05
8020,vertical,6.4000000000000004,220,3.2000000000000012e-05,2.1151327163483128e-05,6.1237093543198398e-05
8021,vertical,6.4000000000000004,221,3.2000000000000005e-05,2.1151327163483125e-05,8.2737441188384604e-05
8022,vertical,6.4000000000000004,222,3.2000000000000012e-05,2.1151327163483131e-05,7.1008253763754986e-05
8023,vertical,6.4000000000000004,223,3.2000000000000005e-05,2.1151327163483128e-05,8.5542099719068969e-05
8024,vertical,6.4000000000000004,224,3.2000000000000012e-05,2.1151327163483128e-05,7.5903141189281615e-05
8025,vertical,6.4000000000000004,225,3.1999999999999999e-05,2.1151327163483125e-05,7.4472602293139043e-05
8026,vertical,6.4000000000000004,226,3.2000000000000005e-05,2.1151327163483128e-05,7.6154627117716822e-05
8027,vertical,6.4000000000000004,227,3.1999999999999999e-05,2.1151327163483125e-05,8.5727439963867707e-05
8028,vertical,6.4000000000000004,228,3.2000000000000019e-05,2.1151327163483131e-05,7.4359338798450677e-05
8029,vertical,6.4000000000000004,229,3.2000000000000012e-05,2.1151327163483128e-05,8.7032284954030183e-05
8030,vertical,6.4000000000000004,230,3.2000000000000012e-05,2.1151327163483128e-05,8.6151306449259166e-05
8031,vertical,6.4000000000000004,231,3.2000000000000005e-05,2.1151327163483128e-05,9.3274775860332268e-05
8032,vertical,6.4000000000000004,232,3.2000000000000005e-05,2.1151327163483128e-05,6.0782715867882952e-05
8033,vertical,6.4000000000000004,233,3.2000000000000005e-05,2.1151327163483128e-05,0.00010852695743442258
8034,vertical,6.4000000000000004,234,3.2000000000000012e-05,2.1151327163483128e-05,5.9276728855778648e-05
8035,vertical,6.4000000000000004,235,3.2000000000000005e-05,2.1151327163483128e-05,7.3445553610934655e-05
8036,vertical,6.4000000000000004,236,3.2000000000000005e-05,2.1151327163483128e-05,8.684875288852162e-05
8037,vertical,6.4000000000000004,237,3.2000000000000012e-05,2.1151327163483128e-05,6.5223582126971405e-05
8038,vertical,6.4000000000000004,238,3.2000000000000005e-05,2.1151327163483125e-05,7.817403798424078e-05
8039,vertical,6.4000000000000004,239,3.2000000000000012e-05,2.1151327163483125e-05,8.0944645096280569e-05
8040,vertical,6.4000000000000004,240,3.2000000000000005e-05,2.1151327163483128e-05,8.3726001185744676e-05
8041,vertical,6.4000000000000004,241,3.2000000000000005e-05,2.1151327163483125e-05,6.5400707329060561e-05
8042,vertical,6.4000000000000004,242,3.1999999999999992e-05,2.1151327163483121e-05,8.7725795898192801e-05
8043,vertical,6.4000000000000004,243,3.2000000000000005e-05,2.1151327163483128e-05,6.9132971679795126e-05
8044,vertical,6.4000000000000004,244,3.2000000000000012e-05,2.1151327163483128e-05,6.9135103131100347e-05
8045,vertical,6.4000000000000004,245,3.2000000000000005e-05,2.1151327163483128e-05,7.8185668667050276e-05
8046,vertical,6.4000000000000004,246,3.2000000000000005e-05,2.1151327163483128e-05,6.6022453051403453e-05
8047,vertical,6.4000000000000004,247,3.2000000000000012e-05,2.1151327163483128e-05,9.9024803145383579e-05
8048,vertical,6.4000000000000004,248,3.2000000000000005e-05,2.1151327163483128e-05,7.3955032841489029e-05
8049,vertical,6.4000000000000004,249,3.2000000000000005e-05,2.1151327163483128e-05,0.00010561423677414912
8050,vertical,6.4000000000000004,250,3.2000000000000012e-05,2.1151327163483128e-05,8.1828222517366881e-05
8051,vertical,6.4000000000000004,251,3.2000000000000005e-05,2.1151327163483125e-05,6.1405415246244669e-05
8052,vertical,6.4000000000000004,252,3.1999999999999999e-05,2.1151327163483125e-05,9.2312481918887534e-05
8053,vertical,6.4000000000000004,253,3.1999999999999999e-05,2.1151327163483125e-05,7.8822656318443832e-05
8054,vertical,6.4000000000000004,254,3.1999999999999999e-05,2.1151327163483125e-05,6.6714303613174354e-05
8055,vertical,6.4000000000000004,255,3.2000000000000005e-05,2.1151327163483128e-05,9.3234666133601793e-05
8056,vertical,6.4000000000000004,256,3.2000000000000012e-05,2.1151327163483128e-05,7.4032394813687682e-05
8057,vertical,6.4000000000000004,257,3.2000000000000005e-05,2.1151327163483125e-05,9.8648066962606123e-05
8058,vertical,6.4000000000000004,258,3.2000000000000019e-05,2.1151327163483131e-05,9.6798591162455431e-05
8059,vertical,6.4000000000000004,259,3.2000000000000005e-05,2.1151327163483128e-05,9.2452620988470717e-05
8060,vertical,6.4000000000000004,260,3.2000000000000012e-05,2.1151327163483128e-05,7.4320743144430521e-05
8061,vertical,6.4000000000000004,261,3.1999999999999999e-05,2.1151327163483125e-05,7.7794425912125427e-05
8062,vertical,6.4000000000000004,262,3.2000000000000005e-05,2.1151327163483128e-05,7.4689869389734252e-05
8063,vertical,6.4000000000000004,263,3.2000000000000005e-05,2.1151327163483128e-05,7.8679991566128261e-05
8064,vertical,6.4000000000000004,264,3.2000000000000005e-05,2.1151327163483125e-05,7.3789381682472e-05
8065,vertical,6.4000000000000004,265,3.2000000000000012e-05,2.1151327163483128e-05,8.5950636688984102e-05
8066,vertical,6.4000000000000004,266,3.2000000000000005e-05,2.1151327163483128e-05,9.5603822480242021e-05
8067,vertical,6.4000000000000004,267,3.2000000000000005e-05,2.1151327163483125e-05,8.2652259249926398e-05
8068,vertical,6.4000000000000004,268,3.2000000000000012e-05,2.1151327163483131e-05,9.5737395673553853e-05
8069,vertical,6.4000000000000004,269,3.2000000000000005e-05,2.1151327163483128e-05,6.6676731622239649e-05
8070,vertical,6.4000000000000004,270,3.2000000000000005e-05,2.1151327163483128e-05,7.8894890862004385e-05
8071,vertical,6.4000000000000004,271,3.2000000000000005e-05,2.1151327163483125e-05,0.00010873834116220442
8072,vertical,6.4000000000000004,272,3.1999999999999999e-05,2.1151327163483128e-05,8.5263229926181718e-05
8073,vertical,6.4000000000000004,273,3.2000000000000005e-05,2.1151327163483128e-05,8.2717682785894028e-05
8074,vertical,6.4000000000000004,274,3.2000000000000012e-05,2.1151327163483128e-05,6.6989396396546885e-05
8075,vertical,6.4000000000000004,275,3.2000000000000012e-05,2.1151327163483128e-05,6.772330332119687e-05
8076,vertical,6.4000000000000004,276,3.2000000000000005e-05,2.1151327163483131e-05,9.0578722201883609e-05
8077,vertical,6.4000000000000004,277,3.2000000000000005e-05,2.1151327163483125e-05,6.3704301310623979e-05
8078,vertical,6.4000000000000004,278,3.2000000000000005e-05,2.1151327163483128e-05,8.3515226150731553e-05
8079,vertical,6.4000000000000004,279,3.2000000000000005e-05,2.1151327163483128e-05,7.7917431440484771e-05
8080,vertical,6.4000000000000004,280,3.2000000000000005e-05,2.1151327163483128e-05,7.4833934398053079e-05
8081,vertical,6.4000000000000004,281,3.1999999999999999e-05,2.1151327163483125e-05,7.3727409943516437e-05
8082,vertical,6.4000000000000004,282,3.2000000000000005e-05,2.1151327163483128e-05,9.0148300742544141e-05
8083,vertical,6.4000000000000004,283,3.2000000000000005e-05,2.1151327163483128e-05,7.3033390567300984e-05
8084,vertical,6.4000000000000004,284,3.2000000000000005e-05,2.1151327163483128e-05,9.3474020816374306e-05
8085,vertical,6.4000000000000004,285,3.2000000000000005e-05,2.1151327163483125e-05,9.1671401699639776e-05
8086,vertical,6.4000000000000004,286,3.2000000000000012e-05,2.1151327163483128e-05,7.2100569543243436e-05
8087,vertical,6.4000000000000004,287,3.2000000000000005e-05,2.1151327163483128e-05,8.6239675171925772e-05
8088,vertical,6.4000000000000004,288,3.2000000000000005e-05,2.1151327163483128e-05,6.5577944494806583e-05
8089,vertical,6.4000000000000004,289,3.2000000000000005e-05,2.1151327163483128e-05,6.997629242266335e-05
8090,vertical,6.4000000000000004,290,3.2000000000000005e-05,2.1151327163483125e-05,7.5765619056003945e-05
8091,vertical,6.4000000000000004,291,3.2000000000000005e-05,2.1151327163483128e-05,7.0385987899618851e-05
8092,vertical,6.4000000000000004,292,3.1999999999999999e-05,2.1151327163483121e-05,7.3030789328819032e-05
8093,vertical,6.4000000000000004,293,3.2000000000000005e-05,2.1151327163483125e-05,0.00010022816435535909
8094,vertical,6.4000000000000004,294,3.1999999999999999e-05,2.1151327163483125e-05,7.7576149313806928e-05
8095,vertical,6.4000000000000004,295,3.2000000000000005e-05,2.1151327163483128e-05,7.206267381988322e-05
8096,vertical,6.4000000000000004,296,3.2000000000000005e-05,2.1151327163483128e-05,7.7979655871379146e-05
8097,vertical,6.4000000000000004,297,3.2000000000000005e-05,2.1151327163483128e-05,7.3001603884041312e-05
8098,vertical,6.4000000000000004,298,3.2000000000000005e-05,2.1151327163483128e-05,7.1134886703214665e-05
8099,vertical,6.4000000000000004,299,3.2000000000000005e-05,2.1151327163483128e-05,8.6821166523703844e-05
8100,vertical,6.4000000000000004,300,3.2000000000000012e-05,2.1151327163483128e-05,7.3596907509486048e-05
8101,vertical,6.4000000000000004,301,3.2000000000000005e-05,2.1151327163483128e-05,7.9630316699470273e-05
8102,vertical,6.4000000000000004,302,3.1999999999999999e-05,2.1151327163483125e-05,7.6819488087084717e-05
8103,vertical,6.4000000000000004,303,3.2000000000000005e-05,2.1151327163483128e-05,8.5683674532124871e-05
8104,vertical,6.4000000000000004,304,3.2000000000000005e-05,2.1151327163483128e-05,9.5369055945049755e-05
8105,vertical,6.4000000000000004,305,3.2000000000000019e-05,2.1151327163483131e-05,8.386234986953481e-05
8106,vertical,6.4000000000000004,306,3.1999999999999999e-05,2.1151327163483125e-05,9.8310214248389143e-05
8107,vertical,6.4000000000000004,307,3.2000000000000005e-05,2.1151327163483128e-05,6.7847674676572506e-05
8108,vertical,6.4000000000000004,308,3.2000000000000005e-05,2.1151327163483128e-05,6.585551826868731e-05
8109,vertical,6.4000000000000004,309,3.1999999999999999e-05,2.1151327163483128e-05,7.5038461086740358e-05
8110,vertical,6.4000000000000004,310,3.2000000000000005e-05,2.1151327163483125e-05,7.0865281592830183e-05
8111,vertical,6.4000000000000004,311,3.2000000000000005e-05,2.1151327163483128e-05,7.9771742915770994e-05
8112,vertical,6.4000000000000004,312,3.2000000000000012e-05,2.1151327163483128e-05,9.1925161682564877e-05
8113,vertical,6.4000000000000004,313,3.2000000000000005e-05,2.1151327163483125e-05,8.1994772707659889e-05
8114,vertical,6.4000000000000004,314,3.1999999999999999e-05,2.1151327163483125e-05,7.1945769332891043e-05
8115,vertical,6.4000000000000004,315,3.2000000000000019e-05,2.1151327163483131e-05,8.7403035753855066e-05
8116,vertical,6.4000000000000004,316,3.2000000000000005e-05,2.1151327163483125e-05,8.3008355068266254e-05
8117,vertical,6.4000000000000004,317,3.2000000000000012e-05,2.1151327163483128e-05,0.00010532832335254543
8118,vertical,6.4000000000000004,318,3.2000000000000005e-05,2.1151327163483128e-05,7.083788457855438e-05
8119,vertical,6.4000000000000004,319,3.2000000000000005e-05,2.1151327163483128e-05,7.7619714979165083e-05
8120,vertical,6.4000000000000004,320,3.2000000000000005e-05,2.1151327163483128e-05,7.8569578030477933e-05
8121,vertical,6.4000000000000004,321,3.2000000000000012e-05,2.1151327163483128e-05,7.4038834606292726e-05
8122,vertical,6.4000000000000004,322,3.2000000000000005e-05,2.1151327163483128e-05,8.370033160123619e-05
8123,vertical,6.4000000000000004,323,3.1999999999999999e-05,2.1151327163483125e-05,7.6381703971788468e-05
8124,vertical,6.4000000000000004,324,3.2000000000000005e-05,2.1151327163483128e-05,7.6194959571071523e-05
8125,vertical,6.4000000000000004,325,3.2000000000000005e-05,2.1151327163483128e-05,7.1749827285270582e-05
8126,vertical,6.4000000000000004,326,3.2000000000000019e-05,2.1151327163483131e-05,6.2992716857802037e-05
8127,vertical,6.4000000000000004,327,3.2000000000000005e-05,2.1151327163483125e-05,7.8242074575344178e-05
8128,vertical,6.4000000000000004,328,3.2000000000000012e-05,2.1151327163483128e-05,7.917455132639747e-05
8129,vertical,6.4000000000000004,329,3.2000000000000005e-05,2.1151327163483125e-05,8.219498671316024e-05
8130,vertical,6.4000000000000004,330,3.2000000000000005e-05,2.1151327163483128e-05,8.8862358549735276e-05
8131,vertical,6.4000000000000004,331,3.2000000000000005e-05,2.1151327163483128e-05,8.0373441680204507e-05
8132,vertical,6.4000000000000004,332,3.1999999999999999e-05,2.1151327163483125e-05,8.6622368886283497e-05
8133,vertical,6.4000000000000004,333,3.2000000000000005e-05,2.1151327163483128e-05,7.8556013965632847e-05
8134,vertical,6.4000000000000004,334,3.2000000000000005e-05,2.1151327163483125e-05,9.581365178369021e-05
8135,vertical,6.4000000000000004,335,3.2000000000000005e-05,2.1151327163483128e-05,8.4000528618742484e-05
8136,vertical,6.4000000000000004,336,3.2000000000000005e-05,2.1151327163483128e-05,7.4976038595256679e-05
8137,vertical,6.4000000000000004,337,3.2000000000000012e-05,2.1151327163483128e-05,6.7394864707341699e-05
8138,vertical,6.4000000000000004,338,3.2000000000000012e-05,2.1151327163483128e-05,7.8658518370593904e-05
8139,vertical,6.4000000000000004,339,3.2000000000000005e-05,2.1151327163483128e-05,7.7653214916686048e-05
8140,vertical,6.4000000000000004,340,3.2000000000000012e-05,2.1151327163483128e-05,8.044795446851037e-05
8141,vertical,6.4000000000000004,341,3.2000000000000005e-05,2.1151327163483128e-05,9.3773623978848109e-05
8142,vertical,6.4000000000000004,342,3.2000000000000005e-05,2.1151327163483125e-05,8.3044201008090841e-05
8143,vertical,6.4000000000000004,343,3.2000000000000012e-05,2.1151327163483128e-05,9.4453310210583144e-05
8144,vertical,6.4000000000000004,344,3.2000000000000005e-05,2.1151327163483128e-05,8.4006401610777818e-05
8145,vertical,6.4000000000000004,345,3.2000000000000012e-05,2.1151327163483128e-05,7.404177295315182e-05
8146,vertical,6.4000000000000004,346,3.2000000000000012e-05,2.1151327163483128e-05,6.5317124273920322e-05
8147,vertical,6.4000000000000004,347,3.2000000000000005e-05,2.1151327163483128e-05,8.6078461139536914e-05
8148,vertical,6.4000000000000004,348,3.2000000000000005e-05,2.1151327163483128e-05,8.4501490970657477e-05
8149,vertical,6.4000000000000004,349,3.1999999999999999e-05,2.1151327163483125e-05,7.1065551607474634e-05
8150,vertical,6.4000000000000004,350,3.2000000000000012e-05,2.1151327163483128e-05,9.0337856029540465e-05
8151,vertical,6.4000000000000004,351,3.2000000000000005e-05,2.1151327163483125e-05,8.305650911246803e-05
8152,vertical,6.4000000000000004,352,3.2000000000000012e-05,2.1151327163483131e-05,9.2603556939266333e-05
8153,vertical,6.4000000000000004,353,3.2000000000000012e-05,2.1151327163483128e-05,6.6921564695478927e-05
8154,vertical,6.4000000000000004,354,3.2000000000000005e-05,2.1151327163483128e-05,8.7443093395763491e-05
8155,vertical,6.4000000000000004,355,3.2000000000000012e-05,2.1151327163483128e-05,9.7885204932550966e-05
8156,vertical,6.4000000000000004,356,3.2000000000000005e-05,2.1151327163483128e-05,7.0183744315778447e-05
8157,vertical,6.4000000000000004,357,3.2000000000000005e-05,2.1151327163483128e-05,8.7547477681070189e-05
8158,vertical,6.4000000000000004,358,3.2000000000000005e-05,2.1151327163483128e-05,0.00011038982466760005
8159,vertical,6.4000000000000004,359,3.1999999999999999e-05,2.1151327163483125e-05,0.00010928423140587149
8160,vertical,6.4000000000000004,360,3.2000000000000012e-05,2.1151327163483128e-05,8.1895921148022538e-05
8161,vertical,6.4000000000000004,361,3.2000000000000012e-05,2.1151327163483131e-05,7.2953205622011867e-05
8162,vertical,6.4000000000000004,362,3.2000000000000005e-05,2.1151327163483128e-05,8.849114393233227e-05
8163,vertical,6.4000000000000004,363,3.2000000000000005e-05,2.1151327163483128e-05,7.1771162872980905e-05
8164,vertical,6.4000000000000004,364,3.1999999999999999e-05,2.1151327163483128e-05,7.4005551505749022e-05
8165,vertical,6.4000000000000004,365,3.2000000000000012e-05,2.1151327163483128e-05,9.4782547666404145e-05
8166,vertical,6.4000000000000004,366,3.2000000000000005e-05,2.1151327163483128e-05,9.0825437438396688e-05
8167,vertical,6.4000000000000004,367,3.2000000000000005e-05,2.1151327163483128e-05,8.2791568768341168e-05
8168,vertical,6.4000000000000004,368,3.2000000000000012e-05,2.1151327163483128e-05,8.3826780990630003e-05
8169,vertical,6.4000000000000004,369,3.2000000000000005e-05,2.1151327163483128e-05,9.4402692305675239e-05
8170,vertical,6.4000000000000004,370,3.2000000000000005e-05,2.1151327163483125e-05,7.035007581677086e-05
8171,vertical,6.4000000000000004,371,3.2000000000000005e-05,2.1151327163483125e-05,8.853598894370986e-05
8172,vertical,6.4000000000000004,372,3.2000000000000012e-05,2.1151327163483128e-05,7.2120831448067494e-05
8173,vertical,6.4000000000000004,373,3.2000000000000005e-05,2.1151327163483128e-05,7.8868362721796898e-05
8174,vertical,6.4000000000000004,374,3.2000000000000012e-05,2.1151327163483131e-05,6.9442360010250361e-05
8175,vertical,6.4000000000000004,375,3.2000000000000005e-05,2.1151327163483128e-05,8.8359461829438392e-05
8176,vertical,6.4000000000000004,376,3.2000000000000012e-05,2.1151327163483128e-05,9.3207221971925233e-05
8177,vertical,6.4000000000000004,377,3.2000000000000005e-05,2.1151327163483128e-05,8.0290393658114615e-05
8178,vertical,6.4000000000000004,378,3.2000000000000005e-05,2.1151327163483128e-05,7.3436680878952672e-05
8179,vertical,6.4000000000000004,379,3.2000000000000005e-05,2.1151327163483125e-05,9.3599361308223747e-05
8180,vertical,6.4000000000000004,380,3.2000000000000005e-05,2.1151327163483128e-05,8.9184753976333196e-05
8181,vertical,6.4000000000000004,381,3.2000000000000012e-05,2.1151327163483131e-05,7.9312552458296411e-05
8182,vertical,6.4000000000000004,382,3.2000000000000005e-05,2.1151327163483128e-05,8.1154683930053598e-05
8183,vertical,6.4000000000000004,383,3.2000000000000005e-05,2.1151327163483128e-05,7.7850491783165347e-05
8184,vertical,6.4000000000000004,384,3.2000000000000005e-05,2.1151327163483128e-05,7.5117906280209034e-05
8185,vertical,6.4000000000000004,385,3.2000000000000005e-05,2.1151327163483128e-05,8.2864906963448705e-05
8186,vertical,6.4000000000000004,386,3.2000000000000005e-05,2.1151327163483128e-05,6.583191308354386e-05
8187,vertical,6.4000000000000004,387,3.2000000000000005e-05,2.1151327163483128e-05,0.00010368696149200497
8188,vertical,6.4000000000000004,388,3.1999999999999999e-05,2.1151327163483125e-05,9.8860191915598334e-05
8189,vertical,6.4000000000000004,389,3.2000000000000005e-05,2.1151327163483128e-05,8.9472053433913408e-05
8190,vertical,6.4000000000000004,390,3.2000000000000005e-05,2.1151327163483128e-05,6.6368160764481939e-05
8191,vertical,6.4000000000000004,391,3.1999999999999999e-05,2.1151327163483128e-05,7.9267972802106676e-05
8192,vertical,6.4000000000000004,392,3.2000000000000005e-05,2.1151327163483128e-05,8.5134892804034467e-05
8193,vertical,6.4000000000000004,393,3.2000000000000005e-05,2.1151327163483128e-05,7.0802418970468241e-05
8194,vertical,6.4000000000000004,394,3.2000000000000005e-05,2.1151327163483128e-05,8.8584040823245125e-05
8195,vertical,6.4000000000000004,395,3.2000000000000005e-05,2.1151327163483128e-05,6.9050347588250051e-05
8196,vertical,6.4000000000000004,396,3.1999999999999999e-05,2.1151327163483125e-05,8.2011837012168097e-05
8197,vertical,6.4000000000000004,397,3.2000000000000005e-05,2.1151327163483125e-05,9.661140154227953e-05
8198,vertical,6.4000000000000004,398,3.2000000000000005e-05,2.1151327163483128e-05,0.00010518500732876195
8199,vertical,6.4000000000000004,399,3.2000000000000005e-05,2.1151327163483128e-05,6.986205268084645e-05
8200,vertical,6.4000000000000004,400,3.2000000000000005e-05,2.1151327163483128e-05,8.3606804043886957e-05
8201,vertical,6.4000000000000004,401,3.1999999999999999e-05,2.1151327163483125e-05,7.4589755922736109e-05
8202,vertical,6.4000000000000004,402,3.2000000000000005e-05,2.1151327163483128e-05,7.2076847392727594e-05
8203,vertical,6.4000000000000004,403,3.2000000000000012e-05,2.1151327163483131e-05,7.6044778319970328e-05
8204,vertical,6.4000000000000004,404,3.2000000000000005e-05,2.1151327163483128e-05,6.3668848146538151e-05
8205,vertical,6.4000000000000004,405,3.2000000000000005e-05,2.1151327163483128e-05,7.356199583390264e-05
8206,vertical,6.4000000000000004,406,3.2000000000000005e-05,2.1151327163483128e-05,7.84908548251563e-05
8207,vertical,6.4000000000000004,407,3.2000000000000012e-05,2.1151327163483128e-05,7.7249945435194981e-05
8208,vertical,6.4000000000000004,408,3.2000000000000005e-05,2.1151327163483125e-05,7.9990981299866463e-05
8209,vertical,6.4000000000000004,409,3.2000000000000005e-05,2.1151327163483128e-05,6.5537918811108055e-05
8210,vertical,6.4000000000000004,410,3.2000000000000005e-05,2.1151327163483128e-05,8.4269216209273198e-05
8211,vertical,6.4000000000000004,411,3.2000000000000012e-05,2.1151327163483125e-05,7.8111925787385255e-05
8212,vertical,6.4000000000000004,412,3.2000000000000005e-05,2.1151327163483128e-05,8.0917326102743995e-05
8213,vertical,6.4000000000000004,413,3.1999999999999999e-05,2.1151327163483121e-05,6.4196484880291659e-05
8214,vertical,6.4000000000000004,414,3.2000000000000005e-05,2.1151327163483128e-05,0.00011614388372968241
8215,vertical,6.4000000000000004,415,3.2000000000000012e-05,2.1151327163483128e-05,7.4315749615324087e-05
8216,vertical,6.4000000000000004,416,3.2000000000000005e-05,2.1151327163483128e-05,8.3497530745532732e-05
8217,vertical,6.4000000000000004,417,3.2000000000000005e-05,2.1151327163483125e-05,8.2413361707684256e-05
8218,vertical,6.4000000000000004,418,3.2000000000000005e-05,2.1151327163483128e-05,7.9491158728148533e-05
8219,vertical,6.4000000000000004,419,3.1999999999999999e-05,2.1151327163483128e-05,7.2674222650913374e-05
8220,vertical,6.4000000000000004,420,3.2000000000000005e-05,2.1151327163483128e-05,7.2949779306477567e-05
8221,vertical,6.4000000000000004,421,3.2000000000000005e-05,2.1151327163483128e-05,7.3868681233085355e-05
8222,vertical,6.4000000000000004,422,3.2000000000000012e-05,2.1151327163483128e-05,7.2543890591005497e-05
8223,vertical,6.4000000000000004,423,3.2000000000000019e-05,2.1151327163483128e-05,8.2224822890096224e-05
8224,vertical,6.4000000000000004,424,3.1999999999999999e-05,2.1151327163483121e-05,7.6323680604162866e-05
8225,vertical,6.4000000000000004,425,3.2000000000000005e-05,2.1151327163483128e-05,7.3700278678665691e-05
8226,vertical,6.4000000000000004,426,3.2000000000000012e-05,2.1151327163483128e-05,9.4025382912062743e-05
8227,vertical,6.4000000000000004,427,3.2000000000000005e-05,2.1151327163483128e-05,9.0797341737957517e-05
8228,vertical,6.4000000000000004,428,3.2000000000000012e-05,2.1151327163483125e-05,7.4024155141604473e-05
8229,vertical,6.4000000000000004,429,3.1999999999999999e-05,2.1151327163483128e-05,7.5258511230524849e-05
8230,vertical,6.4000000000000004,430,3.2000000000000005e-05,2.1151327163483128e-05,8.5325520622652438e-05
8231,vertical,6.4000000000000004,431,3.1999999999999999e-05,2.1151327163483128e-05,9.3352412586313093e-05
8232,vertical,6.4000000000000004,432,3.2000000000000012e-05,2.1151327163483128e-05,8.1511549556517615e-05
8233,vertical,6.4000000000000004,433,3.2000000000000012e-05,2.1151327163483128e-05,7.704855526795561e-05
8234,vertical,6.4000000000000004,434,3.1999999999999999e-05,2.1151327163483125e-05,8.5100701287207405e-05
8235,vertical,6.4000000000000004,435,3.2000000000000005e-05,2.1151327163483128e-05,8.3032060720696389e-05
8236,vertical,6.4000000000000004,436,3.1999999999999999e-05,2.1151327163483121e-05,8.2589019162641666e-05
8237,vertical,6.4000000000000004,437,3.2000000000000012e-05,2.1151327163483128e-05,7.3794077673129517e-05
8238,vertical,6.4000000000000004,438,3.2000000000000005e-05,2.1151327163483128e-05,8.4536137901541333e-05
8239,vertical,6.4000000000000004,439,3.2000000000000012e-05,2.1151327163483128e-05,6.3366095667619839e-05
8240,vertical,6.4000000000000004,440,3.2000000000000005e-05,2.1151327163483125e-05,7.56696495704238e-05
8241,vertical,6.4000000000000004,441,3.1999999999999999e-05,2.1151327163483125e-05,7.032445769035648e-05
8242,vertical,6.4000000000000004,442,3.2000000000000012e-05,2.1151327163483128e-05,6.7832244963268295e-05
8243,vertical,6.4000000000000004,443,3.2000000000000012e-05,2.1151327163483128e-05,9.209774611937998e-05
8244,vertical,6.4000000000000004,444,3.2000000000000005e-05,2.1151327163483128e-05,8.3549801209630728e-05
8245,vertical,6.4000000000000004,445,3.2000000000000012e-05,2.1151327163483128e-05,7.6274293722707203e-05
8246,vertical,6.4000000000000004,446,3.2000000000000012e-05,2.1151327163483128e-05,8.3485632824170593e-05
8247,vertical,6.4000000000000004,447,3.2000000000000005e-05,2.1151327163483128e-05,8.2895410521244357e-05
8248,vertical,6.4000000000000004,448,3.2000000000000012e-05,2.1151327163483128e-05,7.8957828697841194e-05
8249,vertical,6.4000000000000004,449,3.2000000000000005e-05,2.1151327163483128e-05,7.7154833338494917e-05
8250,vertical,6.4000000000000004,450,3.2000000000000005e-05,2.1151327163483128e-05,7.0610100644019597e-05
8251,vertical,6.4000000000000004,451,3.2000000000000012e-05,2.1151327163483131e-05,7.7088014867477005e-05
8252,vertical,6.4000000000000004,452,3.2000000000000012e-05,2.1151327163483128e-05,7.7835103757079239e-05
8253,vertical,6.4000000000000004,453,3.2000000000000012e-05,2.1151327163483128e-05,6.8409095755892095e-05
8254,vertical,6.4000000000000004,454,3.2000000000000005e-05,2.1151327163483128e-05,8.7549724444834198e-05
8255,vertical,6.4000000000000004,455,3.2000000000000005e-05,2.1151327163483128e-05,6.9003235000958326e-05
8256,vertical,6.4000000000000004,456,3.2000000000000012e-05,2.1151327163483128e-05,7.7174288911564909e-05
8257,vertical,6.4000000000000004,457,3.1999999999999999e-05,2.1151327163483128e-05,6.8257297106247869e-05
8258,vertical,6.4000000000000004,458,3.2000000000000005e-05,2.1151327163483128e-05,6.9538991656277978e-05
8259,vertical,6.4000000000000004,459,3.2000000000000012e-05,2.1151327163483128e-05,6.9187939038542414e-05
8260,vertical,6.4000000000000004,460,3.2000000000000012e-05,2.1151327163483128e-05,7.0934318044229118e-05
8261,vertical,6.4000000000000004,461,3.2000000000000012e-05,2.1151327163483128e-05,8.1674493779055097e-05
8262,vertical,6.4000000000000004,462,3.2000000000000005e-05,2.1151327163483128e-05,8.6826777961095973e-05
8263,vertical,6.4000000000000004,463,3.2000000000000005e-05,2.1151327163483128e-05,7.9066023979343893e-05
8264,vertical,6.4000000000000004,464,3.1999999999999999e-05,2.1151327163483125e-05,8.1767597176449843e-05
8265,vertical,6.4000000000000004,465,3.1999999999999999e-05,2.1151327163483121e-05,7.3705336628419923e-05
8266,vertical,6.4000000000000004,466,3.2000000000000012e-05,2.1151327163483125e-05,7.1458828478011515e-05
8267,vertical,6.4000000000000004,467,3.2000000000000012e-05,2.1151327163483128e-05,7.6761123446334486e-05
8268,vertical,6.4000000000000004,468,3.2000000000000012e-05,2.1151327163483128e-05,7.3703952015430989e-05
8269,vertical,6.4000000000000004,469,3.1999999999999999e-05,2.1151327163483125e-05,7.6061051222865917e-05
8270,vertical,6.4000000000000004,470,3.1999999999999999e-05,2.1151327163483128e-05,6.13918351055099e-05
8271,vertical,6.4000000000000004,471,3.2000000000000005e-05,2.1151327163483128e-05,7.4800372372784993e-05
8272,vertical,6.4000000000000004,472,3.2000000000000012e-05,2.1151327163483128e-05,8.4728221334075355e-05
8273,vertical,6.4000000000000004,473,3.2000000000000005e-05,2.1151327163483125e-05,7.0957014281031956e-05
8274,vertical,6.4000000000000004,474,3.1999999999999999e-05,2.1151327163483128e-05,7.6289831725242187e-05
8275,vertical,6.4000000000000004,475,3.2000000000000005e-05,2.1151327163483128e-05,7.2806936301692015e-05
8276,vertical,6.4000000000000004,476,3.2000000000000005e-05,2.1151327163483125e-05,6.1732404223153957e-05
8277,vertical,6.4000000000000004,477,3.2000000000000012e-05,2.1151327163483128e-05,6.7207930194796713e-05
8278,vertical,6.4000000000000004,478,3.2000000000000005e-05,2.1151327163483128e-05,7.1459509156587641e-05
8279,vertical,6.4000000000000004,479,3.1999999999999999e-05,2.1151327163483125e-05,6.820327069447741e-05
8280,vertical,6.4000000000000004,480,3.2000000000000012e-05,2.1151327163483128e-05,6.7769152964239509e-05
8281,vertical,6.4000000000000004,481,3.2000000000000012e-05,2.1151327163483128e-05,7.9213949481396991e-05
8282,vertical,6.4000000000000004,482,3.2000000000000005e-05,2.1151327163483125e-05,8.4951326985581414e-05
8283,vertical,6.4000000000000004,483,3.2000000000000012e-05,2.1151327163483128e-05,6.7858269289108847e-05
8284,vertical,6.4000000000000004,484,3.2000000000000005e-05,2.1151327163483128e-05,8.0049042289038881e-05
8285,vertical,6.4000000000000004,485,3.2000000000000012e-05,2.1151327163483128e-05,8.0973834931844825e-05
8286,vertical,6.4000000000000004,486,3.2000000000000005e-05,2.1151327163483128e-05,7.5688952420467658e-05
8287,vertical,6.4000000000000004,487,3.2000000000000005e-05,2.1151327163483128e-05,8.3759513902075878e-05
8288,vertical,6.4000000000000004,488,3.2000000000000005e-05,2.1151327163483125e-05,8.2135722383349155e-05
8289,vertical,6.4000000000000004,489,3.2000000000000005e-05,2.1151327163483128e-05,8.1289833688960166e-05
8290,vertical,6.4000000000000004,490,3.2000000000000005e-05,2.1151327163483128e-05,7.8714303628409313e-05
8291,vertical,6.4000000000000004,491,3.2000000000000005e-05,2.1151327163483128e-05,9.154391278583631e-05
8292,vertical,6.4000000000000004,492,3.2000000000000005e-05,2.1151327163483128e-05,8.1191180321487033e-05
8293,vertical,6.4000000000000004,493,3.2000000000000005e-05,2.1151327163483125e-05,6.8939979823947345e-05
8294,vertical,6.4000000000000004,494,3.2000000000000005e-05,2.1151327163483128e-05,8.6253713956688165e-05
8295,vertical,6.4000000000000004,495,3.1999999999999999e-05,2.1151327163483128e-05,9.0737015622878e-05
8296,vertical,6.4000000000000004,496,3.2000000000000005e-05,2.1151327163483128e-05,6.4502219386346275e-05
8297,vertical,6.4000000000000004,497,3.2000000000000005e-05,2.1151327163483128e-05,6.3179522080908059e-05
8298,vertical,6.4000000000000004,498,3.1999999999999999e-05,2.1151327163483128e-05,6.5602992000002175e-05
8299,vertical,6.4000000000000004,499,3.2000000000000005e-05,2.1151327163483128e-05,8.4805624125049926e-05
8300,vertical,6.4000000000000004,500,3.2000000000000005e-05,2.1151327163483128e-05,7.633230212735841e-05
8301,vertical,6.4000000000000004,501,3.2000000000000012e-05,2.1151327163483128e-05,8.2513735238812962e-05
8302,vertical,6.4000000000000004,502,3.2000000000000005e-05,2.1151327163483128e-05,8.7544864837550709e-05
8303,vertical,6.4000000000000004,503,3.2000000000000005e-05,2.1151327163483128e-05,7.4453270615790871e-05
8304,vertical,6.4000000000000004,504,3.2000000000000005e-05,2.1151327163483128e-05,7.5984597813048531e-05
8305,vertical,6.4000000000000004,505,3.2000000000000005e-05,2.1151327163483128e-05,8.9177702751727325e-05
8306,vertical,6.4000000000000004,506,3.2000000000000005e-05,2.1151327163483128e-05,6.2293767698486536e-05
8307,vertical,6.4000000000000004,507,3.2000000000000012e-05,2.1151327163483131e-05,9.5704013274055687e-05
8308,vertical,6.4000000000000004,508,3.2000000000000005e-05,2.1151327163483125e-05,7.9405807290598116e-05
8309,vertical,6.4000000000000004,509,3.2000000000000012e-05,2.1151327163483128e-05,7.5198118139671203e-05
8310,vertical,6.4000000000000004,510,3.1999999999999999e-05,2.1151327163483125e-05,7.3166804432545286e-05
8311,vertical,6.4000000000000004,511,3.2000000000000005e-05,2.1151327163483125e-05,7.9038471595961065e-05
8312,vertical,6.4000000000000004,512,3.2000000000000005e-05,2.1151327163483128e-05,7.1034049955894765e-05
8313,vertical,6.4000000000000004,513,3.1999999999999999e-05,2.1151327163483128e-05,7.9422654396129325e-05
8314,vertical,6.4000000000000004,514,3.2000000000000005e-05,2.1151327163483128e-05,6.6180333775978542e-05
8315,vertical,6.4000000000000004,515,3.2000000000000005e-05,2.1151327163483128e-05,0.00010263450594237349
8316,vertical,6.4000000000000004,516,3.2000000000000012e-05,2.1151327163483128e-05,7.1758668379481847e-05
8317,vertical,6.4000000000000004,517,3.2000000000000005e-05,2.1151327163483125e-05,7.9175144858941221e-05
8318,vertical,6.4000000000000004,518,3.2000000000000005e-05,2.1151327163483128e-05,7.7871826785389636e-05
8319,vertical,6.4000000000000004,519,3.2000000000000005e-05,2.1151327163483125e-05,8.5112441824807542e-05
8320,vertical,6.4000000000000004,520,3.1999999999999999e-05,2.1151327163483128e-05,8.6591982195402198e-05
8321,vertical,6.4000000000000004,521,3.2000000000000005e-05,2.1151327163483128e-05,8.5038159361658887e-05
8322,vertical,6.4000000000000004,522,3.2000000000000005e-05,2.1151327163483131e-05,7.8672336165319873e-05
8323,vertical,6.4000000000000004,523,3.2000000000000005e-05,2.1151327163483128e-05,7.9256154854168511e-05
8324,vertical,6.4000000000000004,524,3.2000000000000012e-05,2.1151327163483128e-05,9.045055638645266e-05
8325,vertical,6.4000000000000004,525,3.2000000000000005e-05,2.1151327163483128e-05,8.7227647022811763e-05
8326,vertical,6.4000000000000004,526,3.2000000000000005e-05,2.1151327163483128e-05,8.7149834757113383e-05
8327,vertical,6.4000000000000004,527,3.2000000000000012e-05,2.1151327163483128e-05,6.7867831430401665e-05
8328,vertical,6.4000000000000004,528,3.2000000000000012e-05,2.1151327163483128e-05,7.0618172800984426e-05
8329,vertical,6.4000000000000004,529,3.2000000000000005e-05,2.1151327163483128e-05,9.1322270846518462e-05
8330,vertical,6.4000000000000004,530,3.1999999999999999e-05,2.1151327163483128e-05,9.6844945983111136e-05
8331,vertical,6.4000000000000004,531,3.2000000000000005e-05,2.1151327163483128e-05,8.5662416772385681e-05
8332,vertical,6.4000000000000004,532,3.1999999999999999e-05,2.1151327163483128e-05,7.1781041974322451e-05
8333,vertical,6.4000000000000004,533,3.1999999999999999e-05,2.1151327163483125e-05,6.9310481420686368e-05
8334,vertical,6.4000000000000004,534,3.2000000000000005e-05,2.1151327163483125e-05,6.8166028806788143e-05
8335,vertical,6.4000000000000004,535,3.2000000000000012e-05,2.1151327163483128e-05,8.2212317687986979e-05
8336,vertical,6.4000000000000004,536,3.2000000000000005e-05,2.1151327163483125e-05,7.9836905639522128e-05
8337,vertical,6.4000000000000004,537,3.2000000000000012e-05,2.1151327163483128e-05,8.733246354015042e-05
8338,vertical,6.4000000000000004,538,3.2000000000000005e-05,2.1151327163483128e-05,9.3096340240089837e-05
8339,vertical,6.4000000000000004,539,3.2000000000000005e-05,2.1151327163483128e-05,8.5031889523771515e-05
8340,vertical,6.4000000000000004,540,3.1999999999999999e-05,2.1151327163483125e-05,7.4564218243093017e-05
8341,vertical,6.4000000000000004,541,3.1999999999999999e-05,2.1151327163483125e-05,0.00010274920718041772
8342,vertical,6.4000000000000004,542,3.2000000000000005e-05,2.1151327163483128e-05,9.1737642786093374e-05
8343,vertical,6.4000000000000004,543,3.2000000000000012e-05,2.1151327163483131e-05,7.866562777556159e-05
8344,vertical,6.4000000000000004,544,3.2000000000000005e-05,2.1151327163483125e-05,7.3700750593121771e-05
8345,vertical,6.4000000000000004,545,3.2000000000000005e-05,2.1151327163483125e-05,8.9289967525345653e-05
8346,vertical,6.4000000000000004,546,3.2000000000000005e-05,2.1151327163483128e-05,9.1258131486546314e-05
8347,vertical,6.4000000000000004,547,3.2000000000000005e-05,2.1151327163483128e-05,8.7573893910742299e-05
8348,vertical,6.4000000000000004,548,3.2000000000000005e-05,2.1151327163483128e-05,7.5832270440240245e-05
8349,vertical,6.4000000000000004,549,3.2000000000000012e-05,2.1151327163483128e-05,8.4947561285016632e-05
8350,vertical,6.4000000000000004,550,3.2000000000000012e-05,2.1151327163483128e-05,7.2216595723588854e-05
8351,vertical,6.4000000000000004,551,3.2000000000000012e-05,2.1151327163483128e-05,7.9761635620878546e-05
8352,vertical,6.4000000000000004,552,3.2000000000000012e-05,2.1151327163483128e-05,8.6432882209865587e-05
8353,vertical,6.4000000000000004,553,3.2000000000000012e-05,2.1151327163483128e-05,0.00010359633511175272
8354,vertical,6.4000000000000004,554,3.2000000000000005e-05,2.1151327163483128e-05,7.1797733058831618e-05
8355,vertical,6.4000000000000004,555,3.2000000000000005e-05,2.1151327163483128e-05,6.3053651902163755e-05
8356,vertical,6.4000000000000004,556,3.2000000000000005e-05,2.1151327163483128e-05,9.4025368889591815e-05
8357,vertical,6.4000000000000004,557,3.2000000000000005e-05,2.1151327163483125e-05,6.3176694509659234e-05
8358,vertical,6.4000000000000004,558,3.2000000000000012e-05,2.1151327163483128e-05,7.3208008709320409e-05
8359,vertical,6.4000000000000004,559,3.2000000000000012e-05,2.1151327163483131e-05,8.928017187926371e-05
8360,vertical,6.4000000000000004,560,3.1999999999999999e-05,2.1151327163483125e-05,8.6764094082996424e-05
8361,vertical,6.4000000000000004,561,3.1999999999999999e-05,2.1151327163483125e-05,6.9155493136577035e-05
8362,vertical,6.4000000000000004,562,3.2000000000000005e-05,2.1151327163483125e-05,9.5689737478701762e-05
8363,vertical,6.4000000000000004,563,3.2000000000000005e-05,2.1151327163483125e-05,8.2094533865208148e-05
8364,vertical,6.4000000000000004,564,3.2000000000000005e-05,2.1151327163483128e-05,7.2350909940036335e-05
8365,vertical,6.4000000000000004,565,3.2000000000000005e-05,2.1151327163483128e-05,7.7099825311270349e-05
8366,vertical,6.4000000000000004,566,3.2000000000000005e-05,2.1151327163483128e-05,7.3275530365662079e-05
8367,vertical,6.4000000000000004,567,3.2000000000000005e-05,2.1151327163483128e-05,8.402806124075562e-05
8368,vertical,6.4000000000000004,568,3.2000000000000019e-05,2.1151327163483131e-05,8.8040642881177943e-05
8369,vertical,6.4000000000000004,569,3.2000000000000012e-05,2.1151327163483128e-05,6.9704549755785609e-05
8370,vertical,6.4000000000000004,570,3.1999999999999999e-05,2.1151327163483125e-05,8.5830950280699816e-05
8371,vertical,6.4000000000000004,571,3.2000000000000012e-05,2.1151327163483128e-05,8.7676139634610358e-05
8372,vertical,6.4000000000000004,572,3.2000000000000012e-05,2.1151327163483128e-05,6.5001651890975482e-05
8373,vertical,6.4000000000000004,573,3.2000000000000012e-05,2.1151327163483128e-05,9.6058393664270596e-05
8374,vertical,6.4000000000000004,574,3.2000000000000005e-05,2.1151327163483125e-05,6.825383566838952e-05
8375,vertical,6.4000000000000004,575,3.2000000000000012e-05,2.1151327163483131e-05,9.211553327591058e-05
8376,vertical,6.4000000000000004,576,3.2000000000000005e-05,2.1151327163483128e-05,8.2494908654888718e-05
8377,vertical,6.4000000000000004,577,3.2000000000000012e-05,2.1151327163483128e-05,8.11030945071387e-05
8378,vertical,6.4000000000000004,578,3.2000000000000019e-05,2.1151327163483128e-05,0.00010070959064648353
8379,vertical,6.4000000000000004,579,3.2000000000000005e-05,2.1151327163483128e-05,7.7454993633397181e-05
8380,vertical,6.4000000000000004,580,3.2000000000000012e-05,2.1151327163483128e-05,6.944659227234869e-05
8381,vertical,6.4000000000000004,581,3.2000000000000012e-05,2.1151327163483128e-05,6.7872914873971343e-05
8382,vertical,6.4000000000000004,582,3.2000000000000012e-05,2.1151327163483128e-05,7.7045316891542783e-05
8383,vertical,6.4000000000000004,583,3.2000000000000005e-05,2.1151327163483128e-05,6.8268246312724914e-05
8384,vertical,6.4000000000000004,584,3.2000000000000005e-05,2.1151327163483125e-05,7.6518592489313106e-05
8385,vertical,6.4000000000000004,585,3.2000000000000005e-05,2.1151327163483128e-05,7.0693473838967719e-05
8386,vertical,6.4000000000000004,586,3.2000000000000012e-05,2.1151327163483128e-05,8.5596475564647583e-05
8387,vertical,6.4000000000000004,587,3.2000000000000005e-05,2.1151327163483128e-05,7.7291733405942425e-05
8388,vertical,6.4000000000000004,588,3.2000000000000005e-05,2.1151327163483128e-05,9.1176994660230125e-05
8389,vertical,6.4000000000000004,589,3.2000000000000005e-05,2.1151327163483128e-05,8.1491219741533573e-05
8390,vertical,6.4000000000000004,590,3.2000000000000005e-05,2.1151327163483128e-05,8.8197156029402949e-05
8391,vertical,6.4000000000000004,591,3.2000000000000005e-05,2.1151327163483125e-05,9.6134170467193731e-05
8392,vertical,6.4000000000000004,592,3.2000000000000005e-05,2.1151327163483128e-05,8.9329985475051604e-05
8393,vertical,6.4000000000000004,593,3.2000000000000012e-05,2.1151327163483131e-05,6.7871112625810765e-05
8394,vertical,6.4000000000000004,594,3.2000000000000005e-05,2.1151327163483128e-05,7.3916649905415415e-05
8395,vertical,6.4000000000000004,595,3.2000000000000005e-05,2.1151327163483125e-05,6.5018317856142157e-05
8396,vertical,6.4000000000000004,596,3.2000000000000005e-05,2.1151327163483128e-05,8.1143515765532881e-05
8397,vertical,6.4000000000000004,597,3.1999999999999999e-05,2.1151327163483125e-05,9.9954274272796368e-05
8398,vertical,6.4000000000000004,598,3.1999999999999999e-05,2.1151327163483125e-05,8.2095631726951192e-05
8399,vertical,6.4000000000000004,599,3.2000000000000012e-05,2.1151327163483128e-05,8.1169372342353315e-05
8400,vertical,6.4000000000000004,600,3.2000000000000005e-05,2.1151327163483128e-05,7.8685535924577865e-05
8401,vertical,9.0500000000000007,1,4.5250000000000002e-05,2.9909298567112857e-05,0.00012239597874549047
8402,vertical,9.0500000000000007,2,4.5250000000000002e-05,2.9909298567112854e-05,0.00011453334107874224
8403,vertical,9.0500000000000007,3,4.5250000000000009e-05,2.9909298567112857e-05,9.7810054738881017e-05
8404,vertical,9.0500000000000007,4,4.5250000000000002e-05,2.9909298567112857e-05,8.5315245422752059e-05
8405,vertical,9.0500000000000007,5,4.5250000000000016e-05,2.9909298567112864e-05,0.00012624257288470944
8406,vertical,9.0500000000000007,6,4.5249999999999995e-05,2.9909298567112854e-05,0.00013269086110894482
8407,vertical,9.0500000000000007,7,4.5250000000000002e-05,2.9909298567112857e-05,0.00011413883123578657
8408,vertical,9.0500000000000007,8,4.5250000000000009e-05,2.9909298567112864e-05,0.00013873010124638394
8409,vertical,9.0500000000000007,9,4.5250000000000016e-05,2.9909298567112864e-05,0.00011498381603142426
8410,vertical,9.0500000000000007,10,4.5250000000000016e-05,2.9909298567112857e-05,0.00010686952158688394
8411,vertical,9.0500000000000007,11,4.5250000000000016e-05,2.9909298567112861e-05,0.00012553129759515169
8412,vertical,9.0500000000000007,12,4.5250000000000016e-05,2.9909298567112864e-05,0.00011129510448219611
8413,vertical,9.0500000000000007,13,4.5250000000000016e-05,2.9909298567112864e-05,0.00011585733901378209
8414,vertical,9.0500000000000007,14,4.5250000000000009e-05,2.9909298567112864e-05,0.00012565214634510446
8415,vertical,9.0500000000000007,15,4.5250000000000016e-05,2.9909298567112864e-05,0.0001181231777950434
8416,vertical,9.0500000000000007,16,4.5250000000000009e-05,2.9909298567112857e-05,0.00012817471225433645
8417,vertical,9.0500000000000007,17,4.5250000000000016e-05,2.9909298567112864e-05,9.4577653676024739e-05
8418,vertical,9.0500000000000007,18,4.5250000000000009e-05,2.9909298567112857e-05,0.00014837865173530091
8419,vertical,9.0500000000000007,19,4.5250000000000002e-05,2.9909298567112864e-05,0.0001031862057618462
8420,vertical,9.0500000000000007,20,4.5250000000000009e-05,2.9909298567112864e-05,0.00011685046784235265
8421,vertical,9.0500000000000007,21,4.5250000000000009e-05,2.9909298567112857e-05,0.00017553943717824088
8422,vertical,9.0500000000000007,22,4.5250000000000016e-05,2.9909298567112864e-05,0.00011825106036659242
8423,vertical,9.0500000000000007,23,4.5249999999999995e-05,2.9909298567112854e-05,0.0001037152212563396
8424,vertical,9.0500000000000007,24,4.5249999999999995e-05,2.9909298567112857e-05,0.00011433799667608624
8425,vertical,9.0500000000000007,25,4.5250000000000016e-05,2.9909298567112864e-05,9.3890133929586833e-05
8426,vertical,9.0500000000000007,26,4.5250000000000002e-05,2.9909298567112857e-05,0.00011263264774588906
8427,vertical,9.0500000000000007,27,4.5250000000000009e-05,2.9909298567112857e-05,0.00010998783612174765
8428,vertical,9.0500000000000007,28,4.5249999999999995e-05,2.9909298567112854e-05,0.00011221915013708102
8429,vertical,9.0500000000000007,29,4.5250000000000016e-05,2.9909298567112857e-05,0.00013557171061443084
8430,vertical,9.0500000000000007,30,4.5250000000000009e-05,2.9909298567112857e-05,0.00011169065148278243
8431,vertical,9.0500000000000007,31,4.5250000000000016e-05,2.9909298567112864e-05,0.00011002431961933755
8432,vertical,9.0500000000000007,32,4.5250000000000016e-05,2.9909298567112864e-05,0.00011240847463451947
8433,vertical,9.0500000000000007,33,4.5250000000000002e-05,2.9909298567112864e-05,9.6524471631850747e-05
8434,vertical,9.0500000000000007,34,4.5250000000000016e-05,2.9909298567112857e-05,0.00010536483536344055
8435,vertical,9.0500000000000007,35,4.5249999999999995e-05,2.9909298567112857e-05,9.0045352635628891e-05
8436,vertical,9.0500000000000007,36,4.5249999999999995e-05,2.9909298567112854e-05,0.00011026864528013954
8437,vertical,9.0500000000000007,37,4.5250000000000009e-05,2.9909298567112861e-05,0.00011896833086263421
8438,vertical,9.0500000000000007,38,4.5249999999999995e-05,2.9909298567112854e-05,0.00016162406813451558
8439,vertical,9.0500000000000007,39,4.5250000000000009e-05,2.9909298567112864e-05,0.00010692540015891113
8440,vertical,9.0500000000000007,40,4.5250000000000002e-05,2.9909298567112857e-05,0.00010712453572412748
8441,vertical,9.0500000000000007,41,4.5250000000000009e-05,2.9909298567112861e-05,0.00012634157432713647
8442,vertical,9.0500000000000007,42,4.5250000000000002e-05,2.9909298567112857e-05,0.000100733976055552
8443,vertical,9.0500000000000007,43,4.5250000000000009e-05,2.9909298567112861e-05,8.9400702731145306e-05
8444,vertical,9.0500000000000007,44,4.5249999999999995e-05,2.9909298567112857e-05,0.00011785971630316435
8445,vertical,9.0500000000000007,45,4.5250000000000016e-05,2.9909298567112861e-05,0.00013322778127195255
8446,vertical,9.0500000000000007,46,4.5250000000000002e-05,2.9909298567112861e-05,0.00011385896139674763
8447,vertical,9.0500000000000007,47,4.5250000000000009e-05,2.9909298567112857e-05,0.00012268079065366839
8448,vertical,9.0500000000000007,48,4.5250000000000009e-05,2.9909298567112864e-05,0.00011229078193989746
8449,vertical,9.0500000000000007,49,4.5250000000000016e-05,2.9909298567112864e-05,0.00010591210914934351
8450,vertical,9.0500000000000007,50,4.5250000000000009e-05,2.9909298567112864e-05,0.00011501901730359323
8451,vertical,9.0500000000000007,51,4.5250000000000009e-05,2.9909298567112861e-05,8.878151749738887e-05
8452,vertical,9.0500000000000007,52,4.5249999999999995e-05,2.9909298567112857e-05,0.00010354625554893889
8453,vertical,9.0500000000000007,53,4.5250000000000009e-05,2.9909298567112857e-05,9.0762858318023653e-05
8454,vertical,9.0500000000000007,54,4.5250000000000016e-05,2.9909298567112864e-05,0.00010227265414525618
8455,vertical,9.0500000000000007,55,4.5250000000000009e-05,2.9909298567112857e-05,9.8910311430841944e-05
8456,vertical,9.0500000000000007,56,4.5250000000000016e-05,2.9909298567112857e-05,0.00012003687535151843
8457,vertical,9.0500000000000007,57,4.5250000000000016e-05,2.9909298567112861e-05,0.00010675837923304119
8458,vertical,9.0500000000000007,58,4.5250000000000009e-05,2.9909298567112864e-05,0.00013480095434170535
8459,vertical,9.0500000000000007,59,4.5249999999999995e-05,2.9909298567112857e-05,0.00011037766670301035
8460,vertical,9.0500000000000007,60,4.5250000000000016e-05,2.9909298567112861e-05,0.00010288161445464193
8461,vertical,9.0500000000000007,61,4.5250000000000002e-05,2.9909298567112857e-05,8.9150398629194363e-05
8462,vertical,9.0500000000000007,62,4.5250000000000016e-05,2.9909298567112857e-05,0.00011106053115292034
8463,vertical,9.0500000000000007,63,4.5250000000000016e-05,2.9909298567112861e-05,0.00010479004853320251
8464,vertical,9.0500000000000007,64,4.5249999999999995e-05,2.9909298567112857e-05,0.00010503505801632457
8465,vertical,9.0500000000000007,65,4.5250000000000016e-05,2.9909298567112864e-05,0.00010503943008813344
8466,vertical,9.0500000000000007,66,4.5250000000000009e-05,2.9909298567112857e-05,0.00011343237106711075
8467,vertical,9.0500000000000007,67,4.5250000000000016e-05,2.9909298567112864e-05,0.0001057478507618324
8468,vertical,9.0500000000000007,68,4.5250000000000009e-05,2.9909298567112864e-05,0.00010909277182960693
8469,vertical,9.0500000000000007,69,4.5250000000000009e-05,2.9909298567112868e-05,9.8451452961691738e-05
8470,vertical,9.0500000000000007,70,4.5250000000000009e-05,2.9909298567112864e-05,9.5887938446239621e-05
8471,vertical,9.0500000000000007,71,4.5250000000000009e-05,2.9909298567112857e-05,0.00011845978329546606
8472,vertical,9.0500000000000007,72,4.5250000000000016e-05,2.9909298567112864e-05,0.00011288896186989287
8473,vertical,9.0500000000000007,73,4.5250000000000009e-05,2.9909298567112864e-05,8.7368264563969115e-05
8474,vertical,9.0500000000000007,74,4.5250000000000009e-05,2.9909298567112857e-05,8.2733267305590378e-05
8475,vertical,9.0500000000000007,75,4.5250000000000009e-05,2.9909298567112864e-05,0.0001266799241374712
8476,vertical,9.0500000000000007,76,4.5250000000000009e-05,2.9909298567112857e-05,0.00012077380366513829
8477,vertical,9.0500000000000007,77,4.5250000000000002e-05,2.9909298567112857e-05,9.7391013177802087e-05
8478,vertical,9.0500000000000007,78,4.5250000000000009e-05,2.9909298567112857e-05,0.00012581347487229018
8479,vertical,9.0500000000000007,79,4.5250000000000009e-05,2.9909298567112861e-05,0.00011342686270583404
8480,vertical,9.0500000000000007,80,4.5250000000000002e-05,2.9909298567112857e-05,9.7913533022066612e-05
8481,vertical,9.0500000000000007,81,4.5250000000000009e-05,2.9909298567112857e-05,0.00010345470080503706
8482,vertical,9.0500000000000007,82,4.5250000000000009e-05,2.9909298567112861e-05,0.00012311893690400221
8483,vertical,9.0500000000000007,83,4.5250000000000002e-05,2.9909298567112857e-05,0.00011276429512985567
8484,vertical,9.0500000000000007,84,4.5249999999999995e-05,2.9909298567112857e-05,0.00012474915299194692
8485,vertical,9.0500000000000007,85,4.5250000000000016e-05,2.9909298567112864e-05,0.00012290868354638857
8486,vertical,9.0500000000000007,86,4.5250000000000016e-05,2.9909298567112857e-05,0.00011028020678990641
8487,vertical,9.0500000000000007,87,4.5250000000000009e-05,2.9909298567112857e-05,0.00012330896363483765
8488,vertical,9.0500000000000007,88,4.5250000000000002e-05,2.9909298567112857e-05,9.6833156172993523e-05
8489,vertical,9.0500000000000007,89,4.5250000000000016e-05,2.9909298567112857e-05,9.9202189521346726e-05
8490,vertical,9.0500000000000007,90,4.5250000000000009e-05,2.9909298567112857e-05,9.9036306950383329e-05
8491,vertical,9.0500000000000007,91,4.5250000000000009e-05,2.9909298567112864e-05,0.00013726301498364984
8492,vertical,9.0500000000000007,92,4.5250000000000009e-05,2.9909298567112864e-05,0.00011362870152280942
8493,vertical,9.0500000000000007,93,4.5250000000000016e-05,2.9909298567112864e-05,9.2834693666908364e-05
8494,vertical,9.0500000000000007,94,4.5250000000000009e-05,2.9909298567112861e-05,9.1984906412326278e-05
8495,vertical,9.0500000000000007,95,4.5250000000000016e-05,2.9909298567112861e-05,9.5941177860503176e-05
8496,vertical,9.0500000000000007,96,4.5250000000000009e-05,2.9909298567112864e-05,0.00012409609405174667
8497,vertical,9.0500000000000007,97,4.5250000000000009e-05,2.9909298567112861e-05,9.6814940475890238e-05
8498,vertical,9.0500000000000007,98,4.5250000000000016e-05,2.9909298567112864e-05,0.00011672897819160271
8499,vertical,9.0500000000000007,99,4.5250000000000009e-05,2.9909298567112857e-05,0.0001112757390087155
8500,vertical,9.0500000000000007,100,4.5250000000000009e-05,2.9909298567112857e-05,0.00011570206667210504
8501,vertical,9.0500000000000007,101,4.5250000000000016e-05,2.9909298567112864e-05,0.00010379469242856371
8502,vertical,9.0500000000000007,102,4.5249999999999995e-05,2.9909298567112857e-05,0.00011929808457037332
8503,vertical,9.0500000000000007,103,4.5250000000000009e-05,2.9909298567112857e-05,8.6551243024331445e-05
8504,vertical,9.0500000000000007,104,4.5250000000000009e-05,2.9909298567112857e-05,0.00010987361046037955
8505,vertical,9.0500000000000007,105,4.5250000000000009e-05,2.9909298567112864e-05,0.00010223462119808974
8506,vertical,9.0500000000000007,106,4.5249999999999995e-05,2.9909298567112854e-05,0.00010669742690043599
8507,vertical,9.0500000000000007,107,4.5250000000000009e-05,2.9909298567112857e-05,0.00013504998016463887
8508,vertical,9.0500000000000007,108,4.5250000000000009e-05,2.9909298567112857e-05,0.00010476482810260727
8509,vertical,9.0500000000000007,109,4.5250000000000009e-05,2.9909298567112864e-05,0.00014497863341125504
8510,vertical,9.0500000000000007,110,4.5250000000000016e-05,2.9909298567112857e-05,0.00010178547974893673
8511,vertical,9.0500000000000007,111,4.5250000000000016e-05,2.9909298567112861e-05,0.00010301263507949187
8512,vertical,9.0500000000000007,112,4.5250000000000009e-05,2.9909298567112861e-05,0.00011518427494531933
8513,vertical,9.0500000000000007,113,4.5250000000000009e-05,2.9909298567112857e-05,9.4287043854081228e-05
8514,vertical,9.0500000000000007,114,4.5250000000000016e-05,2.9909298567112864e-05,0.00010102063868865493
8515,vertical,9.0500000000000007,115,4.5250000000000016e-05,2.9909298567112864e-05,0.00010558561477473074
8516,vertical,9.0500000000000007,116,4.5250000000000009e-05,2.9909298567112857e-05,9.6011289287437266e-05
8517,vertical,9.0500000000000007,117,4.5250000000000009e-05,2.9909298567112857e-05,0.00010310737856833377
8518,vertical,9.0500000000000007,118,4.5250000000000016e-05,2.9909298567112864e-05,9.7080422877283889e-05
8519,vertical,9.0500000000000007,119,4.5250000000000009e-05,2.9909298567112864e-05,0.00010988235674410546
8520,vertical,9.0500000000000007,120,4.5250000000000029e-05,2.9909298567112864e-05,0.00011424012360636262
8521,vertical,9.0500000000000007,121,4.5250000000000009e-05,2.9909298567112864e-05,0.00010826854139523386
8522,vertical,9.0500000000000007,122,4.5250000000000009e-05,2.9909298567112864e-05,0.00011640293181949116
8523,vertical,9.0500000000000007,123,4.5250000000000002e-05,2.9909298567112857e-05,9.1743559086181897e-05
8524,vertical,9.0500000000000007,124,4.5250000000000009e-05,2.9909298567112864e-05,0.00011384907751386608
8525,vertical,9.0500000000000007,125,4.5250000000000016e-05,2.9909298567112864e-05,0.00010365035282688296
8526,vertical,9.0500000000000007,126,4.5250000000000002e-05,2.9909298567112857e-05,0.00010297452331767306
8527,vertical,9.0500000000000007,127,4.5250000000000016e-05,2.9909298567112864e-05,0.00010227402268302353
8528,vertical,9.0500000000000007,128,4.5250000000000009e-05,2.9909298567112864e-05,0.00010635384853477466
8529,vertical,9.0500000000000007,129,4.5250000000000009e-05,2.9909298567112857e-05,0.00013216472263249623
8530,vertical,9.0500000000000007,130,4.5250000000000016e-05,2.9909298567112861e-05,0.00010287029451069434
8531,vertical,9.0500000000000007,131,4.5250000000000009e-05,2.9909298567112857e-05,8.790455713324834e-05
8532,vertical,9.0500000000000007,132,4.5250000000000016e-05,2.9909298567112864e-05,0.00012606371725473064
8533,vertical,9.0500000000000007,133,4.5250000000000009e-05,2.9909298567112857e-05,0.00011045743739530674
8534,vertical,9.0500000000000007,134,4.5250000000000002e-05,2.9909298567112857e-05,0.0001363178432960214
8535,vertical,9.0500000000000007,135,4.5249999999999995e-05,2.9909298567112857e-05,0.00010045369775672732
8536,vertical,9.0500000000000007,136,4.5250000000000009e-05,2.9909298567112854e-05,0.00012894600194486195
8537,vertical,9.0500000000000007,137,4.5249999999999995e-05,2.9909298567112854e-05,9.8159978337785316e-05
8538,vertical,9.0500000000000007,138,4.5250000000000016e-05,2.9909298567112864e-05,0.00013683095838108589
8539,vertical,9.0500000000000007,139,4.5249999999999995e-05,2.9909298567112857e-05,0.00011578940697366233
8540,vertical,9.0500000000000007,140,4.5250000000000009e-05,2.9909298567112861e-05,0.000124505155269964
8541,vertical,9.0500000000000007,141,4.5250000000000016e-05,2.9909298567112857e-05,9.1968602111545258e-05
8542,vertical,9.0500000000000007,142,4.5250000000000016e-05,2.9909298567112864e-05,0.00013272037847470222
8543,vertical,9.0500000000000007,143,4.5250000000000016e-05,2.9909298567112861e-05,0.00010213388640872106
8544,vertical,9.0500000000000007,144,4.5250000000000009e-05,2.9909298567112857e-05,0.00011655534375453494
8545,vertical,9.0500000000000007,145,4.5250000000000009e-05,2.9909298567112857e-05,0.00012222460788539525
8546,vertical,9.0500000000000007,146,4.5250000000000016e-05,2.9909298567112864e-05,9.7560666907861774e-05
8547,vertical,9.0500000000000007,147,4.5250000000000016e-05,2.9909298567112864e-05,0.00012755876267932627
8548,vertical,9.0500000000000007,148,4.5250000000000016e-05,2.9909298567112864e-05,0.00011612349622205653
8549,vertical,9.0500000000000007,149,4.5250000000000002e-05,2.9909298567112857e-05,0.00011492155409307692
8550,vertical,9.0500000000000007,150,4.5250000000000009e-05,2.9909298567112864e-05,0.00013862469187055806
8551,vertical,9.0500000000000007,151,4.5250000000000009e-05,2.9909298567112857e-05,0.0001203527686786936
8552,vertical,9.0500000000000007,152,4.5250000000000016e-05,2.9909298567112864e-05,0.0001177005468943391
8553,vertical,9.0500000000000007,153,4.5250000000000016e-05,2.9909298567112864e-05,0.00010686939063606897
8554,vertical,9.0500000000000007,154,4.5250000000000002e-05,2.9909298567112857e-05,9.5353543487042364e-05
8555,vertical,9.0500000000000007,155,4.5250000000000009e-05,2.9909298567112861e-05,0.00013089604133318682
8556,vertical,9.0500000000000007,156,4.5250000000000016e-05,2.9909298567112864e-05,0.00011017841180359983
8557,vertical,9.0500000000000007,157,4.5250000000000009e-05,2.9909298567112857e-05,9.8984876997624546e-05
8558,vertical,9.0500000000000007,158,4.5250000000000016e-05,2.9909298567112861e-05,8.924487657636129e-05
8559,vertical,9.0500000000000007,159,4.5250000000000016e-05,2.9909298567112861e-05,0.00013450847658218049
8560,vertical,9.0500000000000007,160,4.5250000000000009e-05,2.9909298567112857e-05,0.00011052076978832085
8561,vertical,9.0500000000000007,161,4.5250000000000002e-05,2.9909298567112857e-05,0.00011057035888645249
8562,vertical,9.0500000000000007,162,4.5250000000000022e-05,2.9909298567112864e-05,9.4997350518437855e-05
8563,vertical,9.0500000000000007,163,4.5250000000000016e-05,2.9909298567112864e-05,0.00013284439363920458
8564,vertical,9.0500000000000007,164,4.5249999999999995e-05,2.9909298567112854e-05,0.00010170696407108096
8565,vertical,9.0500000000000007,165,4.5250000000000009e-05,2.9909298567112857e-05,0.0001045885516367695
8566,vertical,9.0500000000000007,166,4.5250000000000009e-05,2.9909298567112864e-05,0.00010754814236941067
8567,vertical,9.0500000000000007,167,4.5249999999999995e-05,2.9909298567112857e-05,9.417730422167818e-05
8568,vertical,9.0500000000000007,168,4.5250000000000002e-05,2.9909298567112861e-05,0.00011493705639985374
8569,vertical,9.0500000000000007,169,4.5250000000000002e-05,2.9909298567112857e-05,0.0001064029299345307
8570,vertical,9.0500000000000007,170,4.5250000000000016e-05,2.9909298567112864e-05,0.00011657637883837963
8571,vertical,9.0500000000000007,171,4.5250000000000002e-05,2.9909298567112854e-05,0.00012315970304519128
8572,vertical,9.0500000000000007,172,4.5250000000000009e-05,2.9909298567112854e-05,0.0001738456788563911
8573,vertical,9.0500000000000007,173,4.5250000000000009e-05,2.9909298567112864e-05,0.00011749033944396312
8574,vertical,9.0500000000000007,174,4.5250000000000016e-05,2.9909298567112864e-05,0.00014514639947505533
8575,vertical,9.0500000000000007,175,4.5250000000000029e-05,2.9909298567112864e-05,0.00010711642058539902
8576,vertical,9.0500000000000007,176,4.5250000000000016e-05,2.9909298567112857e-05,0.00012083976379560173
8577,vertical,9.0500000000000007,177,4.5249999999999995e-05,2.9909298567112857e-05,0.00010027552563909269
8578,vertical,9.0500000000000007,178,4.5250000000000002e-05,2.9909298567112857e-05,0.00010359737346182161
8579,vertical,9.0500000000000007,179,4.5250000000000016e-05,2.9909298567112861e-05,0.00015618924043829451
8580,vertical,9.0500000000000007,180,4.5250000000000016e-05,2.9909298567112857e-05,0.00013809658957357441
8581,vertical,9.0500000000000007,181,4.5250000000000016e-05,2.9909298567112864e-05,0.0001095093451148302
8582,vertical,9.0500000000000007,182,4.5250000000000016e-05,2.9909298567112864e-05,0.00010981210921169642
8583,vertical,9.0500000000000007,183,4.5250000000000016e-05,2.9909298567112864e-05,0.00010874423429825127
8584,vertical,9.0500000000000007,184,4.5250000000000016e-05,2.9909298567112864e-05,0.00010235402268073024
8585,vertical,9.0500000000000007,185,4.5250000000000009e-05,2.9909298567112861e-05,9.1926903460097696e-05
8586,vertical,9.0500000000000007,186,4.5250000000000016e-05,2.9909298567112861e-05,0.00010390107026143725
8587,vertical,9.0500000000000007,187,4.5250000000000016e-05,2.9909298567112864e-05,0.00010583296701199632
8588,vertical,9.0500000000000007,188,4.5250000000000016e-05,2.9909298567112857e-05,9.4048180687926377e-05
8589,vertical,9.0500000000000007,189,4.5250000000000009e-05,2.9909298567112857e-05,9.5794168900229372e-05
8590,vertical,9.0500000000000007,190,4.5250000000000016e-05,2.9909298567112864e-05,0.00013372122370062573
8591,vertical,9.0500000000000007,191,4.5249999999999995e-05,2.9909298567112854e-05,0.00010554212903755703
8592,vertical,9.0500000000000007,192,4.5250000000000009e-05,2.9909298567112864e-05,9.8744586921710304e-05
8593,vertical,9.0500000000000007,193,4.5250000000000016e-05,2.9909298567112864e-05,0.00011778709506061977
8594,vertical,9.0500000000000007,194,4.5250000000000009e-05,2.9909298567112861e-05,0.0001136042497359767
8595,vertical,9.0500000000000007,195,4.5250000000000009e-05,2.9909298567112861e-05,0.00011939323855148882
8596,vertical,9.0500000000000007,196,4.5250000000000009e-05,2.9909298567112861e-05,9.6399368010852189e-05
8597,vertical,9.0500000000000007,197,4.5250000000000009e-05,2.9909298567112864e-05,0.00012586794658864375
8598,vertical,9.0500000000000007,198,4.5250000000000002e-05,2.9909298567112857e-05,0.00010061065780033968
8599,vertical,9.0500000000000007,199,4.5250000000000009e-05,2.9909298567112857e-05,9.1934293664003302e-05
8600,vertical,9.0500000000000007,200,4.5249999999999995e-05,2.9909298567112857e-05,0.0001130027448064744
8601,vertical,9.0500000000000007,201,4.5250000000000016e-05,2.9909298567112861e-05,0.00012778772485165133
8602,vertical,9.0500000000000007,202,4.5249999999999995e-05,2.9909298567112857e-05,9.2577862222701445e-05
8603,vertical,9.0500000000000007,203,4.5250000000000009e-05,2.9909298567112857e-05,0.00011952278703550419
8604,vertical,9.0500000000000007,204,4.5250000000000009e-05,2.9909298567112857e-05,0.00011838529565961468
8605,vertical,9.0500000000000007,205,4.5250000000000016e-05,2.9909298567112861e-05,0.00011646563588636291
8606,vertical,9.0500000000000007,206,4.5250000000000009e-05,2.9909298567112857e-05,0.00010506505592393772
8607,vertical,9.0500000000000007,207,4.5250000000000009e-05,2.9909298567112857e-05,0.00010317566025270818
8608,vertical,9.0500000000000007,208,4.5250000000000016e-05,2.9909298567112864e-05,0.00011965715617771067
8609,vertical,9.0500000000000007,209,4.5250000000000009e-05,2.9909298567112857e-05,0.00010748898390504903
8610,vertical,9.0500000000000007,210,4.5250000000000009e-05,2.9909298567112857e-05,0.00012622866277101985
8611,vertical,9.0500000000000007,211,4.5250000000000016e-05,2.9909298567112864e-05,0.00012575861047510827
8612,vertical,9.0500000000000007,212,4.5250000000000016e-05,2.9909298567112868e-05,0.00012176259818938926
8613,vertical,9.0500000000000007,213,4.5250000000000016e-05,2.9909298567112864e-05,8.5661680190913243e-05
8614,vertical,9.0500000000000007,214,4.5250000000000016e-05,2.9909298567112864e-05,9.8329047786525916e-05
8615,vertical,9.0500000000000007,215,4.5249999999999995e-05,2.9909298567112857e-05,0.00013385830718245912
8616,vertical,9.0500000000000007,216,4.5250000000000016e-05,2.9909298567112864e-05,9.0497883362038409e-05
8617,vertical,9.0500000000000007,217,4.5250000000000009e-05,2.9909298567112857e-05,8.7652214420159383e-05
8618,vertical,9.0500000000000007,218,4.5250000000000016e-05,2.9909298567112868e-05,0.00010588971426677056
8619,vertical,9.0500000000000007,219,4.5250000000000009e-05,2.9909298567112857e-05,0.00011615921042043861
8620,vertical,9.0500000000000007,220,4.5250000000000016e-05,2.9909298567112864e-05,8.6593077588428984e-05
8621,vertical,9.0500000000000007,221,4.5250000000000009e-05,2.9909298567112857e-05,0.00011699591293045011
8622,vertical,9.0500000000000007,222,4.5250000000000016e-05,2.9909298567112864e-05,0.0001004101088378098
8623,vertical,9.0500000000000007,223,4.5250000000000016e-05,2.9909298567112861e-05,0.00012096187538399597
8624,vertical,9.0500000000000007,224,4.5250000000000016e-05,2.9909298567112864e-05,0.00010733178558796853
8625,vertical,9.0500000000000007,225,4.5249999999999995e-05,2.9909298567112857e-05,0.00010530891418014193
8626,vertical,9.0500000000000007,226,4.5250000000000009e-05,2.9909298567112864e-05,0.00010768740240864646
8627,vertical,9.0500000000000007,227,4.5250000000000009e-05,2.9909298567112857e-05,0.00012122395807390668
8628,vertical,9.0500000000000007,228,4.5250000000000016e-05,2.9909298567112864e-05,0.00010514875251968417
8629,vertical,9.0500000000000007,229,4.5250000000000016e-05,2.9909298567112864e-05,0.00012306909044280831
8630,vertical,9.0500000000000007,230,4.5250000000000009e-05,2.9909298567112864e-05,0.00012182333177590554
8631,vertical,9.0500000000000007,231,4.5249999999999995e-05,2.9909298567112861e-05,0.00013189636274000109
8632,vertical,9.0500000000000007,232,4.5250000000000016e-05,2.9909298567112861e-05,8.595055915692824e-05
8633,vertical,9.0500000000000007,233,4.5250000000000022e-05,2.9909298567112857e-05,0.00015346390074711319
8634,vertical,9.0500000000000007,234,4.5250000000000016e-05,2.9909298567112864e-05,8.3820999397624492e-05
8635,vertical,9.0500000000000007,235,4.5250000000000016e-05,2.9909298567112861e-05,0.00010385660315296228
8636,vertical,9.0500000000000007,236,4.5250000000000016e-05,2.9909298567112864e-05,0.00012280956463142509
8637,vertical,9.0500000000000007,237,4.5250000000000016e-05,2.9909298567112864e-05,9.2230221601420498e-05
8638,vertical,9.0500000000000007,238,4.5250000000000009e-05,2.9909298567112857e-05,0.00011054297558709048
8639,vertical,9.0500000000000007,239,4.5249999999999995e-05,2.9909298567112857e-05,0.00011446078720645924
8640,vertical,9.0500000000000007,240,4.5250000000000009e-05,2.9909298567112857e-05,0.00011839379855171709
8641,vertical,9.0500000000000007,241,4.5250000000000009e-05,2.9909298567112857e-05,9.2480687707499707e-05
8642,vertical,9.0500000000000007,242,4.5250000000000009e-05,2.9909298567112851e-05,0.00012404975826228826
8643,vertical,9.0500000000000007,243,4.5250000000000002e-05,2.9909298567112857e-05,9.7758342765960304e-05
8644,vertical,9.0500000000000007,244,4.5250000000000009e-05,2.9909298567112861e-05,9.7761356771321594e-05
8645,vertical,9.0500000000000007,245,4.5250000000000009e-05,2.9909298567112864e-05,0.00011055942209950079
8646,vertical,9.0500000000000007,246,4.5250000000000016e-05,2.9909298567112864e-05,9.3359875018000208e-05
8647,vertical,9.0500000000000007,247,4.5250000000000016e-05,2.9909298567112861e-05,0.00014002726069776896
8648,vertical,9.0500000000000007,248,4.5250000000000009e-05,2.9909298567112857e-05,0.00010457703862741808
8649,vertical,9.0500000000000007,249,4.5250000000000016e-05,2.9909298567112864e-05,0.00014934513168844525
8650,vertical,9.0500000000000007,250,4.5250000000000009e-05,2.9909298567112861e-05,0.00011571022090346412
8651,vertical,9.0500000000000007,251,4.5250000000000016e-05,2.9909298567112857e-05,8.6831094996642859e-05
8652,vertical,9.0500000000000007,252,4.5250000000000016e-05,2.9909298567112861e-05,0.00013053561896342691
8653,vertical,9.0500000000000007,253,4.5250000000000002e-05,2.9909298567112857e-05,0.00011146016245029949
8654,vertical,9.0500000000000007,254,4.5250000000000002e-05,2.9909298567112857e-05,9.4338194953004359e-05
8655,vertical,9.0500000000000007,255,4.5250000000000009e-05,2.9909298567112857e-05,0.00013183964507954628
8656,vertical,9.0500000000000007,256,4.5250000000000009e-05,2.9909298567112861e-05,0.00010468643329123024
8657,vertical,9.0500000000000007,257,4.5249999999999995e-05,2.9909298567112854e-05,0.00013949453218931022
8658,vertical,9.0500000000000007,258,4.5250000000000016e-05,2.9909298567112868e-05,0.00013687925781565962
8659,vertical,9.0500000000000007,259,4.5249999999999995e-05,2.9909298567112857e-05,0.00013073378436650936
8660,vertical,9.0500000000000007,260,4.5250000000000009e-05,2.9909298567112864e-05,0.00010509417585267129
8661,vertical,9.0500000000000007,261,4.5250000000000002e-05,2.9909298567112857e-05,0.00011000618039136487
8662,vertical,9.0500000000000007,262,4.5250000000000009e-05,2.9909298567112861e-05,0.0001056161434339211
8663,vertical,9.0500000000000007,263,4.5250000000000016e-05,2.9909298567112864e-05,0.00011125842557397825
8664,vertical,9.0500000000000007,264,4.5250000000000002e-05,2.9909298567112857e-05,0.00010434279753537056
8665,vertical,9.0500000000000007,265,4.5250000000000016e-05,2.9909298567112864e-05,0.00012153957219301659
8666,vertical,9.0500000000000007,266,4.5249999999999995e-05,2.9909298567112861e-05,0.00013518978022596724
8667,vertical,9.0500000000000007,267,4.5250000000000002e-05,2.9909298567112854e-05,0.00011687546034559905
8668,vertical,9.0500000000000007,268,4.5250000000000016e-05,2.9909298567112868e-05,0.00013537866106963473
8669,vertical,9.0500000000000007,269,4.5250000000000016e-05,2.9909298567112861e-05,9.4285065809573268e-05
8670,vertical,9.0500000000000007,270,4.5250000000000016e-05,2.9909298567112864e-05,0.00011156230660955308
8671,vertical,9.0500000000000007,271,4.5250000000000009e-05,2.9909298567112854e-05,0.0001537628105496797
8672,vertical,9.0500000000000007,272,4.5250000000000002e-05,2.9909298567112857e-05,0.00012056753606749134
8673,vertical,9.0500000000000007,273,4.5250000000000016e-05,2.9909298567112861e-05,0.00011696797331442827
8674,vertical,9.0500000000000007,274,4.5250000000000009e-05,2.9909298567112864e-05,9.4727193341992091e-05
8675,vertical,9.0500000000000007,275,4.5250000000000016e-05,2.9909298567112857e-05,9.5764983602629941e-05
8676,vertical,9.0500000000000007,276,4.5250000000000016e-05,2.9909298567112864e-05,0.00012808397436360103
8677,vertical,9.0500000000000007,277,4.5250000000000002e-05,2.9909298567112857e-05,9.0081863572054219e-05
8678,vertical,9.0500000000000007,278,4.5250000000000009e-05,2.9909298567112864e-05,0.00011809574947876884
8679,vertical,9.0500000000000007,279,4.5250000000000009e-05,2.9909298567112861e-05,0.0001101801178963105
8680,vertical,9.0500000000000007,280,4.5250000000000009e-05,2.9909298567112861e-05,0.00010581986035974693
8681,vertical,9.0500000000000007,281,4.5250000000000002e-05,2.9909298567112857e-05,0.0001042551656232537
8682,vertical,9.0500000000000007,282,4.5250000000000009e-05,2.9909298567112861e-05,0.00012747533151875382
8683,vertical,9.0500000000000007,283,4.5250000000000002e-05,2.9909298567112864e-05,0.00010327377884907405
8684,vertical,9.0500000000000007,284,4.5250000000000009e-05,2.9909298567112864e-05,0.00013217810756065431
8685,vertical,9.0500000000000007,285,4.5250000000000009e-05,2.9909298567112857e-05,0.00012962909146589687
8686,vertical,9.0500000000000007,286,4.5250000000000009e-05,2.9909298567112864e-05,0.00010195471161974267
8687,vertical,9.0500000000000007,287,4.5250000000000009e-05,2.9909298567112861e-05,0.00012194829067280129
8688,vertical,9.0500000000000007,288,4.5250000000000016e-05,2.9909298567112861e-05,9.2731312137187439e-05
8689,vertical,9.0500000000000007,289,4.5250000000000016e-05,2.9909298567112864e-05,9.8950851003922394e-05
8690,vertical,9.0500000000000007,290,4.5250000000000009e-05,2.9909298567112861e-05,0.00010713732069638057
8691,vertical,9.0500000000000007,291,4.5249999999999995e-05,2.9909298567112857e-05,9.953018601430478e-05
8692,vertical,9.0500000000000007,292,4.5250000000000009e-05,2.9909298567112857e-05,0.00010327010053528317
8693,vertical,9.0500000000000007,293,4.5250000000000009e-05,2.9909298567112857e-05,0.00014172888865874998
8694,vertical,9.0500000000000007,294,4.5249999999999995e-05,2.9909298567112854e-05,0.00010969752363905511
8695,vertical,9.0500000000000007,295,4.5250000000000016e-05,2.9909298567112861e-05,0.00010190112469842861
8696,vertical,9.0500000000000007,296,4.5250000000000016e-05,2.9909298567112864e-05,0.00011026810713062208
8697,vertical,9.0500000000000007,297,4.5250000000000016e-05,2.9909298567112864e-05,0.00010322883049227717
8698,vertical,9.0500000000000007,298,4.5250000000000009e-05,2.9909298567112857e-05,0.00010058917572876448
8699,vertical,9.0500000000000007,299,4.5250000000000016e-05,2.9909298567112861e-05,0.00012277055578742497
8700,vertical,9.0500000000000007,300,4.5250000000000009e-05,2.9909298567112864e-05,0.00010407062702513261
8701,vertical,9.0500000000000007,301,4.5250000000000016e-05,2.9909298567112864e-05,0.00011260224470784468
8702,vertical,9.0500000000000007,302,4.5250000000000002e-05,2.9909298567112854e-05,0.00010862755737314323
8703,vertical,9.0500000000000007,303,4.5250000000000009e-05,2.9909298567112864e-05,0.00012116207101808283
8704,vertical,9.0500000000000007,304,4.5250000000000009e-05,2.9909298567112857e-05,0.00013485780567229692
8705,vertical,9.0500000000000007,305,4.5250000000000016e-05,2.9909298567112864e-05,0.00011858660411238907
8706,vertical,9.0500000000000007,306,4.5249999999999995e-05,2.9909298567112857e-05,0.00013901678733561277
8707,vertical,9.0500000000000007,307,4.5249999999999995e-05,2.9909298567112861e-05,9.5940852472340812e-05
8708,vertical,9.0500000000000007,308,4.5250000000000009e-05,2.9909298567112857e-05,9.3123818801815666e-05
8709,vertical,9.0500000000000007,309,4.5250000000000009e-05,2.9909298567112857e-05,0.00010610907388046878
8710,vertical,9.0500000000000007,310,4.5250000000000016e-05,2.9909298567112857e-05,0.00010020793725236144
8711,vertical,9.0500000000000007,311,4.5250000000000016e-05,2.9909298567112861e-05,0.00011280223021683244
8712,vertical,9.0500000000000007,312,4.5250000000000016e-05,2.9909298567112864e-05,0.00012998792394175191
8713,vertical,9.0500000000000007,313,4.5250000000000002e-05,2.9909298567112857e-05,0.00011594573328192532
8714,vertical,9.0500000000000007,314,4.5250000000000009e-05,2.9909298567112854e-05,0.00010173581444729124
8715,vertical,9.0500000000000007,315,4.5250000000000009e-05,2.9909298567112868e-05,0.00012359335524568567
8716,vertical,9.0500000000000007,316,4.5250000000000016e-05,2.9909298567112857e-05,0.00011737900208872026
8717,vertical,9.0500000000000007,317,4.5250000000000016e-05,2.9909298567112861e-05,0.00014894083224070877
8718,vertical,9.0500000000000007,318,4.5250000000000002e-05,2.9909298567112857e-05,0.00010016919616186206
8719,vertical,9.0500000000000007,319,4.5250000000000009e-05,2.9909298567112864e-05,0.00010975912821272562
8720,vertical,9.0500000000000007,320,4.5249999999999995e-05,2.9909298567112857e-05,0.00011110229393372269
8721,vertical,9.0500000000000007,321,4.5250000000000009e-05,2.9909298567112857e-05,0.0001046955395604608
8722,vertical,9.0500000000000007,322,4.5250000000000009e-05,2.9909298567112861e-05,0.00011835750015487305
8723,vertical,9.0500000000000007,323,4.5250000000000009e-05,2.9909298567112857e-05,0.00010800850327260713
8724,vertical,9.0500000000000007,324,4.5250000000000016e-05,2.9909298567112864e-05,0.00010774443501846833
8725,vertical,9.0500000000000007,325,4.5250000000000009e-05,2.9909298567112864e-05,0.00010145874014557794
8726,vertical,9.0500000000000007,326,4.5250000000000029e-05,2.9909298567112871e-05,8.9075638681735696e-05
8727,vertical,9.0500000000000007,327,4.5250000000000009e-05,2.9909298567112857e-05,0.00011063918357919763
8728,vertical,9.0500000000000007,328,4.5250000000000009e-05,2.9909298567112857e-05,0.00011195776398498393
8729,vertical,9.0500000000000007,329,4.5250000000000009e-05,2.9909298567112857e-05,0.00011622884839907816
8730,vertical,9.0500000000000007,330,4.5250000000000009e-05,2.9909298567112861e-05,0.00012565692888673503
8731,vertical,9.0500000000000007,331,4.5250000000000016e-05,2.9909298567112864e-05,0.0001136530698759142
8732,vertical,9.0500000000000007,332,4.5250000000000009e-05,2.9909298567112857e-05,0.00012248944350326025
8733,vertical,9.0500000000000007,333,4.5250000000000016e-05,2.9909298567112857e-05,0.00011108311349827769
8734,vertical,9.0500000000000007,334,4.5250000000000002e-05,2.9909298567112857e-05,0.00013548649197537443
8735,vertical,9.0500000000000007,335,4.5250000000000002e-05,2.9909298567112857e-05,0.00011878199749994054
8736,vertical,9.0500000000000007,336,4.5250000000000009e-05,2.9909298567112864e-05,0.00010602080457610515
8737,vertical,9.0500000000000007,337,4.5250000000000016e-05,2.9909298567112868e-05,9.5300550875225372e-05
8738,vertical,9.0500000000000007,338,4.5250000000000016e-05,2.9909298567112861e-05,0.00011122806113341795
8739,vertical,9.0500000000000007,339,4.5250000000000009e-05,2.9909298567112861e-05,0.00010980649921812638
8740,vertical,9.0500000000000007,340,4.5249999999999995e-05,2.9909298567112857e-05,0.00011375843561562795
8741,vertical,9.0500000000000007,341,4.5250000000000002e-05,2.9909298567112857e-05,0.00013260176515758992
8742,vertical,9.0500000000000007,342,4.5249999999999995e-05,2.9909298567112857e-05,0.00011742969048800345
8743,vertical,9.0500000000000007,343,4.5250000000000009e-05,2.9909298567112861e-05,0.00013356288396965273
8744,vertical,9.0500000000000007,344,4.5249999999999995e-05,2.9909298567112861e-05,0.00011879030227774051
8745,vertical,9.0500000000000007,345,4.5250000000000016e-05,2.9909298567112864e-05,0.00010469969456656624
8746,vertical,9.0500000000000007,346,4.5250000000000009e-05,2.9909298567112864e-05,9.2362496043590461e-05
8747,vertical,9.0500000000000007,347,4.5250000000000016e-05,2.9909298567112861e-05,0.00012172032395512642
8748,vertical,9.0500000000000007,348,4.5250000000000009e-05,2.9909298567112861e-05,0.00011949038957569533
8749,vertical,9.0500000000000007,349,4.5250000000000002e-05,2.9909298567112857e-05,0.00010049113156994459
8750,vertical,9.0500000000000007,350,4.5250000000000016e-05,2.9909298567112864e-05,0.00012774337454177207
8751,vertical,9.0500000000000007,351,4.5250000000000002e-05,2.9909298567112857e-05,0.00011744709491684934
8752,vertical,9.0500000000000007,352,4.5250000000000016e-05,2.9909298567112868e-05,0.00013094721723443131
8753,vertical,9.0500000000000007,353,4.5250000000000016e-05,2.9909298567112864e-05,9.4631275077200678e-05
8754,vertical,9.0500000000000007,354,4.5250000000000009e-05,2.9909298567112864e-05,0.00012364999925494681
8755,vertical,9.0500000000000007,355,4.5250000000000009e-05,2.9909298567112861e-05,0.00013841579759993534
8756,vertical,9.0500000000000007,356,4.5250000000000009e-05,2.9909298567112861e-05,9.9244200946530466e-05
8757,vertical,9.0500000000000007,357,4.5250000000000009e-05,2.9909298567112857e-05,0.00012379760515838833
8758,vertical,9.0500000000000007,358,4.5250000000000009e-05,2.9909298567112857e-05,0.00015609811144402821
8759,vertical,9.0500000000000007,359,4.5250000000000009e-05,2.9909298567112857e-05,0.00015453473347236518
8760,vertical,9.0500000000000007,360,4.5250000000000009e-05,2.9909298567112864e-05,0.00011580595099837562
8761,vertical,9.0500000000000007,361,4.5250000000000016e-05,2.9909298567112864e-05,0.00010316039232487615
8762,vertical,9.0500000000000007,362,4.5250000000000016e-05,2.9909298567112861e-05,0.00012513200821681359
8763,vertical,9.0500000000000007,363,4.5250000000000009e-05,2.9909298567112861e-05,0.00010148891000007456
8764,vertical,9.0500000000000007,364,4.5249999999999995e-05,2.9909298567112857e-05,0.00010464847517609824
8765,vertical,9.0500000000000007,365,4.5250000000000016e-05,2.9909298567112861e-05,0.00013402844630952461
8766,vertical,9.0500000000000007,366,4.5250000000000009e-05,2.9909298567112861e-05,0.00012843284512773282
8767,vertical,9.0500000000000007,367,4.5250000000000016e-05,2.9909298567112861e-05,0.00011707245271148243
8768,vertical,9.0500000000000007,368,4.5250000000000009e-05,2.9909298567112857e-05,0.00011853630749456274
8769,vertical,9.0500000000000007,369,4.5250000000000009e-05,2.9909298567112864e-05,0.00013349130708849389
8770,vertical,9.0500000000000007,370,4.5250000000000002e-05,2.9909298567112857e-05,9.9479404084652553e-05
8771,vertical,9.0500000000000007,371,4.5250000000000009e-05,2.9909298567112854e-05,0.00012519542186571471
8772,vertical,9.0500000000000007,372,4.5250000000000009e-05,2.9909298567112857e-05,0.00010198336321953293
8773,vertical,9.0500000000000007,373,4.5249999999999995e-05,2.9909298567112857e-05,0.00011152479416129093
8774,vertical,9.0500000000000007,374,4.5250000000000016e-05,2.9909298567112864e-05,9.8195837201994665e-05
8775,vertical,9.0500000000000007,375,4.5250000000000016e-05,2.9909298567112864e-05,0.00012494580149319023
8776,vertical,9.0500000000000007,376,4.5250000000000016e-05,2.9909298567112864e-05,0.00013180083731967554
8777,vertical,9.0500000000000007,377,4.5250000000000016e-05,2.9909298567112864e-05,0.0001135356347821777
8778,vertical,9.0500000000000007,378,4.5250000000000016e-05,2.9909298567112857e-05,0.00010384405655539401
8779,vertical,9.0500000000000007,379,4.5250000000000002e-05,2.9909298567112857e-05,0.00013235534684991014
8780,vertical,9.0500000000000007,380,4.5250000000000009e-05,2.9909298567112857e-05,0.00012611281616965866
8781,vertical,9.0500000000000007,381,4.5250000000000016e-05,2.9909298567112864e-05,0.00011215290621055976
8782,vertical,9.0500000000000007,382,4.5250000000000009e-05,2.9909298567112857e-05,0.00011475779524484141
8783,vertical,9.0500000000000007,383,4.5250000000000002e-05,2.9909298567112857e-05,0.00011008546103713226
8784,vertical,9.0500000000000007,384,4.5250000000000009e-05,2.9909298567112861e-05,0.0001062214143493581
8785,vertical,9.0500000000000007,385,4.5250000000000016e-05,2.9909298567112861e-05,0.00011717615750300168
8786,vertical,9.0500000000000007,386,4.5250000000000016e-05,2.9909298567112857e-05,9.3090439594698741e-05
8787,vertical,9.0500000000000007,387,4.5250000000000009e-05,2.9909298567112861e-05,0.00014661984398478829
8788,vertical,9.0500000000000007,388,4.5250000000000009e-05,2.9909298567112857e-05,0.00013979449013065077
8789,vertical,9.0500000000000007,389,4.5250000000000002e-05,2.9909298567112857e-05,0.00012651907555889317
8790,vertical,9.0500000000000007,390,4.5250000000000002e-05,2.9909298567112861e-05,9.3848727331025242e-05
8791,vertical,9.0500000000000007,391,4.5250000000000016e-05,2.9909298567112857e-05,0.00011208986779047898
8792,vertical,9.0500000000000007,392,4.5250000000000009e-05,2.9909298567112861e-05,0.00012038605935570498
8793,vertical,9.0500000000000007,393,4.5250000000000009e-05,2.9909298567112861e-05,0.00010011904557542774
8794,vertical,9.0500000000000007,394,4.5250000000000009e-05,2.9909298567112861e-05,0.00012526337022662006
8795,vertical,9.0500000000000007,395,4.5250000000000016e-05,2.9909298567112857e-05,9.7641507136509838e-05
8796,vertical,9.0500000000000007,396,4.5250000000000009e-05,2.9909298567112857e-05,0.00011596986327501896
8797,vertical,9.0500000000000007,397,4.5250000000000009e-05,2.9909298567112857e-05,0.00013661455999337965
8798,vertical,9.0500000000000007,398,4.5250000000000009e-05,2.9909298567112864e-05,0.00014873817442582744
8799,vertical,9.0500000000000007,399,4.5249999999999995e-05,2.9909298567112861e-05,9.8789308869009422e-05
8800,vertical,9.0500000000000007,400,4.5250000000000002e-05,2.9909298567112857e-05,0.0001182252463433089
8801,vertical,9.0500000000000007,401,4.5249999999999995e-05,2.9909298567112854e-05,0.00010547457673449404
8802,vertical,9.0500000000000007,402,4.5250000000000016e-05,2.9909298567112857e-05,0.00010192116701627887
8803,vertical,9.0500000000000007,403,4.5250000000000016e-05,2.9909298567112864e-05,0.00010753206934308305
8804,vertical,9.0500000000000007,404,4.5250000000000009e-05,2.9909298567112864e-05,9.0031730582214103e-05
8805,vertical,9.0500000000000007,405,4.5250000000000016e-05,2.9909298567112857e-05,0.00010402125973387796
8806,vertical,9.0500000000000007,406,4.5250000000000016e-05,2.9909298567112857e-05,0.00011099097440119759
8807,vertical,9.0500000000000007,407,4.5250000000000022e-05,2.9909298567112864e-05,0.00010923625096695541
8808,vertical,9.0500000000000007,408,4.5249999999999995e-05,2.9909298567112857e-05,0.00011311224699434242
8809,vertical,9.0500000000000007,409,4.5250000000000016e-05,2.9909298567112861e-05,9.2674713318832483e-05
8810,vertical,9.0500000000000007,410,4.5250000000000009e-05,2.9909298567112864e-05,0.00011916193854592538
8811,vertical,9.0500000000000007,411,4.5250000000000009e-05,2.9909298567112857e-05,0.00011045514505872447
8812,vertical,9.0500000000000007,412,4.5249999999999995e-05,2.9909298567112861e-05,0.00011442215644216144
8813,vertical,9.0500000000000007,413,4.5249999999999995e-05,2.9909298567112854e-05,9.0777841901037426e-05
8814,vertical,9.0500000000000007,414,4.5250000000000009e-05,2.9909298567112861e-05,0.00016423471058650403
8815,vertical,9.0500000000000007,415,4.5250000000000009e-05,2.9909298567112861e-05,0.00010508711469041922
8816,vertical,9.0500000000000007,416,4.5250000000000002e-05,2.9909298567112857e-05,0.00011807072706985488
8817,vertical,9.0500000000000007,417,4.5250000000000002e-05,2.9909298567112857e-05,0.00011653764428977228
8818,vertical,9.0500000000000007,418,4.5250000000000016e-05,2.9909298567112857e-05,0.00011240546663902254
8819,vertical,9.0500000000000007,419,4.5250000000000009e-05,2.9909298567112864e-05,0.0001027658929673072
8820,vertical,9.0500000000000007,420,4.5250000000000009e-05,2.9909298567112857e-05,0.00010315554730056594
8821,vertical,9.0500000000000007,421,4.5250000000000016e-05,2.9909298567112864e-05,0.00010445493205615976
8822,vertical,9.0500000000000007,422,4.5250000000000009e-05,2.9909298567112864e-05,0.0001025815952888437
8823,vertical,9.0500000000000007,423,4.5250000000000016e-05,2.9909298567112864e-05,0.00011627103861802669
8824,vertical,9.0500000000000007,424,4.5249999999999995e-05,2.9909298567112854e-05,0.00010792645460432407
8825,vertical,9.0500000000000007,425,4.5250000000000009e-05,2.9909298567112864e-05,0.00010421680031905072
8826,vertical,9.0500000000000007,426,4.5250000000000016e-05,2.9909298567112864e-05,0.00013295776802408872
8827,vertical,9.0500000000000007,427,4.5249999999999995e-05,2.9909298567112857e-05,0.00012839311605133055
8828,vertical,9.0500000000000007,428,4.5250000000000016e-05,2.9909298567112857e-05,0.00010467478187992508
8829,vertical,9.0500000000000007,429,4.5250000000000002e-05,2.9909298567112857e-05,0.00010642023853691404
8830,vertical,9.0500000000000007,430,4.5250000000000009e-05,2.9909298567112861e-05,0.00012065561900546946
8831,vertical,9.0500000000000007,431,4.5250000000000016e-05,2.9909298567112857e-05,0.00013200614592283336
8832,vertical,9.0500000000000007,432,4.5250000000000016e-05,2.9909298567112864e-05,0.0001152624255447632
8833,vertical,9.0500000000000007,433,4.5250000000000002e-05,2.9909298567112857e-05,0.00010895147268359347
8834,vertical,9.0500000000000007,434,4.5249999999999995e-05,2.9909298567112857e-05,0.00012033771041394171
8835,vertical,9.0500000000000007,435,4.5250000000000009e-05,2.9909298567112861e-05,0.00011741252336285974
8836,vertical,9.0500000000000007,436,4.5250000000000002e-05,2.9909298567112854e-05,0.00011678603490967297
8837,vertical,9.0500000000000007,437,4.5250000000000009e-05,2.9909298567112864e-05,0.00010434943795965971
8838,vertical,9.0500000000000007,438,4.5250000000000016e-05,2.9909298567112857e-05,0.00011953938250139831
8839,vertical,9.0500000000000007,439,4.5250000000000009e-05,2.9909298567112857e-05,8.9603619654993687e-05
8840,vertical,9.0500000000000007,440,4.5249999999999995e-05,2.9909298567112854e-05,0.0001070016138456774
8841,vertical,9.0500000000000007,441,4.5249999999999995e-05,2.9909298567112857e-05,9.9443178452769709e-05
8842,vertical,9.0500000000000007,442,4.5250000000000016e-05,2.9909298567112864e-05,9.5919033893371577e-05
8843,vertical,9.0500000000000007,443,4.5250000000000002e-05,2.9909298567112857e-05,0.00013023196912193574
8844,vertical,9.0500000000000007,444,4.5250000000000002e-05,2.9909298567112857e-05,0.00011814464077299346
8845,vertical,9.0500000000000007,445,4.5250000000000009e-05,2.9909298567112861e-05,0.00010785661846726565
8846,vertical,9.0500000000000007,446,4.5250000000000016e-05,2.9909298567112864e-05,0.00011805390266542873
8847,vertical,9.0500000000000007,447,4.5250000000000002e-05,2.9909298567112861e-05,0.00011721929144019711
8848,vertical,9.0500000000000007,448,4.5250000000000016e-05,2.9909298567112864e-05,0.00011165130464304106
8849,vertical,9.0500000000000007,449,4.5250000000000009e-05,2.9909298567112857e-05,0.00010910175651771548
8850,vertical,9.0500000000000007,450,4.5250000000000016e-05,2.9909298567112864e-05,9.9847095441933959e-05
8851,vertical,9.0500000000000007,451,4.5250000000000022e-05,2.9909298567112868e-05,0.0001090072710235417
8852,vertical,9.0500000000000007,452,4.5250000000000016e-05,2.9909298567112864e-05,0.00011006370140649486
8853,vertical,9.0500000000000007,453,4.5250000000000016e-05,2.9909298567112864e-05,9.6734736967316165e-05
8854,vertical,9.0500000000000007,454,4.5250000000000022e-05,2.9909298567112864e-05,0.00012380078222277337
8855,vertical,9.0500000000000007,455,4.5250000000000009e-05,2.9909298567112857e-05,9.7574886993542632e-05
8856,vertical,9.0500000000000007,456,4.5250000000000016e-05,2.9909298567112864e-05,0.00010912926791400976
8857,vertical,9.0500000000000007,457,4.5250000000000009e-05,2.9909298567112857e-05,9.6520084189303631e-05
8858,vertical,9.0500000000000007,458,4.5249999999999995e-05,2.9909298567112857e-05,9.8332480388955591e-05
8859,vertical,9.0500000000000007,459,4.5250000000000022e-05,2.9909298567112864e-05,9.7836070046688871e-05
8860,vertical,9.0500000000000007,460,4.5250000000000016e-05,2.9909298567112864e-05,0.00010030555910941774
8861,vertical,9.0500000000000007,461,4.5250000000000016e-05,2.9909298567112864e-05,0.00011549283885944511
8862,vertical,9.0500000000000007,462,4.5250000000000009e-05,2.9909298567112857e-05,0.00012277849071061226
8863,vertical,9.0500000000000007,463,4.5250000000000016e-05,2.9909298567112861e-05,0.00011180429953329098
8864,vertical,9.0500000000000007,464,4.5250000000000002e-05,2.9909298567112854e-05,0.00011562449288232361
8865,vertical,9.0500000000000007,465,4.5250000000000009e-05,2.9909298567112854e-05,0.00010422395257612506
8866,vertical,9.0500000000000007,466,4.5250000000000016e-05,2.9909298567112857e-05,0.00010104724964468815
8867,vertical,9.0500000000000007,467,4.5250000000000029e-05,2.9909298567112864e-05,0.00010854502612333238
8868,vertical,9.0500000000000007,468,4.5250000000000016e-05,2.9909298567112864e-05,0.00010422199464682038
8869,vertical,9.0500000000000007,469,4.5250000000000009e-05,2.9909298567112857e-05,0.00010755508024483383
8870,vertical,9.0500000000000007,470,4.5250000000000009e-05,2.9909298567112857e-05,8.6811891828885094e-05
8871,vertical,9.0500000000000007,471,4.5249999999999995e-05,2.9909298567112857e-05,0.00010577240155839128
8872,vertical,9.0500000000000007,472,4.5250000000000009e-05,2.9909298567112861e-05,0.00011981100048021593
8873,vertical,9.0500000000000007,473,4.5249999999999995e-05,2.9909298567112857e-05,0.00010033765300677176
8874,vertical,9.0500000000000007,474,4.5250000000000009e-05,2.9909298567112857e-05,0.0001078785901739753
8875,vertical,9.0500000000000007,475,4.5249999999999995e-05,2.9909298567112864e-05,0.00010295355836411138
8876,vertical,9.0500000000000007,476,4.5250000000000002e-05,2.9909298567112857e-05,8.7293477846803636e-05
8877,vertical,9.0500000000000007,477,4.5250000000000002e-05,2.9909298567112864e-05,9.5036213791079732e-05
8878,vertical,9.0500000000000007,478,4.5250000000000009e-05,2.9909298567112861e-05,0.00010104821216673721
8879,vertical,9.0500000000000007,479,4.5250000000000016e-05,2.9909298567112857e-05,9.6443687466409467e-05
8880,vertical,9.0500000000000007,480,4.5250000000000016e-05,2.9909298567112861e-05,9.5829817863494926e-05
8881,vertical,9.0500000000000007,481,4.5250000000000016e-05,2.9909298567112864e-05,0.00011201347543853794
8882,vertical,9.0500000000000007,482,4.5250000000000002e-05,2.9909298567112857e-05,0.00012012648581554873
8883,vertical,9.0500000000000007,483,4.5250000000000009e-05,2.9909298567112861e-05,9.5955833916630477e-05
8884,vertical,9.0500000000000007,484,4.5250000000000016e-05,2.9909298567112864e-05,0.00011319434886184405
8885,vertical,9.0500000000000007,485,4.5250000000000009e-05,2.9909298567112861e-05,0.00011450206345831182
8886,vertical,9.0500000000000007,486,4.5250000000000009e-05,2.9909298567112864e-05,0.00010702890928206755
8887,vertical,9.0500000000000007,487,4.5250000000000016e-05,2.9909298567112861e-05,0.00011844118762715418
8888,vertical,9.0500000000000007,488,4.5250000000000009e-05,2.9909298567112857e-05,0.00011614504493270467
8889,vertical,9.0500000000000007,489,4.5250000000000009e-05,2.9909298567112861e-05,0.00011494890545079524
8890,vertical,9.0500000000000007,490,4.5250000000000009e-05,2.9909298567112857e-05,0.00011130694497454754
8891,vertical,9.0500000000000007,491,4.5250000000000009e-05,2.9909298567112861e-05,0.00012944881417372166
8892,vertical,9.0500000000000007,492,4.5250000000000016e-05,2.9909298567112861e-05,0.00011480940342335277
8893,vertical,9.0500000000000007,493,4.5250000000000016e-05,2.9909298567112857e-05,9.748544021980056e-05
8894,vertical,9.0500000000000007,494,4.5249999999999995e-05,2.9909298567112857e-05,0.00012196814239187936
8895,vertical,9.0500000000000007,495,4.5250000000000009e-05,2.9909298567112857e-05,0.00012830781115422593
8896,vertical,9.0500000000000007,496,4.5250000000000022e-05,2.9909298567112864e-05,9.1210169601005294e-05
8897,vertical,9.0500000000000007,497,4.5250000000000016e-05,2.9909298567112861e-05,8.9339792942534055e-05
8898,vertical,9.0500000000000007,498,4.5250000000000009e-05,2.9909298567112857e-05,9.2766730875003069e-05
8899,vertical,9.0500000000000007,499,4.5250000000000016e-05,2.9909298567112861e-05,0.00011992045286432843
8900,vertical,9.0500000000000007,500,4.5250000000000016e-05,2.9909298567112868e-05,0.00010793864597696777
8901,vertical,9.0500000000000007,501,4.5250000000000029e-05,2.9909298567112864e-05,0.00011667957873613395
8902,vertical,9.0500000000000007,502,4.5250000000000009e-05,2.9909298567112861e-05,0.00012379391043434906
8903,vertical,9.0500000000000007,503,4.5250000000000002e-05,2.9909298567112857e-05,0.00010528157798014179
8904,vertical,9.0500000000000007,504,4.5250000000000002e-05,2.9909298567112864e-05,0.00010744697034501395
8905,vertical,9.0500000000000007,505,4.5249999999999995e-05,2.9909298567112857e-05,0.00012610284529736442
8906,vertical,9.0500000000000007,506,4.5250000000000016e-05,2.9909298567112864e-05,8.8087280886141127e-05
8907,vertical,9.0500000000000007,507,4.5250000000000022e-05,2.9909298567112871e-05,0.00013533145627034438
8908,vertical,9.0500000000000007,508,4.5250000000000002e-05,2.9909298567112857e-05,0.0001122847743718614
8909,vertical,9.0500000000000007,509,4.5250000000000016e-05,2.9909298567112864e-05,0.00010633483893187882
8910,vertical,9.0500000000000007,510,4.5250000000000009e-05,2.9909298567112857e-05,0.00010346243439289608
8911,vertical,9.0500000000000007,511,4.5250000000000016e-05,2.9909298567112857e-05,0.0001117653387411637
8912,vertical,9.0500000000000007,512,4.5250000000000016e-05,2.9909298567112857e-05,0.00010044658626575745
8913,vertical,9.0500000000000007,513,4.5250000000000009e-05,2.9909298567112864e-05,0.00011230859723202663
8914,vertical,9.0500000000000007,514,4.5250000000000009e-05,2.9909298567112857e-05,9.3583128230094649e-05
8915,vertical,9.0500000000000007,515,4.5250000000000009e-05,2.9909298567112857e-05,0.00014513160605913753
8916,vertical,9.0500000000000007,516,4.5250000000000016e-05,2.9909298567112861e-05,0.00010147124200536105
8917,vertical,9.0500000000000007,517,4.5250000000000009e-05,2.9909298567112857e-05,0.00011195860327709657
8918,vertical,9.0500000000000007,518,4.5250000000000009e-05,2.9909298567112857e-05,0.00011011563006371504
8919,vertical,9.0500000000000007,519,4.5250000000000002e-05,2.9909298567112857e-05,0.00012035431226789193
8920,vertical,9.0500000000000007,520,4.5250000000000016e-05,2.9909298567112857e-05,0.00012244647482318591
8921,vertical,9.0500000000000007,521,4.5250000000000009e-05,2.9909298567112861e-05,0.00012024927222234577
8922,vertical,9.0500000000000007,522,4.5250000000000022e-05,2.9909298567112864e-05,0.00011124760035877264
8923,vertical,9.0500000000000007,523,4.5250000000000009e-05,2.9909298567112857e-05,0.00011207315647347267
8924,vertical,9.0500000000000007,524,4.5250000000000016e-05,2.9909298567112864e-05,0.00012790273989021821
8925,vertical,9.0500000000000007,525,4.5250000000000016e-05,2.9909298567112864e-05,0.00012334534461819476
8926,vertical,9.0500000000000007,526,4.5250000000000009e-05,2.9909298567112857e-05,0.00012323531321123066
8927,vertical,9.0500000000000007,527,4.5250000000000009e-05,2.9909298567112861e-05,9.5969355382052347e-05
8928,vertical,9.0500000000000007,528,4.5250000000000009e-05,2.9909298567112861e-05,9.985850997639204e-05
8929,vertical,9.0500000000000007,529,4.5250000000000016e-05,2.9909298567112861e-05,0.00012913539861890503
8930,vertical,9.0500000000000007,530,4.5249999999999995e-05,2.9909298567112857e-05,0.00013694480642924308
8931,vertical,9.0500000000000007,531,4.5249999999999995e-05,2.9909298567112864e-05,0.00012113201121720164
8932,vertical,9.0500000000000007,532,4.5250000000000009e-05,2.9909298567112861e-05,0.00010150287966681533
8933,vertical,9.0500000000000007,533,4.5250000000000016e-05,2.9909298567112857e-05,9.8009352633939318e-05
8934,vertical,9.0500000000000007,534,4.5249999999999995e-05,2.9909298567112857e-05,9.6391025109598868e-05
8935,vertical,9.0500000000000007,535,4.5250000000000029e-05,2.9909298567112864e-05,0.0001162533554806691
8936,vertical,9.0500000000000007,536,4.5250000000000016e-05,2.9909298567112861e-05,0.00011289437438088676
8937,vertical,9.0500000000000007,537,4.5250000000000016e-05,2.9909298567112864e-05,0.00012349356172474394
8938,vertical,9.0500000000000007,538,4.5250000000000016e-05,2.9909298567112857e-05,0.00013164404362075202
8939,vertical,9.0500000000000007,539,4.5250000000000016e-05,2.9909298567112857e-05,0.00012024040627970816
8940,vertical,9.0500000000000007,540,4.5250000000000009e-05,2.9909298567112857e-05,0.00010543846485937373
8941,vertical,9.0500000000000007,541,4.5249999999999995e-05,2.9909298567112857e-05,0.00014529380077855944
8942,vertical,9.0500000000000007,542,4.5250000000000016e-05,2.9909298567112864e-05,0.00012972276050221017
8943,vertical,9.0500000000000007,543,4.5250000000000016e-05,2.9909298567112868e-05,0.00011123811427638006
8944,vertical,9.0500000000000007,544,4.5250000000000009e-05,2.9909298567112861e-05,0.00010421746763558626
8945,vertical,9.0500000000000007,545,4.5249999999999995e-05,2.9909298567112857e-05,0.00012626159470380911
8946,vertical,9.0500000000000007,546,4.5250000000000009e-05,2.9909298567112861e-05,0.0001290447015551944
8947,vertical,9.0500000000000007,547,4.5250000000000009e-05,2.9909298567112857e-05,0.00012383495935815904
8948,vertical,9.0500000000000007,548,4.5250000000000009e-05,2.9909298567112857e-05,0.00010723156991940223
8949,vertical,9.0500000000000007,549,4.5250000000000009e-05,2.9909298567112864e-05,0.00012012116087959384
8950,vertical,9.0500000000000007,550,4.5250000000000016e-05,2.9909298567112864e-05,0.00010211877989038736
8951,vertical,9.0500000000000007,551,4.5250000000000009e-05,2.9909298567112864e-05,0.00011278793787014858
8952,vertical,9.0500000000000007,552,4.5250000000000009e-05,2.9909298567112864e-05,0.00012222149749988804
8953,vertical,9.0500000000000007,553,4.5250000000000016e-05,2.9909298567112861e-05,0.00014649169261896284
8954,vertical,9.0500000000000007,554,4.5250000000000016e-05,2.9909298567112857e-05,0.0001015264819035041
8955,vertical,9.0500000000000007,555,4.5250000000000009e-05,2.9909298567112857e-05,8.9161804642903436e-05
8956,vertical,9.0500000000000007,556,4.5250000000000009e-05,2.9909298567112861e-05,0.00013295774819543845
8957,vertical,9.0500000000000007,557,4.5250000000000009e-05,2.9909298567112854e-05,8.9335794580065004e-05
8958,vertical,9.0500000000000007,558,4.5250000000000016e-05,2.9909298567112864e-05,0.00010352069981552339
8959,vertical,9.0500000000000007,559,4.5250000000000016e-05,2.9909298567112868e-05,0.00012624774304802135
8960,vertical,9.0500000000000007,560,4.5250000000000009e-05,2.9909298567112857e-05,0.00012268985178923714
8961,vertical,9.0500000000000007,561,4.5250000000000009e-05,2.9909298567112857e-05,9.7790189513440962e-05
8962,vertical,9.0500000000000007,562,4.5250000000000002e-05,2.9909298567112857e-05,0.00013531126940347671
8963,vertical,9.0500000000000007,563,4.5250000000000002e-05,2.9909298567112861e-05,0.0001160868017937709
8964,vertical,9.0500000000000007,564,4.5250000000000016e-05,2.9909298567112864e-05,0.00010230870858708263
8965,vertical,9.0500000000000007,565,4.5250000000000016e-05,2.9909298567112861e-05,0.00010902397172921823
8966,vertical,9.0500000000000007,566,4.5250000000000016e-05,2.9909298567112857e-05,0.00010361617965769403
8967,vertical,9.0500000000000007,567,4.5250000000000016e-05,2.9909298567112864e-05,0.000118820930348256
8968,vertical,9.0500000000000007,568,4.5250000000000022e-05,2.9909298567112868e-05,0.00012449497157416569
8969,vertical,9.0500000000000007,569,4.5250000000000009e-05,2.9909298567112864e-05,9.8566589889040587e-05
8970,vertical,9.0500000000000007,570,4.5249999999999995e-05,2.9909298567112857e-05,0.00012137032813130208
8971,vertical,9.0500000000000007,571,4.5250000000000016e-05,2.9909298567112864e-05,0.00012397954120206621
8972,vertical,9.0500000000000007,572,4.5250000000000002e-05,2.9909298567112864e-05,9.1916398377082508e-05
8973,vertical,9.0500000000000007,573,4.5250000000000009e-05,2.9909298567112864e-05,0.00013583257229088263
8974,vertical,9.0500000000000007,574,4.5250000000000009e-05,2.9909298567112857e-05,9.6515189499832066e-05
8975,vertical,9.0500000000000007,575,4.5250000000000016e-05,2.9909298567112864e-05,0.00013025712127296731
8976,vertical,9.0500000000000007,576,4.5250000000000009e-05,2.9909298567112857e-05,0.00011665295676980358
8977,vertical,9.0500000000000007,577,4.5250000000000009e-05,2.9909298567112861e-05,0.00011468484457650083
8978,vertical,9.0500000000000007,578,4.5250000000000016e-05,2.9909298567112864e-05,0.00014240965552354313
8979,vertical,9.0500000000000007,579,4.5250000000000016e-05,2.9909298567112864e-05,0.0001095262019347257
8980,vertical,9.0500000000000007,580,4.5250000000000016e-05,2.9909298567112864e-05,9.8201821885118072e-05
8981,vertical,9.0500000000000007,581,4.5250000000000016e-05,2.9909298567112864e-05,9.5976543688975098e-05
8982,vertical,9.0500000000000007,582,4.5250000000000016e-05,2.9909298567112864e-05,0.00010894689341694722
8983,vertical,9.0500000000000007,583,4.5250000000000009e-05,2.9909298567112857e-05,9.6535567051587567e-05
8984,vertical,9.0500000000000007,584,4.5250000000000009e-05,2.9909298567112857e-05,0.00010820207219191932
8985,vertical,9.0500000000000007,585,4.5250000000000009e-05,2.9909298567112861e-05,9.9964990350415289e-05
8986,vertical,9.0500000000000007,586,4.5250000000000009e-05,2.9909298567112861e-05,0.00012103876622813446
8987,vertical,9.0500000000000007,587,4.5250000000000016e-05,2.9909298567112864e-05,0.00010929534176934047
8988,vertical,9.0500000000000007,588,4.5250000000000016e-05,2.9909298567112864e-05,0.00012892996901173165
8989,vertical,9.0500000000000007,589,4.5250000000000016e-05,2.9909298567112864e-05,0.00011523367791576232
8990,vertical,9.0500000000000007,590,4.5250000000000009e-05,2.9909298567112861e-05,0.0001247162909478276
8991,vertical,9.0500000000000007,591,4.5250000000000009e-05,2.9909298567112857e-05,0.00013593972542626614
8992,vertical,9.0500000000000007,592,4.5250000000000009e-05,2.9909298567112857e-05,0.00012631818258581517
8993,vertical,9.0500000000000007,593,4.5250000000000016e-05,2.9909298567112864e-05,9.5973995197435539e-05
8994,vertical,9.0500000000000007,594,4.5250000000000016e-05,2.9909298567112864e-05,0.00010452276275687649
8995,vertical,9.0500000000000007,595,4.5249999999999995e-05,2.9909298567112857e-05,9.1939965093451026e-05
8996,vertical,9.0500000000000007,596,4.5250000000000009e-05,2.9909298567112864e-05,0.00011474200276219884
8997,vertical,9.0500000000000007,597,4.5250000000000009e-05,2.9909298567112857e-05,0.00014134159096387613
8998,vertical,9.0500000000000007,598,4.5249999999999995e-05,2.9909298567112857e-05,0.00011608835423889193
8999,vertical,9.0500000000000007,599,4.5250000000000016e-05,2.9909298567112864e-05,0.00011477856557785898
9000,vertical,9.0500000000000007,600,4.5250000000000016e-05,2.9909298567112864e-05,0.00011126626564334838
