index,name,key,length,x,px,y,py,z,pz,r11,r12,r13,r14,r15,r16,r21,r22,r23,r24,r25,r26,r31,r32,r33,r34,r35,r36,r41,r42,r43,r44,r45,r46,r51,r52,r53,r54,r55,r56,r61,r62,r63,r64,r65,r66,v1,v2,v3,v4,v5,v6
0,BEGINNING,Beginning_Ele,0.0,0.0,0.0,0.0,0.0,0.0,0.0,1.0,0.0,0.0,0.0,0.0,0.0,0.0,1.0,0.0,0.0,0.0,0.0,0.0,0.0,1.0,0.0,0.0,0.0,0.0,0.0,0.0,1.0,0.0,0.0,0.0,0.0,0.0,0.0,1.0,0.0,0.0,0.0,0.0,0.0,0.0,1.0,0.0,0.0,0.0,0.0,0.0,0.0
1,IP_L0,Marker,0.0,0.0,0.0,0.0,0.0,0.0,0.0,1.0,0.0,0.0,0.0,0.0,0.0,0.0,1.0,0.0,0.0,0.0,0.0,0.0,0.0,1.0,0.0,0.0,0.0,0.0,0.0,0.0,1.0,0.0,0.0,0.0,0.0,0.0,0.0,1.0,0.0,0.0,0.0,0.0,0.0,0.0,1.0,0.0,0.0,0.0,0.0,0.0,0.0
2,SECTOR_4,Marker,0.0,0.0,0.0,0.0,0.0,0.0,0.0,1.0,0.0,0.0,0.0,0.0,0.0,0.0,1.0,0.0,0.0,0.0,0.0,0.0,0.0,1.0,0.0,0.0,0.0,0.0,0.0,0.0,1.0,0.0,0.0,0.0,0.0,0.0,0.0,1.0,0.0,0.0,0.0,0.0,0.0,0.0,1.0,0.0,0.0,0.0,0.0,0.0,0.0
3,HS4B#2,SBend,0.02500000000002274,0.0,0.0,0.0,0.0,0.0,0.0,1.0,0.0250000000000227,0.0,0.0,0.0,0.0,0.0,1.0,0.0,0.0,0.0,0.0,0.0,0.0,1.0,0.0250000000000227,0.0,0.0,0.0,0.0,0.0,1.0,0.0,0.0,0.0,0.0,0.0,0.0,1.0,1.81333283060082e-10,0.0,0.0,0.0,0.0,0.0,1.0,0.0,0.0,0.0,0.0,0.0,0.0
4,D001#1,Drift,0.291,0.0,0.0,0.0,0.0,0.0,0.0,1.0,0.291,0.0,0.0,0.0,0.0,0.0,1.0,0.0,0.0,0.0,0.0,0.0,0.0,1.0,0.291,0.0,0.0,0.0,0.0,0.0,1.0,0.0,0.0,0.0,0.0,0.0,0.0,1.0,2.11071941481744e-09,0.0,0.0,0.0,0.0,0.0,1.0,0.0,0.0,0.0,0.0,0.0,0.0
5,UNDS4B#1,Drift,0.7419999999999773,0.0,0.0,0.0,0.0,0.0,0.0,1.0,0.741999999999977,0.0,0.0,0.0,0.0,0.0,1.0,0.0,0.0,0.0,0.0,0.0,0.0,1.0,0.741999999999977,0.0,0.0,0.0,0.0,0.0,1.0,0.0,0.0,0.0,0.0,0.0,0.0,1.0,5.38197184121818e-09,0.0,0.0,0.0,0.0,0.0,1.0,0.0,0.0,0.0,0.0,0.0,0.0
6,LS_4B,Photon_Fork,0.0,0.0,0.0,0.0,0.0,0.0,0.0,1.0,0.0,0.0,0.0,0.0,0.0,0.0,1.0,0.0,0.0,0.0,0.0,0.0,0.0,1.0,0.0,0.0,0.0,0.0,0.0,0.0,1.0,0.0,0.0,0.0,0.0,0.0,0.0,1.0,0.0,0.0,0.0,0.0,0.0,0.0,1.0,0.0,0.0,0.0,0.0,0.0,0.0
7,UNDS4B#2,Drift,0.7420000000000226,0.0,0.0,0.0,0.0,0.0,0.0,1.0,0.742000000000023,0.0,0.0,0.0,0.0,0.0,1.0,0.0,0.0,0.0,0.0,0.0,0.0,1.0,0.742000000000023,0.0,0.0,0.0,0.0,0.0,1.0,0.0,0.0,0.0,0.0,0.0,0.0,1.0,5.38197184121851e-09,0.0,0.0,0.0,0.0,0.0,1.0,0.0,0.0,0.0,0.0,0.0,0.0
8,D002,Drift,0.044,0.0,0.0,0.0,0.0,0.0,0.0,1.0,0.044,0.0,0.0,0.0,0.0,0.0,1.0,0.0,0.0,0.0,0.0,0.0,0.0,1.0,0.044,0.0,0.0,0.0,0.0,0.0,1.0,0.0,0.0,0.0,0.0,0.0,0.0,1.0,3.19146578185455e-10,0.0,0.0,0.0,0.0,0.0,1.0,0.0,0.0,0.0,0.0,0.0,0.0
9,HS4C,SBend,0.11,0.0,0.0,0.0,0.0,0.0,0.0,1.0,0.11,0.0,0.0,0.0,0.0,0.0,1.0,0.0,0.0,0.0,0.0,0.0,0.0,1.0,0.11,0.0,0.0,0.0,0.0,0.0,1.0,0.0,0.0,0.0,0.0,0.0,0.0,1.0,7.97866445463637e-10,0.0,0.0,0.0,0.0,0.0,1.0,0.0,0.0,0.0,0.0,0.0,0.0
10,D003,Drift,0.2119,0.0,0.0,0.0,0.0,0.0,0.0,1.0,0.2119,0.0,0.0,0.0,0.0,0.0,1.0,0.0,0.0,0.0,0.0,0.0,0.0,1.0,0.2119,0.0,0.0,0.0,0.0,0.0,1.0,0.0,0.0,0.0,0.0,0.0,0.0,1.0,1.53698090721586e-09,0.0,0.0,0.0,0.0,0.0,1.0,0.0,0.0,0.0,0.0,0.0,0.0
11,GIRDER_4AB_START,Marker,0.0,0.0,0.0,0.0,0.0,0.0,0.0,1.0,0.0,0.0,0.0,0.0,0.0,0.0,1.0,0.0,0.0,0.0,0.0,0.0,0.0,1.0,0.0,0.0,0.0,0.0,0.0,0.0,1.0,0.0,0.0,0.0,0.0,0.0,0.0,1.0,0.0,0.0,0.0,0.0,0.0,0.0,1.0,0.0,0.0,0.0,0.0,0.0,0.0
12,VX4A,Kicker,0.0762,0.0,0.0,0.0,0.0,0.0,0.0,1.0,0.0762,0.0,0.0,0.0,0.0,0.0,1.0,0.0,0.0,0.0,0.0,0.0,0.0,1.0,0.0762,0.0,0.0,0.0,0.0,0.0,1.0,0.0,0.0,0.0,0.0,0.0,0.0,1.0,5.52703846766628e-10,0.0,0.0,0.0,0.0,0.0,1.0,0.0,0.0,0.0,0.0,0.0,0.0
13,D004,Drift,0.1119,0.0,0.0,0.0,0.0,0.0,0.0,1.0,0.1119,0.0,0.0,0.0,0.0,0.0,1.0,0.0,0.0,0.0,0.0,0.0,0.0,1.0,0.1119,0.0,0.0,0.0,0.0,0.0,1.0,0.0,0.0,0.0,0.0,0.0,0.0,1.0,8.1164777497619e-10,0.0,0.0,0.0,0.0,0.0,1.0,0.0,0.0,0.0,0.0,0.0,0.0
14,DET_S4C,Marker,0.0,0.0,0.0,0.0,0.0,0.0,0.0,1.0,0.0,0.0,0.0,0.0,0.0,0.0,1.0,0.0,0.0,0.0,0.0,0.0,0.0,1.0,0.0,0.0,0.0,0.0,0.0,0.0,1.0,0.0,0.0,0.0,0.0,0.0,0.0,1.0,0.0,0.0,0.0,0.0,0.0,0.0,1.0,0.0,0.0,0.0,0.0,0.0,0.0
15,D005,Drift,0.04,0.0,0.0,0.0,0.0,0.0,0.0,1.0,0.04,0.0,0.0,0.0,0.0,0.0,1.0,0.0,0.0,0.0,0.0,0.0,0.0,1.0,0.04,0.0,0.0,0.0,0.0,0.0,1.0,0.0,0.0,0.0,0.0,0.0,0.0,1.0,2.90133252895868e-10,0.0,0.0,0.0,0.0,0.0,1.0,0.0,0.0,0.0,0.0,0.0,0.0
16,QX4A,Quadrupole,0.4,0.0,0.0,0.0,0.0,0.0,0.0,0.879350751949285,0.383780184419823,0.0,0.0,0.0,0.0,-0.590812825286961,0.879350751949285,0.0,0.0,0.0,0.0,0.0,0.0,1.12570527217046,0.416624291017893,0.0,0.0,0.0,0.0,0.641374892326891,1.12570527217046,0.0,0.0,0.0,0.0,0.0,0.0,1.0,2.90133252895868e-09,0.0,0.0,0.0,0.0,0.0,1.0,0.0,0.0,0.0,0.0,0.0,0.0
17,D006,Drift,0.015,0.0,0.0,0.0,0.0,0.0,0.0,1.0,0.015,0.0,0.0,0.0,0.0,0.0,1.0,0.0,0.0,0.0,0.0,0.0,0.0,1.0,0.015,0.0,0.0,0.0,0.0,0.0,1.0,0.0,0.0,0.0,0.0,0.0,0.0,1.0,1.0879996983595e-10,0.0,0.0,0.0,0.0,0.0,1.0,0.0,0.0,0.0,0.0,0.0,0.0
18,DET_X4A,Marker,0.0,0.0,0.0,0.0,0.0,0.0,0.0,1.0,0.0,0.0,0.0,0.0,0.0,0.0,1.0,0.0,0.0,0.0,0.0,0.0,0.0,1.0,0.0,0.0,0.0,0.0,0.0,0.0,1.0,0.0,0.0,0.0,0.0,0.0,0.0,1.0,0.0,0.0,0.0,0.0,0.0,0.0,1.0,0.0,0.0,0.0,0.0,0.0,0.0
19,D007,Drift,0.0585,0.0,0.0,0.0,0.0,0.0,0.0,1.0,0.0585,0.0,0.0,0.0,0.0,0.0,1.0,0.0,0.0,0.0,0.0,0.0,0.0,1.0,0.0585,0.0,0.0,0.0,0.0,0.0,1.0,0.0,0.0,0.0,0.0,0.0,0.0,1.0,4.24319882360207e-10,0.0,0.0,0.0,0.0,0.0,1.0,0.0,0.0,0.0,0.0,0.0,0.0
20,HX4A,Kicker,0.169,0.0,0.0,0.0,0.0,0.0,0.0,1.0,0.169,0.0,0.0,0.0,0.0,0.0,1.0,0.0,0.0,0.0,0.0,0.0,0.0,1.0,0.169,0.0,0.0,0.0,0.0,0.0,1.0,0.0,0.0,0.0,0.0,0.0,0.0,1.0,1.22581299348504e-09,0.0,0.0,0.0,0.0,0.0,1.0,0.0,0.0,0.0,0.0,0.0,0.0
21,D008,Drift,0.08975,0.0,0.0,0.0,0.0,0.0,0.0,1.0,0.08975,0.0,0.0,0.0,0.0,0.0,1.0,0.0,0.0,0.0,0.0,0.0,0.0,1.0,0.08975,0.0,0.0,0.0,0.0,0.0,1.0,0.0,0.0,0.0,0.0,0.0,0.0,1.0,6.50986486185103e-10,0.0,0.0,0.0,0.0,0.0,1.0,0.0,0.0,0.0,0.0,0.0,0.0
22,DQX4B,SBend,2.3475,0.0,0.0,0.0,0.0,0.0,0.0,2.46662022074775,3.41031077202705,0.0,0.0,0.0,0.106898713651278,1.49083636456384,2.46662022074775,0.0,0.0,0.0,0.108663774971797,0.0,0.0,0.0168802374627587,1.51048486604785,0.0,0.0,0.0,0.0,-0.661850429656363,0.0168802374627587,0.0,0.0,-0.108663774971797,-0.106898713651278,0.0,0.0,1.0,-0.00246830369801031,0.0,0.0,0.0,0.0,0.0,1.0,0.0,0.0,0.0,0.0,0.0,0.0
23,D009,Drift,0.22425,0.0,0.0,0.0,0.0,0.0,0.0,1.0,0.22425,0.0,0.0,0.0,0.0,0.0,1.0,0.0,0.0,0.0,0.0,0.0,0.0,1.0,0.22425,0.0,0.0,0.0,0.0,0.0,1.0,0.0,0.0,0.0,0.0,0.0,0.0,1.0,1.62655954904746e-09,0.0,0.0,0.0,0.0,0.0,1.0,0.0,0.0,0.0,0.0,0.0,0.0
24,HX4B,Kicker,0.169,0.0,0.0,0.0,0.0,0.0,0.0,1.0,0.169,0.0,0.0,0.0,0.0,0.0,1.0,0.0,0.0,0.0,0.0,0.0,0.0,1.0,0.169,0.0,0.0,0.0,0.0,0.0,1.0,0.0,0.0,0.0,0.0,0.0,0.0,1.0,1.22581299348504e-09,0.0,0.0,0.0,0.0,0.0,1.0,0.0,0.0,0.0,0.0,0.0,0.0
25,D010,Drift,0.113,0.0,0.0,0.0,0.0,0.0,0.0,1.0,0.113,0.0,0.0,0.0,0.0,0.0,1.0,0.0,0.0,0.0,0.0,0.0,0.0,1.0,0.113,0.0,0.0,0.0,0.0,0.0,1.0,0.0,0.0,0.0,0.0,0.0,0.0,1.0,8.19626439430827e-10,0.0,0.0,0.0,0.0,0.0,1.0,0.0,0.0,0.0,0.0,0.0,0.0
26,DET_X4B,Marker,0.0,0.0,0.0,0.0,0.0,0.0,0.0,1.0,0.0,0.0,0.0,0.0,0.0,0.0,1.0,0.0,0.0,0.0,0.0,0.0,0.0,1.0,0.0,0.0,0.0,0.0,0.0,0.0,1.0,0.0,0.0,0.0,0.0,0.0,0.0,1.0,0.0,0.0,0.0,0.0,0.0,0.0,1.0,0.0,0.0,0.0,0.0,0.0,0.0
27,D011,Drift,0.035,0.0,0.0,0.0,0.0,0.0,0.0,1.0,0.035,0.0,0.0,0.0,0.0,0.0,1.0,0.0,0.0,0.0,0.0,0.0,0.0,1.0,0.035,0.0,0.0,0.0,0.0,0.0,1.0,0.0,0.0,0.0,0.0,0.0,0.0,1.0,2.53866596283884e-10,0.0,0.0,0.0,0.0,0.0,1.0,0.0,0.0,0.0,0.0,0.0,0.0
28,VX4B,Kicker,0.268,0.0,0.0,0.0,0.0,0.0,0.0,1.0,0.268,0.0,0.0,0.0,0.0,0.0,1.0,0.0,0.0,0.0,0.0,0.0,0.0,1.0,0.268,0.0,0.0,0.0,0.0,0.0,1.0,0.0,0.0,0.0,0.0,0.0,0.0,1.0,1.94389279440231e-09,0.0,0.0,0.0,0.0,0.0,1.0,0.0,0.0,0.0,0.0,0.0,0.0
29,D012,Drift,0.059,0.0,0.0,0.0,0.0,0.0,0.0,1.0,0.059,0.0,0.0,0.0,0.0,0.0,1.0,0.0,0.0,0.0,0.0,0.0,0.0,1.0,0.059,0.0,0.0,0.0,0.0,0.0,1.0,0.0,0.0,0.0,0.0,0.0,0.0,1.0,4.27946548021405e-10,0.0,0.0,0.0,0.0,0.0,1.0,0.0,0.0,0.0,0.0,0.0,0.0
30,QX4B,Quadrupole,0.362,0.0,0.0,0.0,0.0,0.0,0.0,0.90970182006935,0.351036976616797,0.0,0.0,0.0,0.0,-0.491237704427805,0.90970182006935,0.0,0.0,0.0,0.0,0.0,0.0,1.09310063968775,0.373165919664559,0.0,0.0,0.0,0.0,0.522204730434479,1.09310063968775,0.0,0.0,0.0,0.0,0.0,0.0,1.0,2.6257059387076e-09,0.0,0.0,0.0,0.0,0.0,1.0,0.0,0.0,0.0,0.0,0.0,0.0
31,GIRDER_4AB_END,Marker,0.0,0.0,0.0,0.0,0.0,0.0,0.0,1.0,0.0,0.0,0.0,0.0,0.0,0.0,1.0,0.0,0.0,0.0,0.0,0.0,0.0,1.0,0.0,0.0,0.0,0.0,0.0,0.0,1.0,0.0,0.0,0.0,0.0,0.0,0.0,1.0,0.0,0.0,0.0,0.0,0.0,0.0,1.0,0.0,0.0,0.0,0.0,0.0,0.0
32,D013,Drift,0.367,0.0,0.0,0.0,0.0,0.0,0.0,1.0,0.367,0.0,0.0,0.0,0.0,0.0,1.0,0.0,0.0,0.0,0.0,0.0,0.0,1.0,0.367,0.0,0.0,0.0,0.0,0.0,1.0,0.0,0.0,0.0,0.0,0.0,0.0,1.0,2.66197259531959e-09,0.0,0.0,0.0,0.0,0.0,1.0,0.0,0.0,0.0,0.0,0.0,0.0
33,GIRDER_4CD_START,Marker,0.0,0.0,0.0,0.0,0.0,0.0,0.0,1.0,0.0,0.0,0.0,0.0,0.0,0.0,1.0,0.0,0.0,0.0,0.0,0.0,0.0,1.0,0.0,0.0,0.0,0.0,0.0,0.0,1.0,0.0,0.0,0.0,0.0,0.0,0.0,1.0,0.0,0.0,0.0,0.0,0.0,0.0,1.0,0.0,0.0,0.0,0.0,0.0,0.0
34,QX4C,Quadrupole,0.362,0.0,0.0,0.0,0.0,0.0,0.0,0.90970182006935,0.351036976616797,0.0,0.0,0.0,0.0,-0.491237704427805,0.90970182006935,0.0,0.0,0.0,0.0,0.0,0.0,1.09310063968775,0.373165919664559,0.0,0.0,0.0,0.0,0.522204730434479,1.09310063968775,0.0,0.0,0.0,0.0,0.0,0.0,1.0,2.6257059387076e-09,0.0,0.0,0.0,0.0,0.0,1.0,0.0,0.0,0.0,0.0,0.0,0.0
35,D014,Drift,0.106,0.0,0.0,0.0,0.0,0.0,0.0,1.0,0.106,0.0,0.0,0.0,0.0,0.0,1.0,0.0,0.0,0.0,0.0,0.0,0.0,1.0,0.106,0.0,0.0,0.0,0.0,0.0,1.0,0.0,0.0,0.0,0.0,0.0,0.0,1.0,7.6885312017405e-10,0.0,0.0,0.0,0.0,0.0,1.0,0.0,0.0,0.0,0.0,0.0,0.0
36,VX4C#1,Kicker,0.07600000000000073,0.0,0.0,0.0,0.0,0.0,0.0,1.0,0.0760000000000007,0.0,0.0,0.0,0.0,0.0,1.0,0.0,0.0,0.0,0.0,0.0,0.0,1.0,0.0760000000000007,0.0,0.0,0.0,0.0,0.0,1.0,0.0,0.0,0.0,0.0,0.0,0.0,1.0,5.51253180502154e-10,0.0,0.0,0.0,0.0,0.0,1.0,0.0,0.0,0.0,0.0,0.0,0.0
37,DET_X4C,Marker,0.0,0.0,0.0,0.0,0.0,0.0,0.0,1.0,0.0,0.0,0.0,0.0,0.0,0.0,1.0,0.0,0.0,0.0,0.0,0.0,0.0,1.0,0.0,0.0,0.0,0.0,0.0,0.0,1.0,0.0,0.0,0.0,0.0,0.0,0.0,1.0,0.0,0.0,0.0,0.0,0.0,0.0,1.0,0.0,0.0,0.0,0.0,0.0,0.0
38,VX4C#2,Kicker,0.19199999999999928,0.0,0.0,0.0,0.0,0.0,0.0,1.0,0.191999999999999,0.0,0.0,0.0,0.0,0.0,1.0,0.0,0.0,0.0,0.0,0.0,0.0,1.0,0.191999999999999,0.0,0.0,0.0,0.0,0.0,1.0,0.0,0.0,0.0,0.0,0.0,0.0,1.0,1.39263961390016e-09,0.0,0.0,0.0,0.0,0.0,1.0,0.0,0.0,0.0,0.0,0.0,0.0
39,D015,Drift,0.099,0.0,0.0,0.0,0.0,0.0,0.0,1.0,0.099,0.0,0.0,0.0,0.0,0.0,1.0,0.0,0.0,0.0,0.0,0.0,0.0,1.0,0.099,0.0,0.0,0.0,0.0,0.0,1.0,0.0,0.0,0.0,0.0,0.0,0.0,1.0,7.18079800917273e-10,0.0,0.0,0.0,0.0,0.0,1.0,0.0,0.0,0.0,0.0,0.0,0.0
40,HX4C,Kicker,0.169,0.0,0.0,0.0,0.0,0.0,0.0,1.0,0.169,0.0,0.0,0.0,0.0,0.0,1.0,0.0,0.0,0.0,0.0,0.0,0.0,1.0,0.169,0.0,0.0,0.0,0.0,0.0,1.0,0.0,0.0,0.0,0.0,0.0,0.0,1.0,1.22581299348504e-09,0.0,0.0,0.0,0.0,0.0,1.0,0.0,0.0,0.0,0.0,0.0,0.0
41,D016,Drift,0.22625,0.0,0.0,0.0,0.0,0.0,0.0,1.0,0.22625,0.0,0.0,0.0,0.0,0.0,1.0,0.0,0.0,0.0,0.0,0.0,0.0,1.0,0.22625,0.0,0.0,0.0,0.0,0.0,1.0,0.0,0.0,0.0,0.0,0.0,0.0,1.0,1.64106621169225e-09,0.0,0.0,0.0,0.0,0.0,1.0,0.0,0.0,0.0,0.0,0.0,0.0
42,DQX4D,SBend,2.3475,0.0,0.0,0.0,0.0,0.0,0.0,2.46662022074775,3.41031077202705,0.0,0.0,0.0,0.106898713651278,1.49083636456384,2.46662022074775,0.0,0.0,0.0,0.108663774971797,0.0,0.0,0.0168802374627587,1.51048486604785,0.0,0.0,0.0,0.0,-0.661850429656363,0.0168802374627587,0.0,0.0,-0.108663774971797,-0.106898713651278,0.0,0.0,1.0,-0.00246830369801031,0.0,0.0,0.0,0.0,0.0,1.0,0.0,0.0,0.0,0.0,0.0,0.0
43,D017,Drift,0.08975,0.0,0.0,0.0,0.0,0.0,0.0,1.0,0.08975,0.0,0.0,0.0,0.0,0.0,1.0,0.0,0.0,0.0,0.0,0.0,0.0,1.0,0.08975,0.0,0.0,0.0,0.0,0.0,1.0,0.0,0.0,0.0,0.0,0.0,0.0,1.0,6.50986486185103e-10,0.0,0.0,0.0,0.0,0.0,1.0,0.0,0.0,0.0,0.0,0.0,0.0
44,HX4D,Kicker,0.169,0.0,0.0,0.0,0.0,0.0,0.0,1.0,0.169,0.0,0.0,0.0,0.0,0.0,1.0,0.0,0.0,0.0,0.0,0.0,0.0,1.0,0.169,0.0,0.0,0.0,0.0,0.0,1.0,0.0,0.0,0.0,0.0,0.0,0.0,1.0,1.22581299348504e-09,0.0,0.0,0.0,0.0,0.0,1.0,0.0,0.0,0.0,0.0,0.0,0.0
45,D018,Drift,0.0735,0.0,0.0,0.0,0.0,0.0,0.0,1.0,0.0735,0.0,0.0,0.0,0.0,0.0,1.0,0.0,0.0,0.0,0.0,0.0,0.0,1.0,0.0735,0.0,0.0,0.0,0.0,0.0,1.0,0.0,0.0,0.0,0.0,0.0,0.0,1.0,5.33119852196157e-10,0.0,0.0,0.0,0.0,0.0,1.0,0.0,0.0,0.0,0.0,0.0,0.0
46,QX4D,Quadrupole,0.4,0.0,0.0,0.0,0.0,0.0,0.0,0.879350751949285,0.383780184419823,0.0,0.0,0.0,0.0,-0.590812825286961,0.879350751949285,0.0,0.0,0.0,0.0,0.0,0.0,1.12570527217046,0.416624291017893,0.0,0.0,0.0,0.0,0.641374892326891,1.12570527217046,0.0,0.0,0.0,0.0,0.0,0.0,1.0,2.90133252895868e-09,0.0,0.0,0.0,0.0,0.0,1.0,0.0,0.0,0.0,0.0,0.0,0.0
47,D019,Drift,0.024,0.0,0.0,0.0,0.0,0.0,0.0,1.0,0.024,0.0,0.0,0.0,0.0,0.0,1.0,0.0,0.0,0.0,0.0,0.0,0.0,1.0,0.024,0.0,0.0,0.0,0.0,0.0,1.0,0.0,0.0,0.0,0.0,0.0,0.0,1.0,1.74079951737521e-10,0.0,0.0,0.0,0.0,0.0,1.0,0.0,0.0,0.0,0.0,0.0,0.0
48,DET_X4D,Marker,0.0,0.0,0.0,0.0,0.0,0.0,0.0,1.0,0.0,0.0,0.0,0.0,0.0,0.0,1.0,0.0,0.0,0.0,0.0,0.0,0.0,1.0,0.0,0.0,0.0,0.0,0.0,0.0,1.0,0.0,0.0,0.0,0.0,0.0,0.0,1.0,0.0,0.0,0.0,0.0,0.0,0.0,1.0,0.0,0.0,0.0,0.0,0.0,0.0
49,D020,Drift,0.08,0.0,0.0,0.0,0.0,0.0,0.0,1.0,0.08,0.0,0.0,0.0,0.0,0.0,1.0,0.0,0.0,0.0,0.0,0.0,0.0,1.0,0.08,0.0,0.0,0.0,0.0,0.0,1.0,0.0,0.0,0.0,0.0,0.0,0.0,1.0,5.80266505791736e-10,0.0,0.0,0.0,0.0,0.0,1.0,0.0,0.0,0.0,0.0,0.0,0.0
50,DET_IX4D,Marker,0.0,0.0,0.0,0.0,0.0,0.0,0.0,1.0,0.0,0.0,0.0,0.0,0.0,0.0,1.0,0.0,0.0,0.0,0.0,0.0,0.0,1.0,0.0,0.0,0.0,0.0,0.0,0.0,1.0,0.0,0.0,0.0,0.0,0.0,0.0,1.0,0.0,0.0,0.0,0.0,0.0,0.0,1.0,0.0,0.0,0.0,0.0,0.0,0.0
51,D021,Drift,0.0249,0.0,0.0,0.0,0.0,0.0,0.0,1.0,0.0249,0.0,0.0,0.0,0.0,0.0,1.0,0.0,0.0,0.0,0.0,0.0,0.0,1.0,0.0249,0.0,0.0,0.0,0.0,0.0,1.0,0.0,0.0,0.0,0.0,0.0,0.0,1.0,1.80607949927678e-10,0.0,0.0,0.0,0.0,0.0,1.0,0.0,0.0,0.0,0.0,0.0,0.0
52,VX4D,Kicker,0.0762,0.0,0.0,0.0,0.0,0.0,0.0,1.0,0.0762,0.0,0.0,0.0,0.0,0.0,1.0,0.0,0.0,0.0,0.0,0.0,0.0,1.0,0.0762,0.0,0.0,0.0,0.0,0.0,1.0,0.0,0.0,0.0,0.0,0.0,0.0,1.0,5.52703846766628e-10,0.0,0.0,0.0,0.0,0.0,1.0,0.0,0.0,0.0,0.0,0.0,0.0
53,GIRDER_4CD_END,Marker,0.0,0.0,0.0,0.0,0.0,0.0,0.0,1.0,0.0,0.0,0.0,0.0,0.0,0.0,1.0,0.0,0.0,0.0,0.0,0.0,0.0,1.0,0.0,0.0,0.0,0.0,0.0,0.0,1.0,0.0,0.0,0.0,0.0,0.0,0.0,1.0,0.0,0.0,0.0,0.0,0.0,0.0,1.0,0.0,0.0,0.0,0.0,0.0,0.0
54,D022,Drift,0.4299,0.0,0.0,0.0,0.0,0.0,0.0,1.0,0.4299,0.0,0.0,0.0,0.0,0.0,1.0,0.0,0.0,0.0,0.0,0.0,0.0,1.0,0.4299,0.0,0.0,0.0,0.0,0.0,1.0,0.0,0.0,0.0,0.0,0.0,0.0,1.0,3.11820713549834e-09,0.0,0.0,0.0,0.0,0.0,1.0,0.0,0.0,0.0,0.0,0.0,0.0
55,DET_S5A,Marker,0.0,0.0,0.0,0.0,0.0,0.0,0.0,1.0,0.0,0.0,0.0,0.0,0.0,0.0,1.0,0.0,0.0,0.0,0.0,0.0,0.0,1.0,0.0,0.0,0.0,0.0,0.0,0.0,1.0,0.0,0.0,0.0,0.0,0.0,0.0,1.0,0.0,0.0,0.0,0.0,0.0,0.0,1.0,0.0,0.0,0.0,0.0,0.0,0.0
56,D023#1,Drift,1.7589999999999777,0.0,0.0,0.0,0.0,0.0,0.0,1.0,1.75899999999998,0.0,0.0,0.0,0.0,0.0,1.0,0.0,0.0,0.0,0.0,0.0,0.0,1.0,1.75899999999998,0.0,0.0,0.0,0.0,0.0,1.0,0.0,0.0,0.0,0.0,0.0,0.0,1.0,1.27586097960956e-08,0.0,0.0,0.0,0.0,0.0,1.0,0.0,0.0,0.0,0.0,0.0,0.0
57,SECTOR_5,Marker,0.0,0.0,0.0,0.0,0.0,0.0,0.0,1.0,0.0,0.0,0.0,0.0,0.0,0.0,1.0,0.0,0.0,0.0,0.0,0.0,0.0,1.0,0.0,0.0,0.0,0.0,0.0,0.0,1.0,0.0,0.0,0.0,0.0,0.0,0.0,1.0,0.0,0.0,0.0,0.0,0.0,0.0,1.0,0.0,0.0,0.0,0.0,0.0,0.0
58,D023#2,Drift,1.7740000000000222,0.0,0.0,0.0,0.0,0.0,0.0,1.0,1.77400000000002,0.0,0.0,0.0,0.0,0.0,1.0,0.0,0.0,0.0,0.0,0.0,0.0,1.0,1.77400000000002,0.0,0.0,0.0,0.0,0.0,1.0,0.0,0.0,0.0,0.0,0.0,0.0,1.0,1.28674097659319e-08,0.0,0.0,0.0,0.0,0.0,1.0,0.0,0.0,0.0,0.0,0.0,0.0
59,DET_S5C,Marker,0.0,0.0,0.0,0.0,0.0,0.0,0.0,1.0,0.0,0.0,0.0,0.0,0.0,0.0,1.0,0.0,0.0,0.0,0.0,0.0,0.0,1.0,0.0,0.0,0.0,0.0,0.0,0.0,1.0,0.0,0.0,0.0,0.0,0.0,0.0,1.0,0.0,0.0,0.0,0.0,0.0,0.0,1.0,0.0,0.0,0.0,0.0,0.0,0.0
60,D024,Drift,0.3919,0.0,0.0,0.0,0.0,0.0,0.0,1.0,0.3919,0.0,0.0,0.0,0.0,0.0,1.0,0.0,0.0,0.0,0.0,0.0,0.0,1.0,0.3919,0.0,0.0,0.0,0.0,0.0,1.0,0.0,0.0,0.0,0.0,0.0,0.0,1.0,2.84258054524727e-09,0.0,0.0,0.0,0.0,0.0,1.0,0.0,0.0,0.0,0.0,0.0,0.0
61,GIRDER_5AB_START,Marker,0.0,0.0,0.0,0.0,0.0,0.0,0.0,1.0,0.0,0.0,0.0,0.0,0.0,0.0,1.0,0.0,0.0,0.0,0.0,0.0,0.0,1.0,0.0,0.0,0.0,0.0,0.0,0.0,1.0,0.0,0.0,0.0,0.0,0.0,0.0,1.0,0.0,0.0,0.0,0.0,0.0,0.0,1.0,0.0,0.0,0.0,0.0,0.0,0.0
62,VX5A,Kicker,0.0762,0.0,0.0,0.0,0.0,0.0,0.0,1.0,0.0762,0.0,0.0,0.0,0.0,0.0,1.0,0.0,0.0,0.0,0.0,0.0,0.0,1.0,0.0762,0.0,0.0,0.0,0.0,0.0,1.0,0.0,0.0,0.0,0.0,0.0,0.0,1.0,5.52703846766628e-10,0.0,0.0,0.0,0.0,0.0,1.0,0.0,0.0,0.0,0.0,0.0,0.0
63,D025,Drift,0.1119,0.0,0.0,0.0,0.0,0.0,0.0,1.0,0.1119,0.0,0.0,0.0,0.0,0.0,1.0,0.0,0.0,0.0,0.0,0.0,0.0,1.0,0.1119,0.0,0.0,0.0,0.0,0.0,1.0,0.0,0.0,0.0,0.0,0.0,0.0,1.0,8.1164777497619e-10,0.0,0.0,0.0,0.0,0.0,1.0,0.0,0.0,0.0,0.0,0.0,0.0
64,DET_IX5A,Marker,0.0,0.0,0.0,0.0,0.0,0.0,0.0,1.0,0.0,0.0,0.0,0.0,0.0,0.0,1.0,0.0,0.0,0.0,0.0,0.0,0.0,1.0,0.0,0.0,0.0,0.0,0.0,0.0,1.0,0.0,0.0,0.0,0.0,0.0,0.0,1.0,0.0,0.0,0.0,0.0,0.0,0.0,1.0,0.0,0.0,0.0,0.0,0.0,0.0
65,D026,Drift,0.04,0.0,0.0,0.0,0.0,0.0,0.0,1.0,0.04,0.0,0.0,0.0,0.0,0.0,1.0,0.0,0.0,0.0,0.0,0.0,0.0,1.0,0.04,0.0,0.0,0.0,0.0,0.0,1.0,0.0,0.0,0.0,0.0,0.0,0.0,1.0,2.90133252895868e-10,0.0,0.0,0.0,0.0,0.0,1.0,0.0,0.0,0.0,0.0,0.0,0.0
66,QX5A,Quadrupole,0.4,0.0,0.0,0.0,0.0,0.0,0.0,0.879350751949285,0.383780184419823,0.0,0.0,0.0,0.0,-0.590812825286961,0.879350751949285,0.0,0.0,0.0,0.0,0.0,0.0,1.12570527217046,0.416624291017893,0.0,0.0,0.0,0.0,0.641374892326891,1.12570527217046,0.0,0.0,0.0,0.0,0.0,0.0,1.0,2.90133252895868e-09,0.0,0.0,0.0,0.0,0.0,1.0,0.0,0.0,0.0,0.0,0.0,0.0
67,D027,Drift,0.015,0.0,0.0,0.0,0.0,0.0,0.0,1.0,0.015,0.0,0.0,0.0,0.0,0.0,1.0,0.0,0.0,0.0,0.0,0.0,0.0,1.0,0.015,0.0,0.0,0.0,0.0,0.0,1.0,0.0,0.0,0.0,0.0,0.0,0.0,1.0,1.0879996983595e-10,0.0,0.0,0.0,0.0,0.0,1.0,0.0,0.0,0.0,0.0,0.0,0.0
68,DET_X5A,Marker,0.0,0.0,0.0,0.0,0.0,0.0,0.0,1.0,0.0,0.0,0.0,0.0,0.0,0.0,1.0,0.0,0.0,0.0,0.0,0.0,0.0,1.0,0.0,0.0,0.0,0.0,0.0,0.0,1.0,0.0,0.0,0.0,0.0,0.0,0.0,1.0,0.0,0.0,0.0,0.0,0.0,0.0,1.0,0.0,0.0,0.0,0.0,0.0,0.0
69,D028,Drift,0.0585,0.0,0.0,0.0,0.0,0.0,0.0,1.0,0.0585,0.0,0.0,0.0,0.0,0.0,1.0,0.0,0.0,0.0,0.0,0.0,0.0,1.0,0.0585,0.0,0.0,0.0,0.0,0.0,1.0,0.0,0.0,0.0,0.0,0.0,0.0,1.0,4.24319882360207e-10,0.0,0.0,0.0,0.0,0.0,1.0,0.0,0.0,0.0,0.0,0.0,0.0
70,HX5A,Kicker,0.169,0.0,0.0,0.0,0.0,0.0,0.0,1.0,0.169,0.0,0.0,0.0,0.0,0.0,1.0,0.0,0.0,0.0,0.0,0.0,0.0,1.0,0.169,0.0,0.0,0.0,0.0,0.0,1.0,0.0,0.0,0.0,0.0,0.0,0.0,1.0,1.22581299348504e-09,0.0,0.0,0.0,0.0,0.0,1.0,0.0,0.0,0.0,0.0,0.0,0.0
71,D029,Drift,0.08975,0.0,0.0,0.0,0.0,0.0,0.0,1.0,0.08975,0.0,0.0,0.0,0.0,0.0,1.0,0.0,0.0,0.0,0.0,0.0,0.0,1.0,0.08975,0.0,0.0,0.0,0.0,0.0,1.0,0.0,0.0,0.0,0.0,0.0,0.0,1.0,6.50986486185103e-10,0.0,0.0,0.0,0.0,0.0,1.0,0.0,0.0,0.0,0.0,0.0,0.0
72,DQX5B,SBend,2.3475,0.0,0.0,0.0,0.0,0.0,0.0,2.46662022074775,3.41031077202705,0.0,0.0,0.0,0.106898713651278,1.49083636456384,2.46662022074775,0.0,0.0,0.0,0.108663774971797,0.0,0.0,0.0168802374627587,1.51048486604785,0.0,0.0,0.0,0.0,-0.661850429656363,0.0168802374627587,0.0,0.0,-0.108663774971797,-0.106898713651278,0.0,0.0,1.0,-0.00246830369801031,0.0,0.0,0.0,0.0,0.0,1.0,0.0,0.0,0.0,0.0,0.0,0.0
73,D030,Drift,0.23325,0.0,0.0,0.0,0.0,0.0,0.0,1.0,0.23325,0.0,0.0,0.0,0.0,0.0,1.0,0.0,0.0,0.0,0.0,0.0,0.0,1.0,0.23325,0.0,0.0,0.0,0.0,0.0,1.0,0.0,0.0,0.0,0.0,0.0,0.0,1.0,1.69183953094903e-09,0.0,0.0,0.0,0.0,0.0,1.0,0.0,0.0,0.0,0.0,0.0,0.0
74,HX5B,Kicker,0.169,0.0,0.0,0.0,0.0,0.0,0.0,1.0,0.169,0.0,0.0,0.0,0.0,0.0,1.0,0.0,0.0,0.0,0.0,0.0,0.0,1.0,0.169,0.0,0.0,0.0,0.0,0.0,1.0,0.0,0.0,0.0,0.0,0.0,0.0,1.0,1.22581299348504e-09,0.0,0.0,0.0,0.0,0.0,1.0,0.0,0.0,0.0,0.0,0.0,0.0
75,D031,Drift,0.104,0.0,0.0,0.0,0.0,0.0,0.0,1.0,0.104,0.0,0.0,0.0,0.0,0.0,1.0,0.0,0.0,0.0,0.0,0.0,0.0,1.0,0.104,0.0,0.0,0.0,0.0,0.0,1.0,0.0,0.0,0.0,0.0,0.0,0.0,1.0,7.54346457529256e-10,0.0,0.0,0.0,0.0,0.0,1.0,0.0,0.0,0.0,0.0,0.0,0.0
76,DET_X5B,Marker,0.0,0.0,0.0,0.0,0.0,0.0,0.0,1.0,0.0,0.0,0.0,0.0,0.0,0.0,1.0,0.0,0.0,0.0,0.0,0.0,0.0,1.0,0.0,0.0,0.0,0.0,0.0,0.0,1.0,0.0,0.0,0.0,0.0,0.0,0.0,1.0,0.0,0.0,0.0,0.0,0.0,0.0,1.0,0.0,0.0,0.0,0.0,0.0,0.0
77,D032,Drift,0.035,0.0,0.0,0.0,0.0,0.0,0.0,1.0,0.035,0.0,0.0,0.0,0.0,0.0,1.0,0.0,0.0,0.0,0.0,0.0,0.0,1.0,0.035,0.0,0.0,0.0,0.0,0.0,1.0,0.0,0.0,0.0,0.0,0.0,0.0,1.0,2.53866596283884e-10,0.0,0.0,0.0,0.0,0.0,1.0,0.0,0.0,0.0,0.0,0.0,0.0
78,VX5B,Kicker,0.268,0.0,0.0,0.0,0.0,0.0,0.0,1.0,0.268,0.0,0.0,0.0,0.0,0.0,1.0,0.0,0.0,0.0,0.0,0.0,0.0,1.0,0.268,0.0,0.0,0.0,0.0,0.0,1.0,0.0,0.0,0.0,0.0,0.0,0.0,1.0,1.94389279440231e-09,0.0,0.0,0.0,0.0,0.0,1.0,0.0,0.0,0.0,0.0,0.0,0.0
79,D033,Drift,0.059,0.0,0.0,0.0,0.0,0.0,0.0,1.0,0.059,0.0,0.0,0.0,0.0,0.0,1.0,0.0,0.0,0.0,0.0,0.0,0.0,1.0,0.059,0.0,0.0,0.0,0.0,0.0,1.0,0.0,0.0,0.0,0.0,0.0,0.0,1.0,4.27946548021405e-10,0.0,0.0,0.0,0.0,0.0,1.0,0.0,0.0,0.0,0.0,0.0,0.0
80,QX5B,Quadrupole,0.362,0.0,0.0,0.0,0.0,0.0,0.0,0.90970182006935,0.351036976616797,0.0,0.0,0.0,0.0,-0.491237704427805,0.90970182006935,0.0,0.0,0.0,0.0,0.0,0.0,1.09310063968775,0.373165919664559,0.0,0.0,0.0,0.0,0.522204730434479,1.09310063968775,0.0,0.0,0.0,0.0,0.0,0.0,1.0,2.6257059387076e-09,0.0,0.0,0.0,0.0,0.0,1.0,0.0,0.0,0.0,0.0,0.0,0.0
81,GIRDER_5AB_END,Marker,0.0,0.0,0.0,0.0,0.0,0.0,0.0,1.0,0.0,0.0,0.0,0.0,0.0,0.0,1.0,0.0,0.0,0.0,0.0,0.0,0.0,1.0,0.0,0.0,0.0,0.0,0.0,0.0,1.0,0.0,0.0,0.0,0.0,0.0,0.0,1.0,0.0,0.0,0.0,0.0,0.0,0.0,1.0,0.0,0.0,0.0,0.0,0.0,0.0
82,D034,Drift,0.367,0.0,0.0,0.0,0.0,0.0,0.0,1.0,0.367,0.0,0.0,0.0,0.0,0.0,1.0,0.0,0.0,0.0,0.0,0.0,0.0,1.0,0.367,0.0,0.0,0.0,0.0,0.0,1.0,0.0,0.0,0.0,0.0,0.0,0.0,1.0,2.66197259531959e-09,0.0,0.0,0.0,0.0,0.0,1.0,0.0,0.0,0.0,0.0,0.0,0.0
83,GIRDER_5CD_START,Marker,0.0,0.0,0.0,0.0,0.0,0.0,0.0,1.0,0.0,0.0,0.0,0.0,0.0,0.0,1.0,0.0,0.0,0.0,0.0,0.0,0.0,1.0,0.0,0.0,0.0,0.0,0.0,0.0,1.0,0.0,0.0,0.0,0.0,0.0,0.0,1.0,0.0,0.0,0.0,0.0,0.0,0.0,1.0,0.0,0.0,0.0,0.0,0.0,0.0
84,QX5C,Quadrupole,0.362,0.0,0.0,0.0,0.0,0.0,0.0,0.90970182006935,0.351036976616797,0.0,0.0,0.0,0.0,-0.491237704427805,0.90970182006935,0.0,0.0,0.0,0.0,0.0,0.0,1.09310063968775,0.373165919664559,0.0,0.0,0.0,0.0,0.522204730434479,1.09310063968775,0.0,0.0,0.0,0.0,0.0,0.0,1.0,2.6257059387076e-09,0.0,0.0,0.0,0.0,0.0,1.0,0.0,0.0,0.0,0.0,0.0,0.0
85,D035,Drift,0.106,0.0,0.0,0.0,0.0,0.0,0.0,1.0,0.106,0.0,0.0,0.0,0.0,0.0,1.0,0.0,0.0,0.0,0.0,0.0,0.0,1.0,0.106,0.0,0.0,0.0,0.0,0.0,1.0,0.0,0.0,0.0,0.0,0.0,0.0,1.0,7.6885312017405e-10,0.0,0.0,0.0,0.0,0.0,1.0,0.0,0.0,0.0,0.0,0.0,0.0
86,VX5C#1,Kicker,0.07599999999999985,0.0,0.0,0.0,0.0,0.0,0.0,1.0,0.0759999999999998,0.0,0.0,0.0,0.0,0.0,1.0,0.0,0.0,0.0,0.0,0.0,0.0,1.0,0.0759999999999998,0.0,0.0,0.0,0.0,0.0,1.0,0.0,0.0,0.0,0.0,0.0,0.0,1.0,5.51253180502148e-10,0.0,0.0,0.0,0.0,0.0,1.0,0.0,0.0,0.0,0.0,0.0,0.0
87,DET_X5C,Marker,0.0,0.0,0.0,0.0,0.0,0.0,0.0,1.0,0.0,0.0,0.0,0.0,0.0,0.0,1.0,0.0,0.0,0.0,0.0,0.0,0.0,1.0,0.0,0.0,0.0,0.0,0.0,0.0,1.0,0.0,0.0,0.0,0.0,0.0,0.0,1.0,0.0,0.0,0.0,0.0,0.0,0.0,1.0,0.0,0.0,0.0,0.0,0.0,0.0
88,VX5C#2,Kicker,0.19200000000000017,0.0,0.0,0.0,0.0,0.0,0.0,1.0,0.192,0.0,0.0,0.0,0.0,0.0,1.0,0.0,0.0,0.0,0.0,0.0,0.0,1.0,0.192,0.0,0.0,0.0,0.0,0.0,1.0,0.0,0.0,0.0,0.0,0.0,0.0,1.0,1.39263961390017e-09,0.0,0.0,0.0,0.0,0.0,1.0,0.0,0.0,0.0,0.0,0.0,0.0
89,D036,Drift,0.095,0.0,0.0,0.0,0.0,0.0,0.0,1.0,0.095,0.0,0.0,0.0,0.0,0.0,1.0,0.0,0.0,0.0,0.0,0.0,0.0,1.0,0.095,0.0,0.0,0.0,0.0,0.0,1.0,0.0,0.0,0.0,0.0,0.0,0.0,1.0,6.89066475627686e-10,0.0,0.0,0.0,0.0,0.0,1.0,0.0,0.0,0.0,0.0,0.0,0.0
90,HX5C,Kicker,0.169,0.0,0.0,0.0,0.0,0.0,0.0,1.0,0.169,0.0,0.0,0.0,0.0,0.0,1.0,0.0,0.0,0.0,0.0,0.0,0.0,1.0,0.169,0.0,0.0,0.0,0.0,0.0,1.0,0.0,0.0,0.0,0.0,0.0,0.0,1.0,1.22581299348504e-09,0.0,0.0,0.0,0.0,0.0,1.0,0.0,0.0,0.0,0.0,0.0,0.0
91,D037,Drift,0.23025,0.0,0.0,0.0,0.0,0.0,0.0,1.0,0.23025,0.0,0.0,0.0,0.0,0.0,1.0,0.0,0.0,0.0,0.0,0.0,0.0,1.0,0.23025,0.0,0.0,0.0,0.0,0.0,1.0,0.0,0.0,0.0,0.0,0.0,0.0,1.0,1.67007953698184e-09,0.0,0.0,0.0,0.0,0.0,1.0,0.0,0.0,0.0,0.0,0.0,0.0
92,DQX5D,SBend,2.3475,0.0,0.0,0.0,0.0,0.0,0.0,2.46662022074775,3.41031077202705,0.0,0.0,0.0,0.106898713651278,1.49083636456384,2.46662022074775,0.0,0.0,0.0,0.108663774971797,0.0,0.0,0.0168802374627587,1.51048486604785,0.0,0.0,0.0,0.0,-0.661850429656363,0.0168802374627587,0.0,0.0,-0.108663774971797,-0.106898713651278,0.0,0.0,1.0,-0.00246830369801031,0.0,0.0,0.0,0.0,0.0,1.0,0.0,0.0,0.0,0.0,0.0,0.0
93,D038,Drift,0.08975,0.0,0.0,0.0,0.0,0.0,0.0,1.0,0.08975,0.0,0.0,0.0,0.0,0.0,1.0,0.0,0.0,0.0,0.0,0.0,0.0,1.0,0.08975,0.0,0.0,0.0,0.0,0.0,1.0,0.0,0.0,0.0,0.0,0.0,0.0,1.0,6.50986486185103e-10,0.0,0.0,0.0,0.0,0.0,1.0,0.0,0.0,0.0,0.0,0.0,0.0
94,HX5D,Kicker,0.169,0.0,0.0,0.0,0.0,0.0,0.0,1.0,0.169,0.0,0.0,0.0,0.0,0.0,1.0,0.0,0.0,0.0,0.0,0.0,0.0,1.0,0.169,0.0,0.0,0.0,0.0,0.0,1.0,0.0,0.0,0.0,0.0,0.0,0.0,1.0,1.22581299348504e-09,0.0,0.0,0.0,0.0,0.0,1.0,0.0,0.0,0.0,0.0,0.0,0.0
95,D039,Drift,0.0735,0.0,0.0,0.0,0.0,0.0,0.0,1.0,0.0735,0.0,0.0,0.0,0.0,0.0,1.0,0.0,0.0,0.0,0.0,0.0,0.0,1.0,0.0735,0.0,0.0,0.0,0.0,0.0,1.0,0.0,0.0,0.0,0.0,0.0,0.0,1.0,5.33119852196157e-10,0.0,0.0,0.0,0.0,0.0,1.0,0.0,0.0,0.0,0.0,0.0,0.0
96,QX5D,Quadrupole,0.4,0.0,0.0,0.0,0.0,0.0,0.0,0.879350751949285,0.383780184419823,0.0,0.0,0.0,0.0,-0.590812825286961,0.879350751949285,0.0,0.0,0.0,0.0,0.0,0.0,1.12570527217046,0.416624291017893,0.0,0.0,0.0,0.0,0.641374892326891,1.12570527217046,0.0,0.0,0.0,0.0,0.0,0.0,1.0,2.90133252895868e-09,0.0,0.0,0.0,0.0,0.0,1.0,0.0,0.0,0.0,0.0,0.0,0.0
97,D040,Drift,0.024,0.0,0.0,0.0,0.0,0.0,0.0,1.0,0.024,0.0,0.0,0.0,0.0,0.0,1.0,0.0,0.0,0.0,0.0,0.0,0.0,1.0,0.024,0.0,0.0,0.0,0.0,0.0,1.0,0.0,0.0,0.0,0.0,0.0,0.0,1.0,1.74079951737521e-10,0.0,0.0,0.0,0.0,0.0,1.0,0.0,0.0,0.0,0.0,0.0,0.0
98,DET_X5D,Marker,0.0,0.0,0.0,0.0,0.0,0.0,0.0,1.0,0.0,0.0,0.0,0.0,0.0,0.0,1.0,0.0,0.0,0.0,0.0,0.0,0.0,1.0,0.0,0.0,0.0,0.0,0.0,0.0,1.0,0.0,0.0,0.0,0.0,0.0,0.0,1.0,0.0,0.0,0.0,0.0,0.0,0.0,1.0,0.0,0.0,0.0,0.0,0.0,0.0
99,D041,Drift,0.08,0.0,0.0,0.0,0.0,0.0,0.0,1.0,0.08,0.0,0.0,0.0,0.0,0.0,1.0,0.0,0.0,0.0,0.0,0.0,0.0,1.0,0.08,0.0,0.0,0.0,0.0,0.0,1.0,0.0,0.0,0.0,0.0,0.0,0.0,1.0,5.80266505791736e-10,0.0,0.0,0.0,0.0,0.0,1.0,0.0,0.0,0.0,0.0,0.0,0.0
100,DET_S6A,Marker,0.0,0.0,0.0,0.0,0.0,0.0,0.0,1.0,0.0,0.0,0.0,0.0,0.0,0.0,1.0,0.0,0.0,0.0,0.0,0.0,0.0,1.0,0.0,0.0,0.0,0.0,0.0,0.0,1.0,0.0,0.0,0.0,0.0,0.0,0.0,1.0,0.0,0.0,0.0,0.0,0.0,0.0,1.0,0.0,0.0,0.0,0.0,0.0,0.0
101,D042,Drift,0.0249,0.0,0.0,0.0,0.0,0.0,0.0,1.0,0.0249,0.0,0.0,0.0,0.0,0.0,1.0,0.0,0.0,0.0,0.0,0.0,0.0,1.0,0.0249,0.0,0.0,0.0,0.0,0.0,1.0,0.0,0.0,0.0,0.0,0.0,0.0,1.0,1.80607949927678e-10,0.0,0.0,0.0,0.0,0.0,1.0,0.0,0.0,0.0,0.0,0.0,0.0
102,VX5D,Kicker,0.0762,0.0,0.0,0.0,0.0,0.0,0.0,1.0,0.0762,0.0,0.0,0.0,0.0,0.0,1.0,0.0,0.0,0.0,0.0,0.0,0.0,1.0,0.0762,0.0,0.0,0.0,0.0,0.0,1.0,0.0,0.0,0.0,0.0,0.0,0.0,1.0,5.52703846766628e-10,0.0,0.0,0.0,0.0,0.0,1.0,0.0,0.0,0.0,0.0,0.0,0.0
103,GIRDER_5CD_END,Marker,0.0,0.0,0.0,0.0,0.0,0.0,0.0,1.0,0.0,0.0,0.0,0.0,0.0,0.0,1.0,0.0,0.0,0.0,0.0,0.0,0.0,1.0,0.0,0.0,0.0,0.0,0.0,0.0,1.0,0.0,0.0,0.0,0.0,0.0,0.0,1.0,0.0,0.0,0.0,0.0,0.0,0.0,1.0,0.0,0.0,0.0,0.0,0.0,0.0
104,D043#1,Drift,2.188899999999985,0.0,0.0,0.0,0.0,0.0,0.0,1.0,2.18889999999999,0.0,0.0,0.0,0.0,0.0,1.0,0.0,0.0,0.0,0.0,0.0,0.0,1.0,2.18889999999999,0.0,0.0,0.0,0.0,0.0,1.0,0.0,0.0,0.0,0.0,0.0,0.0,1.0,1.5876816931594e-08,0.0,0.0,0.0,0.0,0.0,1.0,0.0,0.0,0.0,0.0,0.0,0.0
105,SECTOR_6,Marker,0.0,0.0,0.0,0.0,0.0,0.0,0.0,1.0,0.0,0.0,0.0,0.0,0.0,0.0,1.0,0.0,0.0,0.0,0.0,0.0,0.0,1.0,0.0,0.0,0.0,0.0,0.0,0.0,1.0,0.0,0.0,0.0,0.0,0.0,0.0,1.0,0.0,0.0,0.0,0.0,0.0,0.0,1.0,0.0,0.0,0.0,0.0,0.0,0.0
106,D043#2,Drift,2.165900000000015,0.0,0.0,0.0,0.0,0.0,0.0,1.0,2.16590000000001,0.0,0.0,0.0,0.0,0.0,1.0,0.0,0.0,0.0,0.0,0.0,0.0,1.0,2.16590000000001,0.0,0.0,0.0,0.0,0.0,1.0,0.0,0.0,0.0,0.0,0.0,0.0,1.0,1.57099903111791e-08,0.0,0.0,0.0,0.0,0.0,1.0,0.0,0.0,0.0,0.0,0.0,0.0
107,GIRDER_6AB_START,Marker,0.0,0.0,0.0,0.0,0.0,0.0,0.0,1.0,0.0,0.0,0.0,0.0,0.0,0.0,1.0,0.0,0.0,0.0,0.0,0.0,0.0,1.0,0.0,0.0,0.0,0.0,0.0,0.0,1.0,0.0,0.0,0.0,0.0,0.0,0.0,1.0,0.0,0.0,0.0,0.0,0.0,0.0,1.0,0.0,0.0,0.0,0.0,0.0,0.0
108,VX6A,Kicker,0.0762,0.0,0.0,0.0,0.0,0.0,0.0,1.0,0.0762,0.0,0.0,0.0,0.0,0.0,1.0,0.0,0.0,0.0,0.0,0.0,0.0,1.0,0.0762,0.0,0.0,0.0,0.0,0.0,1.0,0.0,0.0,0.0,0.0,0.0,0.0,1.0,5.52703846766628e-10,0.0,0.0,0.0,0.0,0.0,1.0,0.0,0.0,0.0,0.0,0.0,0.0
109,D044,Drift,0.1119,0.0,0.0,0.0,0.0,0.0,0.0,1.0,0.1119,0.0,0.0,0.0,0.0,0.0,1.0,0.0,0.0,0.0,0.0,0.0,0.0,1.0,0.1119,0.0,0.0,0.0,0.0,0.0,1.0,0.0,0.0,0.0,0.0,0.0,0.0,1.0,8.1164777497619e-10,0.0,0.0,0.0,0.0,0.0,1.0,0.0,0.0,0.0,0.0,0.0,0.0
110,DET_S6C,Marker,0.0,0.0,0.0,0.0,0.0,0.0,0.0,1.0,0.0,0.0,0.0,0.0,0.0,0.0,1.0,0.0,0.0,0.0,0.0,0.0,0.0,1.0,0.0,0.0,0.0,0.0,0.0,0.0,1.0,0.0,0.0,0.0,0.0,0.0,0.0,1.0,0.0,0.0,0.0,0.0,0.0,0.0,1.0,0.0,0.0,0.0,0.0,0.0,0.0
111,D045,Drift,0.04,0.0,0.0,0.0,0.0,0.0,0.0,1.0,0.04,0.0,0.0,0.0,0.0,0.0,1.0,0.0,0.0,0.0,0.0,0.0,0.0,1.0,0.04,0.0,0.0,0.0,0.0,0.0,1.0,0.0,0.0,0.0,0.0,0.0,0.0,1.0,2.90133252895868e-10,0.0,0.0,0.0,0.0,0.0,1.0,0.0,0.0,0.0,0.0,0.0,0.0
112,QX6A,Quadrupole,0.4,0.0,0.0,0.0,0.0,0.0,0.0,0.879350751949285,0.383780184419823,0.0,0.0,0.0,0.0,-0.590812825286961,0.879350751949285,0.0,0.0,0.0,0.0,0.0,0.0,1.12570527217046,0.416624291017893,0.0,0.0,0.0,0.0,0.641374892326891,1.12570527217046,0.0,0.0,0.0,0.0,0.0,0.0,1.0,2.90133252895868e-09,0.0,0.0,0.0,0.0,0.0,1.0,0.0,0.0,0.0,0.0,0.0,0.0
113,D046,Drift,0.015,0.0,0.0,0.0,0.0,0.0,0.0,1.0,0.015,0.0,0.0,0.0,0.0,0.0,1.0,0.0,0.0,0.0,0.0,0.0,0.0,1.0,0.015,0.0,0.0,0.0,0.0,0.0,1.0,0.0,0.0,0.0,0.0,0.0,0.0,1.0,1.0879996983595e-10,0.0,0.0,0.0,0.0,0.0,1.0,0.0,0.0,0.0,0.0,0.0,0.0
114,DET_X6A,Marker,0.0,0.0,0.0,0.0,0.0,0.0,0.0,1.0,0.0,0.0,0.0,0.0,0.0,0.0,1.0,0.0,0.0,0.0,0.0,0.0,0.0,1.0,0.0,0.0,0.0,0.0,0.0,0.0,1.0,0.0,0.0,0.0,0.0,0.0,0.0,1.0,0.0,0.0,0.0,0.0,0.0,0.0,1.0,0.0,0.0,0.0,0.0,0.0,0.0
115,D047,Drift,0.0585,0.0,0.0,0.0,0.0,0.0,0.0,1.0,0.0585,0.0,0.0,0.0,0.0,0.0,1.0,0.0,0.0,0.0,0.0,0.0,0.0,1.0,0.0585,0.0,0.0,0.0,0.0,0.0,1.0,0.0,0.0,0.0,0.0,0.0,0.0,1.0,4.24319882360207e-10,0.0,0.0,0.0,0.0,0.0,1.0,0.0,0.0,0.0,0.0,0.0,0.0
116,HX6A,Kicker,0.169,0.0,0.0,0.0,0.0,0.0,0.0,1.0,0.169,0.0,0.0,0.0,0.0,0.0,1.0,0.0,0.0,0.0,0.0,0.0,0.0,1.0,0.169,0.0,0.0,0.0,0.0,0.0,1.0,0.0,0.0,0.0,0.0,0.0,0.0,1.0,1.22581299348504e-09,0.0,0.0,0.0,0.0,0.0,1.0,0.0,0.0,0.0,0.0,0.0,0.0
117,D048,Drift,0.08975,0.0,0.0,0.0,0.0,0.0,0.0,1.0,0.08975,0.0,0.0,0.0,0.0,0.0,1.0,0.0,0.0,0.0,0.0,0.0,0.0,1.0,0.08975,0.0,0.0,0.0,0.0,0.0,1.0,0.0,0.0,0.0,0.0,0.0,0.0,1.0,6.50986486185103e-10,0.0,0.0,0.0,0.0,0.0,1.0,0.0,0.0,0.0,0.0,0.0,0.0
118,DQX6B,SBend,2.3475,0.0,0.0,0.0,0.0,0.0,0.0,2.46662022074775,3.41031077202705,0.0,0.0,0.0,0.106898713651278,1.49083636456384,2.46662022074775,0.0,0.0,0.0,0.108663774971797,0.0,0.0,0.0168802374627587,1.51048486604785,0.0,0.0,0.0,0.0,-0.661850429656363,0.0168802374627587,0.0,0.0,-0.108663774971797,-0.106898713651278,0.0,0.0,1.0,-0.00246830369801031,0.0,0.0,0.0,0.0,0.0,1.0,0.0,0.0,0.0,0.0,0.0,0.0
119,D049,Drift,0.22825,0.0,0.0,0.0,0.0,0.0,0.0,1.0,0.22825,0.0,0.0,0.0,0.0,0.0,1.0,0.0,0.0,0.0,0.0,0.0,0.0,1.0,0.22825,0.0,0.0,0.0,0.0,0.0,1.0,0.0,0.0,0.0,0.0,0.0,0.0,1.0,1.65557287433705e-09,0.0,0.0,0.0,0.0,0.0,1.0,0.0,0.0,0.0,0.0,0.0,0.0
120,HX6B,Kicker,0.169,0.0,0.0,0.0,0.0,0.0,0.0,1.0,0.169,0.0,0.0,0.0,0.0,0.0,1.0,0.0,0.0,0.0,0.0,0.0,0.0,1.0,0.169,0.0,0.0,0.0,0.0,0.0,1.0,0.0,0.0,0.0,0.0,0.0,0.0,1.0,1.22581299348504e-09,0.0,0.0,0.0,0.0,0.0,1.0,0.0,0.0,0.0,0.0,0.0,0.0
121,D050,Drift,0.109,0.0,0.0,0.0,0.0,0.0,0.0,1.0,0.109,0.0,0.0,0.0,0.0,0.0,1.0,0.0,0.0,0.0,0.0,0.0,0.0,1.0,0.109,0.0,0.0,0.0,0.0,0.0,1.0,0.0,0.0,0.0,0.0,0.0,0.0,1.0,7.9061311414124e-10,0.0,0.0,0.0,0.0,0.0,1.0,0.0,0.0,0.0,0.0,0.0,0.0
122,DET_X6B,Marker,0.0,0.0,0.0,0.0,0.0,0.0,0.0,1.0,0.0,0.0,0.0,0.0,0.0,0.0,1.0,0.0,0.0,0.0,0.0,0.0,0.0,1.0,0.0,0.0,0.0,0.0,0.0,0.0,1.0,0.0,0.0,0.0,0.0,0.0,0.0,1.0,0.0,0.0,0.0,0.0,0.0,0.0,1.0,0.0,0.0,0.0,0.0,0.0,0.0
123,D051,Drift,0.035,0.0,0.0,0.0,0.0,0.0,0.0,1.0,0.035,0.0,0.0,0.0,0.0,0.0,1.0,0.0,0.0,0.0,0.0,0.0,0.0,1.0,0.035,0.0,0.0,0.0,0.0,0.0,1.0,0.0,0.0,0.0,0.0,0.0,0.0,1.0,2.53866596283884e-10,0.0,0.0,0.0,0.0,0.0,1.0,0.0,0.0,0.0,0.0,0.0,0.0
124,VX6B,Kicker,0.268,0.0,0.0,0.0,0.0,0.0,0.0,1.0,0.268,0.0,0.0,0.0,0.0,0.0,1.0,0.0,0.0,0.0,0.0,0.0,0.0,1.0,0.268,0.0,0.0,0.0,0.0,0.0,1.0,0.0,0.0,0.0,0.0,0.0,0.0,1.0,1.94389279440231e-09,0.0,0.0,0.0,0.0,0.0,1.0,0.0,0.0,0.0,0.0,0.0,0.0
125,D052,Drift,0.059,0.0,0.0,0.0,0.0,0.0,0.0,1.0,0.059,0.0,0.0,0.0,0.0,0.0,1.0,0.0,0.0,0.0,0.0,0.0,0.0,1.0,0.059,0.0,0.0,0.0,0.0,0.0,1.0,0.0,0.0,0.0,0.0,0.0,0.0,1.0,4.27946548021405e-10,0.0,0.0,0.0,0.0,0.0,1.0,0.0,0.0,0.0,0.0,0.0,0.0
126,QX6B,Quadrupole,0.362,0.0,0.0,0.0,0.0,0.0,0.0,0.90970182006935,0.351036976616797,0.0,0.0,0.0,0.0,-0.491237704427805,0.90970182006935,0.0,0.0,0.0,0.0,0.0,0.0,1.09310063968775,0.373165919664559,0.0,0.0,0.0,0.0,0.522204730434479,1.09310063968775,0.0,0.0,0.0,0.0,0.0,0.0,1.0,2.6257059387076e-09,0.0,0.0,0.0,0.0,0.0,1.0,0.0,0.0,0.0,0.0,0.0,0.0
127,GIRDER_6AB_END,Marker,0.0,0.0,0.0,0.0,0.0,0.0,0.0,1.0,0.0,0.0,0.0,0.0,0.0,0.0,1.0,0.0,0.0,0.0,0.0,0.0,0.0,1.0,0.0,0.0,0.0,0.0,0.0,0.0,1.0,0.0,0.0,0.0,0.0,0.0,0.0,1.0,0.0,0.0,0.0,0.0,0.0,0.0,1.0,0.0,0.0,0.0,0.0,0.0,0.0
128,D053,Drift,0.367,0.0,0.0,0.0,0.0,0.0,0.0,1.0,0.367,0.0,0.0,0.0,0.0,0.0,1.0,0.0,0.0,0.0,0.0,0.0,0.0,1.0,0.367,0.0,0.0,0.0,0.0,0.0,1.0,0.0,0.0,0.0,0.0,0.0,0.0,1.0,2.66197259531959e-09,0.0,0.0,0.0,0.0,0.0,1.0,0.0,0.0,0.0,0.0,0.0,0.0
129,GIRDER_6CD_START,Marker,0.0,0.0,0.0,0.0,0.0,0.0,0.0,1.0,0.0,0.0,0.0,0.0,0.0,0.0,1.0,0.0,0.0,0.0,0.0,0.0,0.0,1.0,0.0,0.0,0.0,0.0,0.0,0.0,1.0,0.0,0.0,0.0,0.0,0.0,0.0,1.0,0.0,0.0,0.0,0.0,0.0,0.0,1.0,0.0,0.0,0.0,0.0,0.0,0.0
130,QX6C,Quadrupole,0.362,0.0,0.0,0.0,0.0,0.0,0.0,0.90970182006935,0.351036976616797,0.0,0.0,0.0,0.0,-0.491237704427805,0.90970182006935,0.0,0.0,0.0,0.0,0.0,0.0,1.09310063968775,0.373165919664559,0.0,0.0,0.0,0.0,0.522204730434479,1.09310063968775,0.0,0.0,0.0,0.0,0.0,0.0,1.0,2.6257059387076e-09,0.0,0.0,0.0,0.0,0.0,1.0,0.0,0.0,0.0,0.0,0.0,0.0
131,D054,Drift,0.106,0.0,0.0,0.0,0.0,0.0,0.0,1.0,0.106,0.0,0.0,0.0,0.0,0.0,1.0,0.0,0.0,0.0,0.0,0.0,0.0,1.0,0.106,0.0,0.0,0.0,0.0,0.0,1.0,0.0,0.0,0.0,0.0,0.0,0.0,1.0,7.6885312017405e-10,0.0,0.0,0.0,0.0,0.0,1.0,0.0,0.0,0.0,0.0,0.0,0.0
132,VX6C#1,Kicker,0.07599999999999985,0.0,0.0,0.0,0.0,0.0,0.0,1.0,0.0759999999999998,0.0,0.0,0.0,0.0,0.0,1.0,0.0,0.0,0.0,0.0,0.0,0.0,1.0,0.0759999999999998,0.0,0.0,0.0,0.0,0.0,1.0,0.0,0.0,0.0,0.0,0.0,0.0,1.0,5.51253180502148e-10,0.0,0.0,0.0,0.0,0.0,1.0,0.0,0.0,0.0,0.0,0.0,0.0
133,DET_X6C,Marker,0.0,0.0,0.0,0.0,0.0,0.0,0.0,1.0,0.0,0.0,0.0,0.0,0.0,0.0,1.0,0.0,0.0,0.0,0.0,0.0,0.0,1.0,0.0,0.0,0.0,0.0,0.0,0.0,1.0,0.0,0.0,0.0,0.0,0.0,0.0,1.0,0.0,0.0,0.0,0.0,0.0,0.0,1.0,0.0,0.0,0.0,0.0,0.0,0.0
134,VX6C#2,Kicker,0.19200000000000017,0.0,0.0,0.0,0.0,0.0,0.0,1.0,0.192,0.0,0.0,0.0,0.0,0.0,1.0,0.0,0.0,0.0,0.0,0.0,0.0,1.0,0.192,0.0,0.0,0.0,0.0,0.0,1.0,0.0,0.0,0.0,0.0,0.0,0.0,1.0,1.39263961390017e-09,0.0,0.0,0.0,0.0,0.0,1.0,0.0,0.0,0.0,0.0,0.0,0.0
135,D055,Drift,0.09,0.0,0.0,0.0,0.0,0.0,0.0,1.0,0.09,0.0,0.0,0.0,0.0,0.0,1.0,0.0,0.0,0.0,0.0,0.0,0.0,1.0,0.09,0.0,0.0,0.0,0.0,0.0,1.0,0.0,0.0,0.0,0.0,0.0,0.0,1.0,6.52799819015703e-10,0.0,0.0,0.0,0.0,0.0,1.0,0.0,0.0,0.0,0.0,0.0,0.0
136,HX6C,Kicker,0.169,0.0,0.0,0.0,0.0,0.0,0.0,1.0,0.169,0.0,0.0,0.0,0.0,0.0,1.0,0.0,0.0,0.0,0.0,0.0,0.0,1.0,0.169,0.0,0.0,0.0,0.0,0.0,1.0,0.0,0.0,0.0,0.0,0.0,0.0,1.0,1.22581299348504e-09,0.0,0.0,0.0,0.0,0.0,1.0,0.0,0.0,0.0,0.0,0.0,0.0
137,D056,Drift,0.23525,0.0,0.0,0.0,0.0,0.0,0.0,1.0,0.23525,0.0,0.0,0.0,0.0,0.0,1.0,0.0,0.0,0.0,0.0,0.0,0.0,1.0,0.23525,0.0,0.0,0.0,0.0,0.0,1.0,0.0,0.0,0.0,0.0,0.0,0.0,1.0,1.70634619359382e-09,0.0,0.0,0.0,0.0,0.0,1.0,0.0,0.0,0.0,0.0,0.0,0.0
138,DQX6D,SBend,2.3475,0.0,0.0,0.0,0.0,0.0,0.0,2.46662022074775,3.41031077202705,0.0,0.0,0.0,0.106898713651278,1.49083636456384,2.46662022074775,0.0,0.0,0.0,0.108663774971797,0.0,0.0,0.0168802374627587,1.51048486604785,0.0,0.0,0.0,0.0,-0.661850429656363,0.0168802374627587,0.0,0.0,-0.108663774971797,-0.106898713651278,0.0,0.0,1.0,-0.00246830369801031,0.0,0.0,0.0,0.0,0.0,1.0,0.0,0.0,0.0,0.0,0.0,0.0
139,D057,Drift,0.08875,0.0,0.0,0.0,0.0,0.0,0.0,1.0,0.08875,0.0,0.0,0.0,0.0,0.0,1.0,0.0,0.0,0.0,0.0,0.0,0.0,1.0,0.08875,0.0,0.0,0.0,0.0,0.0,1.0,0.0,0.0,0.0,0.0,0.0,0.0,1.0,6.43733154862707e-10,0.0,0.0,0.0,0.0,0.0,1.0,0.0,0.0,0.0,0.0,0.0,0.0
140,HX6D,Kicker,0.169,0.0,0.0,0.0,0.0,0.0,0.0,1.0,0.169,0.0,0.0,0.0,0.0,0.0,1.0,0.0,0.0,0.0,0.0,0.0,0.0,1.0,0.169,0.0,0.0,0.0,0.0,0.0,1.0,0.0,0.0,0.0,0.0,0.0,0.0,1.0,1.22581299348504e-09,0.0,0.0,0.0,0.0,0.0,1.0,0.0,0.0,0.0,0.0,0.0,0.0
141,D058,Drift,0.0735,0.0,0.0,0.0,0.0,0.0,0.0,1.0,0.0735,0.0,0.0,0.0,0.0,0.0,1.0,0.0,0.0,0.0,0.0,0.0,0.0,1.0,0.0735,0.0,0.0,0.0,0.0,0.0,1.0,0.0,0.0,0.0,0.0,0.0,0.0,1.0,5.33119852196157e-10,0.0,0.0,0.0,0.0,0.0,1.0,0.0,0.0,0.0,0.0,0.0,0.0
142,QX6D,Quadrupole,0.4,0.0,0.0,0.0,0.0,0.0,0.0,0.873925534849828,0.383044371860822,0.0,0.0,0.0,0.0,-0.616780135391949,0.873925534849828,0.0,0.0,0.0,0.0,0.0,0.0,1.13160590841519,0.417398135830301,0.0,0.0,0.0,0.0,0.67209675338423,1.13160590841519,0.0,0.0,0.0,0.0,0.0,0.0,1.0,2.90133252895868e-09,0.0,0.0,0.0,0.0,0.0,1.0,0.0,0.0,0.0,0.0,0.0,0.0
143,D059,Drift,0.024,0.0,0.0,0.0,0.0,0.0,0.0,1.0,0.024,0.0,0.0,0.0,0.0,0.0,1.0,0.0,0.0,0.0,0.0,0.0,0.0,1.0,0.024,0.0,0.0,0.0,0.0,0.0,1.0,0.0,0.0,0.0,0.0,0.0,0.0,1.0,1.74079951737521e-10,0.0,0.0,0.0,0.0,0.0,1.0,0.0,0.0,0.0,0.0,0.0,0.0
144,DET_X6D,Marker,0.0,0.0,0.0,0.0,0.0,0.0,0.0,1.0,0.0,0.0,0.0,0.0,0.0,0.0,1.0,0.0,0.0,0.0,0.0,0.0,0.0,1.0,0.0,0.0,0.0,0.0,0.0,0.0,1.0,0.0,0.0,0.0,0.0,0.0,0.0,1.0,0.0,0.0,0.0,0.0,0.0,0.0,1.0,0.0,0.0,0.0,0.0,0.0,0.0
145,D060,Drift,0.08,0.0,0.0,0.0,0.0,0.0,0.0,1.0,0.08,0.0,0.0,0.0,0.0,0.0,1.0,0.0,0.0,0.0,0.0,0.0,0.0,1.0,0.08,0.0,0.0,0.0,0.0,0.0,1.0,0.0,0.0,0.0,0.0,0.0,0.0,1.0,5.80266505791736e-10,0.0,0.0,0.0,0.0,0.0,1.0,0.0,0.0,0.0,0.0,0.0,0.0
146,DET_S7A,Marker,0.0,0.0,0.0,0.0,0.0,0.0,0.0,1.0,0.0,0.0,0.0,0.0,0.0,0.0,1.0,0.0,0.0,0.0,0.0,0.0,0.0,1.0,0.0,0.0,0.0,0.0,0.0,0.0,1.0,0.0,0.0,0.0,0.0,0.0,0.0,1.0,0.0,0.0,0.0,0.0,0.0,0.0,1.0,0.0,0.0,0.0,0.0,0.0,0.0
147,D061,Drift,0.0249,0.0,0.0,0.0,0.0,0.0,0.0,1.0,0.0249,0.0,0.0,0.0,0.0,0.0,1.0,0.0,0.0,0.0,0.0,0.0,0.0,1.0,0.0249,0.0,0.0,0.0,0.0,0.0,1.0,0.0,0.0,0.0,0.0,0.0,0.0,1.0,1.80607949927678e-10,0.0,0.0,0.0,0.0,0.0,1.0,0.0,0.0,0.0,0.0,0.0,0.0
148,VX6D,Kicker,0.0762,0.0,0.0,0.0,0.0,0.0,0.0,1.0,0.0762,0.0,0.0,0.0,0.0,0.0,1.0,0.0,0.0,0.0,0.0,0.0,0.0,1.0,0.0762,0.0,0.0,0.0,0.0,0.0,1.0,0.0,0.0,0.0,0.0,0.0,0.0,1.0,5.52703846766628e-10,0.0,0.0,0.0,0.0,0.0,1.0,0.0,0.0,0.0,0.0,0.0,0.0
149,GIRDER_6CD_END,Marker,0.0,0.0,0.0,0.0,0.0,0.0,0.0,1.0,0.0,0.0,0.0,0.0,0.0,0.0,1.0,0.0,0.0,0.0,0.0,0.0,0.0,1.0,0.0,0.0,0.0,0.0,0.0,0.0,1.0,0.0,0.0,0.0,0.0,0.0,0.0,1.0,0.0,0.0,0.0,0.0,0.0,0.0,1.0,0.0,0.0,0.0,0.0,0.0,0.0
150,D062,Drift,0.2149,0.0,0.0,0.0,0.0,0.0,0.0,1.0,0.2149,0.0,0.0,0.0,0.0,0.0,1.0,0.0,0.0,0.0,0.0,0.0,0.0,1.0,0.2149,0.0,0.0,0.0,0.0,0.0,1.0,0.0,0.0,0.0,0.0,0.0,0.0,1.0,1.55874090118305e-09,0.0,0.0,0.0,0.0,0.0,1.0,0.0,0.0,0.0,0.0,0.0,0.0
151,HS7A,SBend,0.11,0.0,0.0,0.0,0.0,0.0,0.0,1.0,0.11,0.0,0.0,0.0,0.0,0.0,1.0,0.0,0.0,0.0,0.0,0.0,0.0,1.0,0.11,0.0,0.0,0.0,0.0,0.0,1.0,0.0,0.0,0.0,0.0,0.0,0.0,1.0,7.97866445463637e-10,0.0,0.0,0.0,0.0,0.0,1.0,0.0,0.0,0.0,0.0,0.0,0.0
152,D063,Drift,0.06,0.0,0.0,0.0,0.0,0.0,0.0,1.0,0.06,0.0,0.0,0.0,0.0,0.0,1.0,0.0,0.0,0.0,0.0,0.0,0.0,1.0,0.06,0.0,0.0,0.0,0.0,0.0,1.0,0.0,0.0,0.0,0.0,0.0,0.0,1.0,4.35199879343802e-10,0.0,0.0,0.0,0.0,0.0,1.0,0.0,0.0,0.0,0.0,0.0,0.0
153,UNDS7A#1,Drift,0.7419999999999956,0.0,0.0,0.0,0.0,0.0,0.0,1.0,0.741999999999996,0.0,0.0,0.0,0.0,0.0,1.0,0.0,0.0,0.0,0.0,0.0,0.0,1.0,0.741999999999996,0.0,0.0,0.0,0.0,0.0,1.0,0.0,0.0,0.0,0.0,0.0,0.0,1.0,5.38197184121832e-09,0.0,0.0,0.0,0.0,0.0,1.0,0.0,0.0,0.0,0.0,0.0,0.0
154,LS_7A,Photon_Fork,0.0,0.0,0.0,0.0,0.0,0.0,0.0,1.0,0.0,0.0,0.0,0.0,0.0,0.0,1.0,0.0,0.0,0.0,0.0,0.0,0.0,1.0,0.0,0.0,0.0,0.0,0.0,0.0,1.0,0.0,0.0,0.0,0.0,0.0,0.0,1.0,0.0,0.0,0.0,0.0,0.0,0.0,1.0,0.0,0.0,0.0,0.0,0.0,0.0
155,UNDS7A#2,Drift,0.7420000000000044,0.0,0.0,0.0,0.0,0.0,0.0,1.0,0.742000000000004,0.0,0.0,0.0,0.0,0.0,1.0,0.0,0.0,0.0,0.0,0.0,0.0,1.0,0.742000000000004,0.0,0.0,0.0,0.0,0.0,1.0,0.0,0.0,0.0,0.0,0.0,0.0,1.0,5.38197184121838e-09,0.0,0.0,0.0,0.0,0.0,1.0,0.0,0.0,0.0,0.0,0.0,0.0
156,D064,Drift,0.206,0.0,0.0,0.0,0.0,0.0,0.0,1.0,0.206,0.0,0.0,0.0,0.0,0.0,1.0,0.0,0.0,0.0,0.0,0.0,0.0,1.0,0.206,0.0,0.0,0.0,0.0,0.0,1.0,0.0,0.0,0.0,0.0,0.0,0.0,1.0,1.49418625241372e-09,0.0,0.0,0.0,0.0,0.0,1.0,0.0,0.0,0.0,0.0,0.0,0.0
157,HS7B,SBend,0.05,0.0,0.0,0.0,0.0,0.0,0.0,1.0,0.05,0.0,0.0,0.0,0.0,0.0,1.0,0.0,0.0,0.0,0.0,0.0,0.0,1.0,0.05,0.0,0.0,0.0,0.0,0.0,1.0,0.0,0.0,0.0,0.0,0.0,0.0,1.0,3.62666566119835e-10,0.0,0.0,0.0,0.0,0.0,1.0,0.0,0.0,0.0,0.0,0.0,0.0
158,D065#1,Drift,0.0649999999999995,0.0,0.0,0.0,0.0,0.0,0.0,1.0,0.0649999999999995,0.0,0.0,0.0,0.0,0.0,1.0,0.0,0.0,0.0,0.0,0.0,0.0,1.0,0.0649999999999995,0.0,0.0,0.0,0.0,0.0,1.0,0.0,0.0,0.0,0.0,0.0,0.0,1.0,4.71466535955782e-10,0.0,0.0,0.0,0.0,0.0,1.0,0.0,0.0,0.0,0.0,0.0,0.0
159,SECTOR_7,Marker,0.0,0.0,0.0,0.0,0.0,0.0,0.0,1.0,0.0,0.0,0.0,0.0,0.0,0.0,1.0,0.0,0.0,0.0,0.0,0.0,0.0,1.0,0.0,0.0,0.0,0.0,0.0,0.0,1.0,0.0,0.0,0.0,0.0,0.0,0.0,1.0,0.0,0.0,0.0,0.0,0.0,0.0,1.0,0.0,0.0,0.0,0.0,0.0,0.0
160,D065#2,Drift,0.2010000000000005,0.0,0.0,0.0,0.0,0.0,0.0,1.0,0.201000000000001,0.0,0.0,0.0,0.0,0.0,1.0,0.0,0.0,0.0,0.0,0.0,0.0,1.0,0.201000000000001,0.0,0.0,0.0,0.0,0.0,1.0,0.0,0.0,0.0,0.0,0.0,0.0,1.0,1.45791959580174e-09,0.0,0.0,0.0,0.0,0.0,1.0,0.0,0.0,0.0,0.0,0.0,0.0
161,UNDS7B#1,Drift,0.7419999999999956,0.0,0.0,0.0,0.0,0.0,0.0,1.0,0.741999999999996,0.0,0.0,0.0,0.0,0.0,1.0,0.0,0.0,0.0,0.0,0.0,0.0,1.0,0.741999999999996,0.0,0.0,0.0,0.0,0.0,1.0,0.0,0.0,0.0,0.0,0.0,0.0,1.0,5.38197184121832e-09,0.0,0.0,0.0,0.0,0.0,1.0,0.0,0.0,0.0,0.0,0.0,0.0
162,LS_7B1_7B2,Photon_Fork,0.0,0.0,0.0,0.0,0.0,0.0,0.0,1.0,0.0,0.0,0.0,0.0,0.0,0.0,1.0,0.0,0.0,0.0,0.0,0.0,0.0,1.0,0.0,0.0,0.0,0.0,0.0,0.0,1.0,0.0,0.0,0.0,0.0,0.0,0.0,1.0,0.0,0.0,0.0,0.0,0.0,0.0,1.0,0.0,0.0,0.0,0.0,0.0,0.0
163,UNDS7B#2,Drift,0.7420000000000044,0.0,0.0,0.0,0.0,0.0,0.0,1.0,0.742000000000004,0.0,0.0,0.0,0.0,0.0,1.0,0.0,0.0,0.0,0.0,0.0,0.0,1.0,0.742000000000004,0.0,0.0,0.0,0.0,0.0,1.0,0.0,0.0,0.0,0.0,0.0,0.0,1.0,5.38197184121838e-09,0.0,0.0,0.0,0.0,0.0,1.0,0.0,0.0,0.0,0.0,0.0,0.0
164,D066,Drift,0.004,0.0,0.0,0.0,0.0,0.0,0.0,1.0,0.004,0.0,0.0,0.0,0.0,0.0,1.0,0.0,0.0,0.0,0.0,0.0,0.0,1.0,0.004,0.0,0.0,0.0,0.0,0.0,1.0,0.0,0.0,0.0,0.0,0.0,0.0,1.0,2.90133252895868e-11,0.0,0.0,0.0,0.0,0.0,1.0,0.0,0.0,0.0,0.0,0.0,0.0
165,HS7C,SBend,0.11,0.0,0.0,0.0,0.0,0.0,0.0,1.0,0.11,0.0,0.0,0.0,0.0,0.0,1.0,0.0,0.0,0.0,0.0,0.0,0.0,1.0,0.11,0.0,0.0,0.0,0.0,0.0,1.0,0.0,0.0,0.0,0.0,0.0,0.0,1.0,7.97866445463637e-10,0.0,0.0,0.0,0.0,0.0,1.0,0.0,0.0,0.0,0.0,0.0,0.0
166,D067,Drift,0.063,0.0,0.0,0.0,0.0,0.0,0.0,1.0,0.063,0.0,0.0,0.0,0.0,0.0,1.0,0.0,0.0,0.0,0.0,0.0,0.0,1.0,0.063,0.0,0.0,0.0,0.0,0.0,1.0,0.0,0.0,0.0,0.0,0.0,0.0,1.0,4.56959873310992e-10,0.0,0.0,0.0,0.0,0.0,1.0,0.0,0.0,0.0,0.0,0.0,0.0
167,DET_S7C,Marker,0.0,0.0,0.0,0.0,0.0,0.0,0.0,1.0,0.0,0.0,0.0,0.0,0.0,0.0,1.0,0.0,0.0,0.0,0.0,0.0,0.0,1.0,0.0,0.0,0.0,0.0,0.0,0.0,1.0,0.0,0.0,0.0,0.0,0.0,0.0,1.0,0.0,0.0,0.0,0.0,0.0,0.0,1.0,0.0,0.0,0.0,0.0,0.0,0.0
168,DET_9W,Marker,0.0,0.0,0.0,0.0,0.0,0.0,0.0,1.0,0.0,0.0,0.0,0.0,0.0,0.0,1.0,0.0,0.0,0.0,0.0,0.0,0.0,1.0,0.0,0.0,0.0,0.0,0.0,0.0,1.0,0.0,0.0,0.0,0.0,0.0,0.0,1.0,0.0,0.0,0.0,0.0,0.0,0.0,1.0,0.0,0.0,0.0,0.0,0.0,0.0
169,D068,Drift,0.0105,0.0,0.0,0.0,0.0,0.0,0.0,1.0,0.0105,0.0,0.0,0.0,0.0,0.0,1.0,0.0,0.0,0.0,0.0,0.0,0.0,1.0,0.0105,0.0,0.0,0.0,0.0,0.0,1.0,0.0,0.0,0.0,0.0,0.0,0.0,1.0,7.61599788851653e-11,0.0,0.0,0.0,0.0,0.0,1.0,0.0,0.0,0.0,0.0,0.0,0.0
170,Q09W,Quadrupole,0.141,0.0,0.0,0.0,0.0,0.0,0.0,1.00334733750843,0.141157289782887,0.0,0.0,0.0,0.0,0.047506435519979,1.00334733750843,0.0,0.0,0.0,0.0,0.0,0.0,0.996656393218704,0.140842815423617,0.0,0.0,0.0,0.0,-0.0474005992865523,0.996656393218704,0.0,0.0,0.0,0.0,0.0,0.0,1.0,1.02271971645793e-09,0.0,0.0,0.0,0.0,0.0,1.0,0.0,0.0,0.0,0.0,0.0,0.0
171,D069,Drift,0.9295,0.0,0.0,0.0,0.0,0.0,0.0,1.0,0.9295,0.0,0.0,0.0,0.0,0.0,1.0,0.0,0.0,0.0,0.0,0.0,0.0,1.0,0.9295,0.0,0.0,0.0,0.0,0.0,1.0,0.0,0.0,0.0,0.0,0.0,0.0,1.0,6.74197146416773e-09,0.0,0.0,0.0,0.0,0.0,1.0,0.0,0.0,0.0,0.0,0.0,0.0
172,RF_W1,RFCavity,1.8,0.0,0.0,0.0,0.0,0.0,0.0,1.0,1.8,0.0,0.0,0.0,0.0,0.0,1.0,0.0,0.0,0.0,0.0,0.0,0.0,1.0,1.8,0.0,0.0,0.0,0.0,0.0,1.0,0.0,0.0,0.0,0.0,0.0,0.0,1.00000000001709,1.30559963803877e-08,0.0,0.0,0.0,0.0,0.00261854626171588,1.00000000001709,0.0,0.0,0.0,0.0,0.0,0.0
173,D070,Drift,1.199,0.0,0.0,0.0,0.0,0.0,0.0,1.0,1.199,0.0,0.0,0.0,0.0,0.0,1.0,0.0,0.0,0.0,0.0,0.0,0.0,1.0,1.199,0.0,0.0,0.0,0.0,0.0,1.0,0.0,0.0,0.0,0.0,0.0,0.0,1.0,8.69674425555364e-09,0.0,0.0,0.0,0.0,0.0,1.0,0.0,0.0,0.0,0.0,0.0,0.0
174,RF_W2,RFCavity,1.8,0.0,0.0,0.0,0.0,0.0,0.0,1.0,1.8,0.0,0.0,0.0,0.0,0.0,1.0,0.0,0.0,0.0,0.0,0.0,0.0,1.0,1.8,0.0,0.0,0.0,0.0,0.0,1.0,0.0,0.0,0.0,0.0,0.0,0.0,1.00000000001709,1.30559963803877e-08,0.0,0.0,0.0,0.0,0.00261854626171588,1.00000000001709,0.0,0.0,0.0,0.0,0.0,0.0
175,D071,Drift,0.552,0.0,0.0,0.0,0.0,0.0,0.0,1.0,0.552,0.0,0.0,0.0,0.0,0.0,1.0,0.0,0.0,0.0,0.0,0.0,0.0,1.0,0.552,0.0,0.0,0.0,0.0,0.0,1.0,0.0,0.0,0.0,0.0,0.0,0.0,1.0,4.00383888996298e-09,0.0,0.0,0.0,0.0,0.0,1.0,0.0,0.0,0.0,0.0,0.0,0.0
176,DET_9AW,Marker,0.0,0.0,0.0,0.0,0.0,0.0,0.0,1.0,0.0,0.0,0.0,0.0,0.0,0.0,1.0,0.0,0.0,0.0,0.0,0.0,0.0,1.0,0.0,0.0,0.0,0.0,0.0,0.0,1.0,0.0,0.0,0.0,0.0,0.0,0.0,1.0,0.0,0.0,0.0,0.0,0.0,0.0,1.0,0.0,0.0,0.0,0.0,0.0,0.0
177,D072,Drift,0.098,0.0,0.0,0.0,0.0,0.0,0.0,1.0,0.098,0.0,0.0,0.0,0.0,0.0,1.0,0.0,0.0,0.0,0.0,0.0,0.0,1.0,0.098,0.0,0.0,0.0,0.0,0.0,1.0,0.0,0.0,0.0,0.0,0.0,0.0,1.0,7.10826469594876e-10,0.0,0.0,0.0,0.0,0.0,1.0,0.0,0.0,0.0,0.0,0.0,0.0
178,Q09AW,Quadrupole,0.6,0.0,0.0,0.0,0.0,0.0,0.0,0.947816298055392,0.589526492619892,0.0,0.0,0.0,0.0,-0.17241678942851,0.947816298055392,0.0,0.0,0.0,0.0,0.0,0.0,1.05310750432245,0.610584363340344,0.0,0.0,0.0,0.0,0.178575512585608,1.05310750432245,0.0,0.0,0.0,0.0,0.0,0.0,1.0,4.35199879343802e-09,0.0,0.0,0.0,0.0,0.0,1.0,0.0,0.0,0.0,0.0,0.0,0.0
179,D073,Drift,0.06,0.0,0.0,0.0,0.0,0.0,0.0,1.0,0.06,0.0,0.0,0.0,0.0,0.0,1.0,0.0,0.0,0.0,0.0,0.0,0.0,1.0,0.06,0.0,0.0,0.0,0.0,0.0,1.0,0.0,0.0,0.0,0.0,0.0,0.0,1.0,4.35199879343802e-10,0.0,0.0,0.0,0.0,0.0,1.0,0.0,0.0,0.0,0.0,0.0,0.0
180,SEX_09AW,Sextupole,0.272,0.0,0.0,0.0,0.0,0.0,0.0,1.0,0.272,0.0,0.0,0.0,0.0,0.0,1.0,0.0,0.0,0.0,0.0,0.0,0.0,1.0,0.272,0.0,0.0,0.0,0.0,0.0,1.0,0.0,0.0,0.0,0.0,0.0,0.0,1.0,1.9729061196919e-09,0.0,0.0,0.0,0.0,0.0,1.0,0.0,0.0,0.0,0.0,0.0,0.0
181,D074,Drift,0.186,0.0,0.0,0.0,0.0,0.0,0.0,1.0,0.186,0.0,0.0,0.0,0.0,0.0,1.0,0.0,0.0,0.0,0.0,0.0,0.0,1.0,0.186,0.0,0.0,0.0,0.0,0.0,1.0,0.0,0.0,0.0,0.0,0.0,0.0,1.0,1.34911962596579e-09,0.0,0.0,0.0,0.0,0.0,1.0,0.0,0.0,0.0,0.0,0.0,0.0
182,HKICK_9AW,Kicker,0.064,0.0,0.0,0.0,0.0,0.0,0.0,1.0,0.064,0.0,0.0,0.0,0.0,0.0,1.0,0.0,0.0,0.0,0.0,0.0,0.0,1.0,0.064,0.0,0.0,0.0,0.0,0.0,1.0,0.0,0.0,0.0,0.0,0.0,0.0,1.0,4.64213204633389e-10,0.0,0.0,0.0,0.0,0.0,1.0,0.0,0.0,0.0,0.0,0.0,0.0
183,D075,Drift,0.053,0.0,0.0,0.0,0.0,0.0,0.0,1.0,0.053,0.0,0.0,0.0,0.0,0.0,1.0,0.0,0.0,0.0,0.0,0.0,0.0,1.0,0.053,0.0,0.0,0.0,0.0,0.0,1.0,0.0,0.0,0.0,0.0,0.0,0.0,1.0,3.84426560087025e-10,0.0,0.0,0.0,0.0,0.0,1.0,0.0,0.0,0.0,0.0,0.0,0.0
184,DET_I10W,Marker,0.0,0.0,0.0,0.0,0.0,0.0,0.0,1.0,0.0,0.0,0.0,0.0,0.0,0.0,1.0,0.0,0.0,0.0,0.0,0.0,0.0,1.0,0.0,0.0,0.0,0.0,0.0,0.0,1.0,0.0,0.0,0.0,0.0,0.0,0.0,1.0,0.0,0.0,0.0,0.0,0.0,0.0,1.0,0.0,0.0,0.0,0.0,0.0,0.0
185,D076,Drift,0.5086,0.0,0.0,0.0,0.0,0.0,0.0,1.0,0.5086,0.0,0.0,0.0,0.0,0.0,1.0,0.0,0.0,0.0,0.0,0.0,0.0,1.0,0.5086,0.0,0.0,0.0,0.0,0.0,1.0,0.0,0.0,0.0,0.0,0.0,0.0,1.0,3.68904431057096e-09,0.0,0.0,0.0,0.0,0.0,1.0,0.0,0.0,0.0,0.0,0.0,0.0
186,DET_10W,Marker,0.0,0.0,0.0,0.0,0.0,0.0,0.0,1.0,0.0,0.0,0.0,0.0,0.0,0.0,1.0,0.0,0.0,0.0,0.0,0.0,0.0,1.0,0.0,0.0,0.0,0.0,0.0,0.0,1.0,0.0,0.0,0.0,0.0,0.0,0.0,1.0,0.0,0.0,0.0,0.0,0.0,0.0,1.0,0.0,0.0,0.0,0.0,0.0,0.0
187,D077,Drift,0.0844,0.0,0.0,0.0,0.0,0.0,0.0,1.0,0.0844,0.0,0.0,0.0,0.0,0.0,1.0,0.0,0.0,0.0,0.0,0.0,0.0,1.0,0.0844,0.0,0.0,0.0,0.0,0.0,1.0,0.0,0.0,0.0,0.0,0.0,0.0,1.0,6.12181163610281e-10,0.0,0.0,0.0,0.0,0.0,1.0,0.0,0.0,0.0,0.0,0.0,0.0
188,Q10W,Quadrupole,0.6,0.0,0.0,0.0,0.0,0.0,0.0,1.07854052439343,0.61562735867816,0.0,0.0,0.0,0.0,0.265176101187866,1.07854052439343,0.0,0.0,0.0,0.0,0.0,0.0,0.923463314999122,0.58461310051932,0.0,0.0,0.0,0.0,-0.251816980700671,0.923463314999122,0.0,0.0,0.0,0.0,0.0,0.0,1.0,4.35199879343802e-09,0.0,0.0,0.0,0.0,0.0,1.0,0.0,0.0,0.0,0.0,0.0,0.0
189,D078,Drift,0.078,0.0,0.0,0.0,0.0,0.0,0.0,1.0,0.078,0.0,0.0,0.0,0.0,0.0,1.0,0.0,0.0,0.0,0.0,0.0,0.0,1.0,0.078,0.0,0.0,0.0,0.0,0.0,1.0,0.0,0.0,0.0,0.0,0.0,0.0,1.0,5.65759843146942e-10,0.0,0.0,0.0,0.0,0.0,1.0,0.0,0.0,0.0,0.0,0.0,0.0
190,SEX_10W,Sextupole,0.272,0.0,0.0,0.0,0.0,0.0,0.0,1.0,0.272,0.0,0.0,0.0,0.0,0.0,1.0,0.0,0.0,0.0,0.0,0.0,0.0,1.0,0.272,0.0,0.0,0.0,0.0,0.0,1.0,0.0,0.0,0.0,0.0,0.0,0.0,1.0,1.9729061196919e-09,0.0,0.0,0.0,0.0,0.0,1.0,0.0,0.0,0.0,0.0,0.0,0.0
191,D079,Drift,1.448,0.0,0.0,0.0,0.0,0.0,0.0,1.0,1.448,0.0,0.0,0.0,0.0,0.0,1.0,0.0,0.0,0.0,0.0,0.0,0.0,1.0,1.448,0.0,0.0,0.0,0.0,0.0,1.0,0.0,0.0,0.0,0.0,0.0,0.0,1.0,1.05028237548304e-08,0.0,0.0,0.0,0.0,0.0,1.0,0.0,0.0,0.0,0.0,0.0,0.0
192,DET_I10AW1,Marker,0.0,0.0,0.0,0.0,0.0,0.0,0.0,1.0,0.0,0.0,0.0,0.0,0.0,0.0,1.0,0.0,0.0,0.0,0.0,0.0,0.0,1.0,0.0,0.0,0.0,0.0,0.0,0.0,1.0,0.0,0.0,0.0,0.0,0.0,0.0,1.0,0.0,0.0,0.0,0.0,0.0,0.0,1.0,0.0,0.0,0.0,0.0,0.0,0.0
193,D080,Drift,0.0154,0.0,0.0,0.0,0.0,0.0,0.0,1.0,0.0154,0.0,0.0,0.0,0.0,0.0,1.0,0.0,0.0,0.0,0.0,0.0,0.0,1.0,0.0154,0.0,0.0,0.0,0.0,0.0,1.0,0.0,0.0,0.0,0.0,0.0,0.0,1.0,1.11701302364909e-10,0.0,0.0,0.0,0.0,0.0,1.0,0.0,0.0,0.0,0.0,0.0,0.0
194,SK_Q10AW,Quadrupole,0.152,0.0,0.0,0.0,0.0,0.0,0.0,1.0,0.152,0.0,0.0,0.0,0.0,0.0,1.0,0.0,0.0,0.0,0.0,0.0,0.0,1.0,0.152,0.0,0.0,0.0,0.0,0.0,1.0,0.0,0.0,0.0,0.0,0.0,0.0,1.0,1.1025063610043e-09,0.0,0.0,0.0,0.0,0.0,1.0,0.0,0.0,0.0,0.0,0.0,0.0
195,D081,Drift,0.1026,0.0,0.0,0.0,0.0,0.0,0.0,1.0,0.1026,0.0,0.0,0.0,0.0,0.0,1.0,0.0,0.0,0.0,0.0,0.0,0.0,1.0,0.1026,0.0,0.0,0.0,0.0,0.0,1.0,0.0,0.0,0.0,0.0,0.0,0.0,1.0,7.44191793677901e-10,0.0,0.0,0.0,0.0,0.0,1.0,0.0,0.0,0.0,0.0,0.0,0.0
196,DET_I10AW2,Marker,0.0,0.0,0.0,0.0,0.0,0.0,0.0,1.0,0.0,0.0,0.0,0.0,0.0,0.0,1.0,0.0,0.0,0.0,0.0,0.0,0.0,1.0,0.0,0.0,0.0,0.0,0.0,0.0,1.0,0.0,0.0,0.0,0.0,0.0,0.0,1.0,0.0,0.0,0.0,0.0,0.0,0.0,1.0,0.0,0.0,0.0,0.0,0.0,0.0
197,D082,Drift,0.399885,0.0,0.0,0.0,0.0,0.0,0.0,1.0,0.399885,0.0,0.0,0.0,0.0,0.0,1.0,0.0,0.0,0.0,0.0,0.0,0.0,1.0,0.399885,0.0,0.0,0.0,0.0,0.0,1.0,0.0,0.0,0.0,0.0,0.0,0.0,1.0,2.9004983958566e-09,0.0,0.0,0.0,0.0,0.0,1.0,0.0,0.0,0.0,0.0,0.0,0.0
198,FDBK_10W1_V,Kicker,1.2785,0.0,0.0,0.0,0.0,0.0,0.0,1.0,1.2785,0.0,0.0,0.0,0.0,0.0,1.0,0.0,0.0,0.0,0.0,0.0,0.0,1.0,1.2785,0.0,0.0,0.0,0.0,0.0,1.0,0.0,0.0,0.0,0.0,0.0,0.0,1.0,9.27338409568417e-09,0.0,0.0,0.0,0.0,0.0,1.0,0.0,0.0,0.0,0.0,0.0,0.0
199,D083,Drift,0.2955,0.0,0.0,0.0,0.0,0.0,0.0,1.0,0.2955,0.0,0.0,0.0,0.0,0.0,1.0,0.0,0.0,0.0,0.0,0.0,0.0,1.0,0.2955,0.0,0.0,0.0,0.0,0.0,1.0,0.0,0.0,0.0,0.0,0.0,0.0,1.0,2.14335940576822e-09,0.0,0.0,0.0,0.0,0.0,1.0,0.0,0.0,0.0,0.0,0.0,0.0
200,FDBK_10W2_H,Kicker,1.2775,0.0,0.0,0.0,0.0,0.0,0.0,1.0,1.2775,0.0,0.0,0.0,0.0,0.0,1.0,0.0,0.0,0.0,0.0,0.0,0.0,1.0,1.2775,0.0,0.0,0.0,0.0,0.0,1.0,0.0,0.0,0.0,0.0,0.0,0.0,1.0,9.26613076436178e-09,0.0,0.0,0.0,0.0,0.0,1.0,0.0,0.0,0.0,0.0,0.0,0.0
201,D084,Drift,0.1212,0.0,0.0,0.0,0.0,0.0,0.0,1.0,0.1212,0.0,0.0,0.0,0.0,0.0,1.0,0.0,0.0,0.0,0.0,0.0,0.0,1.0,0.1212,0.0,0.0,0.0,0.0,0.0,1.0,0.0,0.0,0.0,0.0,0.0,0.0,1.0,8.7910375627448e-10,0.0,0.0,0.0,0.0,0.0,1.0,0.0,0.0,0.0,0.0,0.0,0.0
202,DET_I10AW3,Marker,0.0,0.0,0.0,0.0,0.0,0.0,0.0,1.0,0.0,0.0,0.0,0.0,0.0,0.0,1.0,0.0,0.0,0.0,0.0,0.0,0.0,1.0,0.0,0.0,0.0,0.0,0.0,0.0,1.0,0.0,0.0,0.0,0.0,0.0,0.0,1.0,0.0,0.0,0.0,0.0,0.0,0.0,1.0,0.0,0.0,0.0,0.0,0.0,0.0
203,D085,Drift,0.082,0.0,0.0,0.0,0.0,0.0,0.0,1.0,0.082,0.0,0.0,0.0,0.0,0.0,1.0,0.0,0.0,0.0,0.0,0.0,0.0,1.0,0.082,0.0,0.0,0.0,0.0,0.0,1.0,0.0,0.0,0.0,0.0,0.0,0.0,1.0,5.94773168436529e-10,0.0,0.0,0.0,0.0,0.0,1.0,0.0,0.0,0.0,0.0,0.0,0.0
204,DET_I10AW4,Marker,0.0,0.0,0.0,0.0,0.0,0.0,0.0,1.0,0.0,0.0,0.0,0.0,0.0,0.0,1.0,0.0,0.0,0.0,0.0,0.0,0.0,1.0,0.0,0.0,0.0,0.0,0.0,0.0,1.0,0.0,0.0,0.0,0.0,0.0,0.0,1.0,0.0,0.0,0.0,0.0,0.0,0.0,1.0,0.0,0.0,0.0,0.0,0.0,0.0
205,D086,Drift,0.3874,0.0,0.0,0.0,0.0,0.0,0.0,1.0,0.3874,0.0,0.0,0.0,0.0,0.0,1.0,0.0,0.0,0.0,0.0,0.0,0.0,1.0,0.3874,0.0,0.0,0.0,0.0,0.0,1.0,0.0,0.0,0.0,0.0,0.0,0.0,1.0,2.80994055429648e-09,0.0,0.0,0.0,0.0,0.0,1.0,0.0,0.0,0.0,0.0,0.0,0.0
206,Q10AW,Quadrupole,0.6,0.0,0.0,0.0,0.0,0.0,0.0,0.94881183128928,0.589726997278767,0.0,0.0,0.0,0.0,-0.169156421981353,0.94881183128928,0.0,0.0,0.0,0.0,0.0,0.0,1.05207675881564,0.61037963323303,0.0,0.0,0.0,0.0,0.175080393613358,1.05207675881564,0.0,0.0,0.0,0.0,0.0,0.0,1.0,4.35199879343802e-09,0.0,0.0,0.0,0.0,0.0,1.0,0.0,0.0,0.0,0.0,0.0,0.0
207,D087,Drift,0.196,0.0,0.0,0.0,0.0,0.0,0.0,1.0,0.196,0.0,0.0,0.0,0.0,0.0,1.0,0.0,0.0,0.0,0.0,0.0,0.0,1.0,0.196,0.0,0.0,0.0,0.0,0.0,1.0,0.0,0.0,0.0,0.0,0.0,0.0,1.0,1.42165293918975e-09,0.0,0.0,0.0,0.0,0.0,1.0,0.0,0.0,0.0,0.0,0.0,0.0
208,DET_10AW,Marker,0.0,0.0,0.0,0.0,0.0,0.0,0.0,1.0,0.0,0.0,0.0,0.0,0.0,0.0,1.0,0.0,0.0,0.0,0.0,0.0,0.0,1.0,0.0,0.0,0.0,0.0,0.0,0.0,1.0,0.0,0.0,0.0,0.0,0.0,0.0,1.0,0.0,0.0,0.0,0.0,0.0,0.0,1.0,0.0,0.0,0.0,0.0,0.0,0.0
209,D088,Drift,0.1174,0.0,0.0,0.0,0.0,0.0,0.0,1.0,0.1174,0.0,0.0,0.0,0.0,0.0,1.0,0.0,0.0,0.0,0.0,0.0,0.0,1.0,0.1174,0.0,0.0,0.0,0.0,0.0,1.0,0.0,0.0,0.0,0.0,0.0,0.0,1.0,8.51541097249372e-10,0.0,0.0,0.0,0.0,0.0,1.0,0.0,0.0,0.0,0.0,0.0,0.0
210,SEX_10AW,Sextupole,0.272,0.0,0.0,0.0,0.0,0.0,0.0,1.0,0.272,0.0,0.0,0.0,0.0,0.0,1.0,0.0,0.0,0.0,0.0,0.0,0.0,1.0,0.272,0.0,0.0,0.0,0.0,0.0,1.0,0.0,0.0,0.0,0.0,0.0,0.0,1.0,1.9729061196919e-09,0.0,0.0,0.0,0.0,0.0,1.0,0.0,0.0,0.0,0.0,0.0,0.0
211,D089,Drift,0.287639,0.0,0.0,0.0,0.0,0.0,0.0,1.0,0.287639,0.0,0.0,0.0,0.0,0.0,1.0,0.0,0.0,0.0,0.0,0.0,0.0,1.0,0.287639,0.0,0.0,0.0,0.0,0.0,1.0,0.0,0.0,0.0,0.0,0.0,0.0,1.0,2.08634096824286e-09,0.0,0.0,0.0,0.0,0.0,1.0,0.0,0.0,0.0,0.0,0.0,0.0
212,B11W,SBend,6.574262,0.0,0.0,0.0,0.0,0.0,0.0,0.998601412571274,6.56813321327172,0.0,0.0,0.0,0.245761945258038,-0.000425572795175415,0.998601412571274,0.0,0.0,0.0,0.0747823095238826,0.0,0.0,0.998601086397449,6.574262,0.0,0.0,0.0,0.0,-0.000425275148120851,0.998601086397449,0.0,0.0,-0.0747823095238826,-0.245761945258038,0.0,0.0,1.0,-0.00612873904297946,0.0,0.0,0.0,0.0,0.0,1.0,0.0,0.0,0.0,0.0,0.0,0.0
213,D090,Drift,0.235969,0.0,0.0,0.0,0.0,0.0,0.0,1.0,0.235969,0.0,0.0,0.0,0.0,0.0,1.0,0.0,0.0,0.0,0.0,0.0,0.0,1.0,0.235969,0.0,0.0,0.0,0.0,0.0,1.0,0.0,0.0,0.0,0.0,0.0,0.0,1.0,1.71156133881463e-09,0.0,0.0,0.0,0.0,0.0,1.0,0.0,0.0,0.0,0.0,0.0,0.0
214,DET_11W,Marker,0.0,0.0,0.0,0.0,0.0,0.0,0.0,1.0,0.0,0.0,0.0,0.0,0.0,0.0,1.0,0.0,0.0,0.0,0.0,0.0,0.0,1.0,0.0,0.0,0.0,0.0,0.0,0.0,1.0,0.0,0.0,0.0,0.0,0.0,0.0,1.0,0.0,0.0,0.0,0.0,0.0,0.0,1.0,0.0,0.0,0.0,0.0,0.0,0.0
215,D091,Drift,0.1904,0.0,0.0,0.0,0.0,0.0,0.0,1.0,0.1904,0.0,0.0,0.0,0.0,0.0,1.0,0.0,0.0,0.0,0.0,0.0,0.0,1.0,0.1904,0.0,0.0,0.0,0.0,0.0,1.0,0.0,0.0,0.0,0.0,0.0,0.0,1.0,1.38103428378433e-09,0.0,0.0,0.0,0.0,0.0,1.0,0.0,0.0,0.0,0.0,0.0,0.0
216,Q11W,Quadrupole,0.6,0.0,0.0,0.0,0.0,0.0,0.0,1.03230709843252,0.606447609038696,0.0,0.0,0.0,0.0,0.108266475942173,1.03230709843252,0.0,0.0,0.0,0.0,0.0,0.0,0.968037113759117,0.593593696379165,0.0,0.0,0.0,0.0,-0.105971722355921,0.968037113759117,0.0,0.0,0.0,0.0,0.0,0.0,1.0,4.35199879343802e-09,0.0,0.0,0.0,0.0,0.0,1.0,0.0,0.0,0.0,0.0,0.0,0.0
217,D092,Drift,0.603814,0.0,0.0,0.0,0.0,0.0,0.0,1.0,0.603814,0.0,0.0,0.0,0.0,0.0,1.0,0.0,0.0,0.0,0.0,0.0,0.0,1.0,0.603814,0.0,0.0,0.0,0.0,0.0,1.0,0.0,0.0,0.0,0.0,0.0,0.0,1.0,4.37966299910164e-09,0.0,0.0,0.0,0.0,0.0,1.0,0.0,0.0,0.0,0.0,0.0,0.0
218,B12W,SBend,6.574262,0.0,0.0,0.0,0.0,0.0,0.0,0.998601412571274,6.56813321327172,0.0,0.0,0.0,0.245761945258038,-0.000425572795175415,0.998601412571274,0.0,0.0,0.0,0.0747823095238826,0.0,0.0,0.998601086397449,6.574262,0.0,0.0,0.0,0.0,-0.000425275148120851,0.998601086397449,0.0,0.0,-0.0747823095238826,-0.245761945258038,0.0,0.0,1.0,-0.00612873904297946,0.0,0.0,0.0,0.0,0.0,1.0,0.0,0.0,0.0,0.0,0.0,0.0
219,D093,Drift,0.445301,0.0,0.0,0.0,0.0,0.0,0.0,1.0,0.445301,0.0,0.0,0.0,0.0,0.0,1.0,0.0,0.0,0.0,0.0,0.0,0.0,1.0,0.445301,0.0,0.0,0.0,0.0,0.0,1.0,0.0,0.0,0.0,0.0,0.0,0.0,1.0,3.22991569119457e-09,0.0,0.0,0.0,0.0,0.0,1.0,0.0,0.0,0.0,0.0,0.0,0.0
220,SK_SEX_12W,Sextupole,0.128,0.0,0.0,0.0,0.0,0.0,0.0,1.0,0.128,0.0,0.0,0.0,0.0,0.0,1.0,0.0,0.0,0.0,0.0,0.0,0.0,1.0,0.128,0.0,0.0,0.0,0.0,0.0,1.0,0.0,0.0,0.0,0.0,0.0,0.0,1.0,9.28426409266777e-10,0.0,0.0,0.0,0.0,0.0,1.0,0.0,0.0,0.0,0.0,0.0,0.0
221,D094,Drift,0.322,0.0,0.0,0.0,0.0,0.0,0.0,1.0,0.322,0.0,0.0,0.0,0.0,0.0,1.0,0.0,0.0,0.0,0.0,0.0,0.0,1.0,0.322,0.0,0.0,0.0,0.0,0.0,1.0,0.0,0.0,0.0,0.0,0.0,0.0,1.0,2.33557268581174e-09,0.0,0.0,0.0,0.0,0.0,1.0,0.0,0.0,0.0,0.0,0.0,0.0
222,DET_I12W1,Marker,0.0,0.0,0.0,0.0,0.0,0.0,0.0,1.0,0.0,0.0,0.0,0.0,0.0,0.0,1.0,0.0,0.0,0.0,0.0,0.0,0.0,1.0,0.0,0.0,0.0,0.0,0.0,0.0,1.0,0.0,0.0,0.0,0.0,0.0,0.0,1.0,0.0,0.0,0.0,0.0,0.0,0.0,1.0,0.0,0.0,0.0,0.0,0.0,0.0
223,D095,Drift,0.427,0.0,0.0,0.0,0.0,0.0,0.0,1.0,0.427,0.0,0.0,0.0,0.0,0.0,1.0,0.0,0.0,0.0,0.0,0.0,0.0,1.0,0.427,0.0,0.0,0.0,0.0,0.0,1.0,0.0,0.0,0.0,0.0,0.0,0.0,1.0,3.09717247466339e-09,0.0,0.0,0.0,0.0,0.0,1.0,0.0,0.0,0.0,0.0,0.0,0.0
224,DET_12W2,Marker,0.0,0.0,0.0,0.0,0.0,0.0,0.0,1.0,0.0,0.0,0.0,0.0,0.0,0.0,1.0,0.0,0.0,0.0,0.0,0.0,0.0,1.0,0.0,0.0,0.0,0.0,0.0,0.0,1.0,0.0,0.0,0.0,0.0,0.0,0.0,1.0,0.0,0.0,0.0,0.0,0.0,0.0,1.0,0.0,0.0,0.0,0.0,0.0,0.0
225,D096,Drift,0.305,0.0,0.0,0.0,0.0,0.0,0.0,1.0,0.305,0.0,0.0,0.0,0.0,0.0,1.0,0.0,0.0,0.0,0.0,0.0,0.0,1.0,0.305,0.0,0.0,0.0,0.0,0.0,1.0,0.0,0.0,0.0,0.0,0.0,0.0,1.0,2.21226605333099e-09,0.0,0.0,0.0,0.0,0.0,1.0,0.0,0.0,0.0,0.0,0.0,0.0
226,DET_12W3,Marker,0.0,0.0,0.0,0.0,0.0,0.0,0.0,1.0,0.0,0.0,0.0,0.0,0.0,0.0,1.0,0.0,0.0,0.0,0.0,0.0,0.0,1.0,0.0,0.0,0.0,0.0,0.0,0.0,1.0,0.0,0.0,0.0,0.0,0.0,0.0,1.0,0.0,0.0,0.0,0.0,0.0,0.0,1.0,0.0,0.0,0.0,0.0,0.0,0.0
227,D097,Drift,0.305,0.0,0.0,0.0,0.0,0.0,0.0,1.0,0.305,0.0,0.0,0.0,0.0,0.0,1.0,0.0,0.0,0.0,0.0,0.0,0.0,1.0,0.305,0.0,0.0,0.0,0.0,0.0,1.0,0.0,0.0,0.0,0.0,0.0,0.0,1.0,2.21226605333099e-09,0.0,0.0,0.0,0.0,0.0,1.0,0.0,0.0,0.0,0.0,0.0,0.0
228,DET_12W,Marker,0.0,0.0,0.0,0.0,0.0,0.0,0.0,1.0,0.0,0.0,0.0,0.0,0.0,0.0,1.0,0.0,0.0,0.0,0.0,0.0,0.0,1.0,0.0,0.0,0.0,0.0,0.0,0.0,1.0,0.0,0.0,0.0,0.0,0.0,0.0,1.0,0.0,0.0,0.0,0.0,0.0,0.0,1.0,0.0,0.0,0.0,0.0,0.0,0.0
229,D098,Drift,0.0854,0.0,0.0,0.0,0.0,0.0,0.0,1.0,0.0854,0.0,0.0,0.0,0.0,0.0,1.0,0.0,0.0,0.0,0.0,0.0,0.0,1.0,0.0854,0.0,0.0,0.0,0.0,0.0,1.0,0.0,0.0,0.0,0.0,0.0,0.0,1.0,6.19434494932678e-10,0.0,0.0,0.0,0.0,0.0,1.0,0.0,0.0,0.0,0.0,0.0,0.0
230,Q12W,Quadrupole,0.6,0.0,0.0,0.0,0.0,0.0,0.0,0.940994379488101,0.588151789489739,0.0,0.0,0.0,0.0,-0.194727925373084,0.940994379488101,0.0,0.0,0.0,0.0,0.0,0.0,1.06018949334936,0.611990274716839,0.0,0.0,0.0,0.0,0.202620477695908,1.06018949334936,0.0,0.0,0.0,0.0,0.0,0.0,1.0,4.35199879343802e-09,0.0,0.0,0.0,0.0,0.0,1.0,0.0,0.0,0.0,0.0,0.0,0.0
231,D099,Drift,0.06245,0.0,0.0,0.0,0.0,0.0,0.0,1.0,0.06245,0.0,0.0,0.0,0.0,0.0,1.0,0.0,0.0,0.0,0.0,0.0,0.0,1.0,0.06245,0.0,0.0,0.0,0.0,0.0,1.0,0.0,0.0,0.0,0.0,0.0,0.0,1.0,4.52970541083674e-10,0.0,0.0,0.0,0.0,0.0,1.0,0.0,0.0,0.0,0.0,0.0,0.0
232,SEX_12W,Sextupole,0.272,0.0,0.0,0.0,0.0,0.0,0.0,1.0,0.272,0.0,0.0,0.0,0.0,0.0,1.0,0.0,0.0,0.0,0.0,0.0,0.0,1.0,0.272,0.0,0.0,0.0,0.0,0.0,1.0,0.0,0.0,0.0,0.0,0.0,0.0,1.0,1.9729061196919e-09,0.0,0.0,0.0,0.0,0.0,1.0,0.0,0.0,0.0,0.0,0.0,0.0
233,D100,Drift,0.602622,0.0,0.0,0.0,0.0,0.0,0.0,1.0,0.602622,0.0,0.0,0.0,0.0,0.0,1.0,0.0,0.0,0.0,0.0,0.0,0.0,1.0,0.602622,0.0,0.0,0.0,0.0,0.0,1.0,0.0,0.0,0.0,0.0,0.0,0.0,1.0,4.37101702816534e-09,0.0,0.0,0.0,0.0,0.0,1.0,0.0,0.0,0.0,0.0,0.0,0.0
234,B13W,SBend,6.575286,0.0,0.0,0.0,0.0,0.0,0.0,0.996853596825853,6.56149875649654,0.0,0.0,0.0,0.368487453785992,-0.000957541367990025,0.996853596825853,0.0,0.0,0.0,0.11214137574121,0.0,0.0,0.996851958156625,6.575286,0.0,0.0,0.0,0.0,-0.000956030432638434,0.996851958156625,0.0,0.0,-0.11214137574121,-0.368487453785992,0.0,0.0,1.0,-0.013787195810727,0.0,0.0,0.0,0.0,0.0,1.0,0.0,0.0,0.0,0.0,0.0,0.0
235,D101,Drift,0.189255,0.0,0.0,0.0,0.0,0.0,0.0,1.0,0.189255,0.0,0.0,0.0,0.0,0.0,1.0,0.0,0.0,0.0,0.0,0.0,0.0,1.0,0.189255,0.0,0.0,0.0,0.0,0.0,1.0,0.0,0.0,0.0,0.0,0.0,0.0,1.0,1.37272921942019e-09,0.0,0.0,0.0,0.0,0.0,1.0,0.0,0.0,0.0,0.0,0.0,0.0
236,Q13W,Quadrupole,0.6,0.0,0.0,0.0,0.0,0.0,0.0,1.04439871403575,0.608853733647694,0.0,0.0,0.0,0.0,0.149081247043879,1.04439871403575,0.0,0.0,0.0,0.0,0.0,0.0,0.956248795026164,0.591223967280015,0.0,0.0,0.0,0.0,-0.144764499999495,0.956248795026164,0.0,0.0,0.0,0.0,0.0,0.0,1.0,4.35199879343802e-09,0.0,0.0,0.0,0.0,0.0,1.0,0.0,0.0,0.0,0.0,0.0,0.0
237,D102,Drift,0.0628,0.0,0.0,0.0,0.0,0.0,0.0,1.0,0.0628,0.0,0.0,0.0,0.0,0.0,1.0,0.0,0.0,0.0,0.0,0.0,0.0,1.0,0.0628,0.0,0.0,0.0,0.0,0.0,1.0,0.0,0.0,0.0,0.0,0.0,0.0,1.0,4.55509207046512e-10,0.0,0.0,0.0,0.0,0.0,1.0,0.0,0.0,0.0,0.0,0.0,0.0
238,SEX_13W,Sextupole,0.272,0.0,0.0,0.0,0.0,0.0,0.0,1.0,0.272,0.0,0.0,0.0,0.0,0.0,1.0,0.0,0.0,0.0,0.0,0.0,0.0,1.0,0.272,0.0,0.0,0.0,0.0,0.0,1.0,0.0,0.0,0.0,0.0,0.0,0.0,1.0,1.9729061196919e-09,0.0,0.0,0.0,0.0,0.0,1.0,0.0,0.0,0.0,0.0,0.0,0.0
239,D103,Drift,0.0196,0.0,0.0,0.0,0.0,0.0,0.0,1.0,0.0196,0.0,0.0,0.0,0.0,0.0,1.0,0.0,0.0,0.0,0.0,0.0,0.0,1.0,0.0196,0.0,0.0,0.0,0.0,0.0,1.0,0.0,0.0,0.0,0.0,0.0,0.0,1.0,1.42165293918975e-10,0.0,0.0,0.0,0.0,0.0,1.0,0.0,0.0,0.0,0.0,0.0,0.0
240,DET_13W,Marker,0.0,0.0,0.0,0.0,0.0,0.0,0.0,1.0,0.0,0.0,0.0,0.0,0.0,0.0,1.0,0.0,0.0,0.0,0.0,0.0,0.0,1.0,0.0,0.0,0.0,0.0,0.0,0.0,1.0,0.0,0.0,0.0,0.0,0.0,0.0,1.0,0.0,0.0,0.0,0.0,0.0,0.0,1.0,0.0,0.0,0.0,0.0,0.0,0.0
241,D104#1,Drift,0.7995549999999652,0.0,0.0,0.0,0.0,0.0,0.0,1.0,0.799554999999965,0.0,0.0,0.0,0.0,0.0,1.0,0.0,0.0,0.0,0.0,0.0,0.0,1.0,0.799554999999965,0.0,0.0,0.0,0.0,0.0,1.0,0.0,0.0,0.0,0.0,0.0,0.0,1.0,5.79943732547864e-09,0.0,0.0,0.0,0.0,0.0,1.0,0.0,0.0,0.0,0.0,0.0,0.0
242,D14BW_RFA4_SEG,Marker,0.0,0.0,0.0,0.0,0.0,0.0,0.0,1.0,0.0,0.0,0.0,0.0,0.0,0.0,1.0,0.0,0.0,0.0,0.0,0.0,0.0,1.0,0.0,0.0,0.0,0.0,0.0,0.0,1.0,0.0,0.0,0.0,0.0,0.0,0.0,1.0,0.0,0.0,0.0,0.0,0.0,0.0,1.0,0.0,0.0,0.0,0.0,0.0,0.0
243,D104#2,Drift,1.5820000000000078,0.0,0.0,0.0,0.0,0.0,0.0,1.0,1.58200000000001,0.0,0.0,0.0,0.0,0.0,1.0,0.0,0.0,0.0,0.0,0.0,0.0,1.0,1.58200000000001,0.0,0.0,0.0,0.0,0.0,1.0,0.0,0.0,0.0,0.0,0.0,0.0,1.0,1.14747701520316e-08,0.0,0.0,0.0,0.0,0.0,1.0,0.0,0.0,0.0,0.0,0.0,0.0
244,D14BW_RFA1_APS,Marker,0.0,0.0,0.0,0.0,0.0,0.0,0.0,1.0,0.0,0.0,0.0,0.0,0.0,0.0,1.0,0.0,0.0,0.0,0.0,0.0,0.0,1.0,0.0,0.0,0.0,0.0,0.0,0.0,1.0,0.0,0.0,0.0,0.0,0.0,0.0,1.0,0.0,0.0,0.0,0.0,0.0,0.0,1.0,0.0,0.0,0.0,0.0,0.0,0.0
245,D104#3,Drift,0.09499999999999886,0.0,0.0,0.0,0.0,0.0,0.0,1.0,0.0949999999999989,0.0,0.0,0.0,0.0,0.0,1.0,0.0,0.0,0.0,0.0,0.0,0.0,1.0,0.0949999999999989,0.0,0.0,0.0,0.0,0.0,1.0,0.0,0.0,0.0,0.0,0.0,0.0,1.0,6.89066475627678e-10,0.0,0.0,0.0,0.0,0.0,1.0,0.0,0.0,0.0,0.0,0.0,0.0
246,D14BW_RFA2_SEG,Marker,0.0,0.0,0.0,0.0,0.0,0.0,0.0,1.0,0.0,0.0,0.0,0.0,0.0,0.0,1.0,0.0,0.0,0.0,0.0,0.0,0.0,1.0,0.0,0.0,0.0,0.0,0.0,0.0,1.0,0.0,0.0,0.0,0.0,0.0,0.0,1.0,0.0,0.0,0.0,0.0,0.0,0.0,1.0,0.0,0.0,0.0,0.0,0.0,0.0
247,D104#4,Drift,0.10699999999999932,0.0,0.0,0.0,0.0,0.0,0.0,1.0,0.106999999999999,0.0,0.0,0.0,0.0,0.0,1.0,0.0,0.0,0.0,0.0,0.0,0.0,1.0,0.106999999999999,0.0,0.0,0.0,0.0,0.0,1.0,0.0,0.0,0.0,0.0,0.0,0.0,1.0,7.76106451496441e-10,0.0,0.0,0.0,0.0,0.0,1.0,0.0,0.0,0.0,0.0,0.0,0.0
248,D14BW_RFA3_APS,Marker,0.0,0.0,0.0,0.0,0.0,0.0,0.0,1.0,0.0,0.0,0.0,0.0,0.0,0.0,1.0,0.0,0.0,0.0,0.0,0.0,0.0,1.0,0.0,0.0,0.0,0.0,0.0,0.0,1.0,0.0,0.0,0.0,0.0,0.0,0.0,1.0,0.0,0.0,0.0,0.0,0.0,0.0,1.0,0.0,0.0,0.0,0.0,0.0,0.0
249,D104#5,Drift,3.338003000000029,0.0,0.0,0.0,0.0,0.0,0.0,1.0,3.33800300000003,0.0,0.0,0.0,0.0,0.0,1.0,0.0,0.0,0.0,0.0,0.0,0.0,1.0,3.33800300000003,0.0,0.0,0.0,0.0,0.0,1.0,0.0,0.0,0.0,0.0,0.0,0.0,1.0,2.42116417141543e-08,0.0,0.0,0.0,0.0,0.0,1.0,0.0,0.0,0.0,0.0,0.0,0.0
250,DET_14W,Marker,0.0,0.0,0.0,0.0,0.0,0.0,0.0,1.0,0.0,0.0,0.0,0.0,0.0,0.0,1.0,0.0,0.0,0.0,0.0,0.0,0.0,1.0,0.0,0.0,0.0,0.0,0.0,0.0,1.0,0.0,0.0,0.0,0.0,0.0,0.0,1.0,0.0,0.0,0.0,0.0,0.0,0.0,1.0,0.0,0.0,0.0,0.0,0.0,0.0
251,D105,Drift,0.0284,0.0,0.0,0.0,0.0,0.0,0.0,1.0,0.0284,0.0,0.0,0.0,0.0,0.0,1.0,0.0,0.0,0.0,0.0,0.0,0.0,1.0,0.0284,0.0,0.0,0.0,0.0,0.0,1.0,0.0,0.0,0.0,0.0,0.0,0.0,1.0,2.05994609556066e-10,0.0,0.0,0.0,0.0,0.0,1.0,0.0,0.0,0.0,0.0,0.0,0.0
252,Q14W,Quadrupole,0.6,0.0,0.0,0.0,0.0,0.0,0.0,0.945053335780149,0.588969876324531,0.0,0.0,0.0,0.0,-0.181459522510321,0.945053335780149,0.0,0.0,0.0,0.0,0.0,0.0,1.05597184462726,0.611153144923984,0.0,0.0,0.0,0.0,0.188294108606464,1.05597184462726,0.0,0.0,0.0,0.0,0.0,0.0,1.0,4.35199879343802e-09,0.0,0.0,0.0,0.0,0.0,1.0,0.0,0.0,0.0,0.0,0.0,0.0
253,D106,Drift,0.06515,0.0,0.0,0.0,0.0,0.0,0.0,1.0,0.06515,0.0,0.0,0.0,0.0,0.0,1.0,0.0,0.0,0.0,0.0,0.0,0.0,1.0,0.06515,0.0,0.0,0.0,0.0,0.0,1.0,0.0,0.0,0.0,0.0,0.0,0.0,1.0,4.72554535654145e-10,0.0,0.0,0.0,0.0,0.0,1.0,0.0,0.0,0.0,0.0,0.0,0.0
254,SEX_14W,Sextupole,0.272,0.0,0.0,0.0,0.0,0.0,0.0,1.0,0.272,0.0,0.0,0.0,0.0,0.0,1.0,0.0,0.0,0.0,0.0,0.0,0.0,1.0,0.272,0.0,0.0,0.0,0.0,0.0,1.0,0.0,0.0,0.0,0.0,0.0,0.0,1.0,1.9729061196919e-09,0.0,0.0,0.0,0.0,0.0,1.0,0.0,0.0,0.0,0.0,0.0,0.0
255,D107,Drift,0.156654,0.0,0.0,0.0,0.0,0.0,0.0,1.0,0.156654,0.0,0.0,0.0,0.0,0.0,1.0,0.0,0.0,0.0,0.0,0.0,0.0,1.0,0.156654,0.0,0.0,0.0,0.0,0.0,1.0,0.0,0.0,0.0,0.0,0.0,0.0,1.0,1.13626336497873e-09,0.0,0.0,0.0,0.0,0.0,1.0,0.0,0.0,0.0,0.0,0.0,0.0
256,B15W,SBend,6.575286,0.0,0.0,0.0,0.0,0.0,0.0,0.996853596825853,6.56149875649654,0.0,0.0,0.0,0.368487453785992,-0.000957541367990025,0.996853596825853,0.0,0.0,0.0,0.11214137574121,0.0,0.0,0.996851958156625,6.575286,0.0,0.0,0.0,0.0,-0.000956030432638434,0.996851958156625,0.0,0.0,-0.11214137574121,-0.368487453785992,0.0,0.0,1.0,-0.013787195810727,0.0,0.0,0.0,0.0,0.0,1.0,0.0,0.0,0.0,0.0,0.0,0.0
257,D108,Drift,0.930937,0.0,0.0,0.0,0.0,0.0,0.0,1.0,0.930937,0.0,0.0,0.0,0.0,0.0,1.0,0.0,0.0,0.0,0.0,0.0,0.0,1.0,0.930937,0.0,0.0,0.0,0.0,0.0,1.0,0.0,0.0,0.0,0.0,0.0,0.0,1.0,6.75239450127801e-09,0.0,0.0,0.0,0.0,0.0,1.0,0.0,0.0,0.0,0.0,0.0,0.0
258,Q15AW#1,Quadrupole,0.18756999999995683,0.0,0.0,0.0,0.0,0.0,0.0,1.0,0.187569999999957,0.0,0.0,0.0,0.0,0.0,1.0,0.0,0.0,0.0,0.0,0.0,0.0,1.0,0.187569999999957,0.0,0.0,0.0,0.0,0.0,1.0,0.0,0.0,0.0,0.0,0.0,0.0,1.0,1.36050735614164e-09,0.0,0.0,0.0,0.0,0.0,1.0,0.0,0.0,0.0,0.0,0.0,0.0
259,D15W_RFA1_CVC3,Marker,0.0,0.0,0.0,0.0,0.0,0.0,0.0,1.0,0.0,0.0,0.0,0.0,0.0,0.0,1.0,0.0,0.0,0.0,0.0,0.0,0.0,1.0,0.0,0.0,0.0,0.0,0.0,0.0,1.0,0.0,0.0,0.0,0.0,0.0,0.0,1.0,0.0,0.0,0.0,0.0,0.0,0.0,1.0,0.0,0.0,0.0,0.0,0.0,0.0
260,Q15AW#2,Quadrupole,0.3930000000000007,0.0,0.0,0.0,0.0,0.0,0.0,1.0,0.393000000000001,0.0,0.0,0.0,0.0,0.0,1.0,0.0,0.0,0.0,0.0,0.0,0.0,1.0,0.393000000000001,0.0,0.0,0.0,0.0,0.0,1.0,0.0,0.0,0.0,0.0,0.0,0.0,1.0,2.85055920970191e-09,0.0,0.0,0.0,0.0,0.0,1.0,0.0,0.0,0.0,0.0,0.0,0.0
261,D15W_SP1_CSP1,Marker,0.0,0.0,0.0,0.0,0.0,0.0,0.0,1.0,0.0,0.0,0.0,0.0,0.0,0.0,1.0,0.0,0.0,0.0,0.0,0.0,0.0,1.0,0.0,0.0,0.0,0.0,0.0,0.0,1.0,0.0,0.0,0.0,0.0,0.0,0.0,1.0,0.0,0.0,0.0,0.0,0.0,0.0,1.0,0.0,0.0,0.0,0.0,0.0,0.0
262,Q15AW#3,Quadrupole,0.01943000000004247,0.0,0.0,0.0,0.0,0.0,0.0,1.0,0.0194300000000425,0.0,0.0,0.0,0.0,0.0,1.0,0.0,0.0,0.0,0.0,0.0,0.0,1.0,0.0194300000000425,0.0,0.0,0.0,0.0,0.0,1.0,0.0,0.0,0.0,0.0,0.0,0.0,1.0,1.40932227594476e-10,0.0,0.0,0.0,0.0,0.0,1.0,0.0,0.0,0.0,0.0,0.0,0.0
263,D109#1,Drift,0.009569999999955336,0.0,0.0,0.0,0.0,0.0,0.0,1.0,0.00956999999995534,0.0,0.0,0.0,0.0,0.0,1.0,0.0,0.0,0.0,0.0,0.0,0.0,1.0,0.00956999999995534,0.0,0.0,0.0,0.0,0.0,1.0,0.0,0.0,0.0,0.0,0.0,0.0,1.0,6.94143807550124e-11,0.0,0.0,0.0,0.0,0.0,1.0,0.0,0.0,0.0,0.0,0.0,0.0
264,D15W_SP2_CSP1,Marker,0.0,0.0,0.0,0.0,0.0,0.0,0.0,1.0,0.0,0.0,0.0,0.0,0.0,0.0,1.0,0.0,0.0,0.0,0.0,0.0,0.0,1.0,0.0,0.0,0.0,0.0,0.0,0.0,1.0,0.0,0.0,0.0,0.0,0.0,0.0,1.0,0.0,0.0,0.0,0.0,0.0,0.0,1.0,0.0,0.0,0.0,0.0,0.0,0.0
265,D109#2,Drift,0.07000000000000739,0.0,0.0,0.0,0.0,0.0,0.0,1.0,0.0700000000000074,0.0,0.0,0.0,0.0,0.0,1.0,0.0,0.0,0.0,0.0,0.0,0.0,1.0,0.0700000000000074,0.0,0.0,0.0,0.0,0.0,1.0,0.0,0.0,0.0,0.0,0.0,0.0,1.0,5.07733192567822e-10,0.0,0.0,0.0,0.0,0.0,1.0,0.0,0.0,0.0,0.0,0.0,0.0
266,D15W_SP3O_CSP1,Marker,0.0,0.0,0.0,0.0,0.0,0.0,0.0,1.0,0.0,0.0,0.0,0.0,0.0,0.0,1.0,0.0,0.0,0.0,0.0,0.0,0.0,1.0,0.0,0.0,0.0,0.0,0.0,0.0,1.0,0.0,0.0,0.0,0.0,0.0,0.0,1.0,0.0,0.0,0.0,0.0,0.0,0.0,1.0,0.0,0.0,0.0,0.0,0.0,0.0
267,D15W_SP3I_CSP1,Marker,0.0,0.0,0.0,0.0,0.0,0.0,0.0,1.0,0.0,0.0,0.0,0.0,0.0,0.0,1.0,0.0,0.0,0.0,0.0,0.0,0.0,1.0,0.0,0.0,0.0,0.0,0.0,0.0,1.0,0.0,0.0,0.0,0.0,0.0,0.0,1.0,0.0,0.0,0.0,0.0,0.0,0.0,1.0,0.0,0.0,0.0,0.0,0.0,0.0
268,D109#3,Drift,0.5849940000000373,0.0,0.0,0.0,0.0,0.0,0.0,1.0,0.584994000000037,0.0,0.0,0.0,0.0,0.0,1.0,0.0,0.0,0.0,0.0,0.0,0.0,1.0,0.584994000000037,0.0,0.0,0.0,0.0,0.0,1.0,0.0,0.0,0.0,0.0,0.0,0.0,1.0,4.2431553036144e-09,0.0,0.0,0.0,0.0,0.0,1.0,0.0,0.0,0.0,0.0,0.0,0.0
269,DET_15W,Marker,0.0,0.0,0.0,0.0,0.0,0.0,0.0,1.0,0.0,0.0,0.0,0.0,0.0,0.0,1.0,0.0,0.0,0.0,0.0,0.0,0.0,1.0,0.0,0.0,0.0,0.0,0.0,0.0,1.0,0.0,0.0,0.0,0.0,0.0,0.0,1.0,0.0,0.0,0.0,0.0,0.0,0.0,1.0,0.0,0.0,0.0,0.0,0.0,0.0
270,D110,Drift,0.0674,0.0,0.0,0.0,0.0,0.0,0.0,1.0,0.0674,0.0,0.0,0.0,0.0,0.0,1.0,0.0,0.0,0.0,0.0,0.0,0.0,1.0,0.0674,0.0,0.0,0.0,0.0,0.0,1.0,0.0,0.0,0.0,0.0,0.0,0.0,1.0,4.88874531129537e-10,0.0,0.0,0.0,0.0,0.0,1.0,0.0,0.0,0.0,0.0,0.0,0.0
271,Q15W,Quadrupole,0.6,0.0,0.0,0.0,0.0,0.0,0.0,1.03318099827101,0.606621634745474,0.0,0.0,0.0,0.0,0.111210961370654,1.03318099827101,0.0,0.0,0.0,0.0,0.0,0.0,0.967181983053853,0.593421922963317,0.0,0.0,0.0,0.0,-0.10879107959752,0.967181983053853,0.0,0.0,0.0,0.0,0.0,0.0,1.0,4.35199879343802e-09,0.0,0.0,0.0,0.0,0.0,1.0,0.0,0.0,0.0,0.0,0.0,0.0
272,D111,Drift,0.0649,0.0,0.0,0.0,0.0,0.0,0.0,1.0,0.0649,0.0,0.0,0.0,0.0,0.0,1.0,0.0,0.0,0.0,0.0,0.0,0.0,1.0,0.0649,0.0,0.0,0.0,0.0,0.0,1.0,0.0,0.0,0.0,0.0,0.0,0.0,1.0,4.70741202823546e-10,0.0,0.0,0.0,0.0,0.0,1.0,0.0,0.0,0.0,0.0,0.0,0.0
273,SEX_15W,Sextupole,0.272,0.0,0.0,0.0,0.0,0.0,0.0,1.0,0.272,0.0,0.0,0.0,0.0,0.0,1.0,0.0,0.0,0.0,0.0,0.0,0.0,1.0,0.272,0.0,0.0,0.0,0.0,0.0,1.0,0.0,0.0,0.0,0.0,0.0,0.0,1.0,1.9729061196919e-09,0.0,0.0,0.0,0.0,0.0,1.0,0.0,0.0,0.0,0.0,0.0,0.0
274,D112,Drift,0.536148,0.0,0.0,0.0,0.0,0.0,0.0,1.0,0.536148,0.0,0.0,0.0,0.0,0.0,1.0,0.0,0.0,0.0,0.0,0.0,0.0,1.0,0.536148,0.0,0.0,0.0,0.0,0.0,1.0,0.0,0.0,0.0,0.0,0.0,0.0,1.0,3.88885908184034e-09,0.0,0.0,0.0,0.0,0.0,1.0,0.0,0.0,0.0,0.0,0.0,0.0
275,B16W,SBend,6.574262,0.0,0.0,0.0,0.0,0.0,0.0,0.998601412571274,6.56813321327172,0.0,0.0,0.0,0.245761945258038,-0.000425572795175415,0.998601412571274,0.0,0.0,0.0,0.0747823095238826,0.0,0.0,0.998601086397449,6.574262,0.0,0.0,0.0,0.0,-0.000425275148120851,0.998601086397449,0.0,0.0,-0.0747823095238826,-0.245761945258038,0.0,0.0,1.0,-0.00612873904297946,0.0,0.0,0.0,0.0,0.0,1.0,0.0,0.0,0.0,0.0,0.0,0.0
276,D113,Drift,0.157143,0.0,0.0,0.0,0.0,0.0,0.0,1.0,0.157143,0.0,0.0,0.0,0.0,0.0,1.0,0.0,0.0,0.0,0.0,0.0,0.0,1.0,0.157143,0.0,0.0,0.0,0.0,0.0,1.0,0.0,0.0,0.0,0.0,0.0,0.0,1.0,1.13981024399538e-09,0.0,0.0,0.0,0.0,0.0,1.0,0.0,0.0,0.0,0.0,0.0,0.0
277,Q16W,Quadrupole,0.6,0.0,0.0,0.0,0.0,0.0,0.0,0.940081342434725,0.587967702802075,0.0,0.0,0.0,0.0,-0.197709957625438,0.940081342434725,0.0,0.0,0.0,0.0,0.0,0.0,1.06113983195573,0.612178837556686,0.0,0.0,0.0,0.0,0.205851191240117,1.06113983195573,0.0,0.0,0.0,0.0,0.0,0.0,1.0,4.35199879343802e-09,0.0,0.0,0.0,0.0,0.0,1.0,0.0,0.0,0.0,0.0,0.0,0.0
278,D114,Drift,0.06665,0.0,0.0,0.0,0.0,0.0,0.0,1.0,0.06665,0.0,0.0,0.0,0.0,0.0,1.0,0.0,0.0,0.0,0.0,0.0,0.0,1.0,0.06665,0.0,0.0,0.0,0.0,0.0,1.0,0.0,0.0,0.0,0.0,0.0,0.0,1.0,4.8343453263774e-10,0.0,0.0,0.0,0.0,0.0,1.0,0.0,0.0,0.0,0.0,0.0,0.0
279,SEX_16W,Sextupole,0.272,0.0,0.0,0.0,0.0,0.0,0.0,1.0,0.272,0.0,0.0,0.0,0.0,0.0,1.0,0.0,0.0,0.0,0.0,0.0,0.0,1.0,0.272,0.0,0.0,0.0,0.0,0.0,1.0,0.0,0.0,0.0,0.0,0.0,0.0,1.0,1.9729061196919e-09,0.0,0.0,0.0,0.0,0.0,1.0,0.0,0.0,0.0,0.0,0.0,0.0
280,D115,Drift,0.03775,0.0,0.0,0.0,0.0,0.0,0.0,1.0,0.03775,0.0,0.0,0.0,0.0,0.0,1.0,0.0,0.0,0.0,0.0,0.0,0.0,1.0,0.03775,0.0,0.0,0.0,0.0,0.0,1.0,0.0,0.0,0.0,0.0,0.0,0.0,1.0,2.73813257420475e-10,0.0,0.0,0.0,0.0,0.0,1.0,0.0,0.0,0.0,0.0,0.0,0.0
281,DET_16W,Marker,0.0,0.0,0.0,0.0,0.0,0.0,0.0,1.0,0.0,0.0,0.0,0.0,0.0,0.0,1.0,0.0,0.0,0.0,0.0,0.0,0.0,1.0,0.0,0.0,0.0,0.0,0.0,0.0,1.0,0.0,0.0,0.0,0.0,0.0,0.0,1.0,0.0,0.0,0.0,0.0,0.0,0.0,1.0,0.0,0.0,0.0,0.0,0.0,0.0
282,D116,Drift,0.496639,0.0,0.0,0.0,0.0,0.0,0.0,1.0,0.496639,0.0,0.0,0.0,0.0,0.0,1.0,0.0,0.0,0.0,0.0,0.0,0.0,1.0,0.496639,0.0,0.0,0.0,0.0,0.0,1.0,0.0,0.0,0.0,0.0,0.0,0.0,1.0,3.60228721462377e-09,0.0,0.0,0.0,0.0,0.0,1.0,0.0,0.0,0.0,0.0,0.0,0.0
283,B17W,SBend,6.574262,0.0,0.0,0.0,0.0,0.0,0.0,0.998601412571274,6.56813321327172,0.0,0.0,0.0,0.245761945258038,-0.000425572795175415,0.998601412571274,0.0,0.0,0.0,0.0747823095238826,0.0,0.0,0.998601086397449,6.574262,0.0,0.0,0.0,0.0,-0.000425275148120851,0.998601086397449,0.0,0.0,-0.0747823095238826,-0.245761945258038,0.0,0.0,1.0,-0.00612873904297946,0.0,0.0,0.0,0.0,0.0,1.0,0.0,0.0,0.0,0.0,0.0,0.0
284,D117,Drift,0.157144,0.0,0.0,0.0,0.0,0.0,0.0,1.0,0.157144,0.0,0.0,0.0,0.0,0.0,1.0,0.0,0.0,0.0,0.0,0.0,0.0,1.0,0.157144,0.0,0.0,0.0,0.0,0.0,1.0,0.0,0.0,0.0,0.0,0.0,0.0,1.0,1.13981749732671e-09,0.0,0.0,0.0,0.0,0.0,1.0,0.0,0.0,0.0,0.0,0.0,0.0
285,Q17W,Quadrupole,0.6,0.0,0.0,0.0,0.0,0.0,0.0,1.05879096075994,0.611712740816989,0.0,0.0,0.0,0.0,0.197867872467875,1.05879096075994,0.0,0.0,0.0,0.0,0.0,0.0,0.942339050515301,0.588422860049599,0.0,0.0,0.0,0.0,-0.190334403161156,0.942339050515301,0.0,0.0,0.0,0.0,0.0,0.0,1.0,4.35199879343802e-09,0.0,0.0,0.0,0.0,0.0,1.0,0.0,0.0,0.0,0.0,0.0,0.0
286,D118,Drift,0.0633,0.0,0.0,0.0,0.0,0.0,0.0,1.0,0.0633,0.0,0.0,0.0,0.0,0.0,1.0,0.0,0.0,0.0,0.0,0.0,0.0,1.0,0.0633,0.0,0.0,0.0,0.0,0.0,1.0,0.0,0.0,0.0,0.0,0.0,0.0,1.0,4.59135872707711e-10,0.0,0.0,0.0,0.0,0.0,1.0,0.0,0.0,0.0,0.0,0.0,0.0
287,SEX_17W,Sextupole,0.272,0.0,0.0,0.0,0.0,0.0,0.0,1.0,0.272,0.0,0.0,0.0,0.0,0.0,1.0,0.0,0.0,0.0,0.0,0.0,0.0,1.0,0.272,0.0,0.0,0.0,0.0,0.0,1.0,0.0,0.0,0.0,0.0,0.0,0.0,1.0,1.9729061196919e-09,0.0,0.0,0.0,0.0,0.0,1.0,0.0,0.0,0.0,0.0,0.0,0.0
288,D119,Drift,0.0502,0.0,0.0,0.0,0.0,0.0,0.0,1.0,0.0502,0.0,0.0,0.0,0.0,0.0,1.0,0.0,0.0,0.0,0.0,0.0,0.0,1.0,0.0502,0.0,0.0,0.0,0.0,0.0,1.0,0.0,0.0,0.0,0.0,0.0,0.0,1.0,3.64117232384314e-10,0.0,0.0,0.0,0.0,0.0,1.0,0.0,0.0,0.0,0.0,0.0,0.0
289,DET_17W,Marker,0.0,0.0,0.0,0.0,0.0,0.0,0.0,1.0,0.0,0.0,0.0,0.0,0.0,0.0,1.0,0.0,0.0,0.0,0.0,0.0,0.0,1.0,0.0,0.0,0.0,0.0,0.0,0.0,1.0,0.0,0.0,0.0,0.0,0.0,0.0,1.0,0.0,0.0,0.0,0.0,0.0,0.0,1.0,0.0,0.0,0.0,0.0,0.0,0.0
290,D120,Drift,0.487547,0.0,0.0,0.0,0.0,0.0,0.0,1.0,0.487547,0.0,0.0,0.0,0.0,0.0,1.0,0.0,0.0,0.0,0.0,0.0,0.0,1.0,0.487547,0.0,0.0,0.0,0.0,0.0,1.0,0.0,0.0,0.0,0.0,0.0,0.0,1.0,3.53633992624054e-09,0.0,0.0,0.0,0.0,0.0,1.0,0.0,0.0,0.0,0.0,0.0,0.0
291,B18W,SBend,6.574262,0.0,0.0,0.0,0.0,0.0,0.0,0.998601412571274,6.56813321327172,0.0,0.0,0.0,0.245761945258038,-0.000425572795175415,0.998601412571274,0.0,0.0,0.0,0.0747823095238826,0.0,0.0,0.998601086397449,6.574262,0.0,0.0,0.0,0.0,-0.000425275148120851,0.998601086397449,0.0,0.0,-0.0747823095238826,-0.245761945258038,0.0,0.0,1.0,-0.00612873904297946,0.0,0.0,0.0,0.0,0.0,1.0,0.0,0.0,0.0,0.0,0.0,0.0
292,D121,Drift,0.157143,0.0,0.0,0.0,0.0,0.0,0.0,1.0,0.157143,0.0,0.0,0.0,0.0,0.0,1.0,0.0,0.0,0.0,0.0,0.0,0.0,1.0,0.157143,0.0,0.0,0.0,0.0,0.0,1.0,0.0,0.0,0.0,0.0,0.0,0.0,1.0,1.13981024399538e-09,0.0,0.0,0.0,0.0,0.0,1.0,0.0,0.0,0.0,0.0,0.0,0.0
293,Q18W,Quadrupole,0.6,0.0,0.0,0.0,0.0,0.0,0.0,0.940744535349531,0.588101418178095,0.0,0.0,0.0,0.0,-0.195544026345419,0.940744535349531,0.0,0.0,0.0,0.0,0.0,0.0,1.06044948605608,0.612041863847468,0.0,0.0,0.0,0.0,0.20350423693834,1.06044948605608,0.0,0.0,0.0,0.0,0.0,0.0,1.0,4.35199879343802e-09,0.0,0.0,0.0,0.0,0.0,1.0,0.0,0.0,0.0,0.0,0.0,0.0
294,D122,Drift,0.0576,0.0,0.0,0.0,0.0,0.0,0.0,1.0,0.0576,0.0,0.0,0.0,0.0,0.0,1.0,0.0,0.0,0.0,0.0,0.0,0.0,1.0,0.0576,0.0,0.0,0.0,0.0,0.0,1.0,0.0,0.0,0.0,0.0,0.0,0.0,1.0,4.1779188417005e-10,0.0,0.0,0.0,0.0,0.0,1.0,0.0,0.0,0.0,0.0,0.0,0.0
295,SEX_18W,Sextupole,0.272,0.0,0.0,0.0,0.0,0.0,0.0,1.0,0.272,0.0,0.0,0.0,0.0,0.0,1.0,0.0,0.0,0.0,0.0,0.0,0.0,1.0,0.272,0.0,0.0,0.0,0.0,0.0,1.0,0.0,0.0,0.0,0.0,0.0,0.0,1.0,1.9729061196919e-09,0.0,0.0,0.0,0.0,0.0,1.0,0.0,0.0,0.0,0.0,0.0,0.0
296,D123,Drift,0.0278,0.0,0.0,0.0,0.0,0.0,0.0,1.0,0.0278,0.0,0.0,0.0,0.0,0.0,1.0,0.0,0.0,0.0,0.0,0.0,0.0,1.0,0.0278,0.0,0.0,0.0,0.0,0.0,1.0,0.0,0.0,0.0,0.0,0.0,0.0,1.0,2.01642610762628e-10,0.0,0.0,0.0,0.0,0.0,1.0,0.0,0.0,0.0,0.0,0.0,0.0
297,DET_18W,Marker,0.0,0.0,0.0,0.0,0.0,0.0,0.0,1.0,0.0,0.0,0.0,0.0,0.0,0.0,1.0,0.0,0.0,0.0,0.0,0.0,0.0,1.0,0.0,0.0,0.0,0.0,0.0,0.0,1.0,0.0,0.0,0.0,0.0,0.0,0.0,1.0,0.0,0.0,0.0,0.0,0.0,0.0,1.0,0.0,0.0,0.0,0.0,0.0,0.0
298,D124,Drift,5.630207,0.0,0.0,0.0,0.0,0.0,0.0,1.0,5.630207,0.0,0.0,0.0,0.0,0.0,1.0,0.0,0.0,0.0,0.0,0.0,0.0,1.0,5.630207,0.0,0.0,0.0,0.0,0.0,1.0,0.0,0.0,0.0,0.0,0.0,0.0,1.0,4.08377567846771e-08,0.0,0.0,0.0,0.0,0.0,1.0,0.0,0.0,0.0,0.0,0.0,0.0
299,DET_19W,Marker,0.0,0.0,0.0,0.0,0.0,0.0,0.0,1.0,0.0,0.0,0.0,0.0,0.0,0.0,1.0,0.0,0.0,0.0,0.0,0.0,0.0,1.0,0.0,0.0,0.0,0.0,0.0,0.0,1.0,0.0,0.0,0.0,0.0,0.0,0.0,1.0,0.0,0.0,0.0,0.0,0.0,0.0,1.0,0.0,0.0,0.0,0.0,0.0,0.0
300,D125,Drift,0.0724,0.0,0.0,0.0,0.0,0.0,0.0,1.0,0.0724,0.0,0.0,0.0,0.0,0.0,1.0,0.0,0.0,0.0,0.0,0.0,0.0,1.0,0.0724,0.0,0.0,0.0,0.0,0.0,1.0,0.0,0.0,0.0,0.0,0.0,0.0,1.0,5.25141187741521e-10,0.0,0.0,0.0,0.0,0.0,1.0,0.0,0.0,0.0,0.0,0.0,0.0
301,Q19W,Quadrupole,0.6,0.0,0.0,0.0,0.0,0.0,0.0,1.06072485230947,0.612096501594936,0.0,0.0,0.0,0.0,0.204440332498027,1.06072485230947,0.0,0.0,0.0,0.0,0.0,0.0,0.940479964048826,0.588048075815084,0.0,0.0,0.0,0.0,-0.196408154320768,0.940479964048826,0.0,0.0,0.0,0.0,0.0,0.0,1.0,4.35199879343802e-09,0.0,0.0,0.0,0.0,0.0,1.0,0.0,0.0,0.0,0.0,0.0,0.0
302,D126,Drift,0.0629,0.0,0.0,0.0,0.0,0.0,0.0,1.0,0.0629,0.0,0.0,0.0,0.0,0.0,1.0,0.0,0.0,0.0,0.0,0.0,0.0,1.0,0.0629,0.0,0.0,0.0,0.0,0.0,1.0,0.0,0.0,0.0,0.0,0.0,0.0,1.0,4.56234540178752e-10,0.0,0.0,0.0,0.0,0.0,1.0,0.0,0.0,0.0,0.0,0.0,0.0
303,SEX_19W,Sextupole,0.272,0.0,0.0,0.0,0.0,0.0,0.0,1.0,0.272,0.0,0.0,0.0,0.0,0.0,1.0,0.0,0.0,0.0,0.0,0.0,0.0,1.0,0.272,0.0,0.0,0.0,0.0,0.0,1.0,0.0,0.0,0.0,0.0,0.0,0.0,1.0,1.9729061196919e-09,0.0,0.0,0.0,0.0,0.0,1.0,0.0,0.0,0.0,0.0,0.0,0.0
304,D127,Drift,0.538152,0.0,0.0,0.0,0.0,0.0,0.0,1.0,0.538152,0.0,0.0,0.0,0.0,0.0,1.0,0.0,0.0,0.0,0.0,0.0,0.0,1.0,0.538152,0.0,0.0,0.0,0.0,0.0,1.0,0.0,0.0,0.0,0.0,0.0,0.0,1.0,3.90339475781043e-09,0.0,0.0,0.0,0.0,0.0,1.0,0.0,0.0,0.0,0.0,0.0,0.0
305,B20W,SBend,6.574262,0.0,0.0,0.0,0.0,0.0,0.0,0.998601412571274,6.56813321327172,0.0,0.0,0.0,0.245761945258038,-0.000425572795175415,0.998601412571274,0.0,0.0,0.0,0.0747823095238826,0.0,0.0,0.998601086397449,6.574262,0.0,0.0,0.0,0.0,-0.000425275148120851,0.998601086397449,0.0,0.0,-0.0747823095238826,-0.245761945258038,0.0,0.0,1.0,-0.00612873904297946,0.0,0.0,0.0,0.0,0.0,1.0,0.0,0.0,0.0,0.0,0.0,0.0
306,D128,Drift,0.157139,0.0,0.0,0.0,0.0,0.0,0.0,1.0,0.157139,0.0,0.0,0.0,0.0,0.0,1.0,0.0,0.0,0.0,0.0,0.0,0.0,1.0,0.157139,0.0,0.0,0.0,0.0,0.0,1.0,0.0,0.0,0.0,0.0,0.0,0.0,1.0,1.13978123067009e-09,0.0,0.0,0.0,0.0,0.0,1.0,0.0,0.0,0.0,0.0,0.0,0.0
307,Q20W,Quadrupole,0.6,0.0,0.0,0.0,0.0,0.0,0.0,0.947525969736285,0.589468014084058,0.0,0.0,0.0,0.0,-0.173367399474774,0.947525969736285,0.0,0.0,0.0,0.0,0.0,0.0,1.05340823278391,0.6106440898859,0.0,0.0,0.0,0.0,0.179595457834397,1.05340823278391,0.0,0.0,0.0,0.0,0.0,0.0,1.0,4.35199879343802e-09,0.0,0.0,0.0,0.0,0.0,1.0,0.0,0.0,0.0,0.0,0.0,0.0
308,D129,Drift,0.06635,0.0,0.0,0.0,0.0,0.0,0.0,1.0,0.06635,0.0,0.0,0.0,0.0,0.0,1.0,0.0,0.0,0.0,0.0,0.0,0.0,1.0,0.06635,0.0,0.0,0.0,0.0,0.0,1.0,0.0,0.0,0.0,0.0,0.0,0.0,1.0,4.81258533241021e-10,0.0,0.0,0.0,0.0,0.0,1.0,0.0,0.0,0.0,0.0,0.0,0.0
309,SEX_20W,Sextupole,0.272,0.0,0.0,0.0,0.0,0.0,0.0,1.0,0.272,0.0,0.0,0.0,0.0,0.0,1.0,0.0,0.0,0.0,0.0,0.0,0.0,1.0,0.272,0.0,0.0,0.0,0.0,0.0,1.0,0.0,0.0,0.0,0.0,0.0,0.0,1.0,1.9729061196919e-09,0.0,0.0,0.0,0.0,0.0,1.0,0.0,0.0,0.0,0.0,0.0,0.0
310,D130,Drift,0.04615,0.0,0.0,0.0,0.0,0.0,0.0,1.0,0.04615,0.0,0.0,0.0,0.0,0.0,1.0,0.0,0.0,0.0,0.0,0.0,0.0,1.0,0.04615,0.0,0.0,0.0,0.0,0.0,1.0,0.0,0.0,0.0,0.0,0.0,0.0,1.0,3.34741240528608e-10,0.0,0.0,0.0,0.0,0.0,1.0,0.0,0.0,0.0,0.0,0.0,0.0
311,DET_20W,Marker,0.0,0.0,0.0,0.0,0.0,0.0,0.0,1.0,0.0,0.0,0.0,0.0,0.0,0.0,1.0,0.0,0.0,0.0,0.0,0.0,0.0,1.0,0.0,0.0,0.0,0.0,0.0,0.0,1.0,0.0,0.0,0.0,0.0,0.0,0.0,1.0,0.0,0.0,0.0,0.0,0.0,0.0,1.0,0.0,0.0,0.0,0.0,0.0,0.0
312,D131,Drift,0.488536,0.0,0.0,0.0,0.0,0.0,0.0,1.0,0.488536,0.0,0.0,0.0,0.0,0.0,1.0,0.0,0.0,0.0,0.0,0.0,0.0,1.0,0.488536,0.0,0.0,0.0,0.0,0.0,1.0,0.0,0.0,0.0,0.0,0.0,0.0,1.0,3.54351347091839e-09,0.0,0.0,0.0,0.0,0.0,1.0,0.0,0.0,0.0,0.0,0.0,0.0
313,B21W,SBend,6.574262,0.0,0.0,0.0,0.0,0.0,0.0,0.998601412571274,6.56813321327172,0.0,0.0,0.0,0.245761945258038,-0.000425572795175415,0.998601412571274,0.0,0.0,0.0,0.0747823095238826,0.0,0.0,0.998601086397449,6.574262,0.0,0.0,0.0,0.0,-0.000425275148120851,0.998601086397449,0.0,0.0,-0.0747823095238826,-0.245761945258038,0.0,0.0,1.0,-0.00612873904297946,0.0,0.0,0.0,0.0,0.0,1.0,0.0,0.0,0.0,0.0,0.0,0.0
314,D132,Drift,0.157139,0.0,0.0,0.0,0.0,0.0,0.0,1.0,0.157139,0.0,0.0,0.0,0.0,0.0,1.0,0.0,0.0,0.0,0.0,0.0,0.0,1.0,0.157139,0.0,0.0,0.0,0.0,0.0,1.0,0.0,0.0,0.0,0.0,0.0,0.0,1.0,1.13978123067009e-09,0.0,0.0,0.0,0.0,0.0,1.0,0.0,0.0,0.0,0.0,0.0,0.0
315,Q21W,Quadrupole,0.6,0.0,0.0,0.0,0.0,0.0,0.0,1.04096429183465,0.608170699580069,0.0,0.0,0.0,0.0,0.137472352634776,1.04096429183465,0.0,0.0,0.0,0.0,0.0,0.0,0.959587538044108,0.591895519889376,0.0,0.0,0.0,0.0,-0.133793472275728,0.959587538044108,0.0,0.0,0.0,0.0,0.0,0.0,1.0,4.35199879343802e-09,0.0,0.0,0.0,0.0,0.0,1.0,0.0,0.0,0.0,0.0,0.0,0.0
316,D133,Drift,0.06385,0.0,0.0,0.0,0.0,0.0,0.0,1.0,0.06385,0.0,0.0,0.0,0.0,0.0,1.0,0.0,0.0,0.0,0.0,0.0,0.0,1.0,0.06385,0.0,0.0,0.0,0.0,0.0,1.0,0.0,0.0,0.0,0.0,0.0,0.0,1.0,4.63125204935029e-10,0.0,0.0,0.0,0.0,0.0,1.0,0.0,0.0,0.0,0.0,0.0,0.0
317,SEX_21W,Sextupole,0.272,0.0,0.0,0.0,0.0,0.0,0.0,1.0,0.272,0.0,0.0,0.0,0.0,0.0,1.0,0.0,0.0,0.0,0.0,0.0,0.0,1.0,0.272,0.0,0.0,0.0,0.0,0.0,1.0,0.0,0.0,0.0,0.0,0.0,0.0,1.0,1.9729061196919e-09,0.0,0.0,0.0,0.0,0.0,1.0,0.0,0.0,0.0,0.0,0.0,0.0
318,D134,Drift,0.04865,0.0,0.0,0.0,0.0,0.0,0.0,1.0,0.04865,0.0,0.0,0.0,0.0,0.0,1.0,0.0,0.0,0.0,0.0,0.0,0.0,1.0,0.04865,0.0,0.0,0.0,0.0,0.0,1.0,0.0,0.0,0.0,0.0,0.0,0.0,1.0,3.52874568834599e-10,0.0,0.0,0.0,0.0,0.0,1.0,0.0,0.0,0.0,0.0,0.0,0.0
319,DET_21W,Marker,0.0,0.0,0.0,0.0,0.0,0.0,0.0,1.0,0.0,0.0,0.0,0.0,0.0,0.0,1.0,0.0,0.0,0.0,0.0,0.0,0.0,1.0,0.0,0.0,0.0,0.0,0.0,0.0,1.0,0.0,0.0,0.0,0.0,0.0,0.0,1.0,0.0,0.0,0.0,0.0,0.0,0.0,1.0,0.0,0.0,0.0,0.0,0.0,0.0
320,D135,Drift,0.488536,0.0,0.0,0.0,0.0,0.0,0.0,1.0,0.488536,0.0,0.0,0.0,0.0,0.0,1.0,0.0,0.0,0.0,0.0,0.0,0.0,1.0,0.488536,0.0,0.0,0.0,0.0,0.0,1.0,0.0,0.0,0.0,0.0,0.0,0.0,1.0,3.54351347091839e-09,0.0,0.0,0.0,0.0,0.0,1.0,0.0,0.0,0.0,0.0,0.0,0.0
321,B22W,SBend,6.574262,0.0,0.0,0.0,0.0,0.0,0.0,0.998601412571274,6.56813321327172,0.0,0.0,0.0,0.245761945258038,-0.000425572795175415,0.998601412571274,0.0,0.0,0.0,0.0747823095238826,0.0,0.0,0.998601086397449,6.574262,0.0,0.0,0.0,0.0,-0.000425275148120851,0.998601086397449,0.0,0.0,-0.0747823095238826,-0.245761945258038,0.0,0.0,1.0,-0.00612873904297946,0.0,0.0,0.0,0.0,0.0,1.0,0.0,0.0,0.0,0.0,0.0,0.0
322,D136,Drift,0.157139,0.0,0.0,0.0,0.0,0.0,0.0,1.0,0.157139,0.0,0.0,0.0,0.0,0.0,1.0,0.0,0.0,0.0,0.0,0.0,0.0,1.0,0.157139,0.0,0.0,0.0,0.0,0.0,1.0,0.0,0.0,0.0,0.0,0.0,0.0,1.0,1.13978123067009e-09,0.0,0.0,0.0,0.0,0.0,1.0,0.0,0.0,0.0,0.0,0.0,0.0
323,Q22W,Quadrupole,0.6,0.0,0.0,0.0,0.0,0.0,0.0,0.942498388337573,0.588454977430347,0.0,0.0,0.0,0.0,-0.189813651451861,0.942498388337573,0.0,0.0,0.0,0.0,0.0,0.0,1.05862532528969,0.611679867723891,0.0,0.0,0.0,0.0,0.197305135762924,1.05862532528969,0.0,0.0,0.0,0.0,0.0,0.0,1.0,4.35199879343802e-09,0.0,0.0,0.0,0.0,0.0,1.0,0.0,0.0,0.0,0.0,0.0,0.0
324,D137,Drift,0.0661,0.0,0.0,0.0,0.0,0.0,0.0,1.0,0.0661,0.0,0.0,0.0,0.0,0.0,1.0,0.0,0.0,0.0,0.0,0.0,0.0,1.0,0.0661,0.0,0.0,0.0,0.0,0.0,1.0,0.0,0.0,0.0,0.0,0.0,0.0,1.0,4.79445200410422e-10,0.0,0.0,0.0,0.0,0.0,1.0,0.0,0.0,0.0,0.0,0.0,0.0
325,SEX_22W,Sextupole,0.272,0.0,0.0,0.0,0.0,0.0,0.0,1.0,0.272,0.0,0.0,0.0,0.0,0.0,1.0,0.0,0.0,0.0,0.0,0.0,0.0,1.0,0.272,0.0,0.0,0.0,0.0,0.0,1.0,0.0,0.0,0.0,0.0,0.0,0.0,1.0,1.9729061196919e-09,0.0,0.0,0.0,0.0,0.0,1.0,0.0,0.0,0.0,0.0,0.0,0.0
326,D138,Drift,0.0456,0.0,0.0,0.0,0.0,0.0,0.0,1.0,0.0456,0.0,0.0,0.0,0.0,0.0,1.0,0.0,0.0,0.0,0.0,0.0,0.0,1.0,0.0456,0.0,0.0,0.0,0.0,0.0,1.0,0.0,0.0,0.0,0.0,0.0,0.0,1.0,3.30751908301289e-10,0.0,0.0,0.0,0.0,0.0,1.0,0.0,0.0,0.0,0.0,0.0,0.0
327,DET_22W,Marker,0.0,0.0,0.0,0.0,0.0,0.0,0.0,1.0,0.0,0.0,0.0,0.0,0.0,0.0,1.0,0.0,0.0,0.0,0.0,0.0,0.0,1.0,0.0,0.0,0.0,0.0,0.0,0.0,1.0,0.0,0.0,0.0,0.0,0.0,0.0,1.0,0.0,0.0,0.0,0.0,0.0,0.0,1.0,0.0,0.0,0.0,0.0,0.0,0.0
328,D139,Drift,0.489337,0.0,0.0,0.0,0.0,0.0,0.0,1.0,0.489337,0.0,0.0,0.0,0.0,0.0,1.0,0.0,0.0,0.0,0.0,0.0,0.0,1.0,0.489337,0.0,0.0,0.0,0.0,0.0,1.0,0.0,0.0,0.0,0.0,0.0,0.0,1.0,3.54932338930763e-09,0.0,0.0,0.0,0.0,0.0,1.0,0.0,0.0,0.0,0.0,0.0,0.0
329,B23W,SBend,6.574262,0.0,0.0,0.0,0.0,0.0,0.0,0.998601412571274,6.56813321327172,0.0,0.0,0.0,0.245761945258038,-0.000425572795175415,0.998601412571274,0.0,0.0,0.0,0.0747823095238826,0.0,0.0,0.998601086397449,6.574262,0.0,0.0,0.0,0.0,-0.000425275148120851,0.998601086397449,0.0,0.0,-0.0747823095238826,-0.245761945258038,0.0,0.0,1.0,-0.00612873904297946,0.0,0.0,0.0,0.0,0.0,1.0,0.0,0.0,0.0,0.0,0.0,0.0
330,D140,Drift,0.157139,0.0,0.0,0.0,0.0,0.0,0.0,1.0,0.157139,0.0,0.0,0.0,0.0,0.0,1.0,0.0,0.0,0.0,0.0,0.0,0.0,1.0,0.157139,0.0,0.0,0.0,0.0,0.0,1.0,0.0,0.0,0.0,0.0,0.0,0.0,1.0,1.13978123067009e-09,0.0,0.0,0.0,0.0,0.0,1.0,0.0,0.0,0.0,0.0,0.0,0.0
331,Q23W,Quadrupole,0.6,0.0,0.0,0.0,0.0,0.0,0.0,1.04687696073313,0.609346415209755,0.0,0.0,0.0,0.0,0.157466046437339,1.04687696073313,0.0,0.0,0.0,0.0,0.0,0.0,0.95384426517464,0.590740131701021,0.0,0.0,0.0,0.0,-0.152657848949209,0.95384426517464,0.0,0.0,0.0,0.0,0.0,0.0,1.0,4.35199879343802e-09,0.0,0.0,0.0,0.0,0.0,1.0,0.0,0.0,0.0,0.0,0.0,0.0
332,D141,Drift,0.0654,0.0,0.0,0.0,0.0,0.0,0.0,1.0,0.0654,0.0,0.0,0.0,0.0,0.0,1.0,0.0,0.0,0.0,0.0,0.0,0.0,1.0,0.0654,0.0,0.0,0.0,0.0,0.0,1.0,0.0,0.0,0.0,0.0,0.0,0.0,1.0,4.74367868484744e-10,0.0,0.0,0.0,0.0,0.0,1.0,0.0,0.0,0.0,0.0,0.0,0.0
333,SEX_23W,Sextupole,0.272,0.0,0.0,0.0,0.0,0.0,0.0,1.0,0.272,0.0,0.0,0.0,0.0,0.0,1.0,0.0,0.0,0.0,0.0,0.0,0.0,1.0,0.272,0.0,0.0,0.0,0.0,0.0,1.0,0.0,0.0,0.0,0.0,0.0,0.0,1.0,1.9729061196919e-09,0.0,0.0,0.0,0.0,0.0,1.0,0.0,0.0,0.0,0.0,0.0,0.0
334,D142,Drift,0.0252,0.0,0.0,0.0,0.0,0.0,0.0,1.0,0.0252,0.0,0.0,0.0,0.0,0.0,1.0,0.0,0.0,0.0,0.0,0.0,0.0,1.0,0.0252,0.0,0.0,0.0,0.0,0.0,1.0,0.0,0.0,0.0,0.0,0.0,0.0,1.0,1.82783949324397e-10,0.0,0.0,0.0,0.0,0.0,1.0,0.0,0.0,0.0,0.0,0.0,0.0
335,DET_23W,Marker,0.0,0.0,0.0,0.0,0.0,0.0,0.0,1.0,0.0,0.0,0.0,0.0,0.0,0.0,1.0,0.0,0.0,0.0,0.0,0.0,0.0,1.0,0.0,0.0,0.0,0.0,0.0,0.0,1.0,0.0,0.0,0.0,0.0,0.0,0.0,1.0,0.0,0.0,0.0,0.0,0.0,0.0,1.0,0.0,0.0,0.0,0.0,0.0,0.0
336,D143,Drift,0.5548,0.0,0.0,0.0,0.0,0.0,0.0,1.0,0.5548,0.0,0.0,0.0,0.0,0.0,1.0,0.0,0.0,0.0,0.0,0.0,0.0,1.0,0.5548,0.0,0.0,0.0,0.0,0.0,1.0,0.0,0.0,0.0,0.0,0.0,0.0,1.0,4.02414821766569e-09,0.0,0.0,0.0,0.0,0.0,1.0,0.0,0.0,0.0,0.0,0.0,0.0
337,SK_SEX_23W,Sextupole,0.1285,0.0,0.0,0.0,0.0,0.0,0.0,1.0,0.1285,0.0,-6.93889390390723e-18,0.0,0.0,0.0,1.0,0.0,0.0,0.0,0.0,0.0,6.93889390390723e-18,1.0,0.1285,0.0,0.0,0.0,0.0,0.0,1.0,0.0,0.0,0.0,0.0,0.0,0.0,1.0,9.32053074927976e-10,0.0,0.0,0.0,0.0,0.0,1.0,0.0,0.0,0.0,0.0,0.0,0.0
338,D144,Drift,1.0062,0.0,0.0,0.0,0.0,0.0,0.0,1.0,1.0062,0.0,0.0,0.0,0.0,0.0,1.0,0.0,0.0,0.0,0.0,0.0,0.0,1.0,1.0062,0.0,0.0,0.0,0.0,0.0,1.0,0.0,0.0,0.0,0.0,0.0,0.0,1.0,7.29830197659555e-09,0.0,0.0,0.0,0.0,0.0,1.0,0.0,0.0,0.0,0.0,0.0,0.0
339,DET_I23W1,Marker,0.0,0.0,0.0,0.0,0.0,0.0,0.0,1.0,0.0,0.0,0.0,0.0,0.0,0.0,1.0,0.0,0.0,0.0,0.0,0.0,0.0,1.0,0.0,0.0,0.0,0.0,0.0,0.0,1.0,0.0,0.0,0.0,0.0,0.0,0.0,1.0,0.0,0.0,0.0,0.0,0.0,0.0,1.0,0.0,0.0,0.0,0.0,0.0,0.0
340,D145,Drift,0.820951,0.0,0.0,0.0,0.0,0.0,0.0,1.0,0.820951,0.0,0.0,0.0,0.0,0.0,1.0,0.0,0.0,0.0,0.0,0.0,0.0,1.0,0.820951,0.0,0.0,0.0,0.0,0.0,1.0,0.0,0.0,0.0,0.0,0.0,0.0,1.0,5.95462960245289e-09,0.0,0.0,0.0,0.0,0.0,1.0,0.0,0.0,0.0,0.0,0.0,0.0
341,B24W,SBend,6.574262,0.0,0.0,0.0,0.0,0.0,0.0,0.998601412571274,6.56813321327172,0.0,0.0,0.0,0.245761945258038,-0.000425572795175415,0.998601412571274,0.0,0.0,0.0,0.0747823095238826,0.0,0.0,0.998601086397449,6.574262,0.0,0.0,0.0,0.0,-0.000425275148120851,0.998601086397449,0.0,0.0,-0.0747823095238826,-0.245761945258038,0.0,0.0,1.0,-0.00612873904297946,0.0,0.0,0.0,0.0,0.0,1.0,0.0,0.0,0.0,0.0,0.0,0.0
342,D146,Drift,0.157139,0.0,0.0,0.0,0.0,0.0,0.0,1.0,0.157139,0.0,0.0,0.0,0.0,0.0,1.0,0.0,0.0,0.0,0.0,0.0,0.0,1.0,0.157139,0.0,0.0,0.0,0.0,0.0,1.0,0.0,0.0,0.0,0.0,0.0,0.0,1.0,1.13978123067009e-09,0.0,0.0,0.0,0.0,0.0,1.0,0.0,0.0,0.0,0.0,0.0,0.0
343,Q24W,Quadrupole,0.6,0.0,0.0,0.0,0.0,0.0,0.0,0.940666087970724,0.588085601969862,0.0,0.0,0.0,0.0,-0.195800255194403,0.940666087970724,0.0,0.0,0.0,0.0,0.0,0.0,1.06053112905082,0.612058063526702,0.0,0.0,0.0,0.0,0.203781770257423,1.06053112905082,0.0,0.0,0.0,0.0,0.0,0.0,1.0,4.35199879343802e-09,0.0,0.0,0.0,0.0,0.0,1.0,0.0,0.0,0.0,0.0,0.0,0.0
344,D147,Drift,0.06355,0.0,0.0,0.0,0.0,0.0,0.0,1.0,0.06355,0.0,0.0,0.0,0.0,0.0,1.0,0.0,0.0,0.0,0.0,0.0,0.0,1.0,0.06355,0.0,0.0,0.0,0.0,0.0,1.0,0.0,0.0,0.0,0.0,0.0,0.0,1.0,4.6094920553831e-10,0.0,0.0,0.0,0.0,0.0,1.0,0.0,0.0,0.0,0.0,0.0,0.0
345,SEX_24W,Sextupole,0.272,0.0,0.0,0.0,0.0,0.0,0.0,1.0,0.272,0.0,0.0,0.0,0.0,0.0,1.0,0.0,0.0,0.0,0.0,0.0,0.0,1.0,0.272,0.0,0.0,0.0,0.0,0.0,1.0,0.0,0.0,0.0,0.0,0.0,0.0,1.0,1.9729061196919e-09,0.0,0.0,0.0,0.0,0.0,1.0,0.0,0.0,0.0,0.0,0.0,0.0
346,D148,Drift,0.04855,0.0,0.0,0.0,0.0,0.0,0.0,1.0,0.04855,0.0,0.0,0.0,0.0,0.0,1.0,0.0,0.0,0.0,0.0,0.0,0.0,1.0,0.04855,0.0,0.0,0.0,0.0,0.0,1.0,0.0,0.0,0.0,0.0,0.0,0.0,1.0,3.5214923570236e-10,0.0,0.0,0.0,0.0,0.0,1.0,0.0,0.0,0.0,0.0,0.0,0.0
347,DET_24W,Marker,0.0,0.0,0.0,0.0,0.0,0.0,0.0,1.0,0.0,0.0,0.0,0.0,0.0,0.0,1.0,0.0,0.0,0.0,0.0,0.0,0.0,1.0,0.0,0.0,0.0,0.0,0.0,0.0,1.0,0.0,0.0,0.0,0.0,0.0,0.0,1.0,0.0,0.0,0.0,0.0,0.0,0.0,1.0,0.0,0.0,0.0,0.0,0.0,0.0
348,D149,Drift,0.488952,0.0,0.0,0.0,0.0,0.0,0.0,1.0,0.488952,0.0,0.0,0.0,0.0,0.0,1.0,0.0,0.0,0.0,0.0,0.0,0.0,1.0,0.488952,0.0,0.0,0.0,0.0,0.0,1.0,0.0,0.0,0.0,0.0,0.0,0.0,1.0,3.54653085674851e-09,0.0,0.0,0.0,0.0,0.0,1.0,0.0,0.0,0.0,0.0,0.0,0.0
349,B25W,SBend,6.574262,0.0,0.0,0.0,0.0,0.0,0.0,0.998601412571274,6.56813321327172,0.0,0.0,0.0,0.245761945258038,-0.000425572795175415,0.998601412571274,0.0,0.0,0.0,0.0747823095238826,0.0,0.0,0.998601086397449,6.574262,0.0,0.0,0.0,0.0,-0.000425275148120851,0.998601086397449,0.0,0.0,-0.0747823095238826,-0.245761945258038,0.0,0.0,1.0,-0.00612873904297946,0.0,0.0,0.0,0.0,0.0,1.0,0.0,0.0,0.0,0.0,0.0,0.0
350,D150,Drift,0.157139,0.0,0.0,0.0,0.0,0.0,0.0,1.0,0.157139,0.0,0.0,0.0,0.0,0.0,1.0,0.0,0.0,0.0,0.0,0.0,0.0,1.0,0.157139,0.0,0.0,0.0,0.0,0.0,1.0,0.0,0.0,0.0,0.0,0.0,0.0,1.0,1.13978123067009e-09,0.0,0.0,0.0,0.0,0.0,1.0,0.0,0.0,0.0,0.0,0.0,0.0
351,Q25W,Quadrupole,0.6,0.0,0.0,0.0,0.0,0.0,0.0,1.05597719840314,0.611154207844009,0.0,0.0,0.0,0.0,0.188312282023448,1.05597719840314,0.0,0.0,0.0,0.0,0.0,0.0,0.945048176341444,0.588968836724815,0.0,0.0,0.0,0.0,-0.181476400327189,0.945048176341444,0.0,0.0,0.0,0.0,0.0,0.0,1.0,4.35199879343802e-09,0.0,0.0,0.0,0.0,0.0,1.0,0.0,0.0,0.0,0.0,0.0,0.0
352,D151,Drift,0.0649,0.0,0.0,0.0,0.0,0.0,0.0,1.0,0.0649,0.0,0.0,0.0,0.0,0.0,1.0,0.0,0.0,0.0,0.0,0.0,0.0,1.0,0.0649,0.0,0.0,0.0,0.0,0.0,1.0,0.0,0.0,0.0,0.0,0.0,0.0,1.0,4.70741202823546e-10,0.0,0.0,0.0,0.0,0.0,1.0,0.0,0.0,0.0,0.0,0.0,0.0
353,SEX_25W,Sextupole,0.272,0.0,0.0,0.0,0.0,0.0,0.0,1.0,0.272,0.0,0.0,0.0,0.0,0.0,1.0,0.0,0.0,0.0,0.0,0.0,0.0,1.0,0.272,0.0,0.0,0.0,0.0,0.0,1.0,0.0,0.0,0.0,0.0,0.0,0.0,1.0,1.9729061196919e-09,0.0,0.0,0.0,0.0,0.0,1.0,0.0,0.0,0.0,0.0,0.0,0.0
354,D152,Drift,0.0472,0.0,0.0,0.0,0.0,0.0,0.0,1.0,0.0472,0.0,0.0,0.0,0.0,0.0,1.0,0.0,0.0,0.0,0.0,0.0,0.0,1.0,0.0472,0.0,0.0,0.0,0.0,0.0,1.0,0.0,0.0,0.0,0.0,0.0,0.0,1.0,3.42357238417124e-10,0.0,0.0,0.0,0.0,0.0,1.0,0.0,0.0,0.0,0.0,0.0,0.0
355,DET_25W,Marker,0.0,0.0,0.0,0.0,0.0,0.0,0.0,1.0,0.0,0.0,0.0,0.0,0.0,0.0,1.0,0.0,0.0,0.0,0.0,0.0,0.0,1.0,0.0,0.0,0.0,0.0,0.0,0.0,1.0,0.0,0.0,0.0,0.0,0.0,0.0,1.0,0.0,0.0,0.0,0.0,0.0,0.0,1.0,0.0,0.0,0.0,0.0,0.0,0.0
356,D153,Drift,0.488936,0.0,0.0,0.0,0.0,0.0,0.0,1.0,0.488936,0.0,0.0,0.0,0.0,0.0,1.0,0.0,0.0,0.0,0.0,0.0,0.0,1.0,0.488936,0.0,0.0,0.0,0.0,0.0,1.0,0.0,0.0,0.0,0.0,0.0,0.0,1.0,3.54641480344735e-09,0.0,0.0,0.0,0.0,0.0,1.0,0.0,0.0,0.0,0.0,0.0,0.0
357,B26W,SBend,6.574262,0.0,0.0,0.0,0.0,0.0,0.0,0.998601412571274,6.56813321327172,0.0,0.0,0.0,0.245761945258038,-0.000425572795175415,0.998601412571274,0.0,0.0,0.0,0.0747823095238826,0.0,0.0,0.998601086397449,6.574262,0.0,0.0,0.0,0.0,-0.000425275148120851,0.998601086397449,0.0,0.0,-0.0747823095238826,-0.245761945258038,0.0,0.0,1.0,-0.00612873904297946,0.0,0.0,0.0,0.0,0.0,1.0,0.0,0.0,0.0,0.0,0.0,0.0
358,D154,Drift,0.157139,0.0,0.0,0.0,0.0,0.0,0.0,1.0,0.157139,0.0,0.0,0.0,0.0,0.0,1.0,0.0,0.0,0.0,0.0,0.0,0.0,1.0,0.157139,0.0,0.0,0.0,0.0,0.0,1.0,0.0,0.0,0.0,0.0,0.0,0.0,1.0,1.13978123067009e-09,0.0,0.0,0.0,0.0,0.0,1.0,0.0,0.0,0.0,0.0,0.0,0.0
359,Q26W,Quadrupole,0.6,0.0,0.0,0.0,0.0,0.0,0.0,0.941376735922466,0.588228873366074,0.0,0.0,0.0,0.0,-0.19347884168402,0.941376735922466,0.0,0.0,0.0,0.0,0.0,0.0,1.05979169128478,0.611911337378718,0.0,0.0,0.0,0.0,0.201268421408608,1.05979169128478,0.0,0.0,0.0,0.0,0.0,0.0,1.0,4.35199879343802e-09,0.0,0.0,0.0,0.0,0.0,1.0,0.0,0.0,0.0,0.0,0.0,0.0
360,D155,Drift,0.0669,0.0,0.0,0.0,0.0,0.0,0.0,1.0,0.0669,0.0,0.0,0.0,0.0,0.0,1.0,0.0,0.0,0.0,0.0,0.0,0.0,1.0,0.0669,0.0,0.0,0.0,0.0,0.0,1.0,0.0,0.0,0.0,0.0,0.0,0.0,1.0,4.85247865468339e-10,0.0,0.0,0.0,0.0,0.0,1.0,0.0,0.0,0.0,0.0,0.0,0.0
361,SEX_26W,Sextupole,0.272,0.0,0.0,0.0,0.0,0.0,0.0,1.0,0.272,0.0,0.0,0.0,0.0,0.0,1.0,0.0,0.0,0.0,0.0,0.0,0.0,1.0,0.272,0.0,0.0,0.0,0.0,0.0,1.0,0.0,0.0,0.0,0.0,0.0,0.0,1.0,1.9729061196919e-09,0.0,0.0,0.0,0.0,0.0,1.0,0.0,0.0,0.0,0.0,0.0,0.0
362,D156,Drift,0.0238,0.0,0.0,0.0,0.0,0.0,0.0,1.0,0.0238,0.0,0.0,0.0,0.0,0.0,1.0,0.0,0.0,0.0,0.0,0.0,0.0,1.0,0.0238,0.0,0.0,0.0,0.0,0.0,1.0,0.0,0.0,0.0,0.0,0.0,0.0,1.0,1.72629285473041e-10,0.0,0.0,0.0,0.0,0.0,1.0,0.0,0.0,0.0,0.0,0.0,0.0
363,DET_26W,Marker,0.0,0.0,0.0,0.0,0.0,0.0,0.0,1.0,0.0,0.0,0.0,0.0,0.0,0.0,1.0,0.0,0.0,0.0,0.0,0.0,0.0,1.0,0.0,0.0,0.0,0.0,0.0,0.0,1.0,0.0,0.0,0.0,0.0,0.0,0.0,1.0,0.0,0.0,0.0,0.0,0.0,0.0,1.0,0.0,0.0,0.0,0.0,0.0,0.0
364,D157,Drift,0.1413,0.0,0.0,0.0,0.0,0.0,0.0,1.0,0.1413,0.0,0.0,0.0,0.0,0.0,1.0,0.0,0.0,0.0,0.0,0.0,0.0,1.0,0.1413,0.0,0.0,0.0,0.0,0.0,1.0,0.0,0.0,0.0,0.0,0.0,0.0,1.0,1.02489571585465e-09,0.0,0.0,0.0,0.0,0.0,1.0,0.0,0.0,0.0,0.0,0.0,0.0
365,BUMP_26W,Kicker,0.2295,0.0,0.0,0.0,0.0,0.0,0.0,1.0,0.2295,0.0,0.0,0.0,0.0,0.0,1.0,0.0,0.0,0.0,0.0,0.0,0.0,1.0,0.2295,0.0,0.0,0.0,0.0,0.0,1.0,0.0,0.0,0.0,0.0,0.0,0.0,1.0,1.66463953849004e-09,0.0,0.0,0.0,0.0,0.0,1.0,0.0,0.0,0.0,0.0,0.0,0.0
366,D158,Drift,0.364542,0.0,0.0,0.0,0.0,0.0,0.0,1.0,0.364542,0.0,0.0,0.0,0.0,0.0,1.0,0.0,0.0,0.0,0.0,0.0,0.0,1.0,0.364542,0.0,0.0,0.0,0.0,0.0,1.0,0.0,0.0,0.0,0.0,0.0,0.0,1.0,2.64414390692914e-09,0.0,0.0,0.0,0.0,0.0,1.0,0.0,0.0,0.0,0.0,0.0,0.0
367,B27W,SBend,6.574262,0.0,0.0,0.0,0.0,0.0,0.0,0.998601412571274,6.56813321327172,0.0,0.0,0.0,0.245761945258038,-0.000425572795175415,0.998601412571274,0.0,0.0,0.0,0.0747823095238826,0.0,0.0,0.998601086397449,6.574262,0.0,0.0,0.0,0.0,-0.000425275148120851,0.998601086397449,0.0,0.0,-0.0747823095238826,-0.245761945258038,0.0,0.0,1.0,-0.00612873904297946,0.0,0.0,0.0,0.0,0.0,1.0,0.0,0.0,0.0,0.0,0.0,0.0
368,D159,Drift,0.157139,0.0,0.0,0.0,0.0,0.0,0.0,1.0,0.157139,0.0,0.0,0.0,0.0,0.0,1.0,0.0,0.0,0.0,0.0,0.0,0.0,1.0,0.157139,0.0,0.0,0.0,0.0,0.0,1.0,0.0,0.0,0.0,0.0,0.0,0.0,1.0,1.13978123067009e-09,0.0,0.0,0.0,0.0,0.0,1.0,0.0,0.0,0.0,0.0,0.0,0.0
369,Q27W,Quadrupole,0.6,0.0,0.0,0.0,0.0,0.0,0.0,1.0464212130789,0.609255823348997,0.0,0.0,0.0,0.0,0.15592358996148,1.0464212130789,0.0,0.0,0.0,0.0,0.0,0.0,0.954286162761152,0.59082906156119,0.0,0.0,0.0,0.0,-0.151207727200371,0.954286162761152,0.0,0.0,0.0,0.0,0.0,0.0,1.0,4.35199879343802e-09,0.0,0.0,0.0,0.0,0.0,1.0,0.0,0.0,0.0,0.0,0.0,0.0
370,D160,Drift,0.06715,0.0,0.0,0.0,0.0,0.0,0.0,1.0,0.06715,0.0,0.0,0.0,0.0,0.0,1.0,0.0,0.0,0.0,0.0,0.0,0.0,1.0,0.06715,0.0,0.0,0.0,0.0,0.0,1.0,0.0,0.0,0.0,0.0,0.0,0.0,1.0,4.87061198298938e-10,0.0,0.0,0.0,0.0,0.0,1.0,0.0,0.0,0.0,0.0,0.0,0.0
371,SEX_27W,Sextupole,0.272,0.0,0.0,0.0,0.0,0.0,0.0,1.0,0.272,0.0,0.0,0.0,0.0,0.0,1.0,0.0,0.0,0.0,0.0,0.0,0.0,1.0,0.272,0.0,0.0,0.0,0.0,0.0,1.0,0.0,0.0,0.0,0.0,0.0,0.0,1.0,1.9729061196919e-09,0.0,0.0,0.0,0.0,0.0,1.0,0.0,0.0,0.0,0.0,0.0,0.0
372,D161,Drift,0.04795,0.0,0.0,0.0,0.0,0.0,0.0,1.0,0.04795,0.0,0.0,0.0,0.0,0.0,1.0,0.0,0.0,0.0,0.0,0.0,0.0,1.0,0.04795,0.0,0.0,0.0,0.0,0.0,1.0,0.0,0.0,0.0,0.0,0.0,0.0,1.0,3.47797236908922e-10,0.0,0.0,0.0,0.0,0.0,1.0,0.0,0.0,0.0,0.0,0.0,0.0
373,DET_27W,Marker,0.0,0.0,0.0,0.0,0.0,0.0,0.0,1.0,0.0,0.0,0.0,0.0,0.0,0.0,1.0,0.0,0.0,0.0,0.0,0.0,0.0,1.0,0.0,0.0,0.0,0.0,0.0,0.0,1.0,0.0,0.0,0.0,0.0,0.0,0.0,1.0,0.0,0.0,0.0,0.0,0.0,0.0,1.0,0.0,0.0,0.0,0.0,0.0,0.0
374,D162,Drift,0.485952,0.0,0.0,0.0,0.0,0.0,0.0,1.0,0.485952,0.0,0.0,0.0,0.0,0.0,1.0,0.0,0.0,0.0,0.0,0.0,0.0,1.0,0.485952,0.0,0.0,0.0,0.0,0.0,1.0,0.0,0.0,0.0,0.0,0.0,0.0,1.0,3.52477086278132e-09,0.0,0.0,0.0,0.0,0.0,1.0,0.0,0.0,0.0,0.0,0.0,0.0
375,B28W,SBend,6.574262,0.0,0.0,0.0,0.0,0.0,0.0,0.998601412571274,6.56813321327172,0.0,0.0,0.0,0.245761945258038,-0.000425572795175415,0.998601412571274,0.0,0.0,0.0,0.0747823095238826,0.0,0.0,0.998601086397449,6.574262,0.0,0.0,0.0,0.0,-0.000425275148120851,0.998601086397449,0.0,0.0,-0.0747823095238826,-0.245761945258038,0.0,0.0,1.0,-0.00612873904297946,0.0,0.0,0.0,0.0,0.0,1.0,0.0,0.0,0.0,0.0,0.0,0.0
376,D163,Drift,0.157139,0.0,0.0,0.0,0.0,0.0,0.0,1.0,0.157139,0.0,0.0,0.0,0.0,0.0,1.0,0.0,0.0,0.0,0.0,0.0,0.0,1.0,0.157139,0.0,0.0,0.0,0.0,0.0,1.0,0.0,0.0,0.0,0.0,0.0,0.0,1.0,1.13978123067009e-09,0.0,0.0,0.0,0.0,0.0,1.0,0.0,0.0,0.0,0.0,0.0,0.0
377,Q28W,Quadrupole,0.6,0.0,0.0,0.0,0.0,0.0,0.0,0.944757288609895,0.588910223184534,0.0,0.0,0.0,0.0,-0.182427917514372,0.944757288609895,0.0,0.0,0.0,0.0,0.0,0.0,1.0562790731608,0.611214139818795,0.0,0.0,0.0,0.0,0.189337047130089,1.0562790731608,0.0,0.0,0.0,0.0,0.0,0.0,1.0,4.35199879343802e-09,0.0,0.0,0.0,0.0,0.0,1.0,0.0,0.0,0.0,0.0,0.0,0.0
378,D164,Drift,0.0659,0.0,0.0,0.0,0.0,0.0,0.0,1.0,0.0659,0.0,0.0,0.0,0.0,0.0,1.0,0.0,0.0,0.0,0.0,0.0,0.0,1.0,0.0659,0.0,0.0,0.0,0.0,0.0,1.0,0.0,0.0,0.0,0.0,0.0,0.0,1.0,4.77994534145942e-10,0.0,0.0,0.0,0.0,0.0,1.0,0.0,0.0,0.0,0.0,0.0,0.0
379,SEX_28W,Sextupole,0.272,0.0,0.0,0.0,0.0,0.0,0.0,1.0,0.272,0.0,0.0,0.0,0.0,0.0,1.0,0.0,0.0,0.0,0.0,0.0,0.0,1.0,0.272,0.0,0.0,0.0,0.0,0.0,1.0,0.0,0.0,0.0,0.0,0.0,0.0,1.0,1.9729061196919e-09,0.0,0.0,0.0,0.0,0.0,1.0,0.0,0.0,0.0,0.0,0.0,0.0
380,D165,Drift,0.0267,0.0,0.0,0.0,0.0,0.0,0.0,1.0,0.0267,0.0,0.0,0.0,0.0,0.0,1.0,0.0,0.0,0.0,0.0,0.0,0.0,1.0,0.0267,0.0,0.0,0.0,0.0,0.0,1.0,0.0,0.0,0.0,0.0,0.0,0.0,1.0,1.93663946307992e-10,0.0,0.0,0.0,0.0,0.0,1.0,0.0,0.0,0.0,0.0,0.0,0.0
381,DET_28W,Marker,0.0,0.0,0.0,0.0,0.0,0.0,0.0,1.0,0.0,0.0,0.0,0.0,0.0,0.0,1.0,0.0,0.0,0.0,0.0,0.0,0.0,1.0,0.0,0.0,0.0,0.0,0.0,0.0,1.0,0.0,0.0,0.0,0.0,0.0,0.0,1.0,0.0,0.0,0.0,0.0,0.0,0.0,1.0,0.0,0.0,0.0,0.0,0.0,0.0
382,D166,Drift,0.1432,0.0,0.0,0.0,0.0,0.0,0.0,1.0,0.1432,0.0,0.0,0.0,0.0,0.0,1.0,0.0,0.0,0.0,0.0,0.0,0.0,1.0,0.1432,0.0,0.0,0.0,0.0,0.0,1.0,0.0,0.0,0.0,0.0,0.0,0.0,1.0,1.03867704536721e-09,0.0,0.0,0.0,0.0,0.0,1.0,0.0,0.0,0.0,0.0,0.0,0.0
383,BUMP_28W,Kicker,0.2295,0.0,0.0,0.0,0.0,0.0,0.0,1.0,0.2295,0.0,0.0,0.0,0.0,0.0,1.0,0.0,0.0,0.0,0.0,0.0,0.0,1.0,0.2295,0.0,0.0,0.0,0.0,0.0,1.0,0.0,0.0,0.0,0.0,0.0,0.0,1.0,1.66463953849004e-09,0.0,0.0,0.0,0.0,0.0,1.0,0.0,0.0,0.0,0.0,0.0,0.0
384,D167,Drift,0.360773,0.0,0.0,0.0,0.0,0.0,0.0,1.0,0.360773,0.0,0.0,0.0,0.0,0.0,1.0,0.0,0.0,0.0,0.0,0.0,0.0,1.0,0.360773,0.0,0.0,0.0,0.0,0.0,1.0,0.0,0.0,0.0,0.0,0.0,0.0,1.0,2.61680610117502e-09,0.0,0.0,0.0,0.0,0.0,1.0,0.0,0.0,0.0,0.0,0.0,0.0
385,B29W,SBend,6.574262,0.0,0.0,0.0,0.0,0.0,0.0,0.998601412571274,6.56813321327172,0.0,0.0,0.0,0.245761945258038,-0.000425572795175415,0.998601412571274,0.0,0.0,0.0,0.0747823095238826,0.0,0.0,0.998601086397449,6.574262,0.0,0.0,0.0,0.0,-0.000425275148120851,0.998601086397449,0.0,0.0,-0.0747823095238826,-0.245761945258038,0.0,0.0,1.0,-0.00612873904297946,0.0,0.0,0.0,0.0,0.0,1.0,0.0,0.0,0.0,0.0,0.0,0.0
386,D168,Drift,0.157139,0.0,0.0,0.0,0.0,0.0,0.0,1.0,0.157139,0.0,0.0,0.0,0.0,0.0,1.0,0.0,0.0,0.0,0.0,0.0,0.0,1.0,0.157139,0.0,0.0,0.0,0.0,0.0,1.0,0.0,0.0,0.0,0.0,0.0,0.0,1.0,1.13978123067009e-09,0.0,0.0,0.0,0.0,0.0,1.0,0.0,0.0,0.0,0.0,0.0,0.0
387,Q29W,Quadrupole,0.6,0.0,0.0,0.0,0.0,0.0,0.0,1.0462193723066,0.609215700461996,0.0,0.0,0.0,0.0,0.155240541105393,1.0462193723066,0.0,0.0,0.0,0.0,0.0,0.0,0.954481911889785,0.59086845345422,0.0,0.0,0.0,0.0,-0.150565289710655,0.954481911889785,0.0,0.0,0.0,0.0,0.0,0.0,1.0,4.35199879343802e-09,0.0,0.0,0.0,0.0,0.0,1.0,0.0,0.0,0.0,0.0,0.0,0.0
388,D169,Drift,0.06465,0.0,0.0,0.0,0.0,0.0,0.0,1.0,0.06465,0.0,0.0,0.0,0.0,0.0,1.0,0.0,0.0,0.0,0.0,0.0,0.0,1.0,0.06465,0.0,0.0,0.0,0.0,0.0,1.0,0.0,0.0,0.0,0.0,0.0,0.0,1.0,4.68927869992946e-10,0.0,0.0,0.0,0.0,0.0,1.0,0.0,0.0,0.0,0.0,0.0,0.0
389,SEX_29W,Sextupole,0.272,0.0,0.0,0.0,0.0,0.0,0.0,1.0,0.272,0.0,0.0,0.0,0.0,0.0,1.0,0.0,0.0,0.0,0.0,0.0,0.0,1.0,0.272,0.0,0.0,0.0,0.0,0.0,1.0,0.0,0.0,0.0,0.0,0.0,0.0,1.0,1.9729061196919e-09,0.0,0.0,0.0,0.0,0.0,1.0,0.0,0.0,0.0,0.0,0.0,0.0
390,D170,Drift,0.02655,0.0,0.0,0.0,0.0,0.0,0.0,1.0,0.02655,0.0,0.0,0.0,0.0,0.0,1.0,0.0,0.0,0.0,0.0,0.0,0.0,1.0,0.02655,0.0,0.0,0.0,0.0,0.0,1.0,0.0,0.0,0.0,0.0,0.0,0.0,1.0,1.92575946609632e-10,0.0,0.0,0.0,0.0,0.0,1.0,0.0,0.0,0.0,0.0,0.0,0.0
391,DET_29W,Marker,0.0,0.0,0.0,0.0,0.0,0.0,0.0,1.0,0.0,0.0,0.0,0.0,0.0,0.0,1.0,0.0,0.0,0.0,0.0,0.0,0.0,1.0,0.0,0.0,0.0,0.0,0.0,0.0,1.0,0.0,0.0,0.0,0.0,0.0,0.0,1.0,0.0,0.0,0.0,0.0,0.0,0.0,1.0,0.0,0.0,0.0,0.0,0.0,0.0
392,D171,Drift,0.9582,0.0,0.0,0.0,0.0,0.0,0.0,1.0,0.9582,0.0,0.0,0.0,0.0,0.0,1.0,0.0,0.0,0.0,0.0,0.0,0.0,1.0,0.9582,0.0,0.0,0.0,0.0,0.0,1.0,0.0,0.0,0.0,0.0,0.0,0.0,1.0,6.95014207312051e-09,0.0,0.0,0.0,0.0,0.0,1.0,0.0,0.0,0.0,0.0,0.0,0.0
393,SK_SEX_29W,Sextupole,0.1275,0.0,0.0,0.0,0.0,0.0,0.0,1.0,0.1275,0.0,0.0,0.0,0.0,0.0,1.0,0.0,0.0,0.0,0.0,0.0,0.0,1.0,0.1275,0.0,0.0,0.0,0.0,0.0,1.0,0.0,0.0,0.0,0.0,0.0,0.0,1.0,9.24799743605579e-10,0.0,0.0,0.0,0.0,0.0,1.0,0.0,0.0,0.0,0.0,0.0,0.0
394,D172,Drift,0.504153,0.0,0.0,0.0,0.0,0.0,0.0,1.0,0.504153,0.0,0.0,0.0,0.0,0.0,1.0,0.0,0.0,0.0,0.0,0.0,0.0,1.0,0.504153,0.0,0.0,0.0,0.0,0.0,1.0,0.0,0.0,0.0,0.0,0.0,0.0,1.0,3.65678874618026e-09,0.0,0.0,0.0,0.0,0.0,1.0,0.0,0.0,0.0,0.0,0.0,0.0
395,B30W,SBend,6.574262,0.0,0.0,0.0,0.0,0.0,0.0,0.998601412571274,6.56813321327172,0.0,0.0,0.0,0.245761945258038,-0.000425572795175415,0.998601412571274,0.0,0.0,0.0,0.0747823095238826,0.0,0.0,0.998601086397449,6.574262,0.0,0.0,0.0,0.0,-0.000425275148120851,0.998601086397449,0.0,0.0,-0.0747823095238826,-0.245761945258038,0.0,0.0,1.0,-0.00612873904297946,0.0,0.0,0.0,0.0,0.0,1.0,0.0,0.0,0.0,0.0,0.0,0.0
396,D173,Drift,0.157139,0.0,0.0,0.0,0.0,0.0,0.0,1.0,0.157139,0.0,0.0,0.0,0.0,0.0,1.0,0.0,0.0,0.0,0.0,0.0,0.0,1.0,0.157139,0.0,0.0,0.0,0.0,0.0,1.0,0.0,0.0,0.0,0.0,0.0,0.0,1.0,1.13978123067009e-09,0.0,0.0,0.0,0.0,0.0,1.0,0.0,0.0,0.0,0.0,0.0,0.0
397,Q30W,Quadrupole,0.6,0.0,0.0,0.0,0.0,0.0,0.0,0.948386178812292,0.589641272403634,0.0,0.0,0.0,0.0,-0.170550571244577,0.948386178812292,0.0,0.0,0.0,0.0,0.0,0.0,1.05251738153935,0.610467154527548,0.0,0.0,0.0,0.0,0.176574345798937,1.05251738153935,0.0,0.0,0.0,0.0,0.0,0.0,1.0,4.35199879343802e-09,0.0,0.0,0.0,0.0,0.0,1.0,0.0,0.0,0.0,0.0,0.0,0.0
398,D174,Drift,0.0644,0.0,0.0,0.0,0.0,0.0,0.0,1.0,0.0644,0.0,0.0,0.0,0.0,0.0,1.0,0.0,0.0,0.0,0.0,0.0,0.0,1.0,0.0644,0.0,0.0,0.0,0.0,0.0,1.0,0.0,0.0,0.0,0.0,0.0,0.0,1.0,4.67114537162347e-10,0.0,0.0,0.0,0.0,0.0,1.0,0.0,0.0,0.0,0.0,0.0,0.0
399,SEX_30W,Sextupole,0.272,0.0,0.0,0.0,0.0,0.0,0.0,1.0,0.272,0.0,0.0,0.0,0.0,0.0,1.0,0.0,0.0,0.0,0.0,0.0,0.0,1.0,0.272,0.0,0.0,0.0,0.0,0.0,1.0,0.0,0.0,0.0,0.0,0.0,0.0,1.0,1.9729061196919e-09,0.0,0.0,0.0,0.0,0.0,1.0,0.0,0.0,0.0,0.0,0.0,0.0
400,D175,Drift,0.0258,0.0,0.0,0.0,0.0,0.0,0.0,1.0,0.0258,0.0,0.0,0.0,0.0,0.0,1.0,0.0,0.0,0.0,0.0,0.0,0.0,1.0,0.0258,0.0,0.0,0.0,0.0,0.0,1.0,0.0,0.0,0.0,0.0,0.0,0.0,1.0,1.87135948117835e-10,0.0,0.0,0.0,0.0,0.0,1.0,0.0,0.0,0.0,0.0,0.0,0.0
401,DET_30W,Marker,0.0,0.0,0.0,0.0,0.0,0.0,0.0,1.0,0.0,0.0,0.0,0.0,0.0,0.0,1.0,0.0,0.0,0.0,0.0,0.0,0.0,1.0,0.0,0.0,0.0,0.0,0.0,0.0,1.0,0.0,0.0,0.0,0.0,0.0,0.0,1.0,0.0,0.0,0.0,0.0,0.0,0.0,1.0,0.0,0.0,0.0,0.0,0.0,0.0
402,D176,Drift,0.735858,0.0,0.0,0.0,0.0,0.0,0.0,1.0,0.735858,0.0,0.0,0.0,0.0,0.0,1.0,0.0,0.0,0.0,0.0,0.0,0.0,1.0,0.735858,0.0,0.0,0.0,0.0,0.0,1.0,0.0,0.0,0.0,0.0,0.0,0.0,1.0,5.33742188023619e-09,0.0,0.0,0.0,0.0,0.0,1.0,0.0,0.0,0.0,0.0,0.0,0.0
403,B31W,SBend,6.574262,0.0,0.0,0.0,0.0,0.0,0.0,0.998601412571274,6.56813321327172,0.0,0.0,0.0,0.245761945258038,-0.000425572795175415,0.998601412571274,0.0,0.0,0.0,0.0747823095238826,0.0,0.0,0.998601086397449,6.574262,0.0,0.0,0.0,0.0,-0.000425275148120851,0.998601086397449,0.0,0.0,-0.0747823095238826,-0.245761945258038,0.0,0.0,1.0,-0.00612873904297946,0.0,0.0,0.0,0.0,0.0,1.0,0.0,0.0,0.0,0.0,0.0,0.0
404,D177,Drift,0.157139,0.0,0.0,0.0,0.0,0.0,0.0,1.0,0.157139,0.0,0.0,0.0,0.0,0.0,1.0,0.0,0.0,0.0,0.0,0.0,0.0,1.0,0.157139,0.0,0.0,0.0,0.0,0.0,1.0,0.0,0.0,0.0,0.0,0.0,0.0,1.0,1.13978123067009e-09,0.0,0.0,0.0,0.0,0.0,1.0,0.0,0.0,0.0,0.0,0.0,0.0
405,Q31W,Quadrupole,0.6,0.0,0.0,0.0,0.0,0.0,0.0,1.03396474068766,0.606777689862345,0.0,0.0,0.0,0.0,0.113852381423205,1.03396474068766,0.0,0.0,0.0,0.0,0.0,0.0,0.966415492451304,0.593267938059253,0.0,0.0,0.0,0.0,-0.111317486945514,0.966415492451304,0.0,0.0,0.0,0.0,0.0,0.0,1.0,4.35199879343802e-09,0.0,0.0,0.0,0.0,0.0,1.0,0.0,0.0,0.0,0.0,0.0,0.0
406,D178,Drift,0.0664,0.0,0.0,0.0,0.0,0.0,0.0,1.0,0.0664,0.0,0.0,0.0,0.0,0.0,1.0,0.0,0.0,0.0,0.0,0.0,0.0,1.0,0.0664,0.0,0.0,0.0,0.0,0.0,1.0,0.0,0.0,0.0,0.0,0.0,0.0,1.0,4.81621199807141e-10,0.0,0.0,0.0,0.0,0.0,1.0,0.0,0.0,0.0,0.0,0.0,0.0
407,SEX_31W,Sextupole,0.272,0.0,0.0,0.0,0.0,0.0,0.0,1.0,0.272,0.0,0.0,0.0,0.0,0.0,1.0,0.0,0.0,0.0,0.0,0.0,0.0,1.0,0.272,0.0,0.0,0.0,0.0,0.0,1.0,0.0,0.0,0.0,0.0,0.0,0.0,1.0,1.9729061196919e-09,0.0,0.0,0.0,0.0,0.0,1.0,0.0,0.0,0.0,0.0,0.0,0.0
408,D179,Drift,0.0472,0.0,0.0,0.0,0.0,0.0,0.0,1.0,0.0472,0.0,0.0,0.0,0.0,0.0,1.0,0.0,0.0,0.0,0.0,0.0,0.0,1.0,0.0472,0.0,0.0,0.0,0.0,0.0,1.0,0.0,0.0,0.0,0.0,0.0,0.0,1.0,3.42357238417124e-10,0.0,0.0,0.0,0.0,0.0,1.0,0.0,0.0,0.0,0.0,0.0,0.0
409,DET_31W,Marker,0.0,0.0,0.0,0.0,0.0,0.0,0.0,1.0,0.0,0.0,0.0,0.0,0.0,0.0,1.0,0.0,0.0,0.0,0.0,0.0,0.0,1.0,0.0,0.0,0.0,0.0,0.0,0.0,1.0,0.0,0.0,0.0,0.0,0.0,0.0,1.0,0.0,0.0,0.0,0.0,0.0,0.0,1.0,0.0,0.0,0.0,0.0,0.0,0.0
410,D180,Drift,0.487451,0.0,0.0,0.0,0.0,0.0,0.0,1.0,0.487451,0.0,0.0,0.0,0.0,0.0,1.0,0.0,0.0,0.0,0.0,0.0,0.0,1.0,0.487451,0.0,0.0,0.0,0.0,0.0,1.0,0.0,0.0,0.0,0.0,0.0,0.0,1.0,3.53564360643359e-09,0.0,0.0,0.0,0.0,0.0,1.0,0.0,0.0,0.0,0.0,0.0,0.0
411,B32W,SBend,6.574262,0.0,0.0,0.0,0.0,0.0,0.0,0.998601412571274,6.56813321327172,0.0,0.0,0.0,0.245761945258038,-0.000425572795175415,0.998601412571274,0.0,0.0,0.0,0.0747823095238826,0.0,0.0,0.998601086397449,6.574262,0.0,0.0,0.0,0.0,-0.000425275148120851,0.998601086397449,0.0,0.0,-0.0747823095238826,-0.245761945258038,0.0,0.0,1.0,-0.00612873904297946,0.0,0.0,0.0,0.0,0.0,1.0,0.0,0.0,0.0,0.0,0.0,0.0
412,D181,Drift,0.157139,0.0,0.0,0.0,0.0,0.0,0.0,1.0,0.157139,0.0,0.0,0.0,0.0,0.0,1.0,0.0,0.0,0.0,0.0,0.0,0.0,1.0,0.157139,0.0,0.0,0.0,0.0,0.0,1.0,0.0,0.0,0.0,0.0,0.0,0.0,1.0,1.13978123067009e-09,0.0,0.0,0.0,0.0,0.0,1.0,0.0,0.0,0.0,0.0,0.0,0.0
413,Q32W,Quadrupole,0.6,0.0,0.0,0.0,0.0,0.0,0.0,0.960446269767436,0.592068195119879,0.0,0.0,0.0,0.0,-0.130969647633442,0.960446269767436,0.0,0.0,0.0,0.0,0.0,0.0,1.04008220377386,0.607995221598683,0.0,0.0,0.0,0.0,0.134492817874591,1.04008220377386,0.0,0.0,0.0,0.0,0.0,0.0,1.0,4.35199879343802e-09,0.0,0.0,0.0,0.0,0.0,1.0,0.0,0.0,0.0,0.0,0.0,0.0
414,D182,Drift,0.06115,0.0,0.0,0.0,0.0,0.0,0.0,1.0,0.06115,0.0,0.0,0.0,0.0,0.0,1.0,0.0,0.0,0.0,0.0,0.0,0.0,1.0,0.06115,0.0,0.0,0.0,0.0,0.0,1.0,0.0,0.0,0.0,0.0,0.0,0.0,1.0,4.43541210364558e-10,0.0,0.0,0.0,0.0,0.0,1.0,0.0,0.0,0.0,0.0,0.0,0.0
415,SEX_32W,Sextupole,0.272,0.0,0.0,0.0,0.0,0.0,0.0,1.0,0.272,0.0,0.0,0.0,0.0,0.0,1.0,0.0,0.0,0.0,0.0,0.0,0.0,1.0,0.272,0.0,0.0,0.0,0.0,0.0,1.0,0.0,0.0,0.0,0.0,0.0,0.0,1.0,1.9729061196919e-09,0.0,0.0,0.0,0.0,0.0,1.0,0.0,0.0,0.0,0.0,0.0,0.0
416,D183,Drift,0.02525,0.0,0.0,0.0,0.0,0.0,0.0,1.0,0.02525,0.0,0.0,0.0,0.0,0.0,1.0,0.0,0.0,0.0,0.0,0.0,0.0,1.0,0.02525,0.0,0.0,0.0,0.0,0.0,1.0,0.0,0.0,0.0,0.0,0.0,0.0,1.0,1.83146615890517e-10,0.0,0.0,0.0,0.0,0.0,1.0,0.0,0.0,0.0,0.0,0.0,0.0
417,DET_32W,Marker,0.0,0.0,0.0,0.0,0.0,0.0,0.0,1.0,0.0,0.0,0.0,0.0,0.0,0.0,1.0,0.0,0.0,0.0,0.0,0.0,0.0,1.0,0.0,0.0,0.0,0.0,0.0,0.0,1.0,0.0,0.0,0.0,0.0,0.0,0.0,1.0,0.0,0.0,0.0,0.0,0.0,0.0,1.0,0.0,0.0,0.0,0.0,0.0,0.0
418,D184,Drift,0.739658,0.0,0.0,0.0,0.0,0.0,0.0,1.0,0.739658,0.0,0.0,0.0,0.0,0.0,1.0,0.0,0.0,0.0,0.0,0.0,0.0,1.0,0.739658,0.0,0.0,0.0,0.0,0.0,1.0,0.0,0.0,0.0,0.0,0.0,0.0,1.0,5.3649845392613e-09,0.0,0.0,0.0,0.0,0.0,1.0,0.0,0.0,0.0,0.0,0.0,0.0
419,B33W,SBend,6.574262,0.0,0.0,0.0,0.0,0.0,0.0,0.998601412571274,6.56813321327172,0.0,0.0,0.0,0.245761945258038,-0.000425572795175415,0.998601412571274,0.0,0.0,0.0,0.0747823095238826,0.0,0.0,0.998601086397449,6.574262,0.0,0.0,0.0,0.0,-0.000425275148120851,0.998601086397449,0.0,0.0,-0.0747823095238826,-0.245761945258038,0.0,0.0,1.0,-0.00612873904297946,0.0,0.0,0.0,0.0,0.0,1.0,0.0,0.0,0.0,0.0,0.0,0.0
420,D185,Drift,0.157139,0.0,0.0,0.0,0.0,0.0,0.0,1.0,0.157139,0.0,0.0,0.0,0.0,0.0,1.0,0.0,0.0,0.0,0.0,0.0,0.0,1.0,0.157139,0.0,0.0,0.0,0.0,0.0,1.0,0.0,0.0,0.0,0.0,0.0,0.0,1.0,1.13978123067009e-09,0.0,0.0,0.0,0.0,0.0,1.0,0.0,0.0,0.0,0.0,0.0,0.0
421,Q33W,Quadrupole,0.6,0.0,0.0,0.0,0.0,0.0,0.0,1.0394937727032,0.607878150987544,0.0,0.0,0.0,0.0,0.132505672983762,1.0394937727032,0.0,0.0,0.0,0.0,0.0,0.0,0.961019397255041,0.592183429307124,0.0,0.0,0.0,0.0,-0.129084527388747,0.961019397255041,0.0,0.0,0.0,0.0,0.0,0.0,1.0,4.35199879343802e-09,0.0,0.0,0.0,0.0,0.0,1.0,0.0,0.0,0.0,0.0,0.0,0.0
422,D186,Drift,0.0644,0.0,0.0,0.0,0.0,0.0,0.0,1.0,0.0644,0.0,0.0,0.0,0.0,0.0,1.0,0.0,0.0,0.0,0.0,0.0,0.0,1.0,0.0644,0.0,0.0,0.0,0.0,0.0,1.0,0.0,0.0,0.0,0.0,0.0,0.0,1.0,4.67114537162347e-10,0.0,0.0,0.0,0.0,0.0,1.0,0.0,0.0,0.0,0.0,0.0,0.0
423,SEX_33W,Sextupole,0.272,0.0,0.0,0.0,0.0,0.0,0.0,1.0,0.272,0.0,0.0,0.0,0.0,0.0,1.0,0.0,0.0,0.0,0.0,0.0,0.0,1.0,0.272,0.0,0.0,0.0,0.0,0.0,1.0,0.0,0.0,0.0,0.0,0.0,0.0,1.0,1.9729061196919e-09,0.0,0.0,0.0,0.0,0.0,1.0,0.0,0.0,0.0,0.0,0.0,0.0
424,D187,Drift,0.483,0.0,0.0,0.0,0.0,0.0,0.0,1.0,0.483,0.0,0.0,0.0,0.0,0.0,1.0,0.0,0.0,0.0,0.0,0.0,0.0,1.0,0.483,0.0,0.0,0.0,0.0,0.0,1.0,0.0,0.0,0.0,0.0,0.0,0.0,1.0,3.5033590287176e-09,0.0,0.0,0.0,0.0,0.0,1.0,0.0,0.0,0.0,0.0,0.0,0.0
425,DET_33W,Marker,0.0,0.0,0.0,0.0,0.0,0.0,0.0,1.0,0.0,0.0,0.0,0.0,0.0,0.0,1.0,0.0,0.0,0.0,0.0,0.0,0.0,1.0,0.0,0.0,0.0,0.0,0.0,0.0,1.0,0.0,0.0,0.0,0.0,0.0,0.0,1.0,0.0,0.0,0.0,0.0,0.0,0.0,1.0,0.0,0.0,0.0,0.0,0.0,0.0
426,D188,Drift,2.614516,0.0,0.0,0.0,0.0,0.0,0.0,1.0,2.614516,0.0,0.0,0.0,0.0,0.0,1.0,0.0,0.0,0.0,0.0,0.0,0.0,1.0,2.614516,0.0,0.0,0.0,0.0,0.0,1.0,0.0,0.0,0.0,0.0,0.0,0.0,1.0,1.89639507957073e-08,0.0,0.0,0.0,0.0,0.0,1.0,0.0,0.0,0.0,0.0,0.0,0.0
427,DET_34W,Marker,0.0,0.0,0.0,0.0,0.0,0.0,0.0,1.0,0.0,0.0,0.0,0.0,0.0,0.0,1.0,0.0,0.0,0.0,0.0,0.0,0.0,1.0,0.0,0.0,0.0,0.0,0.0,0.0,1.0,0.0,0.0,0.0,0.0,0.0,0.0,1.0,0.0,0.0,0.0,0.0,0.0,0.0,1.0,0.0,0.0,0.0,0.0,0.0,0.0
428,D189#1,Drift,1.159199999999988,0.0,0.0,0.0,0.0,0.0,0.0,1.0,1.15919999999999,0.0,0.0,0.0,0.0,0.0,1.0,0.0,0.0,0.0,0.0,0.0,0.0,1.0,1.15919999999999,0.0,0.0,0.0,0.0,0.0,1.0,0.0,0.0,0.0,0.0,0.0,0.0,1.0,8.40806166892216e-09,0.0,0.0,0.0,0.0,0.0,1.0,0.0,0.0,0.0,0.0,0.0,0.0
429,INJS34W,Marker,0.0,0.0,0.0,0.0,0.0,0.0,0.0,1.0,0.0,0.0,0.0,0.0,0.0,0.0,1.0,0.0,0.0,0.0,0.0,0.0,0.0,1.0,0.0,0.0,0.0,0.0,0.0,0.0,1.0,0.0,0.0,0.0,0.0,0.0,0.0,1.0,0.0,0.0,0.0,0.0,0.0,0.0,1.0,0.0,0.0,0.0,0.0,0.0,0.0
430,D189#2,Drift,0.7769000000000119,0.0,0.0,0.0,0.0,0.0,0.0,1.0,0.776900000000012,0.0,0.0,0.0,0.0,0.0,1.0,0.0,0.0,0.0,0.0,0.0,0.0,1.0,0.776900000000012,0.0,0.0,0.0,0.0,0.0,1.0,0.0,0.0,0.0,0.0,0.0,0.0,1.0,5.63511310437008e-09,0.0,0.0,0.0,0.0,0.0,1.0,0.0,0.0,0.0,0.0,0.0,0.0
431,Q34W,Quadrupole,0.6,0.0,0.0,0.0,0.0,0.0,0.0,0.951636591072615,0.59029576675257,0.0,0.0,0.0,0.0,-0.159899162162306,0.951636591072615,0.0,0.0,0.0,0.0,0.0,0.0,1.04915587239886,0.609799328624771,0.0,0.0,0.0,0.0,0.165182281876516,1.04915587239886,0.0,0.0,0.0,0.0,0.0,0.0,1.0,4.35199879343802e-09,0.0,0.0,0.0,0.0,0.0,1.0,0.0,0.0,0.0,0.0,0.0,0.0
432,D190,Drift,0.0369,0.0,0.0,0.0,0.0,0.0,0.0,1.0,0.0369,0.0,0.0,0.0,0.0,0.0,1.0,0.0,0.0,0.0,0.0,0.0,0.0,1.0,0.0369,0.0,0.0,0.0,0.0,0.0,1.0,0.0,0.0,0.0,0.0,0.0,0.0,1.0,2.67647925796438e-10,0.0,0.0,0.0,0.0,0.0,1.0,0.0,0.0,0.0,0.0,0.0,0.0
433,SEX_34W,Sextupole,0.272,0.0,0.0,0.0,0.0,0.0,0.0,1.0,0.272,0.0,0.0,0.0,0.0,0.0,1.0,0.0,0.0,0.0,0.0,0.0,0.0,1.0,0.272,0.0,0.0,0.0,0.0,0.0,1.0,0.0,0.0,0.0,0.0,0.0,0.0,1.0,1.9729061196919e-09,0.0,0.0,0.0,0.0,0.0,1.0,0.0,0.0,0.0,0.0,0.0,0.0
434,D191,Drift,0.259396,0.0,0.0,0.0,0.0,0.0,0.0,1.0,0.259396,0.0,0.0,0.0,0.0,0.0,1.0,0.0,0.0,0.0,0.0,0.0,0.0,1.0,0.259396,0.0,0.0,0.0,0.0,0.0,1.0,0.0,0.0,0.0,0.0,0.0,0.0,1.0,1.88148513170441e-09,0.0,0.0,0.0,0.0,0.0,1.0,0.0,0.0,0.0,0.0,0.0,0.0
435,B35W,SBend,6.574262,0.0,0.0,0.0,0.0,0.0,0.0,0.998601412571274,6.56813321327172,0.0,0.0,0.0,0.245761945258038,-0.000425572795175415,0.998601412571274,0.0,0.0,0.0,0.0747823095238826,0.0,0.0,0.998601086397449,6.574262,0.0,0.0,0.0,0.0,-0.000425275148120851,0.998601086397449,0.0,0.0,-0.0747823095238826,-0.245761945258038,0.0,0.0,1.0,-0.00612873904297946,0.0,0.0,0.0,0.0,0.0,1.0,0.0,0.0,0.0,0.0,0.0,0.0
436,D192,Drift,0.157131,0.0,0.0,0.0,0.0,0.0,0.0,1.0,0.157131,0.0,0.0,0.0,0.0,0.0,1.0,0.0,0.0,0.0,0.0,0.0,0.0,1.0,0.157131,0.0,0.0,0.0,0.0,0.0,1.0,0.0,0.0,0.0,0.0,0.0,0.0,1.0,1.13972320401952e-09,0.0,0.0,0.0,0.0,0.0,1.0,0.0,0.0,0.0,0.0,0.0,0.0
437,Q35W,Quadrupole,0.6,0.0,0.0,0.0,0.0,0.0,0.0,1.03249616218811,0.606485260296211,0.0,0.0,0.0,0.0,0.108903429740278,1.03249616218811,0.0,0.0,0.0,0.0,0.0,0.0,0.967852068827591,0.593556527379477,0.0,0.0,0.0,0.0,-0.106581883861091,0.967852068827591,0.0,0.0,0.0,0.0,0.0,0.0,1.0,4.35199879343802e-09,0.0,0.0,0.0,0.0,0.0,1.0,0.0,0.0,0.0,0.0,0.0,0.0
438,D193,Drift,0.06415,0.0,0.0,0.0,0.0,0.0,0.0,1.0,0.06415,0.0,0.0,0.0,0.0,0.0,1.0,0.0,0.0,0.0,0.0,0.0,0.0,1.0,0.06415,0.0,0.0,0.0,0.0,0.0,1.0,0.0,0.0,0.0,0.0,0.0,0.0,1.0,4.65301204331748e-10,0.0,0.0,0.0,0.0,0.0,1.0,0.0,0.0,0.0,0.0,0.0,0.0
439,SEX_35W,Sextupole,0.272,0.0,0.0,0.0,0.0,0.0,0.0,1.0,0.272,0.0,0.0,0.0,0.0,0.0,1.0,0.0,0.0,0.0,0.0,0.0,0.0,1.0,0.272,0.0,0.0,0.0,0.0,0.0,1.0,0.0,0.0,0.0,0.0,0.0,0.0,1.0,1.9729061196919e-09,0.0,0.0,0.0,0.0,0.0,1.0,0.0,0.0,0.0,0.0,0.0,0.0
440,D194,Drift,0.03195,0.0,0.0,0.0,0.0,0.0,0.0,1.0,0.03195,0.0,0.0,0.0,0.0,0.0,1.0,0.0,0.0,0.0,0.0,0.0,0.0,1.0,0.03195,0.0,0.0,0.0,0.0,0.0,1.0,0.0,0.0,0.0,0.0,0.0,0.0,1.0,2.31743935750574e-10,0.0,0.0,0.0,0.0,0.0,1.0,0.0,0.0,0.0,0.0,0.0,0.0
441,DET_35W,Marker,0.0,0.0,0.0,0.0,0.0,0.0,0.0,1.0,0.0,0.0,0.0,0.0,0.0,0.0,1.0,0.0,0.0,0.0,0.0,0.0,0.0,1.0,0.0,0.0,0.0,0.0,0.0,0.0,1.0,0.0,0.0,0.0,0.0,0.0,0.0,1.0,0.0,0.0,0.0,0.0,0.0,0.0,1.0,0.0,0.0,0.0,0.0,0.0,0.0
442,D195,Drift,0.65741,0.0,0.0,0.0,0.0,0.0,0.0,1.0,0.65741,0.0,0.0,0.0,0.0,0.0,1.0,0.0,0.0,0.0,0.0,0.0,0.0,1.0,0.65741,0.0,0.0,0.0,0.0,0.0,1.0,0.0,0.0,0.0,0.0,0.0,0.0,1.0,4.76841254465681e-09,0.0,0.0,0.0,0.0,0.0,1.0,0.0,0.0,0.0,0.0,0.0,0.0
443,B36W,SBend,6.574262,0.0,0.0,0.0,0.0,0.0,0.0,0.998601412571274,6.56813321327172,0.0,0.0,0.0,0.245761945258038,-0.000425572795175415,0.998601412571274,0.0,0.0,0.0,0.0747823095238826,0.0,0.0,0.998601086397449,6.574262,0.0,0.0,0.0,0.0,-0.000425275148120851,0.998601086397449,0.0,0.0,-0.0747823095238826,-0.245761945258038,0.0,0.0,1.0,-0.00612873904297946,0.0,0.0,0.0,0.0,0.0,1.0,0.0,0.0,0.0,0.0,0.0,0.0
444,D196,Drift,0.408831,0.0,0.0,0.0,0.0,0.0,0.0,1.0,0.408831,0.0,0.0,0.0,0.0,0.0,1.0,0.0,0.0,0.0,0.0,0.0,0.0,1.0,0.408831,0.0,0.0,0.0,0.0,0.0,1.0,0.0,0.0,0.0,0.0,0.0,0.0,1.0,2.96538669786676e-09,0.0,0.0,0.0,0.0,0.0,1.0,0.0,0.0,0.0,0.0,0.0,0.0
445,DET_I36W1,Marker,0.0,0.0,0.0,0.0,0.0,0.0,0.0,1.0,0.0,0.0,0.0,0.0,0.0,0.0,1.0,0.0,0.0,0.0,0.0,0.0,0.0,1.0,0.0,0.0,0.0,0.0,0.0,0.0,1.0,0.0,0.0,0.0,0.0,0.0,0.0,1.0,0.0,0.0,0.0,0.0,0.0,0.0,1.0,0.0,0.0,0.0,0.0,0.0,0.0
446,D197,Drift,0.755,0.0,0.0,0.0,0.0,0.0,0.0,1.0,0.755,0.0,0.0,0.0,0.0,0.0,1.0,0.0,0.0,0.0,0.0,0.0,0.0,1.0,0.755,0.0,0.0,0.0,0.0,0.0,1.0,0.0,0.0,0.0,0.0,0.0,0.0,1.0,5.47626514840951e-09,0.0,0.0,0.0,0.0,0.0,1.0,0.0,0.0,0.0,0.0,0.0,0.0
447,DET_I36W2,Marker,0.0,0.0,0.0,0.0,0.0,0.0,0.0,1.0,0.0,0.0,0.0,0.0,0.0,0.0,1.0,0.0,0.0,0.0,0.0,0.0,0.0,1.0,0.0,0.0,0.0,0.0,0.0,0.0,1.0,0.0,0.0,0.0,0.0,0.0,0.0,1.0,0.0,0.0,0.0,0.0,0.0,0.0,1.0,0.0,0.0,0.0,0.0,0.0,0.0
448,D198,Drift,0.1227,0.0,0.0,0.0,0.0,0.0,0.0,1.0,0.1227,0.0,0.0,0.0,0.0,0.0,1.0,0.0,0.0,0.0,0.0,0.0,0.0,1.0,0.1227,0.0,0.0,0.0,0.0,0.0,1.0,0.0,0.0,0.0,0.0,0.0,0.0,1.0,8.89983753258075e-10,0.0,0.0,0.0,0.0,0.0,1.0,0.0,0.0,0.0,0.0,0.0,0.0
449,PINGER_36W,Kicker,0.656,0.0,0.0,0.0,0.0,0.0,0.0,1.0,0.656,0.0,0.0,0.0,0.0,0.0,1.0,0.0,0.0,0.0,0.0,0.0,0.0,1.0,0.656,0.0,0.0,0.0,0.0,0.0,1.0,0.0,0.0,0.0,0.0,0.0,0.0,1.0,4.75818534749223e-09,0.0,0.0,0.0,0.0,0.0,1.0,0.0,0.0,0.0,0.0,0.0,0.0
450,D199,Drift,0.178,0.0,0.0,0.0,0.0,0.0,0.0,1.0,0.178,0.0,0.0,0.0,0.0,0.0,1.0,0.0,0.0,0.0,0.0,0.0,0.0,1.0,0.178,0.0,0.0,0.0,0.0,0.0,1.0,0.0,0.0,0.0,0.0,0.0,0.0,1.0,1.29109297538661e-09,0.0,0.0,0.0,0.0,0.0,1.0,0.0,0.0,0.0,0.0,0.0,0.0
451,BUMP_36W,Kicker,0.225,0.0,0.0,0.0,0.0,0.0,0.0,1.0,0.225,0.0,0.0,0.0,0.0,0.0,1.0,0.0,0.0,0.0,0.0,0.0,0.0,1.0,0.225,0.0,0.0,0.0,0.0,0.0,1.0,0.0,0.0,0.0,0.0,0.0,0.0,1.0,1.63199954753926e-09,0.0,0.0,0.0,0.0,0.0,1.0,0.0,0.0,0.0,0.0,0.0,0.0
452,D200,Drift,0.4254,0.0,0.0,0.0,0.0,0.0,0.0,1.0,0.4254,0.0,0.0,0.0,0.0,0.0,1.0,0.0,0.0,0.0,0.0,0.0,0.0,1.0,0.4254,0.0,0.0,0.0,0.0,0.0,1.0,0.0,0.0,0.0,0.0,0.0,0.0,1.0,3.08556714454755e-09,0.0,0.0,0.0,0.0,0.0,1.0,0.0,0.0,0.0,0.0,0.0,0.0
453,Q36W,Quadrupole,0.6,0.0,0.0,0.0,0.0,0.0,0.0,0.951641637269904,0.590296782614393,0.0,0.0,0.0,0.0,-0.159882616666586,0.951641637269904,0.0,0.0,0.0,0.0,0.0,0.0,1.0491506594825,0.609798292756761,0.0,0.0,0.0,0.0,0.165164624907767,1.0491506594825,0.0,0.0,0.0,0.0,0.0,0.0,1.0,4.35199879343802e-09,0.0,0.0,0.0,0.0,0.0,1.0,0.0,0.0,0.0,0.0,0.0,0.0
454,D201,Drift,0.06515,0.0,0.0,0.0,0.0,0.0,0.0,1.0,0.06515,0.0,0.0,0.0,0.0,0.0,1.0,0.0,0.0,0.0,0.0,0.0,0.0,1.0,0.06515,0.0,0.0,0.0,0.0,0.0,1.0,0.0,0.0,0.0,0.0,0.0,0.0,1.0,4.72554535654145e-10,0.0,0.0,0.0,0.0,0.0,1.0,0.0,0.0,0.0,0.0,0.0,0.0
455,SEX_36W,Sextupole,0.272,0.0,0.0,0.0,0.0,0.0,0.0,1.0,0.272,0.0,0.0,0.0,0.0,0.0,1.0,0.0,0.0,0.0,0.0,0.0,0.0,1.0,0.272,0.0,0.0,0.0,0.0,0.0,1.0,0.0,0.0,0.0,0.0,0.0,0.0,1.0,1.9729061196919e-09,0.0,0.0,0.0,0.0,0.0,1.0,0.0,0.0,0.0,0.0,0.0,0.0
456,D202,Drift,0.02505,0.0,0.0,0.0,0.0,0.0,0.0,1.0,0.02505,0.0,0.0,0.0,0.0,0.0,1.0,0.0,0.0,0.0,0.0,0.0,0.0,1.0,0.02505,0.0,0.0,0.0,0.0,0.0,1.0,0.0,0.0,0.0,0.0,0.0,0.0,1.0,1.81695949626037e-10,0.0,0.0,0.0,0.0,0.0,1.0,0.0,0.0,0.0,0.0,0.0,0.0
457,DET_36W,Marker,0.0,0.0,0.0,0.0,0.0,0.0,0.0,1.0,0.0,0.0,0.0,0.0,0.0,0.0,1.0,0.0,0.0,0.0,0.0,0.0,0.0,1.0,0.0,0.0,0.0,0.0,0.0,0.0,1.0,0.0,0.0,0.0,0.0,0.0,0.0,1.0,0.0,0.0,0.0,0.0,0.0,0.0,1.0,0.0,0.0,0.0,0.0,0.0,0.0
458,D203,Drift,0.32136,0.0,0.0,0.0,0.0,0.0,0.0,1.0,0.32136,0.0,0.0,0.0,0.0,0.0,1.0,0.0,0.0,0.0,0.0,0.0,0.0,1.0,0.32136,0.0,0.0,0.0,0.0,0.0,1.0,0.0,0.0,0.0,0.0,0.0,0.0,1.0,2.3309305537654e-09,0.0,0.0,0.0,0.0,0.0,1.0,0.0,0.0,0.0,0.0,0.0,0.0
459,B37W,SBend,6.574262,0.0,0.0,0.0,0.0,0.0,0.0,0.998601412571274,6.56813321327172,0.0,0.0,0.0,0.245761945258038,-0.000425572795175415,0.998601412571274,0.0,0.0,0.0,0.0747823095238826,0.0,0.0,0.998601086397449,6.574262,0.0,0.0,0.0,0.0,-0.000425275148120851,0.998601086397449,0.0,0.0,-0.0747823095238826,-0.245761945258038,0.0,0.0,1.0,-0.00612873904297946,0.0,0.0,0.0,0.0,0.0,1.0,0.0,0.0,0.0,0.0,0.0,0.0
460,D204,Drift,0.157132,0.0,0.0,0.0,0.0,0.0,0.0,1.0,0.157132,0.0,0.0,0.0,0.0,0.0,1.0,0.0,0.0,0.0,0.0,0.0,0.0,1.0,0.157132,0.0,0.0,0.0,0.0,0.0,1.0,0.0,0.0,0.0,0.0,0.0,0.0,1.0,1.13973045735084e-09,0.0,0.0,0.0,0.0,0.0,1.0,0.0,0.0,0.0,0.0,0.0,0.0
461,Q37W,Quadrupole,0.6,0.0,0.0,0.0,0.0,0.0,0.0,1.04309080813061,0.608593654754591,0.0,0.0,0.0,0.0,0.144658810223824,1.04309080813061,0.0,0.0,0.0,0.0,0.0,0.0,0.957519375546686,0.591479567144848,0.0,0.0,0.0,0.0,-0.140590901312269,0.957519375546686,0.0,0.0,0.0,0.0,0.0,0.0,1.0,4.35199879343802e-09,0.0,0.0,0.0,0.0,0.0,1.0,0.0,0.0,0.0,0.0,0.0,0.0
462,D205,Drift,0.0654,0.0,0.0,0.0,0.0,0.0,0.0,1.0,0.0654,0.0,0.0,0.0,0.0,0.0,1.0,0.0,0.0,0.0,0.0,0.0,0.0,1.0,0.0654,0.0,0.0,0.0,0.0,0.0,1.0,0.0,0.0,0.0,0.0,0.0,0.0,1.0,4.74367868484744e-10,0.0,0.0,0.0,0.0,0.0,1.0,0.0,0.0,0.0,0.0,0.0,0.0
463,SEX_37W,Sextupole,0.272,0.0,0.0,0.0,0.0,0.0,0.0,1.0,0.272,0.0,0.0,0.0,0.0,0.0,1.0,0.0,0.0,0.0,0.0,0.0,0.0,1.0,0.272,0.0,0.0,0.0,0.0,0.0,1.0,0.0,0.0,0.0,0.0,0.0,0.0,1.0,1.9729061196919e-09,0.0,0.0,0.0,0.0,0.0,1.0,0.0,0.0,0.0,0.0,0.0,0.0
464,D206,Drift,0.0457,0.0,0.0,0.0,0.0,0.0,0.0,1.0,0.0457,0.0,0.0,0.0,0.0,0.0,1.0,0.0,0.0,0.0,0.0,0.0,0.0,1.0,0.0457,0.0,0.0,0.0,0.0,0.0,1.0,0.0,0.0,0.0,0.0,0.0,0.0,1.0,3.31477241433529e-10,0.0,0.0,0.0,0.0,0.0,1.0,0.0,0.0,0.0,0.0,0.0,0.0
465,DET_37W,Marker,0.0,0.0,0.0,0.0,0.0,0.0,0.0,1.0,0.0,0.0,0.0,0.0,0.0,0.0,1.0,0.0,0.0,0.0,0.0,0.0,0.0,1.0,0.0,0.0,0.0,0.0,0.0,0.0,1.0,0.0,0.0,0.0,0.0,0.0,0.0,1.0,0.0,0.0,0.0,0.0,0.0,0.0,1.0,0.0,0.0,0.0,0.0,0.0,0.0
466,D207,Drift,0.489913,0.0,0.0,0.0,0.0,0.0,0.0,1.0,0.489913,0.0,0.0,0.0,0.0,0.0,1.0,0.0,0.0,0.0,0.0,0.0,0.0,1.0,0.489913,0.0,0.0,0.0,0.0,0.0,1.0,0.0,0.0,0.0,0.0,0.0,0.0,1.0,3.55350130814933e-09,0.0,0.0,0.0,0.0,0.0,1.0,0.0,0.0,0.0,0.0,0.0,0.0
467,B38W,SBend,6.574262,0.0,0.0,0.0,0.0,0.0,0.0,0.998601412571274,6.56813321327172,0.0,0.0,0.0,0.245761945258038,-0.000425572795175415,0.998601412571274,0.0,0.0,0.0,0.0747823095238826,0.0,0.0,0.998601086397449,6.574262,0.0,0.0,0.0,0.0,-0.000425275148120851,0.998601086397449,0.0,0.0,-0.0747823095238826,-0.245761945258038,0.0,0.0,1.0,-0.00612873904297946,0.0,0.0,0.0,0.0,0.0,1.0,0.0,0.0,0.0,0.0,0.0,0.0
468,D208,Drift,0.157131,0.0,0.0,0.0,0.0,0.0,0.0,1.0,0.157131,0.0,0.0,0.0,0.0,0.0,1.0,0.0,0.0,0.0,0.0,0.0,0.0,1.0,0.157131,0.0,0.0,0.0,0.0,0.0,1.0,0.0,0.0,0.0,0.0,0.0,0.0,1.0,1.13972320401952e-09,0.0,0.0,0.0,0.0,0.0,1.0,0.0,0.0,0.0,0.0,0.0,0.0
469,Q38W,Quadrupole,0.6,0.0,0.0,0.0,0.0,0.0,0.0,0.942645257293327,0.588484580863437,0.0,0.0,0.0,0.0,-0.189333624916593,0.942645257293327,0.0,0.0,0.0,0.0,0.0,0.0,1.05847266739342,0.611649569622882,0.0,0.0,0.0,0.0,0.196786515672954,1.05847266739342,0.0,0.0,0.0,0.0,0.0,0.0,1.0,4.35199879343802e-09,0.0,0.0,0.0,0.0,0.0,1.0,0.0,0.0,0.0,0.0,0.0,0.0
470,D209,Drift,0.0634,0.0,0.0,0.0,0.0,0.0,0.0,1.0,0.0634,0.0,0.0,0.0,0.0,0.0,1.0,0.0,0.0,0.0,0.0,0.0,0.0,1.0,0.0634,0.0,0.0,0.0,0.0,0.0,1.0,0.0,0.0,0.0,0.0,0.0,0.0,1.0,4.5986120583995e-10,0.0,0.0,0.0,0.0,0.0,1.0,0.0,0.0,0.0,0.0,0.0,0.0
471,SEX_38W,Sextupole,0.272,0.0,0.0,0.0,0.0,0.0,0.0,1.0,0.272,0.0,0.0,0.0,0.0,0.0,1.0,0.0,0.0,0.0,0.0,0.0,0.0,1.0,0.272,0.0,0.0,0.0,0.0,0.0,1.0,0.0,0.0,0.0,0.0,0.0,0.0,1.0,1.9729061196919e-09,0.0,0.0,0.0,0.0,0.0,1.0,0.0,0.0,0.0,0.0,0.0,0.0
472,D210,Drift,0.0268,0.0,0.0,0.0,0.0,0.0,0.0,1.0,0.0268,0.0,0.0,0.0,0.0,0.0,1.0,0.0,0.0,0.0,0.0,0.0,0.0,1.0,0.0268,0.0,0.0,0.0,0.0,0.0,1.0,0.0,0.0,0.0,0.0,0.0,0.0,1.0,1.94389279440231e-10,0.0,0.0,0.0,0.0,0.0,1.0,0.0,0.0,0.0,0.0,0.0,0.0
473,DET_38W,Marker,0.0,0.0,0.0,0.0,0.0,0.0,0.0,1.0,0.0,0.0,0.0,0.0,0.0,0.0,1.0,0.0,0.0,0.0,0.0,0.0,0.0,1.0,0.0,0.0,0.0,0.0,0.0,0.0,1.0,0.0,0.0,0.0,0.0,0.0,0.0,1.0,0.0,0.0,0.0,0.0,0.0,0.0,1.0,0.0,0.0,0.0,0.0,0.0,0.0
474,D211,Drift,0.73582,0.0,0.0,0.0,0.0,0.0,0.0,1.0,0.73582,0.0,0.0,0.0,0.0,0.0,1.0,0.0,0.0,0.0,0.0,0.0,0.0,1.0,0.73582,0.0,0.0,0.0,0.0,0.0,1.0,0.0,0.0,0.0,0.0,0.0,0.0,1.0,5.33714625364594e-09,0.0,0.0,0.0,0.0,0.0,1.0,0.0,0.0,0.0,0.0,0.0,0.0
475,B39W,SBend,6.574262,0.0,0.0,0.0,0.0,0.0,0.0,0.998601412571274,6.56813321327172,0.0,0.0,0.0,0.245761945258038,-0.000425572795175415,0.998601412571274,0.0,0.0,0.0,0.0747823095238826,0.0,0.0,0.998601086397449,6.574262,0.0,0.0,0.0,0.0,-0.000425275148120851,0.998601086397449,0.0,0.0,-0.0747823095238826,-0.245761945258038,0.0,0.0,1.0,-0.00612873904297946,0.0,0.0,0.0,0.0,0.0,1.0,0.0,0.0,0.0,0.0,0.0,0.0
476,D212,Drift,0.157131,0.0,0.0,0.0,0.0,0.0,0.0,1.0,0.157131,0.0,0.0,0.0,0.0,0.0,1.0,0.0,0.0,0.0,0.0,0.0,0.0,1.0,0.157131,0.0,0.0,0.0,0.0,0.0,1.0,0.0,0.0,0.0,0.0,0.0,0.0,1.0,1.13972320401952e-09,0.0,0.0,0.0,0.0,0.0,1.0,0.0,0.0,0.0,0.0,0.0,0.0
477,Q39W,Quadrupole,0.6,0.0,0.0,0.0,0.0,0.0,0.0,1.05199330164245,0.610363055496295,0.0,0.0,0.0,0.0,0.174797451680334,1.05199330164245,0.0,0.0,0.0,0.0,0.0,0.0,0.948892466833917,0.589743236421982,0.0,0.0,0.0,0.0,-0.16889229114376,0.948892466833917,0.0,0.0,0.0,0.0,0.0,0.0,1.0,4.35199879343802e-09,0.0,0.0,0.0,0.0,0.0,1.0,0.0,0.0,0.0,0.0,0.0,0.0
478,D213,Drift,0.0634,0.0,0.0,0.0,0.0,0.0,0.0,1.0,0.0634,0.0,0.0,0.0,0.0,0.0,1.0,0.0,0.0,0.0,0.0,0.0,0.0,1.0,0.0634,0.0,0.0,0.0,0.0,0.0,1.0,0.0,0.0,0.0,0.0,0.0,0.0,1.0,4.5986120583995e-10,0.0,0.0,0.0,0.0,0.0,1.0,0.0,0.0,0.0,0.0,0.0,0.0
479,SEX_39W,Sextupole,0.272,0.0,0.0,0.0,0.0,0.0,0.0,1.0,0.272,0.0,0.0,0.0,0.0,0.0,1.0,0.0,0.0,0.0,0.0,0.0,0.0,1.0,0.272,0.0,0.0,0.0,0.0,0.0,1.0,0.0,0.0,0.0,0.0,0.0,0.0,1.0,1.9729061196919e-09,0.0,0.0,0.0,0.0,0.0,1.0,0.0,0.0,0.0,0.0,0.0,0.0
480,D214,Drift,0.0487,0.0,0.0,0.0,0.0,0.0,0.0,1.0,0.0487,0.0,0.0,0.0,0.0,0.0,1.0,0.0,0.0,0.0,0.0,0.0,0.0,1.0,0.0487,0.0,0.0,0.0,0.0,0.0,1.0,0.0,0.0,0.0,0.0,0.0,0.0,1.0,3.53237235400719e-10,0.0,0.0,0.0,0.0,0.0,1.0,0.0,0.0,0.0,0.0,0.0,0.0
481,DET_39W,Marker,0.0,0.0,0.0,0.0,0.0,0.0,0.0,1.0,0.0,0.0,0.0,0.0,0.0,0.0,1.0,0.0,0.0,0.0,0.0,0.0,0.0,1.0,0.0,0.0,0.0,0.0,0.0,0.0,1.0,0.0,0.0,0.0,0.0,0.0,0.0,1.0,0.0,0.0,0.0,0.0,0.0,0.0,1.0,0.0,0.0,0.0,0.0,0.0,0.0
482,D215,Drift,0.488944,0.0,0.0,0.0,0.0,0.0,0.0,1.0,0.488944,0.0,0.0,0.0,0.0,0.0,1.0,0.0,0.0,0.0,0.0,0.0,0.0,1.0,0.488944,0.0,0.0,0.0,0.0,0.0,1.0,0.0,0.0,0.0,0.0,0.0,0.0,1.0,3.54647283009793e-09,0.0,0.0,0.0,0.0,0.0,1.0,0.0,0.0,0.0,0.0,0.0,0.0
483,B40W,SBend,6.574262,0.0,0.0,0.0,0.0,0.0,0.0,0.998601412571274,6.56813321327172,0.0,0.0,0.0,0.245761945258038,-0.000425572795175415,0.998601412571274,0.0,0.0,0.0,0.0747823095238826,0.0,0.0,0.998601086397449,6.574262,0.0,0.0,0.0,0.0,-0.000425275148120851,0.998601086397449,0.0,0.0,-0.0747823095238826,-0.245761945258038,0.0,0.0,1.0,-0.00612873904297946,0.0,0.0,0.0,0.0,0.0,1.0,0.0,0.0,0.0,0.0,0.0,0.0
484,D216,Drift,0.157132,0.0,0.0,0.0,0.0,0.0,0.0,1.0,0.157132,0.0,0.0,0.0,0.0,0.0,1.0,0.0,0.0,0.0,0.0,0.0,0.0,1.0,0.157132,0.0,0.0,0.0,0.0,0.0,1.0,0.0,0.0,0.0,0.0,0.0,0.0,1.0,1.13973045735084e-09,0.0,0.0,0.0,0.0,0.0,1.0,0.0,0.0,0.0,0.0,0.0,0.0
485,Q40W,Quadrupole,0.6,0.0,0.0,0.0,0.0,0.0,0.0,0.93697123420754,0.587340467908218,0.0,0.0,0.0,0.0,-0.207860539053945,0.93697123420754,0.0,0.0,0.0,0.0,0.0,0.0,1.06438143685788,0.612821851922608,0.0,0.0,0.0,0.0,0.216878433284756,1.06438143685788,0.0,0.0,0.0,0.0,0.0,0.0,1.0,4.35199879343802e-09,0.0,0.0,0.0,0.0,0.0,1.0,0.0,0.0,0.0,0.0,0.0,0.0
486,D217,Drift,0.0649,0.0,0.0,0.0,0.0,0.0,0.0,1.0,0.0649,0.0,0.0,0.0,0.0,0.0,1.0,0.0,0.0,0.0,0.0,0.0,0.0,1.0,0.0649,0.0,0.0,0.0,0.0,0.0,1.0,0.0,0.0,0.0,0.0,0.0,0.0,1.0,4.70741202823546e-10,0.0,0.0,0.0,0.0,0.0,1.0,0.0,0.0,0.0,0.0,0.0,0.0
487,SEX_40W,Sextupole,0.272,0.0,0.0,0.0,0.0,0.0,0.0,1.0,0.272,0.0,0.0,0.0,0.0,0.0,1.0,0.0,0.0,0.0,0.0,0.0,0.0,1.0,0.272,0.0,0.0,0.0,0.0,0.0,1.0,0.0,0.0,0.0,0.0,0.0,0.0,1.0,1.9729061196919e-09,0.0,0.0,0.0,0.0,0.0,1.0,0.0,0.0,0.0,0.0,0.0,0.0
488,D218,Drift,0.0477,0.0,0.0,0.0,0.0,0.0,0.0,1.0,0.0477,0.0,0.0,0.0,0.0,0.0,1.0,0.0,0.0,0.0,0.0,0.0,0.0,1.0,0.0477,0.0,0.0,0.0,0.0,0.0,1.0,0.0,0.0,0.0,0.0,0.0,0.0,1.0,3.45983904078322e-10,0.0,0.0,0.0,0.0,0.0,1.0,0.0,0.0,0.0,0.0,0.0,0.0
489,DET_40W,Marker,0.0,0.0,0.0,0.0,0.0,0.0,0.0,1.0,0.0,0.0,0.0,0.0,0.0,0.0,1.0,0.0,0.0,0.0,0.0,0.0,0.0,1.0,0.0,0.0,0.0,0.0,0.0,0.0,1.0,0.0,0.0,0.0,0.0,0.0,0.0,1.0,0.0,0.0,0.0,0.0,0.0,0.0,1.0,0.0,0.0,0.0,0.0,0.0,0.0
490,D219,Drift,0.488443,0.0,0.0,0.0,0.0,0.0,0.0,1.0,0.488443,0.0,0.0,0.0,0.0,0.0,1.0,0.0,0.0,0.0,0.0,0.0,0.0,1.0,0.488443,0.0,0.0,0.0,0.0,0.0,1.0,0.0,0.0,0.0,0.0,0.0,0.0,1.0,3.54283891110541e-09,0.0,0.0,0.0,0.0,0.0,1.0,0.0,0.0,0.0,0.0,0.0,0.0
491,B41W,SBend,6.574262,0.0,0.0,0.0,0.0,0.0,0.0,0.998601412571274,6.56813321327172,0.0,0.0,0.0,0.245761945258038,-0.000425572795175415,0.998601412571274,0.0,0.0,0.0,0.0747823095238826,0.0,0.0,0.998601086397449,6.574262,0.0,0.0,0.0,0.0,-0.000425275148120851,0.998601086397449,0.0,0.0,-0.0747823095238826,-0.245761945258038,0.0,0.0,1.0,-0.00612873904297946,0.0,0.0,0.0,0.0,0.0,1.0,0.0,0.0,0.0,0.0,0.0,0.0
492,D220,Drift,0.157132,0.0,0.0,0.0,0.0,0.0,0.0,1.0,0.157132,0.0,0.0,0.0,0.0,0.0,1.0,0.0,0.0,0.0,0.0,0.0,0.0,1.0,0.157132,0.0,0.0,0.0,0.0,0.0,1.0,0.0,0.0,0.0,0.0,0.0,0.0,1.0,1.13973045735084e-09,0.0,0.0,0.0,0.0,0.0,1.0,0.0,0.0,0.0,0.0,0.0,0.0
493,Q41W,Quadrupole,0.6,0.0,0.0,0.0,0.0,0.0,0.0,1.0443014683547,0.608834397731687,0.0,0.0,0.0,0.0,0.14875236541365,1.0443014683547,0.0,0.0,0.0,0.0,0.0,0.0,0.956343227910286,0.591242965661776,0.0,0.0,0.0,0.0,-0.144454370521834,0.956343227910286,0.0,0.0,0.0,0.0,0.0,0.0,1.0,4.35199879343802e-09,0.0,0.0,0.0,0.0,0.0,1.0,0.0,0.0,0.0,0.0,0.0,0.0
494,D221,Drift,0.0654,0.0,0.0,0.0,0.0,0.0,0.0,1.0,0.0654,0.0,0.0,0.0,0.0,0.0,1.0,0.0,0.0,0.0,0.0,0.0,0.0,1.0,0.0654,0.0,0.0,0.0,0.0,0.0,1.0,0.0,0.0,0.0,0.0,0.0,0.0,1.0,4.74367868484744e-10,0.0,0.0,0.0,0.0,0.0,1.0,0.0,0.0,0.0,0.0,0.0,0.0
495,SEX_41W,Sextupole,0.272,0.0,0.0,0.0,0.0,0.0,0.0,1.0,0.272,0.0,0.0,0.0,0.0,0.0,1.0,0.0,0.0,0.0,0.0,0.0,0.0,1.0,0.272,0.0,0.0,0.0,0.0,0.0,1.0,0.0,0.0,0.0,0.0,0.0,0.0,1.0,1.9729061196919e-09,0.0,0.0,0.0,0.0,0.0,1.0,0.0,0.0,0.0,0.0,0.0,0.0
496,D222,Drift,0.0462,0.0,0.0,0.0,0.0,0.0,0.0,1.0,0.0462,0.0,0.0,0.0,0.0,0.0,1.0,0.0,0.0,0.0,0.0,0.0,0.0,1.0,0.0462,0.0,0.0,0.0,0.0,0.0,1.0,0.0,0.0,0.0,0.0,0.0,0.0,1.0,3.35103907094727e-10,0.0,0.0,0.0,0.0,0.0,1.0,0.0,0.0,0.0,0.0,0.0,0.0
497,DET_41W,Marker,0.0,0.0,0.0,0.0,0.0,0.0,0.0,1.0,0.0,0.0,0.0,0.0,0.0,0.0,1.0,0.0,0.0,0.0,0.0,0.0,0.0,1.0,0.0,0.0,0.0,0.0,0.0,0.0,1.0,0.0,0.0,0.0,0.0,0.0,0.0,1.0,0.0,0.0,0.0,0.0,0.0,0.0,1.0,0.0,0.0,0.0,0.0,0.0,0.0
498,D223,Drift,0.489444,0.0,0.0,0.0,0.0,0.0,0.0,1.0,0.489444,0.0,0.0,0.0,0.0,0.0,1.0,0.0,0.0,0.0,0.0,0.0,0.0,1.0,0.489444,0.0,0.0,0.0,0.0,0.0,1.0,0.0,0.0,0.0,0.0,0.0,0.0,1.0,3.55009949575913e-09,0.0,0.0,0.0,0.0,0.0,1.0,0.0,0.0,0.0,0.0,0.0,0.0
499,B42W,SBend,6.574262,0.0,0.0,0.0,0.0,0.0,0.0,0.998601412571274,6.56813321327172,0.0,0.0,0.0,0.245761945258038,-0.000425572795175415,0.998601412571274,0.0,0.0,0.0,0.0747823095238826,0.0,0.0,0.998601086397449,6.574262,0.0,0.0,0.0,0.0,-0.000425275148120851,0.998601086397449,0.0,0.0,-0.0747823095238826,-0.245761945258038,0.0,0.0,1.0,-0.00612873904297946,0.0,0.0,0.0,0.0,0.0,1.0,0.0,0.0,0.0,0.0,0.0,0.0
500,D224,Drift,0.157131,0.0,0.0,0.0,0.0,0.0,0.0,1.0,0.157131,0.0,0.0,0.0,0.0,0.0,1.0,0.0,0.0,0.0,0.0,0.0,0.0,1.0,0.157131,0.0,0.0,0.0,0.0,0.0,1.0,0.0,0.0,0.0,0.0,0.0,0.0,1.0,1.13972320401952e-09,0.0,0.0,0.0,0.0,0.0,1.0,0.0,0.0,0.0,0.0,0.0,0.0
501,Q42W,Quadrupole,0.6,0.0,0.0,0.0,0.0,0.0,0.0,0.944220797347026,0.588802114657256,0.0,0.0,0.0,0.0,-0.184182568570554,0.944220797347026,0.0,0.0,0.0,0.0,0.0,0.0,1.05683598454261,0.611324698744063,0.0,0.0,0.0,0.0,0.191227834347782,1.05683598454261,0.0,0.0,0.0,0.0,0.0,0.0,1.0,4.35199879343802e-09,0.0,0.0,0.0,0.0,0.0,1.0,0.0,0.0,0.0,0.0,0.0,0.0
502,D225,Drift,0.0659,0.0,0.0,0.0,0.0,0.0,0.0,1.0,0.0659,0.0,0.0,0.0,0.0,0.0,1.0,0.0,0.0,0.0,0.0,0.0,0.0,1.0,0.0659,0.0,0.0,0.0,0.0,0.0,1.0,0.0,0.0,0.0,0.0,0.0,0.0,1.0,4.77994534145942e-10,0.0,0.0,0.0,0.0,0.0,1.0,0.0,0.0,0.0,0.0,0.0,0.0
503,SEX_42W,Sextupole,0.272,0.0,0.0,0.0,0.0,0.0,0.0,1.0,0.272,0.0,0.0,0.0,0.0,0.0,1.0,0.0,0.0,0.0,0.0,0.0,0.0,1.0,0.272,0.0,0.0,0.0,0.0,0.0,1.0,0.0,0.0,0.0,0.0,0.0,0.0,1.0,1.9729061196919e-09,0.0,0.0,0.0,0.0,0.0,1.0,0.0,0.0,0.0,0.0,0.0,0.0
504,D226,Drift,0.0238,0.0,0.0,0.0,0.0,0.0,0.0,1.0,0.0238,0.0,0.0,0.0,0.0,0.0,1.0,0.0,0.0,0.0,0.0,0.0,0.0,1.0,0.0238,0.0,0.0,0.0,0.0,0.0,1.0,0.0,0.0,0.0,0.0,0.0,0.0,1.0,1.72629285473041e-10,0.0,0.0,0.0,0.0,0.0,1.0,0.0,0.0,0.0,0.0,0.0,0.0
505,DET_42W,Marker,0.0,0.0,0.0,0.0,0.0,0.0,0.0,1.0,0.0,0.0,0.0,0.0,0.0,0.0,1.0,0.0,0.0,0.0,0.0,0.0,0.0,1.0,0.0,0.0,0.0,0.0,0.0,0.0,1.0,0.0,0.0,0.0,0.0,0.0,0.0,1.0,0.0,0.0,0.0,0.0,0.0,0.0,1.0,0.0,0.0,0.0,0.0,0.0,0.0
506,D227,Drift,0.511344,0.0,0.0,0.0,0.0,0.0,0.0,1.0,0.511344,0.0,0.0,0.0,0.0,0.0,1.0,0.0,0.0,0.0,0.0,0.0,0.0,1.0,0.511344,0.0,0.0,0.0,0.0,0.0,1.0,0.0,0.0,0.0,0.0,0.0,0.0,1.0,3.70894745171962e-09,0.0,0.0,0.0,0.0,0.0,1.0,0.0,0.0,0.0,0.0,0.0,0.0
507,B43W,SBend,6.574262,0.0,0.0,0.0,0.0,0.0,0.0,0.998601412571274,6.56813321327172,0.0,0.0,0.0,0.245761945258038,-0.000425572795175415,0.998601412571274,0.0,0.0,0.0,0.0747823095238826,0.0,0.0,0.998601086397449,6.574262,0.0,0.0,0.0,0.0,-0.000425275148120851,0.998601086397449,0.0,0.0,-0.0747823095238826,-0.245761945258038,0.0,0.0,1.0,-0.00612873904297946,0.0,0.0,0.0,0.0,0.0,1.0,0.0,0.0,0.0,0.0,0.0,0.0
508,D228,Drift,0.157131,0.0,0.0,0.0,0.0,0.0,0.0,1.0,0.157131,0.0,0.0,0.0,0.0,0.0,1.0,0.0,0.0,0.0,0.0,0.0,0.0,1.0,0.157131,0.0,0.0,0.0,0.0,0.0,1.0,0.0,0.0,0.0,0.0,0.0,0.0,1.0,1.13972320401952e-09,0.0,0.0,0.0,0.0,0.0,1.0,0.0,0.0,0.0,0.0,0.0,0.0
509,Q43W,Quadrupole,0.6,0.0,0.0,0.0,0.0,0.0,0.0,1.05797099016512,0.611549997252339,0.0,0.0,0.0,0.0,0.195082358870068,1.05797099016512,0.0,0.0,0.0,0.0,0.0,0.0,0.943128013710977,0.588581882752681,0.0,0.0,0.0,0.0,-0.187755608848773,0.943128013710977,0.0,0.0,0.0,0.0,0.0,0.0,1.0,4.35199879343802e-09,0.0,0.0,0.0,0.0,0.0,1.0,0.0,0.0,0.0,0.0,0.0,0.0
510,D229,Drift,0.0614,0.0,0.0,0.0,0.0,0.0,0.0,1.0,0.0614,0.0,0.0,0.0,0.0,0.0,1.0,0.0,0.0,0.0,0.0,0.0,0.0,1.0,0.0614,0.0,0.0,0.0,0.0,0.0,1.0,0.0,0.0,0.0,0.0,0.0,0.0,1.0,4.45354543195157e-10,0.0,0.0,0.0,0.0,0.0,1.0,0.0,0.0,0.0,0.0,0.0,0.0
511,SEX_43W,Sextupole,0.272,0.0,0.0,0.0,0.0,0.0,0.0,1.0,0.272,0.0,0.0,0.0,0.0,0.0,1.0,0.0,0.0,0.0,0.0,0.0,0.0,1.0,0.272,0.0,0.0,0.0,0.0,0.0,1.0,0.0,0.0,0.0,0.0,0.0,0.0,1.0,1.9729061196919e-09,0.0,0.0,0.0,0.0,0.0,1.0,0.0,0.0,0.0,0.0,0.0,0.0
512,D230,Drift,0.0303,0.0,0.0,0.0,0.0,0.0,0.0,1.0,0.0303,0.0,0.0,0.0,0.0,0.0,1.0,0.0,0.0,0.0,0.0,0.0,0.0,1.0,0.0303,0.0,0.0,0.0,0.0,0.0,1.0,0.0,0.0,0.0,0.0,0.0,0.0,1.0,2.1977593906862e-10,0.0,0.0,0.0,0.0,0.0,1.0,0.0,0.0,0.0,0.0,0.0,0.0
513,DET_43W,Marker,0.0,0.0,0.0,0.0,0.0,0.0,0.0,1.0,0.0,0.0,0.0,0.0,0.0,0.0,1.0,0.0,0.0,0.0,0.0,0.0,0.0,1.0,0.0,0.0,0.0,0.0,0.0,0.0,1.0,0.0,0.0,0.0,0.0,0.0,0.0,1.0,0.0,0.0,0.0,0.0,0.0,0.0,1.0,0.0,0.0,0.0,0.0,0.0,0.0
514,D231,Drift,0.3363,0.0,0.0,0.0,0.0,0.0,0.0,1.0,0.3363,0.0,0.0,0.0,0.0,0.0,1.0,0.0,0.0,0.0,0.0,0.0,0.0,1.0,0.3363,0.0,0.0,0.0,0.0,0.0,1.0,0.0,0.0,0.0,0.0,0.0,0.0,1.0,2.43929532372201e-09,0.0,0.0,0.0,0.0,0.0,1.0,0.0,0.0,0.0,0.0,0.0,0.0
515,COL43W,Marker,0.0,0.0,0.0,0.0,0.0,0.0,0.0,1.0,0.0,0.0,0.0,0.0,0.0,0.0,1.0,0.0,0.0,0.0,0.0,0.0,0.0,1.0,0.0,0.0,0.0,0.0,0.0,0.0,1.0,0.0,0.0,0.0,0.0,0.0,0.0,1.0,0.0,0.0,0.0,0.0,0.0,0.0,1.0,0.0,0.0,0.0,0.0,0.0,0.0
516,D232,Drift,1.37061,0.0,0.0,0.0,0.0,0.0,0.0,1.0,1.37061,0.0,0.0,0.0,0.0,0.0,1.0,0.0,0.0,0.0,0.0,0.0,0.0,1.0,1.37061,0.0,0.0,0.0,0.0,0.0,1.0,0.0,0.0,0.0,0.0,0.0,0.0,1.0,9.94148844379014e-09,0.0,0.0,0.0,0.0,0.0,1.0,0.0,0.0,0.0,0.0,0.0,0.0
517,SCV43W,Marker,0.0,0.0,0.0,0.0,0.0,0.0,0.0,1.0,0.0,0.0,0.0,0.0,0.0,0.0,1.0,0.0,0.0,0.0,0.0,0.0,0.0,1.0,0.0,0.0,0.0,0.0,0.0,0.0,1.0,0.0,0.0,0.0,0.0,0.0,0.0,1.0,0.0,0.0,0.0,0.0,0.0,0.0,1.0,0.0,0.0,0.0,0.0,0.0,0.0
518,D233,Drift,0.4626,0.0,0.0,0.0,0.0,0.0,0.0,1.0,0.4626,0.0,0.0,0.0,0.0,0.0,1.0,0.0,0.0,0.0,0.0,0.0,0.0,1.0,0.4626,0.0,0.0,0.0,0.0,0.0,1.0,0.0,0.0,0.0,0.0,0.0,0.0,1.0,3.35539106974071e-09,0.0,0.0,0.0,0.0,0.0,1.0,0.0,0.0,0.0,0.0,0.0,0.0
519,DET_I43AW,Marker,0.0,0.0,0.0,0.0,0.0,0.0,0.0,1.0,0.0,0.0,0.0,0.0,0.0,0.0,1.0,0.0,0.0,0.0,0.0,0.0,0.0,1.0,0.0,0.0,0.0,0.0,0.0,0.0,1.0,0.0,0.0,0.0,0.0,0.0,0.0,1.0,0.0,0.0,0.0,0.0,0.0,0.0,1.0,0.0,0.0,0.0,0.0,0.0,0.0
520,D234,Drift,0.0614,0.0,0.0,0.0,0.0,0.0,0.0,1.0,0.0614,0.0,0.0,0.0,0.0,0.0,1.0,0.0,0.0,0.0,0.0,0.0,0.0,1.0,0.0614,0.0,0.0,0.0,0.0,0.0,1.0,0.0,0.0,0.0,0.0,0.0,0.0,1.0,4.45354543195157e-10,0.0,0.0,0.0,0.0,0.0,1.0,0.0,0.0,0.0,0.0,0.0,0.0
521,Q43AW,Quadrupole,0.6,0.0,0.0,0.0,0.0,0.0,0.0,0.931723254668326,0.586281462643506,0.0,0.0,0.0,0.0,-0.224963238843625,0.931723254668326,0.0,0.0,0.0,0.0,0.0,0.0,1.06986690038962,0.613909355000193,0.0,0.0,0.0,0.0,0.235564392970108,1.06986690038962,0.0,0.0,0.0,0.0,0.0,0.0,1.0,4.35199879343802e-09,0.0,0.0,0.0,0.0,0.0,1.0,0.0,0.0,0.0,0.0,0.0,0.0
522,D235,Drift,0.451024,0.0,0.0,0.0,0.0,0.0,0.0,1.0,0.451024,0.0,0.0,0.0,0.0,0.0,1.0,0.0,0.0,0.0,0.0,0.0,0.0,1.0,0.451024,0.0,0.0,0.0,0.0,0.0,1.0,0.0,0.0,0.0,0.0,0.0,0.0,1.0,3.27142650635265e-09,0.0,0.0,0.0,0.0,0.0,1.0,0.0,0.0,0.0,0.0,0.0,0.0
523,B44W,SBend,6.575286,0.0,0.0,0.0,0.0,0.0,0.0,0.996853596825853,6.56149875649654,0.0,0.0,0.0,0.368487453785992,-0.000957541367990025,0.996853596825853,0.0,0.0,0.0,0.11214137574121,0.0,0.0,0.996851958156625,6.575286,0.0,0.0,0.0,0.0,-0.000956030432638434,0.996851958156625,0.0,0.0,-0.11214137574121,-0.368487453785992,0.0,0.0,1.0,-0.013787195810727,0.0,0.0,0.0,0.0,0.0,1.0,0.0,0.0,0.0,0.0,0.0,0.0
524,D236,Drift,0.182407,0.0,0.0,0.0,0.0,0.0,0.0,1.0,0.182407,0.0,0.0,0.0,0.0,0.0,1.0,0.0,0.0,0.0,0.0,0.0,0.0,1.0,0.182407,0.0,0.0,0.0,0.0,0.0,1.0,0.0,0.0,0.0,0.0,0.0,0.0,1.0,1.32305840652441e-09,0.0,0.0,0.0,0.0,0.0,1.0,0.0,0.0,0.0,0.0,0.0,0.0
525,Q44W,Quadrupole,0.6,0.0,0.0,0.0,0.0,0.0,0.0,1.04271083007024,0.608518087299979,0.0,0.0,0.0,0.0,0.143374333428406,1.04271083007024,0.0,0.0,0.0,0.0,0.0,0.0,0.957888714474797,0.591553857908491,0.0,0.0,0.0,0.0,-0.139377352678133,0.957888714474797,0.0,0.0,0.0,0.0,0.0,0.0,1.0,4.35199879343802e-09,0.0,0.0,0.0,0.0,0.0,1.0,0.0,0.0,0.0,0.0,0.0,0.0
526,D237,Drift,0.0631,0.0,0.0,0.0,0.0,0.0,0.0,1.0,0.0631,0.0,0.0,0.0,0.0,0.0,1.0,0.0,0.0,0.0,0.0,0.0,0.0,1.0,0.0631,0.0,0.0,0.0,0.0,0.0,1.0,0.0,0.0,0.0,0.0,0.0,0.0,1.0,4.57685206443232e-10,0.0,0.0,0.0,0.0,0.0,1.0,0.0,0.0,0.0,0.0,0.0,0.0
527,SEX_44W,Sextupole,0.272,0.0,0.0,0.0,0.0,0.0,0.0,1.0,0.272,0.0,0.0,0.0,0.0,0.0,1.0,0.0,0.0,0.0,0.0,0.0,0.0,1.0,0.272,0.0,0.0,0.0,0.0,0.0,1.0,0.0,0.0,0.0,0.0,0.0,0.0,1.0,1.9729061196919e-09,0.0,0.0,0.0,0.0,0.0,1.0,0.0,0.0,0.0,0.0,0.0,0.0
528,D238,Drift,0.0271,0.0,0.0,0.0,0.0,0.0,0.0,1.0,0.0271,0.0,0.0,0.0,0.0,0.0,1.0,0.0,0.0,0.0,0.0,0.0,0.0,1.0,0.0271,0.0,0.0,0.0,0.0,0.0,1.0,0.0,0.0,0.0,0.0,0.0,0.0,1.0,1.9656527883695e-10,0.0,0.0,0.0,0.0,0.0,1.0,0.0,0.0,0.0,0.0,0.0,0.0
529,DET_44W,Marker,0.0,0.0,0.0,0.0,0.0,0.0,0.0,1.0,0.0,0.0,0.0,0.0,0.0,0.0,1.0,0.0,0.0,0.0,0.0,0.0,0.0,1.0,0.0,0.0,0.0,0.0,0.0,0.0,1.0,0.0,0.0,0.0,0.0,0.0,0.0,1.0,0.0,0.0,0.0,0.0,0.0,0.0,1.0,0.0,0.0,0.0,0.0,0.0,0.0
530,D239,Drift,3.768803,0.0,0.0,0.0,0.0,0.0,0.0,1.0,3.768803,0.0,0.0,0.0,0.0,0.0,1.0,0.0,0.0,0.0,0.0,0.0,0.0,1.0,3.768803,0.0,0.0,0.0,0.0,0.0,1.0,0.0,0.0,0.0,0.0,0.0,0.0,1.0,2.73363768478426e-08,0.0,0.0,0.0,0.0,0.0,1.0,0.0,0.0,0.0,0.0,0.0,0.0
531,OCT_45W,Octupole,0.381,0.0,0.0,0.0,0.0,0.0,0.0,1.0,0.381,0.0,0.0,0.0,0.0,0.0,1.0,0.0,0.0,0.0,0.0,0.0,0.0,1.0,0.381,0.0,0.0,0.0,0.0,0.0,1.0,0.0,0.0,0.0,0.0,0.0,0.0,1.0,2.76351923383314e-09,0.0,0.0,0.0,0.0,0.0,1.0,0.0,0.0,0.0,0.0,0.0,0.0
532,D240,Drift,1.174,0.0,0.0,0.0,0.0,0.0,0.0,1.0,1.174,0.0,0.0,0.0,0.0,0.0,1.0,0.0,0.0,0.0,0.0,0.0,0.0,1.0,1.174,0.0,0.0,0.0,0.0,0.0,1.0,0.0,0.0,0.0,0.0,0.0,0.0,1.0,8.51541097249372e-09,0.0,0.0,0.0,0.0,0.0,1.0,0.0,0.0,0.0,0.0,0.0,0.0
533,DET_45W,Marker,0.0,0.0,0.0,0.0,0.0,0.0,0.0,1.0,0.0,0.0,0.0,0.0,0.0,0.0,1.0,0.0,0.0,0.0,0.0,0.0,0.0,1.0,0.0,0.0,0.0,0.0,0.0,0.0,1.0,0.0,0.0,0.0,0.0,0.0,0.0,1.0,0.0,0.0,0.0,0.0,0.0,0.0,1.0,0.0,0.0,0.0,0.0,0.0,0.0
534,D241,Drift,0.0604,0.0,0.0,0.0,0.0,0.0,0.0,1.0,0.0604,0.0,0.0,0.0,0.0,0.0,1.0,0.0,0.0,0.0,0.0,0.0,0.0,1.0,0.0604,0.0,0.0,0.0,0.0,0.0,1.0,0.0,0.0,0.0,0.0,0.0,0.0,1.0,4.3810121187276e-10,0.0,0.0,0.0,0.0,0.0,1.0,0.0,0.0,0.0,0.0,0.0,0.0
535,Q45W,Quadrupole,0.6,0.0,0.0,0.0,0.0,0.0,0.0,0.93615280032729,0.587175364398721,0.0,0.0,0.0,0.0,-0.210529838161654,0.93615280032729,0.0,0.0,0.0,0.0,0.0,0.0,1.06523561603685,0.612991244830627,0.0,0.0,0.0,0.0,0.219786039049604,1.06523561603685,0.0,0.0,0.0,0.0,0.0,0.0,1.0,4.35199879343802e-09,0.0,0.0,0.0,0.0,0.0,1.0,0.0,0.0,0.0,0.0,0.0,0.0
536,D242,Drift,0.0645,0.0,0.0,0.0,0.0,0.0,0.0,1.0,0.0645,0.0,0.0,0.0,0.0,0.0,1.0,0.0,0.0,0.0,0.0,0.0,0.0,1.0,0.0645,0.0,0.0,0.0,0.0,0.0,1.0,0.0,0.0,0.0,0.0,0.0,0.0,1.0,4.67839870294587e-10,0.0,0.0,0.0,0.0,0.0,1.0,0.0,0.0,0.0,0.0,0.0,0.0
537,SEX_45W,Sextupole,0.272,0.0,0.0,0.0,0.0,0.0,0.0,1.0,0.272,0.0,0.0,0.0,0.0,0.0,1.0,0.0,0.0,0.0,0.0,0.0,0.0,1.0,0.272,0.0,0.0,0.0,0.0,0.0,1.0,0.0,0.0,0.0,0.0,0.0,0.0,1.0,1.9729061196919e-09,0.0,0.0,0.0,0.0,0.0,1.0,0.0,0.0,0.0,0.0,0.0,0.0
538,D243,Drift,0.530174,0.0,0.0,0.0,0.0,0.0,0.0,1.0,0.530174,0.0,0.0,0.0,0.0,0.0,1.0,0.0,0.0,0.0,0.0,0.0,0.0,1.0,0.530174,0.0,0.0,0.0,0.0,0.0,1.0,0.0,0.0,0.0,0.0,0.0,0.0,1.0,3.84552768052035e-09,0.0,0.0,0.0,0.0,0.0,1.0,0.0,0.0,0.0,0.0,0.0,0.0
539,B46W,SBend,6.575286,0.0,0.0,0.0,0.0,0.0,0.0,0.996853596825853,6.56149875649654,0.0,0.0,0.0,0.368487453785992,-0.000957541367990025,0.996853596825853,0.0,0.0,0.0,0.11214137574121,0.0,0.0,0.996851958156625,6.575286,0.0,0.0,0.0,0.0,-0.000956030432638434,0.996851958156625,0.0,0.0,-0.11214137574121,-0.368487453785992,0.0,0.0,1.0,-0.013787195810727,0.0,0.0,0.0,0.0,0.0,1.0,0.0,0.0,0.0,0.0,0.0,0.0
540,D244,Drift,0.192607,0.0,0.0,0.0,0.0,0.0,0.0,1.0,0.192607,0.0,0.0,0.0,0.0,0.0,1.0,0.0,0.0,0.0,0.0,0.0,0.0,1.0,0.192607,0.0,0.0,0.0,0.0,0.0,1.0,0.0,0.0,0.0,0.0,0.0,0.0,1.0,1.39704238601286e-09,0.0,0.0,0.0,0.0,0.0,1.0,0.0,0.0,0.0,0.0,0.0,0.0
541,Q46W,Quadrupole,0.6,0.0,0.0,0.0,0.0,0.0,0.0,1.0404029408125,0.608059029679083,0.0,0.0,0.0,0.0,0.135576112231751,1.0404029408125,0.0,0.0,0.0,0.0,0.0,0.0,0.960133967698855,0.592005399232463,0.0,0.0,0.0,0.0,-0.131996708428954,0.960133967698855,0.0,0.0,0.0,0.0,0.0,0.0,1.0,4.35199879343802e-09,0.0,0.0,0.0,0.0,0.0,1.0,0.0,0.0,0.0,0.0,0.0,0.0
542,D245,Drift,0.0774,0.0,0.0,0.0,0.0,0.0,0.0,1.0,0.0774,0.0,0.0,0.0,0.0,0.0,1.0,0.0,0.0,0.0,0.0,0.0,0.0,1.0,0.0774,0.0,0.0,0.0,0.0,0.0,1.0,0.0,0.0,0.0,0.0,0.0,0.0,1.0,5.61407844353504e-10,0.0,0.0,0.0,0.0,0.0,1.0,0.0,0.0,0.0,0.0,0.0,0.0
543,DET_46W,Marker,0.0,0.0,0.0,0.0,0.0,0.0,0.0,1.0,0.0,0.0,0.0,0.0,0.0,0.0,1.0,0.0,0.0,0.0,0.0,0.0,0.0,1.0,0.0,0.0,0.0,0.0,0.0,0.0,1.0,0.0,0.0,0.0,0.0,0.0,0.0,1.0,0.0,0.0,0.0,0.0,0.0,0.0,1.0,0.0,0.0,0.0,0.0,0.0,0.0
544,D246,Drift,1.238666,0.0,0.0,0.0,0.0,0.0,0.0,1.0,1.238666,0.0,0.0,0.0,0.0,0.0,1.0,0.0,0.0,0.0,0.0,0.0,0.0,1.0,1.238666,0.0,0.0,0.0,0.0,0.0,1.0,0.0,0.0,0.0,0.0,0.0,0.0,1.0,8.98445489578783e-09,0.0,0.0,0.0,0.0,0.0,1.0,0.0,0.0,0.0,0.0,0.0,0.0
545,B47W,SBend,3.287171,0.0,0.0,0.0,0.0,0.0,0.0,1.0,3.28640470465906,0.0,0.0,0.0,0.0614638036703007,0.0,1.0,0.0,0.0,0.0,0.0374048902639196,0.0,0.0,0.999300518639769,3.287171,0.0,0.0,0.0,0.0,-0.000425433738095499,0.999300518639769,0.0,0.0,-0.0374048902639196,-0.0614638036703007,0.0,0.0,1.0,-0.000766271497995356,0.0,0.0,0.0,0.0,0.0,1.0,0.0,0.0,0.0,0.0,0.0,0.0
546,D247,Drift,0.347625,0.0,0.0,0.0,0.0,0.0,0.0,1.0,0.347625,0.0,0.0,0.0,0.0,0.0,1.0,0.0,0.0,0.0,0.0,0.0,0.0,1.0,0.347625,0.0,0.0,0.0,0.0,0.0,1.0,0.0,0.0,0.0,0.0,0.0,0.0,1.0,2.52143930094815e-09,0.0,0.0,0.0,0.0,0.0,1.0,0.0,0.0,0.0,0.0,0.0,0.0
547,DET_47W,Marker,0.0,0.0,0.0,0.0,0.0,0.0,0.0,1.0,0.0,0.0,0.0,0.0,0.0,0.0,1.0,0.0,0.0,0.0,0.0,0.0,0.0,1.0,0.0,0.0,0.0,0.0,0.0,0.0,1.0,0.0,0.0,0.0,0.0,0.0,0.0,1.0,0.0,0.0,0.0,0.0,0.0,0.0,1.0,0.0,0.0,0.0,0.0,0.0,0.0
548,D248,Drift,0.0464,0.0,0.0,0.0,0.0,0.0,0.0,1.0,0.0464,0.0,0.0,0.0,0.0,0.0,1.0,0.0,0.0,0.0,0.0,0.0,0.0,1.0,0.0464,0.0,0.0,0.0,0.0,0.0,1.0,0.0,0.0,0.0,0.0,0.0,0.0,1.0,3.36554573359207e-10,0.0,0.0,0.0,0.0,0.0,1.0,0.0,0.0,0.0,0.0,0.0,0.0
549,Q47W,Quadrupole,0.6,0.0,0.0,0.0,0.0,0.0,0.0,0.927913221961945,0.585512141510251,0.0,0.0,0.0,0.0,-0.23735981315388,0.927913221961945,0.0,0.0,0.0,0.0,0.0,0.0,1.07386166963633,0.614700844281478,0.0,0.0,0.0,0.0,0.249192573817241,1.07386166963633,0.0,0.0,0.0,0.0,0.0,0.0,1.0,4.35199879343802e-09,0.0,0.0,0.0,0.0,0.0,1.0,0.0,0.0,0.0,0.0,0.0,0.0
550,D249,Drift,0.0819,0.0,0.0,0.0,0.0,0.0,0.0,1.0,0.0819,0.0,0.0,0.0,0.0,0.0,1.0,0.0,0.0,0.0,0.0,0.0,0.0,1.0,0.0819,0.0,0.0,0.0,0.0,0.0,1.0,0.0,0.0,0.0,0.0,0.0,0.0,1.0,5.94047835304289e-10,0.0,0.0,0.0,0.0,0.0,1.0,0.0,0.0,0.0,0.0,0.0,0.0
551,SEX_47W,Sextupole,0.272,0.0,0.0,0.0,0.0,0.0,0.0,1.0,0.272,0.0,0.0,0.0,0.0,0.0,1.0,0.0,0.0,0.0,0.0,0.0,0.0,1.0,0.272,0.0,0.0,0.0,0.0,0.0,1.0,0.0,0.0,0.0,0.0,0.0,0.0,1.0,1.9729061196919e-09,0.0,0.0,0.0,0.0,0.0,1.0,0.0,0.0,0.0,0.0,0.0,0.0
552,D250,Drift,1.211581,0.0,0.0,0.0,0.0,0.0,0.0,1.0,1.211581,0.0,0.0,0.0,0.0,0.0,1.0,0.0,0.0,0.0,0.0,0.0,0.0,1.0,1.211581,0.0,0.0,0.0,0.0,0.0,1.0,0.0,0.0,0.0,0.0,0.0,0.0,1.0,8.78799841692071e-09,0.0,0.0,0.0,0.0,0.0,1.0,0.0,0.0,0.0,0.0,0.0,0.0
553,B47AW,SBend,3.177222,0.0,0.0,0.0,0.0,0.0,0.0,0.995839182120835,3.17281416241173,0.0,0.0,0.0,0.144867583788891,-0.00261733682712584,0.995839182120835,0.0,0.0,0.0,0.0911280601840434,0.0,0.0,1.0,3.177222,0.0,0.0,0.0,0.0,0.0,1.0,0.0,0.0,-0.0911280601840434,-0.144867583788891,0.0,0.0,1.0,-0.00440781454283111,0.0,0.0,0.0,0.0,0.0,1.0,0.0,0.0,0.0,0.0,0.0,0.0
554,D251,Drift,0.801335,0.0,0.0,0.0,0.0,0.0,0.0,1.0,0.801335,0.0,0.0,0.0,0.0,0.0,1.0,0.0,0.0,0.0,0.0,0.0,0.0,1.0,0.801335,0.0,0.0,0.0,0.0,0.0,1.0,0.0,0.0,0.0,0.0,0.0,0.0,1.0,5.81234825523276e-09,0.0,0.0,0.0,0.0,0.0,1.0,0.0,0.0,0.0,0.0,0.0,0.0
555,DET_I47AW,Marker,0.0,0.0,0.0,0.0,0.0,0.0,0.0,1.0,0.0,0.0,0.0,0.0,0.0,0.0,1.0,0.0,0.0,0.0,0.0,0.0,0.0,1.0,0.0,0.0,0.0,0.0,0.0,0.0,1.0,0.0,0.0,0.0,0.0,0.0,0.0,1.0,0.0,0.0,0.0,0.0,0.0,0.0,1.0,0.0,0.0,0.0,0.0,0.0,0.0
556,D252,Drift,0.165,0.0,0.0,0.0,0.0,0.0,0.0,1.0,0.165,0.0,0.0,0.0,0.0,0.0,1.0,0.0,0.0,0.0,0.0,0.0,0.0,1.0,0.165,0.0,0.0,0.0,0.0,0.0,1.0,0.0,0.0,0.0,0.0,0.0,0.0,1.0,1.19679966819545e-09,0.0,0.0,0.0,0.0,0.0,1.0,0.0,0.0,0.0,0.0,0.0,0.0
557,Q47AW,Quadrupole,0.6,0.0,0.0,0.0,0.0,0.0,0.0,1.06257799830592,0.612464149591453,0.0,0.0,0.0,0.0,0.210742134980344,1.06257799830592,0.0,0.0,0.0,0.0,0.0,0.0,0.93870070305704,0.587689293949227,0.0,0.0,0.0,0.0,-0.202217381367655,0.93870070305704,0.0,0.0,0.0,0.0,0.0,0.0,1.0,4.35199879343802e-09,0.0,0.0,0.0,0.0,0.0,1.0,0.0,0.0,0.0,0.0,0.0,0.0
558,D253,Drift,0.325537,0.0,0.0,0.0,0.0,0.0,0.0,1.0,0.325537,0.0,0.0,0.0,0.0,0.0,1.0,0.0,0.0,0.0,0.0,0.0,0.0,1.0,0.325537,0.0,0.0,0.0,0.0,0.0,1.0,0.0,0.0,0.0,0.0,0.0,0.0,1.0,2.36122771869905e-09,0.0,0.0,0.0,0.0,0.0,1.0,0.0,0.0,0.0,0.0,0.0,0.0
559,B48W#1,SBend,1.9456839999997482,0.0,0.0,0.0,0.0,0.0,0.0,1.00004917759027,1.94562192342707,0.0,0.0,0.0,0.0134598679474803,-2.39207692188283e-05,0.999904286343677,0.0,0.0,0.0,0.0138353948820492,0.0,0.0,0.999855104130537,1.94568399999975,0.0,0.0,0.0,0.0,-7.44704019065568e-05,1.0,0.0,0.0,-0.0138363972438249,-0.0134598679474803,0.0,0.0,1.0,-6.20624599839714e-05,0.0,0.0,0.0,0.0,0.0,1.0,0.0,0.0,0.0,0.0,0.0,0.0
560,VBSM_POSITRONS,Marker,0.0,0.0,0.0,0.0,0.0,0.0,0.0,1.0,0.0,0.0,0.0,0.0,0.0,0.0,1.0,0.0,0.0,0.0,0.0,0.0,0.0,1.0,0.0,0.0,0.0,0.0,0.0,0.0,1.0,0.0,0.0,0.0,0.0,0.0,0.0,1.0,0.0,0.0,0.0,0.0,0.0,0.0,1.0,0.0,0.0,0.0,0.0,0.0,0.0
561,B48W#2,SBend,0.999630000000252,0.0,0.0,0.0,0.0,0.0,0.0,0.99997473536934,0.99962158155849,0.0,0.0,0.0,0.00355287432843644,2.39207692188283e-05,1.00004917759027,0.0,0.0,0.0,0.00710861340907846,0.0,0.0,1.0,0.999630000000252,0.0,0.0,0.0,0.0,-7.44704019065568e-05,0.999925557152142,0.0,0.0,-0.00710834882509929,-0.00355287432843644,0.0,0.0,1.0,-8.41119111408922e-06,0.0,0.0,0.0,0.0,0.0,1.0,0.0,0.0,0.0,0.0,0.0,0.0
562,D254,Drift,0.710383,0.0,0.0,0.0,0.0,0.0,0.0,1.0,0.710383,0.0,0.0,0.0,0.0,0.0,1.0,0.0,0.0,0.0,0.0,0.0,0.0,1.0,0.710383,0.0,0.0,0.0,0.0,0.0,1.0,0.0,0.0,0.0,0.0,0.0,0.0,1.0,5.15264326479813e-09,0.0,0.0,0.0,0.0,0.0,1.0,0.0,0.0,0.0,0.0,0.0,0.0
563,DET_I48W,Marker,0.0,0.0,0.0,0.0,0.0,0.0,0.0,1.0,0.0,0.0,0.0,0.0,0.0,0.0,1.0,0.0,0.0,0.0,0.0,0.0,0.0,1.0,0.0,0.0,0.0,0.0,0.0,0.0,1.0,0.0,0.0,0.0,0.0,0.0,0.0,1.0,0.0,0.0,0.0,0.0,0.0,0.0,1.0,0.0,0.0,0.0,0.0,0.0,0.0
564,D255,Drift,0.292,0.0,0.0,0.0,0.0,0.0,0.0,1.0,0.292,0.0,0.0,0.0,0.0,0.0,1.0,0.0,0.0,0.0,0.0,0.0,0.0,1.0,0.292,0.0,0.0,0.0,0.0,0.0,1.0,0.0,0.0,0.0,0.0,0.0,0.0,1.0,2.11797274613984e-09,0.0,0.0,0.0,0.0,0.0,1.0,0.0,0.0,0.0,0.0,0.0,0.0
565,HKICK_48W,Kicker,0.24448,0.0,0.0,0.0,0.0,0.0,0.0,1.0,0.24448,0.0,0.0,0.0,0.0,0.0,1.0,0.0,0.0,0.0,0.0,0.0,0.0,1.0,0.24448,0.0,0.0,0.0,0.0,0.0,1.0,0.0,0.0,0.0,0.0,0.0,0.0,1.0,1.77329444169954e-09,0.0,0.0,0.0,0.0,0.0,1.0,0.0,0.0,0.0,0.0,0.0,0.0
566,D256,Drift,0.32452,0.0,0.0,0.0,0.0,0.0,0.0,1.0,0.32452,0.0,0.0,0.0,0.0,0.0,1.0,0.0,0.0,0.0,0.0,0.0,0.0,1.0,0.32452,0.0,0.0,0.0,0.0,0.0,1.0,0.0,0.0,0.0,0.0,0.0,0.0,1.0,2.35385108074418e-09,0.0,0.0,0.0,0.0,0.0,1.0,0.0,0.0,0.0,0.0,0.0,0.0
567,SK_Q48W,Quadrupole,0.1727,0.0,0.0,0.0,0.0,0.0,0.0,1.0,0.1727,0.0,0.0,0.0,0.0,0.0,1.0,0.0,0.0,0.0,0.0,0.0,0.0,1.0,0.1727,0.0,0.0,0.0,0.0,0.0,1.0,0.0,0.0,0.0,0.0,0.0,0.0,1.0,1.25265031937791e-09,0.0,0.0,0.0,0.0,0.0,1.0,0.0,0.0,0.0,0.0,0.0,0.0
568,D257,Drift,1.642142,0.0,0.0,0.0,0.0,0.0,0.0,1.0,1.642142,0.0,0.0,0.0,0.0,0.0,1.0,0.0,0.0,0.0,0.0,0.0,0.0,1.0,1.642142,0.0,0.0,0.0,0.0,0.0,1.0,0.0,0.0,0.0,0.0,0.0,0.0,1.0,1.19110000044232e-08,0.0,0.0,0.0,0.0,0.0,1.0,0.0,0.0,0.0,0.0,0.0,0.0
569,Q48W,Quadrupole,0.6,0.0,0.0,0.0,0.0,0.0,0.0,0.947114328509351,0.589385096447082,0.0,0.0,0.0,0.0,-0.174715053626277,0.947114328509351,0.0,0.0,0.0,0.0,0.0,0.0,1.053834721399,0.610728789198802,0.0,0.0,0.0,0.0,0.18104209590505,1.053834721399,0.0,0.0,0.0,0.0,0.0,0.0,1.0,4.35199879343802e-09,0.0,0.0,0.0,0.0,0.0,1.0,0.0,0.0,0.0,0.0,0.0,0.0
570,D258,Drift,0.45432,0.0,0.0,0.0,0.0,0.0,0.0,1.0,0.45432,0.0,0.0,0.0,0.0,0.0,1.0,0.0,0.0,0.0,0.0,0.0,0.0,1.0,0.45432,0.0,0.0,0.0,0.0,0.0,1.0,0.0,0.0,0.0,0.0,0.0,0.0,1.0,3.29533348639127e-09,0.0,0.0,0.0,0.0,0.0,1.0,0.0,0.0,0.0,0.0,0.0,0.0
571,DET_48W,Marker,0.0,0.0,0.0,0.0,0.0,0.0,0.0,1.0,0.0,0.0,0.0,0.0,0.0,0.0,1.0,0.0,0.0,0.0,0.0,0.0,0.0,1.0,0.0,0.0,0.0,0.0,0.0,0.0,1.0,0.0,0.0,0.0,0.0,0.0,0.0,1.0,0.0,0.0,0.0,0.0,0.0,0.0,1.0,0.0,0.0,0.0,0.0,0.0,0.0
572,D259,Drift,1.142258,0.0,0.0,0.0,0.0,0.0,0.0,1.0,1.142258,0.0,0.0,0.0,0.0,0.0,1.0,0.0,0.0,0.0,0.0,0.0,0.0,1.0,1.142258,0.0,0.0,0.0,0.0,0.0,1.0,0.0,0.0,0.0,0.0,0.0,0.0,1.0,8.2851757296582e-09,0.0,0.0,0.0,0.0,0.0,1.0,0.0,0.0,0.0,0.0,0.0,0.0
573,CHICANE_49W1#1,Kicker,0.2157669999997578,0.0,0.0,0.0,0.0,0.0,0.0,1.0,0.215766999999758,0.0,0.0,0.0,0.0,0.0,1.0,0.0,0.0,0.0,0.0,0.0,0.0,1.0,0.215766999999758,0.0,0.0,0.0,0.0,0.0,1.0,0.0,0.0,0.0,0.0,0.0,0.0,1.0,1.56502953943781e-09,0.0,0.0,0.0,0.0,0.0,1.0,0.0,0.0,0.0,0.0,0.0,0.0
574,CHC49W_RFA1_TR,Marker,0.0,0.0,0.0,0.0,0.0,0.0,0.0,1.0,0.0,0.0,0.0,0.0,0.0,0.0,1.0,0.0,0.0,0.0,0.0,0.0,0.0,1.0,0.0,0.0,0.0,0.0,0.0,0.0,1.0,0.0,0.0,0.0,0.0,0.0,0.0,1.0,0.0,0.0,0.0,0.0,0.0,0.0,1.0,0.0,0.0,0.0,0.0,0.0,0.0
575,CHICANE_49W1#2,Kicker,0.1271330000002422,0.0,0.0,0.0,0.0,0.0,0.0,1.0,0.127133000000242,0.0,0.0,0.0,0.0,0.0,1.0,0.0,0.0,0.0,0.0,0.0,0.0,1.0,0.127133000000242,0.0,0.0,0.0,0.0,0.0,1.0,0.0,0.0,0.0,0.0,0.0,0.0,1.0,9.22137771012016e-10,0.0,0.0,0.0,0.0,0.0,1.0,0.0,0.0,0.0,0.0,0.0,0.0
576,D260,Drift,0.38735,0.0,0.0,0.0,0.0,0.0,0.0,1.0,0.38735,0.0,0.0,0.0,0.0,0.0,1.0,0.0,0.0,0.0,0.0,0.0,0.0,1.0,0.38735,0.0,0.0,0.0,0.0,0.0,1.0,0.0,0.0,0.0,0.0,0.0,0.0,1.0,2.80957788773036e-09,0.0,0.0,0.0,0.0,0.0,1.0,0.0,0.0,0.0,0.0,0.0,0.0
577,CHICANE_49W2#1,Kicker,0.2205169999997023,0.0,0.0,0.0,0.0,0.0,0.0,1.0,0.220516999999702,0.0,0.0,0.0,0.0,0.0,1.0,0.0,0.0,0.0,0.0,0.0,0.0,1.0,0.220516999999702,0.0,0.0,0.0,0.0,0.0,1.0,0.0,0.0,0.0,0.0,0.0,0.0,1.0,1.59948286321879e-09,0.0,0.0,0.0,0.0,0.0,1.0,0.0,0.0,0.0,0.0,0.0,0.0
578,CHC49W_RFA2_TR,Marker,0.0,0.0,0.0,0.0,0.0,0.0,0.0,1.0,0.0,0.0,0.0,0.0,0.0,0.0,1.0,0.0,0.0,0.0,0.0,0.0,0.0,1.0,0.0,0.0,0.0,0.0,0.0,0.0,1.0,0.0,0.0,0.0,0.0,0.0,0.0,1.0,0.0,0.0,0.0,0.0,0.0,0.0,1.0,0.0,0.0,0.0,0.0,0.0,0.0
579,CHICANE_49W2#2,Kicker,0.12238300000029767,0.0,0.0,0.0,0.0,0.0,0.0,1.0,0.122383000000298,0.0,0.0,0.0,0.0,0.0,1.0,0.0,0.0,0.0,0.0,0.0,0.0,1.0,0.122383000000298,0.0,0.0,0.0,0.0,0.0,1.0,0.0,0.0,0.0,0.0,0.0,0.0,1.0,8.87684447231034e-10,0.0,0.0,0.0,0.0,0.0,1.0,0.0,0.0,0.0,0.0,0.0,0.0
580,D261,Drift,0.39052,0.0,0.0,0.0,0.0,0.0,0.0,1.0,0.39052,0.0,0.0,0.0,0.0,0.0,1.0,0.0,0.0,0.0,0.0,0.0,0.0,1.0,0.39052,0.0,0.0,0.0,0.0,0.0,1.0,0.0,0.0,0.0,0.0,0.0,0.0,1.0,2.83257094802236e-09,0.0,0.0,0.0,0.0,0.0,1.0,0.0,0.0,0.0,0.0,0.0,0.0
581,CHICANE_49W3#1,Kicker,0.22209699999974908,0.0,0.0,0.0,0.0,0.0,0.0,1.0,0.222096999999749,0.0,0.0,0.0,0.0,0.0,1.0,0.0,0.0,0.0,0.0,0.0,0.0,1.0,0.222096999999749,0.0,0.0,0.0,0.0,0.0,1.0,0.0,0.0,0.0,0.0,0.0,0.0,1.0,1.61094312670852e-09,0.0,0.0,0.0,0.0,0.0,1.0,0.0,0.0,0.0,0.0,0.0,0.0
582,CHC49W_RFA3_TR,Marker,0.0,0.0,0.0,0.0,0.0,0.0,0.0,1.0,0.0,0.0,0.0,0.0,0.0,0.0,1.0,0.0,0.0,0.0,0.0,0.0,0.0,1.0,0.0,0.0,0.0,0.0,0.0,0.0,1.0,0.0,0.0,0.0,0.0,0.0,0.0,1.0,0.0,0.0,0.0,0.0,0.0,0.0,1.0,0.0,0.0,0.0,0.0,0.0,0.0
583,CHICANE_49W3#2,Kicker,0.1208030000002509,0.0,0.0,0.0,0.0,0.0,0.0,1.0,0.120803000000251,0.0,0.0,0.0,0.0,0.0,1.0,0.0,0.0,0.0,0.0,0.0,0.0,1.0,0.120803000000251,0.0,0.0,0.0,0.0,0.0,1.0,0.0,0.0,0.0,0.0,0.0,0.0,1.0,8.76224183741308e-10,0.0,0.0,0.0,0.0,0.0,1.0,0.0,0.0,0.0,0.0,0.0,0.0
584,D262,Drift,0.39529,0.0,0.0,0.0,0.0,0.0,0.0,1.0,0.39529,0.0,0.0,0.0,0.0,0.0,1.0,0.0,0.0,0.0,0.0,0.0,0.0,1.0,0.39529,0.0,0.0,0.0,0.0,0.0,1.0,0.0,0.0,0.0,0.0,0.0,0.0,1.0,2.86716933843019e-09,0.0,0.0,0.0,0.0,0.0,1.0,0.0,0.0,0.0,0.0,0.0,0.0
585,CHICANE_49W4#1,Kicker,0.21390699999979268,0.0,0.0,0.0,0.0,0.0,0.0,1.0,0.213906999999793,0.0,0.0,0.0,0.0,0.0,1.0,0.0,0.0,0.0,0.0,0.0,0.0,1.0,0.213906999999793,0.0,0.0,0.0,0.0,0.0,1.0,0.0,0.0,0.0,0.0,0.0,0.0,1.0,1.55153834317841e-09,0.0,0.0,0.0,0.0,0.0,1.0,0.0,0.0,0.0,0.0,0.0,0.0
586,CHC49W_RFA4_TR,Marker,0.0,0.0,0.0,0.0,0.0,0.0,0.0,1.0,0.0,0.0,0.0,0.0,0.0,0.0,1.0,0.0,0.0,0.0,0.0,0.0,0.0,1.0,0.0,0.0,0.0,0.0,0.0,0.0,1.0,0.0,0.0,0.0,0.0,0.0,0.0,1.0,0.0,0.0,0.0,0.0,0.0,0.0,1.0,0.0,0.0,0.0,0.0,0.0,0.0
587,CHICANE_49W4#2,Kicker,0.1289930000002073,0.0,0.0,0.0,0.0,0.0,0.0,1.0,0.128993000000207,0.0,0.0,0.0,0.0,0.0,1.0,0.0,0.0,0.0,0.0,0.0,0.0,1.0,0.128993000000207,0.0,0.0,0.0,0.0,0.0,1.0,0.0,0.0,0.0,0.0,0.0,0.0,1.0,9.35628967271421e-10,0.0,0.0,0.0,0.0,0.0,1.0,0.0,0.0,0.0,0.0,0.0,0.0
588,D263,Drift,0.363898,0.0,0.0,0.0,0.0,0.0,0.0,1.0,0.363898,0.0,0.0,0.0,0.0,0.0,1.0,0.0,0.0,0.0,0.0,0.0,0.0,1.0,0.363898,0.0,0.0,0.0,0.0,0.0,1.0,0.0,0.0,0.0,0.0,0.0,0.0,1.0,2.63947276155751e-09,0.0,0.0,0.0,0.0,0.0,1.0,0.0,0.0,0.0,0.0,0.0,0.0
589,Q49#1,Quadrupole,0.4751089999998157,0.0,0.0,0.0,0.0,0.0,0.0,1.02972369660652,0.479807069388738,0.0,0.0,0.0,0.0,0.125739896725286,1.02972369660652,0.0,0.0,0.0,0.0,0.0,0.0,0.970567915534556,0.470438640095788,0.0,0.0,0.0,0.0,-0.12328477380833,0.970567915534556,0.0,0.0,0.0,0.0,0.0,0.0,1.0,3.44612299125124e-09,0.0,0.0,0.0,0.0,0.0,1.0,0.0,0.0,0.0,0.0,0.0,0.0
590,IP_L3,Marker,0.0,0.0,0.0,0.0,0.0,0.0,0.0,1.0,0.0,0.0,0.0,0.0,0.0,0.0,1.0,0.0,0.0,0.0,0.0,0.0,0.0,1.0,0.0,0.0,0.0,0.0,0.0,0.0,1.0,0.0,0.0,0.0,0.0,0.0,0.0,1.0,0.0,0.0,0.0,0.0,0.0,0.0,1.0,0.0,0.0,0.0,0.0,0.0,0.0
591,Q49#2,Quadrupole,0.47489100000018425,0.0,0.0,0.0,0.0,0.0,0.0,1.02969629172127,0.479582592610623,0.0,0.0,0.0,0.0,0.125681069566,1.02969629172127,0.0,0.0,0.0,0.0,0.0,0.0,0.970594785571271,0.470227053361506,0.0,0.0,0.0,0.0,-0.123229324658423,0.970594785571271,0.0,0.0,0.0,0.0,0.0,0.0,1.0,3.44454176502563e-09,0.0,0.0,0.0,0.0,0.0,1.0,0.0,0.0,0.0,0.0,0.0,0.0
592,D264,Drift,0.428958,0.0,0.0,0.0,0.0,0.0,0.0,1.0,0.428958,0.0,0.0,0.0,0.0,0.0,1.0,0.0,0.0,0.0,0.0,0.0,0.0,1.0,0.428958,0.0,0.0,0.0,0.0,0.0,1.0,0.0,0.0,0.0,0.0,0.0,0.0,1.0,3.11137449739264e-09,0.0,0.0,0.0,0.0,0.0,1.0,0.0,0.0,0.0,0.0,0.0,0.0
593,DET_49E,Marker,0.0,0.0,0.0,0.0,0.0,0.0,0.0,1.0,0.0,0.0,0.0,0.0,0.0,0.0,1.0,0.0,0.0,0.0,0.0,0.0,0.0,1.0,0.0,0.0,0.0,0.0,0.0,0.0,1.0,0.0,0.0,0.0,0.0,0.0,0.0,1.0,0.0,0.0,0.0,0.0,0.0,0.0,1.0,0.0,0.0,0.0,0.0,0.0,0.0
594,D265,Drift,0.4566,0.0,0.0,0.0,0.0,0.0,0.0,1.0,0.4566,0.0,0.0,0.0,0.0,0.0,1.0,0.0,0.0,0.0,0.0,0.0,0.0,1.0,0.4566,0.0,0.0,0.0,0.0,0.0,1.0,0.0,0.0,0.0,0.0,0.0,0.0,1.0,3.31187108180633e-09,0.0,0.0,0.0,0.0,0.0,1.0,0.0,0.0,0.0,0.0,0.0,0.0
595,VKICK_49E,Kicker,0.1727,0.0,0.0,0.0,0.0,0.0,0.0,1.0,0.1727,0.0,0.0,0.0,0.0,0.0,1.0,0.0,0.0,0.0,0.0,0.0,0.0,1.0,0.1727,0.0,0.0,0.0,0.0,0.0,1.0,0.0,0.0,0.0,0.0,0.0,0.0,1.0,1.25265031937791e-09,0.0,0.0,0.0,0.0,0.0,1.0,0.0,0.0,0.0,0.0,0.0,0.0
596,D266#1,Drift,0.5678509999997767,0.0,0.0,0.0,0.0,0.0,0.0,1.0,0.567850999999777,0.0,0.0,0.0,0.0,0.0,1.0,0.0,0.0,0.0,0.0,0.0,0.0,1.0,0.567850999999777,0.0,0.0,0.0,0.0,0.0,1.0,0.0,0.0,0.0,0.0,0.0,0.0,1.0,4.11881144475267e-09,0.0,0.0,0.0,0.0,0.0,1.0,0.0,0.0,0.0,0.0,0.0,0.0
597,D49E_RFA3_APS,Marker,0.0,0.0,0.0,0.0,0.0,0.0,0.0,1.0,0.0,0.0,0.0,0.0,0.0,0.0,1.0,0.0,0.0,0.0,0.0,0.0,0.0,1.0,0.0,0.0,0.0,0.0,0.0,0.0,1.0,0.0,0.0,0.0,0.0,0.0,0.0,1.0,0.0,0.0,0.0,0.0,0.0,0.0,1.0,0.0,0.0,0.0,0.0,0.0,0.0
598,D266#2,Drift,0.11199999999996635,0.0,0.0,0.0,0.0,0.0,0.0,1.0,0.111999999999966,0.0,0.0,0.0,0.0,0.0,1.0,0.0,0.0,0.0,0.0,0.0,0.0,1.0,0.111999999999966,0.0,0.0,0.0,0.0,0.0,1.0,0.0,0.0,0.0,0.0,0.0,0.0,1.0,8.12373108108186e-10,0.0,0.0,0.0,0.0,0.0,1.0,0.0,0.0,0.0,0.0,0.0,0.0
599,D49E_RFA2_APS,Marker,0.0,0.0,0.0,0.0,0.0,0.0,0.0,1.0,0.0,0.0,0.0,0.0,0.0,0.0,1.0,0.0,0.0,0.0,0.0,0.0,0.0,1.0,0.0,0.0,0.0,0.0,0.0,0.0,1.0,0.0,0.0,0.0,0.0,0.0,0.0,1.0,0.0,0.0,0.0,0.0,0.0,0.0,1.0,0.0,0.0,0.0,0.0,0.0,0.0
600,D266#3,Drift,0.20400000000000773,0.0,0.0,0.0,0.0,0.0,0.0,1.0,0.204000000000008,0.0,0.0,0.0,0.0,0.0,1.0,0.0,0.0,0.0,0.0,0.0,0.0,1.0,0.204000000000008,0.0,0.0,0.0,0.0,0.0,1.0,0.0,0.0,0.0,0.0,0.0,0.0,1.0,1.47967958976898e-09,0.0,0.0,0.0,0.0,0.0,1.0,0.0,0.0,0.0,0.0,0.0,0.0
601,D49E_SP1_LBNL1,Marker,0.0,0.0,0.0,0.0,0.0,0.0,0.0,1.0,0.0,0.0,0.0,0.0,0.0,0.0,1.0,0.0,0.0,0.0,0.0,0.0,0.0,1.0,0.0,0.0,0.0,0.0,0.0,0.0,1.0,0.0,0.0,0.0,0.0,0.0,0.0,1.0,0.0,0.0,0.0,0.0,0.0,0.0,1.0,0.0,0.0,0.0,0.0,0.0,0.0
602,D266#4,Drift,1.4250000000000114,0.0,0.0,0.0,0.0,0.0,0.0,1.0,1.42500000000001,0.0,0.0,0.0,0.0,0.0,1.0,0.0,0.0,0.0,0.0,0.0,0.0,1.0,1.42500000000001,0.0,0.0,0.0,0.0,0.0,1.0,0.0,0.0,0.0,0.0,0.0,0.0,1.0,1.03359971344154e-08,0.0,0.0,0.0,0.0,0.0,1.0,0.0,0.0,0.0,0.0,0.0,0.0
603,D49E_RFA1_SLAC2,Marker,0.0,0.0,0.0,0.0,0.0,0.0,0.0,1.0,0.0,0.0,0.0,0.0,0.0,0.0,1.0,0.0,0.0,0.0,0.0,0.0,0.0,1.0,0.0,0.0,0.0,0.0,0.0,0.0,1.0,0.0,0.0,0.0,0.0,0.0,0.0,1.0,0.0,0.0,0.0,0.0,0.0,0.0,1.0,0.0,0.0,0.0,0.0,0.0,0.0
604,D266#5,Drift,0.9962810000002378,0.0,0.0,0.0,0.0,0.0,0.0,1.0,0.996281000000238,0.0,0.0,0.0,0.0,0.0,1.0,0.0,0.0,0.0,0.0,0.0,0.0,1.0,0.996281000000238,0.0,0.0,0.0,0.0,0.0,1.0,0.0,0.0,0.0,0.0,0.0,0.0,1.0,7.22635618321043e-09,0.0,0.0,0.0,0.0,0.0,1.0,0.0,0.0,0.0,0.0,0.0,0.0
605,DET_48E,Marker,0.0,0.0,0.0,0.0,0.0,0.0,0.0,1.0,0.0,0.0,0.0,0.0,0.0,0.0,1.0,0.0,0.0,0.0,0.0,0.0,0.0,1.0,0.0,0.0,0.0,0.0,0.0,0.0,1.0,0.0,0.0,0.0,0.0,0.0,0.0,1.0,0.0,0.0,0.0,0.0,0.0,0.0,1.0,0.0,0.0,0.0,0.0,0.0,0.0
606,D267,Drift,0.16732,0.0,0.0,0.0,0.0,0.0,0.0,1.0,0.16732,0.0,0.0,0.0,0.0,0.0,1.0,0.0,0.0,0.0,0.0,0.0,0.0,1.0,0.16732,0.0,0.0,0.0,0.0,0.0,1.0,0.0,0.0,0.0,0.0,0.0,0.0,1.0,1.21362739686342e-09,0.0,0.0,0.0,0.0,0.0,1.0,0.0,0.0,0.0,0.0,0.0,0.0
607,Q48E,Quadrupole,0.6,0.0,0.0,0.0,0.0,0.0,0.0,0.94714912454478,0.589392105657084,0.0,0.0,0.0,0.0,-0.174601143935122,0.94714912454478,0.0,0.0,0.0,0.0,0.0,0.0,1.05379866570336,0.610721628830486,0.0,0.0,0.0,0.0,0.180919788365412,1.05379866570336,0.0,0.0,0.0,0.0,0.0,0.0,1.0,4.35199879343802e-09,0.0,0.0,0.0,0.0,0.0,1.0,0.0,0.0,0.0,0.0,0.0,0.0
608,D268,Drift,1.35597,0.0,0.0,0.0,0.0,0.0,0.0,1.0,1.35597,0.0,0.0,0.0,0.0,0.0,1.0,0.0,0.0,0.0,0.0,0.0,0.0,1.0,1.35597,0.0,0.0,0.0,0.0,0.0,1.0,0.0,0.0,0.0,0.0,0.0,0.0,1.0,9.83529967323025e-09,0.0,0.0,0.0,0.0,0.0,1.0,0.0,0.0,0.0,0.0,0.0,0.0
609,SK_Q48E,Quadrupole,0.1727,0.0,0.0,0.0,0.0,0.0,0.0,1.0,0.1727,0.0,0.0,0.0,0.0,0.0,1.0,0.0,0.0,0.0,0.0,0.0,0.0,1.0,0.1727,0.0,0.0,0.0,0.0,0.0,1.0,0.0,0.0,0.0,0.0,0.0,0.0,1.0,1.25265031937791e-09,0.0,0.0,0.0,0.0,0.0,1.0,0.0,0.0,0.0,0.0,0.0,0.0
610,D269,Drift,0.272425,0.0,0.0,0.0,0.0,0.0,0.0,1.0,0.272425,0.0,0.0,0.0,0.0,0.0,1.0,0.0,0.0,0.0,0.0,0.0,0.0,1.0,0.272425,0.0,0.0,0.0,0.0,0.0,1.0,0.0,0.0,0.0,0.0,0.0,0.0,1.0,1.97598878550392e-09,0.0,0.0,0.0,0.0,0.0,1.0,0.0,0.0,0.0,0.0,0.0,0.0
611,HKICK_48E,Kicker,0.24765,0.0,0.0,0.0,0.0,0.0,0.0,1.0,0.24765,0.0,0.0,0.0,0.0,0.0,1.0,0.0,0.0,0.0,0.0,0.0,0.0,1.0,0.24765,0.0,0.0,0.0,0.0,0.0,1.0,0.0,0.0,0.0,0.0,0.0,0.0,1.0,1.79628750199154e-09,0.0,0.0,0.0,0.0,0.0,1.0,0.0,0.0,0.0,0.0,0.0,0.0
612,D270,Drift,0.355575,0.0,0.0,0.0,0.0,0.0,0.0,1.0,0.355575,0.0,0.0,0.0,0.0,0.0,1.0,0.0,0.0,0.0,0.0,0.0,0.0,1.0,0.355575,0.0,0.0,0.0,0.0,0.0,1.0,0.0,0.0,0.0,0.0,0.0,0.0,1.0,2.5791032849612e-09,0.0,0.0,0.0,0.0,0.0,1.0,0.0,0.0,0.0,0.0,0.0,0.0
613,DET_I48E,Marker,0.0,0.0,0.0,0.0,0.0,0.0,0.0,1.0,0.0,0.0,0.0,0.0,0.0,0.0,1.0,0.0,0.0,0.0,0.0,0.0,0.0,1.0,0.0,0.0,0.0,0.0,0.0,0.0,1.0,0.0,0.0,0.0,0.0,0.0,0.0,1.0,0.0,0.0,0.0,0.0,0.0,0.0,1.0,0.0,0.0,0.0,0.0,0.0,0.0
614,D271,Drift,0.967691,0.0,0.0,0.0,0.0,0.0,0.0,1.0,0.967691,0.0,0.0,0.0,0.0,0.0,1.0,0.0,0.0,0.0,0.0,0.0,0.0,1.0,0.967691,0.0,0.0,0.0,0.0,0.0,1.0,0.0,0.0,0.0,0.0,0.0,0.0,1.0,7.01898344070138e-09,0.0,0.0,0.0,0.0,0.0,1.0,0.0,0.0,0.0,0.0,0.0,0.0
615,B48E#1,SBend,0.9905879999996654,0.0,0.0,0.0,0.0,0.0,0.0,1.00004895923146,0.990579807940589,0.0,0.0,0.0,0.00348889132241155,2.4378017443565e-05,0.99997519035504,0.0,0.0,0.0,0.00704405241327771,0.0,0.0,0.999926230513516,0.990587999999665,0.0,0.0,0.0,0.0,-7.44704019065568e-05,1.0,0.0,0.0,-0.0070443122324167,-0.00348889132241155,0.0,0.0,1.0,-8.18487401368608e-06,0.0,0.0,0.0,0.0,0.0,1.0,0.0,0.0,0.0,0.0,0.0,0.0
616,VBSM_ELECTRONS,Marker,0.0,0.0,0.0,0.0,0.0,0.0,0.0,1.0,0.0,0.0,0.0,0.0,0.0,0.0,1.0,0.0,0.0,0.0,0.0,0.0,0.0,1.0,0.0,0.0,0.0,0.0,0.0,0.0,1.0,0.0,0.0,0.0,0.0,0.0,0.0,1.0,0.0,0.0,0.0,0.0,0.0,0.0,1.0,0.0,0.0,0.0,0.0,0.0,0.0
617,B48E#2,SBend,1.9547260000003348,0.0,0.0,0.0,0.0,0.0,0.0,0.999903394688238,1.95466305395672,0.0,0.0,0.0,0.0135852582514583,-2.4378017443565e-05,1.00004895923146,0.0,0.0,0.0,0.0139006984204866,0.0,0.0,1.0,1.95472600000033,0.0,0.0,0.0,0.0,-7.44704019065568e-05,0.999854430769163,0.0,0.0,-0.0138996867208446,-0.0135852582514583,0.0,0.0,1.0,-6.29318653392716e-05,0.0,0.0,0.0,0.0,0.0,1.0,0.0,0.0,0.0,0.0,0.0,0.0
618,D272,Drift,0.669583,0.0,0.0,0.0,0.0,0.0,0.0,1.0,0.669583,0.0,0.0,0.0,0.0,0.0,1.0,0.0,0.0,0.0,0.0,0.0,0.0,1.0,0.669583,0.0,0.0,0.0,0.0,0.0,1.0,0.0,0.0,0.0,0.0,0.0,0.0,1.0,4.85670734684435e-09,0.0,0.0,0.0,0.0,0.0,1.0,0.0,0.0,0.0,0.0,0.0,0.0
619,DET_I47AE,Marker,0.0,0.0,0.0,0.0,0.0,0.0,0.0,1.0,0.0,0.0,0.0,0.0,0.0,0.0,1.0,0.0,0.0,0.0,0.0,0.0,0.0,1.0,0.0,0.0,0.0,0.0,0.0,0.0,1.0,0.0,0.0,0.0,0.0,0.0,0.0,1.0,0.0,0.0,0.0,0.0,0.0,0.0,1.0,0.0,0.0,0.0,0.0,0.0,0.0
620,D273,Drift,0.120581,0.0,0.0,0.0,0.0,0.0,0.0,1.0,0.120581,0.0,0.0,0.0,0.0,0.0,1.0,0.0,0.0,0.0,0.0,0.0,0.0,1.0,0.120581,0.0,0.0,0.0,0.0,0.0,1.0,0.0,0.0,0.0,0.0,0.0,0.0,1.0,8.74613944185916e-10,0.0,0.0,0.0,0.0,0.0,1.0,0.0,0.0,0.0,0.0,0.0,0.0
621,Q47AE,Quadrupole,0.6,0.0,0.0,0.0,0.0,0.0,0.0,1.06248743894059,0.612446185441081,0.0,0.0,0.0,0.0,0.210434093590946,1.06248743894059,0.0,0.0,0.0,0.0,0.0,0.0,0.938787601765418,0.587706818824324,0.0,0.0,0.0,0.0,-0.201933744803139,0.938787601765418,0.0,0.0,0.0,0.0,0.0,0.0,1.0,4.35199879343802e-09,0.0,0.0,0.0,0.0,0.0,1.0,0.0,0.0,0.0,0.0,0.0,0.0
622,D274,Drift,0.501739,0.0,0.0,0.0,0.0,0.0,0.0,1.0,0.501739,0.0,0.0,0.0,0.0,0.0,1.0,0.0,0.0,0.0,0.0,0.0,0.0,1.0,0.501739,0.0,0.0,0.0,0.0,0.0,1.0,0.0,0.0,0.0,0.0,0.0,0.0,1.0,3.639279204368e-09,0.0,0.0,0.0,0.0,0.0,1.0,0.0,0.0,0.0,0.0,0.0,0.0
623,B47AE,SBend,3.177222,0.0,0.0,0.0,0.0,0.0,0.0,0.995839182120835,3.17281416241173,0.0,0.0,0.0,0.144867583788891,-0.00261733682712584,0.995839182120835,0.0,0.0,0.0,0.0911280601840434,0.0,0.0,1.0,3.177222,0.0,0.0,0.0,0.0,0.0,1.0,0.0,0.0,-0.0911280601840434,-0.144867583788891,0.0,0.0,1.0,-0.00440781454283111,0.0,0.0,0.0,0.0,0.0,1.0,0.0,0.0,0.0,0.0,0.0,0.0
624,D275,Drift,0.441252,0.0,0.0,0.0,0.0,0.0,0.0,1.0,0.441252,0.0,0.0,0.0,0.0,0.0,1.0,0.0,0.0,0.0,0.0,0.0,0.0,1.0,0.441252,0.0,0.0,0.0,0.0,0.0,1.0,0.0,0.0,0.0,0.0,0.0,0.0,1.0,3.20054695267019e-09,0.0,0.0,0.0,0.0,0.0,1.0,0.0,0.0,0.0,0.0,0.0,0.0
625,DET_47E,Marker,0.0,0.0,0.0,0.0,0.0,0.0,0.0,1.0,0.0,0.0,0.0,0.0,0.0,0.0,1.0,0.0,0.0,0.0,0.0,0.0,0.0,1.0,0.0,0.0,0.0,0.0,0.0,0.0,1.0,0.0,0.0,0.0,0.0,0.0,0.0,1.0,0.0,0.0,0.0,0.0,0.0,0.0,1.0,0.0,0.0,0.0,0.0,0.0,0.0
626,D276,Drift,0.3265,0.0,0.0,0.0,0.0,0.0,0.0,1.0,0.3265,0.0,0.0,0.0,0.0,0.0,1.0,0.0,0.0,0.0,0.0,0.0,0.0,1.0,0.3265,0.0,0.0,0.0,0.0,0.0,1.0,0.0,0.0,0.0,0.0,0.0,0.0,1.0,2.36821267676252e-09,0.0,0.0,0.0,0.0,0.0,1.0,0.0,0.0,0.0,0.0,0.0,0.0
627,SEX_47E,Sextupole,0.272,0.0,0.0,0.0,0.0,0.0,0.0,1.0,0.272,0.0,0.0,0.0,0.0,0.0,1.0,0.0,0.0,0.0,0.0,0.0,0.0,1.0,0.272,0.0,0.0,0.0,0.0,0.0,1.0,0.0,0.0,0.0,0.0,0.0,0.0,1.0,1.9729061196919e-09,0.0,0.0,0.0,0.0,0.0,1.0,0.0,0.0,0.0,0.0,0.0,0.0
628,D277,Drift,0.0659,0.0,0.0,0.0,0.0,0.0,0.0,1.0,0.0659,0.0,0.0,0.0,0.0,0.0,1.0,0.0,0.0,0.0,0.0,0.0,0.0,1.0,0.0659,0.0,0.0,0.0,0.0,0.0,1.0,0.0,0.0,0.0,0.0,0.0,0.0,1.0,4.77994534145942e-10,0.0,0.0,0.0,0.0,0.0,1.0,0.0,0.0,0.0,0.0,0.0,0.0
629,Q47E,Quadrupole,0.6,0.0,0.0,0.0,0.0,0.0,0.0,0.928498669714167,0.585630381515384,0.0,0.0,0.0,0.0,-0.235456056740459,0.928498669714167,0.0,0.0,0.0,0.0,0.0,0.0,1.07324715929625,0.61457911680478,0.0,0.0,0.0,0.0,0.247095061945802,1.07324715929625,0.0,0.0,0.0,0.0,0.0,0.0,1.0,4.35199879343802e-09,0.0,0.0,0.0,0.0,0.0,1.0,0.0,0.0,0.0,0.0,0.0,0.0
630,D278,Drift,0.3794,0.0,0.0,0.0,0.0,0.0,0.0,1.0,0.3794,0.0,0.0,0.0,0.0,0.0,1.0,0.0,0.0,0.0,0.0,0.0,0.0,1.0,0.3794,0.0,0.0,0.0,0.0,0.0,1.0,0.0,0.0,0.0,0.0,0.0,0.0,1.0,2.75191390371731e-09,0.0,0.0,0.0,0.0,0.0,1.0,0.0,0.0,0.0,0.0,0.0,0.0
631,SK_Q47E,Quadrupole,0.152,0.0,0.0,0.0,0.0,0.0,0.0,1.0,0.152,0.0,0.0,0.0,0.0,0.0,1.0,0.0,0.0,0.0,0.0,0.0,0.0,1.0,0.152,0.0,0.0,0.0,0.0,0.0,1.0,0.0,0.0,0.0,0.0,0.0,0.0,1.0,1.1025063610043e-09,0.0,0.0,0.0,0.0,0.0,1.0,0.0,0.0,0.0,0.0,0.0,0.0
632,D279,Drift,0.322484,0.0,0.0,0.0,0.0,0.0,0.0,1.0,0.322484,0.0,0.0,0.0,0.0,0.0,1.0,0.0,0.0,0.0,0.0,0.0,0.0,1.0,0.322484,0.0,0.0,0.0,0.0,0.0,1.0,0.0,0.0,0.0,0.0,0.0,0.0,1.0,2.33908329817178e-09,0.0,0.0,0.0,0.0,0.0,1.0,0.0,0.0,0.0,0.0,0.0,0.0
633,B47E,SBend,3.287171,0.0,0.0,0.0,0.0,0.0,0.0,1.0,3.28640470465906,0.0,0.0,0.0,0.0614638036703007,0.0,1.0,0.0,0.0,0.0,0.0374048902639196,0.0,0.0,0.999300518639769,3.287171,0.0,0.0,0.0,0.0,-0.000425433738095499,0.999300518639769,0.0,0.0,-0.0374048902639196,-0.0614638036703007,0.0,0.0,1.0,-0.000766271497995356,0.0,0.0,0.0,0.0,0.0,1.0,0.0,0.0,0.0,0.0,0.0,0.0
634,D280,Drift,1.230353,0.0,0.0,0.0,0.0,0.0,0.0,1.0,1.230353,0.0,0.0,0.0,0.0,0.0,1.0,0.0,0.0,0.0,0.0,0.0,0.0,1.0,1.230353,0.0,0.0,0.0,0.0,0.0,1.0,0.0,0.0,0.0,0.0,0.0,0.0,1.0,8.92415795250474e-09,0.0,0.0,0.0,0.0,0.0,1.0,0.0,0.0,0.0,0.0,0.0,0.0
635,DET_46E,Marker,0.0,0.0,0.0,0.0,0.0,0.0,0.0,1.0,0.0,0.0,0.0,0.0,0.0,0.0,1.0,0.0,0.0,0.0,0.0,0.0,0.0,1.0,0.0,0.0,0.0,0.0,0.0,0.0,1.0,0.0,0.0,0.0,0.0,0.0,0.0,1.0,0.0,0.0,0.0,0.0,0.0,0.0,1.0,0.0,0.0,0.0,0.0,0.0,0.0
636,D281,Drift,0.0887,0.0,0.0,0.0,0.0,0.0,0.0,1.0,0.0887,0.0,0.0,0.0,0.0,0.0,1.0,0.0,0.0,0.0,0.0,0.0,0.0,1.0,0.0887,0.0,0.0,0.0,0.0,0.0,1.0,0.0,0.0,0.0,0.0,0.0,0.0,1.0,6.43370488296587e-10,0.0,0.0,0.0,0.0,0.0,1.0,0.0,0.0,0.0,0.0,0.0,0.0
637,Q46E,Quadrupole,0.6,0.0,0.0,0.0,0.0,0.0,0.0,1.03780433502952,0.607541980992943,0.0,0.0,0.0,0.0,0.126802493023053,1.03780433502952,0.0,0.0,0.0,0.0,0.0,0.0,0.962666130938377,0.592514474838886,0.0,0.0,0.0,0.0,-0.123666042697202,0.962666130938377,0.0,0.0,0.0,0.0,0.0,0.0,1.0,4.35199879343802e-09,0.0,0.0,0.0,0.0,0.0,1.0,0.0,0.0,0.0,0.0,0.0,0.0
638,D282,Drift,0.189651,0.0,0.0,0.0,0.0,0.0,0.0,1.0,0.189651,0.0,0.0,0.0,0.0,0.0,1.0,0.0,0.0,0.0,0.0,0.0,0.0,1.0,0.189651,0.0,0.0,0.0,0.0,0.0,1.0,0.0,0.0,0.0,0.0,0.0,0.0,1.0,1.37560153862386e-09,0.0,0.0,0.0,0.0,0.0,1.0,0.0,0.0,0.0,0.0,0.0,0.0
639,B46E,SBend,6.575286,0.0,0.0,0.0,0.0,0.0,0.0,0.996853596825853,6.56149875649654,0.0,0.0,0.0,0.368487453785992,-0.000957541367990025,0.996853596825853,0.0,0.0,0.0,0.11214137574121,0.0,0.0,0.996851958156625,6.575286,0.0,0.0,0.0,0.0,-0.000956030432638434,0.996851958156625,0.0,0.0,-0.11214137574121,-0.368487453785992,0.0,0.0,1.0,-0.013787195810727,0.0,0.0,0.0,0.0,0.0,1.0,0.0,0.0,0.0,0.0,0.0,0.0
640,D283,Drift,0.537405,0.0,0.0,0.0,0.0,0.0,0.0,1.0,0.537405,0.0,0.0,0.0,0.0,0.0,1.0,0.0,0.0,0.0,0.0,0.0,0.0,1.0,0.537405,0.0,0.0,0.0,0.0,0.0,1.0,0.0,0.0,0.0,0.0,0.0,0.0,1.0,3.8979765193126e-09,0.0,0.0,0.0,0.0,0.0,1.0,0.0,0.0,0.0,0.0,0.0,0.0
641,SEX_45E,Sextupole,0.272,0.0,0.0,0.0,0.0,0.0,0.0,1.0,0.272,0.0,0.0,0.0,0.0,0.0,1.0,0.0,0.0,0.0,0.0,0.0,0.0,1.0,0.272,0.0,0.0,0.0,0.0,0.0,1.0,0.0,0.0,0.0,0.0,0.0,0.0,1.0,1.9729061196919e-09,0.0,0.0,0.0,0.0,0.0,1.0,0.0,0.0,0.0,0.0,0.0,0.0
642,D284,Drift,0.0639,0.0,0.0,0.0,0.0,0.0,0.0,1.0,0.0639,0.0,0.0,0.0,0.0,0.0,1.0,0.0,0.0,0.0,0.0,0.0,0.0,1.0,0.0639,0.0,0.0,0.0,0.0,0.0,1.0,0.0,0.0,0.0,0.0,0.0,0.0,1.0,4.63487871501149e-10,0.0,0.0,0.0,0.0,0.0,1.0,0.0,0.0,0.0,0.0,0.0,0.0
643,Q45E,Quadrupole,0.6,0.0,0.0,0.0,0.0,0.0,0.0,0.936101319340509,0.5871649784609,0.0,0.0,0.0,0.0,-0.21069771608866,0.936101319340509,0.0,0.0,0.0,0.0,0.0,0.0,1.06528936139048,0.613001902490074,0.0,0.0,0.0,0.0,0.219969013055268,1.06528936139048,0.0,0.0,0.0,0.0,0.0,0.0,1.0,4.35199879343802e-09,0.0,0.0,0.0,0.0,0.0,1.0,0.0,0.0,0.0,0.0,0.0,0.0
644,D285,Drift,0.0714,0.0,0.0,0.0,0.0,0.0,0.0,1.0,0.0714,0.0,0.0,0.0,0.0,0.0,1.0,0.0,0.0,0.0,0.0,0.0,0.0,1.0,0.0714,0.0,0.0,0.0,0.0,0.0,1.0,0.0,0.0,0.0,0.0,0.0,0.0,1.0,5.17887856419124e-10,0.0,0.0,0.0,0.0,0.0,1.0,0.0,0.0,0.0,0.0,0.0,0.0
645,DET_45E,Marker,0.0,0.0,0.0,0.0,0.0,0.0,0.0,1.0,0.0,0.0,0.0,0.0,0.0,0.0,1.0,0.0,0.0,0.0,0.0,0.0,0.0,1.0,0.0,0.0,0.0,0.0,0.0,0.0,1.0,0.0,0.0,0.0,0.0,0.0,0.0,1.0,0.0,0.0,0.0,0.0,0.0,0.0,1.0,0.0,0.0,0.0,0.0,0.0,0.0
646,D286,Drift,1.171,0.0,0.0,0.0,0.0,0.0,0.0,1.0,1.171,0.0,0.0,0.0,0.0,0.0,1.0,0.0,0.0,0.0,0.0,0.0,0.0,1.0,1.171,0.0,0.0,0.0,0.0,0.0,1.0,0.0,0.0,0.0,0.0,0.0,0.0,1.0,8.49365097852653e-09,0.0,0.0,0.0,0.0,0.0,1.0,0.0,0.0,0.0,0.0,0.0,0.0
647,OCT_45E,Octupole,0.381,0.0,0.0,0.0,0.0,0.0,0.0,1.0,0.381,0.0,0.0,0.0,0.0,0.0,1.0,0.0,0.0,0.0,0.0,0.0,0.0,1.0,0.381,0.0,0.0,0.0,0.0,0.0,1.0,0.0,0.0,0.0,0.0,0.0,0.0,1.0,2.76351923383314e-09,0.0,0.0,0.0,0.0,0.0,1.0,0.0,0.0,0.0,0.0,0.0,0.0
648,D287,Drift,3.758418,0.0,0.0,0.0,0.0,0.0,0.0,1.0,3.758418,0.0,0.0,0.0,0.0,0.0,1.0,0.0,0.0,0.0,0.0,0.0,0.0,1.0,3.758418,0.0,0.0,0.0,0.0,0.0,1.0,0.0,0.0,0.0,0.0,0.0,0.0,1.0,2.72610510020595e-08,0.0,0.0,0.0,0.0,0.0,1.0,0.0,0.0,0.0,0.0,0.0,0.0
649,DET_44E,Marker,0.0,0.0,0.0,0.0,0.0,0.0,0.0,1.0,0.0,0.0,0.0,0.0,0.0,0.0,1.0,0.0,0.0,0.0,0.0,0.0,0.0,1.0,0.0,0.0,0.0,0.0,0.0,0.0,1.0,0.0,0.0,0.0,0.0,0.0,0.0,1.0,0.0,0.0,0.0,0.0,0.0,0.0,1.0,0.0,0.0,0.0,0.0,0.0,0.0
650,D288,Drift,0.026,0.0,0.0,0.0,0.0,0.0,0.0,1.0,0.026,0.0,0.0,0.0,0.0,0.0,1.0,0.0,0.0,0.0,0.0,0.0,0.0,1.0,0.026,0.0,0.0,0.0,0.0,0.0,1.0,0.0,0.0,0.0,0.0,0.0,0.0,1.0,1.88586614382314e-10,0.0,0.0,0.0,0.0,0.0,1.0,0.0,0.0,0.0,0.0,0.0,0.0
651,SEX_44E,Sextupole,0.272,0.0,0.0,0.0,0.0,0.0,0.0,1.0,0.272,0.0,0.0,0.0,0.0,0.0,1.0,0.0,0.0,0.0,0.0,0.0,0.0,1.0,0.272,0.0,0.0,0.0,0.0,0.0,1.0,0.0,0.0,0.0,0.0,0.0,0.0,1.0,1.9729061196919e-09,0.0,0.0,0.0,0.0,0.0,1.0,0.0,0.0,0.0,0.0,0.0,0.0
652,D289,Drift,0.0641,0.0,0.0,0.0,0.0,0.0,0.0,1.0,0.0641,0.0,0.0,0.0,0.0,0.0,1.0,0.0,0.0,0.0,0.0,0.0,0.0,1.0,0.0641,0.0,0.0,0.0,0.0,0.0,1.0,0.0,0.0,0.0,0.0,0.0,0.0,1.0,4.64938537765628e-10,0.0,0.0,0.0,0.0,0.0,1.0,0.0,0.0,0.0,0.0,0.0,0.0
653,Q44E,Quadrupole,0.6,0.0,0.0,0.0,0.0,0.0,0.0,1.04252870089892,0.60848186536362,0.0,0.0,0.0,0.0,0.142758719926798,1.04252870089892,0.0,0.0,0.0,0.0,0.0,0.0,0.958065776859826,0.5915894718328,0.0,0.0,0.0,0.0,-0.138795518039888,0.958065776859826,0.0,0.0,0.0,0.0,0.0,0.0,1.0,4.35199879343802e-09,0.0,0.0,0.0,0.0,0.0,1.0,0.0,0.0,0.0,0.0,0.0,0.0
654,D290,Drift,0.178231,0.0,0.0,0.0,0.0,0.0,0.0,1.0,0.178231,0.0,0.0,0.0,0.0,0.0,1.0,0.0,0.0,0.0,0.0,0.0,0.0,1.0,0.178231,0.0,0.0,0.0,0.0,0.0,1.0,0.0,0.0,0.0,0.0,0.0,0.0,1.0,1.29276849492209e-09,0.0,0.0,0.0,0.0,0.0,1.0,0.0,0.0,0.0,0.0,0.0,0.0
655,B44E,SBend,6.575286,0.0,0.0,0.0,0.0,0.0,0.0,0.996853596825853,6.56149875649654,0.0,0.0,0.0,0.368487453785992,-0.000957541367990025,0.996853596825853,0.0,0.0,0.0,0.11214137574121,0.0,0.0,0.996851958156625,6.575286,0.0,0.0,0.0,0.0,-0.000956030432638434,0.996851958156625,0.0,0.0,-0.11214137574121,-0.368487453785992,0.0,0.0,1.0,-0.013787195810727,0.0,0.0,0.0,0.0,0.0,1.0,0.0,0.0,0.0,0.0,0.0,0.0
656,D291,Drift,0.453537,0.0,0.0,0.0,0.0,0.0,0.0,1.0,0.453537,0.0,0.0,0.0,0.0,0.0,1.0,0.0,0.0,0.0,0.0,0.0,0.0,1.0,0.453537,0.0,0.0,0.0,0.0,0.0,1.0,0.0,0.0,0.0,0.0,0.0,0.0,1.0,3.28965412796583e-09,0.0,0.0,0.0,0.0,0.0,1.0,0.0,0.0,0.0,0.0,0.0,0.0
657,Q43AE,Quadrupole,0.6,0.0,0.0,0.0,0.0,0.0,0.0,0.932136899043822,0.586364961142184,0.0,0.0,0.0,0.0,-0.223616365455326,0.932136899043822,0.0,0.0,0.0,0.0,0.0,0.0,1.06943382457918,0.61382352475272,0.0,0.0,0.0,0.0,0.234087973757519,1.06943382457918,0.0,0.0,0.0,0.0,0.0,0.0,1.0,4.35199879343802e-09,0.0,0.0,0.0,0.0,0.0,1.0,0.0,0.0,0.0,0.0,0.0,0.0
658,D292,Drift,0.0484,0.0,0.0,0.0,0.0,0.0,0.0,1.0,0.0484,0.0,0.0,0.0,0.0,0.0,1.0,0.0,0.0,0.0,0.0,0.0,0.0,1.0,0.0484,0.0,0.0,0.0,0.0,0.0,1.0,0.0,0.0,0.0,0.0,0.0,0.0,1.0,3.51061236004e-10,0.0,0.0,0.0,0.0,0.0,1.0,0.0,0.0,0.0,0.0,0.0,0.0
659,DET_I43E2,Marker,0.0,0.0,0.0,0.0,0.0,0.0,0.0,1.0,0.0,0.0,0.0,0.0,0.0,0.0,1.0,0.0,0.0,0.0,0.0,0.0,0.0,1.0,0.0,0.0,0.0,0.0,0.0,0.0,1.0,0.0,0.0,0.0,0.0,0.0,0.0,1.0,0.0,0.0,0.0,0.0,0.0,0.0,1.0,0.0,0.0,0.0,0.0,0.0,0.0
660,D293,Drift,1.062266,0.0,0.0,0.0,0.0,0.0,0.0,1.0,1.062266,0.0,0.0,0.0,0.0,0.0,1.0,0.0,0.0,0.0,0.0,0.0,0.0,1.0,1.062266,0.0,0.0,0.0,0.0,0.0,1.0,0.0,0.0,0.0,0.0,0.0,0.0,1.0,7.70496725051705e-09,0.0,0.0,0.0,0.0,0.0,1.0,0.0,0.0,0.0,0.0,0.0,0.0
661,DET_I43E,Marker,0.0,0.0,0.0,0.0,0.0,0.0,0.0,1.0,0.0,0.0,0.0,0.0,0.0,0.0,1.0,0.0,0.0,0.0,0.0,0.0,0.0,1.0,0.0,0.0,0.0,0.0,0.0,0.0,1.0,0.0,0.0,0.0,0.0,0.0,0.0,1.0,0.0,0.0,0.0,0.0,0.0,0.0,1.0,0.0,0.0,0.0,0.0,0.0,0.0
662,D294,Drift,0.4214,0.0,0.0,0.0,0.0,0.0,0.0,1.0,0.4214,0.0,0.0,0.0,0.0,0.0,1.0,0.0,0.0,0.0,0.0,0.0,0.0,1.0,0.4214,0.0,0.0,0.0,0.0,0.0,1.0,0.0,0.0,0.0,0.0,0.0,0.0,1.0,3.05655381925797e-09,0.0,0.0,0.0,0.0,0.0,1.0,0.0,0.0,0.0,0.0,0.0,0.0
663,COL43E,Marker,0.0,0.0,0.0,0.0,0.0,0.0,0.0,1.0,0.0,0.0,0.0,0.0,0.0,0.0,1.0,0.0,0.0,0.0,0.0,0.0,0.0,1.0,0.0,0.0,0.0,0.0,0.0,0.0,1.0,0.0,0.0,0.0,0.0,0.0,0.0,1.0,0.0,0.0,0.0,0.0,0.0,0.0,1.0,0.0,0.0,0.0,0.0,0.0,0.0
664,D295,Drift,0.6886,0.0,0.0,0.0,0.0,0.0,0.0,1.0,0.6886,0.0,0.0,0.0,0.0,0.0,1.0,0.0,0.0,0.0,0.0,0.0,0.0,1.0,0.6886,0.0,0.0,0.0,0.0,0.0,1.0,0.0,0.0,0.0,0.0,0.0,0.0,1.0,4.99464394860237e-09,0.0,0.0,0.0,0.0,0.0,1.0,0.0,0.0,0.0,0.0,0.0,0.0
665,DET_43E,Marker,0.0,0.0,0.0,0.0,0.0,0.0,0.0,1.0,0.0,0.0,0.0,0.0,0.0,0.0,1.0,0.0,0.0,0.0,0.0,0.0,0.0,1.0,0.0,0.0,0.0,0.0,0.0,0.0,1.0,0.0,0.0,0.0,0.0,0.0,0.0,1.0,0.0,0.0,0.0,0.0,0.0,0.0,1.0,0.0,0.0,0.0,0.0,0.0,0.0
666,D296,Drift,0.0354,0.0,0.0,0.0,0.0,0.0,0.0,1.0,0.0354,0.0,0.0,0.0,0.0,0.0,1.0,0.0,0.0,0.0,0.0,0.0,0.0,1.0,0.0354,0.0,0.0,0.0,0.0,0.0,1.0,0.0,0.0,0.0,0.0,0.0,0.0,1.0,2.56767928812843e-10,0.0,0.0,0.0,0.0,0.0,1.0,0.0,0.0,0.0,0.0,0.0,0.0
667,SEX_43E,Sextupole,0.272,0.0,0.0,0.0,0.0,0.0,0.0,1.0,0.272,0.0,0.0,0.0,0.0,0.0,1.0,0.0,0.0,0.0,0.0,0.0,0.0,1.0,0.272,0.0,0.0,0.0,0.0,0.0,1.0,0.0,0.0,0.0,0.0,0.0,0.0,1.0,1.9729061196919e-09,0.0,0.0,0.0,0.0,0.0,1.0,0.0,0.0,0.0,0.0,0.0,0.0
668,D297,Drift,0.064,0.0,0.0,0.0,0.0,0.0,0.0,1.0,0.064,0.0,0.0,0.0,0.0,0.0,1.0,0.0,0.0,0.0,0.0,0.0,0.0,1.0,0.064,0.0,0.0,0.0,0.0,0.0,1.0,0.0,0.0,0.0,0.0,0.0,0.0,1.0,4.64213204633389e-10,0.0,0.0,0.0,0.0,0.0,1.0,0.0,0.0,0.0,0.0,0.0,0.0
669,Q43E,Quadrupole,0.6,0.0,0.0,0.0,0.0,0.0,0.0,1.05885212683577,0.611724880056887,0.0,0.0,0.0,0.0,0.198075688033746,1.05885212683577,0.0,0.0,0.0,0.0,0.0,0.0,0.942280214406356,0.588411000403719,0.0,0.0,0.0,0.0,-0.190526685363448,0.942280214406356,0.0,0.0,0.0,0.0,0.0,0.0,1.0,4.35199879343802e-09,0.0,0.0,0.0,0.0,0.0,1.0,0.0,0.0,0.0,0.0,0.0,0.0
670,D298,Drift,0.157132,0.0,0.0,0.0,0.0,0.0,0.0,1.0,0.157132,0.0,0.0,0.0,0.0,0.0,1.0,0.0,0.0,0.0,0.0,0.0,0.0,1.0,0.157132,0.0,0.0,0.0,0.0,0.0,1.0,0.0,0.0,0.0,0.0,0.0,0.0,1.0,1.13973045735084e-09,0.0,0.0,0.0,0.0,0.0,1.0,0.0,0.0,0.0,0.0,0.0,0.0
671,B43E,SBend,6.574262,0.0,0.0,0.0,0.0,0.0,0.0,0.998601412571274,6.56813321327172,0.0,0.0,0.0,0.245761945258038,-0.000425572795175415,0.998601412571274,0.0,0.0,0.0,0.0747823095238826,0.0,0.0,0.998601086397449,6.574262,0.0,0.0,0.0,0.0,-0.000425275148120851,0.998601086397449,0.0,0.0,-0.0747823095238826,-0.245761945258038,0.0,0.0,1.0,-0.00612873904297946,0.0,0.0,0.0,0.0,0.0,1.0,0.0,0.0,0.0,0.0,0.0,0.0
672,D299,Drift,0.502673,0.0,0.0,0.0,0.0,0.0,0.0,1.0,0.502673,0.0,0.0,0.0,0.0,0.0,1.0,0.0,0.0,0.0,0.0,0.0,0.0,1.0,0.502673,0.0,0.0,0.0,0.0,0.0,1.0,0.0,0.0,0.0,0.0,0.0,0.0,1.0,3.64605381582311e-09,0.0,0.0,0.0,0.0,0.0,1.0,0.0,0.0,0.0,0.0,0.0,0.0
673,DET_42E,Marker,0.0,0.0,0.0,0.0,0.0,0.0,0.0,1.0,0.0,0.0,0.0,0.0,0.0,0.0,1.0,0.0,0.0,0.0,0.0,0.0,0.0,1.0,0.0,0.0,0.0,0.0,0.0,0.0,1.0,0.0,0.0,0.0,0.0,0.0,0.0,1.0,0.0,0.0,0.0,0.0,0.0,0.0,1.0,0.0,0.0,0.0,0.0,0.0,0.0
674,D300,Drift,0.0374,0.0,0.0,0.0,0.0,0.0,0.0,1.0,0.0374,0.0,0.0,0.0,0.0,0.0,1.0,0.0,0.0,0.0,0.0,0.0,0.0,1.0,0.0374,0.0,0.0,0.0,0.0,0.0,1.0,0.0,0.0,0.0,0.0,0.0,0.0,1.0,2.71274591457636e-10,0.0,0.0,0.0,0.0,0.0,1.0,0.0,0.0,0.0,0.0,0.0,0.0
675,SEX_42E,Sextupole,0.272,0.0,0.0,0.0,0.0,0.0,0.0,1.0,0.272,0.0,0.0,0.0,0.0,0.0,1.0,0.0,0.0,0.0,0.0,0.0,0.0,1.0,0.272,0.0,0.0,0.0,0.0,0.0,1.0,0.0,0.0,0.0,0.0,0.0,0.0,1.0,1.9729061196919e-09,0.0,0.0,0.0,0.0,0.0,1.0,0.0,0.0,0.0,0.0,0.0,0.0
676,D301,Drift,0.061,0.0,0.0,0.0,0.0,0.0,0.0,1.0,0.061,0.0,0.0,0.0,0.0,0.0,1.0,0.0,0.0,0.0,0.0,0.0,0.0,1.0,0.061,0.0,0.0,0.0,0.0,0.0,1.0,0.0,0.0,0.0,0.0,0.0,0.0,1.0,4.42453210666198e-10,0.0,0.0,0.0,0.0,0.0,1.0,0.0,0.0,0.0,0.0,0.0,0.0
677,Q42E,Quadrupole,0.6,0.0,0.0,0.0,0.0,0.0,0.0,0.943865280927242,0.588730470026394,0.0,0.0,0.0,0.0,-0.185345140120312,0.943865280927242,0.0,0.0,0.0,0.0,0.0,0.0,1.05720514459389,0.611397980599649,0.0,0.0,0.0,0.0,0.192481364822917,1.05720514459389,0.0,0.0,0.0,0.0,0.0,0.0,1.0,4.35199879343802e-09,0.0,0.0,0.0,0.0,0.0,1.0,0.0,0.0,0.0,0.0,0.0,0.0
678,D302,Drift,0.157132,0.0,0.0,0.0,0.0,0.0,0.0,1.0,0.157132,0.0,0.0,0.0,0.0,0.0,1.0,0.0,0.0,0.0,0.0,0.0,0.0,1.0,0.157132,0.0,0.0,0.0,0.0,0.0,1.0,0.0,0.0,0.0,0.0,0.0,0.0,1.0,1.13973045735084e-09,0.0,0.0,0.0,0.0,0.0,1.0,0.0,0.0,0.0,0.0,0.0,0.0
679,B42E,SBend,6.574262,0.0,0.0,0.0,0.0,0.0,0.0,0.998601412571274,6.56813321327172,0.0,0.0,0.0,0.245761945258038,-0.000425572795175415,0.998601412571274,0.0,0.0,0.0,0.0747823095238826,0.0,0.0,0.998601086397449,6.574262,0.0,0.0,0.0,0.0,-0.000425275148120851,0.998601086397449,0.0,0.0,-0.0747823095238826,-0.245761945258038,0.0,0.0,1.0,-0.00612873904297946,0.0,0.0,0.0,0.0,0.0,1.0,0.0,0.0,0.0,0.0,0.0,0.0
680,D303,Drift,0.488544,0.0,0.0,0.0,0.0,0.0,0.0,1.0,0.488544,0.0,0.0,0.0,0.0,0.0,1.0,0.0,0.0,0.0,0.0,0.0,0.0,1.0,0.488544,0.0,0.0,0.0,0.0,0.0,1.0,0.0,0.0,0.0,0.0,0.0,0.0,1.0,3.54357149756897e-09,0.0,0.0,0.0,0.0,0.0,1.0,0.0,0.0,0.0,0.0,0.0,0.0
681,DET_41E,Marker,0.0,0.0,0.0,0.0,0.0,0.0,0.0,1.0,0.0,0.0,0.0,0.0,0.0,0.0,1.0,0.0,0.0,0.0,0.0,0.0,0.0,1.0,0.0,0.0,0.0,0.0,0.0,0.0,1.0,0.0,0.0,0.0,0.0,0.0,0.0,1.0,0.0,0.0,0.0,0.0,0.0,0.0,1.0,0.0,0.0,0.0,0.0,0.0,0.0
682,D304,Drift,0.0487,0.0,0.0,0.0,0.0,0.0,0.0,1.0,0.0487,0.0,0.0,0.0,0.0,0.0,1.0,0.0,0.0,0.0,0.0,0.0,0.0,1.0,0.0487,0.0,0.0,0.0,0.0,0.0,1.0,0.0,0.0,0.0,0.0,0.0,0.0,1.0,3.53237235400719e-10,0.0,0.0,0.0,0.0,0.0,1.0,0.0,0.0,0.0,0.0,0.0,0.0
683,SEX_41E,Sextupole,0.272,0.0,0.0,0.0,0.0,0.0,0.0,1.0,0.272,0.0,0.0,0.0,0.0,0.0,1.0,0.0,0.0,0.0,0.0,0.0,0.0,1.0,0.272,0.0,0.0,0.0,0.0,0.0,1.0,0.0,0.0,0.0,0.0,0.0,0.0,1.0,1.9729061196919e-09,0.0,0.0,0.0,0.0,0.0,1.0,0.0,0.0,0.0,0.0,0.0,0.0
684,D305,Drift,0.0638,0.0,0.0,0.0,0.0,0.0,0.0,1.0,0.0638,0.0,0.0,0.0,0.0,0.0,1.0,0.0,0.0,0.0,0.0,0.0,0.0,1.0,0.0638,0.0,0.0,0.0,0.0,0.0,1.0,0.0,0.0,0.0,0.0,0.0,0.0,1.0,4.62762538368909e-10,0.0,0.0,0.0,0.0,0.0,1.0,0.0,0.0,0.0,0.0,0.0,0.0
685,Q41E,Quadrupole,0.6,0.0,0.0,0.0,0.0,0.0,0.0,1.0453787380272,0.609048583794423,0.0,0.0,0.0,0.0,0.152396226489978,1.0453787380272,0.0,0.0,0.0,0.0,0.0,0.0,0.955297454558831,0.591032559141716,0.0,0.0,0.0,0.0,-0.147888254143474,0.955297454558831,0.0,0.0,0.0,0.0,0.0,0.0,1.0,4.35199879343802e-09,0.0,0.0,0.0,0.0,0.0,1.0,0.0,0.0,0.0,0.0,0.0,0.0
686,D306,Drift,0.157132,0.0,0.0,0.0,0.0,0.0,0.0,1.0,0.157132,0.0,0.0,0.0,0.0,0.0,1.0,0.0,0.0,0.0,0.0,0.0,0.0,1.0,0.157132,0.0,0.0,0.0,0.0,0.0,1.0,0.0,0.0,0.0,0.0,0.0,0.0,1.0,1.13973045735084e-09,0.0,0.0,0.0,0.0,0.0,1.0,0.0,0.0,0.0,0.0,0.0,0.0
687,B41E,SBend,6.574262,0.0,0.0,0.0,0.0,0.0,0.0,0.998601412571274,6.56813321327172,0.0,0.0,0.0,0.245761945258038,-0.000425572795175415,0.998601412571274,0.0,0.0,0.0,0.0747823095238826,0.0,0.0,0.998601086397449,6.574262,0.0,0.0,0.0,0.0,-0.000425275148120851,0.998601086397449,0.0,0.0,-0.0747823095238826,-0.245761945258038,0.0,0.0,1.0,-0.00612873904297946,0.0,0.0,0.0,0.0,0.0,1.0,0.0,0.0,0.0,0.0,0.0,0.0
688,D307,Drift,0.488743,0.0,0.0,0.0,0.0,0.0,0.0,1.0,0.488743,0.0,0.0,0.0,0.0,0.0,1.0,0.0,0.0,0.0,0.0,0.0,0.0,1.0,0.488743,0.0,0.0,0.0,0.0,0.0,1.0,0.0,0.0,0.0,0.0,0.0,0.0,1.0,3.54501491050213e-09,0.0,0.0,0.0,0.0,0.0,1.0,0.0,0.0,0.0,0.0,0.0,0.0
689,DET_40E,Marker,0.0,0.0,0.0,0.0,0.0,0.0,0.0,1.0,0.0,0.0,0.0,0.0,0.0,0.0,1.0,0.0,0.0,0.0,0.0,0.0,0.0,1.0,0.0,0.0,0.0,0.0,0.0,0.0,1.0,0.0,0.0,0.0,0.0,0.0,0.0,1.0,0.0,0.0,0.0,0.0,0.0,0.0,1.0,0.0,0.0,0.0,0.0,0.0,0.0
690,D308,Drift,0.0474,0.0,0.0,0.0,0.0,0.0,0.0,1.0,0.0474,0.0,0.0,0.0,0.0,0.0,1.0,0.0,0.0,0.0,0.0,0.0,0.0,1.0,0.0474,0.0,0.0,0.0,0.0,0.0,1.0,0.0,0.0,0.0,0.0,0.0,0.0,1.0,3.43807904681603e-10,0.0,0.0,0.0,0.0,0.0,1.0,0.0,0.0,0.0,0.0,0.0,0.0
691,SEX_40E,Sextupole,0.272,0.0,0.0,0.0,0.0,0.0,0.0,1.0,0.272,0.0,0.0,0.0,0.0,0.0,1.0,0.0,0.0,0.0,0.0,0.0,0.0,1.0,0.272,0.0,0.0,0.0,0.0,0.0,1.0,0.0,0.0,0.0,0.0,0.0,0.0,1.0,1.9729061196919e-09,0.0,0.0,0.0,0.0,0.0,1.0,0.0,0.0,0.0,0.0,0.0,0.0
692,D309,Drift,0.0649,0.0,0.0,0.0,0.0,0.0,0.0,1.0,0.0649,0.0,0.0,0.0,0.0,0.0,1.0,0.0,0.0,0.0,0.0,0.0,0.0,1.0,0.0649,0.0,0.0,0.0,0.0,0.0,1.0,0.0,0.0,0.0,0.0,0.0,0.0,1.0,4.70741202823546e-10,0.0,0.0,0.0,0.0,0.0,1.0,0.0,0.0,0.0,0.0,0.0,0.0
693,Q40E,Quadrupole,0.6,0.0,0.0,0.0,0.0,0.0,0.0,0.939666663236887,0.587884087444692,0.0,0.0,0.0,0.0,-0.199064006834961,0.939666663236887,0.0,0.0,0.0,0.0,0.0,0.0,1.06157164758852,0.612264509270209,0.0,0.0,0.0,0.0,0.207319485356261,1.06157164758852,0.0,0.0,0.0,0.0,0.0,0.0,1.0,4.35199879343802e-09,0.0,0.0,0.0,0.0,0.0,1.0,0.0,0.0,0.0,0.0,0.0,0.0
694,D310,Drift,0.157132,0.0,0.0,0.0,0.0,0.0,0.0,1.0,0.157132,0.0,0.0,0.0,0.0,0.0,1.0,0.0,0.0,0.0,0.0,0.0,0.0,1.0,0.157132,0.0,0.0,0.0,0.0,0.0,1.0,0.0,0.0,0.0,0.0,0.0,0.0,1.0,1.13973045735084e-09,0.0,0.0,0.0,0.0,0.0,1.0,0.0,0.0,0.0,0.0,0.0,0.0
695,B40E,SBend,6.574262,0.0,0.0,0.0,0.0,0.0,0.0,0.998601412571274,6.56813321327172,0.0,0.0,0.0,0.245761945258038,-0.000425572795175415,0.998601412571274,0.0,0.0,0.0,0.0747823095238826,0.0,0.0,0.998601086397449,6.574262,0.0,0.0,0.0,0.0,-0.000425275148120851,0.998601086397449,0.0,0.0,-0.0747823095238826,-0.245761945258038,0.0,0.0,1.0,-0.00612873904297946,0.0,0.0,0.0,0.0,0.0,1.0,0.0,0.0,0.0,0.0,0.0,0.0
696,D311,Drift,0.488743,0.0,0.0,0.0,0.0,0.0,0.0,1.0,0.488743,0.0,0.0,0.0,0.0,0.0,1.0,0.0,0.0,0.0,0.0,0.0,0.0,1.0,0.488743,0.0,0.0,0.0,0.0,0.0,1.0,0.0,0.0,0.0,0.0,0.0,0.0,1.0,3.54501491050213e-09,0.0,0.0,0.0,0.0,0.0,1.0,0.0,0.0,0.0,0.0,0.0,0.0
697,DET_39E,Marker,0.0,0.0,0.0,0.0,0.0,0.0,0.0,1.0,0.0,0.0,0.0,0.0,0.0,0.0,1.0,0.0,0.0,0.0,0.0,0.0,0.0,1.0,0.0,0.0,0.0,0.0,0.0,0.0,1.0,0.0,0.0,0.0,0.0,0.0,0.0,1.0,0.0,0.0,0.0,0.0,0.0,0.0,1.0,0.0,0.0,0.0,0.0,0.0,0.0
698,D312,Drift,0.047,0.0,0.0,0.0,0.0,0.0,0.0,1.0,0.047,0.0,0.0,0.0,0.0,0.0,1.0,0.0,0.0,0.0,0.0,0.0,0.0,1.0,0.047,0.0,0.0,0.0,0.0,0.0,1.0,0.0,0.0,0.0,0.0,0.0,0.0,1.0,3.40906572152645e-10,0.0,0.0,0.0,0.0,0.0,1.0,0.0,0.0,0.0,0.0,0.0,0.0
699,SEX_39E,Sextupole,0.272,0.0,0.0,0.0,0.0,0.0,0.0,1.0,0.272,0.0,0.0,0.0,0.0,0.0,1.0,0.0,0.0,0.0,0.0,0.0,0.0,1.0,0.272,0.0,0.0,0.0,0.0,0.0,1.0,0.0,0.0,0.0,0.0,0.0,0.0,1.0,1.9729061196919e-09,0.0,0.0,0.0,0.0,0.0,1.0,0.0,0.0,0.0,0.0,0.0,0.0
700,D313,Drift,0.0653,0.0,0.0,0.0,0.0,0.0,0.0,1.0,0.0653,0.0,0.0,0.0,0.0,0.0,1.0,0.0,0.0,0.0,0.0,0.0,0.0,1.0,0.0653,0.0,0.0,0.0,0.0,0.0,1.0,0.0,0.0,0.0,0.0,0.0,0.0,1.0,4.73642535352504e-10,0.0,0.0,0.0,0.0,0.0,1.0,0.0,0.0,0.0,0.0,0.0,0.0
701,Q39E,Quadrupole,0.6,0.0,0.0,0.0,0.0,0.0,0.0,1.05301571763707,0.610566133470227,0.0,0.0,0.0,0.0,0.178264229907571,1.05301571763707,0.0,0.0,0.0,0.0,0.0,0.0,0.947904921860654,0.589544342946617,0.0,0.0,0.0,0.0,-0.17212659289572,0.947904921860654,0.0,0.0,0.0,0.0,0.0,0.0,1.0,4.35199879343802e-09,0.0,0.0,0.0,0.0,0.0,1.0,0.0,0.0,0.0,0.0,0.0,0.0
702,D314,Drift,0.157132,0.0,0.0,0.0,0.0,0.0,0.0,1.0,0.157132,0.0,0.0,0.0,0.0,0.0,1.0,0.0,0.0,0.0,0.0,0.0,0.0,1.0,0.157132,0.0,0.0,0.0,0.0,0.0,1.0,0.0,0.0,0.0,0.0,0.0,0.0,1.0,1.13973045735084e-09,0.0,0.0,0.0,0.0,0.0,1.0,0.0,0.0,0.0,0.0,0.0,0.0
703,B39E,SBend,6.574262,0.0,0.0,0.0,0.0,0.0,0.0,0.998601412571274,6.56813321327172,0.0,0.0,0.0,0.245761945258038,-0.000425572795175415,0.998601412571274,0.0,0.0,0.0,0.0747823095238826,0.0,0.0,0.998601086397449,6.574262,0.0,0.0,0.0,0.0,-0.000425275148120851,0.998601086397449,0.0,0.0,-0.0747823095238826,-0.245761945258038,0.0,0.0,1.0,-0.00612873904297946,0.0,0.0,0.0,0.0,0.0,1.0,0.0,0.0,0.0,0.0,0.0,0.0
704,D315,Drift,0.363649,0.0,0.0,0.0,0.0,0.0,0.0,1.0,0.363649,0.0,0.0,0.0,0.0,0.0,1.0,0.0,0.0,0.0,0.0,0.0,0.0,1.0,0.363649,0.0,0.0,0.0,0.0,0.0,1.0,0.0,0.0,0.0,0.0,0.0,0.0,1.0,2.63766668205824e-09,0.0,0.0,0.0,0.0,0.0,1.0,0.0,0.0,0.0,0.0,0.0,0.0
705,BUMP_38E,Kicker,0.229,0.0,0.0,0.0,0.0,0.0,0.0,1.0,0.229,0.0,0.0,0.0,0.0,0.0,1.0,0.0,0.0,0.0,0.0,0.0,0.0,1.0,0.229,0.0,0.0,0.0,0.0,0.0,1.0,0.0,0.0,0.0,0.0,0.0,0.0,1.0,1.66101287282884e-09,0.0,0.0,0.0,0.0,0.0,1.0,0.0,0.0,0.0,0.0,0.0,0.0
706,D316,Drift,0.129,0.0,0.0,0.0,0.0,0.0,0.0,1.0,0.129,0.0,0.0,0.0,0.0,0.0,1.0,0.0,0.0,0.0,0.0,0.0,0.0,1.0,0.129,0.0,0.0,0.0,0.0,0.0,1.0,0.0,0.0,0.0,0.0,0.0,0.0,1.0,9.35679740589174e-10,0.0,0.0,0.0,0.0,0.0,1.0,0.0,0.0,0.0,0.0,0.0,0.0
707,DET_38E,Marker,0.0,0.0,0.0,0.0,0.0,0.0,0.0,1.0,0.0,0.0,0.0,0.0,0.0,0.0,1.0,0.0,0.0,0.0,0.0,0.0,0.0,1.0,0.0,0.0,0.0,0.0,0.0,0.0,1.0,0.0,0.0,0.0,0.0,0.0,0.0,1.0,0.0,0.0,0.0,0.0,0.0,0.0,1.0,0.0,0.0,0.0,0.0,0.0,0.0
708,D317,Drift,0.0427,0.0,0.0,0.0,0.0,0.0,0.0,1.0,0.0427,0.0,0.0,0.0,0.0,0.0,1.0,0.0,0.0,0.0,0.0,0.0,0.0,1.0,0.0427,0.0,0.0,0.0,0.0,0.0,1.0,0.0,0.0,0.0,0.0,0.0,0.0,1.0,3.09717247466339e-10,0.0,0.0,0.0,0.0,0.0,1.0,0.0,0.0,0.0,0.0,0.0,0.0
709,SEX_38E,Sextupole,0.272,0.0,0.0,0.0,0.0,0.0,0.0,1.0,0.272,0.0,0.0,0.0,0.0,0.0,1.0,0.0,0.0,0.0,0.0,0.0,0.0,1.0,0.272,0.0,0.0,0.0,0.0,0.0,1.0,0.0,0.0,0.0,0.0,0.0,0.0,1.0,1.9729061196919e-09,0.0,0.0,0.0,0.0,0.0,1.0,0.0,0.0,0.0,0.0,0.0,0.0
710,D318,Drift,0.0617,0.0,0.0,0.0,0.0,0.0,0.0,1.0,0.0617,0.0,0.0,0.0,0.0,0.0,1.0,0.0,0.0,0.0,0.0,0.0,0.0,1.0,0.0617,0.0,0.0,0.0,0.0,0.0,1.0,0.0,0.0,0.0,0.0,0.0,0.0,1.0,4.47530542591876e-10,0.0,0.0,0.0,0.0,0.0,1.0,0.0,0.0,0.0,0.0,0.0,0.0
711,Q38E,Quadrupole,0.6,0.0,0.0,0.0,0.0,0.0,0.0,0.942798372873867,0.588515442750175,0.0,0.0,0.0,0.0,-0.188833155485377,0.942798372873867,0.0,0.0,0.0,0.0,0.0,0.0,1.05831353288357,0.61161798546974,0.0,0.0,0.0,0.0,0.196245919407229,1.05831353288357,0.0,0.0,0.0,0.0,0.0,0.0,1.0,4.35199879343802e-09,0.0,0.0,0.0,0.0,0.0,1.0,0.0,0.0,0.0,0.0,0.0,0.0
712,D319,Drift,0.157132,0.0,0.0,0.0,0.0,0.0,0.0,1.0,0.157132,0.0,0.0,0.0,0.0,0.0,1.0,0.0,0.0,0.0,0.0,0.0,0.0,1.0,0.157132,0.0,0.0,0.0,0.0,0.0,1.0,0.0,0.0,0.0,0.0,0.0,0.0,1.0,1.13973045735084e-09,0.0,0.0,0.0,0.0,0.0,1.0,0.0,0.0,0.0,0.0,0.0,0.0
713,B38E,SBend,6.574262,0.0,0.0,0.0,0.0,0.0,0.0,0.998601412571274,6.56813321327172,0.0,0.0,0.0,0.245761945258038,-0.000425572795175415,0.998601412571274,0.0,0.0,0.0,0.0747823095238826,0.0,0.0,0.998601086397449,6.574262,0.0,0.0,0.0,0.0,-0.000425275148120851,0.998601086397449,0.0,0.0,-0.0747823095238826,-0.245761945258038,0.0,0.0,1.0,-0.00612873904297946,0.0,0.0,0.0,0.0,0.0,1.0,0.0,0.0,0.0,0.0,0.0,0.0
714,D320,Drift,0.488413,0.0,0.0,0.0,0.0,0.0,0.0,1.0,0.488413,0.0,0.0,0.0,0.0,0.0,1.0,0.0,0.0,0.0,0.0,0.0,0.0,1.0,0.488413,0.0,0.0,0.0,0.0,0.0,1.0,0.0,0.0,0.0,0.0,0.0,0.0,1.0,3.54262131116574e-09,0.0,0.0,0.0,0.0,0.0,1.0,0.0,0.0,0.0,0.0,0.0,0.0
715,DET_37E,Marker,0.0,0.0,0.0,0.0,0.0,0.0,0.0,1.0,0.0,0.0,0.0,0.0,0.0,0.0,1.0,0.0,0.0,0.0,0.0,0.0,0.0,1.0,0.0,0.0,0.0,0.0,0.0,0.0,1.0,0.0,0.0,0.0,0.0,0.0,0.0,1.0,0.0,0.0,0.0,0.0,0.0,0.0,1.0,0.0,0.0,0.0,0.0,0.0,0.0
716,D321,Drift,0.0485,0.0,0.0,0.0,0.0,0.0,0.0,1.0,0.0485,0.0,0.0,0.0,0.0,0.0,1.0,0.0,0.0,0.0,0.0,0.0,0.0,1.0,0.0485,0.0,0.0,0.0,0.0,0.0,1.0,0.0,0.0,0.0,0.0,0.0,0.0,1.0,3.5178656913624e-10,0.0,0.0,0.0,0.0,0.0,1.0,0.0,0.0,0.0,0.0,0.0,0.0
717,SEX_37E,Sextupole,0.272,0.0,0.0,0.0,0.0,0.0,0.0,1.0,0.272,0.0,0.0,0.0,0.0,0.0,1.0,0.0,0.0,0.0,0.0,0.0,0.0,1.0,0.272,0.0,0.0,0.0,0.0,0.0,1.0,0.0,0.0,0.0,0.0,0.0,0.0,1.0,1.9729061196919e-09,0.0,0.0,0.0,0.0,0.0,1.0,0.0,0.0,0.0,0.0,0.0,0.0
718,D322,Drift,0.0641,0.0,0.0,0.0,0.0,0.0,0.0,1.0,0.0641,0.0,0.0,0.0,0.0,0.0,1.0,0.0,0.0,0.0,0.0,0.0,0.0,1.0,0.0641,0.0,0.0,0.0,0.0,0.0,1.0,0.0,0.0,0.0,0.0,0.0,0.0,1.0,4.64938537765628e-10,0.0,0.0,0.0,0.0,0.0,1.0,0.0,0.0,0.0,0.0,0.0,0.0
719,Q37E,Quadrupole,0.6,0.0,0.0,0.0,0.0,0.0,0.0,1.04628097534307,0.609227946323645,0.0,0.0,0.0,0.0,0.155449007118473,1.04628097534307,0.0,0.0,0.0,0.0,0.0,0.0,0.954422165309547,0.590856430366325,0.0,0.0,0.0,0.0,-0.150761379224743,0.954422165309547,0.0,0.0,0.0,0.0,0.0,0.0,1.0,4.35199879343802e-09,0.0,0.0,0.0,0.0,0.0,1.0,0.0,0.0,0.0,0.0,0.0,0.0
720,D323,Drift,0.157132,0.0,0.0,0.0,0.0,0.0,0.0,1.0,0.157132,0.0,0.0,0.0,0.0,0.0,1.0,0.0,0.0,0.0,0.0,0.0,0.0,1.0,0.157132,0.0,0.0,0.0,0.0,0.0,1.0,0.0,0.0,0.0,0.0,0.0,0.0,1.0,1.13973045735084e-09,0.0,0.0,0.0,0.0,0.0,1.0,0.0,0.0,0.0,0.0,0.0,0.0
721,B37E,SBend,6.574262,0.0,0.0,0.0,0.0,0.0,0.0,0.998601412571274,6.56813321327172,0.0,0.0,0.0,0.245761945258038,-0.000425572795175415,0.998601412571274,0.0,0.0,0.0,0.0747823095238826,0.0,0.0,0.998601086397449,6.574262,0.0,0.0,0.0,0.0,-0.000425275148120851,0.998601086397449,0.0,0.0,-0.0747823095238826,-0.245761945258038,0.0,0.0,1.0,-0.00612873904297946,0.0,0.0,0.0,0.0,0.0,1.0,0.0,0.0,0.0,0.0,0.0,0.0
722,D324,Drift,0.32166,0.0,0.0,0.0,0.0,0.0,0.0,1.0,0.32166,0.0,0.0,0.0,0.0,0.0,1.0,0.0,0.0,0.0,0.0,0.0,0.0,1.0,0.32166,0.0,0.0,0.0,0.0,0.0,1.0,0.0,0.0,0.0,0.0,0.0,0.0,1.0,2.33310655316212e-09,0.0,0.0,0.0,0.0,0.0,1.0,0.0,0.0,0.0,0.0,0.0,0.0
723,DET_36E,Marker,0.0,0.0,0.0,0.0,0.0,0.0,0.0,1.0,0.0,0.0,0.0,0.0,0.0,0.0,1.0,0.0,0.0,0.0,0.0,0.0,0.0,1.0,0.0,0.0,0.0,0.0,0.0,0.0,1.0,0.0,0.0,0.0,0.0,0.0,0.0,1.0,0.0,0.0,0.0,0.0,0.0,0.0,1.0,0.0,0.0,0.0,0.0,0.0,0.0
724,D325,Drift,0.0262,0.0,0.0,0.0,0.0,0.0,0.0,1.0,0.0262,0.0,0.0,0.0,0.0,0.0,1.0,0.0,0.0,0.0,0.0,0.0,0.0,1.0,0.0262,0.0,0.0,0.0,0.0,0.0,1.0,0.0,0.0,0.0,0.0,0.0,0.0,1.0,1.90037280646793e-10,0.0,0.0,0.0,0.0,0.0,1.0,0.0,0.0,0.0,0.0,0.0,0.0
725,SEX_36E,Sextupole,0.272,0.0,0.0,0.0,0.0,0.0,0.0,1.0,0.272,0.0,0.0,0.0,0.0,0.0,1.0,0.0,0.0,0.0,0.0,0.0,0.0,1.0,0.272,0.0,0.0,0.0,0.0,0.0,1.0,0.0,0.0,0.0,0.0,0.0,0.0,1.0,1.9729061196919e-09,0.0,0.0,0.0,0.0,0.0,1.0,0.0,0.0,0.0,0.0,0.0,0.0
726,D326,Drift,0.0637,0.0,0.0,0.0,0.0,0.0,0.0,1.0,0.0637,0.0,0.0,0.0,0.0,0.0,1.0,0.0,0.0,0.0,0.0,0.0,0.0,1.0,0.0637,0.0,0.0,0.0,0.0,0.0,1.0,0.0,0.0,0.0,0.0,0.0,0.0,1.0,4.6203720523667e-10,0.0,0.0,0.0,0.0,0.0,1.0,0.0,0.0,0.0,0.0,0.0,0.0
727,Q36E,Quadrupole,0.6,0.0,0.0,0.0,0.0,0.0,0.0,0.952424552618398,0.590454384624534,0.0,0.0,0.0,0.0,-0.157315237194335,0.952424552618398,0.0,0.0,0.0,0.0,0.0,0.0,1.04834209361914,0.60963761270007,0.0,0.0,0.0,0.0,0.162426240098945,1.04834209361914,0.0,0.0,0.0,0.0,0.0,0.0,1.0,4.35199879343802e-09,0.0,0.0,0.0,0.0,0.0,1.0,0.0,0.0,0.0,0.0,0.0,0.0
728,D327,Drift,0.3227,0.0,0.0,0.0,0.0,0.0,0.0,1.0,0.3227,0.0,0.0,0.0,0.0,0.0,1.0,0.0,0.0,0.0,0.0,0.0,0.0,1.0,0.3227,0.0,0.0,0.0,0.0,0.0,1.0,0.0,0.0,0.0,0.0,0.0,0.0,1.0,2.34065001773741e-09,0.0,0.0,0.0,0.0,0.0,1.0,0.0,0.0,0.0,0.0,0.0,0.0
729,BUMP_36E,Kicker,0.2302,0.0,0.0,0.0,0.0,0.0,0.0,1.0,0.2302,0.0,0.0,0.0,0.0,0.0,1.0,0.0,0.0,0.0,0.0,0.0,0.0,1.0,0.2302,0.0,0.0,0.0,0.0,0.0,1.0,0.0,0.0,0.0,0.0,0.0,0.0,1.0,1.66971687041572e-09,0.0,0.0,0.0,0.0,0.0,1.0,0.0,0.0,0.0,0.0,0.0,0.0
730,D328,Drift,0.119,0.0,0.0,0.0,0.0,0.0,0.0,1.0,0.119,0.0,0.0,0.0,0.0,0.0,1.0,0.0,0.0,0.0,0.0,0.0,0.0,1.0,0.119,0.0,0.0,0.0,0.0,0.0,1.0,0.0,0.0,0.0,0.0,0.0,0.0,1.0,8.63146427365207e-10,0.0,0.0,0.0,0.0,0.0,1.0,0.0,0.0,0.0,0.0,0.0,0.0
731,PINGER_36E,Kicker,0.5112,0.0,0.0,0.0,0.0,0.0,0.0,1.0,0.5112,0.0,0.0,0.0,0.0,0.0,1.0,0.0,0.0,0.0,0.0,0.0,0.0,1.0,0.5112,0.0,0.0,0.0,0.0,0.0,1.0,0.0,0.0,0.0,0.0,0.0,0.0,1.0,3.70790297200919e-09,0.0,0.0,0.0,0.0,0.0,1.0,0.0,0.0,0.0,0.0,0.0,0.0
732,D329,Drift,1.587771,0.0,0.0,0.0,0.0,0.0,0.0,1.0,1.587771,0.0,0.0,0.0,0.0,0.0,1.0,0.0,0.0,0.0,0.0,0.0,0.0,1.0,1.587771,0.0,0.0,0.0,0.0,0.0,1.0,0.0,0.0,0.0,0.0,0.0,0.0,1.0,1.15166291270931e-08,0.0,0.0,0.0,0.0,0.0,1.0,0.0,0.0,0.0,0.0,0.0,0.0
733,B36E,SBend,6.574262,0.0,0.0,0.0,0.0,0.0,0.0,0.998601412571274,6.56813321327172,0.0,0.0,0.0,0.245761945258038,-0.000425572795175415,0.998601412571274,0.0,0.0,0.0,0.0747823095238826,0.0,0.0,0.998601086397449,6.574262,0.0,0.0,0.0,0.0,-0.000425275148120851,0.998601086397449,0.0,0.0,-0.0747823095238826,-0.245761945258038,0.0,0.0,1.0,-0.00612873904297946,0.0,0.0,0.0,0.0,0.0,1.0,0.0,0.0,0.0,0.0,0.0,0.0
734,D330,Drift,0.655531,0.0,0.0,0.0,0.0,0.0,0.0,1.0,0.655531,0.0,0.0,0.0,0.0,0.0,1.0,0.0,0.0,0.0,0.0,0.0,0.0,1.0,0.655531,0.0,0.0,0.0,0.0,0.0,1.0,0.0,0.0,0.0,0.0,0.0,0.0,1.0,4.75478353510203e-09,0.0,0.0,0.0,0.0,0.0,1.0,0.0,0.0,0.0,0.0,0.0,0.0
735,DET_35E,Marker,0.0,0.0,0.0,0.0,0.0,0.0,0.0,1.0,0.0,0.0,0.0,0.0,0.0,0.0,1.0,0.0,0.0,0.0,0.0,0.0,0.0,1.0,0.0,0.0,0.0,0.0,0.0,0.0,1.0,0.0,0.0,0.0,0.0,0.0,0.0,1.0,0.0,0.0,0.0,0.0,0.0,0.0,1.0,0.0,0.0,0.0,0.0,0.0,0.0
736,D331,Drift,0.03655,0.0,0.0,0.0,0.0,0.0,0.0,1.0,0.03655,0.0,0.0,0.0,0.0,0.0,1.0,0.0,0.0,0.0,0.0,0.0,0.0,1.0,0.03655,0.0,0.0,0.0,0.0,0.0,1.0,0.0,0.0,0.0,0.0,0.0,0.0,1.0,2.65109259833599e-10,0.0,0.0,0.0,0.0,0.0,1.0,0.0,0.0,0.0,0.0,0.0,0.0
737,SEX_35E,Sextupole,0.272,0.0,0.0,0.0,0.0,0.0,0.0,1.0,0.272,0.0,0.0,0.0,0.0,0.0,1.0,0.0,0.0,0.0,0.0,0.0,0.0,1.0,0.272,0.0,0.0,0.0,0.0,0.0,1.0,0.0,0.0,0.0,0.0,0.0,0.0,1.0,1.9729061196919e-09,0.0,0.0,0.0,0.0,0.0,1.0,0.0,0.0,0.0,0.0,0.0,0.0
738,D332,Drift,0.06155,0.0,0.0,0.0,0.0,0.0,0.0,1.0,0.06155,0.0,0.0,0.0,0.0,0.0,1.0,0.0,0.0,0.0,0.0,0.0,0.0,1.0,0.06155,0.0,0.0,0.0,0.0,0.0,1.0,0.0,0.0,0.0,0.0,0.0,0.0,1.0,4.46442542893517e-10,0.0,0.0,0.0,0.0,0.0,1.0,0.0,0.0,0.0,0.0,0.0,0.0
739,Q35E,Quadrupole,0.6,0.0,0.0,0.0,0.0,0.0,0.0,1.03370551601481,0.60672607603064,0.0,0.0,0.0,0.0,0.112978651400484,1.03370551601481,0.0,0.0,0.0,0.0,0.0,0.0,0.966668967210649,0.593318861902992,0.0,0.0,0.0,0.0,-0.11048208988612,0.966668967210649,0.0,0.0,0.0,0.0,0.0,0.0,1.0,4.35199879343802e-09,0.0,0.0,0.0,0.0,0.0,1.0,0.0,0.0,0.0,0.0,0.0,0.0
740,D333,Drift,0.157132,0.0,0.0,0.0,0.0,0.0,0.0,1.0,0.157132,0.0,0.0,0.0,0.0,0.0,1.0,0.0,0.0,0.0,0.0,0.0,0.0,1.0,0.157132,0.0,0.0,0.0,0.0,0.0,1.0,0.0,0.0,0.0,0.0,0.0,0.0,1.0,1.13973045735084e-09,0.0,0.0,0.0,0.0,0.0,1.0,0.0,0.0,0.0,0.0,0.0,0.0
741,B35E,SBend,6.574262,0.0,0.0,0.0,0.0,0.0,0.0,0.998601412571274,6.56813321327172,0.0,0.0,0.0,0.245761945258038,-0.000425572795175415,0.998601412571274,0.0,0.0,0.0,0.0747823095238826,0.0,0.0,0.998601086397449,6.574262,0.0,0.0,0.0,0.0,-0.000425275148120851,0.998601086397449,0.0,0.0,-0.0747823095238826,-0.245761945258038,0.0,0.0,1.0,-0.00612873904297946,0.0,0.0,0.0,0.0,0.0,1.0,0.0,0.0,0.0,0.0,0.0,0.0
742,D334,Drift,0.253495,0.0,0.0,0.0,0.0,0.0,0.0,1.0,0.253495,0.0,0.0,0.0,0.0,0.0,1.0,0.0,0.0,0.0,0.0,0.0,0.0,1.0,0.253495,0.0,0.0,0.0,0.0,0.0,1.0,0.0,0.0,0.0,0.0,0.0,0.0,1.0,1.83868322357095e-09,0.0,0.0,0.0,0.0,0.0,1.0,0.0,0.0,0.0,0.0,0.0,0.0
743,SEX_34E,Sextupole,0.272,0.0,0.0,0.0,0.0,0.0,0.0,1.0,0.272,0.0,0.0,0.0,0.0,0.0,1.0,0.0,0.0,0.0,0.0,0.0,0.0,1.0,0.272,0.0,0.0,0.0,0.0,0.0,1.0,0.0,0.0,0.0,0.0,0.0,0.0,1.0,1.9729061196919e-09,0.0,0.0,0.0,0.0,0.0,1.0,0.0,0.0,0.0,0.0,0.0,0.0
744,D335,Drift,0.0428,0.0,0.0,0.0,0.0,0.0,0.0,1.0,0.0428,0.0,0.0,0.0,0.0,0.0,1.0,0.0,0.0,0.0,0.0,0.0,0.0,1.0,0.0428,0.0,0.0,0.0,0.0,0.0,1.0,0.0,0.0,0.0,0.0,0.0,0.0,1.0,3.10442580598579e-10,0.0,0.0,0.0,0.0,0.0,1.0,0.0,0.0,0.0,0.0,0.0,0.0
745,Q34E,Quadrupole,0.6,0.0,0.0,0.0,0.0,0.0,0.0,0.949896691482144,0.589945461542252,0.0,0.0,0.0,0.0,-0.165602215594432,0.949896691482144,0.0,0.0,0.0,0.0,0.0,0.0,1.05095431908404,0.6101566594498,0.0,0.0,0.0,0.0,0.171275653855246,1.05095431908404,0.0,0.0,0.0,0.0,0.0,0.0,1.0,4.35199879343802e-09,0.0,0.0,0.0,0.0,0.0,1.0,0.0,0.0,0.0,0.0,0.0,0.0
746,D336#1,Drift,0.7769000000000172,0.0,0.0,0.0,0.0,0.0,0.0,1.0,0.776900000000017,0.0,0.0,0.0,0.0,0.0,1.0,0.0,0.0,0.0,0.0,0.0,0.0,1.0,0.776900000000017,0.0,0.0,0.0,0.0,0.0,1.0,0.0,0.0,0.0,0.0,0.0,0.0,1.0,5.63511310437012e-09,0.0,0.0,0.0,0.0,0.0,1.0,0.0,0.0,0.0,0.0,0.0,0.0
747,INJS34E,Marker,0.0,0.0,0.0,0.0,0.0,0.0,0.0,1.0,0.0,0.0,0.0,0.0,0.0,0.0,1.0,0.0,0.0,0.0,0.0,0.0,0.0,1.0,0.0,0.0,0.0,0.0,0.0,0.0,1.0,0.0,0.0,0.0,0.0,0.0,0.0,1.0,0.0,0.0,0.0,0.0,0.0,0.0,1.0,0.0,0.0,0.0,0.0,0.0,0.0
748,D336#2,Drift,3.4835939999999823,0.0,0.0,0.0,0.0,0.0,0.0,1.0,3.48359399999998,0.0,0.0,0.0,0.0,0.0,1.0,0.0,0.0,0.0,0.0,0.0,0.0,1.0,3.48359399999998,0.0,0.0,0.0,0.0,0.0,1.0,0.0,0.0,0.0,0.0,0.0,0.0,1.0,2.52676614747131e-08,0.0,0.0,0.0,0.0,0.0,1.0,0.0,0.0,0.0,0.0,0.0,0.0
749,DET_34E,Marker,0.0,0.0,0.0,0.0,0.0,0.0,0.0,1.0,0.0,0.0,0.0,0.0,0.0,0.0,1.0,0.0,0.0,0.0,0.0,0.0,0.0,1.0,0.0,0.0,0.0,0.0,0.0,0.0,1.0,0.0,0.0,0.0,0.0,0.0,0.0,1.0,0.0,0.0,0.0,0.0,0.0,0.0,1.0,0.0,0.0,0.0,0.0,0.0,0.0
750,D337,Drift,0.7477,0.0,0.0,0.0,0.0,0.0,0.0,1.0,0.7477,0.0,0.0,0.0,0.0,0.0,1.0,0.0,0.0,0.0,0.0,0.0,0.0,1.0,0.7477,0.0,0.0,0.0,0.0,0.0,1.0,0.0,0.0,0.0,0.0,0.0,0.0,1.0,5.42331582975601e-09,0.0,0.0,0.0,0.0,0.0,1.0,0.0,0.0,0.0,0.0,0.0,0.0
751,DET_33E,Marker,0.0,0.0,0.0,0.0,0.0,0.0,0.0,1.0,0.0,0.0,0.0,0.0,0.0,0.0,1.0,0.0,0.0,0.0,0.0,0.0,0.0,1.0,0.0,0.0,0.0,0.0,0.0,0.0,1.0,0.0,0.0,0.0,0.0,0.0,0.0,1.0,0.0,0.0,0.0,0.0,0.0,0.0,1.0,0.0,0.0,0.0,0.0,0.0,0.0
752,D338,Drift,0.0254,0.0,0.0,0.0,0.0,0.0,0.0,1.0,0.0254,0.0,0.0,0.0,0.0,0.0,1.0,0.0,0.0,0.0,0.0,0.0,0.0,1.0,0.0254,0.0,0.0,0.0,0.0,0.0,1.0,0.0,0.0,0.0,0.0,0.0,0.0,1.0,1.84234615588876e-10,0.0,0.0,0.0,0.0,0.0,1.0,0.0,0.0,0.0,0.0,0.0,0.0
753,SEX_33E,Sextupole,0.272,0.0,0.0,0.0,0.0,0.0,0.0,1.0,0.272,0.0,0.0,0.0,0.0,0.0,1.0,0.0,0.0,0.0,0.0,0.0,0.0,1.0,0.272,0.0,0.0,0.0,0.0,0.0,1.0,0.0,0.0,0.0,0.0,0.0,0.0,1.0,1.9729061196919e-09,0.0,0.0,0.0,0.0,0.0,1.0,0.0,0.0,0.0,0.0,0.0,0.0
754,D339,Drift,0.0643,0.0,0.0,0.0,0.0,0.0,0.0,1.0,0.0643,0.0,0.0,0.0,0.0,0.0,1.0,0.0,0.0,0.0,0.0,0.0,0.0,1.0,0.0643,0.0,0.0,0.0,0.0,0.0,1.0,0.0,0.0,0.0,0.0,0.0,0.0,1.0,4.66389204030108e-10,0.0,0.0,0.0,0.0,0.0,1.0,0.0,0.0,0.0,0.0,0.0,0.0
755,Q33E,Quadrupole,0.6,0.0,0.0,0.0,0.0,0.0,0.0,1.04413411920036,0.608801122168155,0.0,0.0,0.0,0.0,0.148186420151504,1.04413411920036,0.0,0.0,0.0,0.0,0.0,0.0,0.95650575067601,0.591275662061036,0.0,0.0,0.0,0.0,-0.143920601479008,0.95650575067601,0.0,0.0,0.0,0.0,0.0,0.0,1.0,4.35199879343802e-09,0.0,0.0,0.0,0.0,0.0,1.0,0.0,0.0,0.0,0.0,0.0,0.0
756,D340,Drift,0.157162,0.0,0.0,0.0,0.0,0.0,0.0,1.0,0.157162,0.0,0.0,0.0,0.0,0.0,1.0,0.0,0.0,0.0,0.0,0.0,0.0,1.0,0.157162,0.0,0.0,0.0,0.0,0.0,1.0,0.0,0.0,0.0,0.0,0.0,0.0,1.0,1.13994805729051e-09,0.0,0.0,0.0,0.0,0.0,1.0,0.0,0.0,0.0,0.0,0.0,0.0
757,B33E,SBend,6.574262,0.0,0.0,0.0,0.0,0.0,0.0,0.998601412571274,6.56813321327172,0.0,0.0,0.0,0.245761945258038,-0.000425572795175415,0.998601412571274,0.0,0.0,0.0,0.0747823095238826,0.0,0.0,0.998601086397449,6.574262,0.0,0.0,0.0,0.0,-0.000425275148120851,0.998601086397449,0.0,0.0,-0.0747823095238826,-0.245761945258038,0.0,0.0,1.0,-0.00612873904297946,0.0,0.0,0.0,0.0,0.0,1.0,0.0,0.0,0.0,0.0,0.0,0.0
758,D341,Drift,0.73512,0.0,0.0,0.0,0.0,0.0,0.0,1.0,0.73512,0.0,0.0,0.0,0.0,0.0,1.0,0.0,0.0,0.0,0.0,0.0,0.0,1.0,0.73512,0.0,0.0,0.0,0.0,0.0,1.0,0.0,0.0,0.0,0.0,0.0,0.0,1.0,5.33206892172026e-09,0.0,0.0,0.0,0.0,0.0,1.0,0.0,0.0,0.0,0.0,0.0,0.0
759,DET_32E,Marker,0.0,0.0,0.0,0.0,0.0,0.0,0.0,1.0,0.0,0.0,0.0,0.0,0.0,0.0,1.0,0.0,0.0,0.0,0.0,0.0,0.0,1.0,0.0,0.0,0.0,0.0,0.0,0.0,1.0,0.0,0.0,0.0,0.0,0.0,0.0,1.0,0.0,0.0,0.0,0.0,0.0,0.0,1.0,0.0,0.0,0.0,0.0,0.0,0.0
760,D342,Drift,0.0295,0.0,0.0,0.0,0.0,0.0,0.0,1.0,0.0295,0.0,0.0,0.0,0.0,0.0,1.0,0.0,0.0,0.0,0.0,0.0,0.0,1.0,0.0295,0.0,0.0,0.0,0.0,0.0,1.0,0.0,0.0,0.0,0.0,0.0,0.0,1.0,2.13973274010703e-10,0.0,0.0,0.0,0.0,0.0,1.0,0.0,0.0,0.0,0.0,0.0,0.0
761,SEX_32E,Sextupole,0.272,0.0,0.0,0.0,0.0,0.0,0.0,1.0,0.272,0.0,0.0,0.0,0.0,0.0,1.0,0.0,0.0,0.0,0.0,0.0,0.0,1.0,0.272,0.0,0.0,0.0,0.0,0.0,1.0,0.0,0.0,0.0,0.0,0.0,0.0,1.0,1.9729061196919e-09,0.0,0.0,0.0,0.0,0.0,1.0,0.0,0.0,0.0,0.0,0.0,0.0
762,D343,Drift,0.0614,0.0,0.0,0.0,0.0,0.0,0.0,1.0,0.0614,0.0,0.0,0.0,0.0,0.0,1.0,0.0,0.0,0.0,0.0,0.0,0.0,1.0,0.0614,0.0,0.0,0.0,0.0,0.0,1.0,0.0,0.0,0.0,0.0,0.0,0.0,1.0,4.45354543195157e-10,0.0,0.0,0.0,0.0,0.0,1.0,0.0,0.0,0.0,0.0,0.0,0.0
763,Q32E,Quadrupole,0.6,0.0,0.0,0.0,0.0,0.0,0.0,0.955268495613909,0.591026732258747,0.0,0.0,0.0,0.0,-0.147983325480529,0.955268495613909,0.0,0.0,0.0,0.0,0.0,0.0,1.04540857999947,0.609054516640219,0.0,0.0,0.0,0.0,0.152497184732919,1.04540857999947,0.0,0.0,0.0,0.0,0.0,0.0,1.0,4.35199879343802e-09,0.0,0.0,0.0,0.0,0.0,1.0,0.0,0.0,0.0,0.0,0.0,0.0
764,D344,Drift,0.157162,0.0,0.0,0.0,0.0,0.0,0.0,1.0,0.157162,0.0,0.0,0.0,0.0,0.0,1.0,0.0,0.0,0.0,0.0,0.0,0.0,1.0,0.157162,0.0,0.0,0.0,0.0,0.0,1.0,0.0,0.0,0.0,0.0,0.0,0.0,1.0,1.13994805729051e-09,0.0,0.0,0.0,0.0,0.0,1.0,0.0,0.0,0.0,0.0,0.0,0.0
765,B32E,SBend,6.574262,0.0,0.0,0.0,0.0,0.0,0.0,0.998601412571274,6.56813321327172,0.0,0.0,0.0,0.245761945258038,-0.000425572795175415,0.998601412571274,0.0,0.0,0.0,0.0747823095238826,0.0,0.0,0.998601086397449,6.574262,0.0,0.0,0.0,0.0,-0.000425275148120851,0.998601086397449,0.0,0.0,-0.0747823095238826,-0.245761945258038,0.0,0.0,1.0,-0.00612873904297946,0.0,0.0,0.0,0.0,0.0,1.0,0.0,0.0,0.0,0.0,0.0,0.0
766,D345,Drift,0.488982,0.0,0.0,0.0,0.0,0.0,0.0,1.0,0.488982,0.0,0.0,0.0,0.0,0.0,1.0,0.0,0.0,0.0,0.0,0.0,0.0,1.0,0.488982,0.0,0.0,0.0,0.0,0.0,1.0,0.0,0.0,0.0,0.0,0.0,0.0,1.0,3.54674845668818e-09,0.0,0.0,0.0,0.0,0.0,1.0,0.0,0.0,0.0,0.0,0.0,0.0
767,DET_31E,Marker,0.0,0.0,0.0,0.0,0.0,0.0,0.0,1.0,0.0,0.0,0.0,0.0,0.0,0.0,1.0,0.0,0.0,0.0,0.0,0.0,0.0,1.0,0.0,0.0,0.0,0.0,0.0,0.0,1.0,0.0,0.0,0.0,0.0,0.0,0.0,1.0,0.0,0.0,0.0,0.0,0.0,0.0,1.0,0.0,0.0,0.0,0.0,0.0,0.0
768,D346,Drift,0.0477,0.0,0.0,0.0,0.0,0.0,0.0,1.0,0.0477,0.0,0.0,0.0,0.0,0.0,1.0,0.0,0.0,0.0,0.0,0.0,0.0,1.0,0.0477,0.0,0.0,0.0,0.0,0.0,1.0,0.0,0.0,0.0,0.0,0.0,0.0,1.0,3.45983904078322e-10,0.0,0.0,0.0,0.0,0.0,1.0,0.0,0.0,0.0,0.0,0.0,0.0
769,SEX_31E,Sextupole,0.272,0.0,0.0,0.0,0.0,0.0,0.0,1.0,0.272,0.0,0.0,0.0,0.0,0.0,1.0,0.0,0.0,0.0,0.0,0.0,0.0,1.0,0.272,0.0,0.0,0.0,0.0,0.0,1.0,0.0,0.0,0.0,0.0,0.0,0.0,1.0,1.9729061196919e-09,0.0,0.0,0.0,0.0,0.0,1.0,0.0,0.0,0.0,0.0,0.0,0.0
770,D347,Drift,0.0643,0.0,0.0,0.0,0.0,0.0,0.0,1.0,0.0643,0.0,0.0,0.0,0.0,0.0,1.0,0.0,0.0,0.0,0.0,0.0,0.0,1.0,0.0643,0.0,0.0,0.0,0.0,0.0,1.0,0.0,0.0,0.0,0.0,0.0,0.0,1.0,4.66389204030108e-10,0.0,0.0,0.0,0.0,0.0,1.0,0.0,0.0,0.0,0.0,0.0,0.0
771,Q31E,Quadrupole,0.6,0.0,0.0,0.0,0.0,0.0,0.0,1.03883788193957,0.607747648430267,0.0,0.0,0.0,0.0,0.130291158110149,1.03883788193957,0.0,0.0,0.0,0.0,0.0,0.0,0.961658491585784,0.592311916298915,0.0,0.0,0.0,0.0,-0.126981989541803,0.961658491585784,0.0,0.0,0.0,0.0,0.0,0.0,1.0,4.35199879343802e-09,0.0,0.0,0.0,0.0,0.0,1.0,0.0,0.0,0.0,0.0,0.0,0.0
772,D348,Drift,0.157162,0.0,0.0,0.0,0.0,0.0,0.0,1.0,0.157162,0.0,0.0,0.0,0.0,0.0,1.0,0.0,0.0,0.0,0.0,0.0,0.0,1.0,0.157162,0.0,0.0,0.0,0.0,0.0,1.0,0.0,0.0,0.0,0.0,0.0,0.0,1.0,1.13994805729051e-09,0.0,0.0,0.0,0.0,0.0,1.0,0.0,0.0,0.0,0.0,0.0,0.0
773,B31E,SBend,6.574262,0.0,0.0,0.0,0.0,0.0,0.0,0.998601412571274,6.56813321327172,0.0,0.0,0.0,0.245761945258038,-0.000425572795175415,0.998601412571274,0.0,0.0,0.0,0.0747823095238826,0.0,0.0,0.998601086397449,6.574262,0.0,0.0,0.0,0.0,-0.000425275148120851,0.998601086397449,0.0,0.0,-0.0747823095238826,-0.245761945258038,0.0,0.0,1.0,-0.00612873904297946,0.0,0.0,0.0,0.0,0.0,1.0,0.0,0.0,0.0,0.0,0.0,0.0
774,D349,Drift,0.73512,0.0,0.0,0.0,0.0,0.0,0.0,1.0,0.73512,0.0,0.0,0.0,0.0,0.0,1.0,0.0,0.0,0.0,0.0,0.0,0.0,1.0,0.73512,0.0,0.0,0.0,0.0,0.0,1.0,0.0,0.0,0.0,0.0,0.0,0.0,1.0,5.33206892172026e-09,0.0,0.0,0.0,0.0,0.0,1.0,0.0,0.0,0.0,0.0,0.0,0.0
775,DET_30E,Marker,0.0,0.0,0.0,0.0,0.0,0.0,0.0,1.0,0.0,0.0,0.0,0.0,0.0,0.0,1.0,0.0,0.0,0.0,0.0,0.0,0.0,1.0,0.0,0.0,0.0,0.0,0.0,0.0,1.0,0.0,0.0,0.0,0.0,0.0,0.0,1.0,0.0,0.0,0.0,0.0,0.0,0.0,1.0,0.0,0.0,0.0,0.0,0.0,0.0
776,D350,Drift,0.0259,0.0,0.0,0.0,0.0,0.0,0.0,1.0,0.0259,0.0,0.0,0.0,0.0,0.0,1.0,0.0,0.0,0.0,0.0,0.0,0.0,1.0,0.0259,0.0,0.0,0.0,0.0,0.0,1.0,0.0,0.0,0.0,0.0,0.0,0.0,1.0,1.87861281250074e-10,0.0,0.0,0.0,0.0,0.0,1.0,0.0,0.0,0.0,0.0,0.0,0.0
777,SEX_30E,Sextupole,0.272,0.0,0.0,0.0,0.0,0.0,0.0,1.0,0.272,0.0,0.0,0.0,0.0,0.0,1.0,0.0,0.0,0.0,0.0,0.0,0.0,1.0,0.272,0.0,0.0,0.0,0.0,0.0,1.0,0.0,0.0,0.0,0.0,0.0,0.0,1.0,1.9729061196919e-09,0.0,0.0,0.0,0.0,0.0,1.0,0.0,0.0,0.0,0.0,0.0,0.0
778,D351,Drift,0.065,0.0,0.0,0.0,0.0,0.0,0.0,1.0,0.065,0.0,0.0,0.0,0.0,0.0,1.0,0.0,0.0,0.0,0.0,0.0,0.0,1.0,0.065,0.0,0.0,0.0,0.0,0.0,1.0,0.0,0.0,0.0,0.0,0.0,0.0,1.0,4.71466535955785e-10,0.0,0.0,0.0,0.0,0.0,1.0,0.0,0.0,0.0,0.0,0.0,0.0
779,Q30E,Quadrupole,0.6,0.0,0.0,0.0,0.0,0.0,0.0,0.946785945434117,0.589318946283634,0.0,0.0,0.0,0.0,-0.175789993146709,0.946785945434117,0.0,0.0,0.0,0.0,0.0,0.0,1.05417503429691,0.610796370932291,0.0,0.0,0.0,0.0,0.182196568661726,1.05417503429691,0.0,0.0,0.0,0.0,0.0,0.0,1.0,4.35199879343802e-09,0.0,0.0,0.0,0.0,0.0,1.0,0.0,0.0,0.0,0.0,0.0,0.0
780,D352,Drift,0.157162,0.0,0.0,0.0,0.0,0.0,0.0,1.0,0.157162,0.0,0.0,0.0,0.0,0.0,1.0,0.0,0.0,0.0,0.0,0.0,0.0,1.0,0.157162,0.0,0.0,0.0,0.0,0.0,1.0,0.0,0.0,0.0,0.0,0.0,0.0,1.0,1.13994805729051e-09,0.0,0.0,0.0,0.0,0.0,1.0,0.0,0.0,0.0,0.0,0.0,0.0
781,B30E,SBend,6.574262,0.0,0.0,0.0,0.0,0.0,0.0,0.998601412571274,6.56813321327172,0.0,0.0,0.0,0.245761945258038,-0.000425572795175415,0.998601412571274,0.0,0.0,0.0,0.0747823095238826,0.0,0.0,0.998601086397449,6.574262,0.0,0.0,0.0,0.0,-0.000425275148120851,0.998601086397449,0.0,0.0,-0.0747823095238826,-0.245761945258038,0.0,0.0,1.0,-0.00612873904297946,0.0,0.0,0.0,0.0,0.0,1.0,0.0,0.0,0.0,0.0,0.0,0.0
782,D353,Drift,0.500199,0.0,0.0,0.0,0.0,0.0,0.0,1.0,0.500199,0.0,0.0,0.0,0.0,0.0,1.0,0.0,0.0,0.0,0.0,0.0,0.0,1.0,0.500199,0.0,0.0,0.0,0.0,0.0,1.0,0.0,0.0,0.0,0.0,0.0,0.0,1.0,3.6281090741315e-09,0.0,0.0,0.0,0.0,0.0,1.0,0.0,0.0,0.0,0.0,0.0,0.0
783,SK_SEX_29E,Sextupole,0.1274,0.0,0.0,0.0,0.0,0.0,0.0,1.0,0.1274,0.0,-6.93889390390723e-18,0.0,0.0,0.0,1.0,0.0,0.0,0.0,0.0,0.0,6.93889390390723e-18,1.0,0.1274,0.0,0.0,0.0,0.0,0.0,1.0,0.0,0.0,0.0,0.0,0.0,0.0,1.0,9.24074410473339e-10,0.0,0.0,0.0,0.0,0.0,1.0,0.0,0.0,0.0,0.0,0.0,0.0
784,D354,Drift,0.962,0.0,0.0,0.0,0.0,0.0,0.0,1.0,0.962,0.0,0.0,0.0,0.0,0.0,1.0,0.0,0.0,0.0,0.0,0.0,0.0,1.0,0.962,0.0,0.0,0.0,0.0,0.0,1.0,0.0,0.0,0.0,0.0,0.0,0.0,1.0,6.97770473214562e-09,0.0,0.0,0.0,0.0,0.0,1.0,0.0,0.0,0.0,0.0,0.0,0.0
785,DET_29E,Marker,0.0,0.0,0.0,0.0,0.0,0.0,0.0,1.0,0.0,0.0,0.0,0.0,0.0,0.0,1.0,0.0,0.0,0.0,0.0,0.0,0.0,1.0,0.0,0.0,0.0,0.0,0.0,0.0,1.0,0.0,0.0,0.0,0.0,0.0,0.0,1.0,0.0,0.0,0.0,0.0,0.0,0.0,1.0,0.0,0.0,0.0,0.0,0.0,0.0
786,D355,Drift,0.0267,0.0,0.0,0.0,0.0,0.0,0.0,1.0,0.0267,0.0,0.0,0.0,0.0,0.0,1.0,0.0,0.0,0.0,0.0,0.0,0.0,1.0,0.0267,0.0,0.0,0.0,0.0,0.0,1.0,0.0,0.0,0.0,0.0,0.0,0.0,1.0,1.93663946307992e-10,0.0,0.0,0.0,0.0,0.0,1.0,0.0,0.0,0.0,0.0,0.0,0.0
787,SEX_29E,Sextupole,0.272,0.0,0.0,0.0,0.0,0.0,0.0,1.0,0.272,0.0,0.0,0.0,0.0,0.0,1.0,0.0,0.0,0.0,0.0,0.0,0.0,1.0,0.272,0.0,0.0,0.0,0.0,0.0,1.0,0.0,0.0,0.0,0.0,0.0,0.0,1.0,1.9729061196919e-09,0.0,0.0,0.0,0.0,0.0,1.0,0.0,0.0,0.0,0.0,0.0,0.0
788,D356,Drift,0.0647,0.0,0.0,0.0,0.0,0.0,0.0,1.0,0.0647,0.0,0.0,0.0,0.0,0.0,1.0,0.0,0.0,0.0,0.0,0.0,0.0,1.0,0.0647,0.0,0.0,0.0,0.0,0.0,1.0,0.0,0.0,0.0,0.0,0.0,0.0,1.0,4.69290536559066e-10,0.0,0.0,0.0,0.0,0.0,1.0,0.0,0.0,0.0,0.0,0.0,0.0
789,Q29E,Quadrupole,0.6,0.0,0.0,0.0,0.0,0.0,0.0,1.05301890294026,0.610566766110962,0.0,0.0,0.0,0.0,0.178275032299617,1.05301890294026,0.0,0.0,0.0,0.0,0.0,0.0,0.947901846230657,0.589543723466588,0.0,0.0,0.0,0.0,-0.172136664123546,0.947901846230657,0.0,0.0,0.0,0.0,0.0,0.0,1.0,4.35199879343802e-09,0.0,0.0,0.0,0.0,0.0,1.0,0.0,0.0,0.0,0.0,0.0,0.0
790,D357,Drift,0.157163,0.0,0.0,0.0,0.0,0.0,0.0,1.0,0.157163,0.0,0.0,0.0,0.0,0.0,1.0,0.0,0.0,0.0,0.0,0.0,0.0,1.0,0.157163,0.0,0.0,0.0,0.0,0.0,1.0,0.0,0.0,0.0,0.0,0.0,0.0,1.0,1.13995531062183e-09,0.0,0.0,0.0,0.0,0.0,1.0,0.0,0.0,0.0,0.0,0.0,0.0
791,B29E,SBend,6.574262,0.0,0.0,0.0,0.0,0.0,0.0,0.998601412571274,6.56813321327172,0.0,0.0,0.0,0.245761945258038,-0.000425572795175415,0.998601412571274,0.0,0.0,0.0,0.0747823095238826,0.0,0.0,0.998601086397449,6.574262,0.0,0.0,0.0,0.0,-0.000425275148120851,0.998601086397449,0.0,0.0,-0.0747823095238826,-0.245761945258038,0.0,0.0,1.0,-0.00612873904297946,0.0,0.0,0.0,0.0,0.0,1.0,0.0,0.0,0.0,0.0,0.0,0.0
792,D358,Drift,0.358919,0.0,0.0,0.0,0.0,0.0,0.0,1.0,0.358919,0.0,0.0,0.0,0.0,0.0,1.0,0.0,0.0,0.0,0.0,0.0,0.0,1.0,0.358919,0.0,0.0,0.0,0.0,0.0,1.0,0.0,0.0,0.0,0.0,0.0,0.0,1.0,2.6033584249033e-09,0.0,0.0,0.0,0.0,0.0,1.0,0.0,0.0,0.0,0.0,0.0,0.0
793,BUMP_28E,Kicker,0.2286,0.0,0.0,0.0,0.0,0.0,0.0,1.0,0.2286,0.0,0.0,0.0,0.0,0.0,1.0,0.0,0.0,0.0,0.0,0.0,0.0,1.0,0.2286,0.0,0.0,0.0,0.0,0.0,1.0,0.0,0.0,0.0,0.0,0.0,0.0,1.0,1.65811154029988e-09,0.0,0.0,0.0,0.0,0.0,1.0,0.0,0.0,0.0,0.0,0.0,0.0
794,D359,Drift,0.1486,0.0,0.0,0.0,0.0,0.0,0.0,1.0,0.1486,0.0,0.0,0.0,0.0,0.0,1.0,0.0,0.0,0.0,0.0,0.0,0.0,1.0,0.1486,0.0,0.0,0.0,0.0,0.0,1.0,0.0,0.0,0.0,0.0,0.0,0.0,1.0,1.07784503450815e-09,0.0,0.0,0.0,0.0,0.0,1.0,0.0,0.0,0.0,0.0,0.0,0.0
795,DET_28E,Marker,0.0,0.0,0.0,0.0,0.0,0.0,0.0,1.0,0.0,0.0,0.0,0.0,0.0,0.0,1.0,0.0,0.0,0.0,0.0,0.0,0.0,1.0,0.0,0.0,0.0,0.0,0.0,0.0,1.0,0.0,0.0,0.0,0.0,0.0,0.0,1.0,0.0,0.0,0.0,0.0,0.0,0.0,1.0,0.0,0.0,0.0,0.0,0.0,0.0
796,D360,Drift,0.0249,0.0,0.0,0.0,0.0,0.0,0.0,1.0,0.0249,0.0,0.0,0.0,0.0,0.0,1.0,0.0,0.0,0.0,0.0,0.0,0.0,1.0,0.0249,0.0,0.0,0.0,0.0,0.0,1.0,0.0,0.0,0.0,0.0,0.0,0.0,1.0,1.80607949927678e-10,0.0,0.0,0.0,0.0,0.0,1.0,0.0,0.0,0.0,0.0,0.0,0.0
797,SEX_28E,Sextupole,0.272,0.0,0.0,0.0,0.0,0.0,0.0,1.0,0.272,0.0,0.0,0.0,0.0,0.0,1.0,0.0,0.0,0.0,0.0,0.0,0.0,1.0,0.272,0.0,0.0,0.0,0.0,0.0,1.0,0.0,0.0,0.0,0.0,0.0,0.0,1.0,1.9729061196919e-09,0.0,0.0,0.0,0.0,0.0,1.0,0.0,0.0,0.0,0.0,0.0,0.0
798,D361,Drift,0.065,0.0,0.0,0.0,0.0,0.0,0.0,1.0,0.065,0.0,0.0,0.0,0.0,0.0,1.0,0.0,0.0,0.0,0.0,0.0,0.0,1.0,0.065,0.0,0.0,0.0,0.0,0.0,1.0,0.0,0.0,0.0,0.0,0.0,0.0,1.0,4.71466535955785e-10,0.0,0.0,0.0,0.0,0.0,1.0,0.0,0.0,0.0,0.0,0.0,0.0
799,Q28E,Quadrupole,0.6,0.0,0.0,0.0,0.0,0.0,0.0,0.943153734252754,0.588587066670453,0.0,0.0,0.0,0.0,-0.187671526984013,0.943153734252754,0.0,0.0,0.0,0.0,0.0,0.0,1.05794426616931,0.611544692920924,0.0,0.0,0.0,0.0,0.194991587206754,1.05794426616931,0.0,0.0,0.0,0.0,0.0,0.0,1.0,4.35199879343802e-09,0.0,0.0,0.0,0.0,0.0,1.0,0.0,0.0,0.0,0.0,0.0,0.0
800,D362,Drift,0.157162,0.0,0.0,0.0,0.0,0.0,0.0,1.0,0.157162,0.0,0.0,0.0,0.0,0.0,1.0,0.0,0.0,0.0,0.0,0.0,0.0,1.0,0.157162,0.0,0.0,0.0,0.0,0.0,1.0,0.0,0.0,0.0,0.0,0.0,0.0,1.0,1.13994805729051e-09,0.0,0.0,0.0,0.0,0.0,1.0,0.0,0.0,0.0,0.0,0.0,0.0
801,B28E,SBend,6.574262,0.0,0.0,0.0,0.0,0.0,0.0,0.998601412571274,6.56813321327172,0.0,0.0,0.0,0.245761945258038,-0.000425572795175415,0.998601412571274,0.0,0.0,0.0,0.0747823095238826,0.0,0.0,0.998601086397449,6.574262,0.0,0.0,0.0,0.0,-0.000425275148120851,0.998601086397449,0.0,0.0,-0.0747823095238826,-0.245761945258038,0.0,0.0,1.0,-0.00612873904297946,0.0,0.0,0.0,0.0,0.0,1.0,0.0,0.0,0.0,0.0,0.0,0.0
802,D363,Drift,0.4864,0.0,0.0,0.0,0.0,0.0,0.0,1.0,0.4864,0.0,0.0,0.0,0.0,0.0,1.0,0.0,0.0,0.0,0.0,0.0,0.0,1.0,0.4864,0.0,0.0,0.0,0.0,0.0,1.0,0.0,0.0,0.0,0.0,0.0,0.0,1.0,3.52802035521375e-09,0.0,0.0,0.0,0.0,0.0,1.0,0.0,0.0,0.0,0.0,0.0,0.0
803,DET_27E,Marker,0.0,0.0,0.0,0.0,0.0,0.0,0.0,1.0,0.0,0.0,0.0,0.0,0.0,0.0,1.0,0.0,0.0,0.0,0.0,0.0,0.0,1.0,0.0,0.0,0.0,0.0,0.0,0.0,1.0,0.0,0.0,0.0,0.0,0.0,0.0,1.0,0.0,0.0,0.0,0.0,0.0,0.0,1.0,0.0,0.0,0.0,0.0,0.0,0.0
804,D364,Drift,0.0502,0.0,0.0,0.0,0.0,0.0,0.0,1.0,0.0502,0.0,0.0,0.0,0.0,0.0,1.0,0.0,0.0,0.0,0.0,0.0,0.0,1.0,0.0502,0.0,0.0,0.0,0.0,0.0,1.0,0.0,0.0,0.0,0.0,0.0,0.0,1.0,3.64117232384314e-10,0.0,0.0,0.0,0.0,0.0,1.0,0.0,0.0,0.0,0.0,0.0,0.0
805,SEX_27E,Sextupole,0.272,0.0,0.0,0.0,0.0,0.0,0.0,1.0,0.272,0.0,0.0,0.0,0.0,0.0,1.0,0.0,0.0,0.0,0.0,0.0,0.0,1.0,0.272,0.0,0.0,0.0,0.0,0.0,1.0,0.0,0.0,0.0,0.0,0.0,0.0,1.0,1.9729061196919e-09,0.0,0.0,0.0,0.0,0.0,1.0,0.0,0.0,0.0,0.0,0.0,0.0
806,D365,Drift,0.0644,0.0,0.0,0.0,0.0,0.0,0.0,1.0,0.0644,0.0,0.0,0.0,0.0,0.0,1.0,0.0,0.0,0.0,0.0,0.0,0.0,1.0,0.0644,0.0,0.0,0.0,0.0,0.0,1.0,0.0,0.0,0.0,0.0,0.0,0.0,1.0,4.67114537162347e-10,0.0,0.0,0.0,0.0,0.0,1.0,0.0,0.0,0.0,0.0,0.0,0.0
807,Q27E,Quadrupole,0.6,0.0,0.0,0.0,0.0,0.0,0.0,1.06012107519222,0.611976698536379,0.0,0.0,0.0,0.0,0.202387924839189,1.06012107519222,0.0,0.0,0.0,0.0,0.0,0.0,0.9410601340647,0.588165046042934,0.0,0.0,0.0,0.0,-0.194513130019932,0.9410601340647,0.0,0.0,0.0,0.0,0.0,0.0,1.0,4.35199879343802e-09,0.0,0.0,0.0,0.0,0.0,1.0,0.0,0.0,0.0,0.0,0.0,0.0
808,D366,Drift,0.157179,0.0,0.0,0.0,0.0,0.0,0.0,1.0,0.157179,0.0,0.0,0.0,0.0,0.0,1.0,0.0,0.0,0.0,0.0,0.0,0.0,1.0,0.157179,0.0,0.0,0.0,0.0,0.0,1.0,0.0,0.0,0.0,0.0,0.0,0.0,1.0,1.14007136392299e-09,0.0,0.0,0.0,0.0,0.0,1.0,0.0,0.0,0.0,0.0,0.0,0.0
809,B27E,SBend,6.574262,0.0,0.0,0.0,0.0,0.0,0.0,0.998601412571274,6.56813321327172,0.0,0.0,0.0,0.245761945258038,-0.000425572795175415,0.998601412571274,0.0,0.0,0.0,0.0747823095238826,0.0,0.0,0.998601086397449,6.574262,0.0,0.0,0.0,0.0,-0.000425275148120851,0.998601086397449,0.0,0.0,-0.0747823095238826,-0.245761945258038,0.0,0.0,1.0,-0.00612873904297946,0.0,0.0,0.0,0.0,0.0,1.0,0.0,0.0,0.0,0.0,0.0,0.0
810,D367,Drift,0.360953,0.0,0.0,0.0,0.0,0.0,0.0,1.0,0.360953,0.0,0.0,0.0,0.0,0.0,1.0,0.0,0.0,0.0,0.0,0.0,0.0,1.0,0.360953,0.0,0.0,0.0,0.0,0.0,1.0,0.0,0.0,0.0,0.0,0.0,0.0,1.0,2.61811170081305e-09,0.0,0.0,0.0,0.0,0.0,1.0,0.0,0.0,0.0,0.0,0.0,0.0
811,BUMP_26E,Kicker,0.2286,0.0,0.0,0.0,0.0,0.0,0.0,1.0,0.2286,0.0,0.0,0.0,0.0,0.0,1.0,0.0,0.0,0.0,0.0,0.0,0.0,1.0,0.2286,0.0,0.0,0.0,0.0,0.0,1.0,0.0,0.0,0.0,0.0,0.0,0.0,1.0,1.65811154029988e-09,0.0,0.0,0.0,0.0,0.0,1.0,0.0,0.0,0.0,0.0,0.0,0.0
812,D368,Drift,0.1453,0.0,0.0,0.0,0.0,0.0,0.0,1.0,0.1453,0.0,0.0,0.0,0.0,0.0,1.0,0.0,0.0,0.0,0.0,0.0,0.0,1.0,0.1453,0.0,0.0,0.0,0.0,0.0,1.0,0.0,0.0,0.0,0.0,0.0,0.0,1.0,1.05390904114424e-09,0.0,0.0,0.0,0.0,0.0,1.0,0.0,0.0,0.0,0.0,0.0,0.0
813,DET_26E,Marker,0.0,0.0,0.0,0.0,0.0,0.0,0.0,1.0,0.0,0.0,0.0,0.0,0.0,0.0,1.0,0.0,0.0,0.0,0.0,0.0,0.0,1.0,0.0,0.0,0.0,0.0,0.0,0.0,1.0,0.0,0.0,0.0,0.0,0.0,0.0,1.0,0.0,0.0,0.0,0.0,0.0,0.0,1.0,0.0,0.0,0.0,0.0,0.0,0.0
814,D369,Drift,0.0277,0.0,0.0,0.0,0.0,0.0,0.0,1.0,0.0277,0.0,0.0,0.0,0.0,0.0,1.0,0.0,0.0,0.0,0.0,0.0,0.0,1.0,0.0277,0.0,0.0,0.0,0.0,0.0,1.0,0.0,0.0,0.0,0.0,0.0,0.0,1.0,2.00917277630388e-10,0.0,0.0,0.0,0.0,0.0,1.0,0.0,0.0,0.0,0.0,0.0,0.0
815,SEX_26E,Sextupole,0.272,0.0,0.0,0.0,0.0,0.0,0.0,1.0,0.272,0.0,0.0,0.0,0.0,0.0,1.0,0.0,0.0,0.0,0.0,0.0,0.0,1.0,0.272,0.0,0.0,0.0,0.0,0.0,1.0,0.0,0.0,0.0,0.0,0.0,0.0,1.0,1.9729061196919e-09,0.0,0.0,0.0,0.0,0.0,1.0,0.0,0.0,0.0,0.0,0.0,0.0
816,D370,Drift,0.0635,0.0,0.0,0.0,0.0,0.0,0.0,1.0,0.0635,0.0,0.0,0.0,0.0,0.0,1.0,0.0,0.0,0.0,0.0,0.0,0.0,1.0,0.0635,0.0,0.0,0.0,0.0,0.0,1.0,0.0,0.0,0.0,0.0,0.0,0.0,1.0,4.6058653897219e-10,0.0,0.0,0.0,0.0,0.0,1.0,0.0,0.0,0.0,0.0,0.0,0.0
817,Q26E,Quadrupole,0.6,0.0,0.0,0.0,0.0,0.0,0.0,0.941033557425269,0.588159688032894,0.0,0.0,0.0,0.0,-0.194599946457298,0.941033557425269,0.0,0.0,0.0,0.0,0.0,0.0,1.06014872802736,0.611982185688936,0.0,0.0,0.0,0.0,0.202481916035746,1.06014872802736,0.0,0.0,0.0,0.0,0.0,0.0,1.0,4.35199879343802e-09,0.0,0.0,0.0,0.0,0.0,1.0,0.0,0.0,0.0,0.0,0.0,0.0
818,D371,Drift,0.157179,0.0,0.0,0.0,0.0,0.0,0.0,1.0,0.157179,0.0,0.0,0.0,0.0,0.0,1.0,0.0,0.0,0.0,0.0,0.0,0.0,1.0,0.157179,0.0,0.0,0.0,0.0,0.0,1.0,0.0,0.0,0.0,0.0,0.0,0.0,1.0,1.14007136392299e-09,0.0,0.0,0.0,0.0,0.0,1.0,0.0,0.0,0.0,0.0,0.0,0.0
819,B26E,SBend,6.574262,0.0,0.0,0.0,0.0,0.0,0.0,0.998601412571274,6.56813321327172,0.0,0.0,0.0,0.245761945258038,-0.000425572795175415,0.998601412571274,0.0,0.0,0.0,0.0747823095238826,0.0,0.0,0.998601086397449,6.574262,0.0,0.0,0.0,0.0,-0.000425275148120851,0.998601086397449,0.0,0.0,-0.0747823095238826,-0.245761945258038,0.0,0.0,1.0,-0.00612873904297946,0.0,0.0,0.0,0.0,0.0,1.0,0.0,0.0,0.0,0.0,0.0,0.0
820,D372,Drift,0.486278,0.0,0.0,0.0,0.0,0.0,0.0,1.0,0.486278,0.0,0.0,0.0,0.0,0.0,1.0,0.0,0.0,0.0,0.0,0.0,0.0,1.0,0.486278,0.0,0.0,0.0,0.0,0.0,1.0,0.0,0.0,0.0,0.0,0.0,0.0,1.0,3.52713544879242e-09,0.0,0.0,0.0,0.0,0.0,1.0,0.0,0.0,0.0,0.0,0.0,0.0
821,DET_25E,Marker,0.0,0.0,0.0,0.0,0.0,0.0,0.0,1.0,0.0,0.0,0.0,0.0,0.0,0.0,1.0,0.0,0.0,0.0,0.0,0.0,0.0,1.0,0.0,0.0,0.0,0.0,0.0,0.0,1.0,0.0,0.0,0.0,0.0,0.0,0.0,1.0,0.0,0.0,0.0,0.0,0.0,0.0,1.0,0.0,0.0,0.0,0.0,0.0,0.0
822,D373,Drift,0.0506,0.0,0.0,0.0,0.0,0.0,0.0,1.0,0.0506,0.0,0.0,0.0,0.0,0.0,1.0,0.0,0.0,0.0,0.0,0.0,0.0,1.0,0.0506,0.0,0.0,0.0,0.0,0.0,1.0,0.0,0.0,0.0,0.0,0.0,0.0,1.0,3.67018564913273e-10,0.0,0.0,0.0,0.0,0.0,1.0,0.0,0.0,0.0,0.0,0.0,0.0
823,SEX_25E,Sextupole,0.272,0.0,0.0,0.0,0.0,0.0,0.0,1.0,0.272,0.0,0.0,0.0,0.0,0.0,1.0,0.0,0.0,0.0,0.0,0.0,0.0,1.0,0.272,0.0,0.0,0.0,0.0,0.0,1.0,0.0,0.0,0.0,0.0,0.0,0.0,1.0,1.9729061196919e-09,0.0,0.0,0.0,0.0,0.0,1.0,0.0,0.0,0.0,0.0,0.0,0.0
824,D374,Drift,0.0642,0.0,0.0,0.0,0.0,0.0,0.0,1.0,0.0642,0.0,0.0,0.0,0.0,0.0,1.0,0.0,0.0,0.0,0.0,0.0,0.0,1.0,0.0642,0.0,0.0,0.0,0.0,0.0,1.0,0.0,0.0,0.0,0.0,0.0,0.0,1.0,4.65663870897868e-10,0.0,0.0,0.0,0.0,0.0,1.0,0.0,0.0,0.0,0.0,0.0,0.0
825,Q25E,Quadrupole,0.6,0.0,0.0,0.0,0.0,0.0,0.0,1.05848595027078,0.611652205906925,0.0,0.0,0.0,0.0,0.196831640200052,1.05848595027078,0.0,0.0,0.0,0.0,0.0,0.0,0.94263247753356,0.588482004953076,0.0,0.0,0.0,0.0,-0.189375395272841,0.94263247753356,0.0,0.0,0.0,0.0,0.0,0.0,1.0,4.35199879343802e-09,0.0,0.0,0.0,0.0,0.0,1.0,0.0,0.0,0.0,0.0,0.0,0.0
826,D375,Drift,0.157179,0.0,0.0,0.0,0.0,0.0,0.0,1.0,0.157179,0.0,0.0,0.0,0.0,0.0,1.0,0.0,0.0,0.0,0.0,0.0,0.0,1.0,0.157179,0.0,0.0,0.0,0.0,0.0,1.0,0.0,0.0,0.0,0.0,0.0,0.0,1.0,1.14007136392299e-09,0.0,0.0,0.0,0.0,0.0,1.0,0.0,0.0,0.0,0.0,0.0,0.0
827,B25E,SBend,6.574262,0.0,0.0,0.0,0.0,0.0,0.0,0.998601412571274,6.56813321327172,0.0,0.0,0.0,0.245761945258038,-0.000425572795175415,0.998601412571274,0.0,0.0,0.0,0.0747823095238826,0.0,0.0,0.998601086397449,6.574262,0.0,0.0,0.0,0.0,-0.000425275148120851,0.998601086397449,0.0,0.0,-0.0747823095238826,-0.245761945258038,0.0,0.0,1.0,-0.00612873904297946,0.0,0.0,0.0,0.0,0.0,1.0,0.0,0.0,0.0,0.0,0.0,0.0
828,D376,Drift,0.487777,0.0,0.0,0.0,0.0,0.0,0.0,1.0,0.487777,0.0,0.0,0.0,0.0,0.0,1.0,0.0,0.0,0.0,0.0,0.0,0.0,1.0,0.487777,0.0,0.0,0.0,0.0,0.0,1.0,0.0,0.0,0.0,0.0,0.0,0.0,1.0,3.53800819244469e-09,0.0,0.0,0.0,0.0,0.0,1.0,0.0,0.0,0.0,0.0,0.0,0.0
829,DET_24E,Marker,0.0,0.0,0.0,0.0,0.0,0.0,0.0,1.0,0.0,0.0,0.0,0.0,0.0,0.0,1.0,0.0,0.0,0.0,0.0,0.0,0.0,1.0,0.0,0.0,0.0,0.0,0.0,0.0,1.0,0.0,0.0,0.0,0.0,0.0,0.0,1.0,0.0,0.0,0.0,0.0,0.0,0.0,1.0,0.0,0.0,0.0,0.0,0.0,0.0
830,D377,Drift,0.0482,0.0,0.0,0.0,0.0,0.0,0.0,1.0,0.0482,0.0,0.0,0.0,0.0,0.0,1.0,0.0,0.0,0.0,0.0,0.0,0.0,1.0,0.0482,0.0,0.0,0.0,0.0,0.0,1.0,0.0,0.0,0.0,0.0,0.0,0.0,1.0,3.49610569739521e-10,0.0,0.0,0.0,0.0,0.0,1.0,0.0,0.0,0.0,0.0,0.0,0.0
831,SEX_24E,Sextupole,0.272,0.0,0.0,0.0,0.0,0.0,0.0,1.0,0.272,0.0,0.0,0.0,0.0,0.0,1.0,0.0,0.0,0.0,0.0,0.0,0.0,1.0,0.272,0.0,0.0,0.0,0.0,0.0,1.0,0.0,0.0,0.0,0.0,0.0,0.0,1.0,1.9729061196919e-09,0.0,0.0,0.0,0.0,0.0,1.0,0.0,0.0,0.0,0.0,0.0,0.0
832,D378,Drift,0.0651,0.0,0.0,0.0,0.0,0.0,0.0,1.0,0.0651,0.0,0.0,0.0,0.0,0.0,1.0,0.0,0.0,0.0,0.0,0.0,0.0,1.0,0.0651,0.0,0.0,0.0,0.0,0.0,1.0,0.0,0.0,0.0,0.0,0.0,0.0,1.0,4.72191869088025e-10,0.0,0.0,0.0,0.0,0.0,1.0,0.0,0.0,0.0,0.0,0.0,0.0
833,Q24E,Quadrupole,0.6,0.0,0.0,0.0,0.0,0.0,0.0,0.94393659087852,0.588744840882139,0.0,0.0,0.0,0.0,-0.185111961639176,0.94393659087852,0.0,0.0,0.0,0.0,0.0,0.0,1.05713109083553,0.611383280489289,0.0,0.0,0.0,0.0,0.192229894015195,1.05713109083553,0.0,0.0,0.0,0.0,0.0,0.0,1.0,4.35199879343802e-09,0.0,0.0,0.0,0.0,0.0,1.0,0.0,0.0,0.0,0.0,0.0,0.0
834,D379,Drift,0.15718,0.0,0.0,0.0,0.0,0.0,0.0,1.0,0.15718,0.0,0.0,0.0,0.0,0.0,1.0,0.0,0.0,0.0,0.0,0.0,0.0,1.0,0.15718,0.0,0.0,0.0,0.0,0.0,1.0,0.0,0.0,0.0,0.0,0.0,0.0,1.0,1.14007861725431e-09,0.0,0.0,0.0,0.0,0.0,1.0,0.0,0.0,0.0,0.0,0.0,0.0
835,B24E,SBend,6.574262,0.0,0.0,0.0,0.0,0.0,0.0,0.998601412571274,6.56813321327172,0.0,0.0,0.0,0.245761945258038,-0.000425572795175415,0.998601412571274,0.0,0.0,0.0,0.0747823095238826,0.0,0.0,0.998601086397449,6.574262,0.0,0.0,0.0,0.0,-0.000425275148120851,0.998601086397449,0.0,0.0,-0.0747823095238826,-0.245761945258038,0.0,0.0,1.0,-0.00612873904297946,0.0,0.0,0.0,0.0,0.0,1.0,0.0,0.0,0.0,0.0,0.0,0.0
836,D380,Drift,1.853416,0.0,0.0,0.0,0.0,0.0,0.0,1.0,1.853416,0.0,0.0,0.0,0.0,0.0,1.0,0.0,0.0,0.0,0.0,0.0,0.0,1.0,1.853416,0.0,0.0,0.0,0.0,0.0,1.0,0.0,0.0,0.0,0.0,0.0,0.0,1.0,1.34434403262312e-08,0.0,0.0,0.0,0.0,0.0,1.0,0.0,0.0,0.0,0.0,0.0,0.0
837,SK_SEX_23E,Sextupole,0.1262,0.0,0.0,0.0,0.0,0.0,0.0,1.0,0.1262,0.0,0.0,0.0,0.0,0.0,1.0,0.0,0.0,0.0,0.0,0.0,0.0,1.0,0.1262,0.0,0.0,0.0,0.0,0.0,1.0,0.0,0.0,0.0,0.0,0.0,0.0,1.0,9.15370412886463e-10,0.0,0.0,0.0,0.0,0.0,1.0,0.0,0.0,0.0,0.0,0.0,0.0
838,D381,Drift,0.5289,0.0,0.0,0.0,0.0,0.0,0.0,1.0,0.5289,0.0,0.0,0.0,0.0,0.0,1.0,0.0,0.0,0.0,0.0,0.0,0.0,1.0,0.5289,0.0,0.0,0.0,0.0,0.0,1.0,0.0,0.0,0.0,0.0,0.0,0.0,1.0,3.83628693641561e-09,0.0,0.0,0.0,0.0,0.0,1.0,0.0,0.0,0.0,0.0,0.0,0.0
839,DET_23E,Marker,0.0,0.0,0.0,0.0,0.0,0.0,0.0,1.0,0.0,0.0,0.0,0.0,0.0,0.0,1.0,0.0,0.0,0.0,0.0,0.0,0.0,1.0,0.0,0.0,0.0,0.0,0.0,0.0,1.0,0.0,0.0,0.0,0.0,0.0,0.0,1.0,0.0,0.0,0.0,0.0,0.0,0.0,1.0,0.0,0.0,0.0,0.0,0.0,0.0
840,D382,Drift,0.0289,0.0,0.0,0.0,0.0,0.0,0.0,1.0,0.0289,0.0,0.0,0.0,0.0,0.0,1.0,0.0,0.0,0.0,0.0,0.0,0.0,1.0,0.0289,0.0,0.0,0.0,0.0,0.0,1.0,0.0,0.0,0.0,0.0,0.0,0.0,1.0,2.09621275217265e-10,0.0,0.0,0.0,0.0,0.0,1.0,0.0,0.0,0.0,0.0,0.0,0.0
841,SEX_23E,Sextupole,0.272,0.0,0.0,0.0,0.0,0.0,0.0,1.0,0.272,0.0,0.0,0.0,0.0,0.0,1.0,0.0,0.0,0.0,0.0,0.0,0.0,1.0,0.272,0.0,0.0,0.0,0.0,0.0,1.0,0.0,0.0,0.0,0.0,0.0,0.0,1.0,1.9729061196919e-09,0.0,0.0,0.0,0.0,0.0,1.0,0.0,0.0,0.0,0.0,0.0,0.0
842,D383,Drift,0.0636,0.0,0.0,0.0,0.0,0.0,0.0,1.0,0.0636,0.0,0.0,0.0,0.0,0.0,1.0,0.0,0.0,0.0,0.0,0.0,0.0,1.0,0.0636,0.0,0.0,0.0,0.0,0.0,1.0,0.0,0.0,0.0,0.0,0.0,0.0,1.0,4.6131187210443e-10,0.0,0.0,0.0,0.0,0.0,1.0,0.0,0.0,0.0,0.0,0.0,0.0
843,Q23E,Quadrupole,0.6,0.0,0.0,0.0,0.0,0.0,0.0,1.04943597400901,0.609854987091668,0.0,0.0,0.0,0.0,0.166131073269401,1.04943597400901,0.0,0.0,0.0,0.0,0.0,0.0,0.95136547302127,0.590241186307275,0.0,0.0,0.0,0.0,-0.160788062481307,0.95136547302127,0.0,0.0,0.0,0.0,0.0,0.0,1.0,4.35199879343802e-09,0.0,0.0,0.0,0.0,0.0,1.0,0.0,0.0,0.0,0.0,0.0,0.0
844,D384,Drift,0.157179,0.0,0.0,0.0,0.0,0.0,0.0,1.0,0.157179,0.0,0.0,0.0,0.0,0.0,1.0,0.0,0.0,0.0,0.0,0.0,0.0,1.0,0.157179,0.0,0.0,0.0,0.0,0.0,1.0,0.0,0.0,0.0,0.0,0.0,0.0,1.0,1.14007136392299e-09,0.0,0.0,0.0,0.0,0.0,1.0,0.0,0.0,0.0,0.0,0.0,0.0
845,B23E,SBend,6.574262,0.0,0.0,0.0,0.0,0.0,0.0,0.998601412571274,6.56813321327172,0.0,0.0,0.0,0.245761945258038,-0.000425572795175415,0.998601412571274,0.0,0.0,0.0,0.0747823095238826,0.0,0.0,0.998601086397449,6.574262,0.0,0.0,0.0,0.0,-0.000425275148120851,0.998601086397449,0.0,0.0,-0.0747823095238826,-0.245761945258038,0.0,0.0,1.0,-0.00612873904297946,0.0,0.0,0.0,0.0,0.0,1.0,0.0,0.0,0.0,0.0,0.0,0.0
846,D385,Drift,0.486978,0.0,0.0,0.0,0.0,0.0,0.0,1.0,0.486978,0.0,0.0,0.0,0.0,0.0,1.0,0.0,0.0,0.0,0.0,0.0,0.0,1.0,0.486978,0.0,0.0,0.0,0.0,0.0,1.0,0.0,0.0,0.0,0.0,0.0,0.0,1.0,3.5322127807181e-09,0.0,0.0,0.0,0.0,0.0,1.0,0.0,0.0,0.0,0.0,0.0,0.0
847,DET_22E,Marker,0.0,0.0,0.0,0.0,0.0,0.0,0.0,1.0,0.0,0.0,0.0,0.0,0.0,0.0,1.0,0.0,0.0,0.0,0.0,0.0,0.0,1.0,0.0,0.0,0.0,0.0,0.0,0.0,1.0,0.0,0.0,0.0,0.0,0.0,0.0,1.0,0.0,0.0,0.0,0.0,0.0,0.0,1.0,0.0,0.0,0.0,0.0,0.0,0.0
848,D386,Drift,0.0501,0.0,0.0,0.0,0.0,0.0,0.0,1.0,0.0501,0.0,0.0,0.0,0.0,0.0,1.0,0.0,0.0,0.0,0.0,0.0,0.0,1.0,0.0501,0.0,0.0,0.0,0.0,0.0,1.0,0.0,0.0,0.0,0.0,0.0,0.0,1.0,3.63391899252074e-10,0.0,0.0,0.0,0.0,0.0,1.0,0.0,0.0,0.0,0.0,0.0,0.0
849,SEX_22E,Sextupole,0.272,0.0,0.0,0.0,0.0,0.0,0.0,1.0,0.272,0.0,0.0,0.0,0.0,0.0,1.0,0.0,0.0,0.0,0.0,0.0,0.0,1.0,0.272,0.0,0.0,0.0,0.0,0.0,1.0,0.0,0.0,0.0,0.0,0.0,0.0,1.0,1.9729061196919e-09,0.0,0.0,0.0,0.0,0.0,1.0,0.0,0.0,0.0,0.0,0.0,0.0
850,D387,Drift,0.064,0.0,0.0,0.0,0.0,0.0,0.0,1.0,0.064,0.0,0.0,0.0,0.0,0.0,1.0,0.0,0.0,0.0,0.0,0.0,0.0,1.0,0.064,0.0,0.0,0.0,0.0,0.0,1.0,0.0,0.0,0.0,0.0,0.0,0.0,1.0,4.64213204633389e-10,0.0,0.0,0.0,0.0,0.0,1.0,0.0,0.0,0.0,0.0,0.0,0.0
851,Q22E,Quadrupole,0.6,0.0,0.0,0.0,0.0,0.0,0.0,0.94041849289697,0.588035681839225,0.0,0.0,0.0,0.0,-0.196608916410963,0.94041849289697,0.0,0.0,0.0,0.0,0.0,0.0,1.06078883868283,0.612109197395065,0.0,0.0,0.0,0.0,0.204657863020516,1.06078883868283,0.0,0.0,0.0,0.0,0.0,0.0,1.0,4.35199879343802e-09,0.0,0.0,0.0,0.0,0.0,1.0,0.0,0.0,0.0,0.0,0.0,0.0
852,D388,Drift,0.157179,0.0,0.0,0.0,0.0,0.0,0.0,1.0,0.157179,0.0,0.0,0.0,0.0,0.0,1.0,0.0,0.0,0.0,0.0,0.0,0.0,1.0,0.157179,0.0,0.0,0.0,0.0,0.0,1.0,0.0,0.0,0.0,0.0,0.0,0.0,1.0,1.14007136392299e-09,0.0,0.0,0.0,0.0,0.0,1.0,0.0,0.0,0.0,0.0,0.0,0.0
853,B22E,SBend,6.574262,0.0,0.0,0.0,0.0,0.0,0.0,0.998601412571274,6.56813321327172,0.0,0.0,0.0,0.245761945258038,-0.000425572795175415,0.998601412571274,0.0,0.0,0.0,0.0747823095238826,0.0,0.0,0.998601086397449,6.574262,0.0,0.0,0.0,0.0,-0.000425275148120851,0.998601086397449,0.0,0.0,-0.0747823095238826,-0.245761945258038,0.0,0.0,1.0,-0.00612873904297946,0.0,0.0,0.0,0.0,0.0,1.0,0.0,0.0,0.0,0.0,0.0,0.0
854,D389,Drift,0.488517,0.0,0.0,0.0,0.0,0.0,0.0,1.0,0.488517,0.0,0.0,0.0,0.0,0.0,1.0,0.0,0.0,0.0,0.0,0.0,0.0,1.0,0.488517,0.0,0.0,0.0,0.0,0.0,1.0,0.0,0.0,0.0,0.0,0.0,0.0,1.0,3.54337565762327e-09,0.0,0.0,0.0,0.0,0.0,1.0,0.0,0.0,0.0,0.0,0.0,0.0
855,DET_21E,Marker,0.0,0.0,0.0,0.0,0.0,0.0,0.0,1.0,0.0,0.0,0.0,0.0,0.0,0.0,1.0,0.0,0.0,0.0,0.0,0.0,0.0,1.0,0.0,0.0,0.0,0.0,0.0,0.0,1.0,0.0,0.0,0.0,0.0,0.0,0.0,1.0,0.0,0.0,0.0,0.0,0.0,0.0,1.0,0.0,0.0,0.0,0.0,0.0,0.0
856,D390,Drift,0.0455,0.0,0.0,0.0,0.0,0.0,0.0,1.0,0.0455,0.0,0.0,0.0,0.0,0.0,1.0,0.0,0.0,0.0,0.0,0.0,0.0,1.0,0.0455,0.0,0.0,0.0,0.0,0.0,1.0,0.0,0.0,0.0,0.0,0.0,0.0,1.0,3.3002657516905e-10,0.0,0.0,0.0,0.0,0.0,1.0,0.0,0.0,0.0,0.0,0.0,0.0
857,SEX_21E,Sextupole,0.272,0.0,0.0,0.0,0.0,0.0,0.0,1.0,0.272,0.0,0.0,0.0,0.0,0.0,1.0,0.0,0.0,0.0,0.0,0.0,0.0,1.0,0.272,0.0,0.0,0.0,0.0,0.0,1.0,0.0,0.0,0.0,0.0,0.0,0.0,1.0,1.9729061196919e-09,0.0,0.0,0.0,0.0,0.0,1.0,0.0,0.0,0.0,0.0,0.0,0.0
858,D391,Drift,0.067,0.0,0.0,0.0,0.0,0.0,0.0,1.0,0.067,0.0,0.0,0.0,0.0,0.0,1.0,0.0,0.0,0.0,0.0,0.0,0.0,1.0,0.067,0.0,0.0,0.0,0.0,0.0,1.0,0.0,0.0,0.0,0.0,0.0,0.0,1.0,4.85973198600579e-10,0.0,0.0,0.0,0.0,0.0,1.0,0.0,0.0,0.0,0.0,0.0,0.0
859,Q21E,Quadrupole,0.6,0.0,0.0,0.0,0.0,0.0,0.0,1.04226288198714,0.608428997631139,0.0,0.0,0.0,0.0,0.141860291840445,1.04226288198714,0.0,0.0,0.0,0.0,0.0,0.0,0.95832423881244,0.591641456733493,0.0,0.0,0.0,0.0,-0.137946136761881,0.95832423881244,0.0,0.0,0.0,0.0,0.0,0.0,1.0,4.35199879343802e-09,0.0,0.0,0.0,0.0,0.0,1.0,0.0,0.0,0.0,0.0,0.0,0.0
860,D392,Drift,0.157179,0.0,0.0,0.0,0.0,0.0,0.0,1.0,0.157179,0.0,0.0,0.0,0.0,0.0,1.0,0.0,0.0,0.0,0.0,0.0,0.0,1.0,0.157179,0.0,0.0,0.0,0.0,0.0,1.0,0.0,0.0,0.0,0.0,0.0,0.0,1.0,1.14007136392299e-09,0.0,0.0,0.0,0.0,0.0,1.0,0.0,0.0,0.0,0.0,0.0,0.0
861,B21E,SBend,6.574262,0.0,0.0,0.0,0.0,0.0,0.0,0.998601412571274,6.56813321327172,0.0,0.0,0.0,0.245761945258038,-0.000425572795175415,0.998601412571274,0.0,0.0,0.0,0.0747823095238826,0.0,0.0,0.998601086397449,6.574262,0.0,0.0,0.0,0.0,-0.000425275148120851,0.998601086397449,0.0,0.0,-0.0747823095238826,-0.245761945258038,0.0,0.0,1.0,-0.00612873904297946,0.0,0.0,0.0,0.0,0.0,1.0,0.0,0.0,0.0,0.0,0.0,0.0
862,D393,Drift,0.487078,0.0,0.0,0.0,0.0,0.0,0.0,1.0,0.487078,0.0,0.0,0.0,0.0,0.0,1.0,0.0,0.0,0.0,0.0,0.0,0.0,1.0,0.487078,0.0,0.0,0.0,0.0,0.0,1.0,0.0,0.0,0.0,0.0,0.0,0.0,1.0,3.53293811385034e-09,0.0,0.0,0.0,0.0,0.0,1.0,0.0,0.0,0.0,0.0,0.0,0.0
863,DET_20E,Marker,0.0,0.0,0.0,0.0,0.0,0.0,0.0,1.0,0.0,0.0,0.0,0.0,0.0,0.0,1.0,0.0,0.0,0.0,0.0,0.0,0.0,1.0,0.0,0.0,0.0,0.0,0.0,0.0,1.0,0.0,0.0,0.0,0.0,0.0,0.0,1.0,0.0,0.0,0.0,0.0,0.0,0.0,1.0,0.0,0.0,0.0,0.0,0.0,0.0
864,D394,Drift,0.0468,0.0,0.0,0.0,0.0,0.0,0.0,1.0,0.0468,0.0,0.0,0.0,0.0,0.0,1.0,0.0,0.0,0.0,0.0,0.0,0.0,1.0,0.0468,0.0,0.0,0.0,0.0,0.0,1.0,0.0,0.0,0.0,0.0,0.0,0.0,1.0,3.39455905888165e-10,0.0,0.0,0.0,0.0,0.0,1.0,0.0,0.0,0.0,0.0,0.0,0.0
865,SEX_20E,Sextupole,0.272,0.0,0.0,0.0,0.0,0.0,0.0,1.0,0.272,0.0,0.0,0.0,0.0,0.0,1.0,0.0,0.0,0.0,0.0,0.0,0.0,1.0,0.272,0.0,0.0,0.0,0.0,0.0,1.0,0.0,0.0,0.0,0.0,0.0,0.0,1.0,1.9729061196919e-09,0.0,0.0,0.0,0.0,0.0,1.0,0.0,0.0,0.0,0.0,0.0,0.0
866,D395,Drift,0.0672,0.0,0.0,0.0,0.0,0.0,0.0,1.0,0.0672,0.0,0.0,0.0,0.0,0.0,1.0,0.0,0.0,0.0,0.0,0.0,0.0,1.0,0.0672,0.0,0.0,0.0,0.0,0.0,1.0,0.0,0.0,0.0,0.0,0.0,0.0,1.0,4.87423864865058e-10,0.0,0.0,0.0,0.0,0.0,1.0,0.0,0.0,0.0,0.0,0.0,0.0
867,Q20E,Quadrupole,0.6,0.0,0.0,0.0,0.0,0.0,0.0,0.948414556367099,0.589646987696942,0.0,0.0,0.0,0.0,-0.170457632054686,0.948414556367099,0.0,0.0,0.0,0.0,0.0,0.0,1.05248800198403,0.610461318994869,0.0,0.0,0.0,0.0,0.176474726519467,1.05248800198403,0.0,0.0,0.0,0.0,0.0,0.0,1.0,4.35199879343802e-09,0.0,0.0,0.0,0.0,0.0,1.0,0.0,0.0,0.0,0.0,0.0,0.0
868,D396,Drift,0.157179,0.0,0.0,0.0,0.0,0.0,0.0,1.0,0.157179,0.0,0.0,0.0,0.0,0.0,1.0,0.0,0.0,0.0,0.0,0.0,0.0,1.0,0.157179,0.0,0.0,0.0,0.0,0.0,1.0,0.0,0.0,0.0,0.0,0.0,0.0,1.0,1.14007136392299e-09,0.0,0.0,0.0,0.0,0.0,1.0,0.0,0.0,0.0,0.0,0.0,0.0
869,B20E,SBend,6.574262,0.0,0.0,0.0,0.0,0.0,0.0,0.998601412571274,6.56813321327172,0.0,0.0,0.0,0.245761945258038,-0.000425572795175415,0.998601412571274,0.0,0.0,0.0,0.0747823095238826,0.0,0.0,0.998601086397449,6.574262,0.0,0.0,0.0,0.0,-0.000425275148120851,0.998601086397449,0.0,0.0,-0.0747823095238826,-0.245761945258038,0.0,0.0,1.0,-0.00612873904297946,0.0,0.0,0.0,0.0,0.0,1.0,0.0,0.0,0.0,0.0,0.0,0.0
870,D397,Drift,0.538016,0.0,0.0,0.0,0.0,0.0,0.0,1.0,0.538016,0.0,0.0,0.0,0.0,0.0,1.0,0.0,0.0,0.0,0.0,0.0,0.0,1.0,0.538016,0.0,0.0,0.0,0.0,0.0,1.0,0.0,0.0,0.0,0.0,0.0,0.0,1.0,3.90240830475058e-09,0.0,0.0,0.0,0.0,0.0,1.0,0.0,0.0,0.0,0.0,0.0,0.0
871,SEX_19E,Sextupole,0.272,0.0,0.0,0.0,0.0,0.0,0.0,1.0,0.272,0.0,0.0,0.0,0.0,0.0,1.0,0.0,0.0,0.0,0.0,0.0,0.0,1.0,0.272,0.0,0.0,0.0,0.0,0.0,1.0,0.0,0.0,0.0,0.0,0.0,0.0,1.0,1.9729061196919e-09,0.0,0.0,0.0,0.0,0.0,1.0,0.0,0.0,0.0,0.0,0.0,0.0
872,D398,Drift,0.063,0.0,0.0,0.0,0.0,0.0,0.0,1.0,0.063,0.0,0.0,0.0,0.0,0.0,1.0,0.0,0.0,0.0,0.0,0.0,0.0,1.0,0.063,0.0,0.0,0.0,0.0,0.0,1.0,0.0,0.0,0.0,0.0,0.0,0.0,1.0,4.56959873310992e-10,0.0,0.0,0.0,0.0,0.0,1.0,0.0,0.0,0.0,0.0,0.0,0.0
873,Q19E,Quadrupole,0.6,0.0,0.0,0.0,0.0,0.0,0.0,1.06561398937723,0.613066274388783,0.0,0.0,0.0,0.0,0.221074262308056,1.06561398937723,0.0,0.0,0.0,0.0,0.0,0.0,0.935790406771179,0.587102252397676,0.0,0.0,0.0,0.0,-0.211711527399898,0.935790406771179,0.0,0.0,0.0,0.0,0.0,0.0,1.0,4.35199879343802e-09,0.0,0.0,0.0,0.0,0.0,1.0,0.0,0.0,0.0,0.0,0.0,0.0
874,D399,Drift,0.1434,0.0,0.0,0.0,0.0,0.0,0.0,1.0,0.1434,0.0,0.0,0.0,0.0,0.0,1.0,0.0,0.0,0.0,0.0,0.0,0.0,1.0,0.1434,0.0,0.0,0.0,0.0,0.0,1.0,0.0,0.0,0.0,0.0,0.0,0.0,1.0,1.04012771163169e-09,0.0,0.0,0.0,0.0,0.0,1.0,0.0,0.0,0.0,0.0,0.0,0.0
875,DET_19E,Marker,0.0,0.0,0.0,0.0,0.0,0.0,0.0,1.0,0.0,0.0,0.0,0.0,0.0,0.0,1.0,0.0,0.0,0.0,0.0,0.0,0.0,1.0,0.0,0.0,0.0,0.0,0.0,0.0,1.0,0.0,0.0,0.0,0.0,0.0,0.0,1.0,0.0,0.0,0.0,0.0,0.0,0.0,1.0,0.0,0.0,0.0,0.0,0.0,0.0
876,D400#1,Drift,4.395051999998829,0.0,0.0,0.0,0.0,0.0,0.0,1.0,4.39505199999883,0.0,0.0,0.0,0.0,0.0,1.0,0.0,0.0,0.0,0.0,0.0,0.0,1.0,4.39505199999883,0.0,0.0,0.0,0.0,0.0,1.0,0.0,0.0,0.0,0.0,0.0,0.0,1.0,3.18787683351537e-08,0.0,0.0,0.0,0.0,0.0,1.0,0.0,0.0,0.0,0.0,0.0,0.0
877,SCW19EA_RFA1_WG1,Marker,0.0,0.0,0.0,0.0,0.0,0.0,0.0,1.0,0.0,0.0,0.0,0.0,0.0,0.0,1.0,0.0,0.0,0.0,0.0,0.0,0.0,1.0,0.0,0.0,0.0,0.0,0.0,0.0,1.0,0.0,0.0,0.0,0.0,0.0,0.0,1.0,0.0,0.0,0.0,0.0,0.0,0.0,1.0,0.0,0.0,0.0,0.0,0.0,0.0
878,D400#2,Drift,0.09799999999995634,0.0,0.0,0.0,0.0,0.0,0.0,1.0,0.0979999999999563,0.0,0.0,0.0,0.0,0.0,1.0,0.0,0.0,0.0,0.0,0.0,0.0,1.0,0.0979999999999563,0.0,0.0,0.0,0.0,0.0,1.0,0.0,0.0,0.0,0.0,0.0,0.0,1.0,7.10826469594559e-10,0.0,0.0,0.0,0.0,0.0,1.0,0.0,0.0,0.0,0.0,0.0,0.0
879,SCW19EA_RFA2_WG1,Marker,0.0,0.0,0.0,0.0,0.0,0.0,0.0,1.0,0.0,0.0,0.0,0.0,0.0,0.0,1.0,0.0,0.0,0.0,0.0,0.0,0.0,1.0,0.0,0.0,0.0,0.0,0.0,0.0,1.0,0.0,0.0,0.0,0.0,0.0,0.0,1.0,0.0,0.0,0.0,0.0,0.0,0.0,1.0,0.0,0.0,0.0,0.0,0.0,0.0
880,D400#3,Drift,0.15200000000004366,0.0,0.0,0.0,0.0,0.0,0.0,1.0,0.152000000000044,0.0,0.0,0.0,0.0,0.0,1.0,0.0,0.0,0.0,0.0,0.0,0.0,1.0,0.152000000000044,0.0,0.0,0.0,0.0,0.0,1.0,0.0,0.0,0.0,0.0,0.0,0.0,1.0,1.10250636100461e-09,0.0,0.0,0.0,0.0,0.0,1.0,0.0,0.0,0.0,0.0,0.0,0.0
881,SCW19EA_RFA3_WG1,Marker,0.0,0.0,0.0,0.0,0.0,0.0,0.0,1.0,0.0,0.0,0.0,0.0,0.0,0.0,1.0,0.0,0.0,0.0,0.0,0.0,0.0,1.0,0.0,0.0,0.0,0.0,0.0,0.0,1.0,0.0,0.0,0.0,0.0,0.0,0.0,1.0,0.0,0.0,0.0,0.0,0.0,0.0,1.0,0.0,0.0,0.0,0.0,0.0,0.0
882,D400#4,Drift,0.9085330000011709,0.0,0.0,0.0,0.0,0.0,0.0,1.0,0.908533000001171,0.0,0.0,0.0,0.0,0.0,1.0,0.0,0.0,0.0,0.0,0.0,0.0,1.0,0.908533000001171,0.0,0.0,0.0,0.0,0.0,1.0,0.0,0.0,0.0,0.0,0.0,0.0,1.0,6.58989086633953e-09,0.0,0.0,0.0,0.0,0.0,1.0,0.0,0.0,0.0,0.0,0.0,0.0
883,DET_18E,Marker,0.0,0.0,0.0,0.0,0.0,0.0,0.0,1.0,0.0,0.0,0.0,0.0,0.0,0.0,1.0,0.0,0.0,0.0,0.0,0.0,0.0,1.0,0.0,0.0,0.0,0.0,0.0,0.0,1.0,0.0,0.0,0.0,0.0,0.0,0.0,1.0,0.0,0.0,0.0,0.0,0.0,0.0,1.0,0.0,0.0,0.0,0.0,0.0,0.0
884,D401,Drift,0.0282,0.0,0.0,0.0,0.0,0.0,0.0,1.0,0.0282,0.0,0.0,0.0,0.0,0.0,1.0,0.0,0.0,0.0,0.0,0.0,0.0,1.0,0.0282,0.0,0.0,0.0,0.0,0.0,1.0,0.0,0.0,0.0,0.0,0.0,0.0,1.0,2.04543943291587e-10,0.0,0.0,0.0,0.0,0.0,1.0,0.0,0.0,0.0,0.0,0.0,0.0
885,SEX_18E,Sextupole,0.272,0.0,0.0,0.0,0.0,0.0,0.0,1.0,0.272,0.0,0.0,0.0,0.0,0.0,1.0,0.0,0.0,0.0,0.0,0.0,0.0,1.0,0.272,0.0,0.0,0.0,0.0,0.0,1.0,0.0,0.0,0.0,0.0,0.0,0.0,1.0,1.9729061196919e-09,0.0,0.0,0.0,0.0,0.0,1.0,0.0,0.0,0.0,0.0,0.0,0.0
886,D402,Drift,0.0627,0.0,0.0,0.0,0.0,0.0,0.0,1.0,0.0627,0.0,0.0,0.0,0.0,0.0,1.0,0.0,0.0,0.0,0.0,0.0,0.0,1.0,0.0627,0.0,0.0,0.0,0.0,0.0,1.0,0.0,0.0,0.0,0.0,0.0,0.0,1.0,4.54783873914273e-10,0.0,0.0,0.0,0.0,0.0,1.0,0.0,0.0,0.0,0.0,0.0,0.0
887,Q18E,Quadrupole,0.6,0.0,0.0,0.0,0.0,0.0,0.0,0.9399467420722,0.587940562690522,0.0,0.0,0.0,0.0,-0.198149489014216,0.9399467420722,0.0,0.0,0.0,0.0,0.0,0.0,1.06127998126368,0.612206643536517,0.0,0.0,0.0,0.0,0.206327716245227,1.06127998126368,0.0,0.0,0.0,0.0,0.0,0.0,1.0,4.35199879343802e-09,0.0,0.0,0.0,0.0,0.0,1.0,0.0,0.0,0.0,0.0,0.0,0.0
888,D403,Drift,0.157179,0.0,0.0,0.0,0.0,0.0,0.0,1.0,0.157179,0.0,0.0,0.0,0.0,0.0,1.0,0.0,0.0,0.0,0.0,0.0,0.0,1.0,0.157179,0.0,0.0,0.0,0.0,0.0,1.0,0.0,0.0,0.0,0.0,0.0,0.0,1.0,1.14007136392299e-09,0.0,0.0,0.0,0.0,0.0,1.0,0.0,0.0,0.0,0.0,0.0,0.0
889,B18E,SBend,6.574262,0.0,0.0,0.0,0.0,0.0,0.0,0.998601412571274,6.56813321327172,0.0,0.0,0.0,0.245761945258038,-0.000425572795175415,0.998601412571274,0.0,0.0,0.0,0.0747823095238826,0.0,0.0,0.998601086397449,6.574262,0.0,0.0,0.0,0.0,-0.000425275148120851,0.998601086397449,0.0,0.0,-0.0747823095238826,-0.245761945258038,0.0,0.0,1.0,-0.00612873904297946,0.0,0.0,0.0,0.0,0.0,1.0,0.0,0.0,0.0,0.0,0.0,0.0
890,D404,Drift,0.489317,0.0,0.0,0.0,0.0,0.0,0.0,1.0,0.489317,0.0,0.0,0.0,0.0,0.0,1.0,0.0,0.0,0.0,0.0,0.0,0.0,1.0,0.489317,0.0,0.0,0.0,0.0,0.0,1.0,0.0,0.0,0.0,0.0,0.0,0.0,1.0,3.54917832268118e-09,0.0,0.0,0.0,0.0,0.0,1.0,0.0,0.0,0.0,0.0,0.0,0.0
891,DET_17E,Marker,0.0,0.0,0.0,0.0,0.0,0.0,0.0,1.0,0.0,0.0,0.0,0.0,0.0,0.0,1.0,0.0,0.0,0.0,0.0,0.0,0.0,1.0,0.0,0.0,0.0,0.0,0.0,0.0,1.0,0.0,0.0,0.0,0.0,0.0,0.0,1.0,0.0,0.0,0.0,0.0,0.0,0.0,1.0,0.0,0.0,0.0,0.0,0.0,0.0
892,D405,Drift,0.0448,0.0,0.0,0.0,0.0,0.0,0.0,1.0,0.0448,0.0,0.0,0.0,0.0,0.0,1.0,0.0,0.0,0.0,0.0,0.0,0.0,1.0,0.0448,0.0,0.0,0.0,0.0,0.0,1.0,0.0,0.0,0.0,0.0,0.0,0.0,1.0,3.24949243243372e-10,0.0,0.0,0.0,0.0,0.0,1.0,0.0,0.0,0.0,0.0,0.0,0.0
893,SEX_17E,Sextupole,0.272,0.0,0.0,0.0,0.0,0.0,0.0,1.0,0.272,0.0,0.0,0.0,0.0,0.0,1.0,0.0,0.0,0.0,0.0,0.0,0.0,1.0,0.272,0.0,0.0,0.0,0.0,0.0,1.0,0.0,0.0,0.0,0.0,0.0,0.0,1.0,1.9729061196919e-09,0.0,0.0,0.0,0.0,0.0,1.0,0.0,0.0,0.0,0.0,0.0,0.0
894,D406,Drift,0.0669,0.0,0.0,0.0,0.0,0.0,0.0,1.0,0.0669,0.0,0.0,0.0,0.0,0.0,1.0,0.0,0.0,0.0,0.0,0.0,0.0,1.0,0.0669,0.0,0.0,0.0,0.0,0.0,1.0,0.0,0.0,0.0,0.0,0.0,0.0,1.0,4.85247865468339e-10,0.0,0.0,0.0,0.0,0.0,1.0,0.0,0.0,0.0,0.0,0.0,0.0
895,Q17E,Quadrupole,0.6,0.0,0.0,0.0,0.0,0.0,0.0,1.05978697629736,0.611910401742028,0.0,0.0,0.0,0.0,0.201252397048501,1.05978697629736,0.0,0.0,0.0,0.0,0.0,0.0,0.941381268435336,0.588229787105981,0.0,0.0,0.0,0.0,-0.193464033841209,0.941381268435336,0.0,0.0,0.0,0.0,0.0,0.0,1.0,4.35199879343802e-09,0.0,0.0,0.0,0.0,0.0,1.0,0.0,0.0,0.0,0.0,0.0,0.0
896,D407,Drift,0.157179,0.0,0.0,0.0,0.0,0.0,0.0,1.0,0.157179,0.0,0.0,0.0,0.0,0.0,1.0,0.0,0.0,0.0,0.0,0.0,0.0,1.0,0.157179,0.0,0.0,0.0,0.0,0.0,1.0,0.0,0.0,0.0,0.0,0.0,0.0,1.0,1.14007136392299e-09,0.0,0.0,0.0,0.0,0.0,1.0,0.0,0.0,0.0,0.0,0.0,0.0
897,B17E,SBend,6.574262,0.0,0.0,0.0,0.0,0.0,0.0,0.998601412571274,6.56813321327172,0.0,0.0,0.0,0.245761945258038,-0.000425572795175415,0.998601412571274,0.0,0.0,0.0,0.0747823095238826,0.0,0.0,0.998601086397449,6.574262,0.0,0.0,0.0,0.0,-0.000425275148120851,0.998601086397449,0.0,0.0,-0.0747823095238826,-0.245761945258038,0.0,0.0,1.0,-0.00612873904297946,0.0,0.0,0.0,0.0,0.0,1.0,0.0,0.0,0.0,0.0,0.0,0.0
898,D408,Drift,0.487217,0.0,0.0,0.0,0.0,0.0,0.0,1.0,0.487217,0.0,0.0,0.0,0.0,0.0,1.0,0.0,0.0,0.0,0.0,0.0,0.0,1.0,0.487217,0.0,0.0,0.0,0.0,0.0,1.0,0.0,0.0,0.0,0.0,0.0,0.0,1.0,3.53394632690415e-09,0.0,0.0,0.0,0.0,0.0,1.0,0.0,0.0,0.0,0.0,0.0,0.0
899,DET_16E,Marker,0.0,0.0,0.0,0.0,0.0,0.0,0.0,1.0,0.0,0.0,0.0,0.0,0.0,0.0,1.0,0.0,0.0,0.0,0.0,0.0,0.0,1.0,0.0,0.0,0.0,0.0,0.0,0.0,1.0,0.0,0.0,0.0,0.0,0.0,0.0,1.0,0.0,0.0,0.0,0.0,0.0,0.0,1.0,0.0,0.0,0.0,0.0,0.0,0.0
900,D409,Drift,0.05,0.0,0.0,0.0,0.0,0.0,0.0,1.0,0.05,0.0,0.0,0.0,0.0,0.0,1.0,0.0,0.0,0.0,0.0,0.0,0.0,1.0,0.05,0.0,0.0,0.0,0.0,0.0,1.0,0.0,0.0,0.0,0.0,0.0,0.0,1.0,3.62666566119835e-10,0.0,0.0,0.0,0.0,0.0,1.0,0.0,0.0,0.0,0.0,0.0,0.0
901,SEX_16E,Sextupole,0.272,0.0,0.0,0.0,0.0,0.0,0.0,1.0,0.272,0.0,0.0,0.0,0.0,0.0,1.0,0.0,0.0,0.0,0.0,0.0,0.0,1.0,0.272,0.0,0.0,0.0,0.0,0.0,1.0,0.0,0.0,0.0,0.0,0.0,0.0,1.0,1.9729061196919e-09,0.0,0.0,0.0,0.0,0.0,1.0,0.0,0.0,0.0,0.0,0.0,0.0
902,D410,Drift,0.0638,0.0,0.0,0.0,0.0,0.0,0.0,1.0,0.0638,0.0,0.0,0.0,0.0,0.0,1.0,0.0,0.0,0.0,0.0,0.0,0.0,1.0,0.0638,0.0,0.0,0.0,0.0,0.0,1.0,0.0,0.0,0.0,0.0,0.0,0.0,1.0,4.62762538368909e-10,0.0,0.0,0.0,0.0,0.0,1.0,0.0,0.0,0.0,0.0,0.0,0.0
903,Q16E,Quadrupole,0.6,0.0,0.0,0.0,0.0,0.0,0.0,0.941550964396911,0.588263996850595,0.0,0.0,0.0,0.0,-0.192909615497121,0.941550964396911,0.0,0.0,0.0,0.0,0.0,0.0,1.05961045899934,0.611875373443094,0.0,0.0,0.0,0.0,0.200652502371385,1.05961045899934,0.0,0.0,0.0,0.0,0.0,0.0,1.0,4.35199879343802e-09,0.0,0.0,0.0,0.0,0.0,1.0,0.0,0.0,0.0,0.0,0.0,0.0
904,D411,Drift,0.157179,0.0,0.0,0.0,0.0,0.0,0.0,1.0,0.157179,0.0,0.0,0.0,0.0,0.0,1.0,0.0,0.0,0.0,0.0,0.0,0.0,1.0,0.157179,0.0,0.0,0.0,0.0,0.0,1.0,0.0,0.0,0.0,0.0,0.0,0.0,1.0,1.14007136392299e-09,0.0,0.0,0.0,0.0,0.0,1.0,0.0,0.0,0.0,0.0,0.0,0.0
905,B16E,SBend,6.574262,0.0,0.0,0.0,0.0,0.0,0.0,0.998601412571274,6.56813321327172,0.0,0.0,0.0,0.245761945258038,-0.000425572795175415,0.998601412571274,0.0,0.0,0.0,0.0747823095238826,0.0,0.0,0.998601086397449,6.574262,0.0,0.0,0.0,0.0,-0.000425275148120851,0.998601086397449,0.0,0.0,-0.0747823095238826,-0.245761945258038,0.0,0.0,1.0,-0.00612873904297946,0.0,0.0,0.0,0.0,0.0,1.0,0.0,0.0,0.0,0.0,0.0,0.0
906,D412,Drift,0.538878,0.0,0.0,0.0,0.0,0.0,0.0,1.0,0.538878,0.0,0.0,0.0,0.0,0.0,1.0,0.0,0.0,0.0,0.0,0.0,0.0,1.0,0.538878,0.0,0.0,0.0,0.0,0.0,1.0,0.0,0.0,0.0,0.0,0.0,0.0,1.0,3.90866067635049e-09,0.0,0.0,0.0,0.0,0.0,1.0,0.0,0.0,0.0,0.0,0.0,0.0
907,SEX_15E,Sextupole,0.272,0.0,0.0,0.0,0.0,0.0,0.0,1.0,0.272,0.0,0.0,0.0,0.0,0.0,1.0,0.0,0.0,0.0,0.0,0.0,0.0,1.0,0.272,0.0,0.0,0.0,0.0,0.0,1.0,0.0,0.0,0.0,0.0,0.0,0.0,1.0,1.9729061196919e-09,0.0,0.0,0.0,0.0,0.0,1.0,0.0,0.0,0.0,0.0,0.0,0.0
908,D413,Drift,0.0622,0.0,0.0,0.0,0.0,0.0,0.0,1.0,0.0622,0.0,0.0,0.0,0.0,0.0,1.0,0.0,0.0,0.0,0.0,0.0,0.0,1.0,0.0622,0.0,0.0,0.0,0.0,0.0,1.0,0.0,0.0,0.0,0.0,0.0,0.0,1.0,4.51157208253074e-10,0.0,0.0,0.0,0.0,0.0,1.0,0.0,0.0,0.0,0.0,0.0,0.0
909,Q15E,Quadrupole,0.6,0.0,0.0,0.0,0.0,0.0,0.0,1.04351053217497,0.608677122279264,0.0,0.0,0.0,0.0,0.146077826002641,1.04351053217497,0.0,0.0,0.0,0.0,0.0,0.0,0.957111510702229,0.591397522718597,0.0,0.0,0.0,0.0,-0.141930855062504,0.957111510702229,0.0,0.0,0.0,0.0,0.0,0.0,1.0,4.35199879343802e-09,0.0,0.0,0.0,0.0,0.0,1.0,0.0,0.0,0.0,0.0,0.0,0.0
910,D414,Drift,0.0594,0.0,0.0,0.0,0.0,0.0,0.0,1.0,0.0594,0.0,0.0,0.0,0.0,0.0,1.0,0.0,0.0,0.0,0.0,0.0,0.0,1.0,0.0594,0.0,0.0,0.0,0.0,0.0,1.0,0.0,0.0,0.0,0.0,0.0,0.0,1.0,4.30847880550364e-10,0.0,0.0,0.0,0.0,0.0,1.0,0.0,0.0,0.0,0.0,0.0,0.0
911,DET_15E,Marker,0.0,0.0,0.0,0.0,0.0,0.0,0.0,1.0,0.0,0.0,0.0,0.0,0.0,0.0,1.0,0.0,0.0,0.0,0.0,0.0,0.0,1.0,0.0,0.0,0.0,0.0,0.0,0.0,1.0,0.0,0.0,0.0,0.0,0.0,0.0,1.0,0.0,0.0,0.0,0.0,0.0,0.0,1.0,0.0,0.0,0.0,0.0,0.0,0.0
912,D415#1,Drift,0.8487319999987015,0.0,0.0,0.0,0.0,0.0,0.0,1.0,0.848731999998702,0.0,0.0,0.0,0.0,0.0,1.0,0.0,0.0,0.0,0.0,0.0,0.0,1.0,0.848731999998702,0.0,0.0,0.0,0.0,0.0,1.0,0.0,0.0,0.0,0.0,0.0,0.0,1.0,6.15613439991097e-09,0.0,0.0,0.0,0.0,0.0,1.0,0.0,0.0,0.0,0.0,0.0,0.0
913,D15E_RFA1_CVC3,Marker,0.0,0.0,0.0,0.0,0.0,0.0,0.0,1.0,0.0,0.0,0.0,0.0,0.0,0.0,1.0,0.0,0.0,0.0,0.0,0.0,0.0,1.0,0.0,0.0,0.0,0.0,0.0,0.0,1.0,0.0,0.0,0.0,0.0,0.0,0.0,1.0,0.0,0.0,0.0,0.0,0.0,0.0,1.0,0.0,0.0,0.0,0.0,0.0,0.0
914,D415#2,Drift,0.39199999999993906,0.0,0.0,0.0,0.0,0.0,0.0,1.0,0.391999999999939,0.0,0.0,0.0,0.0,0.0,1.0,0.0,0.0,0.0,0.0,0.0,0.0,1.0,0.391999999999939,0.0,0.0,0.0,0.0,0.0,1.0,0.0,0.0,0.0,0.0,0.0,0.0,1.0,2.84330587837906e-09,0.0,0.0,0.0,0.0,0.0,1.0,0.0,0.0,0.0,0.0,0.0,0.0
915,D15E_SP3_CSP1,Marker,0.0,0.0,0.0,0.0,0.0,0.0,0.0,1.0,0.0,0.0,0.0,0.0,0.0,0.0,1.0,0.0,0.0,0.0,0.0,0.0,0.0,1.0,0.0,0.0,0.0,0.0,0.0,0.0,1.0,0.0,0.0,0.0,0.0,0.0,0.0,1.0,0.0,0.0,0.0,0.0,0.0,0.0,1.0,0.0,0.0,0.0,0.0,0.0,0.0
916,D415#3,Drift,0.028999999999996362,0.0,0.0,0.0,0.0,0.0,0.0,1.0,0.0289999999999964,0.0,0.0,0.0,0.0,0.0,1.0,0.0,0.0,0.0,0.0,0.0,0.0,1.0,0.0289999999999964,0.0,0.0,0.0,0.0,0.0,1.0,0.0,0.0,0.0,0.0,0.0,0.0,1.0,2.10346608349478e-10,0.0,0.0,0.0,0.0,0.0,1.0,0.0,0.0,0.0,0.0,0.0,0.0
917,D15E_SP2_CSP1,Marker,0.0,0.0,0.0,0.0,0.0,0.0,0.0,1.0,0.0,0.0,0.0,0.0,0.0,0.0,1.0,0.0,0.0,0.0,0.0,0.0,0.0,1.0,0.0,0.0,0.0,0.0,0.0,0.0,1.0,0.0,0.0,0.0,0.0,0.0,0.0,1.0,0.0,0.0,0.0,0.0,0.0,0.0,1.0,0.0,0.0,0.0,0.0,0.0,0.0
918,D415#4,Drift,0.06799999999998363,0.0,0.0,0.0,0.0,0.0,0.0,1.0,0.0679999999999836,0.0,0.0,0.0,0.0,0.0,1.0,0.0,0.0,0.0,0.0,0.0,0.0,1.0,0.0679999999999836,0.0,0.0,0.0,0.0,0.0,1.0,0.0,0.0,0.0,0.0,0.0,0.0,1.0,4.93226529922857e-10,0.0,0.0,0.0,0.0,0.0,1.0,0.0,0.0,0.0,0.0,0.0,0.0
919,D15E_SP1I_CSP1,Marker,0.0,0.0,0.0,0.0,0.0,0.0,0.0,1.0,0.0,0.0,0.0,0.0,0.0,0.0,1.0,0.0,0.0,0.0,0.0,0.0,0.0,1.0,0.0,0.0,0.0,0.0,0.0,0.0,1.0,0.0,0.0,0.0,0.0,0.0,0.0,1.0,0.0,0.0,0.0,0.0,0.0,0.0,1.0,0.0,0.0,0.0,0.0,0.0,0.0
920,D15E_SP1O_CSP1,Marker,0.0,0.0,0.0,0.0,0.0,0.0,0.0,1.0,0.0,0.0,0.0,0.0,0.0,0.0,1.0,0.0,0.0,0.0,0.0,0.0,0.0,1.0,0.0,0.0,0.0,0.0,0.0,0.0,1.0,0.0,0.0,0.0,0.0,0.0,0.0,1.0,0.0,0.0,0.0,0.0,0.0,0.0,1.0,0.0,0.0,0.0,0.0,0.0,0.0
921,D415#5,Drift,0.8655830000013793,0.0,0.0,0.0,0.0,0.0,0.0,1.0,0.865583000001379,0.0,0.0,0.0,0.0,0.0,1.0,0.0,0.0,0.0,0.0,0.0,0.0,1.0,0.865583000001379,0.0,0.0,0.0,0.0,0.0,1.0,0.0,0.0,0.0,0.0,0.0,0.0,1.0,6.2783602860441e-09,0.0,0.0,0.0,0.0,0.0,1.0,0.0,0.0,0.0,0.0,0.0,0.0
922,B15E,SBend,6.575286,0.0,0.0,0.0,0.0,0.0,0.0,0.996853596825853,6.56149875649654,0.0,0.0,0.0,0.368487453785992,-0.000957541367990025,0.996853596825853,0.0,0.0,0.0,0.11214137574121,0.0,0.0,0.996851958156625,6.575286,0.0,0.0,0.0,0.0,-0.000956030432638434,0.996851958156625,0.0,0.0,-0.11214137574121,-0.368487453785992,0.0,0.0,1.0,-0.013787195810727,0.0,0.0,0.0,0.0,0.0,1.0,0.0,0.0,0.0,0.0,0.0,0.0
923,D416,Drift,0.157712,0.0,0.0,0.0,0.0,0.0,0.0,1.0,0.157712,0.0,0.0,0.0,0.0,0.0,1.0,0.0,0.0,0.0,0.0,0.0,0.0,1.0,0.157712,0.0,0.0,0.0,0.0,0.0,1.0,0.0,0.0,0.0,0.0,0.0,0.0,1.0,1.14393738951783e-09,0.0,0.0,0.0,0.0,0.0,1.0,0.0,0.0,0.0,0.0,0.0,0.0
924,SEX_14E,Sextupole,0.272,0.0,0.0,0.0,0.0,0.0,0.0,1.0,0.272,0.0,0.0,0.0,0.0,0.0,1.0,0.0,0.0,0.0,0.0,0.0,0.0,1.0,0.272,0.0,0.0,0.0,0.0,0.0,1.0,0.0,0.0,0.0,0.0,0.0,0.0,1.0,1.9729061196919e-09,0.0,0.0,0.0,0.0,0.0,1.0,0.0,0.0,0.0,0.0,0.0,0.0
925,D417,Drift,0.0641,0.0,0.0,0.0,0.0,0.0,0.0,1.0,0.0641,0.0,0.0,0.0,0.0,0.0,1.0,0.0,0.0,0.0,0.0,0.0,0.0,1.0,0.0641,0.0,0.0,0.0,0.0,0.0,1.0,0.0,0.0,0.0,0.0,0.0,0.0,1.0,4.64938537765628e-10,0.0,0.0,0.0,0.0,0.0,1.0,0.0,0.0,0.0,0.0,0.0,0.0
926,Q14E,Quadrupole,0.6,0.0,0.0,0.0,0.0,0.0,0.0,0.946198888079305,0.589200680792648,0.0,0.0,0.0,0.0,-0.177711376803952,0.946198888079305,0.0,0.0,0.0,0.0,0.0,0.0,1.05478360791047,0.610917218358397,0.0,0.0,0.0,0.0,0.184261396035145,1.05478360791047,0.0,0.0,0.0,0.0,0.0,0.0,1.0,4.35199879343802e-09,0.0,0.0,0.0,0.0,0.0,1.0,0.0,0.0,0.0,0.0,0.0,0.0
927,D418,Drift,0.0364,0.0,0.0,0.0,0.0,0.0,0.0,1.0,0.0364,0.0,0.0,0.0,0.0,0.0,1.0,0.0,0.0,0.0,0.0,0.0,0.0,1.0,0.0364,0.0,0.0,0.0,0.0,0.0,1.0,0.0,0.0,0.0,0.0,0.0,0.0,1.0,2.6402126013524e-10,0.0,0.0,0.0,0.0,0.0,1.0,0.0,0.0,0.0,0.0,0.0,0.0
928,DET_14E,Marker,0.0,0.0,0.0,0.0,0.0,0.0,0.0,1.0,0.0,0.0,0.0,0.0,0.0,0.0,1.0,0.0,0.0,0.0,0.0,0.0,0.0,1.0,0.0,0.0,0.0,0.0,0.0,0.0,1.0,0.0,0.0,0.0,0.0,0.0,0.0,1.0,0.0,0.0,0.0,0.0,0.0,0.0,1.0,0.0,0.0,0.0,0.0,0.0,0.0
929,D419,Drift,2.848973,0.0,0.0,0.0,0.0,0.0,0.0,1.0,2.848973,0.0,0.0,0.0,0.0,0.0,1.0,0.0,0.0,0.0,0.0,0.0,0.0,1.0,2.848973,0.0,0.0,0.0,0.0,0.0,1.0,0.0,0.0,0.0,0.0,0.0,0.0,1.0,2.06645450975625e-08,0.0,0.0,0.0,0.0,0.0,1.0,0.0,0.0,0.0,0.0,0.0,0.0
930,DOG_LEG_14E2,Kicker,0.24448,0.0,0.0,0.0,0.0,0.0,0.0,1.0,0.24448,0.0,0.0,0.0,0.0,0.0,1.0,0.0,0.0,0.0,0.0,0.0,0.0,1.0,0.24448,0.0,0.0,0.0,0.0,0.0,1.0,0.0,0.0,0.0,0.0,0.0,0.0,1.0,1.77329444169954e-09,0.0,0.0,0.0,0.0,0.0,1.0,0.0,0.0,0.0,0.0,0.0,0.0
931,D420,Drift,0.14,0.0,0.0,0.0,0.0,0.0,0.0,1.0,0.14,0.0,0.0,0.0,0.0,0.0,1.0,0.0,0.0,0.0,0.0,0.0,0.0,1.0,0.14,0.0,0.0,0.0,0.0,0.0,1.0,0.0,0.0,0.0,0.0,0.0,0.0,1.0,1.01546638513554e-09,0.0,0.0,0.0,0.0,0.0,1.0,0.0,0.0,0.0,0.0,0.0,0.0
932,DET_I14E,Marker,0.0,0.0,0.0,0.0,0.0,0.0,0.0,1.0,0.0,0.0,0.0,0.0,0.0,0.0,1.0,0.0,0.0,0.0,0.0,0.0,0.0,1.0,0.0,0.0,0.0,0.0,0.0,0.0,1.0,0.0,0.0,0.0,0.0,0.0,0.0,1.0,0.0,0.0,0.0,0.0,0.0,0.0,1.0,0.0,0.0,0.0,0.0,0.0,0.0
933,D421#1,Drift,0.31046599999864943,0.0,0.0,0.0,0.0,0.0,0.0,1.0,0.310465999998649,0.0,0.0,0.0,0.0,0.0,1.0,0.0,0.0,0.0,0.0,0.0,0.0,1.0,0.310465999998649,0.0,0.0,0.0,0.0,0.0,1.0,0.0,0.0,0.0,0.0,0.0,0.0,1.0,2.25191276232942e-09,0.0,0.0,0.0,0.0,0.0,1.0,0.0,0.0,0.0,0.0,0.0,0.0
934,D14BE_RFA2_SEG,Marker,0.0,0.0,0.0,0.0,0.0,0.0,0.0,1.0,0.0,0.0,0.0,0.0,0.0,0.0,1.0,0.0,0.0,0.0,0.0,0.0,0.0,1.0,0.0,0.0,0.0,0.0,0.0,0.0,1.0,0.0,0.0,0.0,0.0,0.0,0.0,1.0,0.0,0.0,0.0,0.0,0.0,0.0,1.0,0.0,0.0,0.0,0.0,0.0,0.0
935,D421#2,Drift,1.6840000000000828,0.0,0.0,0.0,0.0,0.0,0.0,1.0,1.68400000000008,0.0,0.0,0.0,0.0,0.0,1.0,0.0,0.0,0.0,0.0,0.0,0.0,1.0,1.68400000000008,0.0,0.0,0.0,0.0,0.0,1.0,0.0,0.0,0.0,0.0,0.0,0.0,1.0,1.22146099469166e-08,0.0,0.0,0.0,0.0,0.0,1.0,0.0,0.0,0.0,0.0,0.0,0.0
936,D14BE_RFA1_SEG,Marker,0.0,0.0,0.0,0.0,0.0,0.0,0.0,1.0,0.0,0.0,0.0,0.0,0.0,0.0,1.0,0.0,0.0,0.0,0.0,0.0,0.0,1.0,0.0,0.0,0.0,0.0,0.0,0.0,1.0,0.0,0.0,0.0,0.0,0.0,0.0,1.0,0.0,0.0,0.0,0.0,0.0,0.0,1.0,0.0,0.0,0.0,0.0,0.0,0.0
937,D421#3,Drift,0.18105400000126792,0.0,0.0,0.0,0.0,0.0,0.0,1.0,0.181054000001268,0.0,0.0,0.0,0.0,0.0,1.0,0.0,0.0,0.0,0.0,0.0,0.0,1.0,0.181054000001268,0.0,0.0,0.0,0.0,0.0,1.0,0.0,0.0,0.0,0.0,0.0,0.0,1.0,1.31324464925441e-09,0.0,0.0,0.0,0.0,0.0,1.0,0.0,0.0,0.0,0.0,0.0,0.0
938,DOG_LEG_14E1,Kicker,0.24448,0.0,0.0,0.0,0.0,0.0,0.0,1.0,0.24448,0.0,0.0,0.0,0.0,0.0,1.0,0.0,0.0,0.0,0.0,0.0,0.0,1.0,0.24448,0.0,0.0,0.0,0.0,0.0,1.0,0.0,0.0,0.0,0.0,0.0,0.0,1.0,1.77329444169954e-09,0.0,0.0,0.0,0.0,0.0,1.0,0.0,0.0,0.0,0.0,0.0,0.0
939,D422,Drift,0.262,0.0,0.0,0.0,0.0,0.0,0.0,1.0,0.262,0.0,0.0,0.0,0.0,0.0,1.0,0.0,0.0,0.0,0.0,0.0,0.0,1.0,0.262,0.0,0.0,0.0,0.0,0.0,1.0,0.0,0.0,0.0,0.0,0.0,0.0,1.0,1.90037280646793e-09,0.0,0.0,0.0,0.0,0.0,1.0,0.0,0.0,0.0,0.0,0.0,0.0
940,DET_13E,Marker,0.0,0.0,0.0,0.0,0.0,0.0,0.0,1.0,0.0,0.0,0.0,0.0,0.0,0.0,1.0,0.0,0.0,0.0,0.0,0.0,0.0,1.0,0.0,0.0,0.0,0.0,0.0,0.0,1.0,0.0,0.0,0.0,0.0,0.0,0.0,1.0,0.0,0.0,0.0,0.0,0.0,0.0,1.0,0.0,0.0,0.0,0.0,0.0,0.0
941,D423,Drift,0.01825,0.0,0.0,0.0,0.0,0.0,0.0,1.0,0.01825,0.0,0.0,0.0,0.0,0.0,1.0,0.0,0.0,0.0,0.0,0.0,0.0,1.0,0.01825,0.0,0.0,0.0,0.0,0.0,1.0,0.0,0.0,0.0,0.0,0.0,0.0,1.0,1.3237329663374e-10,0.0,0.0,0.0,0.0,0.0,1.0,0.0,0.0,0.0,0.0,0.0,0.0
942,SEX_13E,Sextupole,0.272,0.0,0.0,0.0,0.0,0.0,0.0,1.0,0.272,0.0,0.0,0.0,0.0,0.0,1.0,0.0,0.0,0.0,0.0,0.0,0.0,1.0,0.272,0.0,0.0,0.0,0.0,0.0,1.0,0.0,0.0,0.0,0.0,0.0,0.0,1.0,1.9729061196919e-09,0.0,0.0,0.0,0.0,0.0,1.0,0.0,0.0,0.0,0.0,0.0,0.0
943,D424,Drift,0.06215,0.0,0.0,0.0,0.0,0.0,0.0,1.0,0.06215,0.0,0.0,0.0,0.0,0.0,1.0,0.0,0.0,0.0,0.0,0.0,0.0,1.0,0.06215,0.0,0.0,0.0,0.0,0.0,1.0,0.0,0.0,0.0,0.0,0.0,0.0,1.0,4.50794541686955e-10,0.0,0.0,0.0,0.0,0.0,1.0,0.0,0.0,0.0,0.0,0.0,0.0
944,Q13E,Quadrupole,0.6,0.0,0.0,0.0,0.0,0.0,0.0,1.04844260173129,0.609657586818732,0.0,0.0,0.0,0.0,0.162766594348297,1.04844260173129,0.0,0.0,0.0,0.0,0.0,0.0,0.952327210365523,0.590434790407132,0.0,0.0,0.0,0.0,-0.15763448548356,0.952327210365523,0.0,0.0,0.0,0.0,0.0,0.0,1.0,4.35199879343802e-09,0.0,0.0,0.0,0.0,0.0,1.0,0.0,0.0,0.0,0.0,0.0,0.0
945,D425,Drift,0.189308,0.0,0.0,0.0,0.0,0.0,0.0,1.0,0.189308,0.0,0.0,0.0,0.0,0.0,1.0,0.0,0.0,0.0,0.0,0.0,0.0,1.0,0.189308,0.0,0.0,0.0,0.0,0.0,1.0,0.0,0.0,0.0,0.0,0.0,0.0,1.0,1.37311364598027e-09,0.0,0.0,0.0,0.0,0.0,1.0,0.0,0.0,0.0,0.0,0.0,0.0
946,B13E,SBend,6.575286,0.0,0.0,0.0,0.0,0.0,0.0,0.996853596825853,6.56149875649654,0.0,0.0,0.0,0.368487453785992,-0.000957541367990025,0.996853596825853,0.0,0.0,0.0,0.11214137574121,0.0,0.0,0.996851958156625,6.575286,0.0,0.0,0.0,0.0,-0.000956030432638434,0.996851958156625,0.0,0.0,-0.11214137574121,-0.368487453785992,0.0,0.0,1.0,-0.013787195810727,0.0,0.0,0.0,0.0,0.0,1.0,0.0,0.0,0.0,0.0,0.0,0.0
947,D426,Drift,0.604882,0.0,0.0,0.0,0.0,0.0,0.0,1.0,0.604882,0.0,0.0,0.0,0.0,0.0,1.0,0.0,0.0,0.0,0.0,0.0,0.0,1.0,0.604882,0.0,0.0,0.0,0.0,0.0,1.0,0.0,0.0,0.0,0.0,0.0,0.0,1.0,4.38740955695396e-09,0.0,0.0,0.0,0.0,0.0,1.0,0.0,0.0,0.0,0.0,0.0,0.0
948,SEX_12E,Sextupole,0.272,0.0,0.0,0.0,0.0,0.0,0.0,1.0,0.272,0.0,0.0,0.0,0.0,0.0,1.0,0.0,0.0,0.0,0.0,0.0,0.0,1.0,0.272,0.0,0.0,0.0,0.0,0.0,1.0,0.0,0.0,0.0,0.0,0.0,0.0,1.0,1.9729061196919e-09,0.0,0.0,0.0,0.0,0.0,1.0,0.0,0.0,0.0,0.0,0.0,0.0
949,D427,Drift,0.06015,0.0,0.0,0.0,0.0,0.0,0.0,1.0,0.06015,0.0,0.0,0.0,0.0,0.0,1.0,0.0,0.0,0.0,0.0,0.0,0.0,1.0,0.06015,0.0,0.0,0.0,0.0,0.0,1.0,0.0,0.0,0.0,0.0,0.0,0.0,1.0,4.36287879042161e-10,0.0,0.0,0.0,0.0,0.0,1.0,0.0,0.0,0.0,0.0,0.0,0.0
950,Q12E,Quadrupole,0.6,0.0,0.0,0.0,0.0,0.0,0.0,0.941443839176311,0.588242401106179,0.0,0.0,0.0,0.0,-0.193259611111317,0.941443839176311,0.0,0.0,0.0,0.0,0.0,0.0,1.0597218880045,0.611897485637843,0.0,0.0,0.0,0.0,0.201031190359597,1.0597218880045,0.0,0.0,0.0,0.0,0.0,0.0,1.0,4.35199879343802e-09,0.0,0.0,0.0,0.0,0.0,1.0,0.0,0.0,0.0,0.0,0.0,0.0
951,D428,Drift,0.8944,0.0,0.0,0.0,0.0,0.0,0.0,1.0,0.8944,0.0,0.0,0.0,0.0,0.0,1.0,0.0,0.0,0.0,0.0,0.0,0.0,1.0,0.8944,0.0,0.0,0.0,0.0,0.0,1.0,0.0,0.0,0.0,0.0,0.0,0.0,1.0,6.4873795347516e-09,0.0,0.0,0.0,0.0,0.0,1.0,0.0,0.0,0.0,0.0,0.0,0.0
952,DET_12E,Marker,0.0,0.0,0.0,0.0,0.0,0.0,0.0,1.0,0.0,0.0,0.0,0.0,0.0,0.0,1.0,0.0,0.0,0.0,0.0,0.0,0.0,1.0,0.0,0.0,0.0,0.0,0.0,0.0,1.0,0.0,0.0,0.0,0.0,0.0,0.0,1.0,0.0,0.0,0.0,0.0,0.0,0.0,1.0,0.0,0.0,0.0,0.0,0.0,0.0
953,D429,Drift,0.774,0.0,0.0,0.0,0.0,0.0,0.0,1.0,0.774,0.0,0.0,0.0,0.0,0.0,1.0,0.0,0.0,0.0,0.0,0.0,0.0,1.0,0.774,0.0,0.0,0.0,0.0,0.0,1.0,0.0,0.0,0.0,0.0,0.0,0.0,1.0,5.61407844353504e-09,0.0,0.0,0.0,0.0,0.0,1.0,0.0,0.0,0.0,0.0,0.0,0.0
954,SK_SEX_12E,Sextupole,0.126,0.0,0.0,0.0,0.0,0.0,0.0,1.0,0.126,0.0,-6.93889390390723e-18,0.0,0.0,0.0,1.0,0.0,0.0,0.0,0.0,0.0,6.93889390390723e-18,1.0,0.126,0.0,0.0,0.0,0.0,0.0,1.0,0.0,0.0,0.0,0.0,0.0,0.0,1.0,9.13919746621984e-10,0.0,0.0,0.0,0.0,0.0,1.0,0.0,0.0,0.0,0.0,0.0,0.0
955,D430,Drift,0.223331,0.0,0.0,0.0,0.0,0.0,0.0,1.0,0.223331,0.0,0.0,0.0,0.0,0.0,1.0,0.0,0.0,0.0,0.0,0.0,0.0,1.0,0.223331,0.0,0.0,0.0,0.0,0.0,1.0,0.0,0.0,0.0,0.0,0.0,0.0,1.0,1.61989373756218e-09,0.0,0.0,0.0,0.0,0.0,1.0,0.0,0.0,0.0,0.0,0.0,0.0
956,B12E,SBend,6.574262,0.0,0.0,0.0,0.0,0.0,0.0,0.998601412571274,6.56813321327172,0.0,0.0,0.0,0.245761945258038,-0.000425572795175415,0.998601412571274,0.0,0.0,0.0,0.0747823095238826,0.0,0.0,0.998601086397449,6.574262,0.0,0.0,0.0,0.0,-0.000425275148120851,0.998601086397449,0.0,0.0,-0.0747823095238826,-0.245761945258038,0.0,0.0,1.0,-0.00612873904297946,0.0,0.0,0.0,0.0,0.0,1.0,0.0,0.0,0.0,0.0,0.0,0.0
957,D431,Drift,0.486816,0.0,0.0,0.0,0.0,0.0,0.0,1.0,0.486816,0.0,0.0,0.0,0.0,0.0,1.0,0.0,0.0,0.0,0.0,0.0,0.0,1.0,0.486816,0.0,0.0,0.0,0.0,0.0,1.0,0.0,0.0,0.0,0.0,0.0,0.0,1.0,3.53103774104387e-09,0.0,0.0,0.0,0.0,0.0,1.0,0.0,0.0,0.0,0.0,0.0,0.0
958,DET_11E,Marker,0.0,0.0,0.0,0.0,0.0,0.0,0.0,1.0,0.0,0.0,0.0,0.0,0.0,0.0,1.0,0.0,0.0,0.0,0.0,0.0,0.0,1.0,0.0,0.0,0.0,0.0,0.0,0.0,1.0,0.0,0.0,0.0,0.0,0.0,0.0,1.0,0.0,0.0,0.0,0.0,0.0,0.0,1.0,0.0,0.0,0.0,0.0,0.0,0.0
959,D432,Drift,0.04945,0.0,0.0,0.0,0.0,0.0,0.0,1.0,0.04945,0.0,0.0,0.0,0.0,0.0,1.0,0.0,0.0,0.0,0.0,0.0,0.0,1.0,0.04945,0.0,0.0,0.0,0.0,0.0,1.0,0.0,0.0,0.0,0.0,0.0,0.0,1.0,3.58677233892517e-10,0.0,0.0,0.0,0.0,0.0,1.0,0.0,0.0,0.0,0.0,0.0,0.0
960,SEX_11E,Sextupole,0.272,0.0,0.0,0.0,0.0,0.0,0.0,1.0,0.272,0.0,0.0,0.0,0.0,0.0,1.0,0.0,0.0,0.0,0.0,0.0,0.0,1.0,0.272,0.0,0.0,0.0,0.0,0.0,1.0,0.0,0.0,0.0,0.0,0.0,0.0,1.0,1.9729061196919e-09,0.0,0.0,0.0,0.0,0.0,1.0,0.0,0.0,0.0,0.0,0.0,0.0
961,D433,Drift,0.06475,0.0,0.0,0.0,0.0,0.0,0.0,1.0,0.06475,0.0,0.0,0.0,0.0,0.0,1.0,0.0,0.0,0.0,0.0,0.0,0.0,1.0,0.06475,0.0,0.0,0.0,0.0,0.0,1.0,0.0,0.0,0.0,0.0,0.0,0.0,1.0,4.69653203125186e-10,0.0,0.0,0.0,0.0,0.0,1.0,0.0,0.0,0.0,0.0,0.0,0.0
962,Q11E,Quadrupole,0.6,0.0,0.0,0.0,0.0,0.0,0.0,1.0283729713008,0.605663932473039,0.0,0.0,0.0,0.0,0.0950212898876943,1.0283729713008,0.0,0.0,0.0,0.0,0.0,0.0,0.971892858091931,0.594367967027169,0.0,0.0,0.0,0.0,-0.0932490905711349,0.971892858091931,0.0,0.0,0.0,0.0,0.0,0.0,1.0,4.35199879343802e-09,0.0,0.0,0.0,0.0,0.0,1.0,0.0,0.0,0.0,0.0,0.0,0.0
963,D434,Drift,0.157179,0.0,0.0,0.0,0.0,0.0,0.0,1.0,0.157179,0.0,0.0,0.0,0.0,0.0,1.0,0.0,0.0,0.0,0.0,0.0,0.0,1.0,0.157179,0.0,0.0,0.0,0.0,0.0,1.0,0.0,0.0,0.0,0.0,0.0,0.0,1.0,1.14007136392299e-09,0.0,0.0,0.0,0.0,0.0,1.0,0.0,0.0,0.0,0.0,0.0,0.0
964,B11E,SBend,6.574262,0.0,0.0,0.0,0.0,0.0,0.0,0.998601412571274,6.56813321327172,0.0,0.0,0.0,0.245761945258038,-0.000425572795175415,0.998601412571274,0.0,0.0,0.0,0.0747823095238826,0.0,0.0,0.998601086397449,6.574262,0.0,0.0,0.0,0.0,-0.000425275148120851,0.998601086397449,0.0,0.0,-0.0747823095238826,-0.245761945258038,0.0,0.0,1.0,-0.00612873904297946,0.0,0.0,0.0,0.0,0.0,1.0,0.0,0.0,0.0,0.0,0.0,0.0
965,D435,Drift,0.483617,0.0,0.0,0.0,0.0,0.0,0.0,1.0,0.483617,0.0,0.0,0.0,0.0,0.0,1.0,0.0,0.0,0.0,0.0,0.0,0.0,1.0,0.483617,0.0,0.0,0.0,0.0,0.0,1.0,0.0,0.0,0.0,0.0,0.0,0.0,1.0,3.50783433414352e-09,0.0,0.0,0.0,0.0,0.0,1.0,0.0,0.0,0.0,0.0,0.0,0.0
966,DET_10AE,Marker,0.0,0.0,0.0,0.0,0.0,0.0,0.0,1.0,0.0,0.0,0.0,0.0,0.0,0.0,1.0,0.0,0.0,0.0,0.0,0.0,0.0,1.0,0.0,0.0,0.0,0.0,0.0,0.0,1.0,0.0,0.0,0.0,0.0,0.0,0.0,1.0,0.0,0.0,0.0,0.0,0.0,0.0,1.0,0.0,0.0,0.0,0.0,0.0,0.0
967,D436,Drift,0.0534,0.0,0.0,0.0,0.0,0.0,0.0,1.0,0.0534,0.0,0.0,0.0,0.0,0.0,1.0,0.0,0.0,0.0,0.0,0.0,0.0,1.0,0.0534,0.0,0.0,0.0,0.0,0.0,1.0,0.0,0.0,0.0,0.0,0.0,0.0,1.0,3.87327892615984e-10,0.0,0.0,0.0,0.0,0.0,1.0,0.0,0.0,0.0,0.0,0.0,0.0
968,SEX_10AE,Sextupole,0.272,0.0,0.0,0.0,0.0,0.0,0.0,1.0,0.272,0.0,0.0,0.0,0.0,0.0,1.0,0.0,0.0,0.0,0.0,0.0,0.0,1.0,0.272,0.0,0.0,0.0,0.0,0.0,1.0,0.0,0.0,0.0,0.0,0.0,0.0,1.0,1.9729061196919e-09,0.0,0.0,0.0,0.0,0.0,1.0,0.0,0.0,0.0,0.0,0.0,0.0
969,D437,Drift,0.064,0.0,0.0,0.0,0.0,0.0,0.0,1.0,0.064,0.0,0.0,0.0,0.0,0.0,1.0,0.0,0.0,0.0,0.0,0.0,0.0,1.0,0.064,0.0,0.0,0.0,0.0,0.0,1.0,0.0,0.0,0.0,0.0,0.0,0.0,1.0,4.64213204633389e-10,0.0,0.0,0.0,0.0,0.0,1.0,0.0,0.0,0.0,0.0,0.0,0.0
970,Q10AE,Quadrupole,0.6,0.0,0.0,0.0,0.0,0.0,0.0,0.946032513446299,0.589167162095423,0.0,0.0,0.0,0.0,-0.178255833419086,0.946032513446299,0.0,0.0,0.0,0.0,0.0,0.0,1.05495612446081,0.61095147408109,0.0,0.0,0.0,0.0,0.184846799342331,1.05495612446081,0.0,0.0,0.0,0.0,0.0,0.0,1.0,4.35199879343802e-09,0.0,0.0,0.0,0.0,0.0,1.0,0.0,0.0,0.0,0.0,0.0,0.0
971,D438,Drift,2.648973,0.0,0.0,0.0,0.0,0.0,0.0,1.0,2.648973,0.0,0.0,0.0,0.0,0.0,1.0,0.0,0.0,0.0,0.0,0.0,0.0,1.0,2.648973,0.0,0.0,0.0,0.0,0.0,1.0,0.0,0.0,0.0,0.0,0.0,0.0,1.0,1.92138788330831e-08,0.0,0.0,0.0,0.0,0.0,1.0,0.0,0.0,0.0,0.0,0.0,0.0
972,SK_Q10E,Quadrupole,0.152,0.0,0.0,0.0,0.0,0.0,0.0,1.0,0.152,0.0,0.0,0.0,0.0,0.0,1.0,0.0,0.0,0.0,0.0,0.0,0.0,1.0,0.152,0.0,0.0,0.0,0.0,0.0,1.0,0.0,0.0,0.0,0.0,0.0,0.0,1.0,1.1025063610043e-09,0.0,0.0,0.0,0.0,0.0,1.0,0.0,0.0,0.0,0.0,0.0,0.0
973,D439,Drift,0.184,0.0,0.0,0.0,0.0,0.0,0.0,1.0,0.184,0.0,0.0,0.0,0.0,0.0,1.0,0.0,0.0,0.0,0.0,0.0,0.0,1.0,0.184,0.0,0.0,0.0,0.0,0.0,1.0,0.0,0.0,0.0,0.0,0.0,0.0,1.0,1.33461296332099e-09,0.0,0.0,0.0,0.0,0.0,1.0,0.0,0.0,0.0,0.0,0.0,0.0
974,Q10E,Quadrupole,0.6,0.0,0.0,0.0,0.0,0.0,0.0,1.07730047171926,0.615381855326832,0.0,0.0,0.0,0.0,0.260937668175577,1.07730047171926,0.0,0.0,0.0,0.0,0.0,0.0,0.924641370591321,0.584851164313998,0.0,0.0,0.0,0.0,-0.247991873216369,0.924641370591321,0.0,0.0,0.0,0.0,0.0,0.0,1.0,4.35199879343802e-09,0.0,0.0,0.0,0.0,0.0,1.0,0.0,0.0,0.0,0.0,0.0,0.0
975,D440,Drift,1.44485,0.0,0.0,0.0,0.0,0.0,0.0,1.0,1.44485,0.0,0.0,0.0,0.0,0.0,1.0,0.0,0.0,0.0,0.0,0.0,0.0,1.0,1.44485,0.0,0.0,0.0,0.0,0.0,1.0,0.0,0.0,0.0,0.0,0.0,0.0,1.0,1.04799757611649e-08,0.0,0.0,0.0,0.0,0.0,1.0,0.0,0.0,0.0,0.0,0.0,0.0
976,HKICK_9AE,Kicker,0.0635,0.0,0.0,0.0,0.0,0.0,0.0,1.0,0.0635,0.0,0.0,0.0,0.0,0.0,1.0,0.0,0.0,0.0,0.0,0.0,0.0,1.0,0.0635,0.0,0.0,0.0,0.0,0.0,1.0,0.0,0.0,0.0,0.0,0.0,0.0,1.0,4.6058653897219e-10,0.0,0.0,0.0,0.0,0.0,1.0,0.0,0.0,0.0,0.0,0.0,0.0
977,D441,Drift,0.06825,0.0,0.0,0.0,0.0,0.0,0.0,1.0,0.06825,0.0,0.0,0.0,0.0,0.0,1.0,0.0,0.0,0.0,0.0,0.0,0.0,1.0,0.06825,0.0,0.0,0.0,0.0,0.0,1.0,0.0,0.0,0.0,0.0,0.0,0.0,1.0,4.95039862753575e-10,0.0,0.0,0.0,0.0,0.0,1.0,0.0,0.0,0.0,0.0,0.0,0.0
978,DET_10E,Marker,0.0,0.0,0.0,0.0,0.0,0.0,0.0,1.0,0.0,0.0,0.0,0.0,0.0,0.0,1.0,0.0,0.0,0.0,0.0,0.0,0.0,1.0,0.0,0.0,0.0,0.0,0.0,0.0,1.0,0.0,0.0,0.0,0.0,0.0,0.0,1.0,0.0,0.0,0.0,0.0,0.0,0.0,1.0,0.0,0.0,0.0,0.0,0.0,0.0
979,D442,Drift,0.345,0.0,0.0,0.0,0.0,0.0,0.0,1.0,0.345,0.0,0.0,0.0,0.0,0.0,1.0,0.0,0.0,0.0,0.0,0.0,0.0,1.0,0.345,0.0,0.0,0.0,0.0,0.0,1.0,0.0,0.0,0.0,0.0,0.0,0.0,1.0,2.50239930622686e-09,0.0,0.0,0.0,0.0,0.0,1.0,0.0,0.0,0.0,0.0,0.0,0.0
980,SEX_09AE,Sextupole,0.272,0.0,0.0,0.0,0.0,0.0,0.0,1.0,0.272,0.0,0.0,0.0,0.0,0.0,1.0,0.0,0.0,0.0,0.0,0.0,0.0,1.0,0.272,0.0,0.0,0.0,0.0,0.0,1.0,0.0,0.0,0.0,0.0,0.0,0.0,1.0,1.9729061196919e-09,0.0,0.0,0.0,0.0,0.0,1.0,0.0,0.0,0.0,0.0,0.0,0.0
981,D443,Drift,0.1324,0.0,0.0,0.0,0.0,0.0,0.0,1.0,0.1324,0.0,0.0,0.0,0.0,0.0,1.0,0.0,0.0,0.0,0.0,0.0,0.0,1.0,0.1324,0.0,0.0,0.0,0.0,0.0,1.0,0.0,0.0,0.0,0.0,0.0,0.0,1.0,9.60341067085322e-10,0.0,0.0,0.0,0.0,0.0,1.0,0.0,0.0,0.0,0.0,0.0,0.0
982,Q09AE,Quadrupole,0.6,0.0,0.0,0.0,0.0,0.0,0.0,0.945669289039011,0.589093982353594,0.0,0.0,0.0,0.0,-0.179444365305026,0.945669289039011,0.0,0.0,0.0,0.0,0.0,0.0,1.05533282545301,0.611026271002888,0.0,0.0,0.0,0.0,0.186125176405209,1.05533282545301,0.0,0.0,0.0,0.0,0.0,0.0,1.0,4.35199879343802e-09,0.0,0.0,0.0,0.0,0.0,1.0,0.0,0.0,0.0,0.0,0.0,0.0
983,D444,Drift,0.0994,0.0,0.0,0.0,0.0,0.0,0.0,1.0,0.0994,0.0,0.0,0.0,0.0,0.0,1.0,0.0,0.0,0.0,0.0,0.0,0.0,1.0,0.0994,0.0,0.0,0.0,0.0,0.0,1.0,0.0,0.0,0.0,0.0,0.0,0.0,1.0,7.20981133446232e-10,0.0,0.0,0.0,0.0,0.0,1.0,0.0,0.0,0.0,0.0,0.0,0.0
984,DET_9AE,Marker,0.0,0.0,0.0,0.0,0.0,0.0,0.0,1.0,0.0,0.0,0.0,0.0,0.0,0.0,1.0,0.0,0.0,0.0,0.0,0.0,0.0,1.0,0.0,0.0,0.0,0.0,0.0,0.0,1.0,0.0,0.0,0.0,0.0,0.0,0.0,1.0,0.0,0.0,0.0,0.0,0.0,0.0,1.0,0.0,0.0,0.0,0.0,0.0,0.0
985,D445,Drift,1.912,0.0,0.0,0.0,0.0,0.0,0.0,1.0,1.912,0.0,0.0,0.0,0.0,0.0,1.0,0.0,0.0,0.0,0.0,0.0,0.0,1.0,1.912,0.0,0.0,0.0,0.0,0.0,1.0,0.0,0.0,0.0,0.0,0.0,0.0,1.0,1.38683694884225e-08,0.0,0.0,0.0,0.0,0.0,1.0,0.0,0.0,0.0,0.0,0.0,0.0
986,RF_E1,RFCavity,1.8,0.0,0.0,0.0,0.0,0.0,0.0,1.0,1.8,0.0,0.0,0.0,0.0,0.0,1.0,0.0,0.0,0.0,0.0,0.0,0.0,1.0,1.8,0.0,0.0,0.0,0.0,0.0,1.0,0.0,0.0,0.0,0.0,0.0,0.0,1.00000000001709,1.30559963803877e-08,0.0,0.0,0.0,0.0,0.00261854626171588,1.00000000001709,0.0,0.0,0.0,0.0,0.0,0.0
987,D446,Drift,0.7012,0.0,0.0,0.0,0.0,0.0,0.0,1.0,0.7012,0.0,0.0,0.0,0.0,0.0,1.0,0.0,0.0,0.0,0.0,0.0,0.0,1.0,0.7012,0.0,0.0,0.0,0.0,0.0,1.0,0.0,0.0,0.0,0.0,0.0,0.0,1.0,5.08603592326456e-09,0.0,0.0,0.0,0.0,0.0,1.0,0.0,0.0,0.0,0.0,0.0,0.0
988,RF_E2,RFCavity,1.8,0.0,0.0,0.0,0.0,0.0,0.0,1.0,1.8,0.0,0.0,0.0,0.0,0.0,1.0,0.0,0.0,0.0,0.0,0.0,0.0,1.0,1.8,0.0,0.0,0.0,0.0,0.0,1.0,0.0,0.0,0.0,0.0,0.0,0.0,1.00000000001709,1.30559963803877e-08,0.0,0.0,0.0,0.0,0.00261854626171588,1.00000000001709,0.0,0.0,0.0,0.0,0.0,0.0
989,D447,Drift,1.1394,0.0,0.0,0.0,0.0,0.0,0.0,1.0,1.1394,0.0,0.0,0.0,0.0,0.0,1.0,0.0,0.0,0.0,0.0,0.0,0.0,1.0,1.1394,0.0,0.0,0.0,0.0,0.0,1.0,0.0,0.0,0.0,0.0,0.0,0.0,1.0,8.26444570873879e-09,0.0,0.0,0.0,0.0,0.0,1.0,0.0,0.0,0.0,0.0,0.0,0.0
990,Q09E,Quadrupole,0.6,0.0,0.0,0.0,0.0,0.0,0.0,1.04591863830752,0.609155917149487,0.0,0.0,0.0,0.0,0.154222909626595,1.04591863830752,0.0,0.0,0.0,0.0,0.0,0.0,0.954773617732081,0.590927153392707,0.0,0.0,0.0,0.0,-0.149607846542874,0.954773617732081,0.0,0.0,0.0,0.0,0.0,0.0,1.0,4.35199879343802e-09,0.0,0.0,0.0,0.0,0.0,1.0,0.0,0.0,0.0,0.0,0.0,0.0
991,D448,Drift,0.0194,0.0,0.0,0.0,0.0,0.0,0.0,1.0,0.0194,0.0,0.0,0.0,0.0,0.0,1.0,0.0,0.0,0.0,0.0,0.0,0.0,1.0,0.0194,0.0,0.0,0.0,0.0,0.0,1.0,0.0,0.0,0.0,0.0,0.0,0.0,1.0,1.40714627654496e-10,0.0,0.0,0.0,0.0,0.0,1.0,0.0,0.0,0.0,0.0,0.0,0.0
992,DET_9E,Marker,0.0,0.0,0.0,0.0,0.0,0.0,0.0,1.0,0.0,0.0,0.0,0.0,0.0,0.0,1.0,0.0,0.0,0.0,0.0,0.0,0.0,1.0,0.0,0.0,0.0,0.0,0.0,0.0,1.0,0.0,0.0,0.0,0.0,0.0,0.0,1.0,0.0,0.0,0.0,0.0,0.0,0.0,1.0,0.0,0.0,0.0,0.0,0.0,0.0
993,DET_S1A,Marker,0.0,0.0,0.0,0.0,0.0,0.0,0.0,1.0,0.0,0.0,0.0,0.0,0.0,0.0,1.0,0.0,0.0,0.0,0.0,0.0,0.0,1.0,0.0,0.0,0.0,0.0,0.0,0.0,1.0,0.0,0.0,0.0,0.0,0.0,0.0,1.0,0.0,0.0,0.0,0.0,0.0,0.0,1.0,0.0,0.0,0.0,0.0,0.0,0.0
994,D449,Drift,0.32385,0.0,0.0,0.0,0.0,0.0,0.0,1.0,0.32385,0.0,0.0,0.0,0.0,0.0,1.0,0.0,0.0,0.0,0.0,0.0,0.0,1.0,0.32385,0.0,0.0,0.0,0.0,0.0,1.0,0.0,0.0,0.0,0.0,0.0,0.0,1.0,2.34899134875817e-09,0.0,0.0,0.0,0.0,0.0,1.0,0.0,0.0,0.0,0.0,0.0,0.0
995,HKICK_9E,Kicker,0.0635,0.0,0.0,0.0,0.0,0.0,0.0,1.0,0.0635,0.0,0.0,0.0,0.0,0.0,1.0,0.0,0.0,0.0,0.0,0.0,0.0,1.0,0.0635,0.0,0.0,0.0,0.0,0.0,1.0,0.0,0.0,0.0,0.0,0.0,0.0,1.0,4.6058653897219e-10,0.0,0.0,0.0,0.0,0.0,1.0,0.0,0.0,0.0,0.0,0.0,0.0
996,D450,Drift,0.87665,0.0,0.0,0.0,0.0,0.0,0.0,1.0,0.87665,0.0,0.0,0.0,0.0,0.0,1.0,0.0,0.0,0.0,0.0,0.0,0.0,1.0,0.87665,0.0,0.0,0.0,0.0,0.0,1.0,0.0,0.0,0.0,0.0,0.0,0.0,1.0,6.35863290377906e-09,0.0,0.0,0.0,0.0,0.0,1.0,0.0,0.0,0.0,0.0,0.0,0.0
997,ID_S1A#1,Wiggler,0.8845999999987089,0.0,0.0,0.0,0.0,0.0,0.0,1.0,0.884599999998709,0.0,0.0,0.0,0.0,0.0,1.0,0.0,0.0,0.0,0.0,0.0,0.0,0.999331508149064,0.884402875248837,0.0,0.0,0.0,0.0,-0.00151123075005902,0.999331508149064,0.0,0.0,0.0,0.0,0.0,0.0,1.0,1.4810602244963e-06,0.0,0.0,0.0,0.0,0.0,1.0,0.0,0.0,0.0,0.0,0.0,0.0
998,SECTOR_1,Marker,0.0,0.0,0.0,0.0,0.0,0.0,0.0,1.0,0.0,0.0,0.0,0.0,0.0,0.0,1.0,0.0,0.0,0.0,0.0,0.0,0.0,1.0,0.0,0.0,0.0,0.0,0.0,0.0,1.0,0.0,0.0,0.0,0.0,0.0,0.0,1.0,0.0,0.0,0.0,0.0,0.0,0.0,1.0,0.0,0.0,0.0,0.0,0.0,0.0
999,ID_S1A#2,Wiggler,0.2929999999998927,0.0,0.0,0.0,0.0,0.0,0.0,1.0,0.292999999999893,0.0,0.0,0.0,0.0,0.0,1.0,0.0,0.0,0.0,0.0,0.0,0.0,0.999926653301165,0.292992836437278,0.0,0.0,0.0,0.0,-0.000500653939921266,0.999926653301165,0.0,0.0,0.0,0.0,0.0,0.0,1.0,4.90561435426059e-07,0.0,0.0,0.0,0.0,0.0,1.0,0.0,0.0,0.0,0.0,0.0,0.0
1000,LS_1A1_1A2_1A3,Photon_Fork,0.0,0.0,0.0,0.0,0.0,0.0,0.0,1.0,0.0,0.0,0.0,0.0,0.0,0.0,1.0,0.0,0.0,0.0,0.0,0.0,0.0,1.0,0.0,0.0,0.0,0.0,0.0,0.0,1.0,0.0,0.0,0.0,0.0,0.0,0.0,1.0,0.0,0.0,0.0,0.0,0.0,0.0,1.0,0.0,0.0,0.0,0.0,0.0,0.0
1001,ID_S1A#3,Wiggler,1.1774000000013984,0.0,0.0,0.0,0.0,0.0,0.0,1.0,1.1774000000014,0.0,0.0,0.0,0.0,0.0,1.0,0.0,0.0,0.0,0.0,0.0,0.0,0.998815832951621,1.17693521720766,0.0,0.0,0.0,0.0,-0.00201109781621998,0.998815832951621,0.0,0.0,0.0,0.0,0.0,0.0,1.0,1.97128680570491e-06,0.0,0.0,0.0,0.0,0.0,1.0,0.0,0.0,0.0,0.0,0.0,0.0
1002,D451,Drift,0.6955,0.0,0.0,0.0,0.0,0.0,0.0,1.0,0.6955,0.0,0.0,0.0,0.0,0.0,1.0,0.0,0.0,0.0,0.0,0.0,0.0,1.0,0.6955,0.0,0.0,0.0,0.0,0.0,1.0,0.0,0.0,0.0,0.0,0.0,0.0,1.0,5.0446919347269e-09,0.0,0.0,0.0,0.0,0.0,1.0,0.0,0.0,0.0,0.0,0.0,0.0
1003,GIRDER_1AB_START,Marker,0.0,0.0,0.0,0.0,0.0,0.0,0.0,1.0,0.0,0.0,0.0,0.0,0.0,0.0,1.0,0.0,0.0,0.0,0.0,0.0,0.0,1.0,0.0,0.0,0.0,0.0,0.0,0.0,1.0,0.0,0.0,0.0,0.0,0.0,0.0,1.0,0.0,0.0,0.0,0.0,0.0,0.0,1.0,0.0,0.0,0.0,0.0,0.0,0.0
1004,VX1A,Kicker,0.0762,0.0,0.0,0.0,0.0,0.0,0.0,1.0,0.0762,0.0,0.0,0.0,0.0,0.0,1.0,0.0,0.0,0.0,0.0,0.0,0.0,1.0,0.0762,0.0,0.0,0.0,0.0,0.0,1.0,0.0,0.0,0.0,0.0,0.0,0.0,1.0,5.52703846766628e-10,0.0,0.0,0.0,0.0,0.0,1.0,0.0,0.0,0.0,0.0,0.0,0.0
1005,D452,Drift,0.1119,0.0,0.0,0.0,0.0,0.0,0.0,1.0,0.1119,0.0,0.0,0.0,0.0,0.0,1.0,0.0,0.0,0.0,0.0,0.0,0.0,1.0,0.1119,0.0,0.0,0.0,0.0,0.0,1.0,0.0,0.0,0.0,0.0,0.0,0.0,1.0,8.1164777497619e-10,0.0,0.0,0.0,0.0,0.0,1.0,0.0,0.0,0.0,0.0,0.0,0.0
1006,DET_S1C,Marker,0.0,0.0,0.0,0.0,0.0,0.0,0.0,1.0,0.0,0.0,0.0,0.0,0.0,0.0,1.0,0.0,0.0,0.0,0.0,0.0,0.0,1.0,0.0,0.0,0.0,0.0,0.0,0.0,1.0,0.0,0.0,0.0,0.0,0.0,0.0,1.0,0.0,0.0,0.0,0.0,0.0,0.0,1.0,0.0,0.0,0.0,0.0,0.0,0.0
1007,D453,Drift,0.04,0.0,0.0,0.0,0.0,0.0,0.0,1.0,0.04,0.0,0.0,0.0,0.0,0.0,1.0,0.0,0.0,0.0,0.0,0.0,0.0,1.0,0.04,0.0,0.0,0.0,0.0,0.0,1.0,0.0,0.0,0.0,0.0,0.0,0.0,1.0,2.90133252895868e-10,0.0,0.0,0.0,0.0,0.0,1.0,0.0,0.0,0.0,0.0,0.0,0.0
1008,QX1A,Quadrupole,0.4,0.0,0.0,0.0,0.0,0.0,0.0,0.872352498985699,0.38283091650554,0.0,0.0,0.0,0.0,-0.624299415770792,0.872352498985699,0.0,0.0,0.0,0.0,0.0,0.0,1.13332096325488,0.417622952299529,0.0,0.0,0.0,0.0,0.681036337171835,1.13332096325488,0.0,0.0,0.0,0.0,0.0,0.0,1.0,2.90133252895868e-09,0.0,0.0,0.0,0.0,0.0,1.0,0.0,0.0,0.0,0.0,0.0,0.0
1009,D454,Drift,0.015,0.0,0.0,0.0,0.0,0.0,0.0,1.0,0.015,0.0,0.0,0.0,0.0,0.0,1.0,0.0,0.0,0.0,0.0,0.0,0.0,1.0,0.015,0.0,0.0,0.0,0.0,0.0,1.0,0.0,0.0,0.0,0.0,0.0,0.0,1.0,1.0879996983595e-10,0.0,0.0,0.0,0.0,0.0,1.0,0.0,0.0,0.0,0.0,0.0,0.0
1010,DET_X1A,Marker,0.0,0.0,0.0,0.0,0.0,0.0,0.0,1.0,0.0,0.0,0.0,0.0,0.0,0.0,1.0,0.0,0.0,0.0,0.0,0.0,0.0,1.0,0.0,0.0,0.0,0.0,0.0,0.0,1.0,0.0,0.0,0.0,0.0,0.0,0.0,1.0,0.0,0.0,0.0,0.0,0.0,0.0,1.0,0.0,0.0,0.0,0.0,0.0,0.0
1011,D455,Drift,0.0585,0.0,0.0,0.0,0.0,0.0,0.0,1.0,0.0585,0.0,0.0,0.0,0.0,0.0,1.0,0.0,0.0,0.0,0.0,0.0,0.0,1.0,0.0585,0.0,0.0,0.0,0.0,0.0,1.0,0.0,0.0,0.0,0.0,0.0,0.0,1.0,4.24319882360207e-10,0.0,0.0,0.0,0.0,0.0,1.0,0.0,0.0,0.0,0.0,0.0,0.0
1012,HX1A,Kicker,0.169,0.0,0.0,0.0,0.0,0.0,0.0,1.0,0.169,0.0,0.0,0.0,0.0,0.0,1.0,0.0,0.0,0.0,0.0,0.0,0.0,1.0,0.169,0.0,0.0,0.0,0.0,0.0,1.0,0.0,0.0,0.0,0.0,0.0,0.0,1.0,1.22581299348504e-09,0.0,0.0,0.0,0.0,0.0,1.0,0.0,0.0,0.0,0.0,0.0,0.0
1013,D456,Drift,0.08975,0.0,0.0,0.0,0.0,0.0,0.0,1.0,0.08975,0.0,0.0,0.0,0.0,0.0,1.0,0.0,0.0,0.0,0.0,0.0,0.0,1.0,0.08975,0.0,0.0,0.0,0.0,0.0,1.0,0.0,0.0,0.0,0.0,0.0,0.0,1.0,6.50986486185103e-10,0.0,0.0,0.0,0.0,0.0,1.0,0.0,0.0,0.0,0.0,0.0,0.0
1014,DQX1B,SBend,2.3475,0.0,0.0,0.0,0.0,0.0,0.0,2.46662022074775,3.41031077202705,0.0,0.0,0.0,0.106898713651278,1.49083636456384,2.46662022074775,0.0,0.0,0.0,0.108663774971797,0.0,0.0,0.0168802374627587,1.51048486604785,0.0,0.0,0.0,0.0,-0.661850429656363,0.0168802374627587,0.0,0.0,-0.108663774971797,-0.106898713651278,0.0,0.0,1.0,-0.00246830369801031,0.0,0.0,0.0,0.0,0.0,1.0,0.0,0.0,0.0,0.0,0.0,0.0
1015,D457,Drift,0.23025,0.0,0.0,0.0,0.0,0.0,0.0,1.0,0.23025,0.0,0.0,0.0,0.0,0.0,1.0,0.0,0.0,0.0,0.0,0.0,0.0,1.0,0.23025,0.0,0.0,0.0,0.0,0.0,1.0,0.0,0.0,0.0,0.0,0.0,0.0,1.0,1.67007953698184e-09,0.0,0.0,0.0,0.0,0.0,1.0,0.0,0.0,0.0,0.0,0.0,0.0
1016,HX1B,Kicker,0.169,0.0,0.0,0.0,0.0,0.0,0.0,1.0,0.169,0.0,0.0,0.0,0.0,0.0,1.0,0.0,0.0,0.0,0.0,0.0,0.0,1.0,0.169,0.0,0.0,0.0,0.0,0.0,1.0,0.0,0.0,0.0,0.0,0.0,0.0,1.0,1.22581299348504e-09,0.0,0.0,0.0,0.0,0.0,1.0,0.0,0.0,0.0,0.0,0.0,0.0
1017,D458,Drift,0.107,0.0,0.0,0.0,0.0,0.0,0.0,1.0,0.107,0.0,0.0,0.0,0.0,0.0,1.0,0.0,0.0,0.0,0.0,0.0,0.0,1.0,0.107,0.0,0.0,0.0,0.0,0.0,1.0,0.0,0.0,0.0,0.0,0.0,0.0,1.0,7.76106451496446e-10,0.0,0.0,0.0,0.0,0.0,1.0,0.0,0.0,0.0,0.0,0.0,0.0
1018,DET_X1B,Marker,0.0,0.0,0.0,0.0,0.0,0.0,0.0,1.0,0.0,0.0,0.0,0.0,0.0,0.0,1.0,0.0,0.0,0.0,0.0,0.0,0.0,1.0,0.0,0.0,0.0,0.0,0.0,0.0,1.0,0.0,0.0,0.0,0.0,0.0,0.0,1.0,0.0,0.0,0.0,0.0,0.0,0.0,1.0,0.0,0.0,0.0,0.0,0.0,0.0
1019,D459,Drift,0.033,0.0,0.0,0.0,0.0,0.0,0.0,1.0,0.033,0.0,0.0,0.0,0.0,0.0,1.0,0.0,0.0,0.0,0.0,0.0,0.0,1.0,0.033,0.0,0.0,0.0,0.0,0.0,1.0,0.0,0.0,0.0,0.0,0.0,0.0,1.0,2.39359933639091e-10,0.0,0.0,0.0,0.0,0.0,1.0,0.0,0.0,0.0,0.0,0.0,0.0
1020,VX1B,Kicker,0.268,0.0,0.0,0.0,0.0,0.0,0.0,1.0,0.268,0.0,0.0,0.0,0.0,0.0,1.0,0.0,0.0,0.0,0.0,0.0,0.0,1.0,0.268,0.0,0.0,0.0,0.0,0.0,1.0,0.0,0.0,0.0,0.0,0.0,0.0,1.0,1.94389279440231e-09,0.0,0.0,0.0,0.0,0.0,1.0,0.0,0.0,0.0,0.0,0.0,0.0
1021,D460,Drift,0.061,0.0,0.0,0.0,0.0,0.0,0.0,1.0,0.061,0.0,0.0,0.0,0.0,0.0,1.0,0.0,0.0,0.0,0.0,0.0,0.0,1.0,0.061,0.0,0.0,0.0,0.0,0.0,1.0,0.0,0.0,0.0,0.0,0.0,0.0,1.0,4.42453210666198e-10,0.0,0.0,0.0,0.0,0.0,1.0,0.0,0.0,0.0,0.0,0.0,0.0
1022,QX1B,Quadrupole,0.362,0.0,0.0,0.0,0.0,0.0,0.0,0.90970182006935,0.351036976616797,0.0,0.0,0.0,0.0,-0.491237704427805,0.90970182006935,0.0,0.0,0.0,0.0,0.0,0.0,1.09310063968775,0.373165919664559,0.0,0.0,0.0,0.0,0.522204730434479,1.09310063968775,0.0,0.0,0.0,0.0,0.0,0.0,1.0,2.6257059387076e-09,0.0,0.0,0.0,0.0,0.0,1.0,0.0,0.0,0.0,0.0,0.0,0.0
1023,GIRDER_1AB_END,Marker,0.0,0.0,0.0,0.0,0.0,0.0,0.0,1.0,0.0,0.0,0.0,0.0,0.0,0.0,1.0,0.0,0.0,0.0,0.0,0.0,0.0,1.0,0.0,0.0,0.0,0.0,0.0,0.0,1.0,0.0,0.0,0.0,0.0,0.0,0.0,1.0,0.0,0.0,0.0,0.0,0.0,0.0,1.0,0.0,0.0,0.0,0.0,0.0,0.0
1024,D461,Drift,0.367,0.0,0.0,0.0,0.0,0.0,0.0,1.0,0.367,0.0,0.0,0.0,0.0,0.0,1.0,0.0,0.0,0.0,0.0,0.0,0.0,1.0,0.367,0.0,0.0,0.0,0.0,0.0,1.0,0.0,0.0,0.0,0.0,0.0,0.0,1.0,2.66197259531959e-09,0.0,0.0,0.0,0.0,0.0,1.0,0.0,0.0,0.0,0.0,0.0,0.0
1025,GIRDER_1CD_START,Marker,0.0,0.0,0.0,0.0,0.0,0.0,0.0,1.0,0.0,0.0,0.0,0.0,0.0,0.0,1.0,0.0,0.0,0.0,0.0,0.0,0.0,1.0,0.0,0.0,0.0,0.0,0.0,0.0,1.0,0.0,0.0,0.0,0.0,0.0,0.0,1.0,0.0,0.0,0.0,0.0,0.0,0.0,1.0,0.0,0.0,0.0,0.0,0.0,0.0
1026,QX1C,Quadrupole,0.362,0.0,0.0,0.0,0.0,0.0,0.0,0.90970182006935,0.351036976616797,0.0,0.0,0.0,0.0,-0.491237704427805,0.90970182006935,0.0,0.0,0.0,0.0,0.0,0.0,1.09310063968775,0.373165919664559,0.0,0.0,0.0,0.0,0.522204730434479,1.09310063968775,0.0,0.0,0.0,0.0,0.0,0.0,1.0,2.6257059387076e-09,0.0,0.0,0.0,0.0,0.0,1.0,0.0,0.0,0.0,0.0,0.0,0.0
1027,D462,Drift,0.106,0.0,0.0,0.0,0.0,0.0,0.0,1.0,0.106,0.0,0.0,0.0,0.0,0.0,1.0,0.0,0.0,0.0,0.0,0.0,0.0,1.0,0.106,0.0,0.0,0.0,0.0,0.0,1.0,0.0,0.0,0.0,0.0,0.0,0.0,1.0,7.6885312017405e-10,0.0,0.0,0.0,0.0,0.0,1.0,0.0,0.0,0.0,0.0,0.0,0.0
1028,VX1C#1,Kicker,0.07599999999999274,0.0,0.0,0.0,0.0,0.0,0.0,1.0,0.0759999999999927,0.0,0.0,0.0,0.0,0.0,1.0,0.0,0.0,0.0,0.0,0.0,0.0,1.0,0.0759999999999927,0.0,0.0,0.0,0.0,0.0,1.0,0.0,0.0,0.0,0.0,0.0,0.0,1.0,5.51253180502096e-10,0.0,0.0,0.0,0.0,0.0,1.0,0.0,0.0,0.0,0.0,0.0,0.0
1029,DET_X1C,Marker,0.0,0.0,0.0,0.0,0.0,0.0,0.0,1.0,0.0,0.0,0.0,0.0,0.0,0.0,1.0,0.0,0.0,0.0,0.0,0.0,0.0,1.0,0.0,0.0,0.0,0.0,0.0,0.0,1.0,0.0,0.0,0.0,0.0,0.0,0.0,1.0,0.0,0.0,0.0,0.0,0.0,0.0,1.0,0.0,0.0,0.0,0.0,0.0,0.0
1030,VX1C#2,Kicker,0.19200000000000728,0.0,0.0,0.0,0.0,0.0,0.0,1.0,0.192000000000007,0.0,0.0,0.0,0.0,0.0,1.0,0.0,0.0,0.0,0.0,0.0,0.0,1.0,0.192000000000007,0.0,0.0,0.0,0.0,0.0,1.0,0.0,0.0,0.0,0.0,0.0,0.0,1.0,1.39263961390022e-09,0.0,0.0,0.0,0.0,0.0,1.0,0.0,0.0,0.0,0.0,0.0,0.0
1031,D463,Drift,0.095,0.0,0.0,0.0,0.0,0.0,0.0,1.0,0.095,0.0,0.0,0.0,0.0,0.0,1.0,0.0,0.0,0.0,0.0,0.0,0.0,1.0,0.095,0.0,0.0,0.0,0.0,0.0,1.0,0.0,0.0,0.0,0.0,0.0,0.0,1.0,6.89066475627686e-10,0.0,0.0,0.0,0.0,0.0,1.0,0.0,0.0,0.0,0.0,0.0,0.0
1032,HX1C,Kicker,0.169,0.0,0.0,0.0,0.0,0.0,0.0,1.0,0.169,0.0,0.0,0.0,0.0,0.0,1.0,0.0,0.0,0.0,0.0,0.0,0.0,1.0,0.169,0.0,0.0,0.0,0.0,0.0,1.0,0.0,0.0,0.0,0.0,0.0,0.0,1.0,1.22581299348504e-09,0.0,0.0,0.0,0.0,0.0,1.0,0.0,0.0,0.0,0.0,0.0,0.0
1033,D464,Drift,0.23025,0.0,0.0,0.0,0.0,0.0,0.0,1.0,0.23025,0.0,0.0,0.0,0.0,0.0,1.0,0.0,0.0,0.0,0.0,0.0,0.0,1.0,0.23025,0.0,0.0,0.0,0.0,0.0,1.0,0.0,0.0,0.0,0.0,0.0,0.0,1.0,1.67007953698184e-09,0.0,0.0,0.0,0.0,0.0,1.0,0.0,0.0,0.0,0.0,0.0,0.0
1034,DQX1D,SBend,2.3475,0.0,0.0,0.0,0.0,0.0,0.0,2.46662022074775,3.41031077202705,0.0,0.0,0.0,0.106898713651278,1.49083636456384,2.46662022074775,0.0,0.0,0.0,0.108663774971797,0.0,0.0,0.0168802374627587,1.51048486604785,0.0,0.0,0.0,0.0,-0.661850429656363,0.0168802374627587,0.0,0.0,-0.108663774971797,-0.106898713651278,0.0,0.0,1.0,-0.00246830369801031,0.0,0.0,0.0,0.0,0.0,1.0,0.0,0.0,0.0,0.0,0.0,0.0
1035,D465,Drift,0.08975,0.0,0.0,0.0,0.0,0.0,0.0,1.0,0.08975,0.0,0.0,0.0,0.0,0.0,1.0,0.0,0.0,0.0,0.0,0.0,0.0,1.0,0.08975,0.0,0.0,0.0,0.0,0.0,1.0,0.0,0.0,0.0,0.0,0.0,0.0,1.0,6.50986486185103e-10,0.0,0.0,0.0,0.0,0.0,1.0,0.0,0.0,0.0,0.0,0.0,0.0
1036,HX1D,Kicker,0.169,0.0,0.0,0.0,0.0,0.0,0.0,1.0,0.169,0.0,0.0,0.0,0.0,0.0,1.0,0.0,0.0,0.0,0.0,0.0,0.0,1.0,0.169,0.0,0.0,0.0,0.0,0.0,1.0,0.0,0.0,0.0,0.0,0.0,0.0,1.0,1.22581299348504e-09,0.0,0.0,0.0,0.0,0.0,1.0,0.0,0.0,0.0,0.0,0.0,0.0
1037,D466,Drift,0.0735,0.0,0.0,0.0,0.0,0.0,0.0,1.0,0.0735,0.0,0.0,0.0,0.0,0.0,1.0,0.0,0.0,0.0,0.0,0.0,0.0,1.0,0.0735,0.0,0.0,0.0,0.0,0.0,1.0,0.0,0.0,0.0,0.0,0.0,0.0,1.0,5.33119852196157e-10,0.0,0.0,0.0,0.0,0.0,1.0,0.0,0.0,0.0,0.0,0.0,0.0
1038,QX1D,Quadrupole,0.4,0.0,0.0,0.0,0.0,0.0,0.0,0.879350751949285,0.383780184419823,0.0,0.0,0.0,0.0,-0.590812825286961,0.879350751949285,0.0,0.0,0.0,0.0,0.0,0.0,1.12570527217046,0.416624291017893,0.0,0.0,0.0,0.0,0.641374892326891,1.12570527217046,0.0,0.0,0.0,0.0,0.0,0.0,1.0,2.90133252895868e-09,0.0,0.0,0.0,0.0,0.0,1.0,0.0,0.0,0.0,0.0,0.0,0.0
1039,D467,Drift,0.024,0.0,0.0,0.0,0.0,0.0,0.0,1.0,0.024,0.0,0.0,0.0,0.0,0.0,1.0,0.0,0.0,0.0,0.0,0.0,0.0,1.0,0.024,0.0,0.0,0.0,0.0,0.0,1.0,0.0,0.0,0.0,0.0,0.0,0.0,1.0,1.74079951737521e-10,0.0,0.0,0.0,0.0,0.0,1.0,0.0,0.0,0.0,0.0,0.0,0.0
1040,DET_X1D,Marker,0.0,0.0,0.0,0.0,0.0,0.0,0.0,1.0,0.0,0.0,0.0,0.0,0.0,0.0,1.0,0.0,0.0,0.0,0.0,0.0,0.0,1.0,0.0,0.0,0.0,0.0,0.0,0.0,1.0,0.0,0.0,0.0,0.0,0.0,0.0,1.0,0.0,0.0,0.0,0.0,0.0,0.0,1.0,0.0,0.0,0.0,0.0,0.0,0.0
1041,D468,Drift,0.08,0.0,0.0,0.0,0.0,0.0,0.0,1.0,0.08,0.0,0.0,0.0,0.0,0.0,1.0,0.0,0.0,0.0,0.0,0.0,0.0,1.0,0.08,0.0,0.0,0.0,0.0,0.0,1.0,0.0,0.0,0.0,0.0,0.0,0.0,1.0,5.80266505791736e-10,0.0,0.0,0.0,0.0,0.0,1.0,0.0,0.0,0.0,0.0,0.0,0.0
1042,DET_S2A,Marker,0.0,0.0,0.0,0.0,0.0,0.0,0.0,1.0,0.0,0.0,0.0,0.0,0.0,0.0,1.0,0.0,0.0,0.0,0.0,0.0,0.0,1.0,0.0,0.0,0.0,0.0,0.0,0.0,1.0,0.0,0.0,0.0,0.0,0.0,0.0,1.0,0.0,0.0,0.0,0.0,0.0,0.0,1.0,0.0,0.0,0.0,0.0,0.0,0.0
1043,D469,Drift,0.0249,0.0,0.0,0.0,0.0,0.0,0.0,1.0,0.0249,0.0,0.0,0.0,0.0,0.0,1.0,0.0,0.0,0.0,0.0,0.0,0.0,1.0,0.0249,0.0,0.0,0.0,0.0,0.0,1.0,0.0,0.0,0.0,0.0,0.0,0.0,1.0,1.80607949927678e-10,0.0,0.0,0.0,0.0,0.0,1.0,0.0,0.0,0.0,0.0,0.0,0.0
1044,VX1D,Kicker,0.0762,0.0,0.0,0.0,0.0,0.0,0.0,1.0,0.0762,0.0,0.0,0.0,0.0,0.0,1.0,0.0,0.0,0.0,0.0,0.0,0.0,1.0,0.0762,0.0,0.0,0.0,0.0,0.0,1.0,0.0,0.0,0.0,0.0,0.0,0.0,1.0,5.52703846766628e-10,0.0,0.0,0.0,0.0,0.0,1.0,0.0,0.0,0.0,0.0,0.0,0.0
1045,GIRDER_1CD_END,Marker,0.0,0.0,0.0,0.0,0.0,0.0,0.0,1.0,0.0,0.0,0.0,0.0,0.0,0.0,1.0,0.0,0.0,0.0,0.0,0.0,0.0,1.0,0.0,0.0,0.0,0.0,0.0,0.0,1.0,0.0,0.0,0.0,0.0,0.0,0.0,1.0,0.0,0.0,0.0,0.0,0.0,0.0,1.0,0.0,0.0,0.0,0.0,0.0,0.0
1046,D470,Drift,0.2249,0.0,0.0,0.0,0.0,0.0,0.0,1.0,0.2249,0.0,0.0,0.0,0.0,0.0,1.0,0.0,0.0,0.0,0.0,0.0,0.0,1.0,0.2249,0.0,0.0,0.0,0.0,0.0,1.0,0.0,0.0,0.0,0.0,0.0,0.0,1.0,1.63127421440702e-09,0.0,0.0,0.0,0.0,0.0,1.0,0.0,0.0,0.0,0.0,0.0,0.0
1047,HS2A,SBend,0.11,0.0,0.0,0.0,0.0,0.0,0.0,1.0,0.11,0.0,0.0,0.0,0.0,0.0,1.0,0.0,0.0,0.0,0.0,0.0,0.0,1.0,0.11,0.0,0.0,0.0,0.0,0.0,1.0,0.0,0.0,0.0,0.0,0.0,0.0,1.0,7.97866445463637e-10,0.0,0.0,0.0,0.0,0.0,1.0,0.0,0.0,0.0,0.0,0.0,0.0
1048,D471,Drift,0.049,0.0,0.0,0.0,0.0,0.0,0.0,1.0,0.049,0.0,0.0,0.0,0.0,0.0,1.0,0.0,0.0,0.0,0.0,0.0,0.0,1.0,0.049,0.0,0.0,0.0,0.0,0.0,1.0,0.0,0.0,0.0,0.0,0.0,0.0,1.0,3.55413234797438e-10,0.0,0.0,0.0,0.0,0.0,1.0,0.0,0.0,0.0,0.0,0.0,0.0
1049,UNDS2A#1,Drift,0.741999999999015,0.0,0.0,0.0,0.0,0.0,0.0,1.0,0.741999999999015,0.0,0.0,0.0,0.0,0.0,1.0,0.0,0.0,0.0,0.0,0.0,0.0,1.0,0.741999999999015,0.0,0.0,0.0,0.0,0.0,1.0,0.0,0.0,0.0,0.0,0.0,0.0,1.0,5.3819718412112e-09,0.0,0.0,0.0,0.0,0.0,1.0,0.0,0.0,0.0,0.0,0.0,0.0
1050,LS_2A,Photon_Fork,0.0,0.0,0.0,0.0,0.0,0.0,0.0,1.0,0.0,0.0,0.0,0.0,0.0,0.0,1.0,0.0,0.0,0.0,0.0,0.0,0.0,1.0,0.0,0.0,0.0,0.0,0.0,0.0,1.0,0.0,0.0,0.0,0.0,0.0,0.0,1.0,0.0,0.0,0.0,0.0,0.0,0.0,1.0,0.0,0.0,0.0,0.0,0.0,0.0
1051,UNDS2A#2,Drift,0.742000000000985,0.0,0.0,0.0,0.0,0.0,0.0,1.0,0.742000000000985,0.0,0.0,0.0,0.0,0.0,1.0,0.0,0.0,0.0,0.0,0.0,0.0,1.0,0.742000000000985,0.0,0.0,0.0,0.0,0.0,1.0,0.0,0.0,0.0,0.0,0.0,0.0,1.0,5.38197184122549e-09,0.0,0.0,0.0,0.0,0.0,1.0,0.0,0.0,0.0,0.0,0.0,0.0
1052,D472,Drift,0.217,0.0,0.0,0.0,0.0,0.0,0.0,1.0,0.217,0.0,0.0,0.0,0.0,0.0,1.0,0.0,0.0,0.0,0.0,0.0,0.0,1.0,0.217,0.0,0.0,0.0,0.0,0.0,1.0,0.0,0.0,0.0,0.0,0.0,0.0,1.0,1.57397289696008e-09,0.0,0.0,0.0,0.0,0.0,1.0,0.0,0.0,0.0,0.0,0.0,0.0
1053,HS2B,SBend,0.05,0.0,0.0,0.0,0.0,0.0,0.0,1.0,0.05,0.0,0.0,0.0,0.0,0.0,1.0,0.0,0.0,0.0,0.0,0.0,0.0,1.0,0.05,0.0,0.0,0.0,0.0,0.0,1.0,0.0,0.0,0.0,0.0,0.0,0.0,1.0,3.62666566119835e-10,0.0,0.0,0.0,0.0,0.0,1.0,0.0,0.0,0.0,0.0,0.0,0.0
1054,D473#1,Drift,0.05399999999910776,0.0,0.0,0.0,0.0,0.0,0.0,1.0,0.0539999999991078,0.0,0.0,0.0,0.0,0.0,1.0,0.0,0.0,0.0,0.0,0.0,0.0,1.0,0.0539999999991078,0.0,0.0,0.0,0.0,0.0,1.0,0.0,0.0,0.0,0.0,0.0,0.0,1.0,3.9167989140295e-10,0.0,0.0,0.0,0.0,0.0,1.0,0.0,0.0,0.0,0.0,0.0,0.0
1055,SECTOR_2,Marker,0.0,0.0,0.0,0.0,0.0,0.0,0.0,1.0,0.0,0.0,0.0,0.0,0.0,0.0,1.0,0.0,0.0,0.0,0.0,0.0,0.0,1.0,0.0,0.0,0.0,0.0,0.0,0.0,1.0,0.0,0.0,0.0,0.0,0.0,0.0,1.0,0.0,0.0,0.0,0.0,0.0,0.0,1.0,0.0,0.0,0.0,0.0,0.0,0.0
1056,D473#2,Drift,0.2940000000008922,0.0,0.0,0.0,0.0,0.0,0.0,1.0,0.294000000000892,0.0,0.0,0.0,0.0,0.0,1.0,0.0,0.0,0.0,0.0,0.0,0.0,1.0,0.294000000000892,0.0,0.0,0.0,0.0,0.0,1.0,0.0,0.0,0.0,0.0,0.0,0.0,1.0,2.1324794087911e-09,0.0,0.0,0.0,0.0,0.0,1.0,0.0,0.0,0.0,0.0,0.0,0.0
1057,UNDS2B#1,Drift,0.741999999999015,0.0,0.0,0.0,0.0,0.0,0.0,1.0,0.741999999999015,0.0,0.0,0.0,0.0,0.0,1.0,0.0,0.0,0.0,0.0,0.0,0.0,1.0,0.741999999999015,0.0,0.0,0.0,0.0,0.0,1.0,0.0,0.0,0.0,0.0,0.0,0.0,1.0,5.3819718412112e-09,0.0,0.0,0.0,0.0,0.0,1.0,0.0,0.0,0.0,0.0,0.0,0.0
1058,LS_2B,Photon_Fork,0.0,0.0,0.0,0.0,0.0,0.0,0.0,1.0,0.0,0.0,0.0,0.0,0.0,0.0,1.0,0.0,0.0,0.0,0.0,0.0,0.0,1.0,0.0,0.0,0.0,0.0,0.0,0.0,1.0,0.0,0.0,0.0,0.0,0.0,0.0,1.0,0.0,0.0,0.0,0.0,0.0,0.0,1.0,0.0,0.0,0.0,0.0,0.0,0.0
1059,UNDS2B#2,Drift,0.742000000000985,0.0,0.0,0.0,0.0,0.0,0.0,1.0,0.742000000000985,0.0,0.0,0.0,0.0,0.0,1.0,0.0,0.0,0.0,0.0,0.0,0.0,1.0,0.742000000000985,0.0,0.0,0.0,0.0,0.0,1.0,0.0,0.0,0.0,0.0,0.0,0.0,1.0,5.38197184122549e-09,0.0,0.0,0.0,0.0,0.0,1.0,0.0,0.0,0.0,0.0,0.0,0.0
1060,D474,Drift,0.066,0.0,0.0,0.0,0.0,0.0,0.0,1.0,0.066,0.0,0.0,0.0,0.0,0.0,1.0,0.0,0.0,0.0,0.0,0.0,0.0,1.0,0.066,0.0,0.0,0.0,0.0,0.0,1.0,0.0,0.0,0.0,0.0,0.0,0.0,1.0,4.78719867278182e-10,0.0,0.0,0.0,0.0,0.0,1.0,0.0,0.0,0.0,0.0,0.0,0.0
1061,HS2C,SBend,0.11,0.0,0.0,0.0,0.0,0.0,0.0,1.0,0.11,0.0,0.0,0.0,0.0,0.0,1.0,0.0,0.0,0.0,0.0,0.0,0.0,1.0,0.11,0.0,0.0,0.0,0.0,0.0,1.0,0.0,0.0,0.0,0.0,0.0,0.0,1.0,7.97866445463637e-10,0.0,0.0,0.0,0.0,0.0,1.0,0.0,0.0,0.0,0.0,0.0,0.0
1062,D475,Drift,0.2119,0.0,0.0,0.0,0.0,0.0,0.0,1.0,0.2119,0.0,0.0,0.0,0.0,0.0,1.0,0.0,0.0,0.0,0.0,0.0,0.0,1.0,0.2119,0.0,0.0,0.0,0.0,0.0,1.0,0.0,0.0,0.0,0.0,0.0,0.0,1.0,1.53698090721586e-09,0.0,0.0,0.0,0.0,0.0,1.0,0.0,0.0,0.0,0.0,0.0,0.0
1063,GIRDER_2AB_START,Marker,0.0,0.0,0.0,0.0,0.0,0.0,0.0,1.0,0.0,0.0,0.0,0.0,0.0,0.0,1.0,0.0,0.0,0.0,0.0,0.0,0.0,1.0,0.0,0.0,0.0,0.0,0.0,0.0,1.0,0.0,0.0,0.0,0.0,0.0,0.0,1.0,0.0,0.0,0.0,0.0,0.0,0.0,1.0,0.0,0.0,0.0,0.0,0.0,0.0
1064,VX2A,Kicker,0.0762,0.0,0.0,0.0,0.0,0.0,0.0,1.0,0.0762,0.0,0.0,0.0,0.0,0.0,1.0,0.0,0.0,0.0,0.0,0.0,0.0,1.0,0.0762,0.0,0.0,0.0,0.0,0.0,1.0,0.0,0.0,0.0,0.0,0.0,0.0,1.0,5.52703846766628e-10,0.0,0.0,0.0,0.0,0.0,1.0,0.0,0.0,0.0,0.0,0.0,0.0
1065,D476,Drift,0.1119,0.0,0.0,0.0,0.0,0.0,0.0,1.0,0.1119,0.0,0.0,0.0,0.0,0.0,1.0,0.0,0.0,0.0,0.0,0.0,0.0,1.0,0.1119,0.0,0.0,0.0,0.0,0.0,1.0,0.0,0.0,0.0,0.0,0.0,0.0,1.0,8.1164777497619e-10,0.0,0.0,0.0,0.0,0.0,1.0,0.0,0.0,0.0,0.0,0.0,0.0
1066,DET_S2C,Marker,0.0,0.0,0.0,0.0,0.0,0.0,0.0,1.0,0.0,0.0,0.0,0.0,0.0,0.0,1.0,0.0,0.0,0.0,0.0,0.0,0.0,1.0,0.0,0.0,0.0,0.0,0.0,0.0,1.0,0.0,0.0,0.0,0.0,0.0,0.0,1.0,0.0,0.0,0.0,0.0,0.0,0.0,1.0,0.0,0.0,0.0,0.0,0.0,0.0
1067,D477,Drift,0.04,0.0,0.0,0.0,0.0,0.0,0.0,1.0,0.04,0.0,0.0,0.0,0.0,0.0,1.0,0.0,0.0,0.0,0.0,0.0,0.0,1.0,0.04,0.0,0.0,0.0,0.0,0.0,1.0,0.0,0.0,0.0,0.0,0.0,0.0,1.0,2.90133252895868e-10,0.0,0.0,0.0,0.0,0.0,1.0,0.0,0.0,0.0,0.0,0.0,0.0
1068,QX2A,Quadrupole,0.4,0.0,0.0,0.0,0.0,0.0,0.0,0.879350751949285,0.383780184419823,0.0,0.0,0.0,0.0,-0.590812825286961,0.879350751949285,0.0,0.0,0.0,0.0,0.0,0.0,1.12570527217046,0.416624291017893,0.0,0.0,0.0,0.0,0.641374892326891,1.12570527217046,0.0,0.0,0.0,0.0,0.0,0.0,1.0,2.90133252895868e-09,0.0,0.0,0.0,0.0,0.0,1.0,0.0,0.0,0.0,0.0,0.0,0.0
1069,D478,Drift,0.015,0.0,0.0,0.0,0.0,0.0,0.0,1.0,0.015,0.0,0.0,0.0,0.0,0.0,1.0,0.0,0.0,0.0,0.0,0.0,0.0,1.0,0.015,0.0,0.0,0.0,0.0,0.0,1.0,0.0,0.0,0.0,0.0,0.0,0.0,1.0,1.0879996983595e-10,0.0,0.0,0.0,0.0,0.0,1.0,0.0,0.0,0.0,0.0,0.0,0.0
1070,DET_X2A,Marker,0.0,0.0,0.0,0.0,0.0,0.0,0.0,1.0,0.0,0.0,0.0,0.0,0.0,0.0,1.0,0.0,0.0,0.0,0.0,0.0,0.0,1.0,0.0,0.0,0.0,0.0,0.0,0.0,1.0,0.0,0.0,0.0,0.0,0.0,0.0,1.0,0.0,0.0,0.0,0.0,0.0,0.0,1.0,0.0,0.0,0.0,0.0,0.0,0.0
1071,D479,Drift,0.0585,0.0,0.0,0.0,0.0,0.0,0.0,1.0,0.0585,0.0,0.0,0.0,0.0,0.0,1.0,0.0,0.0,0.0,0.0,0.0,0.0,1.0,0.0585,0.0,0.0,0.0,0.0,0.0,1.0,0.0,0.0,0.0,0.0,0.0,0.0,1.0,4.24319882360207e-10,0.0,0.0,0.0,0.0,0.0,1.0,0.0,0.0,0.0,0.0,0.0,0.0
1072,HX2A,Kicker,0.169,0.0,0.0,0.0,0.0,0.0,0.0,1.0,0.169,0.0,0.0,0.0,0.0,0.0,1.0,0.0,0.0,0.0,0.0,0.0,0.0,1.0,0.169,0.0,0.0,0.0,0.0,0.0,1.0,0.0,0.0,0.0,0.0,0.0,0.0,1.0,1.22581299348504e-09,0.0,0.0,0.0,0.0,0.0,1.0,0.0,0.0,0.0,0.0,0.0,0.0
1073,D480,Drift,0.08975,0.0,0.0,0.0,0.0,0.0,0.0,1.0,0.08975,0.0,0.0,0.0,0.0,0.0,1.0,0.0,0.0,0.0,0.0,0.0,0.0,1.0,0.08975,0.0,0.0,0.0,0.0,0.0,1.0,0.0,0.0,0.0,0.0,0.0,0.0,1.0,6.50986486185103e-10,0.0,0.0,0.0,0.0,0.0,1.0,0.0,0.0,0.0,0.0,0.0,0.0
1074,DQX2B,SBend,2.3475,0.0,0.0,0.0,0.0,0.0,0.0,2.46662022074775,3.41031077202705,0.0,0.0,0.0,0.106898713651278,1.49083636456384,2.46662022074775,0.0,0.0,0.0,0.108663774971797,0.0,0.0,0.0168802374627587,1.51048486604785,0.0,0.0,0.0,0.0,-0.661850429656363,0.0168802374627587,0.0,0.0,-0.108663774971797,-0.106898713651278,0.0,0.0,1.0,-0.00246830369801031,0.0,0.0,0.0,0.0,0.0,1.0,0.0,0.0,0.0,0.0,0.0,0.0
1075,D481,Drift,0.22925,0.0,0.0,0.0,0.0,0.0,0.0,1.0,0.22925,0.0,0.0,0.0,0.0,0.0,1.0,0.0,0.0,0.0,0.0,0.0,0.0,1.0,0.22925,0.0,0.0,0.0,0.0,0.0,1.0,0.0,0.0,0.0,0.0,0.0,0.0,1.0,1.66282620565944e-09,0.0,0.0,0.0,0.0,0.0,1.0,0.0,0.0,0.0,0.0,0.0,0.0
1076,HX2B,Kicker,0.169,0.0,0.0,0.0,0.0,0.0,0.0,1.0,0.169,0.0,0.0,0.0,0.0,0.0,1.0,0.0,0.0,0.0,0.0,0.0,0.0,1.0,0.169,0.0,0.0,0.0,0.0,0.0,1.0,0.0,0.0,0.0,0.0,0.0,0.0,1.0,1.22581299348504e-09,0.0,0.0,0.0,0.0,0.0,1.0,0.0,0.0,0.0,0.0,0.0,0.0
1077,D482,Drift,0.108,0.0,0.0,0.0,0.0,0.0,0.0,1.0,0.108,0.0,0.0,0.0,0.0,0.0,1.0,0.0,0.0,0.0,0.0,0.0,0.0,1.0,0.108,0.0,0.0,0.0,0.0,0.0,1.0,0.0,0.0,0.0,0.0,0.0,0.0,1.0,7.83359782818843e-10,0.0,0.0,0.0,0.0,0.0,1.0,0.0,0.0,0.0,0.0,0.0,0.0
1078,DET_X2B,Marker,0.0,0.0,0.0,0.0,0.0,0.0,0.0,1.0,0.0,0.0,0.0,0.0,0.0,0.0,1.0,0.0,0.0,0.0,0.0,0.0,0.0,1.0,0.0,0.0,0.0,0.0,0.0,0.0,1.0,0.0,0.0,0.0,0.0,0.0,0.0,1.0,0.0,0.0,0.0,0.0,0.0,0.0,1.0,0.0,0.0,0.0,0.0,0.0,0.0
1079,D483,Drift,0.041,0.0,0.0,0.0,0.0,0.0,0.0,1.0,0.041,0.0,0.0,0.0,0.0,0.0,1.0,0.0,0.0,0.0,0.0,0.0,0.0,1.0,0.041,0.0,0.0,0.0,0.0,0.0,1.0,0.0,0.0,0.0,0.0,0.0,0.0,1.0,2.97386584218265e-10,0.0,0.0,0.0,0.0,0.0,1.0,0.0,0.0,0.0,0.0,0.0,0.0
1080,VX2B,Kicker,0.268,0.0,0.0,0.0,0.0,0.0,0.0,1.0,0.268,0.0,0.0,0.0,0.0,0.0,1.0,0.0,0.0,0.0,0.0,0.0,0.0,1.0,0.268,0.0,0.0,0.0,0.0,0.0,1.0,0.0,0.0,0.0,0.0,0.0,0.0,1.0,1.94389279440231e-09,0.0,0.0,0.0,0.0,0.0,1.0,0.0,0.0,0.0,0.0,0.0,0.0
1081,D484,Drift,0.053,0.0,0.0,0.0,0.0,0.0,0.0,1.0,0.053,0.0,0.0,0.0,0.0,0.0,1.0,0.0,0.0,0.0,0.0,0.0,0.0,1.0,0.053,0.0,0.0,0.0,0.0,0.0,1.0,0.0,0.0,0.0,0.0,0.0,0.0,1.0,3.84426560087025e-10,0.0,0.0,0.0,0.0,0.0,1.0,0.0,0.0,0.0,0.0,0.0,0.0
1082,QX2B,Quadrupole,0.362,0.0,0.0,0.0,0.0,0.0,0.0,0.90970182006935,0.351036976616797,0.0,0.0,0.0,0.0,-0.491237704427805,0.90970182006935,0.0,0.0,0.0,0.0,0.0,0.0,1.09310063968775,0.373165919664559,0.0,0.0,0.0,0.0,0.522204730434479,1.09310063968775,0.0,0.0,0.0,0.0,0.0,0.0,1.0,2.6257059387076e-09,0.0,0.0,0.0,0.0,0.0,1.0,0.0,0.0,0.0,0.0,0.0,0.0
1083,GIRDER_2AB_END,Marker,0.0,0.0,0.0,0.0,0.0,0.0,0.0,1.0,0.0,0.0,0.0,0.0,0.0,0.0,1.0,0.0,0.0,0.0,0.0,0.0,0.0,1.0,0.0,0.0,0.0,0.0,0.0,0.0,1.0,0.0,0.0,0.0,0.0,0.0,0.0,1.0,0.0,0.0,0.0,0.0,0.0,0.0,1.0,0.0,0.0,0.0,0.0,0.0,0.0
1084,D485,Drift,0.367,0.0,0.0,0.0,0.0,0.0,0.0,1.0,0.367,0.0,0.0,0.0,0.0,0.0,1.0,0.0,0.0,0.0,0.0,0.0,0.0,1.0,0.367,0.0,0.0,0.0,0.0,0.0,1.0,0.0,0.0,0.0,0.0,0.0,0.0,1.0,2.66197259531959e-09,0.0,0.0,0.0,0.0,0.0,1.0,0.0,0.0,0.0,0.0,0.0,0.0
1085,GIRDER_2CD_START,Marker,0.0,0.0,0.0,0.0,0.0,0.0,0.0,1.0,0.0,0.0,0.0,0.0,0.0,0.0,1.0,0.0,0.0,0.0,0.0,0.0,0.0,1.0,0.0,0.0,0.0,0.0,0.0,0.0,1.0,0.0,0.0,0.0,0.0,0.0,0.0,1.0,0.0,0.0,0.0,0.0,0.0,0.0,1.0,0.0,0.0,0.0,0.0,0.0,0.0
1086,QX2C,Quadrupole,0.362,0.0,0.0,0.0,0.0,0.0,0.0,0.90970182006935,0.351036976616797,0.0,0.0,0.0,0.0,-0.491237704427805,0.90970182006935,0.0,0.0,0.0,0.0,0.0,0.0,1.09310063968775,0.373165919664559,0.0,0.0,0.0,0.0,0.522204730434479,1.09310063968775,0.0,0.0,0.0,0.0,0.0,0.0,1.0,2.6257059387076e-09,0.0,0.0,0.0,0.0,0.0,1.0,0.0,0.0,0.0,0.0,0.0,0.0
1087,D486,Drift,0.106,0.0,0.0,0.0,0.0,0.0,0.0,1.0,0.106,0.0,0.0,0.0,0.0,0.0,1.0,0.0,0.0,0.0,0.0,0.0,0.0,1.0,0.106,0.0,0.0,0.0,0.0,0.0,1.0,0.0,0.0,0.0,0.0,0.0,0.0,1.0,7.6885312017405e-10,0.0,0.0,0.0,0.0,0.0,1.0,0.0,0.0,0.0,0.0,0.0,0.0
1088,VX2C#1,Kicker,0.07599999999999274,0.0,0.0,0.0,0.0,0.0,0.0,1.0,0.0759999999999927,0.0,0.0,0.0,0.0,0.0,1.0,0.0,0.0,0.0,0.0,0.0,0.0,1.0,0.0759999999999927,0.0,0.0,0.0,0.0,0.0,1.0,0.0,0.0,0.0,0.0,0.0,0.0,1.0,5.51253180502096e-10,0.0,0.0,0.0,0.0,0.0,1.0,0.0,0.0,0.0,0.0,0.0,0.0
1089,DET_X2C,Marker,0.0,0.0,0.0,0.0,0.0,0.0,0.0,1.0,0.0,0.0,0.0,0.0,0.0,0.0,1.0,0.0,0.0,0.0,0.0,0.0,0.0,1.0,0.0,0.0,0.0,0.0,0.0,0.0,1.0,0.0,0.0,0.0,0.0,0.0,0.0,1.0,0.0,0.0,0.0,0.0,0.0,0.0,1.0,0.0,0.0,0.0,0.0,0.0,0.0
1090,VX2C#2,Kicker,0.19200000000000728,0.0,0.0,0.0,0.0,0.0,0.0,1.0,0.192000000000007,0.0,0.0,0.0,0.0,0.0,1.0,0.0,0.0,0.0,0.0,0.0,0.0,1.0,0.192000000000007,0.0,0.0,0.0,0.0,0.0,1.0,0.0,0.0,0.0,0.0,0.0,0.0,1.0,1.39263961390022e-09,0.0,0.0,0.0,0.0,0.0,1.0,0.0,0.0,0.0,0.0,0.0,0.0
1091,D487,Drift,0.094,0.0,0.0,0.0,0.0,0.0,0.0,1.0,0.094,0.0,0.0,0.0,0.0,0.0,1.0,0.0,0.0,0.0,0.0,0.0,0.0,1.0,0.094,0.0,0.0,0.0,0.0,0.0,1.0,0.0,0.0,0.0,0.0,0.0,0.0,1.0,6.81813144305289e-10,0.0,0.0,0.0,0.0,0.0,1.0,0.0,0.0,0.0,0.0,0.0,0.0
1092,HX2C,Kicker,0.169,0.0,0.0,0.0,0.0,0.0,0.0,1.0,0.169,0.0,0.0,0.0,0.0,0.0,1.0,0.0,0.0,0.0,0.0,0.0,0.0,1.0,0.169,0.0,0.0,0.0,0.0,0.0,1.0,0.0,0.0,0.0,0.0,0.0,0.0,1.0,1.22581299348504e-09,0.0,0.0,0.0,0.0,0.0,1.0,0.0,0.0,0.0,0.0,0.0,0.0
1093,D488,Drift,0.23125,0.0,0.0,0.0,0.0,0.0,0.0,1.0,0.23125,0.0,0.0,0.0,0.0,0.0,1.0,0.0,0.0,0.0,0.0,0.0,0.0,1.0,0.23125,0.0,0.0,0.0,0.0,0.0,1.0,0.0,0.0,0.0,0.0,0.0,0.0,1.0,1.67733286830424e-09,0.0,0.0,0.0,0.0,0.0,1.0,0.0,0.0,0.0,0.0,0.0,0.0
1094,DQX2D,SBend,2.3475,0.0,0.0,0.0,0.0,0.0,0.0,2.46662022074775,3.41031077202705,0.0,0.0,0.0,0.106898713651278,1.49083636456384,2.46662022074775,0.0,0.0,0.0,0.108663774971797,0.0,0.0,0.0168802374627587,1.51048486604785,0.0,0.0,0.0,0.0,-0.661850429656363,0.0168802374627587,0.0,0.0,-0.108663774971797,-0.106898713651278,0.0,0.0,1.0,-0.00246830369801031,0.0,0.0,0.0,0.0,0.0,1.0,0.0,0.0,0.0,0.0,0.0,0.0
1095,D489,Drift,0.08975,0.0,0.0,0.0,0.0,0.0,0.0,1.0,0.08975,0.0,0.0,0.0,0.0,0.0,1.0,0.0,0.0,0.0,0.0,0.0,0.0,1.0,0.08975,0.0,0.0,0.0,0.0,0.0,1.0,0.0,0.0,0.0,0.0,0.0,0.0,1.0,6.50986486185103e-10,0.0,0.0,0.0,0.0,0.0,1.0,0.0,0.0,0.0,0.0,0.0,0.0
1096,HX2D,Kicker,0.169,0.0,0.0,0.0,0.0,0.0,0.0,1.0,0.169,0.0,0.0,0.0,0.0,0.0,1.0,0.0,0.0,0.0,0.0,0.0,0.0,1.0,0.169,0.0,0.0,0.0,0.0,0.0,1.0,0.0,0.0,0.0,0.0,0.0,0.0,1.0,1.22581299348504e-09,0.0,0.0,0.0,0.0,0.0,1.0,0.0,0.0,0.0,0.0,0.0,0.0
1097,D490,Drift,0.0735,0.0,0.0,0.0,0.0,0.0,0.0,1.0,0.0735,0.0,0.0,0.0,0.0,0.0,1.0,0.0,0.0,0.0,0.0,0.0,0.0,1.0,0.0735,0.0,0.0,0.0,0.0,0.0,1.0,0.0,0.0,0.0,0.0,0.0,0.0,1.0,5.33119852196157e-10,0.0,0.0,0.0,0.0,0.0,1.0,0.0,0.0,0.0,0.0,0.0,0.0
1098,QX2D,Quadrupole,0.4,0.0,0.0,0.0,0.0,0.0,0.0,0.879350751949285,0.383780184419823,0.0,0.0,0.0,0.0,-0.590812825286961,0.879350751949285,0.0,0.0,0.0,0.0,0.0,0.0,1.12570527217046,0.416624291017893,0.0,0.0,0.0,0.0,0.641374892326891,1.12570527217046,0.0,0.0,0.0,0.0,0.0,0.0,1.0,2.90133252895868e-09,0.0,0.0,0.0,0.0,0.0,1.0,0.0,0.0,0.0,0.0,0.0,0.0
1099,D491,Drift,0.024,0.0,0.0,0.0,0.0,0.0,0.0,1.0,0.024,0.0,0.0,0.0,0.0,0.0,1.0,0.0,0.0,0.0,0.0,0.0,0.0,1.0,0.024,0.0,0.0,0.0,0.0,0.0,1.0,0.0,0.0,0.0,0.0,0.0,0.0,1.0,1.74079951737521e-10,0.0,0.0,0.0,0.0,0.0,1.0,0.0,0.0,0.0,0.0,0.0,0.0
1100,DET_X2D,Marker,0.0,0.0,0.0,0.0,0.0,0.0,0.0,1.0,0.0,0.0,0.0,0.0,0.0,0.0,1.0,0.0,0.0,0.0,0.0,0.0,0.0,1.0,0.0,0.0,0.0,0.0,0.0,0.0,1.0,0.0,0.0,0.0,0.0,0.0,0.0,1.0,0.0,0.0,0.0,0.0,0.0,0.0,1.0,0.0,0.0,0.0,0.0,0.0,0.0
1101,D492,Drift,0.08,0.0,0.0,0.0,0.0,0.0,0.0,1.0,0.08,0.0,0.0,0.0,0.0,0.0,1.0,0.0,0.0,0.0,0.0,0.0,0.0,1.0,0.08,0.0,0.0,0.0,0.0,0.0,1.0,0.0,0.0,0.0,0.0,0.0,0.0,1.0,5.80266505791736e-10,0.0,0.0,0.0,0.0,0.0,1.0,0.0,0.0,0.0,0.0,0.0,0.0
1102,DET_S3A,Marker,0.0,0.0,0.0,0.0,0.0,0.0,0.0,1.0,0.0,0.0,0.0,0.0,0.0,0.0,1.0,0.0,0.0,0.0,0.0,0.0,0.0,1.0,0.0,0.0,0.0,0.0,0.0,0.0,1.0,0.0,0.0,0.0,0.0,0.0,0.0,1.0,0.0,0.0,0.0,0.0,0.0,0.0,1.0,0.0,0.0,0.0,0.0,0.0,0.0
1103,D493,Drift,0.0249,0.0,0.0,0.0,0.0,0.0,0.0,1.0,0.0249,0.0,0.0,0.0,0.0,0.0,1.0,0.0,0.0,0.0,0.0,0.0,0.0,1.0,0.0249,0.0,0.0,0.0,0.0,0.0,1.0,0.0,0.0,0.0,0.0,0.0,0.0,1.0,1.80607949927678e-10,0.0,0.0,0.0,0.0,0.0,1.0,0.0,0.0,0.0,0.0,0.0,0.0
1104,VX2D,Kicker,0.0762,0.0,0.0,0.0,0.0,0.0,0.0,1.0,0.0762,0.0,0.0,0.0,0.0,0.0,1.0,0.0,0.0,0.0,0.0,0.0,0.0,1.0,0.0762,0.0,0.0,0.0,0.0,0.0,1.0,0.0,0.0,0.0,0.0,0.0,0.0,1.0,5.52703846766628e-10,0.0,0.0,0.0,0.0,0.0,1.0,0.0,0.0,0.0,0.0,0.0,0.0
1105,GIRDER_2CD_END,Marker,0.0,0.0,0.0,0.0,0.0,0.0,0.0,1.0,0.0,0.0,0.0,0.0,0.0,0.0,1.0,0.0,0.0,0.0,0.0,0.0,0.0,1.0,0.0,0.0,0.0,0.0,0.0,0.0,1.0,0.0,0.0,0.0,0.0,0.0,0.0,1.0,0.0,0.0,0.0,0.0,0.0,0.0,1.0,0.0,0.0,0.0,0.0,0.0,0.0
1106,D494,Drift,0.2349,0.0,0.0,0.0,0.0,0.0,0.0,1.0,0.2349,0.0,0.0,0.0,0.0,0.0,1.0,0.0,0.0,0.0,0.0,0.0,0.0,1.0,0.2349,0.0,0.0,0.0,0.0,0.0,1.0,0.0,0.0,0.0,0.0,0.0,0.0,1.0,1.70380752763098e-09,0.0,0.0,0.0,0.0,0.0,1.0,0.0,0.0,0.0,0.0,0.0,0.0
1107,HS3A,SBend,0.11,0.0,0.0,0.0,0.0,0.0,0.0,1.0,0.11,0.0,0.0,0.0,0.0,0.0,1.0,0.0,0.0,0.0,0.0,0.0,0.0,1.0,0.11,0.0,0.0,0.0,0.0,0.0,1.0,0.0,0.0,0.0,0.0,0.0,0.0,1.0,7.97866445463637e-10,0.0,0.0,0.0,0.0,0.0,1.0,0.0,0.0,0.0,0.0,0.0,0.0
1108,D495,Drift,0.047,0.0,0.0,0.0,0.0,0.0,0.0,1.0,0.047,0.0,0.0,0.0,0.0,0.0,1.0,0.0,0.0,0.0,0.0,0.0,0.0,1.0,0.047,0.0,0.0,0.0,0.0,0.0,1.0,0.0,0.0,0.0,0.0,0.0,0.0,1.0,3.40906572152645e-10,0.0,0.0,0.0,0.0,0.0,1.0,0.0,0.0,0.0,0.0,0.0,0.0
1109,UNDS3A#1,Drift,0.7419999999991287,0.0,0.0,0.0,0.0,0.0,0.0,1.0,0.741999999999129,0.0,0.0,0.0,0.0,0.0,1.0,0.0,0.0,0.0,0.0,0.0,0.0,1.0,0.741999999999129,0.0,0.0,0.0,0.0,0.0,1.0,0.0,0.0,0.0,0.0,0.0,0.0,1.0,5.38197184121203e-09,0.0,0.0,0.0,0.0,0.0,1.0,0.0,0.0,0.0,0.0,0.0,0.0
1110,LS_3A,Photon_Fork,0.0,0.0,0.0,0.0,0.0,0.0,0.0,1.0,0.0,0.0,0.0,0.0,0.0,0.0,1.0,0.0,0.0,0.0,0.0,0.0,0.0,1.0,0.0,0.0,0.0,0.0,0.0,0.0,1.0,0.0,0.0,0.0,0.0,0.0,0.0,1.0,0.0,0.0,0.0,0.0,0.0,0.0,1.0,0.0,0.0,0.0,0.0,0.0,0.0
1111,UNDS3A#2,Drift,0.7420000000008713,0.0,0.0,0.0,0.0,0.0,0.0,1.0,0.742000000000871,0.0,0.0,0.0,0.0,0.0,1.0,0.0,0.0,0.0,0.0,0.0,0.0,1.0,0.742000000000871,0.0,0.0,0.0,0.0,0.0,1.0,0.0,0.0,0.0,0.0,0.0,0.0,1.0,5.38197184122467e-09,0.0,0.0,0.0,0.0,0.0,1.0,0.0,0.0,0.0,0.0,0.0,0.0
1112,D496,Drift,0.219,0.0,0.0,0.0,0.0,0.0,0.0,1.0,0.219,0.0,0.0,0.0,0.0,0.0,1.0,0.0,0.0,0.0,0.0,0.0,0.0,1.0,0.219,0.0,0.0,0.0,0.0,0.0,1.0,0.0,0.0,0.0,0.0,0.0,0.0,1.0,1.58847955960488e-09,0.0,0.0,0.0,0.0,0.0,1.0,0.0,0.0,0.0,0.0,0.0,0.0
1113,HS3B#1,SBend,0.02500000000002274,0.0,0.0,0.0,0.0,0.0,0.0,1.0,0.0250000000000227,0.0,0.0,0.0,0.0,0.0,1.0,0.0,0.0,0.0,0.0,0.0,0.0,1.0,0.0250000000000227,0.0,0.0,0.0,0.0,0.0,1.0,0.0,0.0,0.0,0.0,0.0,0.0,1.0,1.81333283060082e-10,0.0,0.0,0.0,0.0,0.0,1.0,0.0,0.0,0.0,0.0,0.0,0.0
1114,VS3B,VKicker,0.0,0.0,0.0,0.0,0.0,0.0,0.0,1.0,0.0,0.0,0.0,0.0,0.0,0.0,1.0,0.0,0.0,0.0,0.0,0.0,0.0,1.0,0.0,0.0,0.0,0.0,0.0,0.0,1.0,0.0,0.0,0.0,0.0,0.0,0.0,1.0,0.0,0.0,0.0,0.0,0.0,0.0,1.0,0.0,0.0,0.0,0.0,0.0,0.0
1115,HS3B#2,SBend,0.024999999999977263,0.0,0.0,0.0,0.0,0.0,0.0,1.0,0.0249999999999773,0.0,0.0,0.0,0.0,0.0,1.0,0.0,0.0,0.0,0.0,0.0,0.0,1.0,0.0249999999999773,0.0,0.0,0.0,0.0,0.0,1.0,0.0,0.0,0.0,0.0,0.0,0.0,1.0,1.81333283059753e-10,0.0,0.0,0.0,0.0,0.0,1.0,0.0,0.0,0.0,0.0,0.0,0.0
1116,D497#1,Drift,0.043999999999206896,0.0,0.0,0.0,0.0,0.0,0.0,1.0,0.0439999999992069,0.0,0.0,0.0,0.0,0.0,1.0,0.0,0.0,0.0,0.0,0.0,0.0,1.0,0.0439999999992069,0.0,0.0,0.0,0.0,0.0,1.0,0.0,0.0,0.0,0.0,0.0,0.0,1.0,3.19146578179702e-10,0.0,0.0,0.0,0.0,0.0,1.0,0.0,0.0,0.0,0.0,0.0,0.0
1117,SECTOR_3,Marker,0.0,0.0,0.0,0.0,0.0,0.0,0.0,1.0,0.0,0.0,0.0,0.0,0.0,0.0,1.0,0.0,0.0,0.0,0.0,0.0,0.0,1.0,0.0,0.0,0.0,0.0,0.0,0.0,1.0,0.0,0.0,0.0,0.0,0.0,0.0,1.0,0.0,0.0,0.0,0.0,0.0,0.0,1.0,0.0,0.0,0.0,0.0,0.0,0.0
1118,D497#2,Drift,0.3030000000007931,0.0,0.0,0.0,0.0,0.0,0.0,1.0,0.303000000000793,0.0,0.0,0.0,0.0,0.0,1.0,0.0,0.0,0.0,0.0,0.0,0.0,1.0,0.303000000000793,0.0,0.0,0.0,0.0,0.0,1.0,0.0,0.0,0.0,0.0,0.0,0.0,1.0,2.19775939069195e-09,0.0,0.0,0.0,0.0,0.0,1.0,0.0,0.0,0.0,0.0,0.0,0.0
1119,UNDS3B#1,Drift,0.7419999999991287,0.0,0.0,0.0,0.0,0.0,0.0,1.0,0.741999999999129,0.0,0.0,0.0,0.0,0.0,1.0,0.0,0.0,0.0,0.0,0.0,0.0,1.0,0.741999999999129,0.0,0.0,0.0,0.0,0.0,1.0,0.0,0.0,0.0,0.0,0.0,0.0,1.0,5.38197184121203e-09,0.0,0.0,0.0,0.0,0.0,1.0,0.0,0.0,0.0,0.0,0.0,0.0
1120,LS_3B,Photon_Fork,0.0,0.0,0.0,0.0,0.0,0.0,0.0,1.0,0.0,0.0,0.0,0.0,0.0,0.0,1.0,0.0,0.0,0.0,0.0,0.0,0.0,1.0,0.0,0.0,0.0,0.0,0.0,0.0,1.0,0.0,0.0,0.0,0.0,0.0,0.0,1.0,0.0,0.0,0.0,0.0,0.0,0.0,1.0,0.0,0.0,0.0,0.0,0.0,0.0
1121,UNDS3B#2,Drift,0.7420000000008713,0.0,0.0,0.0,0.0,0.0,0.0,1.0,0.742000000000871,0.0,0.0,0.0,0.0,0.0,1.0,0.0,0.0,0.0,0.0,0.0,0.0,1.0,0.742000000000871,0.0,0.0,0.0,0.0,0.0,1.0,0.0,0.0,0.0,0.0,0.0,0.0,1.0,5.38197184122467e-09,0.0,0.0,0.0,0.0,0.0,1.0,0.0,0.0,0.0,0.0,0.0,0.0
1122,D498,Drift,0.047,0.0,0.0,0.0,0.0,0.0,0.0,1.0,0.047,0.0,0.0,0.0,0.0,0.0,1.0,0.0,0.0,0.0,0.0,0.0,0.0,1.0,0.047,0.0,0.0,0.0,0.0,0.0,1.0,0.0,0.0,0.0,0.0,0.0,0.0,1.0,3.40906572152645e-10,0.0,0.0,0.0,0.0,0.0,1.0,0.0,0.0,0.0,0.0,0.0,0.0
1123,HS3C,SBend,0.11,0.0,0.0,0.0,0.0,0.0,0.0,1.0,0.11,0.0,0.0,0.0,0.0,0.0,1.0,0.0,0.0,0.0,0.0,0.0,0.0,1.0,0.11,0.0,0.0,0.0,0.0,0.0,1.0,0.0,0.0,0.0,0.0,0.0,0.0,1.0,7.97866445463637e-10,0.0,0.0,0.0,0.0,0.0,1.0,0.0,0.0,0.0,0.0,0.0,0.0
1124,D499,Drift,0.2219,0.0,0.0,0.0,0.0,0.0,0.0,1.0,0.2219,0.0,0.0,0.0,0.0,0.0,1.0,0.0,0.0,0.0,0.0,0.0,0.0,1.0,0.2219,0.0,0.0,0.0,0.0,0.0,1.0,0.0,0.0,0.0,0.0,0.0,0.0,1.0,1.60951422043983e-09,0.0,0.0,0.0,0.0,0.0,1.0,0.0,0.0,0.0,0.0,0.0,0.0
1125,GIRDER_3AB_START,Marker,0.0,0.0,0.0,0.0,0.0,0.0,0.0,1.0,0.0,0.0,0.0,0.0,0.0,0.0,1.0,0.0,0.0,0.0,0.0,0.0,0.0,1.0,0.0,0.0,0.0,0.0,0.0,0.0,1.0,0.0,0.0,0.0,0.0,0.0,0.0,1.0,0.0,0.0,0.0,0.0,0.0,0.0,1.0,0.0,0.0,0.0,0.0,0.0,0.0
1126,VX3A,Kicker,0.0762,0.0,0.0,0.0,0.0,0.0,0.0,1.0,0.0762,0.0,0.0,0.0,0.0,0.0,1.0,0.0,0.0,0.0,0.0,0.0,0.0,1.0,0.0762,0.0,0.0,0.0,0.0,0.0,1.0,0.0,0.0,0.0,0.0,0.0,0.0,1.0,5.52703846766628e-10,0.0,0.0,0.0,0.0,0.0,1.0,0.0,0.0,0.0,0.0,0.0,0.0
1127,D500,Drift,0.1119,0.0,0.0,0.0,0.0,0.0,0.0,1.0,0.1119,0.0,0.0,0.0,0.0,0.0,1.0,0.0,0.0,0.0,0.0,0.0,0.0,1.0,0.1119,0.0,0.0,0.0,0.0,0.0,1.0,0.0,0.0,0.0,0.0,0.0,0.0,1.0,8.1164777497619e-10,0.0,0.0,0.0,0.0,0.0,1.0,0.0,0.0,0.0,0.0,0.0,0.0
1128,DET_S3C,Marker,0.0,0.0,0.0,0.0,0.0,0.0,0.0,1.0,0.0,0.0,0.0,0.0,0.0,0.0,1.0,0.0,0.0,0.0,0.0,0.0,0.0,1.0,0.0,0.0,0.0,0.0,0.0,0.0,1.0,0.0,0.0,0.0,0.0,0.0,0.0,1.0,0.0,0.0,0.0,0.0,0.0,0.0,1.0,0.0,0.0,0.0,0.0,0.0,0.0
1129,D501,Drift,0.04,0.0,0.0,0.0,0.0,0.0,0.0,1.0,0.04,0.0,0.0,0.0,0.0,0.0,1.0,0.0,0.0,0.0,0.0,0.0,0.0,1.0,0.04,0.0,0.0,0.0,0.0,0.0,1.0,0.0,0.0,0.0,0.0,0.0,0.0,1.0,2.90133252895868e-10,0.0,0.0,0.0,0.0,0.0,1.0,0.0,0.0,0.0,0.0,0.0,0.0
1130,QX3A,Quadrupole,0.4,0.0,0.0,0.0,0.0,0.0,0.0,0.879350751949285,0.383780184419823,0.0,0.0,0.0,0.0,-0.590812825286961,0.879350751949285,0.0,0.0,0.0,0.0,0.0,0.0,1.12570527217046,0.416624291017893,0.0,0.0,0.0,0.0,0.641374892326891,1.12570527217046,0.0,0.0,0.0,0.0,0.0,0.0,1.0,2.90133252895868e-09,0.0,0.0,0.0,0.0,0.0,1.0,0.0,0.0,0.0,0.0,0.0,0.0
1131,D502,Drift,0.015,0.0,0.0,0.0,0.0,0.0,0.0,1.0,0.015,0.0,0.0,0.0,0.0,0.0,1.0,0.0,0.0,0.0,0.0,0.0,0.0,1.0,0.015,0.0,0.0,0.0,0.0,0.0,1.0,0.0,0.0,0.0,0.0,0.0,0.0,1.0,1.0879996983595e-10,0.0,0.0,0.0,0.0,0.0,1.0,0.0,0.0,0.0,0.0,0.0,0.0
1132,DET_X3A,Marker,0.0,0.0,0.0,0.0,0.0,0.0,0.0,1.0,0.0,0.0,0.0,0.0,0.0,0.0,1.0,0.0,0.0,0.0,0.0,0.0,0.0,1.0,0.0,0.0,0.0,0.0,0.0,0.0,1.0,0.0,0.0,0.0,0.0,0.0,0.0,1.0,0.0,0.0,0.0,0.0,0.0,0.0,1.0,0.0,0.0,0.0,0.0,0.0,0.0
1133,D503,Drift,0.0585,0.0,0.0,0.0,0.0,0.0,0.0,1.0,0.0585,0.0,0.0,0.0,0.0,0.0,1.0,0.0,0.0,0.0,0.0,0.0,0.0,1.0,0.0585,0.0,0.0,0.0,0.0,0.0,1.0,0.0,0.0,0.0,0.0,0.0,0.0,1.0,4.24319882360207e-10,0.0,0.0,0.0,0.0,0.0,1.0,0.0,0.0,0.0,0.0,0.0,0.0
1134,HX3A,Kicker,0.169,0.0,0.0,0.0,0.0,0.0,0.0,1.0,0.169,0.0,0.0,0.0,0.0,0.0,1.0,0.0,0.0,0.0,0.0,0.0,0.0,1.0,0.169,0.0,0.0,0.0,0.0,0.0,1.0,0.0,0.0,0.0,0.0,0.0,0.0,1.0,1.22581299348504e-09,0.0,0.0,0.0,0.0,0.0,1.0,0.0,0.0,0.0,0.0,0.0,0.0
1135,D504,Drift,0.08975,0.0,0.0,0.0,0.0,0.0,0.0,1.0,0.08975,0.0,0.0,0.0,0.0,0.0,1.0,0.0,0.0,0.0,0.0,0.0,0.0,1.0,0.08975,0.0,0.0,0.0,0.0,0.0,1.0,0.0,0.0,0.0,0.0,0.0,0.0,1.0,6.50986486185103e-10,0.0,0.0,0.0,0.0,0.0,1.0,0.0,0.0,0.0,0.0,0.0,0.0
1136,DQX3B,SBend,2.3475,0.0,0.0,0.0,0.0,0.0,0.0,2.46662022074775,3.41031077202705,0.0,0.0,0.0,0.106898713651278,1.49083636456384,2.46662022074775,0.0,0.0,0.0,0.108663774971797,0.0,0.0,0.0168802374627587,1.51048486604785,0.0,0.0,0.0,0.0,-0.661850429656363,0.0168802374627587,0.0,0.0,-0.108663774971797,-0.106898713651278,0.0,0.0,1.0,-0.00246830369801031,0.0,0.0,0.0,0.0,0.0,1.0,0.0,0.0,0.0,0.0,0.0,0.0
1137,D505,Drift,0.23625,0.0,0.0,0.0,0.0,0.0,0.0,1.0,0.23625,0.0,0.0,0.0,0.0,0.0,1.0,0.0,0.0,0.0,0.0,0.0,0.0,1.0,0.23625,0.0,0.0,0.0,0.0,0.0,1.0,0.0,0.0,0.0,0.0,0.0,0.0,1.0,1.71359952491622e-09,0.0,0.0,0.0,0.0,0.0,1.0,0.0,0.0,0.0,0.0,0.0,0.0
1138,HX3B,Kicker,0.169,0.0,0.0,0.0,0.0,0.0,0.0,1.0,0.169,0.0,0.0,0.0,0.0,0.0,1.0,0.0,0.0,0.0,0.0,0.0,0.0,1.0,0.169,0.0,0.0,0.0,0.0,0.0,1.0,0.0,0.0,0.0,0.0,0.0,0.0,1.0,1.22581299348504e-09,0.0,0.0,0.0,0.0,0.0,1.0,0.0,0.0,0.0,0.0,0.0,0.0
1139,D506,Drift,0.101,0.0,0.0,0.0,0.0,0.0,0.0,1.0,0.101,0.0,0.0,0.0,0.0,0.0,1.0,0.0,0.0,0.0,0.0,0.0,0.0,1.0,0.101,0.0,0.0,0.0,0.0,0.0,1.0,0.0,0.0,0.0,0.0,0.0,0.0,1.0,7.32586463562066e-10,0.0,0.0,0.0,0.0,0.0,1.0,0.0,0.0,0.0,0.0,0.0,0.0
1140,DET_X3B,Marker,0.0,0.0,0.0,0.0,0.0,0.0,0.0,1.0,0.0,0.0,0.0,0.0,0.0,0.0,1.0,0.0,0.0,0.0,0.0,0.0,0.0,1.0,0.0,0.0,0.0,0.0,0.0,0.0,1.0,0.0,0.0,0.0,0.0,0.0,0.0,1.0,0.0,0.0,0.0,0.0,0.0,0.0,1.0,0.0,0.0,0.0,0.0,0.0,0.0
1141,D507,Drift,0.035,0.0,0.0,0.0,0.0,0.0,0.0,1.0,0.035,0.0,0.0,0.0,0.0,0.0,1.0,0.0,0.0,0.0,0.0,0.0,0.0,1.0,0.035,0.0,0.0,0.0,0.0,0.0,1.0,0.0,0.0,0.0,0.0,0.0,0.0,1.0,2.53866596283884e-10,0.0,0.0,0.0,0.0,0.0,1.0,0.0,0.0,0.0,0.0,0.0,0.0
1142,VX3B,Kicker,0.268,0.0,0.0,0.0,0.0,0.0,0.0,1.0,0.268,0.0,0.0,0.0,0.0,0.0,1.0,0.0,0.0,0.0,0.0,0.0,0.0,1.0,0.268,0.0,0.0,0.0,0.0,0.0,1.0,0.0,0.0,0.0,0.0,0.0,0.0,1.0,1.94389279440231e-09,0.0,0.0,0.0,0.0,0.0,1.0,0.0,0.0,0.0,0.0,0.0,0.0
1143,D508,Drift,0.059,0.0,0.0,0.0,0.0,0.0,0.0,1.0,0.059,0.0,0.0,0.0,0.0,0.0,1.0,0.0,0.0,0.0,0.0,0.0,0.0,1.0,0.059,0.0,0.0,0.0,0.0,0.0,1.0,0.0,0.0,0.0,0.0,0.0,0.0,1.0,4.27946548021405e-10,0.0,0.0,0.0,0.0,0.0,1.0,0.0,0.0,0.0,0.0,0.0,0.0
1144,QX3B,Quadrupole,0.362,0.0,0.0,0.0,0.0,0.0,0.0,0.90970182006935,0.351036976616797,0.0,0.0,0.0,0.0,-0.491237704427805,0.90970182006935,0.0,0.0,0.0,0.0,0.0,0.0,1.09310063968775,0.373165919664559,0.0,0.0,0.0,0.0,0.522204730434479,1.09310063968775,0.0,0.0,0.0,0.0,0.0,0.0,1.0,2.6257059387076e-09,0.0,0.0,0.0,0.0,0.0,1.0,0.0,0.0,0.0,0.0,0.0,0.0
1145,GIRDER_3AB_END,Marker,0.0,0.0,0.0,0.0,0.0,0.0,0.0,1.0,0.0,0.0,0.0,0.0,0.0,0.0,1.0,0.0,0.0,0.0,0.0,0.0,0.0,1.0,0.0,0.0,0.0,0.0,0.0,0.0,1.0,0.0,0.0,0.0,0.0,0.0,0.0,1.0,0.0,0.0,0.0,0.0,0.0,0.0,1.0,0.0,0.0,0.0,0.0,0.0,0.0
1146,D509,Drift,0.367,0.0,0.0,0.0,0.0,0.0,0.0,1.0,0.367,0.0,0.0,0.0,0.0,0.0,1.0,0.0,0.0,0.0,0.0,0.0,0.0,1.0,0.367,0.0,0.0,0.0,0.0,0.0,1.0,0.0,0.0,0.0,0.0,0.0,0.0,1.0,2.66197259531959e-09,0.0,0.0,0.0,0.0,0.0,1.0,0.0,0.0,0.0,0.0,0.0,0.0
1147,GIRDER_3CD_START,Marker,0.0,0.0,0.0,0.0,0.0,0.0,0.0,1.0,0.0,0.0,0.0,0.0,0.0,0.0,1.0,0.0,0.0,0.0,0.0,0.0,0.0,1.0,0.0,0.0,0.0,0.0,0.0,0.0,1.0,0.0,0.0,0.0,0.0,0.0,0.0,1.0,0.0,0.0,0.0,0.0,0.0,0.0,1.0,0.0,0.0,0.0,0.0,0.0,0.0
1148,QX3C,Quadrupole,0.362,0.0,0.0,0.0,0.0,0.0,0.0,0.90970182006935,0.351036976616797,0.0,0.0,0.0,0.0,-0.491237704427805,0.90970182006935,0.0,0.0,0.0,0.0,0.0,0.0,1.09310063968775,0.373165919664559,0.0,0.0,0.0,0.0,0.522204730434479,1.09310063968775,0.0,0.0,0.0,0.0,0.0,0.0,1.0,2.6257059387076e-09,0.0,0.0,0.0,0.0,0.0,1.0,0.0,0.0,0.0,0.0,0.0,0.0
1149,D510,Drift,0.106,0.0,0.0,0.0,0.0,0.0,0.0,1.0,0.106,0.0,0.0,0.0,0.0,0.0,1.0,0.0,0.0,0.0,0.0,0.0,0.0,1.0,0.106,0.0,0.0,0.0,0.0,0.0,1.0,0.0,0.0,0.0,0.0,0.0,0.0,1.0,7.6885312017405e-10,0.0,0.0,0.0,0.0,0.0,1.0,0.0,0.0,0.0,0.0,0.0,0.0
1150,VX3C#1,Kicker,0.07599999999999274,0.0,0.0,0.0,0.0,0.0,0.0,1.0,0.0759999999999927,0.0,0.0,0.0,0.0,0.0,1.0,0.0,0.0,0.0,0.0,0.0,0.0,1.0,0.0759999999999927,0.0,0.0,0.0,0.0,0.0,1.0,0.0,0.0,0.0,0.0,0.0,0.0,1.0,5.51253180502096e-10,0.0,0.0,0.0,0.0,0.0,1.0,0.0,0.0,0.0,0.0,0.0,0.0
1151,DET_X3C,Marker,0.0,0.0,0.0,0.0,0.0,0.0,0.0,1.0,0.0,0.0,0.0,0.0,0.0,0.0,1.0,0.0,0.0,0.0,0.0,0.0,0.0,1.0,0.0,0.0,0.0,0.0,0.0,0.0,1.0,0.0,0.0,0.0,0.0,0.0,0.0,1.0,0.0,0.0,0.0,0.0,0.0,0.0,1.0,0.0,0.0,0.0,0.0,0.0,0.0
1152,VX3C#2,Kicker,0.19200000000000728,0.0,0.0,0.0,0.0,0.0,0.0,1.0,0.192000000000007,0.0,0.0,0.0,0.0,0.0,1.0,0.0,0.0,0.0,0.0,0.0,0.0,1.0,0.192000000000007,0.0,0.0,0.0,0.0,0.0,1.0,0.0,0.0,0.0,0.0,0.0,0.0,1.0,1.39263961390022e-09,0.0,0.0,0.0,0.0,0.0,1.0,0.0,0.0,0.0,0.0,0.0,0.0
1153,D511,Drift,0.091,0.0,0.0,0.0,0.0,0.0,0.0,1.0,0.091,0.0,0.0,0.0,0.0,0.0,1.0,0.0,0.0,0.0,0.0,0.0,0.0,1.0,0.091,0.0,0.0,0.0,0.0,0.0,1.0,0.0,0.0,0.0,0.0,0.0,0.0,1.0,6.60053150338099e-10,0.0,0.0,0.0,0.0,0.0,1.0,0.0,0.0,0.0,0.0,0.0,0.0
1154,HX3C,Kicker,0.169,0.0,0.0,0.0,0.0,0.0,0.0,1.0,0.169,0.0,0.0,0.0,0.0,0.0,1.0,0.0,0.0,0.0,0.0,0.0,0.0,1.0,0.169,0.0,0.0,0.0,0.0,0.0,1.0,0.0,0.0,0.0,0.0,0.0,0.0,1.0,1.22581299348504e-09,0.0,0.0,0.0,0.0,0.0,1.0,0.0,0.0,0.0,0.0,0.0,0.0
1155,D512,Drift,0.23425,0.0,0.0,0.0,0.0,0.0,0.0,1.0,0.23425,0.0,0.0,0.0,0.0,0.0,1.0,0.0,0.0,0.0,0.0,0.0,0.0,1.0,0.23425,0.0,0.0,0.0,0.0,0.0,1.0,0.0,0.0,0.0,0.0,0.0,0.0,1.0,1.69909286227143e-09,0.0,0.0,0.0,0.0,0.0,1.0,0.0,0.0,0.0,0.0,0.0,0.0
1156,DQX3D,SBend,2.3475,0.0,0.0,0.0,0.0,0.0,0.0,2.46662022074775,3.41031077202705,0.0,0.0,0.0,0.106898713651278,1.49083636456384,2.46662022074775,0.0,0.0,0.0,0.108663774971797,0.0,0.0,0.0168802374627587,1.51048486604785,0.0,0.0,0.0,0.0,-0.661850429656363,0.0168802374627587,0.0,0.0,-0.108663774971797,-0.106898713651278,0.0,0.0,1.0,-0.00246830369801031,0.0,0.0,0.0,0.0,0.0,1.0,0.0,0.0,0.0,0.0,0.0,0.0
1157,D513,Drift,0.08875,0.0,0.0,0.0,0.0,0.0,0.0,1.0,0.08875,0.0,0.0,0.0,0.0,0.0,1.0,0.0,0.0,0.0,0.0,0.0,0.0,1.0,0.08875,0.0,0.0,0.0,0.0,0.0,1.0,0.0,0.0,0.0,0.0,0.0,0.0,1.0,6.43733154862707e-10,0.0,0.0,0.0,0.0,0.0,1.0,0.0,0.0,0.0,0.0,0.0,0.0
1158,HX3D,Kicker,0.169,0.0,0.0,0.0,0.0,0.0,0.0,1.0,0.169,0.0,0.0,0.0,0.0,0.0,1.0,0.0,0.0,0.0,0.0,0.0,0.0,1.0,0.169,0.0,0.0,0.0,0.0,0.0,1.0,0.0,0.0,0.0,0.0,0.0,0.0,1.0,1.22581299348504e-09,0.0,0.0,0.0,0.0,0.0,1.0,0.0,0.0,0.0,0.0,0.0,0.0
1159,D514,Drift,0.0735,0.0,0.0,0.0,0.0,0.0,0.0,1.0,0.0735,0.0,0.0,0.0,0.0,0.0,1.0,0.0,0.0,0.0,0.0,0.0,0.0,1.0,0.0735,0.0,0.0,0.0,0.0,0.0,1.0,0.0,0.0,0.0,0.0,0.0,0.0,1.0,5.33119852196157e-10,0.0,0.0,0.0,0.0,0.0,1.0,0.0,0.0,0.0,0.0,0.0,0.0
1160,QX3D,Quadrupole,0.4,0.0,0.0,0.0,0.0,0.0,0.0,0.879350751949285,0.383780184419823,0.0,0.0,0.0,0.0,-0.590812825286961,0.879350751949285,0.0,0.0,0.0,0.0,0.0,0.0,1.12570527217046,0.416624291017893,0.0,0.0,0.0,0.0,0.641374892326891,1.12570527217046,0.0,0.0,0.0,0.0,0.0,0.0,1.0,2.90133252895868e-09,0.0,0.0,0.0,0.0,0.0,1.0,0.0,0.0,0.0,0.0,0.0,0.0
1161,D515,Drift,0.024,0.0,0.0,0.0,0.0,0.0,0.0,1.0,0.024,0.0,0.0,0.0,0.0,0.0,1.0,0.0,0.0,0.0,0.0,0.0,0.0,1.0,0.024,0.0,0.0,0.0,0.0,0.0,1.0,0.0,0.0,0.0,0.0,0.0,0.0,1.0,1.74079951737521e-10,0.0,0.0,0.0,0.0,0.0,1.0,0.0,0.0,0.0,0.0,0.0,0.0
1162,DET_X3D,Marker,0.0,0.0,0.0,0.0,0.0,0.0,0.0,1.0,0.0,0.0,0.0,0.0,0.0,0.0,1.0,0.0,0.0,0.0,0.0,0.0,0.0,1.0,0.0,0.0,0.0,0.0,0.0,0.0,1.0,0.0,0.0,0.0,0.0,0.0,0.0,1.0,0.0,0.0,0.0,0.0,0.0,0.0,1.0,0.0,0.0,0.0,0.0,0.0,0.0
1163,D516,Drift,0.08,0.0,0.0,0.0,0.0,0.0,0.0,1.0,0.08,0.0,0.0,0.0,0.0,0.0,1.0,0.0,0.0,0.0,0.0,0.0,0.0,1.0,0.08,0.0,0.0,0.0,0.0,0.0,1.0,0.0,0.0,0.0,0.0,0.0,0.0,1.0,5.80266505791736e-10,0.0,0.0,0.0,0.0,0.0,1.0,0.0,0.0,0.0,0.0,0.0,0.0
1164,DET_S4A,Marker,0.0,0.0,0.0,0.0,0.0,0.0,0.0,1.0,0.0,0.0,0.0,0.0,0.0,0.0,1.0,0.0,0.0,0.0,0.0,0.0,0.0,1.0,0.0,0.0,0.0,0.0,0.0,0.0,1.0,0.0,0.0,0.0,0.0,0.0,0.0,1.0,0.0,0.0,0.0,0.0,0.0,0.0,1.0,0.0,0.0,0.0,0.0,0.0,0.0
1165,D517,Drift,0.0249,0.0,0.0,0.0,0.0,0.0,0.0,1.0,0.0249,0.0,0.0,0.0,0.0,0.0,1.0,0.0,0.0,0.0,0.0,0.0,0.0,1.0,0.0249,0.0,0.0,0.0,0.0,0.0,1.0,0.0,0.0,0.0,0.0,0.0,0.0,1.0,1.80607949927678e-10,0.0,0.0,0.0,0.0,0.0,1.0,0.0,0.0,0.0,0.0,0.0,0.0
1166,VX3D,Kicker,0.0762,0.0,0.0,0.0,0.0,0.0,0.0,1.0,0.0762,0.0,0.0,0.0,0.0,0.0,1.0,0.0,0.0,0.0,0.0,0.0,0.0,1.0,0.0762,0.0,0.0,0.0,0.0,0.0,1.0,0.0,0.0,0.0,0.0,0.0,0.0,1.0,5.52703846766628e-10,0.0,0.0,0.0,0.0,0.0,1.0,0.0,0.0,0.0,0.0,0.0,0.0
1167,GIRDER_3CD_END,Marker,0.0,0.0,0.0,0.0,0.0,0.0,0.0,1.0,0.0,0.0,0.0,0.0,0.0,0.0,1.0,0.0,0.0,0.0,0.0,0.0,0.0,1.0,0.0,0.0,0.0,0.0,0.0,0.0,1.0,0.0,0.0,0.0,0.0,0.0,0.0,1.0,0.0,0.0,0.0,0.0,0.0,0.0,1.0,0.0,0.0,0.0,0.0,0.0,0.0
1168,D518,Drift,0.2249,0.0,0.0,0.0,0.0,0.0,0.0,1.0,0.2249,0.0,0.0,0.0,0.0,0.0,1.0,0.0,0.0,0.0,0.0,0.0,0.0,1.0,0.2249,0.0,0.0,0.0,0.0,0.0,1.0,0.0,0.0,0.0,0.0,0.0,0.0,1.0,1.63127421440702e-09,0.0,0.0,0.0,0.0,0.0,1.0,0.0,0.0,0.0,0.0,0.0,0.0
1169,HS4A,SBend,0.11,0.0,0.0,0.0,0.0,0.0,0.0,1.0,0.11,0.0,0.0,0.0,0.0,0.0,1.0,0.0,0.0,0.0,0.0,0.0,0.0,1.0,0.11,0.0,0.0,0.0,0.0,0.0,1.0,0.0,0.0,0.0,0.0,0.0,0.0,1.0,7.97866445463637e-10,0.0,0.0,0.0,0.0,0.0,1.0,0.0,0.0,0.0,0.0,0.0,0.0
1170,D519,Drift,0.064,0.0,0.0,0.0,0.0,0.0,0.0,1.0,0.064,0.0,0.0,0.0,0.0,0.0,1.0,0.0,0.0,0.0,0.0,0.0,0.0,1.0,0.064,0.0,0.0,0.0,0.0,0.0,1.0,0.0,0.0,0.0,0.0,0.0,0.0,1.0,4.64213204633389e-10,0.0,0.0,0.0,0.0,0.0,1.0,0.0,0.0,0.0,0.0,0.0,0.0
1171,UNDS4A#1,Drift,0.7419999999994698,0.0,0.0,0.0,0.0,0.0,0.0,1.0,0.74199999999947,0.0,0.0,0.0,0.0,0.0,1.0,0.0,0.0,0.0,0.0,0.0,0.0,1.0,0.74199999999947,0.0,0.0,0.0,0.0,0.0,1.0,0.0,0.0,0.0,0.0,0.0,0.0,1.0,5.3819718412145e-09,0.0,0.0,0.0,0.0,0.0,1.0,0.0,0.0,0.0,0.0,0.0,0.0
1172,LS_4A,Photon_Fork,0.0,0.0,0.0,0.0,0.0,0.0,0.0,1.0,0.0,0.0,0.0,0.0,0.0,0.0,1.0,0.0,0.0,0.0,0.0,0.0,0.0,1.0,0.0,0.0,0.0,0.0,0.0,0.0,1.0,0.0,0.0,0.0,0.0,0.0,0.0,1.0,0.0,0.0,0.0,0.0,0.0,0.0,1.0,0.0,0.0,0.0,0.0,0.0,0.0
1173,UNDS4A#2,Drift,0.7420000000005302,0.0,0.0,0.0,0.0,0.0,0.0,1.0,0.74200000000053,0.0,0.0,0.0,0.0,0.0,1.0,0.0,0.0,0.0,0.0,0.0,0.0,1.0,0.74200000000053,0.0,0.0,0.0,0.0,0.0,1.0,0.0,0.0,0.0,0.0,0.0,0.0,1.0,5.38197184122219e-09,0.0,0.0,0.0,0.0,0.0,1.0,0.0,0.0,0.0,0.0,0.0,0.0
1174,D520#1,Drift,0.28186900000002274,0.0,0.0,0.0,0.0,0.0,0.0,1.0,0.281869000000023,0.0,0.0,0.0,0.0,0.0,1.0,0.0,0.0,0.0,0.0,0.0,0.0,1.0,0.281869000000023,0.0,0.0,0.0,0.0,0.0,1.0,0.0,0.0,0.0,0.0,0.0,0.0,1.0,2.0444892465128e-09,0.0,0.0,0.0,0.0,0.0,1.0,0.0,0.0,0.0,0.0,0.0,0.0
1175,HS4B#1,SBend,0.024999999999977263,0.0,0.0,0.0,0.0,0.0,0.0,1.0,0.0249999999999773,0.0,0.0,0.0,0.0,0.0,1.0,0.0,0.0,0.0,0.0,0.0,0.0,1.0,0.0249999999999773,0.0,0.0,0.0,0.0,0.0,1.0,0.0,0.0,0.0,0.0,0.0,0.0,1.0,1.81333283059753e-10,0.0,0.0,0.0,0.0,0.0,1.0,0.0,0.0,0.0,0.0,0.0,0.0
1176,IP_L0_END,Marker,0.0,0.0,0.0,0.0,0.0,0.0,0.0,1.0,0.0,0.0,0.0,0.0,0.0,0.0,1.0,0.0,0.0,0.0,0.0,0.0,0.0,1.0,0.0,0.0,0.0,0.0,0.0,0.0,1.0,0.0,0.0,0.0,0.0,0.0,0.0,1.0,0.0,0.0,0.0,0.0,0.0,0.0,1.0,0.0,0.0,0.0,0.0,0.0,0.0
1177,END,Marker,0.0,0.0,0.0,0.0,0.0,0.0,0.0,1.0,0.0,0.0,0.0,0.0,0.0,0.0,1.0,0.0,0.0,0.0,0.0,0.0,0.0,1.0,0.0,0.0,0.0,0.0,0.0,0.0,1.0,0.0,0.0,0.0,0.0,0.0,0.0,1.0,0.0,0.0,0.0,0.0,0.0,0.0,1.0,0.0,0.0,0.0,0.0,0.0,0.0
