sample_id,scenario,rho,trial_id,converged,newton_iterations,closure_norm
0,baseline,0,0,true,0,2.2720528464525022e-13
1,all,1.1299999999999999,1,true,3,1.4752014517818834e-12
2,all,1.1299999999999999,2,true,2,1.1938665400501821e-11
3,all,1.1299999999999999,3,true,2,4.9979418877274565e-11
4,all,1.1299999999999999,4,true,2,9.0064435263657065e-11
5,all,1.1299999999999999,5,true,2,6.8726726181630666e-11
6,all,1.1299999999999999,6,true,2,4.3387643390732341e-11
7,all,1.1299999999999999,7,true,3,2.1672827313195043e-13
8,all,1.1299999999999999,8,true,2,1.1737477512679272e-11
9,all,1.1299999999999999,9,true,3,1.2009935652091813e-11
10,all,1.1299999999999999,10,true,2,6.1053312554727272e-12
11,all,1.1299999999999999,11,true,2,8.3461209044324559e-11
12,all,1.1299999999999999,12,true,3,1.3913016473107331e-12
13,all,1.1299999999999999,13,true,2,8.0539873734707311e-11
14,all,1.1299999999999999,14,true,2,6.4675572160134857e-11
15,all,1.1299999999999999,15,true,3,9.7532490013614626e-13
16,all,1.1299999999999999,16,true,3,2.1588494650664296e-12
17,all,1.1299999999999999,17,true,2,5.4714218260776478e-11
18,all,1.1299999999999999,18,true,2,1.2525144843580689e-11
19,all,1.1299999999999999,19,true,2,7.2885968176317301e-11
20,all,1.1299999999999999,20,true,2,8.7490414104351632e-11
21,all,1.1299999999999999,21,true,2,9.6953531065603282e-11
22,all,1.1299999999999999,22,true,2,2.0404841521808271e-12
23,all,1.1299999999999999,23,true,2,1.9783037009353885e-11
24,all,1.1299999999999999,24,true,3,1.5972162916312566e-12
25,all,1.1299999999999999,25,true,2,5.549408353216209e-11
26,all,1.1299999999999999,26,true,2,5.2327926438073133e-11
27,all,1.1299999999999999,27,true,2,6.4552199618800357e-11
28,all,1.1299999999999999,28,true,2,7.7978276625680945e-12
29,all,1.1299999999999999,29,true,2,1.9527009248836693e-11
30,all,1.1299999999999999,30,true,2,2.0497723509663855e-11
31,all,1.1299999999999999,31,true,2,1.4800756405582759e-11
32,all,1.1299999999999999,32,true,2,6.1272955112487372e-12
33,all,1.1299999999999999,33,true,2,3.2663899448936053e-11
34,all,1.1299999999999999,34,true,2,8.952495327905521e-12
35,all,1.1299999999999999,35,true,2,8.1380955784790136e-11
36,all,1.1299999999999999,36,true,2,3.7809025148651351e-11
37,all,1.1299999999999999,37,true,3,2.3002966672819181e-12
38,all,1.1299999999999999,38,true,3,4.5552871847474661e-13
39,all,1.1299999999999999,39,true,2,3.7813803681435532e-11
40,all,1.1299999999999999,40,true,2,2.5446256261124961e-11
41,all,1.1299999999999999,41,true,2,2.5998803651521263e-11
42,all,1.1299999999999999,42,true,2,2.5892608353086187e-11
43,all,1.1299999999999999,43,true,2,1.9476247970571692e-11
44,all,1.1299999999999999,44,true,2,6.5527493974837547e-11
45,all,1.1299999999999999,45,true,2,1.5413511291866475e-11
46,all,1.1299999999999999,46,true,3,8.5547860429231735e-13
47,all,1.1299999999999999,47,true,2,6.0430326007699513e-11
48,all,1.1299999999999999,48,true,2,4.2081294806169697e-11
49,all,1.1299999999999999,49,true,2,2.4510546853150962e-11
50,all,1.1299999999999999,50,true,2,5.4157819586407657e-11
51,all,1.1299999999999999,51,true,2,1.4557042970921747e-11
52,all,1.1299999999999999,52,true,2,2.2926410580061378e-11
53,all,1.1299999999999999,53,true,2,5.5291501306935174e-11
54,all,1.1299999999999999,54,true,2,3.50375143199078e-11
55,all,1.1299999999999999,55,true,2,5.4015969168940369e-12
56,all,1.1299999999999999,56,true,2,1.9037667323599593e-11
57,all,1.1299999999999999,57,true,2,9.7821715031504795e-11
58,all,1.1299999999999999,58,true,2,4.2763148319268896e-11
59,all,1.1299999999999999,59,true,2,2.0132924015420818e-11
60,all,1.1299999999999999,60,true,2,1.8809130485669512e-11
61,all,1.1299999999999999,61,true,2,2.5059150648859474e-11
62,all,1.1299999999999999,62,true,2,2.7285911540140958e-11
63,all,1.1299999999999999,63,true,2,6.9516840925569114e-11
64,all,1.1299999999999999,64,true,2,3.5171551066870538e-11
65,all,1.1299999999999999,65,true,2,8.3866916536481503e-12
66,all,1.1299999999999999,66,true,3,6.1654395914294143e-12
67,all,1.1299999999999999,67,true,2,4.3315763333229499e-11
68,all,1.1299999999999999,68,true,2,3.8134568994301562e-12
69,all,1.1299999999999999,69,true,2,4.6143365228183632e-11
70,all,1.1299999999999999,70,true,2,3.0090049938835186e-12
71,all,1.1299999999999999,71,true,2,5.0930074924618672e-11
72,all,1.1299999999999999,72,true,2,2.3718646305893743e-11
73,all,1.1299999999999999,73,true,3,1.2690247416053033e-12
74,all,1.1299999999999999,74,true,3,1.4842354483908356e-12
75,all,1.1299999999999999,75,true,2,1.2461587064763723e-11
76,all,1.1299999999999999,76,true,2,2.4761800512223919e-11
77,all,1.1299999999999999,77,true,2,8.0885783189194717e-12
78,all,1.1299999999999999,78,true,2,9.8968964431034135e-12
79,all,1.1299999999999999,79,true,2,2.3754523594752378e-11
80,all,1.1299999999999999,80,true,2,1.6010881928553241e-11
81,all,1.1299999999999999,81,true,2,1.2804422469140514e-11
82,all,1.1299999999999999,82,true,2,5.2730634615971009e-11
83,all,1.1299999999999999,83,true,2,4.7905929934370644e-12
84,all,1.1299999999999999,84,true,2,9.2142423529189224e-11
85,all,1.1299999999999999,85,true,2,7.2189654635044928e-11
86,all,1.1299999999999999,86,true,3,7.2812353108752443e-12
87,all,1.1299999999999999,87,true,2,2.59285516840139e-11
88,all,1.1299999999999999,88,true,3,5.2436131889269386e-13
89,all,1.1299999999999999,89,true,3,9.1446359310314171e-13
90,all,1.1299999999999999,90,true,3,4.7351481414875738e-13
91,all,1.1299999999999999,91,true,2,6.6343463566493947e-11
92,all,1.1299999999999999,92,true,3,3.6371638095437118e-12
93,all,1.1299999999999999,93,true,3,1.0736343434580637e-11
94,all,1.1299999999999999,94,true,2,3.1610977735875218e-11
95,all,1.1299999999999999,95,true,2,4.2854755751430208e-11
96,all,1.1299999999999999,96,true,2,2.9351791386344716e-11
97,all,1.1299999999999999,97,true,2,6.4803519547312108e-12
98,all,1.1299999999999999,98,true,2,2.0550423412788686e-11
99,all,1.1299999999999999,99,true,2,4.4227045586261738e-11
100,all,1.1299999999999999,100,true,2,3.9412393154816863e-11
101,all,1.1299999999999999,101,true,2,8.6157410519619733e-11
102,all,1.1299999999999999,102,true,2,7.4519815203411847e-12
103,all,1.1299999999999999,103,true,3,7.4621172118665082e-13
104,all,1.1299999999999999,104,true,2,5.7650496577755774e-11
105,all,1.1299999999999999,105,true,2,2.0547484520142111e-11
106,all,1.1299999999999999,106,true,3,1.1739841766367093e-12
107,all,1.1299999999999999,107,true,3,1.7811830763518183e-12
108,all,1.1299999999999999,108,true,2,4.0306531526363944e-11
109,all,1.1299999999999999,109,true,3,1.3223435917852482e-12
110,all,1.1299999999999999,110,true,2,2.7815633074275846e-11
111,all,1.1299999999999999,111,true,2,4.7845512777123961e-11
112,all,1.1299999999999999,112,true,2,5.9449432680964077e-11
113,all,1.1299999999999999,113,true,2,2.9170027469861636e-11
114,all,1.1299999999999999,114,true,2,9.1111946410789196e-12
115,all,1.1299999999999999,115,true,2,1.3875733106837652e-11
116,all,1.1299999999999999,116,true,3,2.6441636564700408e-12
117,all,1.1299999999999999,117,true,3,6.0268568530438694e-12
118,all,1.1299999999999999,118,true,2,4.5482491148769794e-11
119,all,1.1299999999999999,119,true,3,1.0726530066372587e-12
120,all,1.1299999999999999,120,true,2,1.5269390808345768e-11
121,all,1.1299999999999999,121,true,2,3.7246968628825715e-11
122,all,1.1299999999999999,122,true,2,5.9154277525136753e-11
123,all,1.1299999999999999,123,true,3,7.5374213581711952e-13
124,all,1.1299999999999999,124,true,3,5.8283468532125638e-13
125,all,1.1299999999999999,125,true,3,2.1870396207321428e-12
126,all,1.1299999999999999,126,true,2,5.8541578166702321e-11
127,all,1.1299999999999999,127,true,2,2.964051753038916e-12
128,all,1.1299999999999999,128,true,2,9.5080270864720909e-12
129,all,1.1299999999999999,129,true,2,3.6280299175195743e-11
130,all,1.1299999999999999,130,true,3,2.8387250101979506e-12
131,all,1.1299999999999999,131,true,2,7.3091414256638322e-11
132,all,1.1299999999999999,132,true,2,2.3899881286830954e-11
133,all,1.1299999999999999,133,true,3,1.7114411970173134e-12
134,all,1.1299999999999999,134,true,3,9.7899600626043213e-13
135,all,1.1299999999999999,135,true,2,1.5639526480979316e-11
136,all,1.1299999999999999,136,true,2,4.8059948518531113e-11
137,all,1.1299999999999999,137,true,2,6.6778967848454618e-11
138,all,1.1299999999999999,138,true,2,9.7516000040647007e-12
139,all,1.1299999999999999,139,true,2,3.0903859321877331e-11
140,all,1.1299999999999999,140,true,2,4.5113587644267827e-11
141,all,1.1299999999999999,141,true,2,7.1734054848824073e-11
142,all,1.1299999999999999,142,true,2,1.1990963887923363e-11
143,all,1.1299999999999999,143,true,2,9.5935877946902914e-12
144,all,1.1299999999999999,144,true,2,3.6780559035935951e-11
145,all,1.1299999999999999,145,true,3,9.0902827955334496e-13
146,all,1.1299999999999999,146,true,2,1.090687626770095e-11
147,all,1.1299999999999999,147,true,2,6.249252806048706e-11
148,all,1.1299999999999999,148,true,2,2.1316645414604875e-11
149,all,1.1299999999999999,149,true,2,3.8434440922431445e-12
150,all,1.1299999999999999,150,true,2,3.58969866105254e-11
151,all,1.1299999999999999,151,true,3,9.2821147913680515e-13
152,all,1.1299999999999999,152,true,2,6.4617533399916193e-11
153,all,1.1299999999999999,153,true,2,2.5963190113112493e-11
154,all,1.1299999999999999,154,true,2,3.246667823655582e-11
155,all,1.1299999999999999,155,true,2,3.5011327389579083e-11
156,all,1.1299999999999999,156,true,2,6.229267039473324e-11
157,all,1.1299999999999999,157,true,2,6.1740526229030212e-11
158,all,1.1299999999999999,158,true,2,1.9860658063194878e-11
159,all,1.1299999999999999,159,true,2,3.2098164048731137e-12
160,all,1.1299999999999999,160,true,2,1.1503040205415136e-12
161,all,1.1299999999999999,161,true,2,8.6609487491056695e-11
162,all,1.1299999999999999,162,true,2,2.6269306605336317e-11
163,all,1.1299999999999999,163,true,2,6.0974944721804851e-13
164,all,1.1299999999999999,164,true,2,3.2707268446427382e-11
165,all,1.1299999999999999,165,true,2,1.7503573195298705e-11
166,all,1.1299999999999999,166,true,2,8.5007919934890333e-12
167,all,1.1299999999999999,167,true,3,1.9385629685076765e-12
168,all,1.1299999999999999,168,true,2,1.8684471778573069e-11
169,all,1.1299999999999999,169,true,2,2.5982615940537781e-11
170,all,1.1299999999999999,170,true,2,3.5655172020764083e-11
171,all,1.1299999999999999,171,true,2,6.7728496440784366e-11
172,all,1.1299999999999999,172,true,2,2.479335423129442e-11
173,all,1.1299999999999999,173,true,3,6.0847021266724271e-13
174,all,1.1299999999999999,174,true,2,4.3093925747747092e-11
175,all,1.1299999999999999,175,true,3,9.8789650646292476e-13
176,all,1.1299999999999999,176,true,2,4.8770428438821413e-11
177,all,1.1299999999999999,177,true,2,6.142888072578157e-11
178,all,1.1299999999999999,178,true,2,5.0666861204514347e-12
179,all,1.1299999999999999,179,true,2,1.6758312882632733e-11
180,all,1.1299999999999999,180,true,2,5.5881063415616968e-11
181,all,1.1299999999999999,181,true,2,7.0118862641318914e-12
182,all,1.1299999999999999,182,true,3,3.1897177577429443e-12
183,all,1.1299999999999999,183,true,2,3.735646225239017e-11
184,all,1.1299999999999999,184,true,2,4.7646033901882611e-11
185,all,1.1299999999999999,185,true,3,3.4756196234018749e-13
186,all,1.1299999999999999,186,true,2,3.0093890329056926e-11
187,all,1.1299999999999999,187,true,2,8.4093251757866044e-11
188,all,1.1299999999999999,188,true,3,5.9467717636977486e-12
189,all,1.1299999999999999,189,true,2,8.8643274253720314e-11
190,all,1.1299999999999999,190,true,3,1.8586011963092773e-12
191,all,1.1299999999999999,191,true,2,3.2531643501478086e-11
192,all,1.1299999999999999,192,true,2,1.1734499120994946e-11
193,all,1.1299999999999999,193,true,3,8.8042034900579827e-13
194,all,1.1299999999999999,194,true,2,9.5998943734889896e-11
195,all,1.1299999999999999,195,true,3,1.2625399907282963e-12
196,all,1.1299999999999999,196,true,2,2.7835071981967795e-11
197,all,1.1299999999999999,197,true,2,9.9473797307886933e-11
198,all,1.1299999999999999,198,true,2,8.5416072775144924e-11
199,all,1.1299999999999999,199,true,2,2.1380947344116782e-11
200,all,1.1299999999999999,200,true,2,2.3014597981469941e-11
201,all,1.1299999999999999,201,true,2,5.540479169888078e-11
202,all,1.1299999999999999,202,true,2,2.9175894753498457e-11
203,all,1.1299999999999999,203,true,2,6.5024820732835865e-12
204,all,1.1299999999999999,204,true,2,1.0583990912710414e-11
205,all,1.1299999999999999,205,true,2,2.275801828043611e-11
206,all,1.1299999999999999,206,true,2,2.3721677184733954e-11
207,all,1.1299999999999999,207,true,2,7.8191731234963407e-11
208,all,1.1299999999999999,208,true,2,1.7708120348537656e-12
209,all,1.1299999999999999,209,true,2,3.0423702956561329e-11
210,all,1.1299999999999999,210,true,2,2.2468877725693803e-11
211,all,1.1299999999999999,211,true,2,3.8226895950809008e-11
212,all,1.1299999999999999,212,true,2,1.2905158467966288e-11
213,all,1.1299999999999999,213,true,2,2.2563769102836666e-11
214,all,1.1299999999999999,214,true,2,9.7095023652987732e-12
215,all,1.1299999999999999,215,true,3,1.8675805276927846e-12
216,all,1.1299999999999999,216,true,2,1.7484999070175536e-11
217,all,1.1299999999999999,217,true,3,5.8377964740968811e-13
218,all,1.1299999999999999,218,true,3,1.2500642227095414e-12
219,all,1.1299999999999999,219,true,3,2.7958825724648029e-13
220,all,1.1299999999999999,220,true,2,2.3043363357182118e-11
221,all,1.1299999999999999,221,true,3,6.6043186946811345e-13
222,all,1.1299999999999999,222,true,2,2.3528982766824596e-11
223,all,1.1299999999999999,223,true,2,5.5312507315141965e-11
224,all,1.1299999999999999,224,true,2,7.758094953806336e-12
225,all,1.1299999999999999,225,true,2,1.4971429373139861e-11
226,all,1.1299999999999999,226,true,2,3.7086761043289466e-11
227,all,1.1299999999999999,227,true,2,3.2602398679762413e-11
228,all,1.1299999999999999,228,true,2,3.519491223832326e-11
229,all,1.1299999999999999,229,true,2,7.7296795488590865e-12
230,all,1.1299999999999999,230,true,2,4.8108254647550804e-11
231,all,1.1299999999999999,231,true,2,3.2197915848264065e-12
232,all,1.1299999999999999,232,true,2,3.3653926115890104e-11
233,all,1.1299999999999999,233,true,2,3.4740053878215297e-11
234,all,1.1299999999999999,234,true,2,9.0271176566745917e-12
235,all,1.1299999999999999,235,true,3,6.9822020264644708e-13
236,all,1.1299999999999999,236,true,3,5.3491962035333057e-13
237,all,1.1299999999999999,237,true,2,9.5892270930416281e-12
238,all,1.1299999999999999,238,true,2,9.8464776456421162e-12
239,all,1.1299999999999999,239,true,2,2.1040485589207463e-11
240,all,1.1299999999999999,240,true,2,8.8474260768679604e-11
241,all,1.1299999999999999,241,true,2,7.543962017593943e-11
242,all,1.1299999999999999,242,true,3,1.3343216481492529e-12
243,all,1.1299999999999999,243,true,3,2.3249325206321783e-12
244,all,1.1299999999999999,244,true,2,2.737402953501865e-11
245,all,1.1299999999999999,245,true,2,4.9733811741919406e-11
246,all,1.1299999999999999,246,true,3,1.0826071522161979e-12
247,all,1.1299999999999999,247,true,2,9.9465290606640938e-11
248,all,1.1299999999999999,248,true,2,7.9601427917441092e-11
249,all,1.1299999999999999,249,true,2,9.0235211928560526e-11
250,all,1.1299999999999999,250,true,2,3.5447018610740684e-11
251,all,1.1299999999999999,251,true,2,2.4531555328186054e-11
252,all,1.1299999999999999,252,true,2,1.2082596319981097e-11
253,all,1.1299999999999999,253,true,2,4.4156060839033013e-12
254,all,1.1299999999999999,254,true,2,5.4174187281925595e-12
255,all,1.1299999999999999,255,true,3,6.8690453677267148e-13
256,all,1.1299999999999999,256,true,2,2.5762803202463725e-12
257,all,1.1299999999999999,257,true,2,3.6164117623243633e-11
258,all,1.1299999999999999,258,true,2,6.1047518727788516e-11
259,all,1.1299999999999999,259,true,3,3.3846551233774063e-12
260,all,1.1299999999999999,260,true,2,5.3077647355229972e-11
261,all,1.1299999999999999,261,true,2,4.5604720218156318e-11
262,all,1.1299999999999999,262,true,2,5.2461887144750128e-11
263,all,1.1299999999999999,263,true,3,1.3858013584536562e-12
264,all,1.1299999999999999,264,true,2,2.3909781186076231e-12
265,all,1.1299999999999999,265,true,2,1.1370253063359868e-11
266,all,1.1299999999999999,266,true,2,8.5442212458626841e-12
267,all,1.1299999999999999,267,true,2,5.7574606430016935e-11
268,all,1.1299999999999999,268,true,2,3.1125572730061993e-11
269,all,1.1299999999999999,269,true,2,6.0225252926935332e-11
270,all,1.1299999999999999,270,true,2,5.2692460271237511e-11
271,all,1.1299999999999999,271,true,2,7.3281503034584835e-11
272,all,1.1299999999999999,272,true,3,5.4549654806924857e-12
273,all,1.1299999999999999,273,true,3,1.0529485693895385e-12
274,all,1.1299999999999999,274,true,2,8.7654785933340241e-11
275,all,1.1299999999999999,275,true,2,4.2300035154408189e-11
276,all,1.1299999999999999,276,true,3,6.0425928486533966e-13
277,all,1.1299999999999999,277,true,3,7.2343093817083622e-13
278,all,1.1299999999999999,278,true,2,1.9748841374921182e-11
279,all,1.1299999999999999,279,true,2,2.4485883919927423e-12
280,all,1.1299999999999999,280,true,2,3.9629694001020793e-11
281,all,1.1299999999999999,281,true,3,5.0237493447857189e-13
282,all,1.1299999999999999,282,true,2,1.8827849198403361e-11
283,all,1.1299999999999999,283,true,2,2.894253692284277e-11
284,all,1.1299999999999999,284,true,2,2.477966603112813e-12
285,all,1.1299999999999999,285,true,2,2.4240672614724686e-11
286,all,1.1299999999999999,286,true,2,3.387755475037679e-11
287,all,1.1299999999999999,287,true,2,3.4277499414517615e-11
288,all,1.1299999999999999,288,true,2,1.6025664373134301e-11
289,all,1.1299999999999999,289,true,3,8.8312024607425011e-13
290,all,1.1299999999999999,290,true,2,5.3356457947163232e-11
291,all,1.1299999999999999,291,true,2,2.7173185063957849e-11
292,all,1.1299999999999999,292,true,2,5.7836315194715598e-11
293,all,1.1299999999999999,293,true,3,2.7879027168013172e-12
294,all,1.1299999999999999,294,true,2,6.8066990832023839e-12
295,all,1.1299999999999999,295,true,2,1.2734696302809236e-11
296,all,1.1299999999999999,296,true,3,2.3850026831253172e-12
297,all,1.1299999999999999,297,true,2,2.5993864038895787e-11
298,all,1.1299999999999999,298,true,2,5.8808125005445624e-12
299,all,1.1299999999999999,299,true,3,1.2669569222373778e-12
300,all,1.1299999999999999,300,true,3,4.4858055207247892e-13
301,all,1.1299999999999999,301,true,2,1.3272237336452601e-11
302,all,1.1299999999999999,302,true,3,5.3858840491427327e-13
303,all,1.1299999999999999,303,true,2,1.5968500010327651e-11
304,all,1.1299999999999999,304,true,2,5.8710019845631601e-11
305,all,1.1299999999999999,305,true,2,8.223502563503558e-12
306,all,1.1299999999999999,306,true,3,6.4844711480618478e-13
307,all,1.1299999999999999,307,true,3,6.6750759323673006e-13
308,all,1.1299999999999999,308,true,2,2.2235112658589786e-11
309,all,1.1299999999999999,309,true,2,9.7186393492688077e-11
310,all,1.1299999999999999,310,true,2,9.0802905304385346e-12
311,all,1.1299999999999999,311,true,3,2.0092572546898761e-12
312,all,1.1299999999999999,312,true,2,3.6486365442410271e-11
313,all,1.1299999999999999,313,true,2,6.1487379122941158e-11
314,all,1.1299999999999999,314,true,3,4.5910359240426918e-12
315,all,1.1299999999999999,315,true,3,3.1229292712969748e-12
316,all,1.1299999999999999,316,true,2,8.0816437677842837e-11
317,all,1.1299999999999999,317,true,2,1.8005697854286748e-11
318,all,1.1299999999999999,318,true,2,2.9464846623326778e-11
319,all,1.1299999999999999,319,true,2,2.4404436808278999e-11
320,all,1.1299999999999999,320,true,2,6.4590811169397351e-11
321,all,1.1299999999999999,321,true,2,5.8446538657056451e-11
322,all,1.1299999999999999,322,true,2,2.2316900595804279e-11
323,all,1.1299999999999999,323,true,2,2.1195908276778047e-11
324,all,1.1299999999999999,324,true,2,3.5129555444351009e-11
325,all,1.1299999999999999,325,true,3,7.1394617370943468e-13
326,all,1.1299999999999999,326,true,2,3.7037786718133325e-11
327,all,1.1299999999999999,327,true,2,5.1506472700990892e-11
328,all,1.1299999999999999,328,true,2,8.9775653872545424e-11
329,all,1.1299999999999999,329,true,2,9.941478048926821e-11
330,all,1.1299999999999999,330,true,3,6.8101476566981625e-13
331,all,1.1299999999999999,331,true,2,4.2467821123395507e-11
332,all,1.1299999999999999,332,true,2,1.0908771678222095e-11
333,all,1.1299999999999999,333,true,2,4.2236224772891242e-11
334,all,1.1299999999999999,334,true,2,3.7766706446802908e-11
335,all,1.1299999999999999,335,true,2,1.9679666917199132e-11
336,all,1.1299999999999999,336,true,2,7.7317502795045512e-12
337,all,1.1299999999999999,337,true,3,4.7689930295227671e-12
338,all,1.1299999999999999,338,true,2,5.7786470772785221e-11
339,all,1.1299999999999999,339,true,3,7.043355597644679e-12
340,all,1.1299999999999999,340,true,2,7.2972024226580809e-11
341,all,1.1299999999999999,341,true,2,2.3571775280252426e-11
342,all,1.1299999999999999,342,true,3,9.3247753134103477e-13
343,all,1.1299999999999999,343,true,3,5.2906146519964055e-13
344,all,1.1299999999999999,344,true,3,9.0891716089245322e-14
345,all,1.1299999999999999,345,true,2,5.4476347163508365e-11
346,all,1.1299999999999999,346,true,2,6.0683299690277493e-11
347,all,1.1299999999999999,347,true,3,8.0200424189687485e-13
348,all,1.1299999999999999,348,true,2,1.9766960917738333e-11
349,all,1.1299999999999999,349,true,2,2.4845524057323081e-12
350,all,1.1299999999999999,350,true,2,2.3598394354829643e-11
351,all,1.1299999999999999,351,true,2,6.2703938113280936e-11
352,all,1.1299999999999999,352,true,2,8.069274517078569e-11
353,all,1.1299999999999999,353,true,2,1.204759360481945e-11
354,all,1.1299999999999999,354,true,2,1.2220007825520511e-11
355,all,1.1299999999999999,355,true,2,1.0186444496538075e-11
356,all,1.1299999999999999,356,true,2,4.5319122075682181e-11
357,all,1.1299999999999999,357,true,2,9.0682512992324139e-11
358,all,1.1299999999999999,358,true,3,1.2422916415749963e-12
359,all,1.1299999999999999,359,true,2,5.3878261989989076e-11
360,all,1.1299999999999999,360,true,2,2.1556097593691026e-11
361,all,1.1299999999999999,361,true,3,3.1145508698468748e-12
362,all,1.1299999999999999,362,true,2,8.9242100036885328e-12
363,all,1.1299999999999999,363,true,2,1.7596750547692876e-11
364,all,1.1299999999999999,364,true,3,1.471123205790015e-12
365,all,1.1299999999999999,365,true,2,1.6400339933867274e-11
366,all,1.1299999999999999,366,true,3,1.521997446267619e-12
367,all,1.1299999999999999,367,true,2,2.9120632747273507e-11
368,all,1.1299999999999999,368,true,3,1.6069850405715362e-12
369,all,1.1299999999999999,369,true,2,5.3046956455644525e-11
370,all,1.1299999999999999,370,true,2,1.8402102522804396e-12
371,all,1.1299999999999999,371,true,3,2.3792730051481536e-12
372,all,1.1299999999999999,372,true,2,8.6441540591862712e-12
373,all,1.1299999999999999,373,true,3,7.5709224623827312e-13
374,all,1.1299999999999999,374,true,2,3.0604004455812016e-11
375,all,1.1299999999999999,375,true,2,6.0297163586759622e-11
376,all,1.1299999999999999,376,true,2,6.2361584685274626e-11
377,all,1.1299999999999999,377,true,3,1.0815849621806238e-12
378,all,1.1299999999999999,378,true,2,1.7392246674319547e-11
379,all,1.1299999999999999,379,true,2,4.3047646158992024e-11
380,all,1.1299999999999999,380,true,2,2.0537084310279423e-11
381,all,1.1299999999999999,381,true,2,3.0222092280286893e-11
382,all,1.1299999999999999,382,true,3,1.4111935530399251e-12
383,all,1.1299999999999999,383,true,3,7.0722282376916172e-13
384,all,1.1299999999999999,384,true,2,7.3121977931996923e-12
385,all,1.1299999999999999,385,true,3,1.303901265777654e-12
386,all,1.1299999999999999,386,true,2,7.5435255380269928e-11
387,all,1.1299999999999999,387,true,2,7.0160069256573203e-11
388,all,1.1299999999999999,388,true,2,2.1603357910423327e-11
389,all,1.1299999999999999,389,true,2,7.8401814664299188e-12
390,all,1.1299999999999999,390,true,2,1.2147625067450162e-11
391,all,1.1299999999999999,391,true,3,3.8555060795099621e-13
392,all,1.1299999999999999,392,true,3,7.3737025331501785e-13
393,all,1.1299999999999999,393,true,3,8.0578595210252886e-13
394,all,1.1299999999999999,394,true,2,2.4488084058558112e-11
395,all,1.1299999999999999,395,true,2,3.4681554124882525e-12
396,all,1.1299999999999999,396,true,3,1.5297424512701268e-12
397,all,1.1299999999999999,397,true,2,1.698619476826587e-11
398,all,1.1299999999999999,398,true,2,1.942311641675818e-11
399,all,1.1299999999999999,399,true,2,3.0476866567160867e-11
400,all,1.1299999999999999,400,true,3,6.6814301845263086e-12
401,all,1.1299999999999999,401,true,2,3.4283224814093346e-12
402,all,1.1299999999999999,402,true,2,3.6588123014059526e-11
403,all,1.1299999999999999,403,true,2,3.526570977508173e-11
404,all,1.1299999999999999,404,true,2,1.2515035389296155e-11
405,all,1.1299999999999999,405,true,3,2.0013501695132547e-12
406,all,1.1299999999999999,406,true,2,4.3342027168926343e-11
407,all,1.1299999999999999,407,true,2,8.9905739054582962e-12
408,all,1.1299999999999999,408,true,2,1.2204629283182768e-11
409,all,1.1299999999999999,409,true,3,6.3325255843120168e-13
410,all,1.1299999999999999,410,true,3,2.2988430771520264e-12
411,all,1.1299999999999999,411,true,3,1.8239649700164524e-12
412,all,1.1299999999999999,412,true,2,6.1181652106742746e-11
413,all,1.1299999999999999,413,true,2,7.6426110305407575e-12
414,all,1.1299999999999999,414,true,2,2.1546130804157954e-11
415,all,1.1299999999999999,415,true,2,5.5432202233322132e-11
416,all,1.1299999999999999,416,true,2,7.2343508281528222e-12
417,all,1.1299999999999999,417,true,3,5.2805081427286113e-13
418,all,1.1299999999999999,418,true,2,1.8357636131868245e-11
419,all,1.1299999999999999,419,true,2,5.5887150683331548e-11
420,all,1.1299999999999999,420,true,3,4.7241176537128619e-13
421,all,1.1299999999999999,421,true,2,9.0018506857734926e-11
422,all,1.1299999999999999,422,true,2,4.0429953978181194e-11
423,all,1.1299999999999999,423,true,3,2.9698888556026527e-12
424,all,1.1299999999999999,424,true,2,8.5417314919955653e-12
425,all,1.1299999999999999,425,true,3,8.4954215291899069e-13
426,all,1.1299999999999999,426,true,2,1.0981935996075127e-11
427,all,1.1299999999999999,427,true,3,5.8937088383104594e-12
428,all,1.1299999999999999,428,true,2,2.5798671540407941e-11
429,all,1.1299999999999999,429,true,2,2.3060794607443949e-11
430,all,1.1299999999999999,430,true,3,9.8148149401916351e-13
431,all,1.1299999999999999,431,true,3,3.4765103118334121e-13
432,all,1.1299999999999999,432,true,3,1.0875206149875283e-12
433,all,1.1299999999999999,433,true,3,4.2614492832577861e-13
434,all,1.1299999999999999,434,true,2,4.5729202857036073e-12
435,all,1.1299999999999999,435,true,3,3.1045098326447279e-13
436,all,1.1299999999999999,436,true,3,3.4527014456680394e-12
437,all,1.1299999999999999,437,true,2,4.6021780996824124e-11
438,all,1.1299999999999999,438,true,2,2.0285659361837066e-11
439,all,1.1299999999999999,439,true,2,2.3547040912744142e-11
440,all,1.1299999999999999,440,true,3,3.5253120954222918e-13
441,all,1.1299999999999999,441,true,2,7.9809370719355272e-11
442,all,1.1299999999999999,442,true,2,3.6897447302703711e-11
443,all,1.1299999999999999,443,true,2,1.7278281672681111e-11
444,all,1.1299999999999999,444,true,2,6.7287379395469157e-11
445,all,1.1299999999999999,445,true,2,4.4662148795235786e-11
446,all,1.1299999999999999,446,true,2,1.0819204890999012e-12
447,all,1.1299999999999999,447,true,2,4.9894361449845636e-12
448,all,1.1299999999999999,448,true,2,6.6803326505148492e-12
449,all,1.1299999999999999,449,true,2,2.2567263566196799e-11
450,all,1.1299999999999999,450,true,3,8.0575292844598541e-13
451,all,1.1299999999999999,451,true,2,1.3233182376742088e-11
452,all,1.1299999999999999,452,true,2,6.5910331567396281e-11
453,all,1.1299999999999999,453,true,3,5.6894956917587237e-13
454,all,1.1299999999999999,454,true,2,8.2743411183651778e-11
455,all,1.1299999999999999,455,true,2,2.1814744504804096e-11
456,all,1.1299999999999999,456,true,2,1.7791435264118247e-12
457,all,1.1299999999999999,457,true,2,1.0419986444977002e-11
458,all,1.1299999999999999,458,true,2,9.4224288160802495e-11
459,all,1.1299999999999999,459,true,2,1.1284264563731016e-11
460,all,1.1299999999999999,460,true,2,4.5980989933390677e-12
461,all,1.1299999999999999,461,true,2,3.9640913110348623e-11
462,all,1.1299999999999999,462,true,2,6.8953096473046863e-12
463,all,1.1299999999999999,463,true,2,3.3086250065112755e-11
464,all,1.1299999999999999,464,true,3,4.4954479670189536e-13
465,all,1.1299999999999999,465,true,2,1.6973989318262335e-11
466,all,1.1299999999999999,466,true,3,5.6467058166892789e-13
467,all,1.1299999999999999,467,true,2,2.5462906675940928e-11
468,all,1.1299999999999999,468,true,2,8.7350870963399771e-11
469,all,1.1299999999999999,469,true,2,4.0289869087344986e-11
470,all,1.1299999999999999,470,true,2,1.9156715653814786e-11
471,all,1.1299999999999999,471,true,2,8.7116026346846694e-12
472,all,1.1299999999999999,472,true,3,9.8929326543834807e-13
473,all,1.1299999999999999,473,true,2,1.0486088676148174e-11
474,all,1.1299999999999999,474,true,2,1.7029002663111416e-11
475,all,1.1299999999999999,475,true,2,8.8246725304755305e-11
476,all,1.1299999999999999,476,true,3,8.9555416539134928e-13
477,all,1.1299999999999999,477,true,3,2.9368688723536387e-12
478,all,1.1299999999999999,478,true,2,9.8891194182712486e-11
479,all,1.1299999999999999,479,true,2,6.173512658554221e-11
480,all,1.1299999999999999,480,true,2,4.2646991995049367e-11
481,all,1.1299999999999999,481,true,2,5.8515852538809507e-11
482,all,1.1299999999999999,482,true,2,4.6488410641291985e-12
483,all,1.1299999999999999,483,true,3,8.0624240810396467e-13
484,all,1.1299999999999999,484,true,2,8.7796184405561708e-11
485,all,1.1299999999999999,485,true,2,3.9334623975231015e-11
486,all,1.1299999999999999,486,true,2,2.0858501244974741e-11
487,all,1.1299999999999999,487,true,2,3.4273903983986992e-11
488,all,1.1299999999999999,488,true,2,1.8780292932932813e-11
489,all,1.1299999999999999,489,true,2,7.3556554941814957e-12
490,all,1.1299999999999999,490,true,2,9.5910540423301232e-12
491,all,1.1299999999999999,491,true,2,2.994634073901625e-11
492,all,1.1299999999999999,492,true,2,2.0915442711959768e-11
493,all,1.1299999999999999,493,true,3,6.7761386548833616e-13
494,all,1.1299999999999999,494,true,2,7.1026076855844614e-11
495,all,1.1299999999999999,495,true,2,2.0086787666081439e-11
496,all,1.1299999999999999,496,true,2,5.8642904145792898e-12
497,all,1.1299999999999999,497,true,2,4.2534084418176893e-11
498,all,1.1299999999999999,498,true,3,1.0556146107031836e-12
499,all,1.1299999999999999,499,true,2,1.8696309790593389e-11
500,all,1.1299999999999999,500,true,2,9.4068786430947843e-12
501,all,1.1299999999999999,501,true,3,3.2183095244760784e-12
502,all,1.1299999999999999,502,true,2,2.9076366100417659e-11
503,all,1.1299999999999999,503,true,3,2.0571021351898451e-12
504,all,1.1299999999999999,504,true,2,2.5583801586338719e-11
505,all,1.1299999999999999,505,true,3,2.7338387415623531e-12
506,all,1.1299999999999999,506,true,2,1.3853381474174856e-12
507,all,1.1299999999999999,507,true,3,2.7170786838850499e-12
508,all,1.1299999999999999,508,true,2,3.878056073826412e-12
509,all,1.1299999999999999,509,true,3,2.9909661374009578e-13
510,all,1.1299999999999999,510,true,2,6.6658532240779167e-12
511,all,1.1299999999999999,511,true,2,1.7686764505459134e-12
512,all,1.1299999999999999,512,true,2,5.2633216592955121e-11
513,all,1.1299999999999999,513,true,2,3.6249403239603594e-11
514,all,1.1299999999999999,514,true,2,4.0759516429482679e-12
515,all,1.1299999999999999,515,true,3,1.2827173073980486e-12
516,all,1.1299999999999999,516,true,2,6.5871178745797215e-12
517,all,1.1299999999999999,517,true,3,2.7522520355147626e-12
518,all,1.1299999999999999,518,true,2,9.1636568723695073e-11
519,all,1.1299999999999999,519,true,2,6.7976788768465413e-12
520,all,1.1299999999999999,520,true,2,2.7829016132722347e-11
521,all,1.1299999999999999,521,true,2,3.2071623215649668e-11
522,all,1.1299999999999999,522,true,2,2.0362278090725452e-11
523,all,1.1299999999999999,523,true,2,5.3404932338394385e-12
524,all,1.1299999999999999,524,true,3,5.4171676633053156e-12
525,all,1.1299999999999999,525,true,2,2.0289278852005839e-11
526,all,1.1299999999999999,526,true,2,1.4648438216401149e-11
527,all,1.1299999999999999,527,true,2,7.9642215878252277e-12
528,all,1.1299999999999999,528,true,2,8.0842413528674202e-12
529,all,1.1299999999999999,529,true,2,6.3292457227478157e-12
530,all,1.1299999999999999,530,true,2,1.77513036355268e-11
531,all,1.1299999999999999,531,true,2,3.0666192707651452e-12
532,all,1.1299999999999999,532,true,2,7.5448357737969439e-11
533,all,1.1299999999999999,533,true,3,4.9580053019656749e-13
534,all,1.1299999999999999,534,true,2,2.356972884369878e-11
535,all,1.1299999999999999,535,true,2,2.7479350230896583e-11
536,all,1.1299999999999999,536,true,3,1.0599425758975779e-12
537,all,1.1299999999999999,537,true,2,1.2266007454827448e-11
538,all,1.1299999999999999,538,true,2,3.3206934464797227e-11
539,all,1.1299999999999999,539,true,2,4.8581921992789933e-12
540,all,1.1299999999999999,540,true,2,1.3922755034260759e-11
541,all,1.1299999999999999,541,true,2,1.3782143271907411e-11
542,all,1.1299999999999999,542,true,2,1.1254651371233917e-11
543,all,1.1299999999999999,543,true,2,3.9731902669173833e-11
544,all,1.1299999999999999,544,true,2,3.2284985002416291e-11
545,all,1.1299999999999999,545,true,3,1.8028470268441059e-12
546,all,1.1299999999999999,546,true,2,2.9174623029834641e-11
547,all,1.1299999999999999,547,true,3,9.7647949956568475e-13
548,all,1.1299999999999999,548,true,3,4.6306285232890023e-13
549,all,1.1299999999999999,549,true,2,1.1690343711597447e-11
550,all,1.1299999999999999,550,true,2,2.7256801330281143e-11
551,all,1.1299999999999999,551,true,2,7.0237055066588706e-11
552,all,1.1299999999999999,552,true,2,9.2450644692259582e-11
553,all,1.1299999999999999,553,true,3,8.8035864412569633e-13
554,all,1.1299999999999999,554,true,2,5.1852673395024153e-11
555,all,1.1299999999999999,555,true,2,1.3318957510828175e-11
556,all,1.1299999999999999,556,true,3,1.184065319260001e-12
557,all,1.1299999999999999,557,true,2,1.6594668110407109e-11
558,all,1.1299999999999999,558,true,2,6.7883279818159917e-12
559,all,1.1299999999999999,559,true,2,8.8791466150659472e-12
560,all,1.1299999999999999,560,true,2,5.4544526122201668e-11
561,all,1.1299999999999999,561,true,2,1.4804277370255571e-11
562,all,1.1299999999999999,562,true,2,1.3732168565955322e-11
563,all,1.1299999999999999,563,true,2,8.4747808362850656e-12
564,all,1.1299999999999999,564,true,3,4.4085936855761416e-13
565,all,1.1299999999999999,565,true,2,3.8242202520997143e-11
566,all,1.1299999999999999,566,true,2,1.8767214329733407e-12
567,all,1.1299999999999999,567,true,3,3.5348727201958843e-12
568,all,1.1299999999999999,568,true,2,8.571694460046736e-11
569,all,1.1299999999999999,569,true,2,3.6421627984796948e-11
570,all,1.1299999999999999,570,true,2,1.0150393612709951e-11
571,all,1.1299999999999999,571,true,2,4.1109422534971264e-11
572,all,1.1299999999999999,572,true,2,4.6782150634625515e-11
573,all,1.1299999999999999,573,true,3,1.3647029015576579e-12
574,all,1.1299999999999999,574,true,2,9.5799432098230816e-11
575,all,1.1299999999999999,575,true,2,8.3316735049970134e-11
576,all,1.1299999999999999,576,true,3,1.1977265737181669e-12
577,all,1.1299999999999999,577,true,3,4.2640971452497397e-13
578,all,1.1299999999999999,578,true,2,5.3725391602944335e-12
579,all,1.1299999999999999,579,true,2,2.4451637938064314e-11
580,all,1.1299999999999999,580,true,2,5.5004604168493452e-11
581,all,1.1299999999999999,581,true,2,2.8923089546002301e-11
582,all,1.1299999999999999,582,true,2,3.7360925506488458e-11
583,all,1.1299999999999999,583,true,3,2.0994025241892842e-12
584,all,1.1299999999999999,584,true,2,4.5147793602730937e-11
585,all,1.1299999999999999,585,true,2,1.6051696683937069e-11
586,all,1.1299999999999999,586,true,2,9.0204397222283872e-11
587,all,1.1299999999999999,587,true,2,4.2408822393094603e-11
588,all,1.1299999999999999,588,true,2,7.0661994943628179e-12
589,all,1.1299999999999999,589,true,2,7.622880033946851e-11
590,all,1.1299999999999999,590,true,2,9.7593742169931924e-12
591,all,1.1299999999999999,591,true,2,1.1994264325206196e-11
592,all,1.1299999999999999,592,true,2,8.4668289814766872e-11
593,all,1.1299999999999999,593,true,2,2.507822684031981e-11
594,all,1.1299999999999999,594,true,3,8.6176283987084393e-12
595,all,1.1299999999999999,595,true,2,6.9289855752047238e-12
596,all,1.1299999999999999,596,true,3,7.6995279963346959e-13
597,all,1.1299999999999999,597,true,3,6.370684625227555e-13
598,all,1.1299999999999999,598,true,2,1.4065231200493683e-11
599,all,1.1299999999999999,599,true,3,2.0187785823709988e-12
600,all,1.1299999999999999,600,true,2,7.4187371528804221e-12
601,all,3.2000000000000002,1,true,4,3.0624760345321961e-12
602,all,3.2000000000000002,2,true,3,5.2262205735615816e-12
603,all,3.2000000000000002,3,true,3,2.1173247457161528e-11
604,all,3.2000000000000002,4,true,3,2.8091819286274909e-11
605,all,3.2000000000000002,5,true,3,2.1482568880508241e-11
606,all,3.2000000000000002,6,true,3,7.3282557680299586e-11
607,all,3.2000000000000002,7,true,3,4.1610670818327943e-11
608,all,3.2000000000000002,8,true,3,1.1151800058212763e-11
609,all,3.2000000000000002,9,true,4,8.8458591955842862e-11
610,all,3.2000000000000002,10,true,3,1.5993585856969661e-11
611,all,3.2000000000000002,11,true,3,5.8894749594186385e-11
612,all,3.2000000000000002,12,true,4,4.1040797057176229e-12
613,all,3.2000000000000002,13,true,3,7.4324421029191534e-11
614,all,3.2000000000000002,14,true,4,2.501484039453401e-12
615,all,3.2000000000000002,15,true,4,3.105425615820401e-12
616,all,3.2000000000000002,16,true,4,8.1679413071922465e-12
617,all,3.2000000000000002,17,true,3,6.3488545005861569e-11
618,all,3.2000000000000002,18,true,3,6.3258243503389937e-12
619,all,3.2000000000000002,19,true,4,3.1493749631232369e-12
620,all,3.2000000000000002,20,true,4,3.2789966811320455e-12
621,all,3.2000000000000002,21,true,4,4.2788572504226447e-12
622,all,3.2000000000000002,22,true,3,9.337016244612254e-13
623,all,3.2000000000000002,23,true,3,1.216591993666892e-11
624,all,3.2000000000000002,24,true,4,1.4691840609613867e-11
625,all,3.2000000000000002,25,true,3,7.6948397840592198e-11
626,all,3.2000000000000002,26,true,4,1.7008546633118715e-12
627,all,3.2000000000000002,27,true,3,6.5088617876026262e-11
628,all,3.2000000000000002,28,true,3,4.9374311814587237e-12
629,all,3.2000000000000002,29,true,3,1.9022654613828518e-11
630,all,3.2000000000000002,30,true,3,1.2204335920772135e-11
631,all,3.2000000000000002,31,true,3,9.7815393054936158e-12
632,all,3.2000000000000002,32,true,3,4.308500724816948e-12
633,all,3.2000000000000002,33,true,3,5.0784866502574955e-11
634,all,3.2000000000000002,34,true,3,5.6133721532228875e-12
635,all,3.2000000000000002,35,true,4,1.1108835927662882e-12
636,all,3.2000000000000002,36,true,3,1.0220994022003919e-11
637,all,3.2000000000000002,37,true,4,1.7977721730966639e-11
638,all,3.2000000000000002,38,true,3,7.7208282190952487e-11
639,all,3.2000000000000002,39,true,3,2.3401257094987683e-11
640,all,3.2000000000000002,40,true,3,5.4710095956902657e-11
641,all,3.2000000000000002,41,true,3,1.8898020133056998e-11
642,all,3.2000000000000002,42,true,3,1.1646570359517032e-11
643,all,3.2000000000000002,43,true,3,2.1937484665268886e-11
644,all,3.2000000000000002,44,true,3,5.9271602648205922e-11
645,all,3.2000000000000002,45,true,3,1.0305881849818825e-11
646,all,3.2000000000000002,46,true,4,3.1500261374886342e-12
647,all,3.2000000000000002,47,true,3,5.3360588276111254e-11
648,all,3.2000000000000002,48,true,3,9.2029999757893971e-12
649,all,3.2000000000000002,49,true,3,8.0987489068422972e-11
650,all,3.2000000000000002,50,true,3,4.7700710152892552e-11
651,all,3.2000000000000002,51,true,3,1.1344745943007501e-11
652,all,3.2000000000000002,52,true,3,1.7408092771326442e-11
653,all,3.2000000000000002,53,true,3,2.8644208897760448e-11
654,all,3.2000000000000002,54,true,3,4.5807990305747045e-11
655,all,3.2000000000000002,55,true,3,4.353432194202672e-12
656,all,3.2000000000000002,56,true,3,2.1783126922823574e-11
657,all,3.2000000000000002,57,true,4,4.5041362061250604e-12
658,all,3.2000000000000002,58,true,3,3.1161896972998875e-11
659,all,3.2000000000000002,59,true,3,7.1623271195261559e-12
660,all,3.2000000000000002,60,true,3,6.7026475354529611e-12
661,all,3.2000000000000002,61,true,3,6.4368987283837408e-11
662,all,3.2000000000000002,62,true,3,2.1558223329478219e-11
663,all,3.2000000000000002,63,true,3,3.49586054229728e-11
664,all,3.2000000000000002,64,true,3,1.1173755061908871e-11
665,all,3.2000000000000002,65,true,3,5.2665070767133001e-12
666,all,3.2000000000000002,66,true,4,4.8015673102028692e-11
667,all,3.2000000000000002,67,true,3,3.8973909738532361e-11
668,all,3.2000000000000002,68,true,3,8.6782243308297454e-12
669,all,3.2000000000000002,69,true,3,2.4254021424845615e-11
670,all,3.2000000000000002,70,true,3,2.2523371273988904e-12
671,all,3.2000000000000002,71,true,3,5.1572932674985418e-11
672,all,3.2000000000000002,72,true,3,4.835434075132493e-11
673,all,3.2000000000000002,73,true,4,3.4226520478016602e-12
674,all,3.2000000000000002,74,true,4,7.3734249926284693e-12
675,all,3.2000000000000002,75,true,3,2.8845098327044305e-11
676,all,3.2000000000000002,76,true,3,3.9346576684152664e-11
677,all,3.2000000000000002,77,true,3,4.2421116585796834e-12
678,all,3.2000000000000002,78,true,3,5.9896663243339328e-12
679,all,3.2000000000000002,79,true,3,1.1154212239198283e-11
680,all,3.2000000000000002,80,true,3,3.6284241568923214e-11
681,all,3.2000000000000002,81,true,3,9.0201137693833501e-12
682,all,3.2000000000000002,82,true,4,3.0158369385699788e-12
683,all,3.2000000000000002,83,true,3,1.810354182801949e-12
684,all,3.2000000000000002,84,true,3,6.724013454532411e-11
685,all,3.2000000000000002,85,true,4,2.205860691401937e-12
686,all,3.2000000000000002,86,true,4,3.9033285096542249e-11
687,all,3.2000000000000002,87,true,3,1.5260414329604446e-11
688,all,3.2000000000000002,88,true,3,9.0912410612884516e-11
689,all,3.2000000000000002,89,true,4,3.4573592182497717e-12
690,all,3.2000000000000002,90,true,3,4.9740450690181062e-11
691,all,3.2000000000000002,91,true,3,3.4940159670521166e-11
692,all,3.2000000000000002,92,true,4,1.7836131776262097e-11
693,all,3.2000000000000002,93,true,4,2.5731617241162722e-11
694,all,3.2000000000000002,94,true,3,3.6063655315727207e-11
695,all,3.2000000000000002,95,true,3,1.7440978179744404e-11
696,all,3.2000000000000002,96,true,3,1.5969251916957156e-11
697,all,3.2000000000000002,97,true,3,4.5966050404559058e-12
698,all,3.2000000000000002,98,true,3,3.0838441901573901e-11
699,all,3.2000000000000002,99,true,4,3.3014049021037409e-12
700,all,3.2000000000000002,100,true,3,6.3977738260629988e-11
701,all,3.2000000000000002,101,true,3,3.7146142773860697e-11
702,all,3.2000000000000002,102,true,3,8.2408527831951457e-12
703,all,3.2000000000000002,103,true,4,2.0928941726707349e-12
704,all,3.2000000000000002,104,true,3,1.8200878590720134e-11
705,all,3.2000000000000002,105,true,3,1.913610661020133e-11
706,all,3.2000000000000002,106,true,4,2.849051134620897e-12
707,all,3.2000000000000002,107,true,4,7.8956320429505474e-12
708,all,3.2000000000000002,108,true,3,4.3843185098705424e-11
709,all,3.2000000000000002,109,true,4,3.2085112494234433e-12
710,all,3.2000000000000002,110,true,3,2.8451553896137701e-11
711,all,3.2000000000000002,111,true,3,3.4443122534616432e-11
712,all,3.2000000000000002,112,true,3,4.6595933863363726e-11
713,all,3.2000000000000002,113,true,4,4.0773652795425047e-13
714,all,3.2000000000000002,114,true,3,5.731678702292412e-12
715,all,3.2000000000000002,115,true,3,1.0027607792330123e-11
716,all,3.2000000000000002,116,true,4,5.6902850691027693e-12
717,all,3.2000000000000002,117,true,4,1.4146274245278983e-11
718,all,3.2000000000000002,118,true,3,3.8154715545825732e-11
719,all,3.2000000000000002,119,true,4,7.9218960760921112e-12
720,all,3.2000000000000002,120,true,3,1.4785033438646803e-11
721,all,3.2000000000000002,121,true,3,3.2877952383186043e-11
722,all,3.2000000000000002,122,true,3,6.3231771706375633e-11
723,all,3.2000000000000002,123,true,4,1.9230053495651603e-12
724,all,3.2000000000000002,124,true,4,1.8625698894190002e-12
725,all,3.2000000000000002,125,true,4,1.4500198452320166e-11
726,all,3.2000000000000002,126,true,3,2.4807720762465473e-11
727,all,3.2000000000000002,127,true,3,1.5195306488702238e-12
728,all,3.2000000000000002,128,true,3,1.9346566001474092e-12
729,all,3.2000000000000002,129,true,3,6.6931698929366647e-11
730,all,3.2000000000000002,130,true,4,1.2935223759181309e-11
731,all,3.2000000000000002,131,true,4,8.728130799952116e-13
732,all,3.2000000000000002,132,true,3,5.525289909410237e-11
733,all,3.2000000000000002,133,true,4,1.0535911087637774e-11
734,all,3.2000000000000002,134,true,4,3.0661223105357514e-12
735,all,3.2000000000000002,135,true,3,8.6273221464240114e-12
736,all,3.2000000000000002,136,true,3,2.2823979459080349e-11
737,all,3.2000000000000002,137,true,4,6.0140979273101757e-12
738,all,3.2000000000000002,138,true,3,4.4832349567071989e-12
739,all,3.2000000000000002,139,true,3,8.4842878817904504e-12
740,all,3.2000000000000002,140,true,3,2.5505464155542729e-11
741,all,3.2000000000000002,141,true,4,9.6388637194572018e-13
742,all,3.2000000000000002,142,true,3,9.3849155634741338e-12
743,all,3.2000000000000002,143,true,3,1.7352398380291933e-11
744,all,3.2000000000000002,144,true,3,1.39119755080747e-11
745,all,3.2000000000000002,145,true,4,7.1450601724125451e-12
746,all,3.2000000000000002,146,true,3,3.6045052809006554e-12
747,all,3.2000000000000002,147,true,3,5.0417723149651335e-11
748,all,3.2000000000000002,148,true,3,8.2726619107874202e-11
749,all,3.2000000000000002,149,true,3,9.4829247152277121e-13
750,all,3.2000000000000002,150,true,3,1.0803555845102643e-11
751,all,3.2000000000000002,151,true,4,1.9709253660174257e-12
752,all,3.2000000000000002,152,true,3,4.6830414434834057e-11
753,all,3.2000000000000002,153,true,3,1.8162946251938305e-11
754,all,3.2000000000000002,154,true,3,2.1547605303275415e-11
755,all,3.2000000000000002,155,true,3,6.4256893894089497e-11
756,all,3.2000000000000002,156,true,3,3.6096315560775208e-11
757,all,3.2000000000000002,157,true,3,1.8390319049919795e-11
758,all,3.2000000000000002,158,true,3,1.0239820203158518e-11
759,all,3.2000000000000002,159,true,3,1.5152158296996698e-12
760,all,3.2000000000000002,160,true,2,6.2801093457541911e-11
761,all,3.2000000000000002,161,true,4,2.4713495655993094e-12
762,all,3.2000000000000002,162,true,3,1.7914719893501498e-11
763,all,3.2000000000000002,163,true,2,4.1869340756536674e-11
764,all,3.2000000000000002,164,true,3,3.2603516309467276e-11
765,all,3.2000000000000002,165,true,3,4.3981499143283399e-12
766,all,3.2000000000000002,166,true,3,8.8305263345097314e-12
767,all,3.2000000000000002,167,true,4,2.4195342535244315e-12
768,all,3.2000000000000002,168,true,3,1.2420391139726672e-11
769,all,3.2000000000000002,169,true,3,1.4520822924355427e-11
770,all,3.2000000000000002,170,true,3,3.3114853103527282e-11
771,all,3.2000000000000002,171,true,3,5.3909125677791642e-11
772,all,3.2000000000000002,172,true,3,3.8904279794823573e-11
773,all,3.2000000000000002,173,true,3,9.0655320010585947e-11
774,all,3.2000000000000002,174,true,3,2.4694710780981828e-11
775,all,3.2000000000000002,175,true,4,1.1383310131893596e-12
776,all,3.2000000000000002,176,true,3,2.7594207009750066e-11
777,all,3.2000000000000002,177,true,3,8.0875439866015947e-11
778,all,3.2000000000000002,178,true,3,3.9259513541293569e-12
779,all,3.2000000000000002,179,true,3,1.3538758819414265e-11
780,all,3.2000000000000002,180,true,3,3.4357989586645823e-11
781,all,3.2000000000000002,181,true,3,2.4398005571692306e-12
782,all,3.2000000000000002,182,true,4,1.3923995133973419e-11
783,all,3.2000000000000002,183,true,3,4.4856734601740921e-11
784,all,3.2000000000000002,184,true,4,3.2561892103825724e-12
785,all,3.2000000000000002,185,true,3,4.4298924467099739e-11
786,all,3.2000000000000002,186,true,3,3.8068023710545639e-11
787,all,3.2000000000000002,187,true,3,3.7808926276849503e-11
788,all,3.2000000000000002,188,true,4,3.7246297002333369e-11
789,all,3.2000000000000002,189,true,4,1.3249855417083586e-12
790,all,3.2000000000000002,190,true,4,1.0244939530398157e-11
791,all,3.2000000000000002,191,true,3,1.3906679902595859e-11
792,all,3.2000000000000002,192,true,3,2.7157356315295405e-11
793,all,3.2000000000000002,193,true,4,2.9718336297093981e-12
794,all,3.2000000000000002,194,true,3,5.5322892480252881e-11
795,all,3.2000000000000002,195,true,4,6.6308362217018591e-12
796,all,3.2000000000000002,196,true,3,6.1348045543997943e-11
797,all,3.2000000000000002,197,true,4,1.9938944823437223e-12
798,all,3.2000000000000002,198,true,4,1.2635060755079387e-12
799,all,3.2000000000000002,199,true,3,1.881710650141126e-11
800,all,3.2000000000000002,200,true,3,2.3064536673159437e-11
801,all,3.2000000000000002,201,true,3,3.0333873150022109e-11
802,all,3.2000000000000002,202,true,3,5.8547848193960172e-11
803,all,3.2000000000000002,203,true,3,1.18397134801972e-11
804,all,3.2000000000000002,204,true,3,9.066571760708862e-12
805,all,3.2000000000000002,205,true,3,1.3900445647668786e-11
806,all,3.2000000000000002,206,true,3,6.8088078038470848e-12
807,all,3.2000000000000002,207,true,4,4.0225389796466505e-12
808,all,3.2000000000000002,208,true,3,9.4758473521326263e-13
809,all,3.2000000000000002,209,true,3,1.8196370134188426e-11
810,all,3.2000000000000002,210,true,3,3.8993460547035916e-11
811,all,3.2000000000000002,211,true,4,1.9717825373727779e-12
812,all,3.2000000000000002,212,true,3,4.9916273248260508e-12
813,all,3.2000000000000002,213,true,3,3.3891315421513503e-11
814,all,3.2000000000000002,214,true,3,2.8905771464830024e-11
815,all,3.2000000000000002,215,true,4,6.719341975913891e-12
816,all,3.2000000000000002,216,true,3,1.0497301300014447e-11
817,all,3.2000000000000002,217,true,4,4.2127047501682609e-12
818,all,3.2000000000000002,218,true,4,4.7076382080017132e-12
819,all,3.2000000000000002,219,true,3,4.1072763274366056e-11
820,all,3.2000000000000002,220,true,3,3.5479587450535007e-11
821,all,3.2000000000000002,221,true,4,2.1209523461927477e-12
822,all,3.2000000000000002,222,true,3,4.2557749361382336e-11
823,all,3.2000000000000002,223,true,3,3.8430066270704745e-11
824,all,3.2000000000000002,224,true,3,5.6336898760605376e-12
825,all,3.2000000000000002,225,true,3,1.4796279316004392e-11
826,all,3.2000000000000002,226,true,3,3.0556608664835304e-11
827,all,3.2000000000000002,227,true,3,2.2532682551803607e-11
828,all,3.2000000000000002,228,true,3,4.2819480636630606e-11
829,all,3.2000000000000002,229,true,3,7.0368736195491267e-12
830,all,3.2000000000000002,230,true,3,2.5985871651857481e-11
831,all,3.2000000000000002,231,true,3,1.1328774838959229e-12
832,all,3.2000000000000002,232,true,3,1.6676602878960659e-11
833,all,3.2000000000000002,233,true,3,1.8899121114910018e-11
834,all,3.2000000000000002,234,true,3,7.4618383517703401e-12
835,all,3.2000000000000002,235,true,4,2.6558197149651454e-12
836,all,3.2000000000000002,236,true,3,9.7936413680694064e-11
837,all,3.2000000000000002,237,true,3,1.5317313881195999e-12
838,all,3.2000000000000002,238,true,3,2.7773062935528435e-12
839,all,3.2000000000000002,239,true,3,5.1294467338659231e-11
840,all,3.2000000000000002,240,true,3,2.3598970553696848e-11
841,all,3.2000000000000002,241,true,4,3.4686382478562942e-12
842,all,3.2000000000000002,242,true,4,7.8659809823935214e-12
843,all,3.2000000000000002,243,true,4,6.3807257266603247e-12
844,all,3.2000000000000002,244,true,3,3.1297249332707351e-11
845,all,3.2000000000000002,245,true,3,4.6602036768779198e-11
846,all,3.2000000000000002,246,true,4,8.0131765485619726e-13
847,all,3.2000000000000002,247,true,4,4.7047661647003491e-12
848,all,3.2000000000000002,248,true,3,6.1784394461594217e-11
849,all,3.2000000000000002,249,true,3,1.5594418730640162e-11
850,all,3.2000000000000002,250,true,3,2.2652617701787421e-11
851,all,3.2000000000000002,251,true,3,1.0053840735953842e-11
852,all,3.2000000000000002,252,true,3,1.7079729358410874e-11
853,all,3.2000000000000002,253,true,3,4.5280679026670037e-12
854,all,3.2000000000000002,254,true,3,1.6370955725003246e-11
855,all,3.2000000000000002,255,true,4,3.8274720706568341e-12
856,all,3.2000000000000002,256,true,3,1.8019642046906411e-12
857,all,3.2000000000000002,257,true,3,3.1940290354880969e-11
858,all,3.2000000000000002,258,true,4,2.1786460206195265e-12
859,all,3.2000000000000002,259,true,4,7.227811662416081e-12
860,all,3.2000000000000002,260,true,4,2.437958933645674e-12
861,all,3.2000000000000002,261,true,3,1.0472202380756143e-11
862,all,3.2000000000000002,262,true,3,2.5943632176025798e-11
863,all,3.2000000000000002,263,true,4,7.0007539177168911e-12
864,all,3.2000000000000002,264,true,3,2.2934155451721458e-12
865,all,3.2000000000000002,265,true,3,4.7686526126778549e-12
866,all,3.2000000000000002,266,true,3,2.2064089084576365e-11
867,all,3.2000000000000002,267,true,3,5.4885473886067737e-11
868,all,3.2000000000000002,268,true,3,3.1276881523036593e-11
869,all,3.2000000000000002,269,true,3,5.7704328425813356e-11
870,all,3.2000000000000002,270,true,3,2.793801504035064e-11
871,all,3.2000000000000002,271,true,4,9.1523181082417546e-13
872,all,3.2000000000000002,272,true,4,1.3590985355069994e-11
873,all,3.2000000000000002,273,true,4,4.7733006528582312e-12
874,all,3.2000000000000002,274,true,3,6.8668490799660767e-11
875,all,3.2000000000000002,275,true,3,1.2651899073557264e-11
876,all,3.2000000000000002,276,true,4,1.719584031338084e-12
877,all,3.2000000000000002,277,true,4,4.0629700006595744e-12
878,all,3.2000000000000002,278,true,3,7.0073879908964102e-12
879,all,3.2000000000000002,279,true,3,2.0951002481270563e-12
880,all,3.2000000000000002,280,true,3,3.2633154341731323e-11
881,all,3.2000000000000002,281,true,3,7.9520214941403729e-11
882,all,3.2000000000000002,282,true,3,5.7289133605232912e-12
883,all,3.2000000000000002,283,true,3,7.021774083451979e-11
884,all,3.2000000000000002,284,true,3,7.1685989273267494e-12
885,all,3.2000000000000002,285,true,3,3.9536084031629985e-11
886,all,3.2000000000000002,286,true,3,1.0114191784840218e-11
887,all,3.2000000000000002,287,true,3,1.9055121617149782e-11
888,all,3.2000000000000002,288,true,3,6.1414099361701264e-12
889,all,3.2000000000000002,289,true,4,1.047917150884218e-11
890,all,3.2000000000000002,290,true,3,4.2634919572128804e-11
891,all,3.2000000000000002,291,true,3,1.746325943642237e-11
892,all,3.2000000000000002,292,true,3,4.0921252606801905e-11
893,all,3.2000000000000002,293,true,4,8.7609537165241608e-12
894,all,3.2000000000000002,294,true,3,1.1596566734775725e-12
895,all,3.2000000000000002,295,true,3,3.3941518708126796e-12
896,all,3.2000000000000002,296,true,4,5.323614759547809e-12
897,all,3.2000000000000002,297,true,3,1.1179442329585055e-11
898,all,3.2000000000000002,298,true,3,8.6955933921841163e-12
899,all,3.2000000000000002,299,true,4,4.474599483302806e-12
900,all,3.2000000000000002,300,true,3,7.5365680054552492e-11
901,all,3.2000000000000002,301,true,3,7.5865208682166298e-12
902,all,3.2000000000000002,302,true,3,9.0121871039951772e-11
903,all,3.2000000000000002,303,true,3,1.6817891044802358e-11
904,all,3.2000000000000002,304,true,3,5.68964007268752e-11
905,all,3.2000000000000002,305,true,3,6.8533261642595283e-12
906,all,3.2000000000000002,306,true,3,9.6123927410369445e-11
907,all,3.2000000000000002,307,true,4,3.665958883799963e-12
908,all,3.2000000000000002,308,true,3,4.4450994871126155e-12
909,all,3.2000000000000002,309,true,3,3.6940111683946687e-11
910,all,3.2000000000000002,310,true,3,2.4443793959303746e-11
911,all,3.2000000000000002,311,true,4,6.3339229127822186e-12
912,all,3.2000000000000002,312,true,3,2.7437712758130743e-11
913,all,3.2000000000000002,313,true,3,2.2673279538718364e-11
914,all,3.2000000000000002,314,true,4,2.084061369769829e-11
915,all,3.2000000000000002,315,true,4,1.724428265746027e-11
916,all,3.2000000000000002,316,true,3,6.9245752048022045e-11
917,all,3.2000000000000002,317,true,3,1.5708344570391116e-11
918,all,3.2000000000000002,318,true,3,4.0677151239966723e-11
919,all,3.2000000000000002,319,true,3,3.9551161629688352e-11
920,all,3.2000000000000002,320,true,3,5.3379154682635909e-11
921,all,3.2000000000000002,321,true,4,6.5454634573618443e-13
922,all,3.2000000000000002,322,true,3,3.4303353815963375e-11
923,all,3.2000000000000002,323,true,3,7.0573056297453363e-12
924,all,3.2000000000000002,324,true,3,2.1785336273500047e-11
925,all,3.2000000000000002,325,true,4,1.9599778975141897e-12
926,all,3.2000000000000002,326,true,3,4.9721601730834761e-11
927,all,3.2000000000000002,327,true,3,3.7462522136789011e-11
928,all,3.2000000000000002,328,true,3,7.4228362742925375e-11
929,all,3.2000000000000002,329,true,4,8.9077925631817853e-13
930,all,3.2000000000000002,330,true,4,6.0765415097603519e-12
931,all,3.2000000000000002,331,true,3,2.909592263672416e-11
932,all,3.2000000000000002,332,true,3,7.2130225387080098e-12
933,all,3.2000000000000002,333,true,3,3.5749400868488153e-11
934,all,3.2000000000000002,334,true,3,2.1075793270524881e-11
935,all,3.2000000000000002,335,true,3,2.0871491996601263e-11
936,all,3.2000000000000002,336,true,3,3.1313000662140137e-12
937,all,3.2000000000000002,337,true,4,1.8561448494418687e-11
938,all,3.2000000000000002,338,true,3,5.0071159759126349e-11
939,all,3.2000000000000002,339,true,4,2.8809820393663976e-11
940,all,3.2000000000000002,340,true,3,3.1951392257856973e-11
941,all,3.2000000000000002,341,true,3,1.1413028293249509e-11
942,all,3.2000000000000002,342,true,4,3.2257184088254573e-12
943,all,3.2000000000000002,343,true,4,1.0972060888547718e-11
944,all,3.2000000000000002,344,true,3,2.0579243932438997e-11
945,all,3.2000000000000002,345,true,3,4.1620650051867845e-11
946,all,3.2000000000000002,346,true,4,1.0395018282536909e-12
947,all,3.2000000000000002,347,true,4,2.2528034673707713e-12
948,all,3.2000000000000002,348,true,3,1.3459327637712931e-11
949,all,3.2000000000000002,349,true,3,5.0115818443459356e-12
950,all,3.2000000000000002,350,true,3,1.7117490366525477e-11
951,all,3.2000000000000002,351,true,4,2.4287119902141258e-12
952,all,3.2000000000000002,352,true,4,9.7899380682103294e-13
953,all,3.2000000000000002,353,true,3,2.7907504399610625e-12
954,all,3.2000000000000002,354,true,3,2.4694517742908209e-11
955,all,3.2000000000000002,355,true,3,2.5795705423403051e-12
956,all,3.2000000000000002,356,true,3,3.0562302811948812e-11
957,all,3.2000000000000002,357,true,3,3.6597967351383679e-11
958,all,3.2000000000000002,358,true,4,4.0286617052420989e-12
959,all,3.2000000000000002,359,true,3,2.0033538384046266e-11
960,all,3.2000000000000002,360,true,3,2.3425792139824221e-11
961,all,3.2000000000000002,361,true,4,3.5814033698806891e-11
962,all,3.2000000000000002,362,true,3,2.6651944644570605e-12
963,all,3.2000000000000002,363,true,3,1.5020821578133141e-11
964,all,3.2000000000000002,364,true,4,4.6100833456981329e-12
965,all,3.2000000000000002,365,true,3,7.660451319231104e-12
966,all,3.2000000000000002,366,true,4,5.3748621366065125e-12
967,all,3.2000000000000002,367,true,3,8.3512545206518287e-11
968,all,3.2000000000000002,368,true,4,3.8661244875139856e-12
969,all,3.2000000000000002,369,true,3,5.1274080090547039e-11
970,all,3.2000000000000002,370,true,3,5.9146017295513732e-13
971,all,3.2000000000000002,371,true,4,1.2099858732354434e-11
972,all,3.2000000000000002,372,true,3,6.6582005863321155e-12
973,all,3.2000000000000002,373,true,4,7.7206899496779322e-12
974,all,3.2000000000000002,374,true,3,5.8852344706113933e-11
975,all,3.2000000000000002,375,true,3,4.7824361992733529e-11
976,all,3.2000000000000002,376,true,3,3.0113952397546163e-11
977,all,3.2000000000000002,377,true,4,5.88494501499352e-12
978,all,3.2000000000000002,378,true,3,1.8562762093229514e-11
979,all,3.2000000000000002,379,true,3,9.8184615057016592e-12
980,all,3.2000000000000002,380,true,3,2.0836935569176434e-11
981,all,3.2000000000000002,381,true,3,5.2665881080349104e-11
982,all,3.2000000000000002,382,true,4,4.6101786802956899e-12
983,all,3.2000000000000002,383,true,4,8.8279463856522038e-12
984,all,3.2000000000000002,384,true,3,9.3376698621635205e-13
985,all,3.2000000000000002,385,true,4,8.7616948356981118e-12
986,all,3.2000000000000002,386,true,3,1.5637454533643337e-11
987,all,3.2000000000000002,387,true,3,4.7454275050856499e-11
988,all,3.2000000000000002,388,true,3,6.7071011804236499e-11
989,all,3.2000000000000002,389,true,3,3.0563240579269461e-12
990,all,3.2000000000000002,390,true,3,1.3979128572722048e-11
991,all,3.2000000000000002,391,true,3,6.1623491401214736e-11
992,all,3.2000000000000002,392,true,4,4.2607722749426054e-12
993,all,3.2000000000000002,393,true,4,2.5547710300099181e-12
994,all,3.2000000000000002,394,true,3,6.3323515358979029e-11
995,all,3.2000000000000002,395,true,3,3.4990944660208401e-12
996,all,3.2000000000000002,396,true,4,2.0284137740427008e-12
997,all,3.2000000000000002,397,true,3,9.2873637526856643e-12
998,all,3.2000000000000002,398,true,3,3.539713859513995e-11
999,all,3.2000000000000002,399,true,3,1.7049994748319958e-11
1000,all,3.2000000000000002,400,true,4,4.7786536000884716e-11
1001,all,3.2000000000000002,401,true,3,1.400702687299251e-12
1002,all,3.2000000000000002,402,true,3,4.3908738860896716e-11
1003,all,3.2000000000000002,403,true,3,1.7387527342157992e-11
1004,all,3.2000000000000002,404,true,3,4.5437718135916469e-12
1005,all,3.2000000000000002,405,true,4,6.5927174336008632e-12
1006,all,3.2000000000000002,406,true,4,3.7071900400763377e-12
1007,all,3.2000000000000002,407,true,3,2.8646777153831005e-11
1008,all,3.2000000000000002,408,true,3,3.5115123229480471e-11
1009,all,3.2000000000000002,409,true,4,1.4763460639219265e-12
1010,all,3.2000000000000002,410,true,4,1.0283483714037438e-11
1011,all,3.2000000000000002,411,true,4,9.1643568337814262e-12
1012,all,3.2000000000000002,412,true,3,6.8260384452370764e-11
1013,all,3.2000000000000002,413,true,3,4.712886598096347e-12
1014,all,3.2000000000000002,414,true,3,4.8465602872280426e-12
1015,all,3.2000000000000002,415,true,3,2.6030367204272383e-11
1016,all,3.2000000000000002,416,true,3,3.5318206648278367e-12
1017,all,3.2000000000000002,417,true,3,7.2247306155510348e-11
1018,all,3.2000000000000002,418,true,3,6.6407605055170067e-12
1019,all,3.2000000000000002,419,true,3,3.4615530946503507e-11
1020,all,3.2000000000000002,420,true,3,9.2246992789665271e-11
1021,all,3.2000000000000002,421,true,3,3.2700711496836824e-11
1022,all,3.2000000000000002,422,true,3,7.2988445348168397e-11
1023,all,3.2000000000000002,423,true,4,1.2248980740579958e-11
1024,all,3.2000000000000002,424,true,3,2.3582141789983091e-11
1025,all,3.2000000000000002,425,true,4,2.7014151378297309e-12
1026,all,3.2000000000000002,426,true,3,4.7516510033334842e-12
1027,all,3.2000000000000002,427,true,4,5.5645610160563824e-11
1028,all,3.2000000000000002,428,true,3,5.2125410492534794e-11
1029,all,3.2000000000000002,429,true,3,1.9000668421024773e-11
1030,all,3.2000000000000002,430,true,4,6.4372588499142464e-12
1031,all,3.2000000000000002,431,true,3,6.6810801728200985e-11
1032,all,3.2000000000000002,432,true,4,2.1268096499049184e-12
1033,all,3.2000000000000002,433,true,3,8.7626833697911889e-11
1034,all,3.2000000000000002,434,true,3,5.232046790474259e-12
1035,all,3.2000000000000002,435,true,3,5.2985908345549323e-11
1036,all,3.2000000000000002,436,true,4,1.1018986469838026e-11
1037,all,3.2000000000000002,437,true,3,3.3134722892715934e-11
1038,all,3.2000000000000002,438,true,3,1.9501817520738652e-11
1039,all,3.2000000000000002,439,true,3,1.0537559013983903e-11
1040,all,3.2000000000000002,440,true,3,6.5685307336391795e-11
1041,all,3.2000000000000002,441,true,3,8.9017901886766209e-11
1042,all,3.2000000000000002,442,true,3,2.4855403101354435e-11
1043,all,3.2000000000000002,443,true,3,3.247663408318133e-11
1044,all,3.2000000000000002,444,true,3,8.7830309372437566e-11
1045,all,3.2000000000000002,445,true,3,3.2668300521337104e-11
1046,all,3.2000000000000002,446,true,2,6.8502706231861744e-11
1047,all,3.2000000000000002,447,true,3,1.5413185497323743e-12
1048,all,3.2000000000000002,448,true,3,4.2784036680484878e-12
1049,all,3.2000000000000002,449,true,3,9.3998122236129298e-12
1050,all,3.2000000000000002,450,true,4,2.0008807706902277e-12
1051,all,3.2000000000000002,451,true,3,1.750088010006003e-11
1052,all,3.2000000000000002,452,true,3,6.5648468209455736e-11
1053,all,3.2000000000000002,453,true,4,1.547672403879406e-12
1054,all,3.2000000000000002,454,true,4,2.8355366938909335e-12
1055,all,3.2000000000000002,455,true,3,2.284557812387294e-11
1056,all,3.2000000000000002,456,true,3,4.972469169609144e-12
1057,all,3.2000000000000002,457,true,3,3.1456092657745434e-12
1058,all,3.2000000000000002,458,true,3,5.3691923955027557e-11
1059,all,3.2000000000000002,459,true,3,3.8201410961107698e-12
1060,all,3.2000000000000002,460,true,3,1.0807556487409484e-12
1061,all,3.2000000000000002,461,true,3,3.3478832619514653e-11
1062,all,3.2000000000000002,462,true,3,1.0132710150789415e-11
1063,all,3.2000000000000002,463,true,3,4.8894693849293018e-11
1064,all,3.2000000000000002,464,true,3,9.6643525054846044e-11
1065,all,3.2000000000000002,465,true,3,2.3190727447861607e-11
1066,all,3.2000000000000002,466,true,4,9.5473866966936669e-13
1067,all,3.2000000000000002,467,true,3,1.2407739650797623e-11
1068,all,3.2000000000000002,468,true,4,1.6773521070513176e-12
1069,all,3.2000000000000002,469,true,4,2.1380136795356718e-12
1070,all,3.2000000000000002,470,true,3,1.2624686544792738e-11
1071,all,3.2000000000000002,471,true,3,7.0165946137481101e-12
1072,all,3.2000000000000002,472,true,4,4.7261941603129781e-12
1073,all,3.2000000000000002,473,true,3,1.7982645298586388e-11
1074,all,3.2000000000000002,474,true,3,4.25427883047363e-11
1075,all,3.2000000000000002,475,true,3,4.8666596720065077e-11
1076,all,3.2000000000000002,476,true,4,1.3091744072172452e-12
1077,all,3.2000000000000002,477,true,4,9.7767559362097462e-12
1078,all,3.2000000000000002,478,true,4,1.9689414763588254e-12
1079,all,3.2000000000000002,479,true,4,3.2368055515610991e-12
1080,all,3.2000000000000002,480,true,3,2.9703512551617376e-11
1081,all,3.2000000000000002,481,true,3,1.8457669174118697e-11
1082,all,3.2000000000000002,482,true,3,1.5075045037032363e-12
1083,all,3.2000000000000002,483,true,4,1.7027168924747156e-12
1084,all,3.2000000000000002,484,true,3,7.2978985296384764e-11
1085,all,3.2000000000000002,485,true,3,1.0303027288570613e-11
1086,all,3.2000000000000002,486,true,3,7.0650861205608221e-12
1087,all,3.2000000000000002,487,true,3,1.0420056293774385e-11
1088,all,3.2000000000000002,488,true,3,1.0005096884090242e-11
1089,all,3.2000000000000002,489,true,3,1.5080646988075316e-11
1090,all,3.2000000000000002,490,true,3,1.8095951009150024e-12
1091,all,3.2000000000000002,491,true,3,2.262940657702681e-11
1092,all,3.2000000000000002,492,true,3,1.7539894933312588e-11
1093,all,3.2000000000000002,493,true,4,2.3885160742637072e-12
1094,all,3.2000000000000002,494,true,3,3.3666988134571175e-11
1095,all,3.2000000000000002,495,true,3,6.2265405554131392e-12
1096,all,3.2000000000000002,496,true,3,2.3222649470067636e-12
1097,all,3.2000000000000002,497,true,3,2.4503960236380719e-11
1098,all,3.2000000000000002,498,true,4,1.3102621838878587e-12
1099,all,3.2000000000000002,499,true,3,4.4673851298975648e-12
1100,all,3.2000000000000002,500,true,3,4.676577362596045e-12
1101,all,3.2000000000000002,501,true,4,2.1412351926184626e-11
1102,all,3.2000000000000002,502,true,3,1.7992300009723124e-11
1103,all,3.2000000000000002,503,true,4,1.5584492957725667e-11
1104,all,3.2000000000000002,504,true,3,8.9635801058754842e-12
1105,all,3.2000000000000002,505,true,4,5.3326202420616661e-12
1106,all,3.2000000000000002,506,true,2,9.2034938573774153e-11
1107,all,3.2000000000000002,507,true,4,8.8083553196290367e-12
1108,all,3.2000000000000002,508,true,3,1.5130915464515772e-12
1109,all,3.2000000000000002,509,true,3,5.4119587896252847e-11
1110,all,3.2000000000000002,510,true,3,3.8009483715841598e-12
1111,all,3.2000000000000002,511,true,3,2.3589130514826399e-12
1112,all,3.2000000000000002,512,true,3,4.8065921501281816e-11
1113,all,3.2000000000000002,513,true,4,1.0699843727263902e-12
1114,all,3.2000000000000002,514,true,3,1.5275678902933141e-12
1115,all,3.2000000000000002,515,true,4,7.0144929213957463e-12
1116,all,3.2000000000000002,516,true,3,1.3084201731180848e-11
1117,all,3.2000000000000002,517,true,4,6.6066375541333759e-12
1118,all,3.2000000000000002,518,true,3,5.1479890877844405e-11
1119,all,3.2000000000000002,519,true,3,3.1158999123216796e-12
1120,all,3.2000000000000002,520,true,3,1.4778003587936092e-11
1121,all,3.2000000000000002,521,true,3,7.3907632635913475e-12
1122,all,3.2000000000000002,522,true,3,4.0013829066270414e-11
1123,all,3.2000000000000002,523,true,3,1.9307494906453455e-12
1124,all,3.2000000000000002,524,true,4,1.4885283015693517e-11
1125,all,3.2000000000000002,525,true,3,9.4879500658168955e-12
1126,all,3.2000000000000002,526,true,3,2.7264306752688584e-11
1127,all,3.2000000000000002,527,true,3,3.3837070707597404e-12
1128,all,3.2000000000000002,528,true,3,3.2606128867045865e-12
1129,all,3.2000000000000002,529,true,3,4.6574010655837941e-12
1130,all,3.2000000000000002,530,true,3,1.5189304548864826e-11
1131,all,3.2000000000000002,531,true,3,9.4859492472839811e-13
1132,all,3.2000000000000002,532,true,4,8.1065217205692271e-13
1133,all,3.2000000000000002,533,true,3,8.6351657192431173e-11
1134,all,3.2000000000000002,534,true,3,8.4065386660883142e-12
1135,all,3.2000000000000002,535,true,3,2.2132794578163472e-11
1136,all,3.2000000000000002,536,true,4,3.2872108053864945e-12
1137,all,3.2000000000000002,537,true,3,1.2933148121032892e-11
1138,all,3.2000000000000002,538,true,3,2.2881751270360774e-11
1139,all,3.2000000000000002,539,true,3,6.6321624626694069e-13
1140,all,3.2000000000000002,540,true,3,1.0337416235925486e-11
1141,all,3.2000000000000002,541,true,3,1.3513507205280463e-11
1142,all,3.2000000000000002,542,true,3,1.0411002250724337e-11
1143,all,3.2000000000000002,543,true,3,2.4394771345571074e-11
1144,all,3.2000000000000002,544,true,3,7.0201816141803212e-11
1145,all,3.2000000000000002,545,true,4,2.5153829269742396e-12
1146,all,3.2000000000000002,546,true,3,9.2736470120186444e-12
1147,all,3.2000000000000002,547,true,4,2.4938053179541769e-12
1148,all,3.2000000000000002,548,true,3,7.5551080035508889e-11
1149,all,3.2000000000000002,549,true,3,2.5311451573430964e-11
1150,all,3.2000000000000002,550,true,3,2.5765124045175485e-11
1151,all,3.2000000000000002,551,true,3,5.1981462198873614e-11
1152,all,3.2000000000000002,552,true,3,4.9051245519062177e-11
1153,all,3.2000000000000002,553,true,4,2.8506405727126861e-12
1154,all,3.2000000000000002,554,true,3,1.1857626464499395e-11
1155,all,3.2000000000000002,555,true,3,1.9206909067838433e-11
1156,all,3.2000000000000002,556,true,4,3.0175609749620927e-12
1157,all,3.2000000000000002,557,true,3,1.3623046062058729e-11
1158,all,3.2000000000000002,558,true,3,5.4542531800959656e-12
1159,all,3.2000000000000002,559,true,3,2.7951664738013132e-12
1160,all,3.2000000000000002,560,true,3,4.7985190201312079e-11
1161,all,3.2000000000000002,561,true,3,1.4697174875878017e-11
1162,all,3.2000000000000002,562,true,3,1.3143644876578077e-11
1163,all,3.2000000000000002,563,true,3,2.2171431077685415e-11
1164,all,3.2000000000000002,564,true,3,7.7149504968624812e-11
1165,all,3.2000000000000002,565,true,3,2.6751696867405887e-11
1166,all,3.2000000000000002,566,true,3,1.5849615476836168e-12
1167,all,3.2000000000000002,567,true,4,7.7645431246688423e-12
1168,all,3.2000000000000002,568,true,4,1.9166954946975787e-12
1169,all,3.2000000000000002,569,true,3,1.3836849960050185e-11
1170,all,3.2000000000000002,570,true,3,4.8632222412945182e-12
1171,all,3.2000000000000002,571,true,3,2.0442945178620111e-11
1172,all,3.2000000000000002,572,true,3,2.8030048136483283e-11
1173,all,3.2000000000000002,573,true,4,8.2571651281981194e-12
1174,all,3.2000000000000002,574,true,3,5.0141639883819152e-11
1175,all,3.2000000000000002,575,true,3,3.7649242965868179e-11
1176,all,3.2000000000000002,576,true,4,6.3136153125465754e-12
1177,all,3.2000000000000002,577,true,3,6.9674629434551522e-11
1178,all,3.2000000000000002,578,true,3,2.2784936351741705e-12
1179,all,3.2000000000000002,579,true,3,1.6649766758153091e-11
1180,all,3.2000000000000002,580,true,3,4.8322424780544058e-11
1181,all,3.2000000000000002,581,true,3,2.0009691659168863e-11
1182,all,3.2000000000000002,582,true,3,4.4512850503358745e-11
1183,all,3.2000000000000002,583,true,4,3.7321231343079709e-12
1184,all,3.2000000000000002,584,true,3,4.1500265538784199e-11
1185,all,3.2000000000000002,585,true,3,2.8363956448746101e-11
1186,all,3.2000000000000002,586,true,4,2.5847175943107799e-12
1187,all,3.2000000000000002,587,true,3,4.2954145426982024e-11
1188,all,3.2000000000000002,588,true,3,9.3117879257849995e-12
1189,all,3.2000000000000002,589,true,3,9.3994863011259556e-11
1190,all,3.2000000000000002,590,true,3,1.5703767174177271e-11
1191,all,3.2000000000000002,591,true,3,6.2125933919943649e-12
1192,all,3.2000000000000002,592,true,4,3.339570254219455e-12
1193,all,3.2000000000000002,593,true,3,2.612506544842628e-11
1194,all,3.2000000000000002,594,true,4,6.5306508921008969e-11
1195,all,3.2000000000000002,595,true,3,3.2738421357313462e-12
1196,all,3.2000000000000002,596,true,4,8.1484148994173434e-12
1197,all,3.2000000000000002,597,true,4,3.4776234030794006e-12
1198,all,3.2000000000000002,598,true,3,9.6834105217407817e-12
1199,all,3.2000000000000002,599,true,4,1.4789438779598205e-11
1200,all,3.2000000000000002,600,true,3,4.2377818602462883e-12
1201,all,4.5300000000000002,1,true,4,2.3004225484555783e-11
1202,all,4.5300000000000002,2,true,3,3.3720887614839125e-11
1203,all,4.5300000000000002,3,true,4,6.3542306265365765e-12
1204,all,4.5300000000000002,4,true,4,4.3664401040258688e-12
1205,all,4.5300000000000002,5,true,4,3.7330617413798689e-12
1206,all,4.5300000000000002,6,true,4,1.2456003610144444e-11
1207,all,4.5300000000000002,7,true,4,1.4266048461566797e-11
1208,all,4.5300000000000002,8,true,3,6.3728044296012041e-11
1209,all,4.5300000000000002,9,true,5,3.9159193324809815e-11
1210,all,4.5300000000000002,10,true,3,9.1272833615084497e-11
1211,all,4.5300000000000002,11,true,4,9.4656406121930554e-12
1212,all,4.5300000000000002,12,true,4,3.1258081973472571e-11
1213,all,4.5300000000000002,13,true,4,1.0448558327404694e-11
1214,all,4.5300000000000002,14,true,4,1.9991947320462939e-11
1215,all,4.5300000000000002,15,true,4,2.6063084491984292e-11
1216,all,4.5300000000000002,16,true,4,6.6366972513712257e-11
1217,all,4.5300000000000002,17,true,4,6.8833852023348432e-12
1218,all,4.5300000000000002,18,true,3,3.5672761970938039e-11
1219,all,4.5300000000000002,19,true,4,2.4638175026746735e-11
1220,all,4.5300000000000002,20,true,4,2.7110067871079741e-11
1221,all,4.5300000000000002,21,true,4,3.5107860127848119e-11
1222,all,4.5300000000000002,22,true,3,5.6691756280610455e-12
1223,all,4.5300000000000002,23,true,3,7.155663796861892e-11
1224,all,4.5300000000000002,24,true,5,2.1558317504430989e-12
1225,all,4.5300000000000002,25,true,4,9.5666863917733663e-12
1226,all,4.5300000000000002,26,true,4,1.426543489990408e-11
1227,all,4.5300000000000002,27,true,4,7.6860390478921153e-12
1228,all,4.5300000000000002,28,true,3,2.9623625687227717e-11
1229,all,4.5300000000000002,29,true,4,4.2218629928651252e-13
1230,all,4.5300000000000002,30,true,3,7.3433474514176529e-11
1231,all,4.5300000000000002,31,true,3,5.6473778861899906e-11
1232,all,4.5300000000000002,32,true,3,2.4030973426827506e-11
1233,all,4.5300000000000002,33,true,4,4.0185210681401293e-12
1234,all,4.5300000000000002,34,true,3,3.2885940376401052e-11
1235,all,4.5300000000000002,35,true,4,8.4431089260200584e-12
1236,all,4.5300000000000002,36,true,3,5.8539812356339644e-11
1237,all,4.5300000000000002,37,true,5,2.7636212394951808e-12
1238,all,4.5300000000000002,38,true,4,6.4391357005450291e-12
1239,all,4.5300000000000002,39,true,4,3.3538303487055212e-12
1240,all,4.5300000000000002,40,true,4,3.3720913944852652e-12
1241,all,4.5300000000000002,41,true,4,1.6866372092493328e-12
1242,all,4.5300000000000002,42,true,3,6.6224040973059572e-11
1243,all,4.5300000000000002,43,true,4,1.7927261482731138e-12
1244,all,4.5300000000000002,44,true,4,1.256611405216613e-11
1245,all,4.5300000000000002,45,true,3,5.9612291317490582e-11
1246,all,4.5300000000000002,46,true,4,2.6952282873166391e-11
1247,all,4.5300000000000002,47,true,4,6.7114636658558054e-12
1248,all,4.5300000000000002,48,true,3,5.8809221160947748e-11
1249,all,4.5300000000000002,49,true,4,1.6052727402187143e-11
1250,all,4.5300000000000002,50,true,4,5.2494559794543779e-12
1251,all,4.5300000000000002,51,true,3,6.2666082238453128e-11
1252,all,4.5300000000000002,52,true,3,9.6737579000338794e-11
1253,all,4.5300000000000002,53,true,4,2.6421739824868853e-12
1254,all,4.5300000000000002,54,true,4,7.1589358406691384e-12
1255,all,4.5300000000000002,55,true,3,2.6138763491952731e-11
1256,all,4.5300000000000002,56,true,4,1.5953101000605084e-12
1257,all,4.5300000000000002,57,true,4,3.4288610906673514e-11
1258,all,4.5300000000000002,58,true,4,1.239974381576643e-12
1259,all,4.5300000000000002,59,true,3,4.1150017252617694e-11
1260,all,4.5300000000000002,60,true,3,3.753981582972008e-11
1261,all,4.5300000000000002,61,true,4,6.650982245555923e-12
1262,all,4.5300000000000002,62,true,4,6.7864683811673921e-13
1263,all,4.5300000000000002,63,true,4,5.8511497796192028e-12
1264,all,4.5300000000000002,64,true,3,6.1715579234540092e-11
1265,all,4.5300000000000002,65,true,3,3.041644061432144e-11
1266,all,4.5300000000000002,66,true,5,6.9762791067013849e-12
1267,all,4.5300000000000002,67,true,4,2.0668102946029808e-11
1268,all,4.5300000000000002,68,true,3,5.0581663904397411e-11
1269,all,4.5300000000000002,69,true,4,3.0130660161965465e-12
1270,all,4.5300000000000002,70,true,3,1.3382231182929151e-11
1271,all,4.5300000000000002,71,true,4,5.6766392502639945e-12
1272,all,4.5300000000000002,72,true,4,2.7067088541658367e-12
1273,all,4.5300000000000002,73,true,4,2.6798517043191818e-11
1274,all,4.5300000000000002,74,true,4,6.6299243423925439e-11
1275,all,4.5300000000000002,75,true,4,1.0796312584453436e-12
1276,all,4.5300000000000002,76,true,4,8.4403000569418693e-13
1277,all,4.5300000000000002,77,true,3,2.4291962906363555e-11
1278,all,4.5300000000000002,78,true,3,3.5819691803018668e-11
1279,all,4.5300000000000002,79,true,3,6.3682348239270437e-11
1280,all,4.5300000000000002,80,true,4,7.3169026310389451e-12
1281,all,4.5300000000000002,81,true,3,4.9618226698925104e-11
1282,all,4.5300000000000002,82,true,4,2.4970563423585718e-11
1283,all,4.5300000000000002,83,true,3,9.7649971617179226e-12
1284,all,4.5300000000000002,84,true,4,1.0514608756436786e-11
1285,all,4.5300000000000002,85,true,4,1.7393883777463006e-11
1286,all,4.5300000000000002,86,true,5,1.217277111426651e-11
1287,all,4.5300000000000002,87,true,3,8.9806317055948582e-11
1288,all,4.5300000000000002,88,true,4,1.2386397225372725e-11
1289,all,4.5300000000000002,89,true,4,3.2310777484364214e-11
1290,all,4.5300000000000002,90,true,4,7.1840180642908868e-12
1291,all,4.5300000000000002,91,true,4,9.0881219787090554e-12
1292,all,4.5300000000000002,92,true,5,5.9161467000057774e-12
1293,all,4.5300000000000002,93,true,5,3.2783413030263545e-12
1294,all,4.5300000000000002,94,true,4,5.1420526790512061e-12
1295,all,4.5300000000000002,95,true,3,9.3994526845662495e-11
1296,all,4.5300000000000002,96,true,3,9.4255839055100867e-11
1297,all,4.5300000000000002,97,true,3,2.6747741890563407e-11
1298,all,4.5300000000000002,98,true,4,2.647697875697254e-12
1299,all,4.5300000000000002,99,true,4,2.8963792030773827e-11
1300,all,4.5300000000000002,100,true,4,6.0157665927235292e-12
1301,all,4.5300000000000002,101,true,4,1.0090740856160234e-11
1302,all,4.5300000000000002,102,true,3,4.6212096194484227e-11
1303,all,4.5300000000000002,103,true,4,1.6867624955630624e-11
1304,all,4.5300000000000002,104,true,4,2.2322866690992934e-12
1305,all,4.5300000000000002,105,true,4,2.5835322411447699e-12
1306,all,4.5300000000000002,106,true,4,2.1872479144772903e-11
1307,all,4.5300000000000002,107,true,4,6.4970109683341324e-11
1308,all,4.5300000000000002,108,true,4,5.9873520398827272e-12
1309,all,4.5300000000000002,109,true,4,2.4254973565908587e-11
1310,all,4.5300000000000002,110,true,4,1.4564793826092873e-12
1311,all,4.5300000000000002,111,true,4,5.1329838383212361e-12
1312,all,4.5300000000000002,112,true,4,9.0659479023879955e-12
1313,all,4.5300000000000002,113,true,4,3.4739220452779144e-12
1314,all,4.5300000000000002,114,true,3,3.3986850240283742e-11
1315,all,4.5300000000000002,115,true,3,5.4239789336431512e-11
1316,all,4.5300000000000002,116,true,4,4.1381515505437571e-11
1317,all,4.5300000000000002,117,true,5,8.2348286682196781e-12
1318,all,4.5300000000000002,118,true,4,3.483633015600108e-12
1319,all,4.5300000000000002,119,true,4,6.261596211059054e-11
1320,all,4.5300000000000002,120,true,3,8.3835564882741381e-11
1321,all,4.5300000000000002,121,true,4,4.3779804666155262e-12
1322,all,4.5300000000000002,122,true,4,6.207623622237511e-12
1323,all,4.5300000000000002,123,true,4,1.4811555328365049e-11
1324,all,4.5300000000000002,124,true,4,1.461296578582073e-11
1325,all,4.5300000000000002,125,true,5,1.2540042009506269e-12
1326,all,4.5300000000000002,126,true,4,6.4968164520116024e-12
1327,all,4.5300000000000002,127,true,3,8.6712591481254979e-12
1328,all,4.5300000000000002,128,true,3,1.0329520920679161e-11
1329,all,4.5300000000000002,129,true,4,1.002901883386213e-11
1330,all,4.5300000000000002,130,true,5,4.9010054417733691e-12
1331,all,4.5300000000000002,131,true,4,7.3789345045537182e-12
1332,all,4.5300000000000002,132,true,4,1.5068366540339051e-12
1333,all,4.5300000000000002,133,true,4,8.5036671686056797e-11
1334,all,4.5300000000000002,134,true,4,2.3894034711815936e-11
1335,all,4.5300000000000002,135,true,3,4.926406288048676e-11
1336,all,4.5300000000000002,136,true,4,4.4447316288419227e-12
1337,all,4.5300000000000002,137,true,4,4.7081810614474354e-11
1338,all,4.5300000000000002,138,true,3,2.5358198566222187e-11
1339,all,4.5300000000000002,139,true,3,4.8715476392019607e-11
1340,all,4.5300000000000002,140,true,4,6.4091559390998188e-12
1341,all,4.5300000000000002,141,true,4,7.7821184971926261e-12
1342,all,4.5300000000000002,142,true,3,5.2824758413084322e-11
1343,all,4.5300000000000002,143,true,3,9.7061377062951209e-11
1344,all,4.5300000000000002,144,true,3,7.4800777944330861e-11
1345,all,4.5300000000000002,145,true,4,5.5995137703327542e-11
1346,all,4.5300000000000002,146,true,3,2.0116479204536385e-11
1347,all,4.5300000000000002,147,true,4,7.49137099953847e-12
1348,all,4.5300000000000002,148,true,4,5.1076254558830005e-12
1349,all,4.5300000000000002,149,true,3,5.0739640885732639e-12
1350,all,4.5300000000000002,150,true,3,6.6905321199406568e-11
1351,all,4.5300000000000002,151,true,4,1.5162204983582664e-11
1352,all,4.5300000000000002,152,true,4,1.0662989076450474e-11
1353,all,4.5300000000000002,153,true,4,3.1735507991607037e-12
1354,all,4.5300000000000002,154,true,4,5.6820071452235275e-12
1355,all,4.5300000000000002,155,true,4,6.8585354562620842e-12
1356,all,4.5300000000000002,156,true,4,1.861146734322282e-12
1357,all,4.5300000000000002,157,true,4,4.7523521573243916e-12
1358,all,4.5300000000000002,158,true,3,5.5414274166989953e-11
1359,all,4.5300000000000002,159,true,3,8.65887039045266e-12
1360,all,4.5300000000000002,160,true,3,4.2941663957681723e-12
1361,all,4.5300000000000002,161,true,4,1.897561316689015e-11
1362,all,4.5300000000000002,162,true,4,1.1891870102507794e-12
1363,all,4.5300000000000002,163,true,3,2.0298878339725649e-12
1364,all,4.5300000000000002,164,true,4,2.8896720401928232e-12
1365,all,4.5300000000000002,165,true,3,2.2594030800366289e-11
1366,all,4.5300000000000002,166,true,3,4.9989880416203158e-11
1367,all,4.5300000000000002,167,true,4,2.0368715995497348e-11
1368,all,4.5300000000000002,168,true,3,7.0665237477240339e-11
1369,all,4.5300000000000002,169,true,3,8.790562343299459e-11
1370,all,4.5300000000000002,170,true,4,4.9501375052503552e-12
1371,all,4.5300000000000002,171,true,4,5.8261924990450556e-12
1372,all,4.5300000000000002,172,true,4,3.7816224360488994e-12
1373,all,4.5300000000000002,173,true,4,9.7281276621314195e-12
1374,all,4.5300000000000002,174,true,4,5.0819816155362955e-12
1375,all,4.5300000000000002,175,true,4,8.7864459905095417e-12
1376,all,4.5300000000000002,176,true,4,3.7460229200661664e-12
1377,all,4.5300000000000002,177,true,4,1.0495802314371807e-11
1378,all,4.5300000000000002,178,true,3,2.351216066165416e-11
1379,all,4.5300000000000002,179,true,3,7.753879874031043e-11
1380,all,4.5300000000000002,180,true,4,1.2134820143707368e-12
1381,all,4.5300000000000002,181,true,3,1.4043503530694528e-11
1382,all,4.5300000000000002,182,true,5,3.2359519420949714e-12
1383,all,4.5300000000000002,183,true,4,7.0646308993206711e-12
1384,all,4.5300000000000002,184,true,4,2.6252802121982915e-11
1385,all,4.5300000000000002,185,true,4,1.110425746898367e-11
1386,all,4.5300000000000002,186,true,4,2.9167217592124651e-12
1387,all,4.5300000000000002,187,true,4,1.0116352978758336e-11
1388,all,4.5300000000000002,188,true,5,1.593487839213606e-11
1389,all,4.5300000000000002,189,true,4,1.0625997583671217e-11
1390,all,4.5300000000000002,190,true,4,8.1580314689173377e-11
1391,all,4.5300000000000002,191,true,3,8.1868119186616163e-11
1392,all,4.5300000000000002,192,true,4,1.5446609745765388e-12
1393,all,4.5300000000000002,193,true,4,2.4609643993928783e-11
1394,all,4.5300000000000002,194,true,4,1.1029885602624111e-11
1395,all,4.5300000000000002,195,true,4,5.2351311621530813e-11
1396,all,4.5300000000000002,196,true,4,4.0277005562163926e-12
1397,all,4.5300000000000002,197,true,4,1.5742104831908097e-11
1398,all,4.5300000000000002,198,true,4,9.4713421192845123e-12
1399,all,4.5300000000000002,199,true,4,2.941864774440805e-12
1400,all,4.5300000000000002,200,true,4,7.1820381273814531e-12
1401,all,4.5300000000000002,201,true,4,3.2692826631321169e-12
1402,all,4.5300000000000002,202,true,4,9.4004092726858418e-12
1403,all,4.5300000000000002,203,true,3,6.6253994230678529e-11
1404,all,4.5300000000000002,204,true,3,5.2718930068468211e-11
1405,all,4.5300000000000002,205,true,3,7.8122225244836733e-11
1406,all,4.5300000000000002,206,true,3,3.6558967099905284e-11
1407,all,4.5300000000000002,207,true,4,3.2648555333482463e-11
1408,all,4.5300000000000002,208,true,3,5.3807811672814439e-12
1409,all,4.5300000000000002,209,true,3,9.9601597327317095e-11
1410,all,4.5300000000000002,210,true,4,1.1471993796637679e-12
1411,all,4.5300000000000002,211,true,4,1.5008918165088287e-11
1412,all,4.5300000000000002,212,true,3,2.8810858679925949e-11
1413,all,4.5300000000000002,213,true,4,2.0127478359895184e-12
1414,all,4.5300000000000002,214,true,4,2.4485789867624339e-12
1415,all,4.5300000000000002,215,true,4,5.4711871289213457e-11
1416,all,4.5300000000000002,216,true,3,5.7535794299026959e-11
1417,all,4.5300000000000002,217,true,4,3.4888810461953993e-11
1418,all,4.5300000000000002,218,true,4,3.5047852021097544e-11
1419,all,4.5300000000000002,219,true,4,2.8582306651280707e-11
1420,all,4.5300000000000002,220,true,4,4.3576383783374705e-12
1421,all,4.5300000000000002,221,true,4,1.6526054800951866e-11
1422,all,4.5300000000000002,222,true,4,4.2115561440056686e-12
1423,all,4.5300000000000002,223,true,4,9.7159231108711471e-12
1424,all,4.5300000000000002,224,true,3,3.1992726104016031e-11
1425,all,4.5300000000000002,225,true,3,8.3787641629721941e-11
1426,all,4.5300000000000002,226,true,4,3.6737859460764779e-12
1427,all,4.5300000000000002,227,true,4,2.140031614212483e-12
1428,all,4.5300000000000002,228,true,4,3.8559489357964746e-12
1429,all,4.5300000000000002,229,true,3,4.0600753299204329e-11
1430,all,4.5300000000000002,230,true,4,3.0421605442444393e-12
1431,all,4.5300000000000002,231,true,3,6.6035161232763114e-12
1432,all,4.5300000000000002,232,true,3,9.1154376055600324e-11
1433,all,4.5300000000000002,233,true,4,3.6846371732597642e-12
1434,all,4.5300000000000002,234,true,3,3.9621350983418498e-11
1435,all,4.5300000000000002,235,true,4,2.2281290392661016e-11
1436,all,4.5300000000000002,236,true,4,1.1358824478247778e-11
1437,all,4.5300000000000002,237,true,3,8.3234249958381083e-12
1438,all,4.5300000000000002,238,true,3,1.59345180037062e-11
1439,all,4.5300000000000002,239,true,4,2.9802817654735529e-12
1440,all,4.5300000000000002,240,true,4,1.078108768711698e-11
1441,all,4.5300000000000002,241,true,4,3.0212779821864077e-11
1442,all,4.5300000000000002,242,true,4,6.6797348594131663e-11
1443,all,4.5300000000000002,243,true,4,5.6791453000221449e-11
1444,all,4.5300000000000002,244,true,4,5.607376957728427e-12
1445,all,4.5300000000000002,245,true,4,6.7059720500871528e-12
1446,all,4.5300000000000002,246,true,4,6.3464584806762106e-12
1447,all,4.5300000000000002,247,true,4,3.7635282355195351e-11
1448,all,4.5300000000000002,248,true,4,5.491667944821049e-12
1449,all,4.5300000000000002,249,true,3,7.6993593745257314e-11
1450,all,4.5300000000000002,250,true,4,2.1762189482437707e-12
1451,all,4.5300000000000002,251,true,3,5.89882305492667e-11
1452,all,4.5300000000000002,252,true,3,9.2807013820954206e-11
1453,all,4.5300000000000002,253,true,3,2.590703173706352e-11
1454,all,4.5300000000000002,254,true,3,9.2213653177419507e-11
1455,all,4.5300000000000002,255,true,4,3.2078055440275847e-11
1456,all,4.5300000000000002,256,true,3,1.0937860532982435e-11
1457,all,4.5300000000000002,257,true,4,6.8702571215191765e-12
1458,all,4.5300000000000002,258,true,4,1.7666022253149737e-11
1459,all,4.5300000000000002,259,true,4,6.1597677766296794e-11
1460,all,4.5300000000000002,260,true,4,1.9233694710293938e-11
1461,all,4.5300000000000002,261,true,3,5.8275961357154687e-11
1462,all,4.5300000000000002,262,true,4,1.0816649254661535e-12
1463,all,4.5300000000000002,263,true,4,5.3723280820110134e-11
1464,all,4.5300000000000002,264,true,3,1.2964902488516073e-11
1465,all,4.5300000000000002,265,true,3,2.658712695724353e-11
1466,all,4.5300000000000002,266,true,4,1.6444396341053182e-12
1467,all,4.5300000000000002,267,true,4,7.1754963009158426e-12
1468,all,4.5300000000000002,268,true,4,2.9004737315677686e-12
1469,all,4.5300000000000002,269,true,4,8.4243186221102197e-12
1470,all,4.5300000000000002,270,true,4,3.3712948131804936e-12
1471,all,4.5300000000000002,271,true,4,7.0242501503157025e-12
1472,all,4.5300000000000002,272,true,5,8.3881891779788474e-12
1473,all,4.5300000000000002,273,true,4,3.8245437093128846e-11
1474,all,4.5300000000000002,274,true,4,5.8539583182931607e-12
1475,all,4.5300000000000002,275,true,3,7.0845275183873241e-11
1476,all,4.5300000000000002,276,true,4,1.327677856069678e-11
1477,all,4.5300000000000002,277,true,4,3.4322717042851215e-11
1478,all,4.5300000000000002,278,true,3,3.93198492972795e-11
1479,all,4.5300000000000002,279,true,3,1.1507737255808181e-11
1480,all,4.5300000000000002,280,true,4,3.3512219470468815e-12
1481,all,4.5300000000000002,281,true,4,1.2978326832000634e-11
1482,all,4.5300000000000002,282,true,3,3.2069808922286102e-11
1483,all,4.5300000000000002,283,true,4,3.7707940905608723e-12
1484,all,4.5300000000000002,284,true,3,4.1341514321756241e-11
1485,all,4.5300000000000002,285,true,4,5.2473930723721785e-12
1486,all,4.5300000000000002,286,true,3,5.893761603006035e-11
1487,all,4.5300000000000002,287,true,4,1.0709081742769911e-12
1488,all,4.5300000000000002,288,true,3,3.3386576248443543e-11
1489,all,4.5300000000000002,289,true,4,8.6329649186173707e-11
1490,all,4.5300000000000002,290,true,4,5.8116349797987995e-12
1491,all,4.5300000000000002,291,true,3,9.6730501601222719e-11
1492,all,4.5300000000000002,292,true,4,7.4653211375802335e-12
1493,all,4.5300000000000002,293,true,4,6.5094247768547783e-11
1494,all,4.5300000000000002,294,true,3,7.2067233347782843e-12
1495,all,4.5300000000000002,295,true,3,1.9669920466594464e-11
1496,all,4.5300000000000002,296,true,4,4.0934610021165826e-11
1497,all,4.5300000000000002,297,true,3,6.0988271787691247e-11
1498,all,4.5300000000000002,298,true,3,4.642012687593555e-11
1499,all,4.5300000000000002,299,true,4,3.7755904167080921e-11
1500,all,4.5300000000000002,300,true,4,1.0881529054670127e-11
1501,all,4.5300000000000002,301,true,3,4.2801363417884377e-11
1502,all,4.5300000000000002,302,true,4,3.7299656373092543e-11
1503,all,4.5300000000000002,303,true,3,9.3108959838046705e-11
1504,all,4.5300000000000002,304,true,4,8.4364562919899659e-12
1505,all,4.5300000000000002,305,true,3,3.6830428240838061e-11
1506,all,4.5300000000000002,306,true,4,7.7239295660145595e-12
1507,all,4.5300000000000002,307,true,4,2.8075475425854959e-11
1508,all,4.5300000000000002,308,true,3,2.2625026669979249e-11
1509,all,4.5300000000000002,309,true,4,8.7565263592612357e-12
1510,all,4.5300000000000002,310,true,4,7.9934059643828261e-13
1511,all,4.5300000000000002,311,true,4,4.9044164708615845e-11
1512,all,4.5300000000000002,312,true,4,4.0013567154775238e-12
1513,all,4.5300000000000002,313,true,4,7.4771096738704615e-12
1514,all,4.5300000000000002,314,true,5,2.3570914249911591e-12
1515,all,4.5300000000000002,315,true,5,3.2060717357073543e-12
1516,all,4.5300000000000002,316,true,4,1.4390371436572879e-11
1517,all,4.5300000000000002,317,true,3,8.5435437693469697e-11
1518,all,4.5300000000000002,318,true,4,2.1524487930852538e-12
1519,all,4.5300000000000002,319,true,4,2.8944518557730909e-12
1520,all,4.5300000000000002,320,true,4,3.329622751444386e-11
1521,all,4.5300000000000002,321,true,4,5.5029170816594462e-12
1522,all,4.5300000000000002,322,true,4,2.2435945014712711e-12
1523,all,4.5300000000000002,323,true,3,3.9942274445722752e-11
1524,all,4.5300000000000002,324,true,4,1.2440540289966088e-12
1525,all,4.5300000000000002,325,true,4,1.6131428251487451e-11
1526,all,4.5300000000000002,326,true,4,5.8950779136823549e-12
1527,all,4.5300000000000002,327,true,4,9.9630607300402932e-12
1528,all,4.5300000000000002,328,true,4,1.9310584818559727e-11
1529,all,4.5300000000000002,329,true,4,5.6292828704271279e-12
1530,all,4.5300000000000002,330,true,4,5.1193917495958056e-11
1531,all,4.5300000000000002,331,true,4,4.9275630709278793e-12
1532,all,4.5300000000000002,332,true,3,4.1963177360121696e-11
1533,all,4.5300000000000002,333,true,4,3.7723103221337864e-12
1534,all,4.5300000000000002,334,true,4,4.1628303807813791e-12
1535,all,4.5300000000000002,335,true,4,6.1842988848530616e-13
1536,all,4.5300000000000002,336,true,3,1.7020814196311293e-11
1537,all,4.5300000000000002,337,true,5,8.4663076895668133e-12
1538,all,4.5300000000000002,338,true,4,6.7282555757945281e-12
1539,all,4.5300000000000002,339,true,5,3.5536601226889451e-12
1540,all,4.5300000000000002,340,true,4,1.4829296911773084e-11
1541,all,4.5300000000000002,341,true,3,6.3755261489522636e-11
1542,all,4.5300000000000002,342,true,4,2.5373726357147383e-11
1543,all,4.5300000000000002,343,true,4,9.041662252613496e-11
1544,all,4.5300000000000002,344,true,4,1.5614441966932176e-11
1545,all,4.5300000000000002,345,true,4,2.157937516708139e-12
1546,all,4.5300000000000002,346,true,4,8.0966931618191255e-12
1547,all,4.5300000000000002,347,true,4,1.7412335620947524e-11
1548,all,4.5300000000000002,348,true,3,7.096512924858353e-11
1549,all,4.5300000000000002,349,true,3,2.8952585525662749e-11
1550,all,4.5300000000000002,350,true,3,9.363949174738477e-11
1551,all,4.5300000000000002,351,true,4,1.9021707890627578e-11
1552,all,4.5300000000000002,352,true,4,7.4696849222045522e-12
1553,all,4.5300000000000002,353,true,3,1.5694263218354248e-11
1554,all,4.5300000000000002,354,true,4,8.3616824867230126e-13
1555,all,4.5300000000000002,355,true,3,1.4926670270619932e-11
1556,all,4.5300000000000002,356,true,4,2.4218327524203106e-12
1557,all,4.5300000000000002,357,true,4,7.315741641809215e-12
1558,all,4.5300000000000002,358,true,4,2.9237213048723847e-11
1559,all,4.5300000000000002,359,true,4,1.5067792425299938e-12
1560,all,4.5300000000000002,360,true,4,3.6519124525794809e-12
1561,all,4.5300000000000002,361,true,5,8.7191858097764155e-12
1562,all,4.5300000000000002,362,true,3,1.4993289101596843e-11
1563,all,4.5300000000000002,363,true,3,8.1096419630430757e-11
1564,all,4.5300000000000002,364,true,4,3.5245518928146858e-11
1565,all,4.5300000000000002,365,true,3,4.3015649909410624e-11
1566,all,4.5300000000000002,366,true,4,4.5086983275337516e-11
1567,all,4.5300000000000002,367,true,4,3.1402434060360653e-12
1568,all,4.5300000000000002,368,true,4,3.0558337485999932e-11
1569,all,4.5300000000000002,369,true,4,1.0152943989491824e-11
1570,all,4.5300000000000002,370,true,3,3.4047980343951338e-12
1571,all,4.5300000000000002,371,true,4,9.8172262433760597e-11
1572,all,4.5300000000000002,372,true,3,3.7580561586839067e-11
1573,all,4.5300000000000002,373,true,4,6.0906631651881615e-11
1574,all,4.5300000000000002,374,true,4,8.4091691288143811e-12
1575,all,4.5300000000000002,375,true,4,4.1778403817393718e-12
1576,all,4.5300000000000002,376,true,4,9.9017481488928967e-12
1577,all,4.5300000000000002,377,true,4,4.9138830767224094e-11
1578,all,4.5300000000000002,378,true,4,1.8634006565944372e-12
1579,all,4.5300000000000002,379,true,3,5.9906680342195481e-11
1580,all,4.5300000000000002,380,true,4,1.56893892798167e-12
1581,all,4.5300000000000002,381,true,4,3.8962014347521019e-12
1582,all,4.5300000000000002,382,true,4,3.9531103387551573e-11
1583,all,4.5300000000000002,383,true,4,7.28542665094101e-11
1584,all,4.5300000000000002,384,true,3,4.6619353690669671e-12
1585,all,4.5300000000000002,385,true,4,7.2383805251032855e-11
1586,all,4.5300000000000002,386,true,3,9.073728170731616e-11
1587,all,4.5300000000000002,387,true,4,9.4179209868832598e-12
1588,all,4.5300000000000002,388,true,4,6.4824019893762321e-12
1589,all,4.5300000000000002,389,true,3,1.6722470409198225e-11
1590,all,4.5300000000000002,390,true,3,8.086313341439245e-11
1591,all,4.5300000000000002,391,true,4,1.5227379571539621e-11
1592,all,4.5300000000000002,392,true,4,3.4409277193325341e-11
1593,all,4.5300000000000002,393,true,4,2.0825096868128279e-11
1594,all,4.5300000000000002,394,true,4,2.5661248198126425e-12
1595,all,4.5300000000000002,395,true,3,1.9155882835739349e-11
1596,all,4.5300000000000002,396,true,4,1.6798382980829976e-11
1597,all,4.5300000000000002,397,true,3,5.4091778511188497e-11
1598,all,4.5300000000000002,398,true,4,3.7916066467230262e-12
1599,all,4.5300000000000002,399,true,3,9.3134274367906133e-11
1600,all,4.5300000000000002,400,true,5,1.9208068578247054e-11
1601,all,4.5300000000000002,401,true,3,8.0056802727567024e-12
1602,all,4.5300000000000002,402,true,4,3.6304555725377298e-12
1603,all,4.5300000000000002,403,true,4,3.4436538346524759e-12
1604,all,4.5300000000000002,404,true,3,2.5293634683510877e-11
1605,all,4.5300000000000002,405,true,4,5.0427193673166596e-11
1606,all,4.5300000000000002,406,true,4,2.9415294431443537e-11
1607,all,4.5300000000000002,407,true,4,5.3180345358956726e-12
1608,all,4.5300000000000002,408,true,4,6.3738642136902568e-12
1609,all,4.5300000000000002,409,true,4,1.118522550889834e-11
1610,all,4.5300000000000002,410,true,4,8.7952490425940675e-11
1611,all,4.5300000000000002,411,true,4,7.1733132886853699e-11
1612,all,4.5300000000000002,412,true,4,1.0240721779826412e-11
1613,all,4.5300000000000002,413,true,3,2.696816419138582e-11
1614,all,4.5300000000000002,414,true,3,2.7925886658275505e-11
1615,all,4.5300000000000002,415,true,4,7.3597302007301811e-12
1616,all,4.5300000000000002,416,true,3,2.0089971991623231e-11
1617,all,4.5300000000000002,417,true,4,8.2387405163823877e-11
1618,all,4.5300000000000002,418,true,3,3.7960142476501355e-11
1619,all,4.5300000000000002,419,true,4,2.0041948163389457e-12
1620,all,4.5300000000000002,420,true,4,3.8738903749328681e-11
1621,all,4.5300000000000002,421,true,4,1.1845865910367125e-11
1622,all,4.5300000000000002,422,true,4,1.3914341089569835e-12
1623,all,4.5300000000000002,423,true,4,9.6197295188649755e-11
1624,all,4.5300000000000002,424,true,4,2.0358457338436424e-12
1625,all,4.5300000000000002,425,true,4,2.1993144814612552e-11
1626,all,4.5300000000000002,426,true,3,2.6618038628965861e-11
1627,all,4.5300000000000002,427,true,5,1.0362955862251704e-11
1628,all,4.5300000000000002,428,true,4,5.8967408042169767e-12
1629,all,4.5300000000000002,429,true,4,2.6644847795863182e-12
1630,all,4.5300000000000002,430,true,4,5.1473255142413046e-11
1631,all,4.5300000000000002,431,true,4,1.9928067986965009e-11
1632,all,4.5300000000000002,432,true,4,1.6933329083773436e-11
1633,all,4.5300000000000002,433,true,4,1.4236381670268727e-11
1634,all,4.5300000000000002,434,true,3,2.7723727197347974e-11
1635,all,4.5300000000000002,435,true,4,2.0388206329437799e-11
1636,all,4.5300000000000002,436,true,4,8.2491928880335813e-11
1637,all,4.5300000000000002,437,true,4,7.0778218866979883e-12
1638,all,4.5300000000000002,438,true,4,2.0478236065793596e-12
1639,all,4.5300000000000002,439,true,3,5.8465324778583566e-11
1640,all,4.5300000000000002,440,true,4,4.8903170854458872e-12
1641,all,4.5300000000000002,441,true,4,1.1328413984463605e-11
1642,all,4.5300000000000002,442,true,4,3.5738913149720557e-12
1643,all,4.5300000000000002,443,true,4,1.9139660648223681e-12
1644,all,4.5300000000000002,444,true,4,3.0434625652845267e-11
1645,all,4.5300000000000002,445,true,4,8.1820193338127365e-12
1646,all,4.5300000000000002,446,true,3,7.0394538408997406e-12
1647,all,4.5300000000000002,447,true,3,8.8975938785279795e-12
1648,all,4.5300000000000002,448,true,3,2.4841810673465571e-11
1649,all,4.5300000000000002,449,true,3,5.5287332705977419e-11
1650,all,4.5300000000000002,450,true,4,1.6209916217098603e-11
1651,all,4.5300000000000002,451,true,3,9.75855396767029e-11
1652,all,4.5300000000000002,452,true,4,1.2602639437511325e-11
1653,all,4.5300000000000002,453,true,4,1.204778288473695e-11
1654,all,4.5300000000000002,454,true,4,2.2617808461616816e-11
1655,all,4.5300000000000002,455,true,4,8.4094865119989706e-13
1656,all,4.5300000000000002,456,true,3,2.9212535770006934e-11
1657,all,4.5300000000000002,457,true,3,1.7201263602673049e-11
1658,all,4.5300000000000002,458,true,4,3.2999254800537858e-12
1659,all,4.5300000000000002,459,true,3,2.1138600426310929e-11
1660,all,4.5300000000000002,460,true,3,7.0906541907671896e-12
1661,all,4.5300000000000002,461,true,4,3.7373074390886417e-12
1662,all,4.5300000000000002,462,true,3,5.8100177569896995e-11
1663,all,4.5300000000000002,463,true,4,1.2868201049811054e-11
1664,all,4.5300000000000002,464,true,4,3.5950037307314081e-11
1665,all,4.5300000000000002,465,true,4,1.5686423062257262e-12
1666,all,4.5300000000000002,466,true,4,7.7694946700084086e-12
1667,all,4.5300000000000002,467,true,3,7.3824739961997312e-11
1668,all,4.5300000000000002,468,true,4,1.3890320088234625e-11
1669,all,4.5300000000000002,469,true,4,1.7025891172840922e-11
1670,all,4.5300000000000002,470,true,3,6.5935557649201506e-11
1671,all,4.5300000000000002,471,true,3,3.8905699725392603e-11
1672,all,4.5300000000000002,472,true,4,3.8030173597669677e-11
1673,all,4.5300000000000002,473,true,3,9.6404162142698139e-11
1674,all,4.5300000000000002,474,true,4,3.7571402462301765e-12
1675,all,4.5300000000000002,475,true,4,1.2775023627447371e-11
1676,all,4.5300000000000002,476,true,4,1.0203327594976485e-11
1677,all,4.5300000000000002,477,true,4,7.4641483328294514e-11
1678,all,4.5300000000000002,478,true,4,1.6173666277622368e-11
1679,all,4.5300000000000002,479,true,4,2.6587806875931024e-11
1680,all,4.5300000000000002,480,true,4,2.6757857358315802e-12
1681,all,4.5300000000000002,481,true,4,5.6793534954013258e-12
1682,all,4.5300000000000002,482,true,3,8.8903252925654055e-12
1683,all,4.5300000000000002,483,true,4,1.4007698665066907e-11
1684,all,4.5300000000000002,484,true,4,5.760324350054095e-12
1685,all,4.5300000000000002,485,true,3,5.8053585178574605e-11
1686,all,4.5300000000000002,486,true,3,4.1037936731865514e-11
1687,all,4.5300000000000002,487,true,3,5.986299089670811e-11
1688,all,4.5300000000000002,488,true,3,5.855623920204394e-11
1689,all,4.5300000000000002,489,true,3,8.3949620354397874e-11
1690,all,4.5300000000000002,490,true,3,9.8776443646796363e-12
1691,all,4.5300000000000002,491,true,4,1.7078689971207356e-12
1692,all,4.5300000000000002,492,true,3,9.7290884882753502e-11
1693,all,4.5300000000000002,493,true,4,1.9228128384385667e-11
1694,all,4.5300000000000002,494,true,4,7.5757369719422914e-12
1695,all,4.5300000000000002,495,true,3,3.5839833013634117e-11
1696,all,4.5300000000000002,496,true,3,1.3121613366872457e-11
1697,all,4.5300000000000002,497,true,4,1.0451522533741242e-12
1698,all,4.5300000000000002,498,true,4,1.0058699063663032e-11
1699,all,4.5300000000000002,499,true,3,2.3717039867930822e-11
1700,all,4.5300000000000002,500,true,3,2.6837414377908954e-11
1701,all,4.5300000000000002,501,true,5,6.9963584809803751e-12
1702,all,4.5300000000000002,502,true,4,2.2203024388014826e-12
1703,all,4.5300000000000002,503,true,5,2.5754852850084485e-12
1704,all,4.5300000000000002,504,true,3,4.7097321614348297e-11
1705,all,4.5300000000000002,505,true,4,3.8545188463444339e-11
1706,all,4.5300000000000002,506,true,3,2.7756448754834803e-12
1707,all,4.5300000000000002,507,true,4,7.0538488861079601e-11
1708,all,4.5300000000000002,508,true,3,9.1085176860046456e-12
1709,all,4.5300000000000002,509,true,4,8.5836786244002561e-12
1710,all,4.5300000000000002,510,true,3,2.1736043889130121e-11
1711,all,4.5300000000000002,511,true,3,1.3293216353161661e-11
1712,all,4.5300000000000002,512,true,4,3.0891434193005586e-12
1713,all,4.5300000000000002,513,true,4,9.2736656106143415e-12
1714,all,4.5300000000000002,514,true,3,8.591117536174891e-12
1715,all,4.5300000000000002,515,true,4,5.7142124913083727e-11
1716,all,4.5300000000000002,516,true,3,7.5383553630310908e-11
1717,all,4.5300000000000002,517,true,4,5.2324097163744544e-11
1718,all,4.5300000000000002,518,true,4,2.1179746646101849e-11
1719,all,4.5300000000000002,519,true,3,1.7304203137709423e-11
1720,all,4.5300000000000002,520,true,3,8.5014626298527177e-11
1721,all,4.5300000000000002,521,true,3,4.0667472815778097e-11
1722,all,4.5300000000000002,522,true,4,1.8359588257370025e-12
1723,all,4.5300000000000002,523,true,3,1.1041247122097859e-11
1724,all,4.5300000000000002,524,true,5,1.0435705716733472e-11
1725,all,4.5300000000000002,525,true,3,5.4558051497542737e-11
1726,all,4.5300000000000002,526,true,4,2.3251420118737898e-12
1727,all,4.5300000000000002,527,true,3,2.0120037151258443e-11
1728,all,4.5300000000000002,528,true,3,1.8795743075062712e-11
1729,all,4.5300000000000002,529,true,3,2.7076830874053152e-11
1730,all,4.5300000000000002,530,true,3,8.3912265642300944e-11
1731,all,4.5300000000000002,531,true,3,4.9827739114305177e-12
1732,all,4.5300000000000002,532,true,4,6.9748961132430189e-12
1733,all,4.5300000000000002,533,true,4,2.4242365139211379e-11
1734,all,4.5300000000000002,534,true,3,4.7104836016933432e-11
1735,all,4.5300000000000002,535,true,4,3.6422039727603372e-12
1736,all,4.5300000000000002,536,true,4,2.6473412709895099e-11
1737,all,4.5300000000000002,537,true,3,7.3215930746969758e-11
1738,all,4.5300000000000002,538,true,4,1.0032531488447964e-12
1739,all,4.5300000000000002,539,true,3,3.7127981068791391e-12
1740,all,4.5300000000000002,540,true,3,6.0350896221989185e-11
1741,all,4.5300000000000002,541,true,3,7.612434106177188e-11
1742,all,4.5300000000000002,542,true,3,5.5564646200013927e-11
1743,all,4.5300000000000002,543,true,4,7.9221312371529071e-12
1744,all,4.5300000000000002,544,true,4,1.0647599970173868e-11
1745,all,4.5300000000000002,545,true,4,1.9535705776700297e-11
1746,all,4.5300000000000002,546,true,3,5.6760122197690504e-11
1747,all,4.5300000000000002,547,true,4,1.9044352569718671e-11
1748,all,4.5300000000000002,548,true,4,1.1363839729863422e-11
1749,all,4.5300000000000002,549,true,4,2.0828669461069551e-12
1750,all,4.5300000000000002,550,true,4,2.0114280144207939e-12
1751,all,4.5300000000000002,551,true,4,4.9365878187222929e-12
1752,all,4.5300000000000002,552,true,4,1.6677399365564693e-11
1753,all,4.5300000000000002,553,true,4,2.2210830295131966e-11
1754,all,4.5300000000000002,554,true,3,6.7138285639405934e-11
1755,all,4.5300000000000002,555,true,4,5.2418925858601569e-13
1756,all,4.5300000000000002,556,true,4,2.4349308980307622e-11
1757,all,4.5300000000000002,557,true,3,7.8606121857725398e-11
1758,all,4.5300000000000002,558,true,3,3.1878515212172531e-11
1759,all,4.5300000000000002,559,true,3,1.6277794750298899e-11
1760,all,4.5300000000000002,560,true,4,6.9205183360891291e-12
1761,all,4.5300000000000002,561,true,3,8.2195471338691713e-11
1762,all,4.5300000000000002,562,true,3,8.241656580188128e-11
1763,all,4.5300000000000002,563,true,4,1.7915023477913362e-12
1764,all,4.5300000000000002,564,true,4,4.6998885127106662e-11
1765,all,4.5300000000000002,565,true,4,3.5619390977428987e-12
1766,all,4.5300000000000002,566,true,3,9.8906209450800192e-12
1767,all,4.5300000000000002,567,true,4,6.1277099642276813e-11
1768,all,4.5300000000000002,568,true,4,1.4892788178922579e-11
1769,all,4.5300000000000002,569,true,3,7.6737720028751183e-11
1770,all,4.5300000000000002,570,true,3,2.7813316885116275e-11
1771,all,4.5300000000000002,571,true,4,1.1595912317287033e-12
1772,all,4.5300000000000002,572,true,4,4.7055126582758493e-12
1773,all,4.5300000000000002,573,true,4,6.1882021482229101e-11
1774,all,4.5300000000000002,574,true,4,5.0594245761827847e-12
1775,all,4.5300000000000002,575,true,4,1.0703709523448531e-11
1776,all,4.5300000000000002,576,true,4,5.3722621547264636e-11
1777,all,4.5300000000000002,577,true,4,1.308916031676277e-11
1778,all,4.5300000000000002,578,true,3,1.239504698137137e-11
1779,all,4.5300000000000002,579,true,3,9.3485094665257349e-11
1780,all,4.5300000000000002,580,true,4,6.161182973316651e-12
1781,all,4.5300000000000002,581,true,4,1.811843833763555e-12
1782,all,4.5300000000000002,582,true,4,3.1210773022849547e-12
1783,all,4.5300000000000002,583,true,4,4.3499006915792096e-11
1784,all,4.5300000000000002,584,true,4,4.5552670904171423e-12
1785,all,4.5300000000000002,585,true,4,1.4777692140802876e-12
1786,all,4.5300000000000002,586,true,4,2.0919232603086046e-11
1787,all,4.5300000000000002,587,true,4,5.4628265363188904e-12
1788,all,4.5300000000000002,588,true,3,4.7131699018303272e-11
1789,all,4.5300000000000002,589,true,4,1.3961786809474983e-11
1790,all,4.5300000000000002,590,true,3,9.1079490842276168e-11
1791,all,4.5300000000000002,591,true,3,3.7080001647110318e-11
1792,all,4.5300000000000002,592,true,4,2.6200841893579423e-11
1793,all,4.5300000000000002,593,true,4,1.4676075714690362e-12
1794,all,4.5300000000000002,594,true,5,3.4307753329015364e-11
1795,all,4.5300000000000002,595,true,3,1.8428882331428907e-11
1796,all,4.5300000000000002,596,true,4,6.3149971818327104e-11
1797,all,4.5300000000000002,597,true,4,2.8464910771883797e-11
1798,all,4.5300000000000002,598,true,3,5.6763636817619993e-11
1799,all,4.5300000000000002,599,true,5,1.0828598406961514e-12
1800,all,4.5300000000000002,600,true,3,2.4270583861700114e-11
1801,all,6.4000000000000004,1,true,5,1.2067901354443762e-11
1802,all,6.4000000000000004,2,true,4,1.1899030167747221e-11
1803,all,6.4000000000000004,3,true,4,4.6586041939404911e-11
1804,all,6.4000000000000004,4,true,4,3.2230890617748839e-11
1805,all,6.4000000000000004,5,true,4,3.5012149183794017e-11
1806,all,6.4000000000000004,6,true,5,2.0439568514303975e-12
1807,all,6.4000000000000004,7,true,5,5.1596967813375946e-12
1808,all,6.4000000000000004,8,true,4,1.8648635339308588e-11
1809,all,6.4000000000000004,9,true,6,3.9515882298679388e-11
1810,all,6.4000000000000004,10,true,4,1.9195762540258723e-12
1811,all,6.4000000000000004,11,true,4,7.0724866718708303e-11
1812,all,6.4000000000000004,12,true,5,8.337292811058521e-12
1813,all,6.4000000000000004,13,true,4,9.1965550052530153e-11
1814,all,6.4000000000000004,14,true,5,4.5132910188196318e-12
1815,all,6.4000000000000004,15,true,5,1.0665862248949144e-11
1816,all,6.4000000000000004,16,true,5,2.7605002349920162e-11
1817,all,6.4000000000000004,17,true,4,5.520778402278667e-11
1818,all,6.4000000000000004,18,true,4,3.5065650246773285e-12
1819,all,6.4000000000000004,19,true,5,2.6953191945261584e-12
1820,all,6.4000000000000004,20,true,5,3.7610262640099706e-12
1821,all,6.4000000000000004,21,true,5,6.4407856662671849e-12
1822,all,6.4000000000000004,22,true,3,3.4077623086381293e-11
1823,all,6.4000000000000004,23,true,4,7.7778484725475217e-12
1824,all,6.4000000000000004,24,true,5,2.228451121307766e-11
1825,all,6.4000000000000004,25,true,4,7.4420291984679465e-11
1826,all,6.4000000000000004,26,true,5,1.2901642190104535e-12
1827,all,6.4000000000000004,27,true,4,6.4522725842319055e-11
1828,all,6.4000000000000004,28,true,4,3.6117763981409315e-12
1829,all,6.4000000000000004,29,true,4,3.6978325961561548e-12
1830,all,6.4000000000000004,30,true,4,4.951536013849196e-12
1831,all,6.4000000000000004,31,true,4,2.5764423214594755e-12
1832,all,6.4000000000000004,32,true,4,1.5721215518836902e-12
1833,all,6.4000000000000004,33,true,4,3.53406197917436e-11
1834,all,6.4000000000000004,34,true,4,7.3583130185280376e-12
1835,all,6.4000000000000004,35,true,4,6.3233571193306666e-11
1836,all,6.4000000000000004,36,true,4,7.5616775394273037e-12
1837,all,6.4000000000000004,37,true,5,2.7818111773475742e-11
1838,all,6.4000000000000004,38,true,4,4.7258155043385004e-11
1839,all,6.4000000000000004,39,true,4,2.7218162693991602e-11
1840,all,6.4000000000000004,40,true,4,2.5803436426858982e-11
1841,all,6.4000000000000004,41,true,4,1.2432719998493797e-11
1842,all,6.4000000000000004,42,true,4,8.7822646450587183e-12
1843,all,6.4000000000000004,43,true,4,1.5189627115274897e-11
1844,all,6.4000000000000004,44,true,5,2.5119940985676463e-12
1845,all,6.4000000000000004,45,true,4,4.678849692791332e-12
1846,all,6.4000000000000004,46,true,5,9.9106904878359689e-12
1847,all,6.4000000000000004,47,true,4,5.6342590158397906e-11
1848,all,6.4000000000000004,48,true,4,2.4638343719771993e-11
1849,all,6.4000000000000004,49,true,5,2.3380526110270244e-12
1850,all,6.4000000000000004,50,true,4,4.1854553364558207e-11
1851,all,6.4000000000000004,51,true,4,5.5991060988368852e-12
1852,all,6.4000000000000004,52,true,4,1.1088799353990055e-11
1853,all,6.4000000000000004,53,true,4,2.1183744209119318e-11
1854,all,6.4000000000000004,54,true,4,6.0215861770909941e-11
1855,all,6.4000000000000004,55,true,4,5.8576511975165817e-12
1856,all,6.4000000000000004,56,true,4,1.2027233787230314e-11
1857,all,6.4000000000000004,57,true,5,1.8723550470472679e-11
1858,all,6.4000000000000004,58,true,4,1.0250009461225477e-11
1859,all,6.4000000000000004,59,true,4,9.4091783335092017e-12
1860,all,6.4000000000000004,60,true,4,5.4585566966410912e-12
1861,all,6.4000000000000004,61,true,4,5.8769365250989548e-11
1862,all,6.4000000000000004,62,true,4,5.4923618672253392e-12
1863,all,6.4000000000000004,63,true,4,4.5624303943829961e-11
1864,all,6.4000000000000004,64,true,4,1.2475962431839853e-11
1865,all,6.4000000000000004,65,true,4,4.6369878537865727e-12
1866,all,6.4000000000000004,66,true,5,6.3777107863271203e-11
1867,all,6.4000000000000004,67,true,5,3.1096990251480175e-12
1868,all,6.4000000000000004,68,true,4,7.8791340442070495e-12
1869,all,6.4000000000000004,69,true,4,2.4797101293850166e-11
1870,all,6.4000000000000004,70,true,3,7.8228613018646956e-11
1871,all,6.4000000000000004,71,true,4,4.5756096691220839e-11
1872,all,6.4000000000000004,72,true,4,2.0265925727447551e-11
1873,all,6.4000000000000004,73,true,5,7.4123255882338389e-12
1874,all,6.4000000000000004,74,true,5,2.5476540744475281e-11
1875,all,6.4000000000000004,75,true,4,8.1432523435671333e-12
1876,all,6.4000000000000004,76,true,4,7.9471891162297118e-12
1877,all,6.4000000000000004,77,true,4,1.2621195759486056e-12
1878,all,6.4000000000000004,78,true,4,4.3167711487521268e-12
1879,all,6.4000000000000004,79,true,4,9.2009981700979223e-12
1880,all,6.4000000000000004,80,true,4,5.8358988764639247e-11
1881,all,6.4000000000000004,81,true,4,9.9762483154812375e-12
1882,all,6.4000000000000004,82,true,5,9.0880978055919558e-12
1883,all,6.4000000000000004,83,true,3,5.2875205297601626e-11
1884,all,6.4000000000000004,84,true,4,8.5420306184491905e-11
1885,all,6.4000000000000004,85,true,5,3.330396780121863e-12
1886,all,6.4000000000000004,86,true,6,7.4345880379908281e-12
1887,all,6.4000000000000004,87,true,4,6.6358189742547653e-12
1888,all,6.4000000000000004,88,true,4,9.5807252567141336e-11
1889,all,6.4000000000000004,89,true,5,1.5427547835230496e-11
1890,all,6.4000000000000004,90,true,4,5.9456016123330207e-11
1891,all,6.4000000000000004,91,true,4,7.367404165225898e-11
1892,all,6.4000000000000004,92,true,5,7.1209571745118657e-11
1893,all,6.4000000000000004,93,true,5,3.0901455029378733e-11
1894,all,6.4000000000000004,94,true,4,3.8532717770147827e-11
1895,all,6.4000000000000004,95,true,4,1.9311996127867205e-11
1896,all,6.4000000000000004,96,true,4,8.9106392428797121e-12
1897,all,6.4000000000000004,97,true,4,2.2798305119920779e-12
1898,all,6.4000000000000004,98,true,4,2.0969347161116977e-11
1899,all,6.4000000000000004,99,true,5,1.5678093517559202e-11
1900,all,6.4000000000000004,100,true,4,4.5927630291271373e-11
1901,all,6.4000000000000004,101,true,4,8.0764827142878922e-11
1902,all,6.4000000000000004,102,true,4,1.7485283527287772e-12
1903,all,6.4000000000000004,103,true,5,4.9430092912225611e-12
1904,all,6.4000000000000004,104,true,4,1.9267676080643991e-11
1905,all,6.4000000000000004,105,true,4,1.9268491268649729e-11
1906,all,6.4000000000000004,106,true,5,5.7398388843203319e-12
1907,all,6.4000000000000004,107,true,5,1.8444147658110181e-11
1908,all,6.4000000000000004,108,true,4,4.5382793228333165e-11
1909,all,6.4000000000000004,109,true,5,8.2585186316294982e-12
1910,all,6.4000000000000004,110,true,4,1.1061571090321702e-11
1911,all,6.4000000000000004,111,true,4,3.8988631131370134e-11
1912,all,6.4000000000000004,112,true,4,6.9166464849496982e-11
1913,all,6.4000000000000004,113,true,4,3.2647610411924108e-11
1914,all,6.4000000000000004,114,true,4,9.4634975346906301e-12
1915,all,6.4000000000000004,115,true,4,9.2790521204922669e-12
1916,all,6.4000000000000004,116,true,5,4.527248090109731e-11
1917,all,6.4000000000000004,117,true,6,6.7229618864278557e-12
1918,all,6.4000000000000004,118,true,4,2.6078034409750881e-11
1919,all,6.4000000000000004,119,true,5,1.7047552961694543e-11
1920,all,6.4000000000000004,120,true,4,8.3211648322842959e-12
1921,all,6.4000000000000004,121,true,4,3.5198218731673975e-11
1922,all,6.4000000000000004,122,true,4,4.626826187865655e-11
1923,all,6.4000000000000004,123,true,5,1.2318777207568602e-12
1924,all,6.4000000000000004,124,true,5,6.7346731352127105e-12
1925,all,6.4000000000000004,125,true,5,1.1993573654337159e-11
1926,all,6.4000000000000004,126,true,4,5.2222459777449661e-11
1927,all,6.4000000000000004,127,true,3,4.9108686436458519e-11
1928,all,6.4000000000000004,128,true,3,5.7921371275261107e-11
1929,all,6.4000000000000004,129,true,4,8.4758583252904465e-11
1930,all,6.4000000000000004,130,true,5,6.2012523769906734e-11
1931,all,6.4000000000000004,131,true,4,5.9065120191428525e-11
1932,all,6.4000000000000004,132,true,4,1.1373737908322238e-11
1933,all,6.4000000000000004,133,true,5,1.8107258201812973e-11
1934,all,6.4000000000000004,134,true,5,7.1470454872840858e-12
1935,all,6.4000000000000004,135,true,4,6.370289667289804e-12
1936,all,6.4000000000000004,136,true,4,3.545985516821815e-11
1937,all,6.4000000000000004,137,true,5,1.5806890269950325e-11
1938,all,6.4000000000000004,138,true,4,4.2844281622319413e-12
1939,all,6.4000000000000004,139,true,4,3.2906991018236735e-11
1940,all,6.4000000000000004,140,true,4,5.10483069801358e-11
1941,all,6.4000000000000004,141,true,4,6.5312161431030756e-11
1942,all,6.4000000000000004,142,true,4,5.0316330346138971e-12
1943,all,6.4000000000000004,143,true,4,6.0195341900846432e-12
1944,all,6.4000000000000004,144,true,4,1.0995625698255327e-11
1945,all,6.4000000000000004,145,true,5,1.6408602438559337e-11
1946,all,6.4000000000000004,146,true,4,2.3048538811175298e-12
1947,all,6.4000000000000004,147,true,4,5.439260277144733e-11
1948,all,6.4000000000000004,148,true,4,3.9247685593165525e-11
1949,all,6.4000000000000004,149,true,3,2.6464052624506193e-11
1950,all,6.4000000000000004,150,true,4,9.9368857310984404e-12
1951,all,6.4000000000000004,151,true,5,4.949627914039061e-12
1952,all,6.4000000000000004,152,true,4,8.1753118211039151e-11
1953,all,6.4000000000000004,153,true,4,2.5374857545045408e-11
1954,all,6.4000000000000004,154,true,4,4.6717430295948516e-11
1955,all,6.4000000000000004,155,true,4,5.4606858071233067e-11
1956,all,6.4000000000000004,156,true,4,1.4865607079709964e-11
1957,all,6.4000000000000004,157,true,4,3.8040314080530555e-11
1958,all,6.4000000000000004,158,true,4,7.8997106932641173e-12
1959,all,6.4000000000000004,159,true,3,4.993166526869684e-11
1960,all,6.4000000000000004,160,true,3,2.4659606423944605e-11
1961,all,6.4000000000000004,161,true,5,6.098756538579067e-12
1962,all,6.4000000000000004,162,true,4,8.6930688530175116e-12
1963,all,6.4000000000000004,163,true,3,1.1454966062332574e-11
1964,all,6.4000000000000004,164,true,4,2.3274040946709781e-11
1965,all,6.4000000000000004,165,true,4,8.0780907704002231e-12
1966,all,6.4000000000000004,166,true,4,6.9124314429400158e-12
1967,all,6.4000000000000004,167,true,5,1.4188024961079518e-11
1968,all,6.4000000000000004,168,true,4,7.1350357607503569e-12
1969,all,6.4000000000000004,169,true,4,1.6108896204934862e-11
1970,all,6.4000000000000004,170,true,4,3.5948003539318612e-11
1971,all,6.4000000000000004,171,true,4,5.0952078272701479e-11
1972,all,6.4000000000000004,172,true,4,2.997609739660048e-11
1973,all,6.4000000000000004,173,true,4,7.7379992924909188e-11
1974,all,6.4000000000000004,174,true,4,4.0726082305867355e-11
1975,all,6.4000000000000004,175,true,4,6.4776152006699927e-11
1976,all,6.4000000000000004,176,true,4,3.0047249986773483e-11
1977,all,6.4000000000000004,177,true,4,8.1922120246260531e-11
1978,all,6.4000000000000004,178,true,4,2.4739649630733122e-12
1979,all,6.4000000000000004,179,true,4,5.8610810190220312e-12
1980,all,6.4000000000000004,180,true,4,1.053540639614079e-11
1981,all,6.4000000000000004,181,true,3,8.0978757123019271e-11
1982,all,6.4000000000000004,182,true,5,3.3658495628183634e-11
1983,all,6.4000000000000004,183,true,4,5.9613566246837175e-11
1984,all,6.4000000000000004,184,true,5,4.0673749311700544e-12
1985,all,6.4000000000000004,185,true,4,8.294161939724254e-11
1986,all,6.4000000000000004,186,true,4,2.2173139898160153e-11
1987,all,6.4000000000000004,187,true,4,8.308612603532513e-11
1988,all,6.4000000000000004,188,true,6,1.3340018630995657e-11
1989,all,6.4000000000000004,189,true,4,8.5788638659822443e-11
1990,all,6.4000000000000004,190,true,5,4.9814347381305908e-11
1991,all,6.4000000000000004,191,true,4,3.8861971597345503e-11
1992,all,6.4000000000000004,192,true,4,1.2950710631248317e-11
1993,all,6.4000000000000004,193,true,5,1.6373195229086433e-11
1994,all,6.4000000000000004,194,true,4,9.203940345367041e-11
1995,all,6.4000000000000004,195,true,5,1.3361088051634127e-11
1996,all,6.4000000000000004,196,true,4,3.3049922279545266e-11
1997,all,6.4000000000000004,197,true,5,5.3450952080074779e-12
1998,all,6.4000000000000004,198,true,4,6.8567289540610075e-11
1999,all,6.4000000000000004,199,true,4,2.392453178304195e-11
2000,all,6.4000000000000004,200,true,4,5.8723713900191098e-11
2001,all,6.4000000000000004,201,true,4,2.7617981125801264e-11
2002,all,6.4000000000000004,202,true,4,8.7860126359950477e-11
2003,all,6.4000000000000004,203,true,4,2.728155998025251e-12
2004,all,6.4000000000000004,204,true,4,7.2709755822999178e-12
2005,all,6.4000000000000004,205,true,4,1.3952464212755695e-11
2006,all,6.4000000000000004,206,true,4,1.4583997516030017e-11
2007,all,6.4000000000000004,207,true,5,1.2443307768538537e-11
2008,all,6.4000000000000004,208,true,3,3.0430958320078413e-11
2009,all,6.4000000000000004,209,true,4,1.9318282866159229e-11
2010,all,6.4000000000000004,210,true,4,7.5066586544433593e-12
2011,all,6.4000000000000004,211,true,5,5.2415981990403457e-12
2012,all,6.4000000000000004,212,true,4,3.5387249947960809e-12
2013,all,6.4000000000000004,213,true,4,1.5029381454649691e-11
2014,all,6.4000000000000004,214,true,4,2.1744292148772821e-11
2015,all,6.4000000000000004,215,true,5,9.0452656563495751e-12
2016,all,6.4000000000000004,216,true,4,2.850684371380454e-11
2017,all,6.4000000000000004,217,true,5,1.0263439921511264e-11
2018,all,6.4000000000000004,218,true,5,2.0489350028732256e-11
2019,all,6.4000000000000004,219,true,5,1.675402665533033e-12
2020,all,6.4000000000000004,220,true,4,3.4542000002935886e-11
2021,all,6.4000000000000004,221,true,5,3.9904064812141541e-12
2022,all,6.4000000000000004,222,true,4,3.1927836190126428e-11
2023,all,6.4000000000000004,223,true,4,7.8988654396484523e-11
2024,all,6.4000000000000004,224,true,4,2.6094711193573919e-12
2025,all,6.4000000000000004,225,true,4,1.061919141738821e-11
2026,all,6.4000000000000004,226,true,4,2.71996499936532e-11
2027,all,6.4000000000000004,227,true,4,1.6669306174060333e-11
2028,all,6.4000000000000004,228,true,4,3.0120220234260677e-11
2029,all,6.4000000000000004,229,true,4,2.8812267348272986e-12
2030,all,6.4000000000000004,230,true,4,2.504843526042213e-11
2031,all,6.4000000000000004,231,true,3,3.7040135321489363e-11
2032,all,6.4000000000000004,232,true,4,1.0348737620589808e-11
2033,all,6.4000000000000004,233,true,4,2.5653084388971156e-11
2034,all,6.4000000000000004,234,true,4,3.6840547539260772e-12
2035,all,6.4000000000000004,235,true,5,6.8702443002500364e-12
2036,all,6.4000000000000004,236,true,4,8.9445947162631145e-11
2037,all,6.4000000000000004,237,true,3,4.6246247491819343e-11
2038,all,6.4000000000000004,238,true,3,9.357387095756372e-11
2039,all,6.4000000000000004,239,true,4,2.340859736456138e-11
2040,all,6.4000000000000004,240,true,4,8.4232133899634551e-11
2041,all,6.4000000000000004,241,true,5,6.4313468167983066e-12
2042,all,6.4000000000000004,242,true,5,2.3710186896296967e-11
2043,all,6.4000000000000004,243,true,5,4.2260868907054803e-11
2044,all,6.4000000000000004,244,true,4,4.9039740693646531e-11
2045,all,6.4000000000000004,245,true,4,5.5993199968171794e-11
2046,all,6.4000000000000004,246,true,4,5.4097201123300756e-11
2047,all,6.4000000000000004,247,true,5,2.4014831368442436e-11
2048,all,6.4000000000000004,248,true,4,4.6301498789534566e-11
2049,all,6.4000000000000004,249,true,4,6.9749169173848055e-11
2050,all,6.4000000000000004,250,true,4,1.679360974074295e-11
2051,all,6.4000000000000004,251,true,4,2.5766089742876222e-11
2052,all,6.4000000000000004,252,true,4,2.5326971742928168e-11
2053,all,6.4000000000000004,253,true,4,1.1098158966963794e-12
2054,all,6.4000000000000004,254,true,4,7.5364336988678532e-12
2055,all,6.4000000000000004,255,true,5,8.7238806469348977e-12
2056,all,6.4000000000000004,256,true,3,6.8186288475655841e-11
2057,all,6.4000000000000004,257,true,4,4.8847803441914873e-11
2058,all,6.4000000000000004,258,true,5,2.0949449774804093e-12
2059,all,6.4000000000000004,259,true,5,6.6781414296695058e-11
2060,all,6.4000000000000004,260,true,5,3.656227593537701e-12
2061,all,6.4000000000000004,261,true,4,2.0342762570014344e-11
2062,all,6.4000000000000004,262,true,4,1.0153419122946117e-11
2063,all,6.4000000000000004,263,true,5,1.6708836617188329e-11
2064,all,6.4000000000000004,264,true,3,7.291123985739895e-11
2065,all,6.4000000000000004,265,true,4,6.4959529161585185e-12
2066,all,6.4000000000000004,266,true,4,1.3794531694017281e-11
2067,all,6.4000000000000004,267,true,4,6.4884581142105753e-11
2068,all,6.4000000000000004,268,true,4,2.2957938540490856e-11
2069,all,6.4000000000000004,269,true,4,6.7059575603552172e-11
2070,all,6.4000000000000004,270,true,4,2.3192818918203171e-11
2071,all,6.4000000000000004,271,true,4,5.7475811706888922e-11
2072,all,6.4000000000000004,272,true,5,8.7940330967493908e-11
2073,all,6.4000000000000004,273,true,5,4.4852572676061147e-12
2074,all,6.4000000000000004,274,true,4,5.4225104004274198e-11
2075,all,6.4000000000000004,275,true,4,1.5368608554837838e-11
2076,all,6.4000000000000004,276,true,5,3.3810879624451299e-12
2077,all,6.4000000000000004,277,true,5,2.4323777505630411e-12
2078,all,6.4000000000000004,278,true,4,3.015091041669078e-12
2079,all,6.4000000000000004,279,true,3,6.2466484415702245e-11
2080,all,6.4000000000000004,280,true,4,2.5483182432816485e-11
2081,all,6.4000000000000004,281,true,5,5.5429987795584108e-12
2082,all,6.4000000000000004,282,true,4,4.8058304913757594e-12
2083,all,6.4000000000000004,283,true,4,3.3032973139685316e-11
2084,all,6.4000000000000004,284,true,4,2.9431001609221558e-12
2085,all,6.4000000000000004,285,true,4,4.4124401509756017e-11
2086,all,6.4000000000000004,286,true,4,3.1128805949838458e-11
2087,all,6.4000000000000004,287,true,4,7.8333650339087983e-12
2088,all,6.4000000000000004,288,true,4,7.3262076816391402e-12
2089,all,6.4000000000000004,289,true,5,1.2655376251048858e-11
2090,all,6.4000000000000004,290,true,4,4.9760539513700937e-11
2091,all,6.4000000000000004,291,true,4,1.4340244196584742e-11
2092,all,6.4000000000000004,292,true,4,6.0300650952424767e-11
2093,all,6.4000000000000004,293,true,5,1.8046037741976859e-11
2094,all,6.4000000000000004,294,true,3,4.4998822895653161e-11
2095,all,6.4000000000000004,295,true,4,3.6396146708825198e-12
2096,all,6.4000000000000004,296,true,5,1.52515576853669e-11
2097,all,6.4000000000000004,297,true,4,5.0556213579546435e-12
2098,all,6.4000000000000004,298,true,4,7.4701567100760949e-12
2099,all,6.4000000000000004,299,true,5,1.6162290222988409e-11
2100,all,6.4000000000000004,300,true,4,8.4098094867354562e-11
2101,all,6.4000000000000004,301,true,4,3.1196555196598963e-12
2102,all,6.4000000000000004,302,true,5,6.835621923962824e-12
2103,all,6.4000000000000004,303,true,4,7.5590339240182721e-12
2104,all,6.4000000000000004,304,true,4,6.4977139500578107e-11
2105,all,6.4000000000000004,305,true,4,1.0854590999194336e-11
2106,all,6.4000000000000004,306,true,4,6.709130648752693e-11
2107,all,6.4000000000000004,307,true,5,9.0931869554787377e-12
2108,all,6.4000000000000004,308,true,4,2.6715842279357045e-11
2109,all,6.4000000000000004,309,true,4,7.1501996271761027e-11
2110,all,6.4000000000000004,310,true,4,5.8946425189236022e-12
2111,all,6.4000000000000004,311,true,5,1.2851202564670488e-11
2112,all,6.4000000000000004,312,true,4,3.2163359686983278e-11
2113,all,6.4000000000000004,313,true,4,5.6435396997057253e-11
2114,all,6.4000000000000004,314,true,5,2.9357077286705171e-11
2115,all,6.4000000000000004,315,true,5,3.0249683703636073e-11
2116,all,6.4000000000000004,316,true,5,3.478115796189835e-12
2117,all,6.4000000000000004,317,true,4,1.2161523440293403e-11
2118,all,6.4000000000000004,318,true,4,1.6702956971145622e-11
2119,all,6.4000000000000004,319,true,4,2.3899939760124324e-11
2120,all,6.4000000000000004,320,true,5,7.2855079159408041e-12
2121,all,6.4000000000000004,321,true,4,4.3838469309737647e-11
2122,all,6.4000000000000004,322,true,4,1.8944913600338392e-11
2123,all,6.4000000000000004,323,true,4,1.6887138451061042e-12
2124,all,6.4000000000000004,324,true,4,9.8947237919383889e-12
2125,all,6.4000000000000004,325,true,5,4.582409179368508e-12
2126,all,6.4000000000000004,326,true,4,4.8955453786200286e-11
2127,all,6.4000000000000004,327,true,4,7.9969822010272624e-11
2128,all,6.4000000000000004,328,true,5,3.6294941935258954e-12
2129,all,6.4000000000000004,329,true,4,3.3086572528519004e-11
2130,all,6.4000000000000004,330,true,5,2.8528964542261346e-11
2131,all,6.4000000000000004,331,true,4,4.1659593293657182e-11
2132,all,6.4000000000000004,332,true,4,3.9841096853093066e-12
2133,all,6.4000000000000004,333,true,4,3.3342179947875346e-11
2134,all,6.4000000000000004,334,true,4,3.7553432293917905e-11
2135,all,6.4000000000000004,335,true,4,5.1252299577661366e-12
2136,all,6.4000000000000004,336,true,3,9.0474952493010878e-11
2137,all,6.4000000000000004,337,true,6,5.0562151982690455e-12
2138,all,6.4000000000000004,338,true,4,5.4270775769452387e-11
2139,all,6.4000000000000004,339,true,5,4.3457224448303992e-11
2140,all,6.4000000000000004,340,true,5,3.8293268421077361e-12
2141,all,6.4000000000000004,341,true,4,4.6018933091412931e-12
2142,all,6.4000000000000004,342,true,5,7.1541061850759714e-12
2143,all,6.4000000000000004,343,true,5,1.2283897090248327e-11
2144,all,6.4000000000000004,344,true,5,1.5632569496532387e-12
2145,all,6.4000000000000004,345,true,4,1.5633804446839749e-11
2146,all,6.4000000000000004,346,true,4,6.0928103801296309e-11
2147,all,6.4000000000000004,347,true,5,5.9993507488455543e-12
2148,all,6.4000000000000004,348,true,4,8.6475205186158311e-12
2149,all,6.4000000000000004,349,true,4,3.190351093070932e-12
2150,all,6.4000000000000004,350,true,4,1.5483856913154299e-11
2151,all,6.4000000000000004,351,true,5,6.2960221245255389e-12
2152,all,6.4000000000000004,352,true,4,5.7848307416627272e-11
2153,all,6.4000000000000004,353,true,3,8.6830228912223221e-11
2154,all,6.4000000000000004,354,true,4,6.8653804883249396e-12
2155,all,6.4000000000000004,355,true,3,8.4433064583273029e-11
2156,all,6.4000000000000004,356,true,4,1.8964654732198028e-11
2157,all,6.4000000000000004,357,true,4,5.6574950182561035e-11
2158,all,6.4000000000000004,358,true,5,9.1585327698167854e-12
2159,all,6.4000000000000004,359,true,4,1.0995186218514841e-11
2160,all,6.4000000000000004,360,true,4,2.8434942332290322e-11
2161,all,6.4000000000000004,361,true,6,1.0070155985044478e-11
2162,all,6.4000000000000004,362,true,3,8.4950451728847226e-11
2163,all,6.4000000000000004,363,true,4,8.1620042349963179e-12
2164,all,6.4000000000000004,364,true,5,1.7430357837396908e-11
2165,all,6.4000000000000004,365,true,4,5.2548520565701122e-12
2166,all,6.4000000000000004,366,true,5,1.5367288219957328e-11
2167,all,6.4000000000000004,367,true,4,2.3834396314191167e-11
2168,all,6.4000000000000004,368,true,5,1.2860888027391674e-11
2169,all,6.4000000000000004,369,true,4,8.2621285701895094e-11
2170,all,6.4000000000000004,370,true,3,1.97845991156211e-11
2171,all,6.4000000000000004,371,true,5,4.336860845252591e-11
2172,all,6.4000000000000004,372,true,4,2.4951966315415892e-12
2173,all,6.4000000000000004,373,true,5,1.4467583178015504e-11
2174,all,6.4000000000000004,374,true,4,6.9857510315245513e-11
2175,all,6.4000000000000004,375,true,4,3.2668231789378706e-11
2176,all,6.4000000000000004,376,true,4,8.191316587961796e-11
2177,all,6.4000000000000004,377,true,5,1.1327613985803466e-11
2178,all,6.4000000000000004,378,true,4,1.6408253078358688e-11
2179,all,6.4000000000000004,379,true,4,2.8913502661887036e-11
2180,all,6.4000000000000004,380,true,4,1.2075355371925767e-11
2181,all,6.4000000000000004,381,true,4,2.9265449965340353e-11
2182,all,6.4000000000000004,382,true,5,9.3695602185659352e-12
2183,all,6.4000000000000004,383,true,5,1.4138975165588387e-11
2184,all,6.4000000000000004,384,true,3,2.6466300218327964e-11
2185,all,6.4000000000000004,385,true,5,2.8374151463426455e-11
2186,all,6.4000000000000004,386,true,4,1.3121587902296604e-11
2187,all,6.4000000000000004,387,true,4,8.2217332176114894e-11
2188,all,6.4000000000000004,388,true,4,4.6834017528823338e-11
2189,all,6.4000000000000004,389,true,3,8.9701198060817347e-11
2190,all,6.4000000000000004,390,true,4,9.610430941036433e-12
2191,all,6.4000000000000004,391,true,5,2.1088355020022625e-12
2192,all,6.4000000000000004,392,true,5,4.5744351815394028e-12
2193,all,6.4000000000000004,393,true,5,7.4711242408569746e-12
2194,all,6.4000000000000004,394,true,4,2.0328400663582992e-11
2195,all,6.4000000000000004,395,true,3,9.9974056665670167e-11
2196,all,6.4000000000000004,396,true,5,8.9108442506257727e-12
2197,all,6.4000000000000004,397,true,4,5.2390923104913221e-12
2198,all,6.4000000000000004,398,true,4,3.2655864340745263e-11
2199,all,6.4000000000000004,399,true,4,6.5707930470453992e-12
2200,all,6.4000000000000004,400,true,6,1.7689651699892901e-11
2201,all,6.4000000000000004,401,true,3,4.6546330719177215e-11
2202,all,6.4000000000000004,402,true,4,2.743632857074916e-11
2203,all,6.4000000000000004,403,true,4,2.8428720421668652e-11
2204,all,6.4000000000000004,404,true,4,3.8770082994968259e-12
2205,all,6.4000000000000004,405,true,5,2.1536215690583893e-11
2206,all,6.4000000000000004,406,true,5,3.0184223287626339e-12
2207,all,6.4000000000000004,407,true,4,4.1455965076331337e-11
2208,all,6.4000000000000004,408,true,4,5.1410133277533596e-11
2209,all,6.4000000000000004,409,true,4,8.4188862427142379e-11
2210,all,6.4000000000000004,410,true,5,2.4651925579321722e-11
2211,all,6.4000000000000004,411,true,5,9.5328540847901354e-12
2212,all,6.4000000000000004,412,true,4,8.7767324157312373e-11
2213,all,6.4000000000000004,413,true,4,2.0094765609070271e-12
2214,all,6.4000000000000004,414,true,4,3.6240814919337229e-12
2215,all,6.4000000000000004,415,true,4,6.836870777688055e-11
2216,all,6.4000000000000004,416,true,4,1.9834401150272152e-12
2217,all,6.4000000000000004,417,true,5,7.1953052272429762e-12
2218,all,6.4000000000000004,418,true,4,3.2569816168282293e-12
2219,all,6.4000000000000004,419,true,4,1.5488741186085404e-11
2220,all,6.4000000000000004,420,true,5,3.1833866078893121e-12
2221,all,6.4000000000000004,421,true,4,9.6666772384102195e-11
2222,all,6.4000000000000004,422,true,4,1.0832138525636322e-11
2223,all,6.4000000000000004,423,true,5,3.3418472862462673e-11
2224,all,6.4000000000000004,424,true,4,1.7265474248950488e-11
2225,all,6.4000000000000004,425,true,5,4.2307567135721664e-12
2226,all,6.4000000000000004,426,true,4,3.1247532519363832e-12
2227,all,6.4000000000000004,427,true,6,6.7226558411128107e-12
2228,all,6.4000000000000004,428,true,4,4.6679569144823109e-11
2229,all,6.4000000000000004,429,true,4,2.0871510448140184e-11
2230,all,6.4000000000000004,430,true,5,9.8253453518637151e-12
2231,all,6.4000000000000004,431,true,5,3.6974446505928469e-12
2232,all,6.4000000000000004,432,true,5,7.7309274645188399e-12
2233,all,6.4000000000000004,433,true,5,3.5134440979339152e-12
2234,all,6.4000000000000004,434,true,4,1.796130054427688e-12
2235,all,6.4000000000000004,435,true,5,3.0261776956638064e-12
2236,all,6.4000000000000004,436,true,5,6.1979258514279254e-11
2237,all,6.4000000000000004,437,true,4,5.4992119031532575e-11
2238,all,6.4000000000000004,438,true,4,1.6291922327002103e-11
2239,all,6.4000000000000004,439,true,4,3.8093332156641364e-12
2240,all,6.4000000000000004,440,true,4,3.9404176384402858e-11
2241,all,6.4000000000000004,441,true,4,9.0968737393287208e-11
2242,all,6.4000000000000004,442,true,4,2.7073069310539823e-11
2243,all,6.4000000000000004,443,true,4,1.4440296721682812e-11
2244,all,6.4000000000000004,444,true,5,8.9288820567392886e-12
2245,all,6.4000000000000004,445,true,4,6.1777167078270213e-11
2246,all,6.4000000000000004,446,true,3,4.188694857598453e-11
2247,all,6.4000000000000004,447,true,3,4.7933801252212771e-11
2248,all,6.4000000000000004,448,true,4,2.6944446388963364e-12
2249,all,6.4000000000000004,449,true,4,1.4773087584649137e-11
2250,all,6.4000000000000004,450,true,5,5.1899916477029989e-12
2251,all,6.4000000000000004,451,true,4,3.8313139802214028e-12
2252,all,6.4000000000000004,452,true,4,9.4347599725378221e-11
2253,all,6.4000000000000004,453,true,4,9.4068537847292003e-11
2254,all,6.4000000000000004,454,true,5,6.8491476172962295e-12
2255,all,6.4000000000000004,455,true,4,5.7630319758300905e-12
2256,all,6.4000000000000004,456,true,4,3.5531480325085258e-12
2257,all,6.4000000000000004,457,true,3,9.1523745285691648e-11
2258,all,6.4000000000000004,458,true,4,2.8784660272664894e-11
2259,all,6.4000000000000004,459,true,4,3.5331263953892821e-13
2260,all,6.4000000000000004,460,true,3,3.8916856930803564e-11
2261,all,6.4000000000000004,461,true,4,2.7629964766807677e-11
2262,all,6.4000000000000004,462,true,4,5.7992162548945847e-12
2263,all,6.4000000000000004,463,true,5,2.7936023546626534e-12
2264,all,6.4000000000000004,464,true,5,9.5172999208515465e-12
2265,all,6.4000000000000004,465,true,4,1.2682234734732594e-11
2266,all,6.4000000000000004,466,true,4,6.2102498554361407e-11
2267,all,6.4000000000000004,467,true,4,3.7120925601664037e-11
2268,all,6.4000000000000004,468,true,5,4.0383329190265438e-12
2269,all,6.4000000000000004,469,true,5,3.7135413287275229e-12
2270,all,6.4000000000000004,470,true,4,1.1333386750708864e-11
2271,all,6.4000000000000004,471,true,4,6.4252883559074103e-12
2272,all,6.4000000000000004,472,true,5,1.5053791780731248e-11
2273,all,6.4000000000000004,473,true,4,1.3510361372349839e-11
2274,all,6.4000000000000004,474,true,4,3.1832773937941951e-11
2275,all,6.4000000000000004,475,true,5,1.2762989300783422e-12
2276,all,6.4000000000000004,476,true,4,7.762137655866771e-11
2277,all,6.4000000000000004,477,true,5,2.213766158294259e-11
2278,all,6.4000000000000004,478,true,5,5.7975622527615024e-12
2279,all,6.4000000000000004,479,true,5,3.9310624199733864e-12
2280,all,6.4000000000000004,480,true,4,2.1977694180456418e-11
2281,all,6.4000000000000004,481,true,4,4.3672361791737308e-11
2282,all,6.4000000000000004,482,true,3,5.0433797405327142e-11
2283,all,6.4000000000000004,483,true,5,6.4843661536178537e-12
2284,all,6.4000000000000004,484,true,4,4.3029023628907117e-11
2285,all,6.4000000000000004,485,true,4,1.5983961013881514e-11
2286,all,6.4000000000000004,486,true,4,1.1672918251168047e-11
2287,all,6.4000000000000004,487,true,4,9.3764164081544968e-12
2288,all,6.4000000000000004,488,true,4,4.4679583638083806e-12
2289,all,6.4000000000000004,489,true,4,2.7030253405541635e-11
2290,all,6.4000000000000004,490,true,3,5.6516428612601879e-11
2291,all,6.4000000000000004,491,true,4,1.2973792340493276e-11
2292,all,6.4000000000000004,492,true,4,1.3327203752003384e-11
2293,all,6.4000000000000004,493,true,5,3.7088108216410662e-12
2294,all,6.4000000000000004,494,true,4,6.0538773080623887e-11
2295,all,6.4000000000000004,495,true,4,4.2790105303504129e-12
2296,all,6.4000000000000004,496,true,3,7.5793952533744763e-11
2297,all,6.4000000000000004,497,true,4,8.3284226214832175e-12
2298,all,6.4000000000000004,498,true,4,7.5661811180016918e-11
2299,all,6.4000000000000004,499,true,4,5.7356686276435787e-12
2300,all,6.4000000000000004,500,true,4,2.0330480857763901e-12
2301,all,6.4000000000000004,501,true,5,8.3293437142667463e-11
2302,all,6.4000000000000004,502,true,4,2.0884026893074942e-11
2303,all,6.4000000000000004,503,true,5,3.1765052798851975e-11
2304,all,6.4000000000000004,504,true,4,3.8466453662392714e-11
2305,all,6.4000000000000004,505,true,5,3.1684342187997441e-11
2306,all,6.4000000000000004,506,true,3,1.6368137567719142e-11
2307,all,6.4000000000000004,507,true,5,2.8303276086706096e-11
2308,all,6.4000000000000004,508,true,3,5.1825868344801608e-11
2309,all,6.4000000000000004,509,true,4,6.9713376982797553e-11
2310,all,6.4000000000000004,510,true,4,2.1768410988745146e-12
2311,all,6.4000000000000004,511,true,3,7.3570227567419617e-11
2312,all,6.4000000000000004,512,true,4,2.4071552574974932e-11
2313,all,6.4000000000000004,513,true,4,8.1291853677078972e-11
2314,all,6.4000000000000004,514,true,3,4.6756934260514585e-11
2315,all,6.4000000000000004,515,true,5,2.2714692377447653e-11
2316,all,6.4000000000000004,516,true,4,9.6054752197820664e-12
2317,all,6.4000000000000004,517,true,5,2.9486503441341644e-11
2318,all,6.4000000000000004,518,true,5,4.7980995591034252e-12
2319,all,6.4000000000000004,519,true,3,9.3808054818517858e-11
2320,all,6.4000000000000004,520,true,4,2.1690601265674883e-11
2321,all,6.4000000000000004,521,true,4,3.1357108281527477e-11
2322,all,6.4000000000000004,522,true,4,1.288436850222583e-11
2323,all,6.4000000000000004,523,true,3,6.3348501893346415e-11
2324,all,6.4000000000000004,524,true,6,2.4460274812523969e-12
2325,all,6.4000000000000004,525,true,4,1.0661041479486067e-11
2326,all,6.4000000000000004,526,true,4,1.7572111405973615e-11
2327,all,6.4000000000000004,527,true,4,1.4802329228466016e-12
2328,all,6.4000000000000004,528,true,4,3.9362993058000605e-12
2329,all,6.4000000000000004,529,true,4,2.3680303313843263e-12
2330,all,6.4000000000000004,530,true,4,1.1268388738335849e-11
2331,all,6.4000000000000004,531,true,3,2.451243999899952e-11
2332,all,6.4000000000000004,532,true,4,6.1454073095849538e-11
2333,all,6.4000000000000004,533,true,5,1.7847207136262324e-11
2334,all,6.4000000000000004,534,true,4,1.8272770709362556e-11
2335,all,6.4000000000000004,535,true,4,2.828612872591073e-11
2336,all,6.4000000000000004,536,true,5,1.1819717074698588e-11
2337,all,6.4000000000000004,537,true,4,9.7040381789333748e-12
2338,all,6.4000000000000004,538,true,4,7.5957151475089132e-12
2339,all,6.4000000000000004,539,true,3,2.0629855131039433e-11
2340,all,6.4000000000000004,540,true,4,1.2917432645849344e-11
2341,all,6.4000000000000004,541,true,4,7.5973617529996029e-12
2342,all,6.4000000000000004,542,true,4,3.2783820912329684e-12
2343,all,6.4000000000000004,543,true,4,6.1683205754801969e-11
2344,all,6.4000000000000004,544,true,4,8.4133813360262498e-11
2345,all,6.4000000000000004,545,true,5,1.6533055962301489e-11
2346,all,6.4000000000000004,546,true,4,2.4610568655051366e-11
2347,all,6.4000000000000004,547,true,5,1.2010203515834776e-12
2348,all,6.4000000000000004,548,true,4,9.7849703956730713e-11
2349,all,6.4000000000000004,549,true,4,1.6762084501046212e-11
2350,all,6.4000000000000004,550,true,4,1.415343131800324e-11
2351,all,6.4000000000000004,551,true,4,4.2753868023300112e-11
2352,all,6.4000000000000004,552,true,5,2.8544333527874423e-12
2353,all,6.4000000000000004,553,true,5,6.9894056320362512e-12
2354,all,6.4000000000000004,554,true,4,8.8122004134628752e-12
2355,all,6.4000000000000004,555,true,4,3.8032005584104979e-12
2356,all,6.4000000000000004,556,true,5,1.4210356356832543e-11
2357,all,6.4000000000000004,557,true,4,1.0587611441450673e-11
2358,all,6.4000000000000004,558,true,4,7.1439789720332863e-12
2359,all,6.4000000000000004,559,true,3,9.4845890852435063e-11
2360,all,6.4000000000000004,560,true,4,5.433783767513999e-11
2361,all,6.4000000000000004,561,true,4,1.0108930618585762e-11
2362,all,6.4000000000000004,562,true,4,2.1406852528241577e-11
2363,all,6.4000000000000004,563,true,4,1.5529077927895336e-11
2364,all,6.4000000000000004,564,true,5,5.3490188439385799e-12
2365,all,6.4000000000000004,565,true,4,2.696850732335873e-11
2366,all,6.4000000000000004,566,true,3,6.215820921575829e-11
2367,all,6.4000000000000004,567,true,5,4.3057993580502807e-11
2368,all,6.4000000000000004,568,true,5,4.2826270741608073e-12
2369,all,6.4000000000000004,569,true,4,1.2063708832229177e-11
2370,all,6.4000000000000004,570,true,4,1.0219424895578024e-12
2371,all,6.4000000000000004,571,true,4,9.4962827982156268e-12
2372,all,6.4000000000000004,572,true,4,3.7815884277677611e-11
2373,all,6.4000000000000004,573,true,5,1.9651272484970321e-11
2374,all,6.4000000000000004,574,true,4,4.1728635303730938e-11
2375,all,6.4000000000000004,575,true,4,9.8538879656459874e-11
2376,all,6.4000000000000004,576,true,5,2.5288207019884029e-11
2377,all,6.4000000000000004,577,true,4,9.6619243545972919e-11
2378,all,6.4000000000000004,578,true,3,6.6668352278266046e-11
2379,all,6.4000000000000004,579,true,4,1.0590787514448732e-11
2380,all,6.4000000000000004,580,true,4,4.9971408173258454e-11
2381,all,6.4000000000000004,581,true,4,1.3539353894246752e-11
2382,all,6.4000000000000004,582,true,4,2.4074146759947482e-11
2383,all,6.4000000000000004,583,true,5,3.3499588786511162e-11
2384,all,6.4000000000000004,584,true,4,3.5834501281397165e-11
2385,all,6.4000000000000004,585,true,4,1.2020009408277265e-11
2386,all,6.4000000000000004,586,true,5,7.5362467968519643e-12
2387,all,6.4000000000000004,587,true,4,4.699189050476542e-11
2388,all,6.4000000000000004,588,true,4,9.1767856670727801e-12
2389,all,6.4000000000000004,589,true,5,4.2554023311811002e-12
2390,all,6.4000000000000004,590,true,4,8.8332367333386997e-12
2391,all,6.4000000000000004,591,true,4,8.0548599652086169e-12
2392,all,6.4000000000000004,592,true,5,5.2711645628330199e-12
2393,all,6.4000000000000004,593,true,4,1.3258511274924167e-11
2394,all,6.4000000000000004,594,true,6,1.3839282119262351e-11
2395,all,6.4000000000000004,595,true,4,1.6055970668503877e-12
2396,all,6.4000000000000004,596,true,5,9.4081375356156076e-12
2397,all,6.4000000000000004,597,true,5,4.6494595251407277e-12
2398,all,6.4000000000000004,598,true,4,4.7203843322127708e-12
2399,all,6.4000000000000004,599,true,5,1.0137904264818636e-11
2400,all,6.4000000000000004,600,true,4,2.871000287014001e-12
2401,all,9.0500000000000007,1,true,6,3.7795248596349634e-12
2402,all,9.0500000000000007,2,true,5,2.6671155026794063e-12
2403,all,9.0500000000000007,3,true,5,6.1264142745549263e-12
2404,all,9.0500000000000007,4,true,5,5.4204962575625456e-11
2405,all,9.0500000000000007,5,true,5,2.07568856879822e-11
2406,all,9.0500000000000007,6,true,5,2.387405470886794e-11
2407,all,9.0500000000000007,7,true,5,6.0825198530360361e-11
2408,all,9.0500000000000007,8,true,5,8.1947933866324939e-12
2409,all,9.0500000000000007,9,true,7,9.2346226165171634e-11
2410,all,9.0500000000000007,10,true,4,1.3288825751129458e-11
2411,all,9.0500000000000007,11,true,5,2.9498175482785252e-11
2412,all,9.0500000000000007,12,true,5,8.2697425281734708e-11
2413,all,9.0500000000000007,13,true,5,3.747684222955839e-11
2414,all,9.0500000000000007,14,true,5,6.0146343930175128e-11
2415,all,9.0500000000000007,15,true,6,6.7048368060833864e-12
2416,all,9.0500000000000007,16,true,6,2.1119721345099901e-11
2417,all,9.0500000000000007,17,true,5,1.7136661442948255e-11
2418,all,9.0500000000000007,18,true,4,2.6277141732481903e-11
2419,all,9.0500000000000007,19,true,5,3.243438126601156e-11
2420,all,9.0500000000000007,20,true,5,4.0741452814834597e-11
2421,all,9.0500000000000007,21,true,5,9.0229817421423602e-11
2422,all,9.0500000000000007,22,true,4,1.1607941455267649e-11
2423,all,9.0500000000000007,23,true,4,6.991488513859131e-11
2424,all,9.0500000000000007,24,true,6,1.2829639410769805e-11
2425,all,9.0500000000000007,25,true,5,1.8169407682821595e-11
2426,all,9.0500000000000007,26,true,5,1.2426074153057518e-11
2427,all,9.0500000000000007,27,true,5,3.6668035190375112e-11
2428,all,9.0500000000000007,28,true,4,3.0435578992875152e-11
2429,all,9.0500000000000007,29,true,4,3.1798724763274832e-11
2430,all,9.0500000000000007,30,true,4,4.5636052566472224e-11
2431,all,9.0500000000000007,31,true,4,1.9841685406658826e-11
2432,all,9.0500000000000007,32,true,4,1.2385795544820489e-11
2433,all,9.0500000000000007,33,true,5,7.2212256068131371e-12
2434,all,9.0500000000000007,34,true,4,5.7467362487774777e-11
2435,all,9.0500000000000007,35,true,5,2.1267868168965545e-11
2436,all,9.0500000000000007,36,true,4,5.9098643654753644e-11
2437,all,9.0500000000000007,37,true,6,3.1821353734416467e-11
2438,all,9.0500000000000007,38,true,5,2.8075158523442203e-11
2439,all,9.0500000000000007,39,true,5,1.2664195481902553e-11
2440,all,9.0500000000000007,40,true,5,1.0246193281574017e-11
2441,all,9.0500000000000007,41,true,4,8.9370661304052708e-11
2442,all,9.0500000000000007,42,true,4,6.9797015056396331e-11
2443,all,9.0500000000000007,43,true,5,1.218797379672369e-12
2444,all,9.0500000000000007,44,true,5,2.9736926373250835e-11
2445,all,9.0500000000000007,45,true,4,4.0337157822529421e-11
2446,all,9.0500000000000007,46,true,6,3.7284686879663835e-12
2447,all,9.0500000000000007,47,true,5,1.8693302001738655e-11
2448,all,9.0500000000000007,48,true,5,3.1364557228509558e-12
2449,all,9.0500000000000007,49,true,5,2.3892833647828625e-11
2450,all,9.0500000000000007,50,true,5,6.6505843987003286e-12
2451,all,9.0500000000000007,51,true,4,4.335532336518499e-11
2452,all,9.0500000000000007,52,true,4,8.1579977002180937e-11
2453,all,9.0500000000000007,53,true,5,8.3017345875134561e-12
2454,all,9.0500000000000007,54,true,5,3.3940631962449843e-11
2455,all,9.0500000000000007,55,true,4,4.5538620893993752e-11
2456,all,9.0500000000000007,56,true,4,8.5932876748246631e-11
2457,all,9.0500000000000007,57,true,6,7.5915670596340866e-12
2458,all,9.0500000000000007,58,true,4,8.7867092476937301e-11
2459,all,9.0500000000000007,59,true,4,7.5676827328652688e-11
2460,all,9.0500000000000007,60,true,4,4.0054921408348848e-11
2461,all,9.0500000000000007,61,true,5,4.9152018308290959e-11
2462,all,9.0500000000000007,62,true,4,4.1450406550578632e-11
2463,all,9.0500000000000007,63,true,5,1.2512697279250759e-11
2464,all,9.0500000000000007,64,true,4,9.0470635803299388e-11
2465,all,9.0500000000000007,65,true,4,3.8165689035915564e-11
2466,all,9.0500000000000007,66,true,7,3.4638887545648473e-12
2467,all,9.0500000000000007,67,true,5,3.7241451244039538e-11
2468,all,9.0500000000000007,68,true,4,6.2114308298771742e-11
2469,all,9.0500000000000007,69,true,5,5.5758564666454613e-12
2470,all,9.0500000000000007,70,true,4,6.7181372662071512e-12
2471,all,9.0500000000000007,71,true,5,2.7529757500998126e-11
2472,all,9.0500000000000007,72,true,5,1.4026990686444778e-11
2473,all,9.0500000000000007,73,true,5,8.583200052422077e-11
2474,all,9.0500000000000007,74,true,6,2.7745824071291848e-11
2475,all,9.0500000000000007,75,true,4,5.9805087147610418e-11
2476,all,9.0500000000000007,76,true,4,8.1212406149580831e-11
2477,all,9.0500000000000007,77,true,4,1.1147437946893404e-11
2478,all,9.0500000000000007,78,true,4,3.5152826844991096e-11
2479,all,9.0500000000000007,79,true,4,7.0255278817970899e-11
2480,all,9.0500000000000007,80,true,5,9.6895132025433197e-12
2481,all,9.0500000000000007,81,true,4,7.4513242421499775e-11
2482,all,9.0500000000000007,82,true,6,7.6281728070562406e-12
2483,all,9.0500000000000007,83,true,4,1.0409808355495835e-11
2484,all,9.0500000000000007,84,true,5,4.7574257708081803e-11
2485,all,9.0500000000000007,85,true,5,3.4079086794069881e-11
2486,all,9.0500000000000007,86,true,6,9.4076535406956159e-11
2487,all,9.0500000000000007,87,true,4,5.0569652629214125e-11
2488,all,9.0500000000000007,88,true,5,1.5346192512578645e-11
2489,all,9.0500000000000007,89,true,6,1.4357774441549638e-11
2490,all,9.0500000000000007,90,true,5,5.0988044563977065e-11
2491,all,9.0500000000000007,91,true,5,2.7436219637484924e-11
2492,all,9.0500000000000007,92,true,6,6.627413205723277e-11
2493,all,9.0500000000000007,93,true,6,6.5261844782117074e-11
2494,all,9.0500000000000007,94,true,5,1.6110724233387337e-11
2495,all,9.0500000000000007,95,true,5,5.3395685880707809e-12
2496,all,9.0500000000000007,96,true,4,7.8109338962599302e-11
2497,all,9.0500000000000007,97,true,4,1.8210451930266464e-11
2498,all,9.0500000000000007,98,true,5,9.7629226497690269e-12
2499,all,9.0500000000000007,99,true,6,1.2695680229324665e-11
2500,all,9.0500000000000007,100,true,5,2.5565092058779832e-11
2501,all,9.0500000000000007,101,true,5,1.4628307063257139e-11
2502,all,9.0500000000000007,102,true,4,1.2809000261153553e-11
2503,all,9.0500000000000007,103,true,5,5.4649852299119055e-11
2504,all,9.0500000000000007,104,true,5,2.7159706668903889e-12
2505,all,9.0500000000000007,105,true,5,5.7543556398623329e-12
2506,all,9.0500000000000007,106,true,5,5.7970701653142237e-11
2507,all,9.0500000000000007,107,true,6,1.0474085437278022e-11
2508,all,9.0500000000000007,108,true,5,1.5526106298937866e-11
2509,all,9.0500000000000007,109,true,5,7.377250721553579e-11
2510,all,9.0500000000000007,110,true,4,9.4903275935401324e-11
2511,all,9.0500000000000007,111,true,5,8.5209316322519642e-12
2512,all,9.0500000000000007,112,true,5,4.0066114856242003e-11
2513,all,9.0500000000000007,113,true,5,5.6862578895343545e-11
2514,all,9.0500000000000007,114,true,4,8.2123099751403355e-11
2515,all,9.0500000000000007,115,true,4,6.9703876096774759e-11
2516,all,9.0500000000000007,116,true,6,8.4805483258081087e-12
2517,all,9.0500000000000007,117,true,7,3.6790912049378927e-12
2518,all,9.0500000000000007,118,true,5,9.1437161879759136e-12
2519,all,9.0500000000000007,119,true,6,1.2696338374286313e-11
2520,all,9.0500000000000007,120,true,4,6.8574773332190239e-11
2521,all,9.0500000000000007,121,true,5,1.12989648998818e-11
2522,all,9.0500000000000007,122,true,5,1.6222462758047587e-11
2523,all,9.0500000000000007,123,true,5,1.0826646171648637e-11
2524,all,9.0500000000000007,124,true,5,7.6107380653055367e-11
2525,all,9.0500000000000007,125,true,6,2.5882983596737227e-11
2526,all,9.0500000000000007,126,true,5,1.624401742770991e-11
2527,all,9.0500000000000007,127,true,4,1.1933121788894783e-12
2528,all,9.0500000000000007,128,true,4,7.4318548603151281e-12
2529,all,9.0500000000000007,129,true,5,2.7263049865748882e-11
2530,all,9.0500000000000007,130,true,6,6.3611670306886755e-11
2531,all,9.0500000000000007,131,true,5,3.4133233944891769e-11
2532,all,9.0500000000000007,132,true,4,8.8134852721151354e-11
2533,all,9.0500000000000007,133,true,6,1.8047633201535579e-11
2534,all,9.0500000000000007,134,true,5,7.3451998304383174e-11
2535,all,9.0500000000000007,135,true,4,5.2927760916098429e-11
2536,all,9.0500000000000007,136,true,5,6.2354714832165909e-12
2537,all,9.0500000000000007,137,true,6,1.2843221208372193e-11
2538,all,9.0500000000000007,138,true,4,3.4113063060366701e-11
2539,all,9.0500000000000007,139,true,5,4.9144309108169441e-12
2540,all,9.0500000000000007,140,true,5,1.9403168306409114e-11
2541,all,9.0500000000000007,141,true,5,2.7489567521597401e-11
2542,all,9.0500000000000007,142,true,4,3.9903104400172746e-11
2543,all,9.0500000000000007,143,true,4,4.9035487132297146e-11
2544,all,9.0500000000000007,144,true,4,8.5065997690046894e-11
2545,all,9.0500000000000007,145,true,6,6.9558906617679913e-12
2546,all,9.0500000000000007,146,true,4,1.8792950387558755e-11
2547,all,9.0500000000000007,147,true,5,1.654617580015412e-11
2548,all,9.0500000000000007,148,true,5,8.4423702831943026e-12
2549,all,9.0500000000000007,149,true,4,1.242278690493771e-11
2550,all,9.0500000000000007,150,true,5,3.4873112358802163e-12
2551,all,9.0500000000000007,151,true,5,5.3408678925959483e-11
2552,all,9.0500000000000007,152,true,5,4.5560871936691843e-11
2553,all,9.0500000000000007,153,true,5,6.4801927045330859e-12
2554,all,9.0500000000000007,154,true,5,1.003081918882154e-11
2555,all,9.0500000000000007,155,true,5,1.8597641132447495e-11
2556,all,9.0500000000000007,156,true,5,9.4907761892569465e-12
2557,all,9.0500000000000007,157,true,5,8.2355042997713022e-12
2558,all,9.0500000000000007,158,true,4,5.7772589786536692e-11
2559,all,9.0500000000000007,159,true,4,2.3883305143511043e-12
2560,all,9.0500000000000007,160,true,4,1.9759818168574914e-12
2561,all,9.0500000000000007,161,true,5,6.1117887711288557e-11
2562,all,9.0500000000000007,162,true,4,6.9856211238175525e-11
2563,all,9.0500000000000007,163,true,3,6.6022073046903011e-11
2564,all,9.0500000000000007,164,true,5,1.3684472943757606e-11
2565,all,9.0500000000000007,165,true,4,6.3216206123892472e-11
2566,all,9.0500000000000007,166,true,4,5.6271581698737563e-11
2567,all,9.0500000000000007,167,true,6,1.8648222109748937e-11
2568,all,9.0500000000000007,168,true,4,5.4593660750860957e-11
2569,all,9.0500000000000007,169,true,5,4.1874467149746267e-12
2570,all,9.0500000000000007,170,true,5,2.7882043994267492e-11
2571,all,9.0500000000000007,171,true,5,1.7189482748523749e-11
2572,all,9.0500000000000007,172,true,5,6.1400445122868842e-12
2573,all,9.0500000000000007,173,true,5,4.0253479105497777e-11
2574,all,9.0500000000000007,174,true,5,7.3305300256077777e-12
2575,all,9.0500000000000007,175,true,5,2.7239198229826572e-11
2576,all,9.0500000000000007,176,true,5,5.9070487375911595e-12
2577,all,9.0500000000000007,177,true,5,1.539691450204625e-11
2578,all,9.0500000000000007,178,true,4,2.2409345174312905e-11
2579,all,9.0500000000000007,179,true,4,4.6298920465784047e-11
2580,all,9.0500000000000007,180,true,4,9.2606942827894065e-11
2581,all,9.0500000000000007,181,true,4,1.08303665561705e-11
2582,all,9.0500000000000007,182,true,6,2.438912721318564e-11
2583,all,9.0500000000000007,183,true,5,1.6470840388957862e-11
2584,all,9.0500000000000007,184,true,5,4.7535196783201834e-11
2585,all,9.0500000000000007,185,true,5,2.5592179864686329e-11
2586,all,9.0500000000000007,186,true,5,8.1106560968215866e-12
2587,all,9.0500000000000007,187,true,5,2.0195792959569234e-11
2588,all,9.0500000000000007,188,true,7,2.5437878942151691e-11
2589,all,9.0500000000000007,189,true,5,5.2957329844462044e-11
2590,all,9.0500000000000007,190,true,6,2.8042110227394588e-11
2591,all,9.0500000000000007,191,true,5,1.0670163755519246e-11
2592,all,9.0500000000000007,192,true,5,4.9745800364133258e-12
2593,all,9.0500000000000007,193,true,6,8.7961678139604379e-12
2594,all,9.0500000000000007,194,true,5,1.8483883445728389e-11
2595,all,9.0500000000000007,195,true,6,1.1097448786543537e-11
2596,all,9.0500000000000007,196,true,5,1.7538825726036162e-11
2597,all,9.0500000000000007,197,true,5,6.088551817159423e-11
2598,all,9.0500000000000007,198,true,5,2.8359490853308481e-11
2599,all,9.0500000000000007,199,true,5,6.4498025920486312e-12
2600,all,9.0500000000000007,200,true,5,1.4347607454561498e-11
2601,all,9.0500000000000007,201,true,5,3.0747702576475108e-11
2602,all,9.0500000000000007,202,true,5,5.1512678871449768e-11
2603,all,9.0500000000000007,203,true,4,2.1131226972089223e-11
2604,all,9.0500000000000007,204,true,4,6.0773067724693963e-11
2605,all,9.0500000000000007,205,true,5,4.5097986652596616e-12
2606,all,9.0500000000000007,206,true,5,6.5394361656849988e-12
2607,all,9.0500000000000007,207,true,6,9.7473485408244518e-12
2608,all,9.0500000000000007,208,true,4,3.5271940303562876e-12
2609,all,9.0500000000000007,209,true,5,4.0328137171251681e-12
2610,all,9.0500000000000007,210,true,4,4.4372849728670724e-11
2611,all,9.0500000000000007,211,true,5,6.5649400404098761e-11
2612,all,9.0500000000000007,212,true,4,2.9473321646552634e-11
2613,all,9.0500000000000007,213,true,5,1.0352351446000849e-11
2614,all,9.0500000000000007,214,true,5,6.9213633848148185e-12
2615,all,9.0500000000000007,215,true,6,9.6517422474206419e-12
2616,all,9.0500000000000007,216,true,5,1.9613421195700575e-12
2617,all,9.0500000000000007,217,true,6,4.4995814110212055e-12
2618,all,9.0500000000000007,218,true,6,1.4752729422784845e-11
2619,all,9.0500000000000007,219,true,5,1.440377243839343e-11
2620,all,9.0500000000000007,220,true,5,1.7475912923323928e-11
2621,all,9.0500000000000007,221,true,5,4.093841745542525e-11
2622,all,9.0500000000000007,222,true,5,7.6928991185828075e-12
2623,all,9.0500000000000007,223,true,5,1.4550767221142521e-11
2624,all,9.0500000000000007,224,true,4,1.9807646008923795e-11
2625,all,9.0500000000000007,225,true,4,8.2165537292702785e-11
2626,all,9.0500000000000007,226,true,5,2.1656017138679089e-11
2627,all,9.0500000000000007,227,true,5,4.3653309891609925e-12
2628,all,9.0500000000000007,228,true,5,1.4183023363766782e-11
2629,all,9.0500000000000007,229,true,4,2.3492384638339855e-11
2630,all,9.0500000000000007,230,true,5,8.7960214594450814e-12
2631,all,9.0500000000000007,231,true,4,1.3561390930269134e-11
2632,all,9.0500000000000007,232,true,5,4.261120310751186e-12
2633,all,9.0500000000000007,233,true,5,1.1900400852036235e-11
2634,all,9.0500000000000007,234,true,4,2.7714255702045642e-11
2635,all,9.0500000000000007,235,true,5,8.7202486418036823e-11
2636,all,9.0500000000000007,236,true,5,1.0745712689538094e-11
2637,all,9.0500000000000007,237,true,4,4.8565539723084215e-12
2638,all,9.0500000000000007,238,true,4,2.3679016906909172e-11
2639,all,9.0500000000000007,239,true,5,1.5392485113634836e-11
2640,all,9.0500000000000007,240,true,5,1.0558493786415919e-11
2641,all,9.0500000000000007,241,true,5,9.8812257748040414e-11
2642,all,9.0500000000000007,242,true,6,2.3656129806625207e-11
2643,all,9.0500000000000007,243,true,6,2.9729463042178279e-11
2644,all,9.0500000000000007,244,true,5,2.4036146159212816e-11
2645,all,9.0500000000000007,245,true,5,6.6932867899047443e-12
2646,all,9.0500000000000007,246,true,5,7.9729669599284743e-11
2647,all,9.0500000000000007,247,true,6,1.5386218293181091e-11
2648,all,9.0500000000000007,248,true,5,2.3261538448254691e-11
2649,all,9.0500000000000007,249,true,5,6.7741321850153368e-12
2650,all,9.0500000000000007,250,true,5,3.2257069698290632e-12
2651,all,9.0500000000000007,251,true,5,1.2579808534785929e-12
2652,all,9.0500000000000007,252,true,5,7.9538547470834852e-12
2653,all,9.0500000000000007,253,true,4,8.5154938236952881e-12
2654,all,9.0500000000000007,254,true,4,5.6738561407261559e-11
2655,all,9.0500000000000007,255,true,6,7.3881363520925036e-12
2656,all,9.0500000000000007,256,true,4,4.365614189345572e-12
2657,all,9.0500000000000007,257,true,5,1.7013977256694765e-11
2658,all,9.0500000000000007,258,true,5,2.5071365792683527e-11
2659,all,9.0500000000000007,259,true,6,2.8590721999131623e-11
2660,all,9.0500000000000007,260,true,5,3.9826558831024343e-11
2661,all,9.0500000000000007,261,true,5,4.5825713420602155e-12
2662,all,9.0500000000000007,262,true,4,9.5303536098675728e-11
2663,all,9.0500000000000007,263,true,6,1.2446077716873979e-11
2664,all,9.0500000000000007,264,true,4,3.2820982398820153e-12
2665,all,9.0500000000000007,265,true,4,5.5348337886788073e-11
2666,all,9.0500000000000007,266,true,5,2.0126155170787571e-12
2667,all,9.0500000000000007,267,true,5,2.7033595499133038e-11
2668,all,9.0500000000000007,268,true,5,1.3963669162316829e-11
2669,all,9.0500000000000007,269,true,5,1.2718354634543908e-11
2670,all,9.0500000000000007,270,true,5,1.5014445934543731e-11
2671,all,9.0500000000000007,271,true,5,3.5987507800382531e-11
2672,all,9.0500000000000007,272,true,6,8.1924615500073805e-11
2673,all,9.0500000000000007,273,true,5,4.4964686315432172e-11
2674,all,9.0500000000000007,274,true,5,1.6118388457075241e-11
2675,all,9.0500000000000007,275,true,5,4.2411803328940068e-12
2676,all,9.0500000000000007,276,true,5,3.5454792698004842e-11
2677,all,9.0500000000000007,277,true,5,3.8156691136216488e-11
2678,all,9.0500000000000007,278,true,4,2.6561886436076019e-11
2679,all,9.0500000000000007,279,true,4,6.3083195430527092e-12
2680,all,9.0500000000000007,280,true,5,1.1602228903703972e-11
2681,all,9.0500000000000007,281,true,5,7.08267870621474e-11
2682,all,9.0500000000000007,282,true,4,3.8900617439531017e-11
2683,all,9.0500000000000007,283,true,5,2.5597283189213826e-11
2684,all,9.0500000000000007,284,true,4,2.8390351738782345e-11
2685,all,9.0500000000000007,285,true,5,2.6170977598310813e-12
2686,all,9.0500000000000007,286,true,5,6.714056835625515e-12
2687,all,9.0500000000000007,287,true,4,6.0967144371460269e-11
2688,all,9.0500000000000007,288,true,4,5.5365486175127406e-11
2689,all,9.0500000000000007,289,true,6,2.766232794053841e-11
2690,all,9.0500000000000007,290,true,5,1.8892268799663476e-11
2691,all,9.0500000000000007,291,true,5,1.229078888925455e-12
2692,all,9.0500000000000007,292,true,5,1.7928078602667382e-11
2693,all,9.0500000000000007,293,true,6,1.4065280532514044e-11
2694,all,9.0500000000000007,294,true,4,9.6063296695515323e-12
2695,all,9.0500000000000007,295,true,4,2.963325912925499e-11
2696,all,9.0500000000000007,296,true,6,6.4151007178386091e-12
2697,all,9.0500000000000007,297,true,4,3.6737008299760469e-11
2698,all,9.0500000000000007,298,true,4,5.3842908732160518e-11
2699,all,9.0500000000000007,299,true,6,1.2072302112838435e-11
2700,all,9.0500000000000007,300,true,6,6.563431818057948e-12
2701,all,9.0500000000000007,301,true,4,2.3697947149415592e-11
2702,all,9.0500000000000007,302,true,5,8.8058731909764621e-11
2703,all,9.0500000000000007,303,true,4,5.7176667758573676e-11
2704,all,9.0500000000000007,304,true,5,2.3175610217005001e-11
2705,all,9.0500000000000007,305,true,4,8.3188201243897242e-11
2706,all,9.0500000000000007,306,true,5,6.9866304886405399e-11
2707,all,9.0500000000000007,307,true,5,9.5222901415762854e-11
2708,all,9.0500000000000007,308,true,5,3.7833689595911197e-12
2709,all,9.0500000000000007,309,true,5,1.1952880262767032e-11
2710,all,9.0500000000000007,310,true,4,4.6095764395388952e-11
2711,all,9.0500000000000007,311,true,6,1.0166535049819951e-11
2712,all,9.0500000000000007,312,true,5,9.2341642666566467e-12
2713,all,9.0500000000000007,313,true,5,1.5063812632625174e-11
2714,all,9.0500000000000007,314,true,6,6.7407846185241101e-11
2715,all,9.0500000000000007,315,true,6,2.9577517178499105e-11
2716,all,9.0500000000000007,316,true,5,4.4687170265767035e-11
2717,all,9.0500000000000007,317,true,4,8.9540691425816876e-11
2718,all,9.0500000000000007,318,true,5,5.4996056022885952e-12
2719,all,9.0500000000000007,319,true,5,1.0912407849162875e-11
2720,all,9.0500000000000007,320,true,5,7.4244318340818476e-11
2721,all,9.0500000000000007,321,true,5,1.7277565518772054e-11
2722,all,9.0500000000000007,322,true,5,8.7542092744167388e-12
2723,all,9.0500000000000007,323,true,4,1.2269742853202837e-11
2724,all,9.0500000000000007,324,true,4,7.8171949185790873e-11
2725,all,9.0500000000000007,325,true,5,5.4259227947537022e-11
2726,all,9.0500000000000007,326,true,5,2.2318450539675396e-11
2727,all,9.0500000000000007,327,true,5,2.9167066156287583e-11
2728,all,9.0500000000000007,328,true,5,4.3044383987102353e-11
2729,all,9.0500000000000007,329,true,5,4.7176624625812257e-11
2730,all,9.0500000000000007,330,true,6,2.0670167109373389e-11
2731,all,9.0500000000000007,331,true,5,1.1266458176705731e-11
2732,all,9.0500000000000007,332,true,4,2.9203049423877249e-11
2733,all,9.0500000000000007,333,true,5,1.1965042039646359e-11
2734,all,9.0500000000000007,334,true,5,1.0084075675849046e-11
2735,all,9.0500000000000007,335,true,4,4.2940248345473621e-11
2736,all,9.0500000000000007,336,true,4,6.1844704763406696e-12
2737,all,9.0500000000000007,337,true,6,7.9374633901722729e-11
2738,all,9.0500000000000007,338,true,5,1.7868069189902405e-11
2739,all,9.0500000000000007,339,true,6,9.5249086768815624e-11
2740,all,9.0500000000000007,340,true,5,4.8005191623183275e-11
2741,all,9.0500000000000007,341,true,4,3.8602400592610683e-11
2742,all,9.0500000000000007,342,true,5,7.7109663834114026e-11
2743,all,9.0500000000000007,343,true,6,3.4769776490556716e-11
2744,all,9.0500000000000007,344,true,5,2.1990363507216546e-11
2745,all,9.0500000000000007,345,true,5,1.6708534238188454e-11
2746,all,9.0500000000000007,346,true,5,4.1460880268779056e-11
2747,all,9.0500000000000007,347,true,5,7.1080891592317017e-11
2748,all,9.0500000000000007,348,true,4,6.8819320000540998e-11
2749,all,9.0500000000000007,349,true,4,2.7700314959147077e-11
2750,all,9.0500000000000007,350,true,5,4.9859199220998682e-12
2751,all,9.0500000000000007,351,true,5,5.5133561242636497e-11
2752,all,9.0500000000000007,352,true,5,2.6812253432923405e-11
2753,all,9.0500000000000007,353,true,4,2.0319488754380078e-11
2754,all,9.0500000000000007,354,true,4,5.8139557665094289e-11
2755,all,9.0500000000000007,355,true,4,4.1936909756612463e-11
2756,all,9.0500000000000007,356,true,5,4.6074993775120845e-12
2757,all,9.0500000000000007,357,true,5,5.3810149955510167e-12
2758,all,9.0500000000000007,358,true,5,8.6279972072499881e-11
2759,all,9.0500000000000007,359,true,4,7.6132344127297664e-11
2760,all,9.0500000000000007,360,true,5,8.8981531593492394e-12
2761,all,9.0500000000000007,361,true,7,1.5304386995604234e-11
2762,all,9.0500000000000007,362,true,4,1.895065692526359e-11
2763,all,9.0500000000000007,363,true,4,6.0660702291711672e-11
2764,all,9.0500000000000007,364,true,6,9.7178053134929244e-12
2765,all,9.0500000000000007,365,true,4,4.0536158184875037e-11
2766,all,9.0500000000000007,366,true,6,9.8469690864724291e-12
2767,all,9.0500000000000007,367,true,5,1.505839469746637e-11
2768,all,9.0500000000000007,368,true,6,1.140257584336754e-11
2769,all,9.0500000000000007,369,true,5,2.8543815647682679e-11
2770,all,9.0500000000000007,370,true,4,1.8198334114845735e-12
2771,all,9.0500000000000007,371,true,6,3.3465922079138024e-11
2772,all,9.0500000000000007,372,true,4,2.0083047911271572e-11
2773,all,9.0500000000000007,373,true,6,4.5857907691641758e-12
2774,all,9.0500000000000007,374,true,5,1.7581412900556392e-11
2775,all,9.0500000000000007,375,true,5,7.9181630995420986e-12
2776,all,9.0500000000000007,376,true,5,2.6488456749258736e-11
2777,all,9.0500000000000007,377,true,6,1.614065328660268e-11
2778,all,9.0500000000000007,378,true,5,5.1940210006191664e-12
2779,all,9.0500000000000007,379,true,5,4.1877666261961392e-12
2780,all,9.0500000000000007,380,true,4,9.3213573358170312e-11
2781,all,9.0500000000000007,381,true,5,1.82291320656819e-11
2782,all,9.0500000000000007,382,true,6,4.4624162016224313e-12
2783,all,9.0500000000000007,383,true,6,1.9724576800351164e-11
2784,all,9.0500000000000007,384,true,4,4.9552986510307124e-12
2785,all,9.0500000000000007,385,true,6,2.6864214394342803e-11
2786,all,9.0500000000000007,386,true,4,9.9882626275033326e-11
2787,all,9.0500000000000007,387,true,5,2.489273579641644e-11
2788,all,9.0500000000000007,388,true,5,3.2675520314576492e-11
2789,all,9.0500000000000007,389,true,4,1.101214729594142e-11
2790,all,9.0500000000000007,390,true,4,8.3591058942957408e-11
2791,all,9.0500000000000007,391,true,5,2.8108487592430195e-11
2792,all,9.0500000000000007,392,true,5,6.2352016662501706e-11
2793,all,9.0500000000000007,393,true,5,8.5078907729079552e-11
2794,all,9.0500000000000007,394,true,5,1.9769770925339053e-11
2795,all,9.0500000000000007,395,true,4,5.0050875012294113e-11
2796,all,9.0500000000000007,396,true,5,9.5191262082240094e-11
2797,all,9.0500000000000007,397,true,4,4.7711839834257548e-11
2798,all,9.0500000000000007,398,true,5,6.9257555087979709e-12
2799,all,9.0500000000000007,399,true,4,4.6488462289212376e-11
2800,all,9.0500000000000007,400,true,7,3.3024909141850628e-11
2801,all,9.0500000000000007,401,true,4,8.4301141608581752e-12
2802,all,9.0500000000000007,402,true,5,5.6891658088389104e-12
2803,all,9.0500000000000007,403,true,5,5.4472533963343659e-12
2804,all,9.0500000000000007,404,true,4,3.0237780303068134e-11
2805,all,9.0500000000000007,405,true,6,1.3009699715113963e-11
2806,all,9.0500000000000007,406,true,5,4.3053264776588391e-11
2807,all,9.0500000000000007,407,true,5,7.1297184000030804e-12
2808,all,9.0500000000000007,408,true,5,2.0144763482049209e-11
2809,all,9.0500000000000007,409,true,5,8.6641429588372822e-11
2810,all,9.0500000000000007,410,true,6,3.3791570371099016e-11
2811,all,9.0500000000000007,411,true,5,8.6584585541094941e-11
2812,all,9.0500000000000007,412,true,5,3.5520477989787003e-11
2813,all,9.0500000000000007,413,true,4,1.6533519457828315e-11
2814,all,9.0500000000000007,414,true,4,3.0724119117843883e-11
2815,all,9.0500000000000007,415,true,5,1.7201189974473602e-11
2816,all,9.0500000000000007,416,true,4,1.5947159062481009e-11
2817,all,9.0500000000000007,417,true,6,2.5112265527439307e-11
2818,all,9.0500000000000007,418,true,4,2.6503087881087657e-11
2819,all,9.0500000000000007,419,true,5,3.458809891699553e-12
2820,all,9.0500000000000007,420,true,5,4.2041227296123384e-11
2821,all,9.0500000000000007,421,true,5,1.2914842954079477e-11
2822,all,9.0500000000000007,422,true,4,8.3963974406841088e-11
2823,all,9.0500000000000007,423,true,6,2.2344195966910823e-11
2824,all,9.0500000000000007,424,true,5,6.0957137039668159e-12
2825,all,9.0500000000000007,425,true,5,4.9398210061101111e-11
2826,all,9.0500000000000007,426,true,4,2.7995823833104198e-11
2827,all,9.0500000000000007,427,true,7,1.0335813857099267e-11
2828,all,9.0500000000000007,428,true,5,6.6745221931956117e-12
2829,all,9.0500000000000007,429,true,5,3.3210562395097761e-12
2830,all,9.0500000000000007,430,true,5,9.2703784491683162e-11
2831,all,9.0500000000000007,431,true,5,4.133963555892718e-11
2832,all,9.0500000000000007,432,true,5,8.4741548901233516e-11
2833,all,9.0500000000000007,433,true,5,4.7697401548598712e-11
2834,all,9.0500000000000007,434,true,4,1.1039640228930967e-11
2835,all,9.0500000000000007,435,true,5,3.7003523830855427e-11
2836,all,9.0500000000000007,436,true,6,5.8841363872238865e-11
2837,all,9.0500000000000007,437,true,5,1.0797233582550804e-11
2838,all,9.0500000000000007,438,true,5,2.4178573473225925e-12
2839,all,9.0500000000000007,439,true,4,3.0801640729268739e-11
2840,all,9.0500000000000007,440,true,5,1.380487394688576e-11
2841,all,9.0500000000000007,441,true,5,2.4459569122581984e-11
2842,all,9.0500000000000007,442,true,5,7.4402210275549571e-12
2843,all,9.0500000000000007,443,true,5,3.8932612629145062e-12
2844,all,9.0500000000000007,444,true,5,9.4495280206938604e-11
2845,all,9.0500000000000007,445,true,5,8.3206865340830213e-12
2846,all,9.0500000000000007,446,true,4,3.1472342078847564e-12
2847,all,9.0500000000000007,447,true,4,2.4386546515993709e-12
2848,all,9.0500000000000007,448,true,4,2.0273110188438978e-11
2849,all,9.0500000000000007,449,true,5,2.6596136957289954e-12
2850,all,9.0500000000000007,450,true,5,5.4364466680073811e-11
2851,all,9.0500000000000007,451,true,4,3.1155028463073302e-11
2852,all,9.0500000000000007,452,true,5,2.8608809266930223e-11
2853,all,9.0500000000000007,453,true,5,1.6287775125322336e-11
2854,all,9.0500000000000007,454,true,5,7.0359538924636016e-11
2855,all,9.0500000000000007,455,true,4,4.0599618658617883e-11
2856,all,9.0500000000000007,456,true,4,2.9178485867073789e-11
2857,all,9.0500000000000007,457,true,4,1.4318128168548187e-11
2858,all,9.0500000000000007,458,true,5,1.4256027961215607e-11
2859,all,9.0500000000000007,459,true,4,3.1686977621192707e-12
2860,all,9.0500000000000007,460,true,4,4.6156200325015597e-12
2861,all,9.0500000000000007,461,true,5,7.8671575307070736e-12
2862,all,9.0500000000000007,462,true,4,4.8516461745391556e-11
2863,all,9.0500000000000007,463,true,5,3.4732367233248165e-11
2864,all,9.0500000000000007,464,true,6,1.0994893665296308e-11
2865,all,9.0500000000000007,465,true,4,9.8115627838804719e-11
2866,all,9.0500000000000007,466,true,5,3.2405391442085751e-11
2867,all,9.0500000000000007,467,true,5,9.9895801556178787e-12
2868,all,9.0500000000000007,468,true,5,4.9372838787103024e-11
2869,all,9.0500000000000007,469,true,5,3.2742963907909233e-11
2870,all,9.0500000000000007,470,true,4,7.5473266598608337e-11
2871,all,9.0500000000000007,471,true,4,4.9684686443964637e-11
2872,all,9.0500000000000007,472,true,6,6.4676293848427696e-12
2873,all,9.0500000000000007,473,true,4,9.1131539994368396e-11
2874,all,9.0500000000000007,474,true,5,1.945817364522258e-11
2875,all,9.0500000000000007,475,true,5,1.3757923210702569e-11
2876,all,9.0500000000000007,476,true,5,5.5022154308868172e-11
2877,all,9.0500000000000007,477,true,6,9.3691090960208753e-12
2878,all,9.0500000000000007,478,true,5,6.7587642624530854e-11
2879,all,9.0500000000000007,479,true,5,5.0945435566562869e-11
2880,all,9.0500000000000007,480,true,5,6.2078681531400713e-12
2881,all,9.0500000000000007,481,true,5,9.2314531495726356e-12
2882,all,9.0500000000000007,482,true,4,1.5652133908571077e-11
2883,all,9.0500000000000007,483,true,5,6.2531280162809157e-11
2884,all,9.0500000000000007,484,true,5,7.8509782699072598e-12
2885,all,9.0500000000000007,485,true,5,1.6828534277178013e-12
2886,all,9.0500000000000007,486,true,4,9.4507620900747602e-11
2887,all,9.0500000000000007,487,true,4,7.0036704774351839e-11
2888,all,9.0500000000000007,488,true,4,3.9060291817508821e-11
2889,all,9.0500000000000007,489,true,5,4.1593347344913027e-12
2890,all,9.0500000000000007,490,true,4,7.6837545749923353e-12
2891,all,9.0500000000000007,491,true,4,9.7433513914606959e-11
2892,all,9.0500000000000007,492,true,4,9.8095699421785218e-11
2893,all,9.0500000000000007,493,true,5,4.150426283327147e-11
2894,all,9.0500000000000007,494,true,5,1.4881500441709815e-11
2895,all,9.0500000000000007,495,true,4,3.995852724231688e-11
2896,all,9.0500000000000007,496,true,4,2.0347854514739688e-11
2897,all,9.0500000000000007,497,true,4,7.0591602684279326e-11
2898,all,9.0500000000000007,498,true,5,1.6275763107593364e-11
2899,all,9.0500000000000007,499,true,4,4.1709119028287618e-11
2900,all,9.0500000000000007,500,true,4,1.6513447819137757e-11
2901,all,9.0500000000000007,501,true,6,8.7376582679773296e-11
2902,all,9.0500000000000007,502,true,5,1.0372660639029808e-11
2903,all,9.0500000000000007,503,true,6,3.9085186218245385e-11
2904,all,9.0500000000000007,504,true,5,1.1229365125182331e-11
2905,all,9.0500000000000007,505,true,6,6.5533996915602962e-12
2906,all,9.0500000000000007,506,true,3,9.8733249198196416e-11
2907,all,9.0500000000000007,507,true,6,2.012556320405366e-11
2908,all,9.0500000000000007,508,true,4,6.585012812185385e-12
2909,all,9.0500000000000007,509,true,5,2.6292787016536694e-11
2910,all,9.0500000000000007,510,true,4,1.710921559766672e-11
2911,all,9.0500000000000007,511,true,4,9.5681785241656479e-12
2912,all,9.0500000000000007,512,true,5,1.0829701394337212e-11
2913,all,9.0500000000000007,513,true,5,7.2184209461741326e-11
2914,all,9.0500000000000007,514,true,4,1.1676996997495717e-11
2915,all,9.0500000000000007,515,true,6,2.9976948742363876e-11
2916,all,9.0500000000000007,516,true,4,7.229946442345561e-11
2917,all,9.0500000000000007,517,true,6,1.2841253698663448e-11
2918,all,9.0500000000000007,518,true,5,5.860267838910349e-11
2919,all,9.0500000000000007,519,true,4,1.3745830049858537e-11
2920,all,9.0500000000000007,520,true,5,3.6273291929759494e-12
2921,all,9.0500000000000007,521,true,5,1.193591083266342e-11
2922,all,9.0500000000000007,522,true,4,8.3575315620699517e-11
2923,all,9.0500000000000007,523,true,4,2.4760725510177849e-11
2924,all,9.0500000000000007,524,true,6,3.5016595768095584e-11
2925,all,9.0500000000000007,525,true,4,7.4888124765926494e-11
2926,all,9.0500000000000007,526,true,5,4.0895055504123918e-12
2927,all,9.0500000000000007,527,true,4,1.3168584262919458e-11
2928,all,9.0500000000000007,528,true,4,3.0699646528352515e-11
2929,all,9.0500000000000007,529,true,4,1.9547794131958782e-11
2930,all,9.0500000000000007,530,true,4,8.1842822912093558e-11
2931,all,9.0500000000000007,531,true,4,2.6141889067016844e-12
2932,all,9.0500000000000007,532,true,5,6.8868246121816497e-11
2933,all,9.0500000000000007,533,true,6,1.8907026173321078e-11
2934,all,9.0500000000000007,534,true,5,6.0430585621499809e-12
2935,all,9.0500000000000007,535,true,5,7.4717837406899902e-12
2936,all,9.0500000000000007,536,true,6,4.9901842054431021e-12
2937,all,9.0500000000000007,537,true,4,7.9655663583180488e-11
2938,all,9.0500000000000007,538,true,4,5.861423070029451e-11
2939,all,9.0500000000000007,539,true,4,3.0509021340663594e-12
2940,all,9.0500000000000007,540,true,5,3.3840948993632167e-12
2941,all,9.0500000000000007,541,true,4,6.2375142827925226e-11
2942,all,9.0500000000000007,542,true,4,2.4943370696537852e-11
2943,all,9.0500000000000007,543,true,5,9.265045573712097e-12
2944,all,9.0500000000000007,544,true,5,2.1078834433398728e-11
2945,all,9.0500000000000007,545,true,6,8.5688031326849221e-12
2946,all,9.0500000000000007,546,true,5,4.4500511505918246e-12
2947,all,9.0500000000000007,547,true,5,1.3416424401162098e-11
2948,all,9.0500000000000007,548,true,5,3.2382868133026931e-11
2949,all,9.0500000000000007,549,true,5,7.1695626248337099e-12
2950,all,9.0500000000000007,550,true,5,3.460119541620642e-12
2951,all,9.0500000000000007,551,true,5,2.9009663807502779e-11
2952,all,9.0500000000000007,552,true,5,3.8818663686085971e-11
2953,all,9.0500000000000007,553,true,5,7.4645439482505908e-11
2954,all,9.0500000000000007,554,true,4,7.080794155321332e-11
2955,all,9.0500000000000007,555,true,4,3.1211661695486748e-11
2956,all,9.0500000000000007,556,true,6,5.6741286048028935e-12
2957,all,9.0500000000000007,557,true,4,8.9869242788236869e-11
2958,all,9.0500000000000007,558,true,4,5.9340265991042096e-11
2959,all,9.0500000000000007,559,true,4,2.0024685491136688e-11
2960,all,9.0500000000000007,560,true,5,1.1083220666216372e-11
2961,all,9.0500000000000007,561,true,4,7.2379634866708442e-11
2962,all,9.0500000000000007,562,true,5,9.1287177759082336e-12
2963,all,9.0500000000000007,563,true,5,1.196893132015306e-11
2964,all,9.0500000000000007,564,true,5,5.1691422053854012e-11
2965,all,9.0500000000000007,565,true,5,7.1936256206239381e-12
2966,all,9.0500000000000007,566,true,4,1.0073685359096963e-11
2967,all,9.0500000000000007,567,true,6,2.5206075585169158e-11
2968,all,9.0500000000000007,568,true,5,4.3321100360062157e-11
2969,all,9.0500000000000007,569,true,4,8.1905287121556742e-11
2970,all,9.0500000000000007,570,true,4,8.73543842013231e-12
2971,all,9.0500000000000007,571,true,4,7.8662416982331457e-11
2972,all,9.0500000000000007,572,true,5,8.1245995341890962e-12
2973,all,9.0500000000000007,573,true,6,1.3861155181492542e-11
2974,all,9.0500000000000007,574,true,5,2.2583568290916316e-11
2975,all,9.0500000000000007,575,true,5,4.8848326246593088e-11
2976,all,9.0500000000000007,576,true,6,2.6702133077389192e-11
2977,all,9.0500000000000007,577,true,5,8.1804309496919878e-12
2978,all,9.0500000000000007,578,true,4,1.4363622046664494e-11
2979,all,9.0500000000000007,579,true,4,8.7316752472172285e-11
2980,all,9.0500000000000007,580,true,5,1.8505224365756663e-11
2981,all,9.0500000000000007,581,true,4,9.8231001151738615e-11
2982,all,9.0500000000000007,582,true,5,1.1110554740457176e-11
2983,all,9.0500000000000007,583,true,6,1.7839978898766219e-11
2984,all,9.0500000000000007,584,true,5,1.1860280080082121e-11
2985,all,9.0500000000000007,585,true,4,8.7605526794368875e-11
2986,all,9.0500000000000007,586,true,5,8.2932110440236038e-11
2987,all,9.0500000000000007,587,true,5,1.8897037837534286e-11
2988,all,9.0500000000000007,588,true,4,7.2971224477091026e-11
2989,all,9.0500000000000007,589,true,5,4.7508060095777405e-11
2990,all,9.0500000000000007,590,true,4,7.4302385307700271e-11
2991,all,9.0500000000000007,591,true,4,7.0117418026537552e-11
2992,all,9.0500000000000007,592,true,5,6.3719041311449873e-11
2993,all,9.0500000000000007,593,true,5,1.2543116775838459e-11
2994,all,9.0500000000000007,594,true,7,6.0453521326475876e-11
2995,all,9.0500000000000007,595,true,4,1.2527411620442896e-11
2996,all,9.0500000000000007,596,true,5,9.4167170815000382e-11
2997,all,9.0500000000000007,597,true,5,5.0610051526875467e-11
2998,all,9.0500000000000007,598,true,4,4.086286964544932e-11
2999,all,9.0500000000000007,599,true,6,3.5018372967527594e-11
3000,all,9.0500000000000007,600,true,4,2.2216002341700913e-11
3001,horizontal,1.1299999999999999,1,true,2,4.3257179652134492e-14
3002,horizontal,1.1299999999999999,2,true,2,2.8098634412739075e-11
3003,horizontal,1.1299999999999999,3,true,2,1.2273603721383272e-12
3004,horizontal,1.1299999999999999,4,true,2,2.6878226426613583e-12
3005,horizontal,1.1299999999999999,5,true,1,4.2028470590975742e-11
3006,horizontal,1.1299999999999999,6,true,2,1.8808211620091738e-11
3007,horizontal,1.1299999999999999,7,true,2,8.2398135482829732e-13
3008,horizontal,1.1299999999999999,8,true,2,1.833027936667126e-12
3009,horizontal,1.1299999999999999,9,true,2,1.4027873958599784e-12
3010,horizontal,1.1299999999999999,10,true,2,4.3390898317283837e-13
3011,horizontal,1.1299999999999999,11,true,3,1.0329973958219413e-12
3012,horizontal,1.1299999999999999,12,true,2,9.7100715016190143e-12
3013,horizontal,1.1299999999999999,13,true,2,2.0944561691958807e-11
3014,horizontal,1.1299999999999999,14,true,2,3.9775428382592056e-12
3015,horizontal,1.1299999999999999,15,true,2,9.3935868907406586e-12
3016,horizontal,1.1299999999999999,16,true,3,3.5750264238853761e-13
3017,horizontal,1.1299999999999999,17,true,2,3.4483385587324264e-12
3018,horizontal,1.1299999999999999,18,true,2,4.0190816920126459e-13
3019,horizontal,1.1299999999999999,19,true,2,1.0326356471153884e-12
3020,horizontal,1.1299999999999999,20,true,2,6.7256512618436488e-12
3021,horizontal,1.1299999999999999,21,true,2,3.0430639102012332e-12
3022,horizontal,1.1299999999999999,22,true,2,3.077471033934428e-13
3023,horizontal,1.1299999999999999,23,true,3,9.0036518908845474e-13
3024,horizontal,1.1299999999999999,24,true,2,1.6714615951300066e-11
3025,horizontal,1.1299999999999999,25,true,3,1.0151173836481873e-13
3026,horizontal,1.1299999999999999,26,true,2,9.1599017553983206e-11
3027,horizontal,1.1299999999999999,27,true,3,2.9725786058071451e-13
3028,horizontal,1.1299999999999999,28,true,3,4.7040908352250333e-13
3029,horizontal,1.1299999999999999,29,true,2,9.1753625521547466e-12
3030,horizontal,1.1299999999999999,30,true,2,2.2688914144915996e-11
3031,horizontal,1.1299999999999999,31,true,2,2.4411220083801041e-12
3032,horizontal,1.1299999999999999,32,true,2,6.927572019003954e-11
3033,horizontal,1.1299999999999999,33,true,2,8.2682170623303201e-12
3034,horizontal,1.1299999999999999,34,true,3,6.8183585804968549e-13
3035,horizontal,1.1299999999999999,35,true,2,6.4273458085955007e-11
3036,horizontal,1.1299999999999999,36,true,2,2.8452632993271555e-11
3037,horizontal,1.1299999999999999,37,true,2,2.5682919389737742e-12
3038,horizontal,1.1299999999999999,38,true,2,5.0531792225136845e-12
3039,horizontal,1.1299999999999999,39,true,2,9.6182999387292351e-11
3040,horizontal,1.1299999999999999,40,true,2,5.7406369331505356e-12
3041,horizontal,1.1299999999999999,41,true,2,2.6112966112887851e-12
3042,horizontal,1.1299999999999999,42,true,2,3.7837420615871159e-12
3043,horizontal,1.1299999999999999,43,true,2,1.4681459098724507e-11
3044,horizontal,1.1299999999999999,44,true,2,9.3681732592014516e-12
3045,horizontal,1.1299999999999999,45,true,2,3.0433486627914757e-12
3046,horizontal,1.1299999999999999,46,true,2,1.7373743384401164e-11
3047,horizontal,1.1299999999999999,47,true,2,9.9638191744990371e-11
3048,horizontal,1.1299999999999999,48,true,2,6.9001486097874646e-11
3049,horizontal,1.1299999999999999,49,true,2,7.1637901461003247e-11
3050,horizontal,1.1299999999999999,50,true,2,1.808614620341392e-11
3051,horizontal,1.1299999999999999,51,true,2,2.1771589527290921e-11
3052,horizontal,1.1299999999999999,52,true,2,5.4030965443741668e-11
3053,horizontal,1.1299999999999999,53,true,2,9.7569089112823555e-12
3054,horizontal,1.1299999999999999,54,true,2,1.6659253376365871e-12
3055,horizontal,1.1299999999999999,55,true,2,1.057476097997178e-11
3056,horizontal,1.1299999999999999,56,true,2,2.2778268475295624e-11
3057,horizontal,1.1299999999999999,57,true,2,1.8961865567643004e-11
3058,horizontal,1.1299999999999999,58,true,2,9.032972734957625e-13
3059,horizontal,1.1299999999999999,59,true,2,2.1662906930190581e-11
3060,horizontal,1.1299999999999999,60,true,2,1.1422875684169513e-11
3061,horizontal,1.1299999999999999,61,true,2,9.6669520627615532e-13
3062,horizontal,1.1299999999999999,62,true,2,2.3917992704927716e-11
3063,horizontal,1.1299999999999999,63,true,2,9.5404611187772404e-13
3064,horizontal,1.1299999999999999,64,true,2,5.9787633437402224e-13
3065,horizontal,1.1299999999999999,65,true,3,3.2041019769276543e-13
3066,horizontal,1.1299999999999999,66,true,2,1.0372367905571044e-11
3067,horizontal,1.1299999999999999,67,true,2,1.3465594246592524e-11
3068,horizontal,1.1299999999999999,68,true,2,3.5541665199721873e-11
3069,horizontal,1.1299999999999999,69,true,2,7.4429036573604694e-12
3070,horizontal,1.1299999999999999,70,true,2,3.5774160947569368e-12
3071,horizontal,1.1299999999999999,71,true,2,2.1468201035548054e-11
3072,horizontal,1.1299999999999999,72,true,2,6.7879614656221404e-11
3073,horizontal,1.1299999999999999,73,true,2,8.2426883405292898e-13
3074,horizontal,1.1299999999999999,74,true,2,6.3870601630411713e-12
3075,horizontal,1.1299999999999999,75,true,2,1.5713164984510197e-12
3076,horizontal,1.1299999999999999,76,true,2,1.8989665865241623e-12
3077,horizontal,1.1299999999999999,77,true,2,1.5078288487285057e-12
3078,horizontal,1.1299999999999999,78,true,2,5.876833063972966e-11
3079,horizontal,1.1299999999999999,79,true,2,1.078301485660009e-12
3080,horizontal,1.1299999999999999,80,true,2,5.4840045574922101e-12
3081,horizontal,1.1299999999999999,81,true,2,5.0599842813338072e-12
3082,horizontal,1.1299999999999999,82,true,2,3.579307582142553e-12
3083,horizontal,1.1299999999999999,83,true,2,5.8231793630021068e-13
3084,horizontal,1.1299999999999999,84,true,2,4.1611957832255144e-12
3085,horizontal,1.1299999999999999,85,true,3,5.5583538678544353e-13
3086,horizontal,1.1299999999999999,86,true,2,1.5805904651720743e-11
3087,horizontal,1.1299999999999999,87,true,2,6.2858248142855501e-11
3088,horizontal,1.1299999999999999,88,true,2,9.0206863142579186e-12
3089,horizontal,1.1299999999999999,89,true,2,1.3269675097127085e-11
3090,horizontal,1.1299999999999999,90,true,2,1.2187968401576098e-11
3091,horizontal,1.1299999999999999,91,true,2,5.0175723184929727e-11
3092,horizontal,1.1299999999999999,92,true,2,1.0905193746669967e-12
3093,horizontal,1.1299999999999999,93,true,2,3.4119986258707903e-11
3094,horizontal,1.1299999999999999,94,true,2,1.7211228680429333e-11
3095,horizontal,1.1299999999999999,95,true,2,2.2671308497576675e-12
3096,horizontal,1.1299999999999999,96,true,2,2.0721413323349777e-12
3097,horizontal,1.1299999999999999,97,true,2,4.6581352284158238e-13
3098,horizontal,1.1299999999999999,98,true,2,4.050268356759399e-12
3099,horizontal,1.1299999999999999,99,true,3,4.718146981964731e-13
3100,horizontal,1.1299999999999999,100,true,2,5.5881879218828364e-12
3101,horizontal,1.1299999999999999,101,true,2,9.1777931335459136e-11
3102,horizontal,1.1299999999999999,102,true,2,3.0855446591988477e-13
3103,horizontal,1.1299999999999999,103,true,2,5.046022884881895e-12
3104,horizontal,1.1299999999999999,104,true,2,4.1002436376108636e-12
3105,horizontal,1.1299999999999999,105,true,2,6.0871346366902814e-12
3106,horizontal,1.1299999999999999,106,true,2,5.6883933548589836e-13
3107,horizontal,1.1299999999999999,107,true,2,1.2369281843526419e-11
3108,horizontal,1.1299999999999999,108,true,2,4.4246094271607146e-12
3109,horizontal,1.1299999999999999,109,true,2,1.0732295000831614e-11
3110,horizontal,1.1299999999999999,110,true,2,6.0500827479805803e-12
3111,horizontal,1.1299999999999999,111,true,2,3.7718376182940182e-11
3112,horizontal,1.1299999999999999,112,true,2,2.4820945607737094e-12
3113,horizontal,1.1299999999999999,113,true,1,6.7767176362245797e-11
3114,horizontal,1.1299999999999999,114,true,2,1.365628403630075e-12
3115,horizontal,1.1299999999999999,115,true,2,2.6097434725917593e-11
3116,horizontal,1.1299999999999999,116,true,2,5.8111646000149441e-12
3117,horizontal,1.1299999999999999,117,true,2,5.1801221052751704e-13
3118,horizontal,1.1299999999999999,118,true,2,4.639268793773718e-11
3119,horizontal,1.1299999999999999,119,true,2,1.2359444731884946e-11
3120,horizontal,1.1299999999999999,120,true,2,8.2293467401110616e-13
3121,horizontal,1.1299999999999999,121,true,2,3.1244033824200878e-12
3122,horizontal,1.1299999999999999,122,true,2,8.0339266910458098e-13
3123,horizontal,1.1299999999999999,123,true,2,2.6924850237104488e-12
3124,horizontal,1.1299999999999999,124,true,2,3.2064588459436032e-11
3125,horizontal,1.1299999999999999,125,true,2,9.2778738375057439e-13
3126,horizontal,1.1299999999999999,126,true,2,1.7434604249073275e-13
3127,horizontal,1.1299999999999999,127,true,2,2.0690945656425332e-13
3128,horizontal,1.1299999999999999,128,true,2,5.4548240538096343e-12
3129,horizontal,1.1299999999999999,129,true,2,1.0517222966240455e-12
3130,horizontal,1.1299999999999999,130,true,2,7.9432102988351445e-12
3131,horizontal,1.1299999999999999,131,true,2,1.7392607458376482e-11
3132,horizontal,1.1299999999999999,132,true,2,1.386317896561018e-11
3133,horizontal,1.1299999999999999,133,true,2,1.3007239235695101e-12
3134,horizontal,1.1299999999999999,134,true,2,3.4261868537935971e-12
3135,horizontal,1.1299999999999999,135,true,2,6.3432656353607733e-11
3136,horizontal,1.1299999999999999,136,true,2,3.5829032587443588e-12
3137,horizontal,1.1299999999999999,137,true,2,6.3140271738057972e-11
3138,horizontal,1.1299999999999999,138,true,2,7.397173504914314e-12
3139,horizontal,1.1299999999999999,139,true,2,1.6089769426685738e-12
3140,horizontal,1.1299999999999999,140,true,2,1.7408550966171358e-11
3141,horizontal,1.1299999999999999,141,true,2,8.3415818553303542e-12
3142,horizontal,1.1299999999999999,142,true,2,3.4896391704742554e-11
3143,horizontal,1.1299999999999999,143,true,2,9.2828413340395901e-12
3144,horizontal,1.1299999999999999,144,true,2,2.7116871331607973e-11
3145,horizontal,1.1299999999999999,145,true,2,1.6998460955471305e-12
3146,horizontal,1.1299999999999999,146,true,2,6.8171096709094578e-11
3147,horizontal,1.1299999999999999,147,true,2,4.0603193736716338e-12
3148,horizontal,1.1299999999999999,148,true,2,2.2748171757399594e-11
3149,horizontal,1.1299999999999999,149,true,2,8.8923104321599346e-13
3150,horizontal,1.1299999999999999,150,true,2,8.0556442925122822e-12
3151,horizontal,1.1299999999999999,151,true,3,4.5884470214289133e-13
3152,horizontal,1.1299999999999999,152,true,2,1.1102503886419363e-11
3153,horizontal,1.1299999999999999,153,true,2,1.4734481782438046e-12
3154,horizontal,1.1299999999999999,154,true,2,4.646380289431829e-12
3155,horizontal,1.1299999999999999,155,true,2,3.4651544157907787e-12
3156,horizontal,1.1299999999999999,156,true,2,2.3482720723655493e-12
3157,horizontal,1.1299999999999999,157,true,2,1.2074053023430734e-12
3158,horizontal,1.1299999999999999,158,true,2,3.3331335176042075e-11
3159,horizontal,1.1299999999999999,159,true,2,2.0702722464196827e-12
3160,horizontal,1.1299999999999999,160,true,3,1.1680954870700293e-12
3161,horizontal,1.1299999999999999,161,true,2,2.5997430465348206e-11
3162,horizontal,1.1299999999999999,162,true,2,4.3015637662883667e-12
3163,horizontal,1.1299999999999999,163,true,2,1.4608927428844056e-11
3164,horizontal,1.1299999999999999,164,true,2,1.2646272082008118e-11
3165,horizontal,1.1299999999999999,165,true,2,1.289450025097702e-12
3166,horizontal,1.1299999999999999,166,true,2,2.8936112896730977e-12
3167,horizontal,1.1299999999999999,167,true,3,2.0915843719104271e-13
3168,horizontal,1.1299999999999999,168,true,2,2.0917822101280389e-11
3169,horizontal,1.1299999999999999,169,true,2,2.6617924507459238e-12
3170,horizontal,1.1299999999999999,170,true,2,1.0879707823946585e-12
3171,horizontal,1.1299999999999999,171,true,2,7.9260408335336683e-13
3172,horizontal,1.1299999999999999,172,true,2,9.9832248806093415e-12
3173,horizontal,1.1299999999999999,173,true,2,1.7823918605309604e-11
3174,horizontal,1.1299999999999999,174,true,2,4.2488767880161892e-11
3175,horizontal,1.1299999999999999,175,true,2,4.1363137425851489e-13
3176,horizontal,1.1299999999999999,176,true,2,7.1667173314219083e-11
3177,horizontal,1.1299999999999999,177,true,2,7.8464220932335896e-11
3178,horizontal,1.1299999999999999,178,true,2,6.0993875184854077e-13
3179,horizontal,1.1299999999999999,179,true,2,5.3914860663464745e-12
3180,horizontal,1.1299999999999999,180,true,2,7.5093962666247068e-13
3181,horizontal,1.1299999999999999,181,true,2,1.1674059689826531e-12
3182,horizontal,1.1299999999999999,182,true,2,5.6983493263650078e-12
3183,horizontal,1.1299999999999999,183,true,2,6.6781207635445051e-11
3184,horizontal,1.1299999999999999,184,true,2,2.2983157515948771e-12
3185,horizontal,1.1299999999999999,185,true,3,7.8484118054128988e-13
3186,horizontal,1.1299999999999999,186,true,2,1.1383469119037097e-12
3187,horizontal,1.1299999999999999,187,true,2,4.2045202918589386e-12
3188,horizontal,1.1299999999999999,188,true,2,1.0073745184908032e-13
3189,horizontal,1.1299999999999999,189,true,2,1.463081394342727e-11
3190,horizontal,1.1299999999999999,190,true,2,8.0312194994659084e-13
3191,horizontal,1.1299999999999999,191,true,2,9.9957928489572025e-13
3192,horizontal,1.1299999999999999,192,true,2,5.8145548038076387e-11
3193,horizontal,1.1299999999999999,193,true,2,4.3359983341811845e-12
3194,horizontal,1.1299999999999999,194,true,2,7.3192408461959304e-12
3195,horizontal,1.1299999999999999,195,true,2,4.0225471148663263e-12
3196,horizontal,1.1299999999999999,196,true,2,4.3083073693530079e-11
3197,horizontal,1.1299999999999999,197,true,2,1.1791712718233092e-12
3198,horizontal,1.1299999999999999,198,true,3,8.3174829184542965e-13
3199,horizontal,1.1299999999999999,199,true,2,6.0948129440354154e-11
3200,horizontal,1.1299999999999999,200,true,2,6.2700084246329888e-13
3201,horizontal,1.1299999999999999,201,true,2,2.9920550062471903e-12
3202,horizontal,1.1299999999999999,202,true,2,1.2614129453914214e-11
3203,horizontal,1.1299999999999999,203,true,2,2.4053833525823079e-12
3204,horizontal,1.1299999999999999,204,true,2,1.1794932996671522e-12
3205,horizontal,1.1299999999999999,205,true,2,7.9303757601295984e-13
3206,horizontal,1.1299999999999999,206,true,2,1.5388551218201111e-12
3207,horizontal,1.1299999999999999,207,true,2,3.3730380286508365e-13
3208,horizontal,1.1299999999999999,208,true,2,2.6311673327284143e-11
3209,horizontal,1.1299999999999999,209,true,3,2.2791162124352981e-12
3210,horizontal,1.1299999999999999,210,true,1,7.2502925688182498e-11
3211,horizontal,1.1299999999999999,211,true,2,4.4850141393187594e-12
3212,horizontal,1.1299999999999999,212,true,3,5.3241077975087186e-13
3213,horizontal,1.1299999999999999,213,true,2,4.1215480661807122e-12
3214,horizontal,1.1299999999999999,214,true,2,3.6929846511824586e-11
3215,horizontal,1.1299999999999999,215,true,2,5.7907642302839475e-11
3216,horizontal,1.1299999999999999,216,true,2,8.6246042610964036e-12
3217,horizontal,1.1299999999999999,217,true,2,1.1053351255353176e-11
3218,horizontal,1.1299999999999999,218,true,2,4.7343417117207058e-13
3219,horizontal,1.1299999999999999,219,true,2,4.933160720814794e-12
3220,horizontal,1.1299999999999999,220,true,2,2.8672816907561884e-12
3221,horizontal,1.1299999999999999,221,true,2,1.3812722463684566e-11
3222,horizontal,1.1299999999999999,222,true,2,1.1109618219482278e-12
3223,horizontal,1.1299999999999999,223,true,2,6.9094395344272766e-11
3224,horizontal,1.1299999999999999,224,true,2,1.1174821255547073e-11
3225,horizontal,1.1299999999999999,225,true,2,2.3993868241016345e-11
3226,horizontal,1.1299999999999999,226,true,2,6.0787295814253306e-12
3227,horizontal,1.1299999999999999,227,true,2,2.8456915383236896e-12
3228,horizontal,1.1299999999999999,228,true,2,7.4965810086439878e-12
3229,horizontal,1.1299999999999999,229,true,2,2.0319956417671129e-11
3230,horizontal,1.1299999999999999,230,true,2,2.7600366160270737e-11
3231,horizontal,1.1299999999999999,231,true,2,2.4792991475858314e-11
3232,horizontal,1.1299999999999999,232,true,2,4.2991218062383419e-12
3233,horizontal,1.1299999999999999,233,true,2,6.1911789783310811e-12
3234,horizontal,1.1299999999999999,234,true,2,5.3194685728192066e-11
3235,horizontal,1.1299999999999999,235,true,2,2.3840245023002928e-11
3236,horizontal,1.1299999999999999,236,true,1,8.5871128399848098e-11
3237,horizontal,1.1299999999999999,237,true,2,6.0202712189387554e-12
3238,horizontal,1.1299999999999999,238,true,3,1.1522268037914205e-12
3239,horizontal,1.1299999999999999,239,true,2,1.9498383865565343e-12
3240,horizontal,1.1299999999999999,240,true,2,1.1518497617194464e-11
3241,horizontal,1.1299999999999999,241,true,2,7.0936339770054604e-12
3242,horizontal,1.1299999999999999,242,true,2,2.8201614906223095e-11
3243,horizontal,1.1299999999999999,243,true,3,1.1327972104775656e-12
3244,horizontal,1.1299999999999999,244,true,2,1.7586310781563493e-12
3245,horizontal,1.1299999999999999,245,true,2,3.8524139936142327e-11
3246,horizontal,1.1299999999999999,246,true,2,6.9805191238224928e-13
3247,horizontal,1.1299999999999999,247,true,2,6.6292122475696358e-12
3248,horizontal,1.1299999999999999,248,true,2,5.7372014177948661e-12
3249,horizontal,1.1299999999999999,249,true,2,2.3982292820204611e-12
3250,horizontal,1.1299999999999999,250,true,2,4.9032313451096015e-12
3251,horizontal,1.1299999999999999,251,true,2,2.9371102685635246e-12
3252,horizontal,1.1299999999999999,252,true,2,3.5417335046360066e-11
3253,horizontal,1.1299999999999999,253,true,2,7.2501117904364047e-11
3254,horizontal,1.1299999999999999,254,true,2,3.3470926844781921e-12
3255,horizontal,1.1299999999999999,255,true,2,5.5815250899087761e-12
3256,horizontal,1.1299999999999999,256,true,3,1.8350445606086318e-12
3257,horizontal,1.1299999999999999,257,true,2,2.858949850281136e-11
3258,horizontal,1.1299999999999999,258,true,2,1.6266337390604534e-12
3259,horizontal,1.1299999999999999,259,true,2,7.8311816139888026e-12
3260,horizontal,1.1299999999999999,260,true,2,6.9090048912058965e-11
3261,horizontal,1.1299999999999999,261,true,2,2.8541418938293771e-11
3262,horizontal,1.1299999999999999,262,true,2,2.9470787433370965e-13
3263,horizontal,1.1299999999999999,263,true,2,1.5351711159321432e-11
3264,horizontal,1.1299999999999999,264,true,3,1.2180582047505566e-13
3265,horizontal,1.1299999999999999,265,true,2,1.724892096427128e-11
3266,horizontal,1.1299999999999999,266,true,2,1.2893669872892744e-11
3267,horizontal,1.1299999999999999,267,true,2,5.4694102272883891e-12
3268,horizontal,1.1299999999999999,268,true,2,4.2649152645731761e-13
3269,horizontal,1.1299999999999999,269,true,2,4.3978942268646501e-12
3270,horizontal,1.1299999999999999,270,true,2,2.2706343689096284e-13
3271,horizontal,1.1299999999999999,271,true,2,7.1169709424312649e-13
3272,horizontal,1.1299999999999999,272,true,2,4.1521728314942257e-11
3273,horizontal,1.1299999999999999,273,true,2,1.556176731516862e-11
3274,horizontal,1.1299999999999999,274,true,2,2.5352036979523791e-12
3275,horizontal,1.1299999999999999,275,true,2,3.3494229059198839e-11
3276,horizontal,1.1299999999999999,276,true,2,4.0669549088421651e-11
3277,horizontal,1.1299999999999999,277,true,2,2.709088246456206e-11
3278,horizontal,1.1299999999999999,278,true,3,1.1470936958792213e-12
3279,horizontal,1.1299999999999999,279,true,2,1.3663774943476185e-12
3280,horizontal,1.1299999999999999,280,true,2,6.377770472576768e-13
3281,horizontal,1.1299999999999999,281,true,2,3.66493129343839e-11
3282,horizontal,1.1299999999999999,282,true,2,9.8505775201854647e-12
3283,horizontal,1.1299999999999999,283,true,2,6.3604714848228675e-11
3284,horizontal,1.1299999999999999,284,true,2,1.0406420530934823e-12
3285,horizontal,1.1299999999999999,285,true,2,2.7809381394450808e-11
3286,horizontal,1.1299999999999999,286,true,2,2.3126693689808023e-12
3287,horizontal,1.1299999999999999,287,true,2,2.7806073648730377e-12
3288,horizontal,1.1299999999999999,288,true,2,9.447095141242544e-13
3289,horizontal,1.1299999999999999,289,true,2,3.6853044366114753e-11
3290,horizontal,1.1299999999999999,290,true,2,1.0476755145023921e-12
3291,horizontal,1.1299999999999999,291,true,2,3.0224495031022249e-11
3292,horizontal,1.1299999999999999,292,true,2,2.0095374868548499e-13
3293,horizontal,1.1299999999999999,293,true,2,6.1598162023499023e-12
3294,horizontal,1.1299999999999999,294,true,3,9.0169761875635958e-13
3295,horizontal,1.1299999999999999,295,true,2,7.8446609721742121e-11
3296,horizontal,1.1299999999999999,296,true,2,7.0462285308858877e-11
3297,horizontal,1.1299999999999999,297,true,2,1.5200670625404083e-11
3298,horizontal,1.1299999999999999,298,true,2,1.0234927659457073e-11
3299,horizontal,1.1299999999999999,299,true,2,6.3433884349855097e-11
3300,horizontal,1.1299999999999999,300,true,3,4.8979382178673579e-13
3301,horizontal,1.1299999999999999,301,true,2,2.952229616147835e-12
3302,horizontal,1.1299999999999999,302,true,2,1.1098652030770025e-11
3303,horizontal,1.1299999999999999,303,true,2,1.3051291824422251e-11
3304,horizontal,1.1299999999999999,304,true,2,2.8141806868017299e-11
3305,horizontal,1.1299999999999999,305,true,2,1.4654605140394992e-11
3306,horizontal,1.1299999999999999,306,true,2,2.670792637440001e-11
3307,horizontal,1.1299999999999999,307,true,2,1.0502557430379275e-12
3308,horizontal,1.1299999999999999,308,true,2,2.237840147390226e-11
3309,horizontal,1.1299999999999999,309,true,2,1.05439989585488e-11
3310,horizontal,1.1299999999999999,310,true,2,6.0700483470597978e-13
3311,horizontal,1.1299999999999999,311,true,2,1.836467870502144e-13
3312,horizontal,1.1299999999999999,312,true,2,8.1296422055088671e-13
3313,horizontal,1.1299999999999999,313,true,2,7.1555724402899257e-12
3314,horizontal,1.1299999999999999,314,true,2,3.6783511254358373e-11
3315,horizontal,1.1299999999999999,315,true,2,9.0501299865761248e-12
3316,horizontal,1.1299999999999999,316,true,2,7.9977038337763103e-12
3317,horizontal,1.1299999999999999,317,true,2,6.5927617167257847e-12
3318,horizontal,1.1299999999999999,318,true,2,1.357087457953057e-11
3319,horizontal,1.1299999999999999,319,true,2,3.5138896455976518e-11
3320,horizontal,1.1299999999999999,320,true,2,5.2586438992181759e-12
3321,horizontal,1.1299999999999999,321,true,2,9.0531793957615722e-12
3322,horizontal,1.1299999999999999,322,true,2,3.9261394228122726e-12
3323,horizontal,1.1299999999999999,323,true,2,8.2144707782251674e-12
3324,horizontal,1.1299999999999999,324,true,2,1.6824716657178726e-11
3325,horizontal,1.1299999999999999,325,true,2,1.3541764161243997e-11
3326,horizontal,1.1299999999999999,326,true,2,2.0700571982429647e-11
3327,horizontal,1.1299999999999999,327,true,2,7.7482698042402758e-11
3328,horizontal,1.1299999999999999,328,true,2,1.8926861579618535e-11
3329,horizontal,1.1299999999999999,329,true,2,3.2659148526306776e-11
3330,horizontal,1.1299999999999999,330,true,2,7.9350294653509507e-12
3331,horizontal,1.1299999999999999,331,true,2,5.4703027685853034e-12
3332,horizontal,1.1299999999999999,332,true,1,3.2938687574304943e-11
3333,horizontal,1.1299999999999999,333,true,2,3.3232900003588935e-12
3334,horizontal,1.1299999999999999,334,true,2,8.412889847555947e-14
3335,horizontal,1.1299999999999999,335,true,2,1.5751660208974622e-12
3336,horizontal,1.1299999999999999,336,true,2,2.8322733937336561e-11
3337,horizontal,1.1299999999999999,337,true,2,1.0897430903360561e-11
3338,horizontal,1.1299999999999999,338,true,2,1.5878740822160758e-11
3339,horizontal,1.1299999999999999,339,true,2,7.2368034588359233e-13
3340,horizontal,1.1299999999999999,340,true,2,2.8647173220375474e-11
3341,horizontal,1.1299999999999999,341,true,2,1.4101769485781771e-11
3342,horizontal,1.1299999999999999,342,true,2,2.4282304558933496e-12
3343,horizontal,1.1299999999999999,343,true,2,7.2883037408064635e-13
3344,horizontal,1.1299999999999999,344,true,2,2.7503344706354059e-13
3345,horizontal,1.1299999999999999,345,true,2,7.1206315149126574e-12
3346,horizontal,1.1299999999999999,346,true,2,7.4546802005149329e-13
3347,horizontal,1.1299999999999999,347,true,2,9.4388909454746707e-12
3348,horizontal,1.1299999999999999,348,true,2,2.8708278710328719e-12
3349,horizontal,1.1299999999999999,349,true,2,5.9793454785946799e-12
3350,horizontal,1.1299999999999999,350,true,2,3.276704168293588e-11
3351,horizontal,1.1299999999999999,351,true,3,3.480030009952619e-13
3352,horizontal,1.1299999999999999,352,true,2,2.554356067527311e-11
3353,horizontal,1.1299999999999999,353,true,2,3.9653921526923203e-11
3354,horizontal,1.1299999999999999,354,true,2,5.4757010230393e-12
3355,horizontal,1.1299999999999999,355,true,2,1.0819118278747437e-12
3356,horizontal,1.1299999999999999,356,true,2,5.887293681567049e-13
3357,horizontal,1.1299999999999999,357,true,2,4.5771479997991342e-12
3358,horizontal,1.1299999999999999,358,true,2,1.0268416686250669e-11
3359,horizontal,1.1299999999999999,359,true,3,1.4101748942379326e-12
3360,horizontal,1.1299999999999999,360,true,2,1.4175132191024363e-11
3361,horizontal,1.1299999999999999,361,true,2,8.1460440364871886e-12
3362,horizontal,1.1299999999999999,362,true,2,4.4219332764853989e-12
3363,horizontal,1.1299999999999999,363,true,3,1.0444648194231911e-12
3364,horizontal,1.1299999999999999,364,true,2,3.9619844300369186e-12
3365,horizontal,1.1299999999999999,365,true,2,3.7385079048386191e-11
3366,horizontal,1.1299999999999999,366,true,2,8.2551338041408945e-11
3367,horizontal,1.1299999999999999,367,true,2,8.7159344441471694e-12
3368,horizontal,1.1299999999999999,368,true,2,9.2277534169069308e-12
3369,horizontal,1.1299999999999999,369,true,2,3.6538900362620264e-13
3370,horizontal,1.1299999999999999,370,true,2,3.2891215431083928e-11
3371,horizontal,1.1299999999999999,371,true,2,9.6763780257996426e-11
3372,horizontal,1.1299999999999999,372,true,2,2.6737571231277709e-12
3373,horizontal,1.1299999999999999,373,true,2,4.4705797083539022e-11
3374,horizontal,1.1299999999999999,374,true,1,8.9978410294906738e-11
3375,horizontal,1.1299999999999999,375,true,2,2.2639658279840433e-12
3376,horizontal,1.1299999999999999,376,true,2,1.8848648890080809e-11
3377,horizontal,1.1299999999999999,377,true,2,4.2805615424932795e-11
3378,horizontal,1.1299999999999999,378,true,2,2.8506084505779367e-12
3379,horizontal,1.1299999999999999,379,true,2,7.0934198392728871e-13
3380,horizontal,1.1299999999999999,380,true,1,4.3129230326187145e-11
3381,horizontal,1.1299999999999999,381,true,2,1.095699379621507e-11
3382,horizontal,1.1299999999999999,382,true,2,1.093104935639419e-11
3383,horizontal,1.1299999999999999,383,true,2,7.9612674341560998e-11
3384,horizontal,1.1299999999999999,384,true,2,1.1587771244812667e-12
3385,horizontal,1.1299999999999999,385,true,2,3.9381490177404747e-12
3386,horizontal,1.1299999999999999,386,true,2,4.5195455966953927e-13
3387,horizontal,1.1299999999999999,387,true,2,6.9979977097343719e-11
3388,horizontal,1.1299999999999999,388,true,2,2.6354004302815545e-13
3389,horizontal,1.1299999999999999,389,true,2,2.5878418557655836e-12
3390,horizontal,1.1299999999999999,390,true,2,3.0692860230475514e-11
3391,horizontal,1.1299999999999999,391,true,2,2.9175982730248981e-11
3392,horizontal,1.1299999999999999,392,true,2,7.6772521591887712e-12
3393,horizontal,1.1299999999999999,393,true,2,4.3119030280372044e-12
3394,horizontal,1.1299999999999999,394,true,2,8.3722712025527061e-13
3395,horizontal,1.1299999999999999,395,true,2,1.4975556303719266e-11
3396,horizontal,1.1299999999999999,396,true,2,4.7596330509351024e-12
3397,horizontal,1.1299999999999999,397,true,2,7.7614565122185973e-14
3398,horizontal,1.1299999999999999,398,true,2,5.88811697589332e-12
3399,horizontal,1.1299999999999999,399,true,2,1.5579247993238705e-11
3400,horizontal,1.1299999999999999,400,true,2,4.4865460713815933e-13
3401,horizontal,1.1299999999999999,401,true,2,2.022826851381304e-12
3402,horizontal,1.1299999999999999,402,true,2,4.7292039266779984e-11
3403,horizontal,1.1299999999999999,403,true,2,2.2986315222169104e-12
3404,horizontal,1.1299999999999999,404,true,2,4.3101459021905266e-13
3405,horizontal,1.1299999999999999,405,true,2,8.6251488294193839e-13
3406,horizontal,1.1299999999999999,406,true,2,3.6340600395002916e-11
3407,horizontal,1.1299999999999999,407,true,2,3.4045083520121631e-11
3408,horizontal,1.1299999999999999,408,true,2,9.0148166994870784e-12
3409,horizontal,1.1299999999999999,409,true,2,5.4879061157380918e-12
3410,horizontal,1.1299999999999999,410,true,2,8.5543321430452243e-13
3411,horizontal,1.1299999999999999,411,true,2,2.2892146457636251e-12
3412,horizontal,1.1299999999999999,412,true,2,1.0804063084644895e-11
3413,horizontal,1.1299999999999999,413,true,2,1.370516193555154e-13
3414,horizontal,1.1299999999999999,414,true,2,2.9818623172458589e-11
3415,horizontal,1.1299999999999999,415,true,2,2.7317539276426518e-13
3416,horizontal,1.1299999999999999,416,true,2,8.9096705454916104e-14
3417,horizontal,1.1299999999999999,417,true,2,4.8004828962470762e-11
3418,horizontal,1.1299999999999999,418,true,2,2.1841454726765961e-11
3419,horizontal,1.1299999999999999,419,true,2,4.85195019763851e-11
3420,horizontal,1.1299999999999999,420,true,3,1.4389025732836997e-12
3421,horizontal,1.1299999999999999,421,true,2,5.8933055765130389e-12
3422,horizontal,1.1299999999999999,422,true,3,6.1321027377939396e-13
3423,horizontal,1.1299999999999999,423,true,2,2.0629877568197324e-11
3424,horizontal,1.1299999999999999,424,true,2,2.3679385182504526e-12
3425,horizontal,1.1299999999999999,425,true,2,7.8439787969759527e-11
3426,horizontal,1.1299999999999999,426,true,2,8.0331354663733512e-11
3427,horizontal,1.1299999999999999,427,true,2,2.7272064476298574e-11
3428,horizontal,1.1299999999999999,428,true,2,1.2199793937515054e-11
3429,horizontal,1.1299999999999999,429,true,2,2.2285783778329807e-11
3430,horizontal,1.1299999999999999,430,true,2,1.4533438760694576e-11
3431,horizontal,1.1299999999999999,431,true,2,4.8298188795819465e-13
3432,horizontal,1.1299999999999999,432,true,2,2.269861594732842e-11
3433,horizontal,1.1299999999999999,433,true,2,1.7920774083555778e-11
3434,horizontal,1.1299999999999999,434,true,2,4.4422328902150253e-11
3435,horizontal,1.1299999999999999,435,true,2,2.1218803879775196e-12
3436,horizontal,1.1299999999999999,436,true,2,7.4320797205856416e-11
3437,horizontal,1.1299999999999999,437,true,2,1.2630667164559399e-12
3438,horizontal,1.1299999999999999,438,true,2,2.1518424067192027e-12
3439,horizontal,1.1299999999999999,439,true,2,5.8194034784542435e-11
3440,horizontal,1.1299999999999999,440,true,2,2.1627392570750035e-11
3441,horizontal,1.1299999999999999,441,true,2,8.3214199055376663e-12
3442,horizontal,1.1299999999999999,442,true,2,1.1262321463361167e-11
3443,horizontal,1.1299999999999999,443,true,2,2.6676020678505388e-11
3444,horizontal,1.1299999999999999,444,true,2,1.8124323089558828e-11
3445,horizontal,1.1299999999999999,445,true,2,2.1370833608587068e-12
3446,horizontal,1.1299999999999999,446,true,2,3.2092490485899593e-12
3447,horizontal,1.1299999999999999,447,true,2,2.9060182857428038e-13
3448,horizontal,1.1299999999999999,448,true,2,5.0392437992151967e-11
3449,horizontal,1.1299999999999999,449,true,2,1.1299759850086991e-12
3450,horizontal,1.1299999999999999,450,true,2,1.1608546696992107e-11
3451,horizontal,1.1299999999999999,451,true,2,8.5026558801639814e-13
3452,horizontal,1.1299999999999999,452,true,2,1.3881135944783879e-12
3453,horizontal,1.1299999999999999,453,true,2,3.2168912222911498e-12
3454,horizontal,1.1299999999999999,454,true,2,4.9205023506399502e-12
3455,horizontal,1.1299999999999999,455,true,2,9.6448166483596849e-12
3456,horizontal,1.1299999999999999,456,true,2,1.2273470526832935e-12
3457,horizontal,1.1299999999999999,457,true,2,1.5832966262880567e-12
3458,horizontal,1.1299999999999999,458,true,2,2.973381846346875e-12
3459,horizontal,1.1299999999999999,459,true,2,3.3688298383427311e-13
3460,horizontal,1.1299999999999999,460,true,2,2.013826956235621e-13
3461,horizontal,1.1299999999999999,461,true,2,1.6014070472539926e-11
3462,horizontal,1.1299999999999999,462,true,2,5.542822054315604e-12
3463,horizontal,1.1299999999999999,463,true,2,3.2303653961184321e-11
3464,horizontal,1.1299999999999999,464,true,3,2.4171301487498868e-13
3465,horizontal,1.1299999999999999,465,true,2,4.3071821614925149e-12
3466,horizontal,1.1299999999999999,466,true,2,2.1470778031901631e-12
3467,horizontal,1.1299999999999999,467,true,2,5.1990529486352916e-12
3468,horizontal,1.1299999999999999,468,true,2,2.5050767218152252e-12
3469,horizontal,1.1299999999999999,469,true,2,5.9413367805865826e-11
3470,horizontal,1.1299999999999999,470,true,2,2.3192767744495028e-11
3471,horizontal,1.1299999999999999,471,true,2,2.9480227955131096e-12
3472,horizontal,1.1299999999999999,472,true,2,1.5279364446658867e-12
3473,horizontal,1.1299999999999999,473,true,2,1.3220696408992883e-12
3474,horizontal,1.1299999999999999,474,true,3,4.0267161359127439e-13
3475,horizontal,1.1299999999999999,475,true,2,6.7193713032696329e-13
3476,horizontal,1.1299999999999999,476,true,2,2.4655465729859547e-13
3477,horizontal,1.1299999999999999,477,true,2,5.7866600127749268e-11
3478,horizontal,1.1299999999999999,478,true,2,1.5016524863883179e-11
3479,horizontal,1.1299999999999999,479,true,2,3.1976220384167483e-11
3480,horizontal,1.1299999999999999,480,true,2,1.381555823230177e-11
3481,horizontal,1.1299999999999999,481,true,2,3.5577710869047389e-12
3482,horizontal,1.1299999999999999,482,true,3,2.2788632910586142e-13
3483,horizontal,1.1299999999999999,483,true,2,1.5064441641734573e-11
3484,horizontal,1.1299999999999999,484,true,3,8.3654144838241198e-13
3485,horizontal,1.1299999999999999,485,true,2,1.6958125320460728e-11
3486,horizontal,1.1299999999999999,486,true,2,9.5542699560184674e-13
3487,horizontal,1.1299999999999999,487,true,2,4.4305512984531026e-11
3488,horizontal,1.1299999999999999,488,true,2,2.1655597869770931e-11
3489,horizontal,1.1299999999999999,489,true,2,7.1115965012437203e-12
3490,horizontal,1.1299999999999999,490,true,3,2.6034340835345788e-12
3491,horizontal,1.1299999999999999,491,true,3,1.8897045548699799e-13
3492,horizontal,1.1299999999999999,492,true,2,1.3747897668988743e-11
3493,horizontal,1.1299999999999999,493,true,2,2.1414808234146678e-11
3494,horizontal,1.1299999999999999,494,true,2,5.8918491183495844e-11
3495,horizontal,1.1299999999999999,495,true,2,8.135587717604311e-12
3496,horizontal,1.1299999999999999,496,true,2,1.9192648532779136e-11
3497,horizontal,1.1299999999999999,497,true,2,2.7740214181637161e-12
3498,horizontal,1.1299999999999999,498,true,2,2.0403859383017121e-12
3499,horizontal,1.1299999999999999,499,true,2,2.8825171655075236e-11
3500,horizontal,1.1299999999999999,500,true,2,2.815303363198217e-12
3501,horizontal,1.1299999999999999,501,true,2,5.4836239423425807e-13
3502,horizontal,1.1299999999999999,502,true,2,1.2584557586569244e-12
3503,horizontal,1.1299999999999999,503,true,2,9.4408729843078337e-13
3504,horizontal,1.1299999999999999,504,true,2,2.3443155636721082e-12
3505,horizontal,1.1299999999999999,505,true,2,3.1445970256553097e-11
3506,horizontal,1.1299999999999999,506,true,2,7.5021114394314177e-12
3507,horizontal,1.1299999999999999,507,true,2,2.5621297779537291e-11
3508,horizontal,1.1299999999999999,508,true,2,5.4245888916038221e-12
3509,horizontal,1.1299999999999999,509,true,2,3.1826200643906802e-13
3510,horizontal,1.1299999999999999,510,true,2,1.4043894834354955e-11
3511,horizontal,1.1299999999999999,511,true,2,5.2897385042686579e-12
3512,horizontal,1.1299999999999999,512,true,2,2.9435896249383919e-13
3513,horizontal,1.1299999999999999,513,true,2,1.5273002916105042e-13
3514,horizontal,1.1299999999999999,514,true,2,1.360075053766141e-12
3515,horizontal,1.1299999999999999,515,true,2,4.0289120427860949e-12
3516,horizontal,1.1299999999999999,516,true,2,1.2003915272472496e-13
3517,horizontal,1.1299999999999999,517,true,2,4.3565506496790533e-13
3518,horizontal,1.1299999999999999,518,true,2,3.0264139962514409e-12
3519,horizontal,1.1299999999999999,519,true,2,7.4376886832643848e-11
3520,horizontal,1.1299999999999999,520,true,2,9.8113912040370499e-12
3521,horizontal,1.1299999999999999,521,true,2,1.008331418391685e-11
3522,horizontal,1.1299999999999999,522,true,2,5.7818586211767431e-11
3523,horizontal,1.1299999999999999,523,true,2,5.7618938901249116e-11
3524,horizontal,1.1299999999999999,524,true,2,2.9203115167130273e-12
3525,horizontal,1.1299999999999999,525,true,2,3.3090502390893068e-12
3526,horizontal,1.1299999999999999,526,true,2,5.0733432483482206e-12
3527,horizontal,1.1299999999999999,527,true,2,2.8298067855277569e-12
3528,horizontal,1.1299999999999999,528,true,2,5.8917505810496825e-12
3529,horizontal,1.1299999999999999,529,true,2,4.551721372250519e-13
3530,horizontal,1.1299999999999999,530,true,2,6.7997921915364894e-13
3531,horizontal,1.1299999999999999,531,true,2,7.5563029370712358e-12
3532,horizontal,1.1299999999999999,532,true,2,1.6901522100204531e-11
3533,horizontal,1.1299999999999999,533,true,2,6.6349424361382993e-12
3534,horizontal,1.1299999999999999,534,true,2,1.08219138820385e-12
3535,horizontal,1.1299999999999999,535,true,2,8.5661624899684501e-12
3536,horizontal,1.1299999999999999,536,true,2,1.440428239006828e-11
3537,horizontal,1.1299999999999999,537,true,2,3.710950377378361e-12
3538,horizontal,1.1299999999999999,538,true,2,1.0200868006858119e-11
3539,horizontal,1.1299999999999999,539,true,2,1.1843988996852407e-12
3540,horizontal,1.1299999999999999,540,true,2,1.6131909735597835e-12
3541,horizontal,1.1299999999999999,541,true,2,3.5358931774646569e-12
3542,horizontal,1.1299999999999999,542,true,2,2.8108721697978644e-11
3543,horizontal,1.1299999999999999,543,true,2,1.7546812454442671e-12
3544,horizontal,1.1299999999999999,544,true,2,7.0212868578171767e-12
3545,horizontal,1.1299999999999999,545,true,2,1.855462311818635e-12
3546,horizontal,1.1299999999999999,546,true,2,9.4770626504262019e-13
3547,horizontal,1.1299999999999999,547,true,2,1.4358556783670437e-11
3548,horizontal,1.1299999999999999,548,true,2,5.489574855917129e-11
3549,horizontal,1.1299999999999999,549,true,2,2.2447777581506076e-12
3550,horizontal,1.1299999999999999,550,true,2,5.4446068455287127e-13
3551,horizontal,1.1299999999999999,551,true,2,9.5933004585105522e-11
3552,horizontal,1.1299999999999999,552,true,2,1.4299794769317992e-11
3553,horizontal,1.1299999999999999,553,true,2,4.7514208186103649e-11
3554,horizontal,1.1299999999999999,554,true,2,7.8895290326056883e-12
3555,horizontal,1.1299999999999999,555,true,2,3.0325921386088655e-11
3556,horizontal,1.1299999999999999,556,true,2,3.3876148114306088e-11
3557,horizontal,1.1299999999999999,557,true,2,5.9067129709573352e-11
3558,horizontal,1.1299999999999999,558,true,2,6.4247138069084067e-12
3559,horizontal,1.1299999999999999,559,true,2,1.8334973520389425e-11
3560,horizontal,1.1299999999999999,560,true,2,7.1202122920379117e-12
3561,horizontal,1.1299999999999999,561,true,2,3.4873860087086574e-11
3562,horizontal,1.1299999999999999,562,true,3,2.5808783281254193e-13
3563,horizontal,1.1299999999999999,563,true,2,4.7371191776170468e-11
3564,horizontal,1.1299999999999999,564,true,2,7.0162724471079881e-12
3565,horizontal,1.1299999999999999,565,true,2,1.7883783333529118e-12
3566,horizontal,1.1299999999999999,566,true,2,6.3627130924301625e-13
3567,horizontal,1.1299999999999999,567,true,2,1.3101360130026877e-12
3568,horizontal,1.1299999999999999,568,true,2,9.2431289940613653e-12
3569,horizontal,1.1299999999999999,569,true,3,4.9611402891746205e-13
3570,horizontal,1.1299999999999999,570,true,2,8.5698175987330232e-12
3571,horizontal,1.1299999999999999,571,true,2,7.4820864336710073e-11
3572,horizontal,1.1299999999999999,572,true,2,2.4499443165748866e-11
3573,horizontal,1.1299999999999999,573,true,2,1.9774129389136707e-11
3574,horizontal,1.1299999999999999,574,true,2,4.2021227200347304e-11
3575,horizontal,1.1299999999999999,575,true,2,4.4951365270725161e-11
3576,horizontal,1.1299999999999999,576,true,2,6.2271370640785809e-12
3577,horizontal,1.1299999999999999,577,true,3,5.722424087654965e-13
3578,horizontal,1.1299999999999999,578,true,2,2.1005404370236689e-12
3579,horizontal,1.1299999999999999,579,true,2,2.585351224596088e-11
3580,horizontal,1.1299999999999999,580,true,2,1.1331572788389953e-11
3581,horizontal,1.1299999999999999,581,true,2,4.7887450177922677e-12
3582,horizontal,1.1299999999999999,582,true,2,2.0136987154391439e-11
3583,horizontal,1.1299999999999999,583,true,2,1.1081663439869747e-12
3584,horizontal,1.1299999999999999,584,true,2,2.4557288741624613e-12
3585,horizontal,1.1299999999999999,585,true,2,4.912238226867905e-12
3586,horizontal,1.1299999999999999,586,true,2,9.824149525317572e-13
3587,horizontal,1.1299999999999999,587,true,2,8.8647757912695815e-13
3588,horizontal,1.1299999999999999,588,true,2,2.7450814391347875e-12
3589,horizontal,1.1299999999999999,589,true,2,3.2113768514170975e-12
3590,horizontal,1.1299999999999999,590,true,2,2.2080398723929786e-11
3591,horizontal,1.1299999999999999,591,true,2,5.0075166235018815e-12
3592,horizontal,1.1299999999999999,592,true,2,6.4358769803243329e-11
3593,horizontal,1.1299999999999999,593,true,2,3.9182824666568374e-12
3594,horizontal,1.1299999999999999,594,true,2,6.7194838247838172e-12
3595,horizontal,1.1299999999999999,595,true,2,2.1095761840069113e-11
3596,horizontal,1.1299999999999999,596,true,2,9.4026682133181977e-12
3597,horizontal,1.1299999999999999,597,true,2,5.7559182126936008e-12
3598,horizontal,1.1299999999999999,598,true,2,2.8263880906465853e-11
3599,horizontal,1.1299999999999999,599,true,2,6.3646953627760096e-12
3600,horizontal,1.1299999999999999,600,true,2,9.8468623262788156e-12
3601,horizontal,3.2000000000000002,1,true,2,2.7110294069948736e-12
3602,horizontal,3.2000000000000002,2,true,3,1.6444311707230138e-11
3603,horizontal,3.2000000000000002,3,true,2,8.516679967980052e-11
3604,horizontal,3.2000000000000002,4,true,3,8.0044956460390707e-13
3605,horizontal,3.2000000000000002,5,true,2,2.1494715526480248e-11
3606,horizontal,3.2000000000000002,6,true,3,7.7617948017419048e-12
3607,horizontal,3.2000000000000002,7,true,2,5.3574192990211881e-11
3608,horizontal,3.2000000000000002,8,true,3,4.5698011995467705e-12
3609,horizontal,3.2000000000000002,9,true,2,9.5839630660254604e-11
3610,horizontal,3.2000000000000002,10,true,2,2.9189288326466643e-11
3611,horizontal,3.2000000000000002,11,true,4,3.1165595357217147e-12
3612,horizontal,3.2000000000000002,12,true,3,3.2926647179048871e-12
3613,horizontal,3.2000000000000002,13,true,3,6.4846380816273168e-11
3614,horizontal,3.2000000000000002,14,true,3,5.731934570354519e-13
3615,horizontal,3.2000000000000002,15,true,3,1.4113701556207942e-11
3616,horizontal,3.2000000000000002,16,true,3,8.0885722576596124e-11
3617,horizontal,3.2000000000000002,17,true,3,7.8682816759487554e-13
3618,horizontal,3.2000000000000002,18,true,2,2.5687360515787229e-11
3619,horizontal,3.2000000000000002,19,true,2,6.6206320343685381e-11
3620,horizontal,3.2000000000000002,20,true,3,4.0444870959232381e-12
3621,horizontal,3.2000000000000002,21,true,3,1.8052973624031004e-12
3622,horizontal,3.2000000000000002,22,true,2,1.8861565344123945e-11
3623,horizontal,3.2000000000000002,23,true,4,3.4113732640235804e-12
3624,horizontal,3.2000000000000002,24,true,3,2.5945839113889717e-11
3625,horizontal,3.2000000000000002,25,true,3,2.2534043363082192e-11
3626,horizontal,3.2000000000000002,26,true,4,2.1612246999075701e-12
3627,horizontal,3.2000000000000002,27,true,3,3.2010488697907183e-11
3628,horizontal,3.2000000000000002,28,true,3,9.8620998360559924e-11
3629,horizontal,3.2000000000000002,29,true,3,5.6923081612371272e-12
3630,horizontal,3.2000000000000002,30,true,3,1.1517308681284006e-11
3631,horizontal,3.2000000000000002,31,true,3,4.4491974585322332e-13
3632,horizontal,3.2000000000000002,32,true,4,1.6454665403128411e-12
3633,horizontal,3.2000000000000002,33,true,3,8.2424707531495828e-13
3634,horizontal,3.2000000000000002,34,true,4,4.713958261442961e-12
3635,horizontal,3.2000000000000002,35,true,3,1.45237477125086e-11
3636,horizontal,3.2000000000000002,36,true,3,1.8146214871610149e-11
3637,horizontal,3.2000000000000002,37,true,3,4.5519504463209168e-13
3638,horizontal,3.2000000000000002,38,true,3,4.8979542310715442e-12
3639,horizontal,3.2000000000000002,39,true,3,1.8861632230733946e-11
3640,horizontal,3.2000000000000002,40,true,3,2.9122423746440683e-12
3641,horizontal,3.2000000000000002,41,true,3,7.3137894398589193e-12
3642,horizontal,3.2000000000000002,42,true,3,1.1756806807286788e-12
3643,horizontal,3.2000000000000002,43,true,3,1.7447489140739563e-11
3644,horizontal,3.2000000000000002,44,true,3,5.989446841845033e-12
3645,horizontal,3.2000000000000002,45,true,3,2.4386488761684878e-13
3646,horizontal,3.2000000000000002,46,true,3,2.2526070063097752e-11
3647,horizontal,3.2000000000000002,47,true,4,2.7845525022331212e-12
3648,horizontal,3.2000000000000002,48,true,3,2.8956491768571499e-11
3649,horizontal,3.2000000000000002,49,true,3,8.3691539924608337e-11
3650,horizontal,3.2000000000000002,50,true,3,2.42069726594661e-12
3651,horizontal,3.2000000000000002,51,true,3,2.850888033518056e-11
3652,horizontal,3.2000000000000002,52,true,3,1.0377060162613822e-11
3653,horizontal,3.2000000000000002,53,true,3,6.3933207876666298e-12
3654,horizontal,3.2000000000000002,54,true,3,1.9946814083287739e-12
3655,horizontal,3.2000000000000002,55,true,3,1.1779871689992319e-12
3656,horizontal,3.2000000000000002,56,true,3,8.7826727886992759e-12
3657,horizontal,3.2000000000000002,57,true,3,4.7694440885389577e-12
3658,horizontal,3.2000000000000002,58,true,2,5.5050303683289456e-11
3659,horizontal,3.2000000000000002,59,true,3,7.6456557582241515e-12
3660,horizontal,3.2000000000000002,60,true,3,4.3046483098898922e-12
3661,horizontal,3.2000000000000002,61,true,2,6.2176050608337968e-11
3662,horizontal,3.2000000000000002,62,true,3,3.2940155450481997e-11
3663,horizontal,3.2000000000000002,63,true,2,5.2568805423657877e-11
3664,horizontal,3.2000000000000002,64,true,2,3.5831327373488129e-11
3665,horizontal,3.2000000000000002,65,true,3,6.7724111497287505e-11
3666,horizontal,3.2000000000000002,66,true,3,2.4820461863355088e-12
3667,horizontal,3.2000000000000002,67,true,3,9.4711974741806207e-12
3668,horizontal,3.2000000000000002,68,true,3,1.4869421613238821e-11
3669,horizontal,3.2000000000000002,69,true,3,1.7671235017109786e-11
3670,horizontal,3.2000000000000002,70,true,3,1.365531948370887e-12
3671,horizontal,3.2000000000000002,71,true,3,2.8781958784985957e-11
3672,horizontal,3.2000000000000002,72,true,3,4.1924913644307718e-11
3673,horizontal,3.2000000000000002,73,true,2,4.7801980530949003e-11
3674,horizontal,3.2000000000000002,74,true,3,6.8539581043483989e-13
3675,horizontal,3.2000000000000002,75,true,2,9.961370661171848e-11
3676,horizontal,3.2000000000000002,76,true,3,2.7687344415823187e-12
3677,horizontal,3.2000000000000002,77,true,2,9.5778982146483332e-11
3678,horizontal,3.2000000000000002,78,true,3,8.4148777360023217e-12
3679,horizontal,3.2000000000000002,79,true,2,7.4531465272130427e-11
3680,horizontal,3.2000000000000002,80,true,3,1.9722639970926866e-11
3681,horizontal,3.2000000000000002,81,true,3,7.7211650045413612e-12
3682,horizontal,3.2000000000000002,82,true,3,4.6083381306786679e-12
3683,horizontal,3.2000000000000002,83,true,2,3.3657537158392663e-11
3684,horizontal,3.2000000000000002,84,true,3,4.969326175742522e-13
3685,horizontal,3.2000000000000002,85,true,3,9.0973644949926106e-11
3686,horizontal,3.2000000000000002,86,true,3,1.577965212827793e-12
3687,horizontal,3.2000000000000002,87,true,3,4.6104545151574308e-11
3688,horizontal,3.2000000000000002,88,true,3,2.6543220438294607e-12
3689,horizontal,3.2000000000000002,89,true,3,2.3489844277581232e-11
3690,horizontal,3.2000000000000002,90,true,3,4.2552968917277046e-11
3691,horizontal,3.2000000000000002,91,true,3,2.2073340414080333e-11
3692,horizontal,3.2000000000000002,92,true,2,6.9678636458025634e-11
3693,horizontal,3.2000000000000002,93,true,3,1.8804564658679179e-11
3694,horizontal,3.2000000000000002,94,true,3,7.316554250638228e-11
3695,horizontal,3.2000000000000002,95,true,3,4.4662652959955188e-13
3696,horizontal,3.2000000000000002,96,true,3,3.7182655179110645e-12
3697,horizontal,3.2000000000000002,97,true,2,3.0579464638492256e-11
3698,horizontal,3.2000000000000002,98,true,3,3.8330005657990364e-12
3699,horizontal,3.2000000000000002,99,true,3,9.0454861451377522e-11
3700,horizontal,3.2000000000000002,100,true,3,4.9208546450440037e-12
3701,horizontal,3.2000000000000002,101,true,3,6.559936311561714e-11
3702,horizontal,3.2000000000000002,102,true,2,1.7717939503955524e-11
3703,horizontal,3.2000000000000002,103,true,3,1.5583057479921869e-12
3704,horizontal,3.2000000000000002,104,true,3,1.5512652692886675e-12
3705,horizontal,3.2000000000000002,105,true,3,1.4671008634237759e-12
3706,horizontal,3.2000000000000002,106,true,2,2.1661224256400653e-11
3707,horizontal,3.2000000000000002,107,true,3,7.3061925650962977e-12
3708,horizontal,3.2000000000000002,108,true,3,2.2571114126928279e-12
3709,horizontal,3.2000000000000002,109,true,3,5.3765573291424999e-11
3710,horizontal,3.2000000000000002,110,true,3,1.7093028093893366e-12
3711,horizontal,3.2000000000000002,111,true,3,3.1355946094223996e-11
3712,horizontal,3.2000000000000002,112,true,3,1.1143283361782918e-12
3713,horizontal,3.2000000000000002,113,true,2,3.7456118185025279e-12
3714,horizontal,3.2000000000000002,114,true,2,8.7735374735607987e-11
3715,horizontal,3.2000000000000002,115,true,3,1.9864782366236501e-11
3716,horizontal,3.2000000000000002,116,true,3,2.9353570538722086e-12
3717,horizontal,3.2000000000000002,117,true,2,2.4848553763433326e-11
3718,horizontal,3.2000000000000002,118,true,3,3.520269837393084e-11
3719,horizontal,3.2000000000000002,119,true,3,3.2040549002891104e-12
3720,horizontal,3.2000000000000002,120,true,2,4.854048603707314e-11
3721,horizontal,3.2000000000000002,121,true,3,8.9149127322961488e-13
3722,horizontal,3.2000000000000002,122,true,2,4.9340208325428871e-11
3723,horizontal,3.2000000000000002,123,true,3,3.6995346719171955e-13
3724,horizontal,3.2000000000000002,124,true,3,1.831570021549247e-11
3725,horizontal,3.2000000000000002,125,true,2,6.3377093935325625e-11
3726,horizontal,3.2000000000000002,126,true,2,9.112465702535793e-12
3727,horizontal,3.2000000000000002,127,true,2,2.1934847560404484e-12
3728,horizontal,3.2000000000000002,128,true,3,4.6605442634371961e-13
3729,horizontal,3.2000000000000002,129,true,2,6.9937778547642773e-11
3730,horizontal,3.2000000000000002,130,true,3,1.013554529319168e-12
3731,horizontal,3.2000000000000002,131,true,3,7.2149288551629467e-12
3732,horizontal,3.2000000000000002,132,true,3,3.4579795654637574e-12
3733,horizontal,3.2000000000000002,133,true,2,7.6657643325377672e-11
3734,horizontal,3.2000000000000002,134,true,3,2.1150863653421186e-12
3735,horizontal,3.2000000000000002,135,true,3,6.8052651750509163e-11
3736,horizontal,3.2000000000000002,136,true,3,9.6290836082687297e-13
3737,horizontal,3.2000000000000002,137,true,3,4.9386819022278839e-11
3738,horizontal,3.2000000000000002,138,true,3,8.8673471743476002e-12
3739,horizontal,3.2000000000000002,139,true,3,8.9695649056816379e-13
3740,horizontal,3.2000000000000002,140,true,3,5.8710455118516604e-12
3741,horizontal,3.2000000000000002,141,true,3,3.7518609719585884e-12
3742,horizontal,3.2000000000000002,142,true,3,1.0021848569744359e-11
3743,horizontal,3.2000000000000002,143,true,3,1.875115009479563e-11
3744,horizontal,3.2000000000000002,144,true,3,3.7154134325862145e-12
3745,horizontal,3.2000000000000002,145,true,3,6.9915730572129081e-13
3746,horizontal,3.2000000000000002,146,true,3,7.1274598261965445e-11
3747,horizontal,3.2000000000000002,147,true,3,2.4011163310744518e-12
3748,horizontal,3.2000000000000002,148,true,3,1.6410867219359604e-11
3749,horizontal,3.2000000000000002,149,true,2,5.5669672708190298e-11
3750,horizontal,3.2000000000000002,150,true,3,4.8698449113408508e-12
3751,horizontal,3.2000000000000002,151,true,3,7.1913213857286937e-11
3752,horizontal,3.2000000000000002,152,true,3,2.0914624917871546e-12
3753,horizontal,3.2000000000000002,153,true,2,9.0955836126497812e-11
3754,horizontal,3.2000000000000002,154,true,3,2.5382046761536565e-12
3755,horizontal,3.2000000000000002,155,true,3,5.4160010830890313e-13
3756,horizontal,3.2000000000000002,156,true,3,9.9145671941861399e-13
3757,horizontal,3.2000000000000002,157,true,2,7.7866292239677227e-11
3758,horizontal,3.2000000000000002,158,true,3,1.1691703991652428e-11
3759,horizontal,3.2000000000000002,159,true,3,5.7254165548010947e-13
3760,horizontal,3.2000000000000002,160,true,4,4.0968797593654755e-12
3761,horizontal,3.2000000000000002,161,true,3,6.4654487361160232e-12
3762,horizontal,3.2000000000000002,162,true,3,5.3436386018912124e-12
3763,horizontal,3.2000000000000002,163,true,3,5.9278248996093386e-12
3764,horizontal,3.2000000000000002,164,true,3,1.4381102375575657e-11
3765,horizontal,3.2000000000000002,165,true,2,8.1570964536664942e-11
3766,horizontal,3.2000000000000002,166,true,3,1.1135450276988127e-12
3767,horizontal,3.2000000000000002,167,true,3,4.6722345072059785e-11
3768,horizontal,3.2000000000000002,168,true,3,2.2625342881840953e-11
3769,horizontal,3.2000000000000002,169,true,3,5.6648884605156359e-13
3770,horizontal,3.2000000000000002,170,true,2,7.3103850829873148e-11
3771,horizontal,3.2000000000000002,171,true,2,4.8361149139072835e-11
3772,horizontal,3.2000000000000002,172,true,3,1.9481165961694534e-11
3773,horizontal,3.2000000000000002,173,true,3,8.1274843972731043e-12
3774,horizontal,3.2000000000000002,174,true,3,9.5286880445913962e-11
3775,horizontal,3.2000000000000002,175,true,2,2.1677612688601443e-11
3776,horizontal,3.2000000000000002,176,true,3,2.2451201035411546e-11
3777,horizontal,3.2000000000000002,177,true,4,3.0550795484751952e-12
3778,horizontal,3.2000000000000002,178,true,2,3.9751089975199355e-11
3779,horizontal,3.2000000000000002,179,true,3,9.9339101544566776e-13
3780,horizontal,3.2000000000000002,180,true,2,4.0516426726665319e-11
3781,horizontal,3.2000000000000002,181,true,2,7.3315079925576559e-11
3782,horizontal,3.2000000000000002,182,true,3,3.0102510896305101e-12
3783,horizontal,3.2000000000000002,183,true,3,2.3456409715516924e-11
3784,horizontal,3.2000000000000002,184,true,3,1.9956828031747729e-13
3785,horizontal,3.2000000000000002,185,true,4,2.5416715736681299e-12
3786,horizontal,3.2000000000000002,186,true,2,7.3718668275310974e-11
3787,horizontal,3.2000000000000002,187,true,3,3.9592184897712668e-12
3788,horizontal,3.2000000000000002,188,true,2,8.1003835385761881e-12
3789,horizontal,3.2000000000000002,189,true,3,9.5542882707352295e-12
3790,horizontal,3.2000000000000002,190,true,2,5.11287010292015e-11
3791,horizontal,3.2000000000000002,191,true,2,6.1692713457865101e-11
3792,horizontal,3.2000000000000002,192,true,3,5.6259020891164052e-11
3793,horizontal,3.2000000000000002,193,true,3,1.5618770296663151e-11
3794,horizontal,3.2000000000000002,194,true,3,1.4100068648243179e-12
3795,horizontal,3.2000000000000002,195,true,3,1.593437797544201e-11
3796,horizontal,3.2000000000000002,196,true,3,4.1256873885787295e-11
3797,horizontal,3.2000000000000002,197,true,2,7.59123223260984e-11
3798,horizontal,3.2000000000000002,198,true,4,2.4312324083598404e-12
3799,horizontal,3.2000000000000002,199,true,3,8.8083014120909316e-11
3800,horizontal,3.2000000000000002,200,true,2,4.110609789915793e-11
3801,horizontal,3.2000000000000002,201,true,3,5.4360257854531337e-13
3802,horizontal,3.2000000000000002,202,true,3,5.1769469623951798e-12
3803,horizontal,3.2000000000000002,203,true,3,1.682673182830313e-12
3804,horizontal,3.2000000000000002,204,true,2,7.5531423868464173e-11
3805,horizontal,3.2000000000000002,205,true,2,5.2029628150724649e-11
3806,horizontal,3.2000000000000002,206,true,2,9.4075317927189144e-11
3807,horizontal,3.2000000000000002,207,true,2,2.0944900077571649e-11
3808,horizontal,3.2000000000000002,208,true,3,2.4302773881173581e-11
3809,horizontal,3.2000000000000002,209,true,4,1.286831804057133e-11
3810,horizontal,3.2000000000000002,210,true,2,1.4828232513168637e-11
3811,horizontal,3.2000000000000002,211,true,3,8.5382589805574667e-13
3812,horizontal,3.2000000000000002,212,true,4,8.1831334813304824e-12
3813,horizontal,3.2000000000000002,213,true,3,1.5354530997320334e-11
3814,horizontal,3.2000000000000002,214,true,3,3.3632737695881518e-11
3815,horizontal,3.2000000000000002,215,true,3,3.5324780698663448e-11
3816,horizontal,3.2000000000000002,216,true,3,3.6737870797561429e-12
3817,horizontal,3.2000000000000002,217,true,3,1.6178488063127974e-12
3818,horizontal,3.2000000000000002,218,true,2,2.1344310135510823e-11
3819,horizontal,3.2000000000000002,219,true,3,2.3607715235133193e-12
3820,horizontal,3.2000000000000002,220,true,3,1.1068164535646241e-12
3821,horizontal,3.2000000000000002,221,true,3,2.0499319228178614e-12
3822,horizontal,3.2000000000000002,222,true,2,7.2105634239878381e-11
3823,horizontal,3.2000000000000002,223,true,3,7.161199448881592e-11
3824,horizontal,3.2000000000000002,224,true,3,4.444805954553185e-12
3825,horizontal,3.2000000000000002,225,true,3,6.0950014686488477e-12
3826,horizontal,3.2000000000000002,226,true,3,4.051440018444617e-12
3827,horizontal,3.2000000000000002,227,true,3,3.7884742630592242e-13
3828,horizontal,3.2000000000000002,228,true,3,3.8971819921629816e-12
3829,horizontal,3.2000000000000002,229,true,3,1.2274252929512059e-11
3830,horizontal,3.2000000000000002,230,true,3,3.0121997796558966e-11
3831,horizontal,3.2000000000000002,231,true,3,1.8811835659652476e-11
3832,horizontal,3.2000000000000002,232,true,3,2.5326603500959578e-13
3833,horizontal,3.2000000000000002,233,true,3,3.2557450633098208e-12
3834,horizontal,3.2000000000000002,234,true,3,5.940203332207885e-11
3835,horizontal,3.2000000000000002,235,true,3,2.3840010897013246e-11
3836,horizontal,3.2000000000000002,236,true,2,4.8297119484297203e-11
3837,horizontal,3.2000000000000002,237,true,3,2.63880377707967e-12
3838,horizontal,3.2000000000000002,238,true,4,4.5553364450710862e-12
3839,horizontal,3.2000000000000002,239,true,3,5.3292641305465053e-13
3840,horizontal,3.2000000000000002,240,true,3,7.9070480482960423e-12
3841,horizontal,3.2000000000000002,241,true,3,3.2800899583017736e-12
3842,horizontal,3.2000000000000002,242,true,3,1.9376220784010293e-11
3843,horizontal,3.2000000000000002,243,true,4,5.3810654804015868e-12
3844,horizontal,3.2000000000000002,244,true,3,1.2616820215228228e-12
3845,horizontal,3.2000000000000002,245,true,3,3.1585788854846117e-11
3846,horizontal,3.2000000000000002,246,true,2,4.4506836491595615e-11
3847,horizontal,3.2000000000000002,247,true,3,5.3479993163595377e-12
3848,horizontal,3.2000000000000002,248,true,3,3.6376230282407944e-12
3849,horizontal,3.2000000000000002,249,true,3,1.0188118992905263e-12
3850,horizontal,3.2000000000000002,250,true,3,3.5587235230690418e-12
3851,horizontal,3.2000000000000002,251,true,3,1.5842032224015653e-12
3852,horizontal,3.2000000000000002,252,true,3,2.9192828534450282e-11
3853,horizontal,3.2000000000000002,253,true,3,2.3364761964133571e-11
3854,horizontal,3.2000000000000002,254,true,3,2.0134023503761697e-12
3855,horizontal,3.2000000000000002,255,true,3,1.3744622630668407e-12
3856,horizontal,3.2000000000000002,256,true,4,5.8648534489207288e-12
3857,horizontal,3.2000000000000002,257,true,3,1.2759726707541498e-11
3858,horizontal,3.2000000000000002,258,true,2,9.7516221868764106e-11
3859,horizontal,3.2000000000000002,259,true,3,2.8136222535019071e-12
3860,horizontal,3.2000000000000002,260,true,3,6.5729118598707043e-11
3861,horizontal,3.2000000000000002,261,true,3,4.6440762783767787e-12
3862,horizontal,3.2000000000000002,262,true,2,2.0619796714181389e-11
3863,horizontal,3.2000000000000002,263,true,3,1.6902750908218486e-12
3864,horizontal,3.2000000000000002,264,true,3,3.4319153238903551e-11
3865,horizontal,3.2000000000000002,265,true,3,3.9564110741309899e-11
3866,horizontal,3.2000000000000002,266,true,3,1.4154883060497047e-11
3867,horizontal,3.2000000000000002,267,true,3,2.6863205982659194e-12
3868,horizontal,3.2000000000000002,268,true,2,1.5836603599040995e-11
3869,horizontal,3.2000000000000002,269,true,3,6.3480438900066435e-13
3870,horizontal,3.2000000000000002,270,true,2,1.1738428606169206e-11
3871,horizontal,3.2000000000000002,271,true,2,4.9058999298611038e-11
3872,horizontal,3.2000000000000002,272,true,3,1.5687512047742188e-11
3873,horizontal,3.2000000000000002,273,true,3,3.6313919560786662e-12
3874,horizontal,3.2000000000000002,274,true,3,3.2176459946433131e-12
3875,horizontal,3.2000000000000002,275,true,3,1.1956074300475844e-11
3876,horizontal,3.2000000000000002,276,true,3,8.5343207898044538e-11
3877,horizontal,3.2000000000000002,277,true,3,6.8567910375974875e-12
3878,horizontal,3.2000000000000002,278,true,4,5.7538744038678474e-12
3879,horizontal,3.2000000000000002,279,true,2,9.0548980071176765e-11
3880,horizontal,3.2000000000000002,280,true,2,4.3339539503094384e-11
3881,horizontal,3.2000000000000002,281,true,3,9.0902454036046307e-11
3882,horizontal,3.2000000000000002,282,true,3,1.9265630019019803e-11
3883,horizontal,3.2000000000000002,283,true,3,4.359291294214376e-11
3884,horizontal,3.2000000000000002,284,true,2,6.4556760112991022e-11
3885,horizontal,3.2000000000000002,285,true,3,4.4659588558046613e-11
3886,horizontal,3.2000000000000002,286,true,3,6.4422773944182949e-13
3887,horizontal,3.2000000000000002,287,true,3,5.0610842030574151e-12
3888,horizontal,3.2000000000000002,288,true,2,5.8537146898016747e-11
3889,horizontal,3.2000000000000002,289,true,3,6.5165639490591371e-12
3890,horizontal,3.2000000000000002,290,true,2,6.3529541939677291e-11
3891,horizontal,3.2000000000000002,291,true,3,1.6015454374080764e-11
3892,horizontal,3.2000000000000002,292,true,2,6.9311711366708065e-12
3893,horizontal,3.2000000000000002,293,true,3,9.3786230518856188e-12
3894,horizontal,3.2000000000000002,294,true,4,3.0846816147006315e-12
3895,horizontal,3.2000000000000002,295,true,3,8.4977212312321524e-11
3896,horizontal,3.2000000000000002,296,true,3,8.1885650880607895e-11
3897,horizontal,3.2000000000000002,297,true,3,5.2739254074476628e-11
3898,horizontal,3.2000000000000002,298,true,3,1.1618006679049233e-12
3899,horizontal,3.2000000000000002,299,true,3,6.1883756950663434e-11
3900,horizontal,3.2000000000000002,300,true,3,9.5022575920182279e-11
3901,horizontal,3.2000000000000002,301,true,3,2.1480683318309892e-12
3902,horizontal,3.2000000000000002,302,true,3,2.5571522126520998e-12
3903,horizontal,3.2000000000000002,303,true,3,2.5784030215237065e-11
3904,horizontal,3.2000000000000002,304,true,3,2.4695691404775758e-12
3905,horizontal,3.2000000000000002,305,true,3,7.6658053513850265e-12
3906,horizontal,3.2000000000000002,306,true,3,2.7467858677694821e-11
3907,horizontal,3.2000000000000002,307,true,2,7.0427220177320595e-11
3908,horizontal,3.2000000000000002,308,true,3,2.5593602234475587e-11
3909,horizontal,3.2000000000000002,309,true,3,3.6574338361209032e-12
3910,horizontal,3.2000000000000002,310,true,2,4.0897014011343507e-11
3911,horizontal,3.2000000000000002,311,true,2,1.3224910536443061e-11
3912,horizontal,3.2000000000000002,312,true,2,5.0553435507024403e-11
3913,horizontal,3.2000000000000002,313,true,3,1.3337592183569593e-12
3914,horizontal,3.2000000000000002,314,true,3,1.198465442147352e-11
3915,horizontal,3.2000000000000002,315,true,3,2.6320975565993021e-12
3916,horizontal,3.2000000000000002,316,true,3,4.001788484638962e-12
3917,horizontal,3.2000000000000002,317,true,3,4.2935184349107045e-12
3918,horizontal,3.2000000000000002,318,true,3,5.2828060700374022e-12
3919,horizontal,3.2000000000000002,319,true,3,4.4884462337685549e-12
3920,horizontal,3.2000000000000002,320,true,3,2.44555548803863e-12
3921,horizontal,3.2000000000000002,321,true,3,4.3543068368402629e-12
3922,horizontal,3.2000000000000002,322,true,3,5.2051194534028135e-12
3923,horizontal,3.2000000000000002,323,true,3,4.9303649448599343e-11
3924,horizontal,3.2000000000000002,324,true,3,3.0048827808748169e-12
3925,horizontal,3.2000000000000002,325,true,3,1.1062997821739467e-11
3926,horizontal,3.2000000000000002,326,true,3,2.0838888883334444e-11
3927,horizontal,3.2000000000000002,327,true,3,4.8122423659303739e-11
3928,horizontal,3.2000000000000002,328,true,3,5.3484475434822886e-12
3929,horizontal,3.2000000000000002,329,true,3,1.9753809639106099e-11
3930,horizontal,3.2000000000000002,330,true,3,1.7653780950891357e-11
3931,horizontal,3.2000000000000002,331,true,3,1.2977991796092702e-12
3932,horizontal,3.2000000000000002,332,true,2,7.944243656221871e-12
3933,horizontal,3.2000000000000002,333,true,3,1.1403713202740678e-12
3934,horizontal,3.2000000000000002,334,true,2,9.6479180896460321e-12
3935,horizontal,3.2000000000000002,335,true,2,9.1002077364513615e-11
3936,horizontal,3.2000000000000002,336,true,3,4.4620495115566773e-12
3937,horizontal,3.2000000000000002,337,true,3,6.5966866327263083e-12
3938,horizontal,3.2000000000000002,338,true,3,4.2975288339431422e-12
3939,horizontal,3.2000000000000002,339,true,2,4.7027296169715316e-11
3940,horizontal,3.2000000000000002,340,true,3,3.8043373563330503e-11
3941,horizontal,3.2000000000000002,341,true,3,4.1573721527438285e-12
3942,horizontal,3.2000000000000002,342,true,3,1.4031485101624523e-12
3943,horizontal,3.2000000000000002,343,true,2,4.7777402762074359e-11
3944,horizontal,3.2000000000000002,344,true,2,9.4201179493579916e-12
3945,horizontal,3.2000000000000002,345,true,3,6.0145516265161891e-12
3946,horizontal,3.2000000000000002,346,true,2,4.2289833902557508e-11
3947,horizontal,3.2000000000000002,347,true,3,7.0420818639580045e-12
3948,horizontal,3.2000000000000002,348,true,3,2.3590326255407239e-13
3949,horizontal,3.2000000000000002,349,true,3,3.3726774906631733e-12
3950,horizontal,3.2000000000000002,350,true,4,9.1688228796457494e-13
3951,horizontal,3.2000000000000002,351,true,3,5.6911359716741121e-11
3952,horizontal,3.2000000000000002,352,true,3,1.0591991664026982e-11
3953,horizontal,3.2000000000000002,353,true,3,1.8910501410981512e-11
3954,horizontal,3.2000000000000002,354,true,3,5.0588797752765128e-12
3955,horizontal,3.2000000000000002,355,true,2,6.9253507211793284e-11
3956,horizontal,3.2000000000000002,356,true,2,4.0122578643467315e-11
3957,horizontal,3.2000000000000002,357,true,3,1.283032495353518e-12
3958,horizontal,3.2000000000000002,358,true,3,5.6479499093139991e-12
3959,horizontal,3.2000000000000002,359,true,4,6.8650160785280157e-12
3960,horizontal,3.2000000000000002,360,true,3,1.1124736334333973e-11
3961,horizontal,3.2000000000000002,361,true,3,1.1971138515352346e-11
3962,horizontal,3.2000000000000002,362,true,3,9.4515465081913253e-12
3963,horizontal,3.2000000000000002,363,true,4,3.7462693403323322e-12
3964,horizontal,3.2000000000000002,364,true,3,8.0148811206899313e-13
3965,horizontal,3.2000000000000002,365,true,3,1.9232049591995511e-11
3966,horizontal,3.2000000000000002,366,true,3,3.7237488063978281e-11
3967,horizontal,3.2000000000000002,367,true,3,1.2376985499817621e-11
3968,horizontal,3.2000000000000002,368,true,3,7.0377429521758186e-12
3969,horizontal,3.2000000000000002,369,true,2,2.5220482524056224e-11
3970,horizontal,3.2000000000000002,370,true,3,7.785603529617266e-11
3971,horizontal,3.2000000000000002,371,true,3,7.9815829852760221e-11
3972,horizontal,3.2000000000000002,372,true,3,2.1406585077059474e-12
3973,horizontal,3.2000000000000002,373,true,3,2.3648830632550343e-11
3974,horizontal,3.2000000000000002,374,true,2,6.0569477076816366e-11
3975,horizontal,3.2000000000000002,375,true,3,7.3479960998433567e-12
3976,horizontal,3.2000000000000002,376,true,3,5.289502597387026e-12
3977,horizontal,3.2000000000000002,377,true,3,9.8433196980387228e-12
3978,horizontal,3.2000000000000002,378,true,3,5.2429966747148514e-13
3979,horizontal,3.2000000000000002,379,true,2,3.7116397440197189e-11
3980,horizontal,3.2000000000000002,380,true,2,3.5024454166870846e-11
3981,horizontal,3.2000000000000002,381,true,3,8.3976419860606953e-12
3982,horizontal,3.2000000000000002,382,true,3,1.0446531755880842e-11
3983,horizontal,3.2000000000000002,383,true,3,5.5848275045477013e-11
3984,horizontal,3.2000000000000002,384,true,2,8.0022068110388691e-11
3985,horizontal,3.2000000000000002,385,true,3,7.1868545736238904e-13
3986,horizontal,3.2000000000000002,386,true,2,3.2555813824441877e-11
3987,horizontal,3.2000000000000002,387,true,3,2.3600606188853485e-11
3988,horizontal,3.2000000000000002,388,true,2,1.7407746081315382e-11
3989,horizontal,3.2000000000000002,389,true,3,1.5714193476123327e-12
3990,horizontal,3.2000000000000002,390,true,3,2.6167500540945667e-11
3991,horizontal,3.2000000000000002,391,true,3,2.1610936617414295e-11
3992,horizontal,3.2000000000000002,392,true,3,3.2428033304669213e-12
3993,horizontal,3.2000000000000002,393,true,3,3.1964553560323641e-12
3994,horizontal,3.2000000000000002,394,true,2,5.1372070900458422e-11
3995,horizontal,3.2000000000000002,395,true,3,1.7098852168163025e-12
3996,horizontal,3.2000000000000002,396,true,3,1.293098750145451e-12
3997,horizontal,3.2000000000000002,397,true,2,4.8663793033609767e-12
3998,horizontal,3.2000000000000002,398,true,3,6.1962973122157163e-12
3999,horizontal,3.2000000000000002,399,true,3,2.6107655859798541e-12
4000,horizontal,3.2000000000000002,400,true,2,2.8943372405350945e-11
4001,horizontal,3.2000000000000002,401,true,3,3.6314990891431764e-12
4002,horizontal,3.2000000000000002,402,true,3,1.8572042293088844e-11
4003,horizontal,3.2000000000000002,403,true,3,1.5458907501947199e-12
4004,horizontal,3.2000000000000002,404,true,2,2.710401584147283e-11
4005,horizontal,3.2000000000000002,405,true,2,5.6036580642050035e-11
4006,horizontal,3.2000000000000002,406,true,3,1.4001587695472655e-11
4007,horizontal,3.2000000000000002,407,true,3,7.655915156257568e-12
4008,horizontal,3.2000000000000002,408,true,3,1.2492607723299269e-12
4009,horizontal,3.2000000000000002,409,true,3,1.5915132031741038e-12
4010,horizontal,3.2000000000000002,410,true,2,5.4661239917453417e-11
4011,horizontal,3.2000000000000002,411,true,3,2.6194422380136639e-12
4012,horizontal,3.2000000000000002,412,true,3,3.996029982143219e-12
4013,horizontal,3.2000000000000002,413,true,2,7.2054452571927097e-12
4014,horizontal,3.2000000000000002,414,true,3,3.3087263647179425e-11
4015,horizontal,3.2000000000000002,415,true,2,1.7656191061638024e-11
4016,horizontal,3.2000000000000002,416,true,2,6.6978598839823008e-12
4017,horizontal,3.2000000000000002,417,true,3,1.1304937888212825e-11
4018,horizontal,3.2000000000000002,418,true,3,3.6606086294291419e-12
4019,horizontal,3.2000000000000002,419,true,3,6.1061006145786001e-11
4020,horizontal,3.2000000000000002,420,true,4,4.0136117312920779e-12
4021,horizontal,3.2000000000000002,421,true,3,1.2604078618357087e-11
4022,horizontal,3.2000000000000002,422,true,4,1.9384513904770013e-12
4023,horizontal,3.2000000000000002,423,true,3,1.2458150358953046e-11
4024,horizontal,3.2000000000000002,424,true,3,8.5425205733537395e-13
4025,horizontal,3.2000000000000002,425,true,3,2.2988335347788765e-11
4026,horizontal,3.2000000000000002,426,true,3,5.8535076478367246e-11
4027,horizontal,3.2000000000000002,427,true,3,2.4655910937916157e-11
4028,horizontal,3.2000000000000002,428,true,3,1.5593939448824122e-12
4029,horizontal,3.2000000000000002,429,true,3,1.7756470649721581e-11
4030,horizontal,3.2000000000000002,430,true,3,1.598687396360528e-11
4031,horizontal,3.2000000000000002,431,true,2,2.9732611169261043e-11
4032,horizontal,3.2000000000000002,432,true,3,1.8723582227432134e-11
4033,horizontal,3.2000000000000002,433,true,3,2.3474573169844702e-11
4034,horizontal,3.2000000000000002,434,true,3,3.930043245379045e-11
4035,horizontal,3.2000000000000002,435,true,3,1.0140001588497816e-12
4036,horizontal,3.2000000000000002,436,true,3,2.3634480618730621e-11
4037,horizontal,3.2000000000000002,437,true,2,7.6162060491693022e-11
4038,horizontal,3.2000000000000002,438,true,3,3.3532254140948527e-12
4039,horizontal,3.2000000000000002,439,true,3,5.6726002643367374e-11
4040,horizontal,3.2000000000000002,440,true,4,6.589948191240828e-13
4041,horizontal,3.2000000000000002,441,true,3,3.9559509442725122e-12
4042,horizontal,3.2000000000000002,442,true,3,7.978224697303437e-12
4043,horizontal,3.2000000000000002,443,true,3,2.216230184066769e-11
4044,horizontal,3.2000000000000002,444,true,3,1.9871355909332451e-11
4045,horizontal,3.2000000000000002,445,true,3,6.36278947840013e-13
4046,horizontal,3.2000000000000002,446,true,3,1.0425323606455341e-12
4047,horizontal,3.2000000000000002,447,true,2,2.0307979478707326e-11
4048,horizontal,3.2000000000000002,448,true,3,5.1082722958208795e-11
4049,horizontal,3.2000000000000002,449,true,2,6.9160455181263145e-11
4050,horizontal,3.2000000000000002,450,true,3,1.0110672232309763e-11
4051,horizontal,3.2000000000000002,451,true,2,5.9757210567016439e-11
4052,horizontal,3.2000000000000002,452,true,2,9.7337851713432102e-11
4053,horizontal,3.2000000000000002,453,true,3,1.2855042705325679e-12
4054,horizontal,3.2000000000000002,454,true,3,2.921401817780523e-12
4055,horizontal,3.2000000000000002,455,true,3,3.2312816803315927e-12
4056,horizontal,3.2000000000000002,456,true,2,8.2643461956564895e-11
4057,horizontal,3.2000000000000002,457,true,3,5.0333764888937443e-13
4058,horizontal,3.2000000000000002,458,true,3,1.1208690426303714e-12
4059,horizontal,3.2000000000000002,459,true,2,2.111439224877942e-11
4060,horizontal,3.2000000000000002,460,true,2,1.4705410686823866e-11
4061,horizontal,3.2000000000000002,461,true,3,1.1033156446854605e-11
4062,horizontal,3.2000000000000002,462,true,3,2.9236126202433441e-12
4063,horizontal,3.2000000000000002,463,true,3,1.8735277434109134e-11
4064,horizontal,3.2000000000000002,464,true,3,4.7360292877079397e-11
4065,horizontal,3.2000000000000002,465,true,3,6.9862397259710387e-12
4066,horizontal,3.2000000000000002,466,true,3,3.2356817236975716e-13
4067,horizontal,3.2000000000000002,467,true,3,4.5693497135194629e-13
4068,horizontal,3.2000000000000002,468,true,3,6.4125520449296972e-13
4069,horizontal,3.2000000000000002,469,true,4,1.0727119087445124e-12
4070,horizontal,3.2000000000000002,470,true,3,1.3503927498840353e-11
4071,horizontal,3.2000000000000002,471,true,3,3.6262083289364116e-12
4072,horizontal,3.2000000000000002,472,true,2,9.47009778400405e-11
4073,horizontal,3.2000000000000002,473,true,2,8.6631246116100703e-11
4074,horizontal,3.2000000000000002,474,true,3,6.5945878903141527e-11
4075,horizontal,3.2000000000000002,475,true,2,4.2583394943044826e-11
4076,horizontal,3.2000000000000002,476,true,2,1.3579768037526212e-11
4077,horizontal,3.2000000000000002,477,true,3,5.3313806639884164e-12
4078,horizontal,3.2000000000000002,478,true,3,1.3792355140801021e-11
4079,horizontal,3.2000000000000002,479,true,3,2.3523176412613931e-11
4080,horizontal,3.2000000000000002,480,true,3,8.6087444481592215e-12
4081,horizontal,3.2000000000000002,481,true,3,1.2128785941293554e-11
4082,horizontal,3.2000000000000002,482,true,3,3.8369790166397688e-11
4083,horizontal,3.2000000000000002,483,true,3,9.3133045913475463e-12
4084,horizontal,3.2000000000000002,484,true,4,5.4005298334076198e-12
4085,horizontal,3.2000000000000002,485,true,3,1.90195609352115e-11
4086,horizontal,3.2000000000000002,486,true,2,6.1683266648936786e-11
4087,horizontal,3.2000000000000002,487,true,3,2.3118980001572961e-11
4088,horizontal,3.2000000000000002,488,true,3,1.1593190843187328e-11
4089,horizontal,3.2000000000000002,489,true,3,3.4979121522890285e-12
4090,horizontal,3.2000000000000002,490,true,4,1.3287720108922346e-11
4091,horizontal,3.2000000000000002,491,true,3,3.2534804696544835e-11
4092,horizontal,3.2000000000000002,492,true,3,2.5539793743956488e-11
4093,horizontal,3.2000000000000002,493,true,3,2.8490572709766085e-12
4094,horizontal,3.2000000000000002,494,true,3,3.1693527432461498e-11
4095,horizontal,3.2000000000000002,495,true,3,3.1276842837435926e-12
4096,horizontal,3.2000000000000002,496,true,3,1.2553731907205661e-11
4097,horizontal,3.2000000000000002,497,true,3,1.2070962272447085e-12
4098,horizontal,3.2000000000000002,498,true,3,2.3986179864563765e-12
4099,horizontal,3.2000000000000002,499,true,3,7.464341058731201e-12
4100,horizontal,3.2000000000000002,500,true,3,2.2831442895026737e-12
4101,horizontal,3.2000000000000002,501,true,2,3.6455717783376835e-11
4102,horizontal,3.2000000000000002,502,true,2,8.2065558140663681e-11
4103,horizontal,3.2000000000000002,503,true,2,5.7774011156213033e-11
4104,horizontal,3.2000000000000002,504,true,3,1.8169214400060464e-12
4105,horizontal,3.2000000000000002,505,true,3,4.1623952292641658e-11
4106,horizontal,3.2000000000000002,506,true,3,4.4001616116167866e-12
4107,horizontal,3.2000000000000002,507,true,3,1.2832284905727552e-11
4108,horizontal,3.2000000000000002,508,true,3,5.4250616219911031e-13
4109,horizontal,3.2000000000000002,509,true,2,1.9322243486351743e-11
4110,horizontal,3.2000000000000002,510,true,3,7.7607707271543797e-12
4111,horizontal,3.2000000000000002,511,true,3,5.6721385305118615e-12
4112,horizontal,3.2000000000000002,512,true,2,1.8818159755281708e-11
4113,horizontal,3.2000000000000002,513,true,2,9.8549270555609586e-12
4114,horizontal,3.2000000000000002,514,true,2,8.9280562966681316e-11
4115,horizontal,3.2000000000000002,515,true,3,2.6587257715460249e-12
4116,horizontal,3.2000000000000002,516,true,2,5.094852073230902e-12
4117,horizontal,3.2000000000000002,517,true,2,2.9002737222555038e-11
4118,horizontal,3.2000000000000002,518,true,3,6.1691510574887173e-12
4119,horizontal,3.2000000000000002,519,true,3,8.9736203160810481e-11
4120,horizontal,3.2000000000000002,520,true,3,2.2682205398964558e-12
4121,horizontal,3.2000000000000002,521,true,3,5.1564727903828114e-12
4122,horizontal,3.2000000000000002,522,true,3,8.2439107327299119e-11
4123,horizontal,3.2000000000000002,523,true,4,3.808364718017718e-12
4124,horizontal,3.2000000000000002,524,true,3,1.9621418428685278e-13
4125,horizontal,3.2000000000000002,525,true,3,2.5313710273922986e-12
4126,horizontal,3.2000000000000002,526,true,3,2.4538598580523045e-12
4127,horizontal,3.2000000000000002,527,true,3,6.2580643788497093e-12
4128,horizontal,3.2000000000000002,528,true,3,5.7001020279239206e-12
4129,horizontal,3.2000000000000002,529,true,2,2.9959715027058431e-11
4130,horizontal,3.2000000000000002,530,true,2,3.5921358998034321e-11
4131,horizontal,3.2000000000000002,531,true,3,3.1336222408464987e-12
4132,horizontal,3.2000000000000002,532,true,3,1.5804997266374517e-12
4133,horizontal,3.2000000000000002,533,true,3,5.2126533672888373e-12
4134,horizontal,3.2000000000000002,534,true,2,6.9863532293951751e-11
4135,horizontal,3.2000000000000002,535,true,3,1.0400238551779183e-11
4136,horizontal,3.2000000000000002,536,true,3,9.438267824458613e-12
4137,horizontal,3.2000000000000002,537,true,3,2.4525171622674585e-13
4138,horizontal,3.2000000000000002,538,true,3,3.5041017208960021e-12
4139,horizontal,3.2000000000000002,539,true,2,7.7153260841499078e-11
4140,horizontal,3.2000000000000002,540,true,3,4.298917873508559e-12
4141,horizontal,3.2000000000000002,541,true,3,8.0533183567329676e-12
4142,horizontal,3.2000000000000002,542,true,3,9.3660189533524738e-11
4143,horizontal,3.2000000000000002,543,true,3,5.0144158116212773e-12
4144,horizontal,3.2000000000000002,544,true,3,4.4529066407138088e-13
4145,horizontal,3.2000000000000002,545,true,3,9.4472882756024282e-13
4146,horizontal,3.2000000000000002,546,true,2,7.3752269987243708e-11
4147,horizontal,3.2000000000000002,547,true,3,4.672048820493513e-12
4148,horizontal,3.2000000000000002,548,true,3,3.9134246131971264e-11
4149,horizontal,3.2000000000000002,549,true,3,6.617675821054405e-13
4150,horizontal,3.2000000000000002,550,true,2,3.311669463895555e-11
4151,horizontal,3.2000000000000002,551,true,3,7.210023246639919e-11
4152,horizontal,3.2000000000000002,552,true,3,1.303087317051318e-11
4153,horizontal,3.2000000000000002,553,true,3,3.3724925153071033e-11
4154,horizontal,3.2000000000000002,554,true,3,6.5709471703335304e-12
4155,horizontal,3.2000000000000002,555,true,3,5.4502789299810416e-12
4156,horizontal,3.2000000000000002,556,true,3,1.024378069574545e-11
4157,horizontal,3.2000000000000002,557,true,3,1.8881639432798981e-11
4158,horizontal,3.2000000000000002,558,true,3,7.4717471771243999e-13
4159,horizontal,3.2000000000000002,559,true,3,9.2287822837936043e-12
4160,horizontal,3.2000000000000002,560,true,3,1.1200386454396454e-12
4161,horizontal,3.2000000000000002,561,true,3,1.9103215252935942e-11
4162,horizontal,3.2000000000000002,562,true,3,6.1709942849220315e-11
4163,horizontal,3.2000000000000002,563,true,3,1.9820479276980563e-11
4164,horizontal,3.2000000000000002,564,true,3,1.1523054113906286e-11
4165,horizontal,3.2000000000000002,565,true,3,6.6736557283166445e-13
4166,horizontal,3.2000000000000002,566,true,2,3.7009022159416704e-11
4167,horizontal,3.2000000000000002,567,true,2,8.5583398619184781e-11
4168,horizontal,3.2000000000000002,568,true,3,1.3769398956931706e-12
4169,horizontal,3.2000000000000002,569,true,3,6.6566191984040346e-11
4170,horizontal,3.2000000000000002,570,true,3,2.2488916714468471e-11
4171,horizontal,3.2000000000000002,571,true,3,6.6792849752815052e-11
4172,horizontal,3.2000000000000002,572,true,3,1.0398878313509998e-11
4173,horizontal,3.2000000000000002,573,true,3,1.6659083839955436e-11
4174,horizontal,3.2000000000000002,574,true,3,2.2091593983766378e-11
4175,horizontal,3.2000000000000002,575,true,3,1.8429333146707811e-11
4176,horizontal,3.2000000000000002,576,true,3,8.9963814792475302e-13
4177,horizontal,3.2000000000000002,577,true,4,1.8461902224005336e-12
4178,horizontal,3.2000000000000002,578,true,3,1.3493308845759432e-12
4179,horizontal,3.2000000000000002,579,true,4,5.6436371442984847e-13
4180,horizontal,3.2000000000000002,580,true,3,6.1880700967428907e-12
4181,horizontal,3.2000000000000002,581,true,3,6.0614173169674202e-13
4182,horizontal,3.2000000000000002,582,true,3,7.3689714972385596e-12
4183,horizontal,3.2000000000000002,583,true,2,6.8505859304753486e-11
4184,horizontal,3.2000000000000002,584,true,3,1.4142645508192995e-12
4185,horizontal,3.2000000000000002,585,true,3,3.5263389259538304e-12
4186,horizontal,3.2000000000000002,586,true,2,6.271303546786731e-11
4187,horizontal,3.2000000000000002,587,true,2,5.606533748501782e-11
4188,horizontal,3.2000000000000002,588,true,3,2.2989742990442577e-12
4189,horizontal,3.2000000000000002,589,true,3,1.7664365487772531e-12
4190,horizontal,3.2000000000000002,590,true,3,1.6760445890346606e-11
4191,horizontal,3.2000000000000002,591,true,3,2.2168421099863311e-12
4192,horizontal,3.2000000000000002,592,true,3,8.4199836472928547e-11
4193,horizontal,3.2000000000000002,593,true,3,8.9590357515711728e-12
4194,horizontal,3.2000000000000002,594,true,3,3.4760985118502388e-12
4195,horizontal,3.2000000000000002,595,true,3,1.2352029559174889e-11
4196,horizontal,3.2000000000000002,596,true,3,1.6871212600359411e-11
4197,horizontal,3.2000000000000002,597,true,3,4.9728589665022412e-12
4198,horizontal,3.2000000000000002,598,true,3,4.481307279315081e-12
4199,horizontal,3.2000000000000002,599,true,3,7.4310888524873892e-12
4200,horizontal,3.2000000000000002,600,true,3,1.6924336278905313e-12
4201,horizontal,4.5300000000000002,1,true,2,1.0158674079339039e-11
4202,horizontal,4.5300000000000002,2,true,3,9.0846179382020299e-11
4203,horizontal,4.5300000000000002,3,true,3,1.1449636285327381e-11
4204,horizontal,4.5300000000000002,4,true,3,4.5482199900621695e-12
4205,horizontal,4.5300000000000002,5,true,2,8.5645746886761937e-11
4206,horizontal,4.5300000000000002,6,true,3,4.5512234566105729e-11
4207,horizontal,4.5300000000000002,7,true,3,1.1148414698236945e-12
4208,horizontal,4.5300000000000002,8,true,3,2.5636695418101517e-11
4209,horizontal,4.5300000000000002,9,true,3,1.9619914172421689e-12
4210,horizontal,4.5300000000000002,10,true,3,1.6129288046050627e-12
4211,horizontal,4.5300000000000002,11,true,4,2.4683484358730955e-11
4212,horizontal,4.5300000000000002,12,true,3,1.9072068079778717e-11
4213,horizontal,4.5300000000000002,13,true,4,3.4798942573666711e-12
4214,horizontal,4.5300000000000002,14,true,3,3.308880040938429e-12
4215,horizontal,4.5300000000000002,15,true,3,8.3183881613112127e-11
4216,horizontal,4.5300000000000002,16,true,4,7.2868399200588173e-11
4217,horizontal,4.5300000000000002,17,true,3,4.2016154133782435e-12
4218,horizontal,4.5300000000000002,18,true,3,8.7721266070215412e-13
4219,horizontal,4.5300000000000002,19,true,3,6.2643391586969611e-12
4220,horizontal,4.5300000000000002,20,true,3,2.4186494111323571e-11
4221,horizontal,4.5300000000000002,21,true,3,1.0149634418017807e-11
4222,horizontal,4.5300000000000002,22,true,2,7.374087260135884e-11
4223,horizontal,4.5300000000000002,23,true,4,2.6445360789578194e-11
4224,horizontal,4.5300000000000002,24,true,4,1.3660330743060546e-12
4225,horizontal,4.5300000000000002,25,true,4,3.860691204549486e-11
4226,horizontal,4.5300000000000002,26,true,4,1.7572108481138333e-11
4227,horizontal,4.5300000000000002,27,true,4,3.0237302369225008e-11
4228,horizontal,4.5300000000000002,28,true,4,7.738679136471557e-11
4229,horizontal,4.5300000000000002,29,true,3,3.1989761405864493e-11
4230,horizontal,4.5300000000000002,30,true,3,6.7902401308555819e-11
4231,horizontal,4.5300000000000002,31,true,3,1.2073214805133864e-12
4232,horizontal,4.5300000000000002,32,true,4,1.100003502353346e-11
4233,horizontal,4.5300000000000002,33,true,3,4.5511246830263277e-12
4234,horizontal,4.5300000000000002,34,true,4,3.6979135001359707e-11
4235,horizontal,4.5300000000000002,35,true,3,7.5700198816389866e-11
4236,horizontal,4.5300000000000002,36,true,4,1.6040654414996049e-12
4237,horizontal,4.5300000000000002,37,true,3,2.4830828659176393e-12
4238,horizontal,4.5300000000000002,38,true,3,2.83094951982718e-11
4239,horizontal,4.5300000000000002,39,true,4,6.7809434211857894e-12
4240,horizontal,4.5300000000000002,40,true,3,1.6770002564289788e-11
4241,horizontal,4.5300000000000002,41,true,3,4.2174780542674279e-11
4242,horizontal,4.5300000000000002,42,true,3,6.7790434095032932e-12
4243,horizontal,4.5300000000000002,43,true,3,9.4549985043673427e-11
4244,horizontal,4.5300000000000002,44,true,3,3.4308237380674004e-11
4245,horizontal,4.5300000000000002,45,true,3,1.5140663543779024e-12
4246,horizontal,4.5300000000000002,46,true,4,1.0395946593359125e-12
4247,horizontal,4.5300000000000002,47,true,4,2.0952081807353034e-11
4248,horizontal,4.5300000000000002,48,true,4,9.9524484038553676e-12
4249,horizontal,4.5300000000000002,49,true,4,7.4834210428975577e-12
4250,horizontal,4.5300000000000002,50,true,3,1.3032388180935514e-11
4251,horizontal,4.5300000000000002,51,true,4,1.2833061694929693e-12
4252,horizontal,4.5300000000000002,52,true,3,5.1684431608912479e-11
4253,horizontal,4.5300000000000002,53,true,3,3.6010578408125122e-11
4254,horizontal,4.5300000000000002,54,true,3,1.1500977434458623e-11
4255,horizontal,4.5300000000000002,55,true,3,6.3941762831401798e-12
4256,horizontal,4.5300000000000002,56,true,3,4.8610390902699889e-11
4257,horizontal,4.5300000000000002,57,true,3,2.8769360921121954e-11
4258,horizontal,4.5300000000000002,58,true,3,1.7702122280874271e-11
4259,horizontal,4.5300000000000002,59,true,3,4.4749899208024512e-11
4260,horizontal,4.5300000000000002,60,true,3,2.3018764892928549e-11
4261,horizontal,4.5300000000000002,61,true,3,8.3486403870918987e-13
4262,horizontal,4.5300000000000002,62,true,4,3.8990986638985817e-12
4263,horizontal,4.5300000000000002,63,true,3,1.582117446804895e-12
4264,horizontal,4.5300000000000002,64,true,3,1.5710960758280229e-12
4265,horizontal,4.5300000000000002,65,true,4,4.1603172787946343e-11
4266,horizontal,4.5300000000000002,66,true,3,1.3361208667454874e-11
4267,horizontal,4.5300000000000002,67,true,3,5.3512440518974949e-11
4268,horizontal,4.5300000000000002,68,true,3,8.8137041144140729e-11
4269,horizontal,4.5300000000000002,69,true,4,7.5571329689124301e-13
4270,horizontal,4.5300000000000002,70,true,3,7.6291244731040583e-12
4271,horizontal,4.5300000000000002,71,true,4,2.0078271642523336e-12
4272,horizontal,4.5300000000000002,72,true,4,7.1500781548998471e-12
4273,horizontal,4.5300000000000002,73,true,3,7.073941105547355e-12
4274,horizontal,4.5300000000000002,74,true,3,5.5004363958017162e-12
4275,horizontal,4.5300000000000002,75,true,3,3.9763144164706325e-13
4276,horizontal,4.5300000000000002,76,true,3,1.5903082947132455e-11
4277,horizontal,4.5300000000000002,77,true,3,6.5854717580582279e-12
4278,horizontal,4.5300000000000002,78,true,3,5.4566604480416014e-11
4279,horizontal,4.5300000000000002,79,true,3,1.610958472107017e-12
4280,horizontal,4.5300000000000002,80,true,4,2.3376619825800494e-13
4281,horizontal,4.5300000000000002,81,true,3,4.4165914438036222e-11
4282,horizontal,4.5300000000000002,82,true,3,2.6262959672070609e-11
4283,horizontal,4.5300000000000002,83,true,3,1.2505372209228931e-12
4284,horizontal,4.5300000000000002,84,true,3,2.4274280848996337e-12
4285,horizontal,4.5300000000000002,85,true,4,2.9887565613835148e-11
4286,horizontal,4.5300000000000002,86,true,3,8.0609303417235748e-12
4287,horizontal,4.5300000000000002,87,true,4,6.1011925736389854e-12
4288,horizontal,4.5300000000000002,88,true,3,1.5095098199316506e-11
4289,horizontal,4.5300000000000002,89,true,4,1.5756775759296765e-12
4290,horizontal,4.5300000000000002,90,true,4,1.6675700952415803e-12
4291,horizontal,4.5300000000000002,91,true,4,3.2753498273397414e-12
4292,horizontal,4.5300000000000002,92,true,3,2.3369438474317247e-12
4293,horizontal,4.5300000000000002,93,true,4,2.8580470675062104e-12
4294,horizontal,4.5300000000000002,94,true,4,3.3778597541874441e-12
4295,horizontal,4.5300000000000002,95,true,3,2.4256814496296944e-12
4296,horizontal,4.5300000000000002,96,true,3,2.0879294967787713e-11
4297,horizontal,4.5300000000000002,97,true,3,2.6010591996595046e-13
4298,horizontal,4.5300000000000002,98,true,3,2.1586703906384568e-11
4299,horizontal,4.5300000000000002,99,true,4,1.41888890206798e-11
4300,horizontal,4.5300000000000002,100,true,3,2.6889428163202269e-11
4301,horizontal,4.5300000000000002,101,true,4,9.3555998410044853e-12
4302,horizontal,4.5300000000000002,102,true,2,7.0670216123588598e-11
4303,horizontal,4.5300000000000002,103,true,3,9.0424131559526379e-12
4304,horizontal,4.5300000000000002,104,true,3,9.113380578368002e-12
4305,horizontal,4.5300000000000002,105,true,3,8.64536840775995e-12
4306,horizontal,4.5300000000000002,106,true,2,8.494881096388861e-11
4307,horizontal,4.5300000000000002,107,true,3,4.2569056078087432e-11
4308,horizontal,4.5300000000000002,108,true,3,1.3303559162864104e-11
4309,horizontal,4.5300000000000002,109,true,4,1.6875593882397258e-12
4310,horizontal,4.5300000000000002,110,true,3,9.8838792786030098e-12
4311,horizontal,4.5300000000000002,111,true,4,3.440980428095307e-12
4312,horizontal,4.5300000000000002,112,true,3,6.3358035744509542e-12
4313,horizontal,4.5300000000000002,113,true,2,1.5237888988058743e-11
4314,horizontal,4.5300000000000002,114,true,3,1.6004969482354284e-12
4315,horizontal,4.5300000000000002,115,true,4,2.4866098303275019e-12
4316,horizontal,4.5300000000000002,116,true,3,1.612389274218994e-11
4317,horizontal,4.5300000000000002,117,true,2,9.8260695590780975e-11
4318,horizontal,4.5300000000000002,118,true,4,2.905948137787164e-12
4319,horizontal,4.5300000000000002,119,true,3,1.7863898943568393e-11
4320,horizontal,4.5300000000000002,120,true,3,2.9161349573221661e-12
4321,horizontal,4.5300000000000002,121,true,3,5.0730381848464253e-12
4322,horizontal,4.5300000000000002,122,true,3,9.8134124630911551e-13
4323,horizontal,4.5300000000000002,123,true,3,1.8240169723599905e-12
4324,horizontal,4.5300000000000002,124,true,4,3.3782469542532225e-12
4325,horizontal,4.5300000000000002,125,true,3,5.5662580224036067e-12
4326,horizontal,4.5300000000000002,126,true,2,3.6781957838765206e-11
4327,horizontal,4.5300000000000002,127,true,2,9.0865418152440291e-12
4328,horizontal,4.5300000000000002,128,true,3,1.0848571754898602e-12
4329,horizontal,4.5300000000000002,129,true,3,1.8728114879691976e-12
4330,horizontal,4.5300000000000002,130,true,3,5.982373927130698e-12
4331,horizontal,4.5300000000000002,131,true,3,3.9219187130836938e-11
4332,horizontal,4.5300000000000002,132,true,3,1.7704531875441437e-11
4333,horizontal,4.5300000000000002,133,true,3,1.1733793427879121e-11
4334,horizontal,4.5300000000000002,134,true,3,1.2039267947698532e-11
4335,horizontal,4.5300000000000002,135,true,4,9.5924505150547827e-12
4336,horizontal,4.5300000000000002,136,true,3,5.5744389073550315e-12
4337,horizontal,4.5300000000000002,137,true,4,1.2436377098222749e-11
4338,horizontal,4.5300000000000002,138,true,3,5.0545663974971499e-11
4339,horizontal,4.5300000000000002,139,true,3,5.0398173996622461e-12
4340,horizontal,4.5300000000000002,140,true,3,3.4765468794722266e-11
4341,horizontal,4.5300000000000002,141,true,3,2.006410373040123e-11
4342,horizontal,4.5300000000000002,142,true,3,6.2339445600759395e-11
4343,horizontal,4.5300000000000002,143,true,4,6.412828633078794e-13
4344,horizontal,4.5300000000000002,144,true,3,2.0539137046613605e-11
4345,horizontal,4.5300000000000002,145,true,3,3.9409553491682428e-12
4346,horizontal,4.5300000000000002,146,true,4,1.0613199623290986e-11
4347,horizontal,4.5300000000000002,147,true,3,1.3651889057805127e-11
4348,horizontal,4.5300000000000002,148,true,3,9.858087261126398e-11
4349,horizontal,4.5300000000000002,149,true,3,1.7353052880777557e-12
4350,horizontal,4.5300000000000002,150,true,3,2.8166129690807067e-11
4351,horizontal,4.5300000000000002,151,true,4,2.1437369870690525e-11
4352,horizontal,4.5300000000000002,152,true,3,1.2679346347065888e-11
4353,horizontal,4.5300000000000002,153,true,3,1.6746837007188624e-12
4354,horizontal,4.5300000000000002,154,true,3,1.396216062238608e-11
4355,horizontal,4.5300000000000002,155,true,3,2.2967013755053598e-12
4356,horizontal,4.5300000000000002,156,true,3,5.3131860426280271e-12
4357,horizontal,4.5300000000000002,157,true,3,4.3813849308531236e-12
4358,horizontal,4.5300000000000002,158,true,3,6.3873940473139486e-11
4359,horizontal,4.5300000000000002,159,true,3,3.1563021291965338e-12
4360,horizontal,4.5300000000000002,160,true,4,3.1485605271387427e-11
4361,horizontal,4.5300000000000002,161,true,3,3.6587955415195976e-11
4362,horizontal,4.5300000000000002,162,true,3,3.001762125981166e-11
4363,horizontal,4.5300000000000002,163,true,3,3.4834334387857142e-11
4364,horizontal,4.5300000000000002,164,true,3,8.1475181581139891e-11
4365,horizontal,4.5300000000000002,165,true,3,4.0640639191144033e-12
4366,horizontal,4.5300000000000002,166,true,3,6.5465923623726566e-12
4367,horizontal,4.5300000000000002,167,true,4,3.5506087704570576e-11
4368,horizontal,4.5300000000000002,168,true,4,2.3913438740672287e-12
4369,horizontal,4.5300000000000002,169,true,3,3.2568254167243316e-12
4370,horizontal,4.5300000000000002,170,true,3,2.3338340394435641e-12
4371,horizontal,4.5300000000000002,171,true,3,1.0643259137207233e-12
4372,horizontal,4.5300000000000002,172,true,4,8.1916172370574992e-13
4373,horizontal,4.5300000000000002,173,true,3,4.9449712958173952e-11
4374,horizontal,4.5300000000000002,174,true,4,6.5410108673414695e-12
4375,horizontal,4.5300000000000002,175,true,2,9.1808208587296067e-11
4376,horizontal,4.5300000000000002,176,true,4,1.0916456599321217e-11
4377,horizontal,4.5300000000000002,177,true,4,2.6223559775517038e-11
4378,horizontal,4.5300000000000002,178,true,3,3.4498126923292442e-12
4379,horizontal,4.5300000000000002,179,true,3,5.2466479895477411e-12
4380,horizontal,4.5300000000000002,180,true,3,1.2424795176674343e-11
4381,horizontal,4.5300000000000002,181,true,3,5.4988255827476064e-12
4382,horizontal,4.5300000000000002,182,true,3,1.6741447139959878e-11
4383,horizontal,4.5300000000000002,183,true,4,7.1993435353551775e-12
4384,horizontal,4.5300000000000002,184,true,3,1.0589812013031478e-12
4385,horizontal,4.5300000000000002,185,true,4,2.1737010585734237e-11
4386,horizontal,4.5300000000000002,186,true,3,9.0454322979422366e-13
4387,horizontal,4.5300000000000002,187,true,3,2.3197665068580295e-11
4388,horizontal,4.5300000000000002,188,true,2,3.6175134153897515e-11
4389,horizontal,4.5300000000000002,189,true,3,5.4695098602470954e-11
4390,horizontal,4.5300000000000002,190,true,3,1.9234958942228158e-13
4391,horizontal,4.5300000000000002,191,true,3,1.5614962373389135e-12
4392,horizontal,4.5300000000000002,192,true,4,7.0663356998201665e-12
4393,horizontal,4.5300000000000002,193,true,3,8.9772122960558666e-11
4394,horizontal,4.5300000000000002,194,true,3,7.7601970938087195e-12
4395,horizontal,4.5300000000000002,195,true,3,9.2196327229939261e-11
4396,horizontal,4.5300000000000002,196,true,4,4.4257069643250795e-13
4397,horizontal,4.5300000000000002,197,true,3,1.6874693609684936e-12
4398,horizontal,4.5300000000000002,198,true,4,1.8617787502312298e-11
4399,horizontal,4.5300000000000002,199,true,4,6.968895663483663e-12
4400,horizontal,4.5300000000000002,200,true,3,1.1795945307950133e-12
4401,horizontal,4.5300000000000002,201,true,3,2.7534455249809922e-12
4402,horizontal,4.5300000000000002,202,true,3,2.9206544160843762e-11
4403,horizontal,4.5300000000000002,203,true,3,9.4938591199878412e-12
4404,horizontal,4.5300000000000002,204,true,3,1.9622414393358881e-12
4405,horizontal,4.5300000000000002,205,true,3,1.0788950039564565e-12
4406,horizontal,4.5300000000000002,206,true,3,3.155776480022995e-12
4407,horizontal,4.5300000000000002,207,true,2,8.1193140703087723e-11
4408,horizontal,4.5300000000000002,208,true,4,1.7633726089370345e-12
4409,horizontal,4.5300000000000002,209,true,5,3.621176503651053e-12
4410,horizontal,4.5300000000000002,210,true,2,5.9436809787594737e-11
4411,horizontal,4.5300000000000002,211,true,3,4.9258626083594199e-12
4412,horizontal,4.5300000000000002,212,true,4,6.8108618788661062e-11
4413,horizontal,4.5300000000000002,213,true,3,8.5684385854417938e-11
4414,horizontal,4.5300000000000002,214,true,4,6.6790988371290937e-12
4415,horizontal,4.5300000000000002,215,true,4,1.0258648753157611e-11
4416,horizontal,4.5300000000000002,216,true,3,2.1287932375931827e-11
4417,horizontal,4.5300000000000002,217,true,3,9.6991477858239825e-12
4418,horizontal,4.5300000000000002,218,true,2,8.9679966075407336e-11
4419,horizontal,4.5300000000000002,219,true,3,1.3073706942397708e-11
4420,horizontal,4.5300000000000002,220,true,3,6.2262456974801057e-12
4421,horizontal,4.5300000000000002,221,true,3,1.2336162397160463e-11
4422,horizontal,4.5300000000000002,222,true,3,1.5372928508651316e-12
4423,horizontal,4.5300000000000002,223,true,4,1.2739280293447347e-11
4424,horizontal,4.5300000000000002,224,true,3,2.4802023425879796e-11
4425,horizontal,4.5300000000000002,225,true,3,3.2998185610339456e-11
4426,horizontal,4.5300000000000002,226,true,3,2.4226552188200191e-11
4427,horizontal,4.5300000000000002,227,true,3,1.8453024769099181e-12
4428,horizontal,4.5300000000000002,228,true,3,2.146250004255689e-11
4429,horizontal,4.5300000000000002,229,true,3,7.0850151505672565e-11
4430,horizontal,4.5300000000000002,230,true,4,2.1585299390907076e-12
4431,horizontal,4.5300000000000002,231,true,4,1.8240668988297254e-12
4432,horizontal,4.5300000000000002,232,true,3,1.4775186462497753e-12
4433,horizontal,4.5300000000000002,233,true,3,1.8065397853934446e-11
4434,horizontal,4.5300000000000002,234,true,4,7.1504619473063196e-12
4435,horizontal,4.5300000000000002,235,true,4,2.0854332922436165e-12
4436,horizontal,4.5300000000000002,236,true,3,2.6445515167130903e-13
4437,horizontal,4.5300000000000002,237,true,3,1.4719321948685765e-11
4438,horizontal,4.5300000000000002,238,true,4,3.8719953658208657e-11
4439,horizontal,4.5300000000000002,239,true,3,3.0385632921828304e-12
4440,horizontal,4.5300000000000002,240,true,3,5.485755771314297e-11
4441,horizontal,4.5300000000000002,241,true,3,1.9278900386601198e-11
4442,horizontal,4.5300000000000002,242,true,4,2.3366874776230519e-12
4443,horizontal,4.5300000000000002,243,true,4,4.5109088335660293e-11
4444,horizontal,4.5300000000000002,244,true,3,7.2980211240114375e-12
4445,horizontal,4.5300000000000002,245,true,4,3.1973258596215057e-12
4446,horizontal,4.5300000000000002,246,true,3,2.6513508904142018e-13
4447,horizontal,4.5300000000000002,247,true,3,3.0436284135088676e-11
4448,horizontal,4.5300000000000002,248,true,3,2.0720360412317771e-11
4449,horizontal,4.5300000000000002,249,true,3,5.6884568104012303e-12
4450,horizontal,4.5300000000000002,250,true,3,2.0650771730449062e-11
4451,horizontal,4.5300000000000002,251,true,3,9.0626498661295682e-12
4452,horizontal,4.5300000000000002,252,true,4,4.7809036261074826e-12
4453,horizontal,4.5300000000000002,253,true,4,8.9145172240009006e-12
4454,horizontal,4.5300000000000002,254,true,3,1.1661232439402783e-11
4455,horizontal,4.5300000000000002,255,true,3,7.6071766852285952e-12
4456,horizontal,4.5300000000000002,256,true,4,4.4248239088337345e-11
4457,horizontal,4.5300000000000002,257,true,3,7.2979587047604442e-11
4458,horizontal,4.5300000000000002,258,true,3,8.6227423764625173e-12
4459,horizontal,4.5300000000000002,259,true,3,1.6260936644759611e-11
4460,horizontal,4.5300000000000002,260,true,4,9.9766058300229592e-12
4461,horizontal,4.5300000000000002,261,true,3,2.5213527728714102e-11
4462,horizontal,4.5300000000000002,262,true,2,8.586904307458294e-11
4463,horizontal,4.5300000000000002,263,true,3,8.8816387352878191e-12
4464,horizontal,4.5300000000000002,264,true,4,4.2059406063175494e-11
4465,horizontal,4.5300000000000002,265,true,4,2.3214487296829785e-12
4466,horizontal,4.5300000000000002,266,true,3,7.8171663300288596e-11
4467,horizontal,4.5300000000000002,267,true,3,1.6023364700147491e-11
4468,horizontal,4.5300000000000002,268,true,2,6.3608025903455898e-11
4469,horizontal,4.5300000000000002,269,true,3,3.5485313480445664e-12
4470,horizontal,4.5300000000000002,270,true,2,4.6768443848081395e-11
4471,horizontal,4.5300000000000002,271,true,3,6.4567191172232563e-13
4472,horizontal,4.5300000000000002,272,true,3,9.7021242460683971e-11
4473,horizontal,4.5300000000000002,273,true,3,2.0038486119325296e-11
4474,horizontal,4.5300000000000002,274,true,3,1.8250178407179199e-11
4475,horizontal,4.5300000000000002,275,true,3,6.1595144332707591e-11
4476,horizontal,4.5300000000000002,276,true,4,8.5436955264126341e-12
4477,horizontal,4.5300000000000002,277,true,3,4.3131889358515699e-11
4478,horizontal,4.5300000000000002,278,true,4,4.9716733462658226e-11
4479,horizontal,4.5300000000000002,279,true,3,4.6417209583529703e-12
4480,horizontal,4.5300000000000002,280,true,3,1.4003890815441488e-11
4481,horizontal,4.5300000000000002,281,true,4,7.2319065078163778e-12
4482,horizontal,4.5300000000000002,282,true,4,1.244827545827592e-12
4483,horizontal,4.5300000000000002,283,true,4,8.8004967115411717e-12
4484,horizontal,4.5300000000000002,284,true,3,4.3944958871342254e-12
4485,horizontal,4.5300000000000002,285,true,4,4.8666030584002966e-12
4486,horizontal,4.5300000000000002,286,true,3,3.4842841227442431e-12
4487,horizontal,4.5300000000000002,287,true,3,2.8109169331050356e-11
4488,horizontal,4.5300000000000002,288,true,3,7.8482142880015487e-12
4489,horizontal,4.5300000000000002,289,true,3,3.2912863407278464e-11
4490,horizontal,4.5300000000000002,290,true,3,9.834244036093605e-12
4491,horizontal,4.5300000000000002,291,true,3,9.5422374135185021e-11
4492,horizontal,4.5300000000000002,292,true,2,3.2570518713323129e-11
4493,horizontal,4.5300000000000002,293,true,3,5.4698921545487376e-11
4494,horizontal,4.5300000000000002,294,true,4,2.3640992417622824e-11
4495,horizontal,4.5300000000000002,295,true,4,1.5808657130439334e-11
4496,horizontal,4.5300000000000002,296,true,4,9.5497919698678037e-12
4497,horizontal,4.5300000000000002,297,true,4,2.815274096896056e-12
4498,horizontal,4.5300000000000002,298,true,3,6.6067728844665685e-12
4499,horizontal,4.5300000000000002,299,true,4,7.808010150948256e-12
4500,horizontal,4.5300000000000002,300,true,4,2.1942196299645736e-11
4501,horizontal,4.5300000000000002,301,true,3,1.1846053010427684e-11
4502,horizontal,4.5300000000000002,302,true,3,1.2723974316950268e-11
4503,horizontal,4.5300000000000002,303,true,4,1.4167430039756142e-12
4504,horizontal,4.5300000000000002,304,true,3,1.2742583066510749e-11
4505,horizontal,4.5300000000000002,305,true,3,4.227442555675067e-11
4506,horizontal,4.5300000000000002,306,true,4,2.97631382531728e-12
4507,horizontal,4.5300000000000002,307,true,3,5.3972529610679839e-12
4508,horizontal,4.5300000000000002,308,true,4,2.0463796724841789e-12
4509,horizontal,4.5300000000000002,309,true,3,2.1515928055950861e-11
4510,horizontal,4.5300000000000002,310,true,3,8.5140969686752299e-13
4511,horizontal,4.5300000000000002,311,true,2,4.9885607750333045e-11
4512,horizontal,4.5300000000000002,312,true,3,3.3960568134706065e-12
4513,horizontal,4.5300000000000002,313,true,3,8.9358076704272449e-12
4514,horizontal,4.5300000000000002,314,true,3,6.4324161302870341e-11
4515,horizontal,4.5300000000000002,315,true,3,1.4706502532740371e-11
4516,horizontal,4.5300000000000002,316,true,3,2.3260845282119786e-11
4517,horizontal,4.5300000000000002,317,true,3,2.5265340294612885e-11
4518,horizontal,4.5300000000000002,318,true,3,3.090988049462253e-11
4519,horizontal,4.5300000000000002,319,true,3,2.3998444815239289e-11
4520,horizontal,4.5300000000000002,320,true,3,1.3833677170284222e-11
4521,horizontal,4.5300000000000002,321,true,3,2.6531693754250915e-11
4522,horizontal,4.5300000000000002,322,true,3,2.9383623046232078e-11
4523,horizontal,4.5300000000000002,323,true,4,8.390183810182239e-13
4524,horizontal,4.5300000000000002,324,true,3,1.7634683333921605e-11
4525,horizontal,4.5300000000000002,325,true,3,6.2191314585662643e-11
4526,horizontal,4.5300000000000002,326,true,4,2.3933124841748125e-12
4527,horizontal,4.5300000000000002,327,true,4,4.564006543148396e-12
4528,horizontal,4.5300000000000002,328,true,3,3.3273168663572868e-11
4529,horizontal,4.5300000000000002,329,true,4,2.4316808564693441e-12
4530,horizontal,4.5300000000000002,330,true,3,9.9777553799659441e-11
4531,horizontal,4.5300000000000002,331,true,3,7.6614039503793628e-12
4532,horizontal,4.5300000000000002,332,true,2,3.20425484303592e-11
4533,horizontal,4.5300000000000002,333,true,3,6.50571304220264e-12
4534,horizontal,4.5300000000000002,334,true,2,3.8931616347035255e-11
4535,horizontal,4.5300000000000002,335,true,3,6.596964982952236e-12
4536,horizontal,4.5300000000000002,336,true,3,2.5381684904600866e-11
4537,horizontal,4.5300000000000002,337,true,3,3.8383256194405551e-11
4538,horizontal,4.5300000000000002,338,true,3,2.3558222695182111e-11
4539,horizontal,4.5300000000000002,339,true,3,1.1315166459405196e-12
4540,horizontal,4.5300000000000002,340,true,4,4.4583483626092203e-12
4541,horizontal,4.5300000000000002,341,true,3,2.4134959312933869e-11
4542,horizontal,4.5300000000000002,342,true,3,7.9753860272357053e-12
4543,horizontal,4.5300000000000002,343,true,3,1.0610293052306493e-12
4544,horizontal,4.5300000000000002,344,true,2,3.7468471781820532e-11
4545,horizontal,4.5300000000000002,345,true,3,3.4537508863408888e-11
4546,horizontal,4.5300000000000002,346,true,3,1.4282372535650319e-12
4547,horizontal,4.5300000000000002,347,true,3,4.0333452566282581e-11
4548,horizontal,4.5300000000000002,348,true,3,1.2999722879616929e-12
4549,horizontal,4.5300000000000002,349,true,3,1.9104230978865923e-11
4550,horizontal,4.5300000000000002,350,true,4,6.0980603914430236e-12
4551,horizontal,4.5300000000000002,351,true,4,1.5473642230558186e-11
4552,horizontal,4.5300000000000002,352,true,3,5.8016996696332319e-11
4553,horizontal,4.5300000000000002,353,true,4,3.4438763170666783e-12
4554,horizontal,4.5300000000000002,354,true,3,2.9586303213119404e-11
4555,horizontal,4.5300000000000002,355,true,3,1.9513784338158773e-12
4556,horizontal,4.5300000000000002,356,true,3,8.9442273140065078e-13
4557,horizontal,4.5300000000000002,357,true,3,7.2737288011845324e-12
4558,horizontal,4.5300000000000002,358,true,3,3.1792179116922036e-11
4559,horizontal,4.5300000000000002,359,true,4,5.2291341046460202e-11
4560,horizontal,4.5300000000000002,360,true,3,6.4782898411406964e-11
4561,horizontal,4.5300000000000002,361,true,3,6.7675208453532408e-11
4562,horizontal,4.5300000000000002,362,true,3,5.2764683564569169e-11
4563,horizontal,4.5300000000000002,363,true,4,2.8964234143817273e-11
4564,horizontal,4.5300000000000002,364,true,3,4.2147569179643131e-12
4565,horizontal,4.5300000000000002,365,true,4,1.5800603478481711e-12
4566,horizontal,4.5300000000000002,366,true,4,1.0230077018749159e-11
4567,horizontal,4.5300000000000002,367,true,3,6.8640232973248094e-11
4568,horizontal,4.5300000000000002,368,true,3,4.0902382556784939e-11
4569,horizontal,4.5300000000000002,369,true,2,9.9926618215642351e-11
4570,horizontal,4.5300000000000002,370,true,4,8.2365288138739369e-12
4571,horizontal,4.5300000000000002,371,true,4,1.8852390729183205e-11
4572,horizontal,4.5300000000000002,372,true,3,1.1953530921109165e-11
4573,horizontal,4.5300000000000002,373,true,4,3.5419338030021339e-12
4574,horizontal,4.5300000000000002,374,true,3,5.3691004021357236e-13
4575,horizontal,4.5300000000000002,375,true,3,4.2612280202423872e-11
4576,horizontal,4.5300000000000002,376,true,3,3.1788255967647153e-11
4577,horizontal,4.5300000000000002,377,true,3,5.9478763732077035e-11
4578,horizontal,4.5300000000000002,378,true,3,2.767591399390096e-12
4579,horizontal,4.5300000000000002,379,true,3,1.8708143286566445e-11
4580,horizontal,4.5300000000000002,380,true,3,2.373066491974261e-13
4581,horizontal,4.5300000000000002,381,true,3,4.4650770448732513e-11
4582,horizontal,4.5300000000000002,382,true,3,6.0504085487383616e-11
4583,horizontal,4.5300000000000002,383,true,4,8.7773631222018756e-12
4584,horizontal,4.5300000000000002,384,true,3,2.8613943544852192e-11
4585,horizontal,4.5300000000000002,385,true,3,3.8862277550725381e-12
4586,horizontal,4.5300000000000002,386,true,3,1.2842799073882629e-12
4587,horizontal,4.5300000000000002,387,true,4,1.0261112216342049e-11
4588,horizontal,4.5300000000000002,388,true,2,7.0643433781356085e-11
4589,horizontal,4.5300000000000002,389,true,3,9.4326780189250893e-12
4590,horizontal,4.5300000000000002,390,true,4,2.8611571402068596e-12
4591,horizontal,4.5300000000000002,391,true,4,4.2233600866736368e-12
4592,horizontal,4.5300000000000002,392,true,3,1.7816508904722468e-11
4593,horizontal,4.5300000000000002,393,true,3,1.8716527843430226e-11
4594,horizontal,4.5300000000000002,394,true,3,1.1979499690666673e-12
4595,horizontal,4.5300000000000002,395,true,3,9.7313922707966622e-12
4596,horizontal,4.5300000000000002,396,true,3,7.0965329611560617e-12
4597,horizontal,4.5300000000000002,397,true,2,2.0511963553159174e-11
4598,horizontal,4.5300000000000002,398,true,3,3.4906145022996587e-11
4599,horizontal,4.5300000000000002,399,true,3,1.4169811395885696e-11
4600,horizontal,4.5300000000000002,400,true,3,8.7592094473041603e-13
4601,horizontal,4.5300000000000002,401,true,3,2.0455325710274219e-11
4602,horizontal,4.5300000000000002,402,true,4,4.5697593932006458e-12
4603,horizontal,4.5300000000000002,403,true,3,8.643145315013884e-12
4604,horizontal,4.5300000000000002,404,true,3,1.0479672962382294e-12
4605,horizontal,4.5300000000000002,405,true,3,1.06488455419222e-12
4606,horizontal,4.5300000000000002,406,true,3,8.3928613130683171e-11
4607,horizontal,4.5300000000000002,407,true,3,4.153265216560723e-11
4608,horizontal,4.5300000000000002,408,true,3,7.6138862123145134e-12
4609,horizontal,4.5300000000000002,409,true,3,8.0326243696761903e-12
4610,horizontal,4.5300000000000002,410,true,3,1.866234981373052e-13
4611,horizontal,4.5300000000000002,411,true,3,1.488429891552275e-11
4612,horizontal,4.5300000000000002,412,true,3,2.3404491611118932e-11
4613,horizontal,4.5300000000000002,413,true,2,2.8586665250256023e-11
4614,horizontal,4.5300000000000002,414,true,4,3.69836795905246e-12
4615,horizontal,4.5300000000000002,415,true,2,7.037312376235678e-11
4616,horizontal,4.5300000000000002,416,true,2,2.7052770917071802e-11
4617,horizontal,4.5300000000000002,417,true,3,5.9446261352253926e-11
4618,horizontal,4.5300000000000002,418,true,3,2.2135742586141024e-11
4619,horizontal,4.5300000000000002,419,true,4,8.6980529607924292e-12
4620,horizontal,4.5300000000000002,420,true,4,3.1093545191598285e-11
4621,horizontal,4.5300000000000002,421,true,3,7.2626351231958394e-11
4622,horizontal,4.5300000000000002,422,true,4,1.6418273396613321e-11
4623,horizontal,4.5300000000000002,423,true,3,7.3125575729536861e-11
4624,horizontal,4.5300000000000002,424,true,3,4.7031265170460493e-12
4625,horizontal,4.5300000000000002,425,true,4,1.117892025174574e-11
4626,horizontal,4.5300000000000002,426,true,4,1.2059214372073724e-11
4627,horizontal,4.5300000000000002,427,true,4,3.5808319489117851e-12
4628,horizontal,4.5300000000000002,428,true,3,8.6112596539614116e-12
4629,horizontal,4.5300000000000002,429,true,4,1.8929322470742442e-12
4630,horizontal,4.5300000000000002,430,true,3,8.9804844898333998e-11
4631,horizontal,4.5300000000000002,431,true,3,1.1779244369359362e-12
4632,horizontal,4.5300000000000002,432,true,4,1.9528217471328474e-12
4633,horizontal,4.5300000000000002,433,true,4,1.6887425298881061e-12
4634,horizontal,4.5300000000000002,434,true,4,5.6279883137824143e-12
4635,horizontal,4.5300000000000002,435,true,3,5.5602041076754416e-12
4636,horizontal,4.5300000000000002,436,true,4,8.5987674441525026e-12
4637,horizontal,4.5300000000000002,437,true,3,2.5590098896832155e-12
4638,horizontal,4.5300000000000002,438,true,3,1.9182961688265725e-11
4639,horizontal,4.5300000000000002,439,true,4,5.8253245814631869e-12
4640,horizontal,4.5300000000000002,440,true,4,4.8792314829066762e-12
4641,horizontal,4.5300000000000002,441,true,3,2.2505775538105874e-11
4642,horizontal,4.5300000000000002,442,true,3,4.4907252342707196e-11
4643,horizontal,4.5300000000000002,443,true,4,1.7800444793766123e-12
4644,horizontal,4.5300000000000002,444,true,4,1.7579062740727628e-12
4645,horizontal,4.5300000000000002,445,true,3,3.6031563371659536e-12
4646,horizontal,4.5300000000000002,446,true,3,5.522202319916756e-12
4647,horizontal,4.5300000000000002,447,true,2,8.7258999387207046e-11
4648,horizontal,4.5300000000000002,448,true,4,7.1028782583447894e-12
4649,horizontal,4.5300000000000002,449,true,3,7.0424220857431057e-13
4650,horizontal,4.5300000000000002,450,true,3,5.5759140700743378e-11
4651,horizontal,4.5300000000000002,451,true,3,2.8800790339205979e-12
4652,horizontal,4.5300000000000002,452,true,3,1.1935849847747083e-11
4653,horizontal,4.5300000000000002,453,true,3,7.4940778935822981e-12
4654,horizontal,4.5300000000000002,454,true,3,1.6288286372125285e-11
4655,horizontal,4.5300000000000002,455,true,3,1.7332361837511939e-11
4656,horizontal,4.5300000000000002,456,true,3,4.385079888088636e-12
4657,horizontal,4.5300000000000002,457,true,3,2.8162775042482998e-12
4658,horizontal,4.5300000000000002,458,true,3,5.9402328648933979e-12
4659,horizontal,4.5300000000000002,459,true,2,8.5010563194577315e-11
4660,horizontal,4.5300000000000002,460,true,2,5.9128261975433148e-11
4661,horizontal,4.5300000000000002,461,true,3,6.0848644943351843e-11
4662,horizontal,4.5300000000000002,462,true,3,1.6213866718019843e-11
4663,horizontal,4.5300000000000002,463,true,4,3.859157131698771e-12
4664,horizontal,4.5300000000000002,464,true,4,1.5608145538607586e-11
4665,horizontal,4.5300000000000002,465,true,3,3.9894989917579687e-11
4666,horizontal,4.5300000000000002,466,true,3,1.816440244801263e-12
4667,horizontal,4.5300000000000002,467,true,3,2.8196051667241819e-12
4668,horizontal,4.5300000000000002,468,true,3,3.6392138510415892e-12
4669,horizontal,4.5300000000000002,469,true,4,7.764566987174255e-12
4670,horizontal,4.5300000000000002,470,true,3,7.8454267748745006e-11
4671,horizontal,4.5300000000000002,471,true,3,2.1173404150578094e-11
4672,horizontal,4.5300000000000002,472,true,3,2.5568755465273429e-12
4673,horizontal,4.5300000000000002,473,true,3,2.9726993932493803e-12
4674,horizontal,4.5300000000000002,474,true,4,1.8494254427585694e-11
4675,horizontal,4.5300000000000002,475,true,3,8.6197732942441067e-13
4676,horizontal,4.5300000000000002,476,true,2,5.5348953740960577e-11
4677,horizontal,4.5300000000000002,477,true,3,3.0454633057225939e-11
4678,horizontal,4.5300000000000002,478,true,3,7.7355022715741561e-11
4679,horizontal,4.5300000000000002,479,true,4,2.1832149671194749e-12
4680,horizontal,4.5300000000000002,480,true,3,4.9993111602396723e-11
4681,horizontal,4.5300000000000002,481,true,3,6.8821056384528404e-11
4682,horizontal,4.5300000000000002,482,true,4,3.1548288730179317e-11
4683,horizontal,4.5300000000000002,483,true,3,5.5106739335069833e-11
4684,horizontal,4.5300000000000002,484,true,4,4.135141677827356e-11
4685,horizontal,4.5300000000000002,485,true,4,1.4592370411022698e-12
4686,horizontal,4.5300000000000002,486,true,3,3.5189037813256816e-12
4687,horizontal,4.5300000000000002,487,true,4,5.3542586625716693e-12
4688,horizontal,4.5300000000000002,488,true,3,6.3434516537185931e-11
4689,horizontal,4.5300000000000002,489,true,3,1.9721632428195918e-11
4690,horizontal,4.5300000000000002,490,true,5,4.0619214646691816e-12
4691,horizontal,4.5300000000000002,491,true,4,2.3260624643320858e-11
4692,horizontal,4.5300000000000002,492,true,4,2.3086731513923884e-12
4693,horizontal,4.5300000000000002,493,true,3,1.4135126447619843e-11
4694,horizontal,4.5300000000000002,494,true,4,7.2432276592998013e-12
4695,horizontal,4.5300000000000002,495,true,3,1.8232738478443682e-11
4696,horizontal,4.5300000000000002,496,true,3,6.8001366181320832e-11
4697,horizontal,4.5300000000000002,497,true,3,6.0629000886367332e-12
4698,horizontal,4.5300000000000002,498,true,3,1.4162239907210743e-11
4699,horizontal,4.5300000000000002,499,true,3,4.1582069566673888e-11
4700,horizontal,4.5300000000000002,500,true,3,1.2861083365145307e-11
4701,horizontal,4.5300000000000002,501,true,3,3.0081280725355799e-12
4702,horizontal,4.5300000000000002,502,true,3,1.7050178781515047e-12
4703,horizontal,4.5300000000000002,503,true,3,3.6874765198743196e-13
4704,horizontal,4.5300000000000002,504,true,3,9.0531345604697385e-12
4705,horizontal,4.5300000000000002,505,true,4,3.1238380484413347e-12
4706,horizontal,4.5300000000000002,506,true,3,2.6037356888682971e-11
4707,horizontal,4.5300000000000002,507,true,3,7.1014481844371834e-11
4708,horizontal,4.5300000000000002,508,true,3,2.4734334605484562e-12
4709,horizontal,4.5300000000000002,509,true,2,7.6650032719448823e-11
4710,horizontal,4.5300000000000002,510,true,3,4.4824202513296004e-11
4711,horizontal,4.5300000000000002,511,true,3,3.3018306016116804e-11
4712,horizontal,4.5300000000000002,512,true,2,7.5130046945138795e-11
4713,horizontal,4.5300000000000002,513,true,2,3.9847495168282049e-11
4714,horizontal,4.5300000000000002,514,true,3,1.2033108415507076e-12
4715,horizontal,4.5300000000000002,515,true,3,1.5524136727834203e-11
4716,horizontal,4.5300000000000002,516,true,2,1.7285005378386056e-11
4717,horizontal,4.5300000000000002,517,true,3,2.2666270372679127e-12
4718,horizontal,4.5300000000000002,518,true,3,3.4843699992784364e-11
4719,horizontal,4.5300000000000002,519,true,4,1.3319109341825575e-11
4720,horizontal,4.5300000000000002,520,true,3,1.1859518680042613e-11
4721,horizontal,4.5300000000000002,521,true,3,2.7699346515263165e-11
4722,horizontal,4.5300000000000002,522,true,4,8.9154514484841329e-12
4723,horizontal,4.5300000000000002,523,true,4,3.4473618443647102e-11
4724,horizontal,4.5300000000000002,524,true,3,9.8036774471737268e-13
4725,horizontal,4.5300000000000002,525,true,3,1.4403289524355752e-11
4726,horizontal,4.5300000000000002,526,true,3,1.3952750401880571e-11
4727,horizontal,4.5300000000000002,527,true,3,3.5772326760022428e-11
4728,horizontal,4.5300000000000002,528,true,3,3.0603920794112036e-11
4729,horizontal,4.5300000000000002,529,true,3,8.2958713571582823e-13
4730,horizontal,4.5300000000000002,530,true,3,1.7260811627166264e-13
4731,horizontal,4.5300000000000002,531,true,3,1.7915209468912137e-11
4732,horizontal,4.5300000000000002,532,true,3,8.2484949830482753e-12
4733,horizontal,4.5300000000000002,533,true,3,3.0796496594461716e-11
4734,horizontal,4.5300000000000002,534,true,3,1.7825854728370471e-12
4735,horizontal,4.5300000000000002,535,true,3,5.67299882326817e-11
4736,horizontal,4.5300000000000002,536,true,3,5.3003990151525446e-11
4737,horizontal,4.5300000000000002,537,true,3,2.3754430050321055e-12
4738,horizontal,4.5300000000000002,538,true,3,1.9620580306091023e-11
4739,horizontal,4.5300000000000002,539,true,3,5.1042659864246609e-13
4740,horizontal,4.5300000000000002,540,true,3,2.4484436914048937e-11
4741,horizontal,4.5300000000000002,541,true,3,4.5747253541470659e-11
4742,horizontal,4.5300000000000002,542,true,4,5.1393455018382867e-12
4743,horizontal,4.5300000000000002,543,true,3,2.9019491253551153e-11
4744,horizontal,4.5300000000000002,544,true,3,1.5585123791716588e-12
4745,horizontal,4.5300000000000002,545,true,3,5.2073165196346174e-12
4746,horizontal,4.5300000000000002,546,true,3,8.1319056170357105e-12
4747,horizontal,4.5300000000000002,547,true,3,2.7213926916665286e-11
4748,horizontal,4.5300000000000002,548,true,4,4.0848864188560016e-12
4749,horizontal,4.5300000000000002,549,true,3,3.9413216847645789e-12
4750,horizontal,4.5300000000000002,550,true,3,9.2626527751828852e-13
4751,horizontal,4.5300000000000002,551,true,4,1.4636501820577488e-11
4752,horizontal,4.5300000000000002,552,true,3,7.5291461344891007e-11
4753,horizontal,4.5300000000000002,553,true,4,4.5268853674200065e-12
4754,horizontal,4.5300000000000002,554,true,3,3.7999304512466607e-11
4755,horizontal,4.5300000000000002,555,true,3,3.3089788831375897e-11
4756,horizontal,4.5300000000000002,556,true,3,6.0021223500367606e-11
4757,horizontal,4.5300000000000002,557,true,3,9.8739641096801567e-11
4758,horizontal,4.5300000000000002,558,true,3,4.0321434487475914e-12
4759,horizontal,4.5300000000000002,559,true,3,5.3691898024362099e-11
4760,horizontal,4.5300000000000002,560,true,3,5.7390841881235651e-12
4761,horizontal,4.5300000000000002,561,true,4,2.9126386808036624e-12
4762,horizontal,4.5300000000000002,562,true,4,2.6957583257651361e-11
4763,horizontal,4.5300000000000002,563,true,4,5.3778726200195147e-12
4764,horizontal,4.5300000000000002,564,true,3,6.4563678951644849e-11
4765,horizontal,4.5300000000000002,565,true,3,3.7659381718622299e-12
4766,horizontal,4.5300000000000002,566,true,3,1.4325175424773853e-12
4767,horizontal,4.5300000000000002,567,true,3,3.4418731837903387e-13
4768,horizontal,4.5300000000000002,568,true,3,7.2463384509152813e-12
4769,horizontal,4.5300000000000002,569,true,4,3.3419020052673255e-11
4770,horizontal,4.5300000000000002,570,true,4,5.43271193750047e-13
4771,horizontal,4.5300000000000002,571,true,4,7.6341985154284491e-12
4772,horizontal,4.5300000000000002,572,true,3,5.7282670682697755e-11
4773,horizontal,4.5300000000000002,573,true,3,9.7662728823187269e-11
4774,horizontal,4.5300000000000002,574,true,4,3.5272454128433839e-12
4775,horizontal,4.5300000000000002,575,true,4,2.6799166510008621e-12
4776,horizontal,4.5300000000000002,576,true,3,5.0683366660871066e-12
4777,horizontal,4.5300000000000002,577,true,4,1.4030052078766438e-11
4778,horizontal,4.5300000000000002,578,true,3,7.5429188547086906e-12
4779,horizontal,4.5300000000000002,579,true,4,5.163037938094239e-12
4780,horizontal,4.5300000000000002,580,true,3,3.532005036407966e-11
4781,horizontal,4.5300000000000002,581,true,3,3.7161423096463239e-12
4782,horizontal,4.5300000000000002,582,true,3,3.6613828526369562e-11
4783,horizontal,4.5300000000000002,583,true,3,6.6139002882071038e-12
4784,horizontal,4.5300000000000002,584,true,3,7.7986792611232997e-12
4785,horizontal,4.5300000000000002,585,true,3,2.0491418287335341e-11
4786,horizontal,4.5300000000000002,586,true,3,1.472298295997132e-12
4787,horizontal,4.5300000000000002,587,true,3,2.0071045309802809e-13
4788,horizontal,4.5300000000000002,588,true,3,1.2934452387614052e-11
4789,horizontal,4.5300000000000002,589,true,3,9.0511884137350398e-12
4790,horizontal,4.5300000000000002,590,true,3,9.9831812856053551e-11
4791,horizontal,4.5300000000000002,591,true,3,1.2658479338255002e-11
4792,horizontal,4.5300000000000002,592,true,4,7.7034991375820241e-12
4793,horizontal,4.5300000000000002,593,true,3,5.0459057643624101e-11
4794,horizontal,4.5300000000000002,594,true,3,2.0034032476392271e-11
4795,horizontal,4.5300000000000002,595,true,3,7.0446241016995015e-11
4796,horizontal,4.5300000000000002,596,true,3,9.9721732691662731e-11
4797,horizontal,4.5300000000000002,597,true,3,2.8590798717919576e-11
4798,horizontal,4.5300000000000002,598,true,3,2.2024102371008058e-11
4799,horizontal,4.5300000000000002,599,true,3,4.1910869894053672e-11
4800,horizontal,4.5300000000000002,600,true,3,8.4461681018364058e-12
4801,horizontal,6.4000000000000004,1,true,2,5.0769754329408455e-11
4802,horizontal,6.4000000000000004,2,true,4,1.921452097309914e-11
4803,horizontal,6.4000000000000004,3,true,3,6.5402928595639148e-11
4804,horizontal,6.4000000000000004,4,true,3,2.8713118140599304e-11
4805,horizontal,6.4000000000000004,5,true,3,3.9709377112909037e-13
4806,horizontal,6.4000000000000004,6,true,4,7.4967329520898292e-12
4807,horizontal,6.4000000000000004,7,true,3,6.4543205604109435e-12
4808,horizontal,6.4000000000000004,8,true,4,6.7382182108858781e-13
4809,horizontal,6.4000000000000004,9,true,3,1.171470799013294e-11
4810,horizontal,6.4000000000000004,10,true,3,9.3690903290433378e-12
4811,horizontal,6.4000000000000004,11,true,5,6.6567901454612838e-12
4812,horizontal,6.4000000000000004,12,true,4,3.5121567450007437e-12
4813,horizontal,6.4000000000000004,13,true,4,2.9523573016517827e-11
4814,horizontal,6.4000000000000004,14,true,3,1.996462019352167e-11
4815,horizontal,6.4000000000000004,15,true,4,7.5476729347061187e-12
4816,horizontal,6.4000000000000004,16,true,5,8.7014114444501918e-12
4817,horizontal,6.4000000000000004,17,true,3,2.2546462923688297e-11
4818,horizontal,6.4000000000000004,18,true,3,4.3984432122247757e-12
4819,horizontal,6.4000000000000004,19,true,3,3.5133088067373691e-11
4820,horizontal,6.4000000000000004,20,true,4,2.2643787461956257e-12
4821,horizontal,6.4000000000000004,21,true,3,5.7240227224995398e-11
4822,horizontal,6.4000000000000004,22,true,3,9.2836219066086895e-12
4823,horizontal,6.4000000000000004,23,true,5,7.1560598349036667e-12
4824,horizontal,6.4000000000000004,24,true,4,1.0925686741741462e-11
4825,horizontal,6.4000000000000004,25,true,5,4.0209681112404112e-12
4826,horizontal,6.4000000000000004,26,true,5,5.8849508306860564e-12
4827,horizontal,6.4000000000000004,27,true,5,1.5374157744972559e-12
4828,horizontal,6.4000000000000004,28,true,5,1.4126164534472224e-11
4829,horizontal,6.4000000000000004,29,true,4,2.0983151585170821e-12
4830,horizontal,6.4000000000000004,30,true,4,1.5722029084902274e-11
4831,horizontal,6.4000000000000004,31,true,3,5.2673067278696562e-12
4832,horizontal,6.4000000000000004,32,true,4,6.7446806420579932e-11
4833,horizontal,6.4000000000000004,33,true,3,2.1681031244828059e-11
4834,horizontal,6.4000000000000004,34,true,5,5.8970414191209488e-12
4835,horizontal,6.4000000000000004,35,true,4,5.3747719533502476e-11
4836,horizontal,6.4000000000000004,36,true,4,1.2524073471996582e-11
4837,horizontal,6.4000000000000004,37,true,3,1.439754889718572e-11
4838,horizontal,6.4000000000000004,38,true,4,3.1569024017942737e-12
4839,horizontal,6.4000000000000004,39,true,4,5.7174293245175026e-11
4840,horizontal,6.4000000000000004,40,true,3,9.6519388857293737e-11
4841,horizontal,6.4000000000000004,41,true,4,2.2036388359945335e-12
4842,horizontal,6.4000000000000004,42,true,3,3.9232002166681561e-11
4843,horizontal,6.4000000000000004,43,true,4,8.8550105436754895e-12
4844,horizontal,6.4000000000000004,44,true,4,3.8393355849148041e-12
4845,horizontal,6.4000000000000004,45,true,3,9.3364864096622639e-12
4846,horizontal,6.4000000000000004,46,true,4,8.0609748820849834e-12
4847,horizontal,6.4000000000000004,47,true,5,1.3103774424108697e-11
4848,horizontal,6.4000000000000004,48,true,4,8.35709956004631e-11
4849,horizontal,6.4000000000000004,49,true,4,5.4537769954197612e-11
4850,horizontal,6.4000000000000004,50,true,3,6.9308063232001069e-11
4851,horizontal,6.4000000000000004,51,true,4,8.901748138973856e-12
4852,horizontal,6.4000000000000004,52,true,4,4.8351580986272351e-11
4853,horizontal,6.4000000000000004,53,true,4,1.9963289720739266e-12
4854,horizontal,6.4000000000000004,54,true,3,6.5131941090408503e-11
4855,horizontal,6.4000000000000004,55,true,3,3.9600922622741173e-11
4856,horizontal,6.4000000000000004,56,true,4,1.271796076714683e-11
4857,horizontal,6.4000000000000004,57,true,4,2.2561260008715887e-11
4858,horizontal,6.4000000000000004,58,true,4,1.1142368196550982e-12
4859,horizontal,6.4000000000000004,59,true,4,1.1864497865255881e-11
4860,horizontal,6.4000000000000004,60,true,4,5.7514736880524097e-12
4861,horizontal,6.4000000000000004,61,true,3,4.5287521643443899e-12
4862,horizontal,6.4000000000000004,62,true,4,3.0589152954905929e-11
4863,horizontal,6.4000000000000004,63,true,3,8.7047731581906977e-12
4864,horizontal,6.4000000000000004,64,true,3,8.5896586893856245e-12
4865,horizontal,6.4000000000000004,65,true,5,6.3014680343483375e-12
4866,horizontal,6.4000000000000004,66,true,3,6.9750109376395002e-11
4867,horizontal,6.4000000000000004,67,true,4,4.8371500453604658e-12
4868,horizontal,6.4000000000000004,68,true,4,2.1104372158960006e-11
4869,horizontal,6.4000000000000004,69,true,4,6.5171512107614193e-12
4870,horizontal,6.4000000000000004,70,true,3,4.3465432661840113e-11
4871,horizontal,6.4000000000000004,71,true,4,1.4514576128579439e-11
4872,horizontal,6.4000000000000004,72,true,4,7.2058137825135252e-11
4873,horizontal,6.4000000000000004,73,true,3,3.963939514742909e-11
4874,horizontal,6.4000000000000004,74,true,3,4.1407521181969336e-11
4875,horizontal,6.4000000000000004,75,true,3,2.4117562484417744e-12
4876,horizontal,6.4000000000000004,76,true,3,9.0971503347063613e-11
4877,horizontal,6.4000000000000004,77,true,3,3.7704187204442254e-11
4878,horizontal,6.4000000000000004,78,true,4,5.6333840277533753e-11
4879,horizontal,6.4000000000000004,79,true,3,9.028010083952344e-12
4880,horizontal,6.4000000000000004,80,true,4,1.7985624818542687e-12
4881,horizontal,6.4000000000000004,81,true,4,1.613036934027787e-12
4882,horizontal,6.4000000000000004,82,true,4,9.5330086450177151e-13
4883,horizontal,6.4000000000000004,83,true,3,7.0206439647049098e-12
4884,horizontal,6.4000000000000004,84,true,3,1.2190717786513472e-11
4885,horizontal,6.4000000000000004,85,true,5,4.254597983779601e-12
4886,horizontal,6.4000000000000004,86,true,3,4.9783502723537021e-11
4887,horizontal,6.4000000000000004,87,true,4,5.0725580877636481e-11
4888,horizontal,6.4000000000000004,88,true,3,8.439356986561599e-11
4889,horizontal,6.4000000000000004,89,true,4,1.3725565735791196e-11
4890,horizontal,6.4000000000000004,90,true,4,1.0350964053324349e-11
4891,horizontal,6.4000000000000004,91,true,4,2.5030665770905954e-11
4892,horizontal,6.4000000000000004,92,true,3,1.3479669081644469e-11
4893,horizontal,6.4000000000000004,93,true,4,2.3761440047975611e-11
4894,horizontal,6.4000000000000004,94,true,4,2.7378374558600663e-11
4895,horizontal,6.4000000000000004,95,true,3,1.3161554364856902e-11
4896,horizontal,6.4000000000000004,96,true,4,3.1741656409056225e-13
4897,horizontal,6.4000000000000004,97,true,3,1.3982240368459659e-12
4898,horizontal,6.4000000000000004,98,true,4,5.3185901265974668e-13
4899,horizontal,6.4000000000000004,99,true,5,3.5602715800235557e-12
4900,horizontal,6.4000000000000004,100,true,4,1.3088090753452025e-12
4901,horizontal,6.4000000000000004,101,true,4,7.2382315687515947e-11
4902,horizontal,6.4000000000000004,102,true,3,4.6737998462116255e-12
4903,horizontal,6.4000000000000004,103,true,3,5.4658324797630325e-11
4904,horizontal,6.4000000000000004,104,true,3,5.1773842458873431e-11
4905,horizontal,6.4000000000000004,105,true,3,5.0928608919037982e-11
4906,horizontal,6.4000000000000004,106,true,3,2.4927177133645085e-12
4907,horizontal,6.4000000000000004,107,true,4,6.9188766935823732e-12
4908,horizontal,6.4000000000000004,108,true,3,7.8411504084103285e-11
4909,horizontal,6.4000000000000004,109,true,4,1.3029382292943719e-11
4910,horizontal,6.4000000000000004,110,true,3,5.7140640873077489e-11
4911,horizontal,6.4000000000000004,111,true,4,2.8793480991487243e-11
4912,horizontal,6.4000000000000004,112,true,3,3.5853443325146237e-11
4913,horizontal,6.4000000000000004,113,true,2,6.1237009753860227e-11
4914,horizontal,6.4000000000000004,114,true,3,1.0040395546153609e-11
4915,horizontal,6.4000000000000004,115,true,4,1.960029466730202e-11
4916,horizontal,6.4000000000000004,116,true,3,8.6515577811164355e-11
4917,horizontal,6.4000000000000004,117,true,3,8.6585498797902704e-12
4918,horizontal,6.4000000000000004,118,true,4,2.2089369434323736e-11
4919,horizontal,6.4000000000000004,119,true,3,9.9430245287774137e-11
4920,horizontal,6.4000000000000004,120,true,3,1.5401342512868726e-11
4921,horizontal,6.4000000000000004,121,true,3,2.9336737688748954e-11
4922,horizontal,6.4000000000000004,122,true,3,5.1902297304533259e-12
4923,horizontal,6.4000000000000004,123,true,3,1.1667184563264147e-11
4924,horizontal,6.4000000000000004,124,true,4,2.8342215398674635e-11
4925,horizontal,6.4000000000000004,125,true,3,2.9849287086444853e-11
4926,horizontal,6.4000000000000004,126,true,3,4.7957174242013476e-12
4927,horizontal,6.4000000000000004,127,true,2,4.1214192817077192e-11
4928,horizontal,6.4000000000000004,128,true,3,6.363303418413312e-12
4929,horizontal,6.4000000000000004,129,true,3,1.0636767146255043e-11
4930,horizontal,6.4000000000000004,130,true,3,3.0600250747413381e-11
4931,horizontal,6.4000000000000004,131,true,4,3.5747341559910204e-12
4932,horizontal,6.4000000000000004,132,true,3,8.7270975537004529e-11
4933,horizontal,6.4000000000000004,133,true,3,6.646757541323827e-11
4934,horizontal,6.4000000000000004,134,true,3,6.7215828276296132e-11
4935,horizontal,6.4000000000000004,135,true,4,7.1029064495796293e-11
4936,horizontal,6.4000000000000004,136,true,3,3.1979571743532781e-11
4937,horizontal,6.4000000000000004,137,true,5,3.0944621506052262e-12
4938,horizontal,6.4000000000000004,138,true,4,4.5417770426963898e-12
4939,horizontal,6.4000000000000004,139,true,3,2.8778612744715407e-11
4940,horizontal,6.4000000000000004,140,true,4,1.1644028821347265e-11
4941,horizontal,6.4000000000000004,141,true,4,1.1240083542169626e-12
4942,horizontal,6.4000000000000004,142,true,4,2.8275466104832536e-11
4943,horizontal,6.4000000000000004,143,true,4,4.4044294874410179e-12
4944,horizontal,6.4000000000000004,144,true,4,2.4504702269908862e-11
4945,horizontal,6.4000000000000004,145,true,3,2.2591439888147643e-11
4946,horizontal,6.4000000000000004,146,true,4,8.7523351514975405e-11
4947,horizontal,6.4000000000000004,147,true,3,7.9175729802844495e-11
4948,horizontal,6.4000000000000004,148,true,4,1.2697982395083087e-11
4949,horizontal,6.4000000000000004,149,true,3,9.5572504315532145e-12
4950,horizontal,6.4000000000000004,150,true,4,3.0087504093746567e-12
4951,horizontal,6.4000000000000004,151,true,5,2.782511151884266e-12
4952,horizontal,6.4000000000000004,152,true,3,7.6941708270589996e-11
4953,horizontal,6.4000000000000004,153,true,3,8.7782405901872694e-12
4954,horizontal,6.4000000000000004,154,true,3,7.4147519266143843e-11
4955,horizontal,6.4000000000000004,155,true,3,1.3575791230623596e-11
4956,horizontal,6.4000000000000004,156,true,3,2.9702705091719094e-11
4957,horizontal,6.4000000000000004,157,true,3,2.4940433305920601e-11
4958,horizontal,6.4000000000000004,158,true,4,2.7479793016659245e-11
4959,horizontal,6.4000000000000004,159,true,3,1.6357062407735091e-11
4960,horizontal,6.4000000000000004,160,true,5,9.7019561003827643e-12
4961,horizontal,6.4000000000000004,161,true,4,1.8250347569808407e-11
4962,horizontal,6.4000000000000004,162,true,4,6.4660528826371855e-13
4963,horizontal,6.4000000000000004,163,true,4,6.7238934444143182e-12
4964,horizontal,6.4000000000000004,164,true,4,5.2665006979761365e-12
4965,horizontal,6.4000000000000004,165,true,3,2.2665601671121349e-11
4966,horizontal,6.4000000000000004,166,true,3,3.8271815609680981e-11
4967,horizontal,6.4000000000000004,167,true,5,6.1395737468500894e-12
4968,horizontal,6.4000000000000004,168,true,4,2.0116947583453935e-11
4969,horizontal,6.4000000000000004,169,true,3,1.8275327840961039e-11
4970,horizontal,6.4000000000000004,170,true,3,1.2946939309792964e-11
4971,horizontal,6.4000000000000004,171,true,3,6.4726219382296208e-12
4972,horizontal,6.4000000000000004,172,true,4,7.5370206629412678e-12
4973,horizontal,6.4000000000000004,173,true,4,1.3499732376363707e-11
4974,horizontal,6.4000000000000004,174,true,4,4.4746179445502972e-11
4975,horizontal,6.4000000000000004,175,true,3,3.9945919770222637e-12
4976,horizontal,6.4000000000000004,176,true,4,8.7607376243331261e-11
4977,horizontal,6.4000000000000004,177,true,5,1.4928263791688457e-11
4978,horizontal,6.4000000000000004,178,true,3,1.951314829050323e-11
4979,horizontal,6.4000000000000004,179,true,3,2.8339795316287041e-11
4980,horizontal,6.4000000000000004,180,true,3,6.8944428383240901e-11
4981,horizontal,6.4000000000000004,181,true,3,3.0399209693163145e-11
4982,horizontal,6.4000000000000004,182,true,3,9.196802671343408e-11
4983,horizontal,6.4000000000000004,183,true,4,5.9840171623463901e-11
4984,horizontal,6.4000000000000004,184,true,3,6.0765071298200621e-12
4985,horizontal,6.4000000000000004,185,true,5,7.3612259849834676e-12
4986,horizontal,6.4000000000000004,186,true,3,5.7818328209539307e-12
4987,horizontal,6.4000000000000004,187,true,4,1.7017575127501264e-12
4988,horizontal,6.4000000000000004,188,true,3,5.2871673148071049e-12
4989,horizontal,6.4000000000000004,189,true,4,8.5671079960282554e-12
4990,horizontal,6.4000000000000004,190,true,3,1.3460710423819393e-12
4991,horizontal,6.4000000000000004,191,true,3,8.6967922690628936e-12
4992,horizontal,6.4000000000000004,192,true,4,5.5689862495089337e-11
4993,horizontal,6.4000000000000004,193,true,4,2.7726404783198115e-12
4994,horizontal,6.4000000000000004,194,true,3,4.1847208236438599e-11
4995,horizontal,6.4000000000000004,195,true,4,5.004217630497358e-12
4996,horizontal,6.4000000000000004,196,true,4,3.4014780383900918e-12
4997,horizontal,6.4000000000000004,197,true,3,9.574283324597931e-12
4998,horizontal,6.4000000000000004,198,true,5,5.407262085153403e-12
4999,horizontal,6.4000000000000004,199,true,4,5.3696651791998707e-11
5000,horizontal,6.4000000000000004,200,true,3,6.4614803027940402e-12
5001,horizontal,6.4000000000000004,201,true,3,1.6293685903931839e-11
5002,horizontal,6.4000000000000004,202,true,4,2.4465602330110457e-12
5003,horizontal,6.4000000000000004,203,true,3,5.5152830492639767e-11
5004,horizontal,6.4000000000000004,204,true,3,1.0729215779943988e-11
5005,horizontal,6.4000000000000004,205,true,3,6.4090632325826427e-12
5006,horizontal,6.4000000000000004,206,true,3,1.7968086384402812e-11
5007,horizontal,6.4000000000000004,207,true,3,1.4415835766197336e-12
5008,horizontal,6.4000000000000004,208,true,4,1.3282358860226482e-11
5009,horizontal,6.4000000000000004,209,true,5,4.7059449712020872e-11
5010,horizontal,6.4000000000000004,210,true,3,1.0421103371049844e-12
5011,horizontal,6.4000000000000004,211,true,3,2.7451567636192412e-11
5012,horizontal,6.4000000000000004,212,true,5,1.2405338105029973e-11
5013,horizontal,6.4000000000000004,213,true,4,3.3235605089069305e-12
5014,horizontal,6.4000000000000004,214,true,4,5.5943977188124347e-11
5015,horizontal,6.4000000000000004,215,true,4,7.6962200890581876e-11
5016,horizontal,6.4000000000000004,216,true,4,1.6743639697655549e-12
5017,horizontal,6.4000000000000004,217,true,3,5.0905614714440952e-11
5018,horizontal,6.4000000000000004,218,true,3,1.321728404686945e-12
5019,horizontal,6.4000000000000004,219,true,3,7.0709030689171243e-11
5020,horizontal,6.4000000000000004,220,true,3,3.6176253022118338e-11
5021,horizontal,6.4000000000000004,221,true,3,7.1145765692652416e-11
5022,horizontal,6.4000000000000004,222,true,3,8.4042273241691549e-12
5023,horizontal,6.4000000000000004,223,true,5,3.5279535700610485e-12
5024,horizontal,6.4000000000000004,224,true,4,7.6157802215637882e-12
5025,horizontal,6.4000000000000004,225,true,4,5.0067754291286616e-12
5026,horizontal,6.4000000000000004,226,true,4,3.373977488341344e-12
5027,horizontal,6.4000000000000004,227,true,3,1.0118162595318657e-11
5028,horizontal,6.4000000000000004,228,true,4,3.4829435780401312e-12
5029,horizontal,6.4000000000000004,229,true,4,1.2597571355165219e-11
5030,horizontal,6.4000000000000004,230,true,4,1.5638968865395338e-11
5031,horizontal,6.4000000000000004,231,true,4,1.4872101415358777e-11
5032,horizontal,6.4000000000000004,232,true,3,7.6202086971807709e-12
5033,horizontal,6.4000000000000004,233,true,3,9.8403578529293605e-11
5034,horizontal,6.4000000000000004,234,true,4,5.282120181599072e-11
5035,horizontal,6.4000000000000004,235,true,4,1.6932382865009849e-11
5036,horizontal,6.4000000000000004,236,true,3,1.6073901760424871e-12
5037,horizontal,6.4000000000000004,237,true,3,7.9670640392920629e-11
5038,horizontal,6.4000000000000004,238,true,5,1.5562725919824856e-11
5039,horizontal,6.4000000000000004,239,true,3,1.6144943870535597e-11
5040,horizontal,6.4000000000000004,240,true,4,1.8925237349291961e-11
5041,horizontal,6.4000000000000004,241,true,4,1.7776811412000871e-12
5042,horizontal,6.4000000000000004,242,true,4,1.7826118239469814e-11
5043,horizontal,6.4000000000000004,243,true,5,2.0385717471039457e-11
5044,horizontal,6.4000000000000004,244,true,3,4.2266671948403192e-11
5045,horizontal,6.4000000000000004,245,true,4,2.4660042639042344e-11
5046,horizontal,6.4000000000000004,246,true,3,1.3183154191465539e-12
5047,horizontal,6.4000000000000004,247,true,4,2.3831538311936544e-12
5048,horizontal,6.4000000000000004,248,true,4,3.276809983830288e-12
5049,horizontal,6.4000000000000004,249,true,3,3.0715449935135781e-11
5050,horizontal,6.4000000000000004,250,true,4,2.2828881165282996e-12
5051,horizontal,6.4000000000000004,251,true,3,5.1972954393076629e-11
5052,horizontal,6.4000000000000004,252,true,4,3.5343198935360232e-11
5053,horizontal,6.4000000000000004,253,true,4,6.9699736643426115e-11
5054,horizontal,6.4000000000000004,254,true,3,6.6938363230061038e-11
5055,horizontal,6.4000000000000004,255,true,3,4.1650885802284008e-11
5056,horizontal,6.4000000000000004,256,true,5,1.5509609170904236e-11
5057,horizontal,6.4000000000000004,257,true,4,9.3721179631385122e-12
5058,horizontal,6.4000000000000004,258,true,3,4.8020964865973509e-11
5059,horizontal,6.4000000000000004,259,true,3,9.2610977322892116e-11
5060,horizontal,6.4000000000000004,260,true,4,7.5183332200586093e-11
5061,horizontal,6.4000000000000004,261,true,4,1.9046817301058552e-11
5062,horizontal,6.4000000000000004,262,true,3,2.6345537363511687e-11
5063,horizontal,6.4000000000000004,263,true,3,4.2635805466158975e-11
5064,horizontal,6.4000000000000004,264,true,5,1.9002316342011128e-12
5065,horizontal,6.4000000000000004,265,true,4,1.8105507244600745e-11
5066,horizontal,6.4000000000000004,266,true,4,8.4053812302162383e-12
5067,horizontal,6.4000000000000004,267,true,3,9.67045830612599e-11
5068,horizontal,6.4000000000000004,268,true,3,4.9169870589828647e-12
5069,horizontal,6.4000000000000004,269,true,3,1.9579262031173625e-11
5070,horizontal,6.4000000000000004,270,true,3,5.2136209453554894e-12
5071,horizontal,6.4000000000000004,271,true,3,3.2753770408975656e-12
5072,horizontal,6.4000000000000004,272,true,4,5.0015527747312358e-11
5073,horizontal,6.4000000000000004,273,true,4,4.6038115610795863e-12
5074,horizontal,6.4000000000000004,274,true,4,6.8643098654129656e-13
5075,horizontal,6.4000000000000004,275,true,4,7.2564326514862811e-12
5076,horizontal,6.4000000000000004,276,true,4,7.0513999788982988e-11
5077,horizontal,6.4000000000000004,277,true,4,1.5632586489070067e-11
5078,horizontal,6.4000000000000004,278,true,5,1.9017034714676491e-11
5079,horizontal,6.4000000000000004,279,true,3,2.5594547537448981e-11
5080,horizontal,6.4000000000000004,280,true,3,8.0033121902024631e-11
5081,horizontal,6.4000000000000004,281,true,4,6.457687326039401e-11
5082,horizontal,6.4000000000000004,282,true,4,1.0778908533178362e-11
5083,horizontal,6.4000000000000004,283,true,4,7.3768686306628019e-11
5084,horizontal,6.4000000000000004,284,true,3,2.4050790648828828e-11
5085,horizontal,6.4000000000000004,285,true,4,4.0637679388885206e-11
5086,horizontal,6.4000000000000004,286,true,3,1.9256523542542293e-11
5087,horizontal,6.4000000000000004,287,true,4,1.5174880209431039e-12
5088,horizontal,6.4000000000000004,288,true,3,4.13335994026983e-11
5089,horizontal,6.4000000000000004,289,true,4,2.2955093946092755e-11
5090,horizontal,6.4000000000000004,290,true,3,5.6228700266482505e-11
5091,horizontal,6.4000000000000004,291,true,4,2.6721408028644687e-11
5092,horizontal,6.4000000000000004,292,true,3,9.7075166104265929e-12
5093,horizontal,6.4000000000000004,293,true,4,3.7188180696361544e-12
5094,horizontal,6.4000000000000004,294,true,5,6.0439740781333158e-12
5095,horizontal,6.4000000000000004,295,true,5,4.5397137546963648e-12
5096,horizontal,6.4000000000000004,296,true,4,8.0961656856734442e-11
5097,horizontal,6.4000000000000004,297,true,4,2.3238065206869473e-11
5098,horizontal,6.4000000000000004,298,true,3,3.4577150244208146e-11
5099,horizontal,6.4000000000000004,299,true,4,5.7289730292375488e-11
5100,horizontal,6.4000000000000004,300,true,5,5.3019547669588403e-12
5101,horizontal,6.4000000000000004,301,true,3,6.7639697558128071e-11
5102,horizontal,6.4000000000000004,302,true,3,5.3509297624200467e-11
5103,horizontal,6.4000000000000004,303,true,4,1.0619926333014e-11
5104,horizontal,6.4000000000000004,304,true,3,6.4026550269325493e-11
5105,horizontal,6.4000000000000004,305,true,4,4.2872085995796435e-12
5106,horizontal,6.4000000000000004,306,true,4,2.4935631549368483e-11
5107,horizontal,6.4000000000000004,307,true,3,3.0749860984879902e-11
5108,horizontal,6.4000000000000004,308,true,4,1.5409365679210926e-11
5109,horizontal,6.4000000000000004,309,true,4,1.4210113544756556e-12
5110,horizontal,6.4000000000000004,310,true,3,4.6543893560820534e-12
5111,horizontal,6.4000000000000004,311,true,3,1.0905942194927019e-11
5112,horizontal,6.4000000000000004,312,true,3,1.8921791527233117e-11
5113,horizontal,6.4000000000000004,313,true,3,5.7681940371730402e-11
5114,horizontal,6.4000000000000004,314,true,4,4.5841053771028192e-12
5115,horizontal,6.4000000000000004,315,true,3,8.0533043668238851e-11
5116,horizontal,6.4000000000000004,316,true,4,4.2595272420915299e-12
5117,horizontal,6.4000000000000004,317,true,4,2.942700085195182e-12
5118,horizontal,6.4000000000000004,318,true,4,5.4927171572095616e-12
5119,horizontal,6.4000000000000004,319,true,4,1.9842167342503164e-11
5120,horizontal,6.4000000000000004,320,true,3,7.8323072678197045e-11
5121,horizontal,6.4000000000000004,321,true,4,4.5726798628568684e-12
5122,horizontal,6.4000000000000004,322,true,4,2.1399412879410955e-12
5123,horizontal,6.4000000000000004,323,true,4,5.5741573711434294e-12
5124,horizontal,6.4000000000000004,324,true,4,9.3402183622309222e-12
5125,horizontal,6.4000000000000004,325,true,4,6.6973189509362434e-12
5126,horizontal,6.4000000000000004,326,true,4,2.0585462217902012e-11
5127,horizontal,6.4000000000000004,327,true,4,3.6018110072908122e-11
5128,horizontal,6.4000000000000004,328,true,4,1.1514158491148572e-11
5129,horizontal,6.4000000000000004,329,true,4,2.028842063333042e-11
5130,horizontal,6.4000000000000004,330,true,4,5.258394376309407e-12
5131,horizontal,6.4000000000000004,331,true,3,4.2304102124835101e-11
5132,horizontal,6.4000000000000004,332,true,3,4.725460832081118e-13
5133,horizontal,6.4000000000000004,333,true,3,3.6939001591310095e-11
5134,horizontal,6.4000000000000004,334,true,3,1.4797410188949708e-12
5135,horizontal,6.4000000000000004,335,true,3,3.4065166717265893e-11
5136,horizontal,6.4000000000000004,336,true,4,8.4169963109555077e-12
5137,horizontal,6.4000000000000004,337,true,4,6.9677567730363285e-12
5138,horizontal,6.4000000000000004,338,true,4,3.6083088851225773e-12
5139,horizontal,6.4000000000000004,339,true,3,6.506476833229261e-12
5140,horizontal,6.4000000000000004,340,true,4,3.9433897978356782e-11
5141,horizontal,6.4000000000000004,341,true,4,7.1673395683227535e-12
5142,horizontal,6.4000000000000004,342,true,3,4.5047118073819613e-11
5143,horizontal,6.4000000000000004,343,true,3,5.8360423995036133e-12
5144,horizontal,6.4000000000000004,344,true,3,3.0265182621572913e-12
5145,horizontal,6.4000000000000004,345,true,4,3.005614064833288e-12
5146,horizontal,6.4000000000000004,346,true,3,8.2729765649200104e-12
5147,horizontal,6.4000000000000004,347,true,4,4.5381095307540449e-12
5148,horizontal,6.4000000000000004,348,true,3,7.1162710771198577e-12
5149,horizontal,6.4000000000000004,349,true,4,1.8697418203153473e-12
5150,horizontal,6.4000000000000004,350,true,4,3.6104220149349085e-11
5151,horizontal,6.4000000000000004,351,true,5,2.5075347438026492e-12
5152,horizontal,6.4000000000000004,352,true,4,1.4576139548741369e-11
5153,horizontal,6.4000000000000004,353,true,4,2.6886344363281753e-11
5154,horizontal,6.4000000000000004,354,true,4,3.0022863118978913e-12
5155,horizontal,6.4000000000000004,355,true,3,1.1370179794371222e-11
5156,horizontal,6.4000000000000004,356,true,3,3.8436536985693683e-12
5157,horizontal,6.4000000000000004,357,true,3,3.9564075313746786e-11
5158,horizontal,6.4000000000000004,358,true,4,2.9044912522585813e-12
5159,horizontal,6.4000000000000004,359,true,5,1.3419181927589147e-11
5160,horizontal,6.4000000000000004,360,true,4,7.7428961168645052e-12
5161,horizontal,6.4000000000000004,361,true,4,3.6654052008371309e-12
5162,horizontal,6.4000000000000004,362,true,4,2.4025524917820502e-12
5163,horizontal,6.4000000000000004,363,true,5,8.049356816142437e-12
5164,horizontal,6.4000000000000004,364,true,3,2.2267012228222115e-11
5165,horizontal,6.4000000000000004,365,true,4,1.1352756457131125e-11
5166,horizontal,6.4000000000000004,366,true,4,8.0305730222042504e-11
5167,horizontal,6.4000000000000004,367,true,4,6.3102645576845956e-12
5168,horizontal,6.4000000000000004,368,true,4,6.0939821191458674e-12
5169,horizontal,6.4000000000000004,369,true,3,4.4466553548080759e-11
5170,horizontal,6.4000000000000004,370,true,4,6.6771771711856591e-11
5171,horizontal,6.4000000000000004,371,true,5,3.571895260754051e-12
5172,horizontal,6.4000000000000004,372,true,3,6.6292689946667956e-11
5173,horizontal,6.4000000000000004,373,true,4,2.6283826411914953e-11
5174,horizontal,6.4000000000000004,374,true,3,2.7802849216944065e-12
5175,horizontal,6.4000000000000004,375,true,4,1.1835526193749616e-12
5176,horizontal,6.4000000000000004,376,true,4,1.2499580139894243e-11
5177,horizontal,6.4000000000000004,377,true,4,3.0506022475350975e-11
5178,horizontal,6.4000000000000004,378,true,3,1.3055723583445418e-11
5179,horizontal,6.4000000000000004,379,true,4,7.8324430555408459e-13
5180,horizontal,6.4000000000000004,380,true,3,1.1989697502222363e-12
5181,horizontal,6.4000000000000004,381,true,4,1.273692773628905e-11
5182,horizontal,6.4000000000000004,382,true,4,6.7803854106944696e-12
5183,horizontal,6.4000000000000004,383,true,4,7.2069980186353935e-11
5184,horizontal,6.4000000000000004,384,true,4,5.5544526458741321e-13
5185,horizontal,6.4000000000000004,385,true,3,2.115614717031083e-11
5186,horizontal,6.4000000000000004,386,true,3,7.6934578876797125e-12
5187,horizontal,6.4000000000000004,387,true,4,8.1785279291786234e-11
5188,horizontal,6.4000000000000004,388,true,3,8.2664137830948833e-13
5189,horizontal,6.4000000000000004,389,true,3,5.8042524259323013e-11
5190,horizontal,6.4000000000000004,390,true,4,2.4968281451433934e-11
5191,horizontal,6.4000000000000004,391,true,4,3.022836609192523e-11
5192,horizontal,6.4000000000000004,392,true,3,9.5709977407028623e-11
5193,horizontal,6.4000000000000004,393,true,4,1.4074218263683661e-12
5194,horizontal,6.4000000000000004,394,true,3,7.3579985398106381e-12
5195,horizontal,6.4000000000000004,395,true,3,5.9087341285962641e-11
5196,horizontal,6.4000000000000004,396,true,3,3.879330045445007e-11
5197,horizontal,6.4000000000000004,397,true,2,8.6093766661577063e-11
5198,horizontal,6.4000000000000004,398,true,4,1.8302563023797762e-12
5199,horizontal,6.4000000000000004,399,true,3,7.5176780133134379e-11
5200,horizontal,6.4000000000000004,400,true,3,3.9696815640898123e-12
5201,horizontal,6.4000000000000004,401,true,4,1.1203931494857049e-12
5202,horizontal,6.4000000000000004,402,true,4,3.6233275454311249e-11
5203,horizontal,6.4000000000000004,403,true,3,4.899891018480496e-11
5204,horizontal,6.4000000000000004,404,true,3,5.5811322760019833e-12
5205,horizontal,6.4000000000000004,405,true,3,6.0643918839047375e-12
5206,horizontal,6.4000000000000004,406,true,4,3.5962699540924498e-11
5207,horizontal,6.4000000000000004,407,true,4,9.3705814824827076e-12
5208,horizontal,6.4000000000000004,408,true,3,4.7283159993609182e-11
5209,horizontal,6.4000000000000004,409,true,3,3.7533505698137289e-11
5210,horizontal,6.4000000000000004,410,true,3,1.0401026956871107e-12
5211,horizontal,6.4000000000000004,411,true,3,8.465788021043454e-11
5212,horizontal,6.4000000000000004,412,true,4,3.9915210972376665e-12
5213,horizontal,6.4000000000000004,413,true,3,2.4882113292175216e-12
5214,horizontal,6.4000000000000004,414,true,4,2.9822002169175476e-11
5215,horizontal,6.4000000000000004,415,true,3,3.9200639359051154e-12
5216,horizontal,6.4000000000000004,416,true,3,2.9955144007185442e-12
5217,horizontal,6.4000000000000004,417,true,4,3.6247852750216218e-11
5218,horizontal,6.4000000000000004,418,true,4,1.2736134435565786e-11
5219,horizontal,6.4000000000000004,419,true,4,7.6173475919787311e-11
5220,horizontal,6.4000000000000004,420,true,5,1.3244948590077286e-11
5221,horizontal,6.4000000000000004,421,true,4,4.7440243356740132e-12
5222,horizontal,6.4000000000000004,422,true,5,4.425053873733869e-12
5223,horizontal,6.4000000000000004,423,true,4,8.7560701099756046e-12
5224,horizontal,6.4000000000000004,424,true,3,2.548916220356072e-11
5225,horizontal,6.4000000000000004,425,true,4,9.2982921110171279e-11
5226,horizontal,6.4000000000000004,426,true,4,9.2040898103673895e-11
5227,horizontal,6.4000000000000004,427,true,4,2.827701265818632e-11
5228,horizontal,6.4000000000000004,428,true,3,5.0668111791126666e-11
5229,horizontal,6.4000000000000004,429,true,4,1.6233118790627096e-11
5230,horizontal,6.4000000000000004,430,true,4,2.0494387888636201e-11
5231,horizontal,6.4000000000000004,431,true,3,6.292255693841831e-12
5232,horizontal,6.4000000000000004,432,true,4,1.6079241769056375e-11
5233,horizontal,6.4000000000000004,433,true,4,1.4206806883402051e-11
5234,horizontal,6.4000000000000004,434,true,4,4.2269407092043553e-11
5235,horizontal,6.4000000000000004,435,true,3,3.0373060032412629e-11
5236,horizontal,6.4000000000000004,436,true,4,6.9774315219359068e-11
5237,horizontal,6.4000000000000004,437,true,3,1.440565908739004e-11
5238,horizontal,6.4000000000000004,438,true,4,8.6596947198946727e-13
5239,horizontal,6.4000000000000004,439,true,4,4.3402165783115399e-11
5240,horizontal,6.4000000000000004,440,true,4,4.0379301556162592e-11
5241,horizontal,6.4000000000000004,441,true,4,1.7606013634594263e-12
5242,horizontal,6.4000000000000004,442,true,4,1.4400482309812427e-12
5243,horizontal,6.4000000000000004,443,true,4,1.5535552324430915e-11
5244,horizontal,6.4000000000000004,444,true,4,1.4570674106476019e-11
5245,horizontal,6.4000000000000004,445,true,3,2.0312599118355341e-11
5246,horizontal,6.4000000000000004,446,true,3,3.0780949892476093e-11
5247,horizontal,6.4000000000000004,447,true,3,3.0750349133770688e-12
5248,horizontal,6.4000000000000004,448,true,4,5.348394063591222e-11
5249,horizontal,6.4000000000000004,449,true,3,3.1739102269627177e-12
5250,horizontal,6.4000000000000004,450,true,4,4.6825157137688753e-12
5251,horizontal,6.4000000000000004,451,true,3,1.6248246268959923e-11
5252,horizontal,6.4000000000000004,452,true,3,6.7077960502214632e-11
5253,horizontal,6.4000000000000004,453,true,3,4.3275574451723651e-11
5254,horizontal,6.4000000000000004,454,true,3,8.8786297734476167e-11
5255,horizontal,6.4000000000000004,455,true,3,9.0192462080980982e-11
5256,horizontal,6.4000000000000004,456,true,3,2.4983135080259804e-11
5257,horizontal,6.4000000000000004,457,true,3,1.6186473935220877e-11
5258,horizontal,6.4000000000000004,458,true,3,3.430082372288887e-11
5259,horizontal,6.4000000000000004,459,true,3,1.798134222918818e-12
5260,horizontal,6.4000000000000004,460,true,3,2.9483874469628843e-12
5261,horizontal,6.4000000000000004,461,true,4,1.0822588174428315e-11
5262,horizontal,6.4000000000000004,462,true,3,8.7399995804608437e-11
5263,horizontal,6.4000000000000004,463,true,4,3.2278190305088618e-11
5264,horizontal,6.4000000000000004,464,true,5,2.6469855379702244e-12
5265,horizontal,6.4000000000000004,465,true,4,2.5187879467995502e-12
5266,horizontal,6.4000000000000004,466,true,3,9.8679605948155884e-12
5267,horizontal,6.4000000000000004,467,true,3,1.7268265582148741e-11
5268,horizontal,6.4000000000000004,468,true,3,2.027476043490012e-11
5269,horizontal,6.4000000000000004,469,true,4,5.4070622747183786e-11
5270,horizontal,6.4000000000000004,470,true,4,1.0528895559832144e-11
5271,horizontal,6.4000000000000004,471,true,4,9.2506586464480809e-13
5272,horizontal,6.4000000000000004,472,true,3,1.4053480682786096e-11
5273,horizontal,6.4000000000000004,473,true,3,1.7296415874493278e-11
5274,horizontal,6.4000000000000004,474,true,5,9.5232866033876556e-13
5275,horizontal,6.4000000000000004,475,true,3,5.0273975718127345e-12
5276,horizontal,6.4000000000000004,476,true,3,4.1407356706728023e-13
5277,horizontal,6.4000000000000004,477,true,4,3.6174928845257828e-11
5278,horizontal,6.4000000000000004,478,true,4,1.029240968207954e-11
5279,horizontal,6.4000000000000004,479,true,4,1.6498763448588765e-11
5280,horizontal,6.4000000000000004,480,true,4,5.5480788210288356e-12
5281,horizontal,6.4000000000000004,481,true,4,4.3472292290776496e-12
5282,horizontal,6.4000000000000004,482,true,5,2.7756917920519168e-12
5283,horizontal,6.4000000000000004,483,true,4,1.4451064247064355e-11
5284,horizontal,6.4000000000000004,484,true,5,6.6037124541311962e-12
5285,horizontal,6.4000000000000004,485,true,4,1.2320769507193071e-11
5286,horizontal,6.4000000000000004,486,true,3,1.9933518746889009e-11
5287,horizontal,6.4000000000000004,487,true,4,3.9143618528061409e-11
5288,horizontal,6.4000000000000004,488,true,4,8.5310382155407141e-12
5289,horizontal,6.4000000000000004,489,true,4,1.9913659952397132e-12
5290,horizontal,6.4000000000000004,490,true,5,4.1074871051515898e-11
5291,horizontal,6.4000000000000004,491,true,5,2.4523311349518049e-12
5292,horizontal,6.4000000000000004,492,true,4,1.8999756265315015e-11
5293,horizontal,6.4000000000000004,493,true,3,6.540867721225235e-11
5294,horizontal,6.4000000000000004,494,true,4,5.8593679694004507e-11
5295,horizontal,6.4000000000000004,495,true,4,3.0293290332739668e-12
5296,horizontal,6.4000000000000004,496,true,4,1.2670856970600227e-11
5297,horizontal,6.4000000000000004,497,true,3,2.9668647571756875e-11
5298,horizontal,6.4000000000000004,498,true,3,8.2429171231482733e-11
5299,horizontal,6.4000000000000004,499,true,4,1.3452726324540216e-11
5300,horizontal,6.4000000000000004,500,true,3,7.2067638551423382e-11
5301,horizontal,6.4000000000000004,501,true,3,1.6408092054862992e-11
5302,horizontal,6.4000000000000004,502,true,3,1.0122827115442221e-11
5303,horizontal,6.4000000000000004,503,true,3,1.8009389470310264e-12
5304,horizontal,6.4000000000000004,504,true,3,4.9058178224013271e-11
5305,horizontal,6.4000000000000004,505,true,4,2.2579363464824592e-11
5306,horizontal,6.4000000000000004,506,true,4,1.7431526189265687e-12
5307,horizontal,6.4000000000000004,507,true,4,6.9895107808691181e-12
5308,horizontal,6.4000000000000004,508,true,3,1.6917469482363887e-11
5309,horizontal,6.4000000000000004,509,true,3,2.6458612148938244e-12
5310,horizontal,6.4000000000000004,510,true,4,2.699238405646208e-12
5311,horizontal,6.4000000000000004,511,true,4,9.4365802084647988e-13
5312,horizontal,6.4000000000000004,512,true,3,3.0352653192215735e-12
5313,horizontal,6.4000000000000004,513,true,3,1.3218010092106293e-12
5314,horizontal,6.4000000000000004,514,true,3,6.522347390967317e-12
5315,horizontal,6.4000000000000004,515,true,3,9.3176045310721886e-11
5316,horizontal,6.4000000000000004,516,true,2,5.8096354452450606e-11
5317,horizontal,6.4000000000000004,517,true,3,1.2036591600718526e-11
5318,horizontal,6.4000000000000004,518,true,4,1.0797839647911315e-12
5319,horizontal,6.4000000000000004,519,true,5,4.1227524313576368e-12
5320,horizontal,6.4000000000000004,520,true,3,6.3363570470586522e-11
5321,horizontal,6.4000000000000004,521,true,4,3.2666594398764614e-12
5322,horizontal,6.4000000000000004,522,true,4,7.7344197623237811e-11
5323,horizontal,6.4000000000000004,523,true,5,2.5226952415853842e-11
5324,horizontal,6.4000000000000004,524,true,3,6.4523853404615637e-12
5325,horizontal,6.4000000000000004,525,true,3,8.0847763576602368e-11
5326,horizontal,6.4000000000000004,526,true,3,7.8843711095904896e-11
5327,horizontal,6.4000000000000004,527,true,4,2.1631557878903039e-12
5328,horizontal,6.4000000000000004,528,true,4,2.3212988246466735e-12
5329,horizontal,6.4000000000000004,529,true,3,4.7354898281522378e-12
5330,horizontal,6.4000000000000004,530,true,3,9.6597176321394752e-13
5331,horizontal,6.4000000000000004,531,true,4,3.5827475349814968e-12
5332,horizontal,6.4000000000000004,532,true,3,4.1959804347354962e-11
5333,horizontal,6.4000000000000004,533,true,4,4.2738765033861692e-12
5334,horizontal,6.4000000000000004,534,true,3,9.5810919043710916e-12
5335,horizontal,6.4000000000000004,535,true,4,4.002586300683156e-12
5336,horizontal,6.4000000000000004,536,true,4,5.4080010448855917e-12
5337,horizontal,6.4000000000000004,537,true,3,1.3486659121018464e-11
5338,horizontal,6.4000000000000004,538,true,4,4.1531641534600553e-12
5339,horizontal,6.4000000000000004,539,true,3,2.8206012672558029e-12
5340,horizontal,6.4000000000000004,540,true,4,8.8805218456678351e-13
5341,horizontal,6.4000000000000004,541,true,4,2.2830974555890162e-12
5342,horizontal,6.4000000000000004,542,true,4,4.5353193694784396e-11
5343,horizontal,6.4000000000000004,543,true,4,1.1145012438679416e-12
5344,horizontal,6.4000000000000004,544,true,3,9.5507396362189407e-12
5345,horizontal,6.4000000000000004,545,true,3,2.8790307350105071e-11
5346,horizontal,6.4000000000000004,546,true,3,4.5199354169258535e-11
5347,horizontal,6.4000000000000004,547,true,4,6.9177059679062914e-12
5348,horizontal,6.4000000000000004,548,true,4,3.2802940174065939e-11
5349,horizontal,6.4000000000000004,549,true,3,2.2318017189325867e-11
5350,horizontal,6.4000000000000004,550,true,3,5.2006445224414166e-12
5351,horizontal,6.4000000000000004,551,true,5,3.0238975560207769e-12
5352,horizontal,6.4000000000000004,552,true,4,8.7712399670548544e-12
5353,horizontal,6.4000000000000004,553,true,4,3.745699489916445e-11
5354,horizontal,6.4000000000000004,554,true,4,4.4783891987129266e-12
5355,horizontal,6.4000000000000004,555,true,4,1.9123293468040632e-11
5356,horizontal,6.4000000000000004,556,true,4,1.7836293837081317e-11
5357,horizontal,6.4000000000000004,557,true,4,5.821025487630651e-11
5358,horizontal,6.4000000000000004,558,true,3,2.1389783840496017e-11
5359,horizontal,6.4000000000000004,559,true,4,9.1679399684495759e-12
5360,horizontal,6.4000000000000004,560,true,3,2.9711858111403431e-11
5361,horizontal,6.4000000000000004,561,true,4,2.4918512559025599e-11
5362,horizontal,6.4000000000000004,562,true,5,3.3377619929670976e-12
5363,horizontal,6.4000000000000004,563,true,4,4.5188476080928127e-11
5364,horizontal,6.4000000000000004,564,true,4,3.2317155730260532e-12
5365,horizontal,6.4000000000000004,565,true,3,2.1162917219207265e-11
5366,horizontal,6.4000000000000004,566,true,3,7.7083220502915771e-12
5367,horizontal,6.4000000000000004,567,true,3,1.4427908162147494e-12
5368,horizontal,6.4000000000000004,568,true,3,3.6325733037317327e-11
5369,horizontal,6.4000000000000004,569,true,5,2.188174139797133e-12
5370,horizontal,6.4000000000000004,570,true,4,4.5969603323245749e-12
5371,horizontal,6.4000000000000004,571,true,4,5.8867985445954891e-11
5372,horizontal,6.4000000000000004,572,true,4,1.1015422968640856e-11
5373,horizontal,6.4000000000000004,573,true,4,1.3470849429442414e-11
5374,horizontal,6.4000000000000004,574,true,4,2.9572187577504258e-11
5375,horizontal,6.4000000000000004,575,true,4,1.9744542012566572e-11
5376,horizontal,6.4000000000000004,576,true,3,2.7993176742768156e-11
5377,horizontal,6.4000000000000004,577,true,5,2.8009707245199064e-12
5378,horizontal,6.4000000000000004,578,true,3,4.2364097586926323e-11
5379,horizontal,6.4000000000000004,579,true,4,4.410610807235562e-11
5380,horizontal,6.4000000000000004,580,true,4,2.9755733338716933e-12
5381,horizontal,6.4000000000000004,581,true,3,2.0070305972736573e-11
5382,horizontal,6.4000000000000004,582,true,4,2.282253660612869e-11
5383,horizontal,6.4000000000000004,583,true,3,3.7014435307304323e-11
5384,horizontal,6.4000000000000004,584,true,3,4.2789093918031942e-11
5385,horizontal,6.4000000000000004,585,true,4,2.6763702061238095e-12
5386,horizontal,6.4000000000000004,586,true,3,8.1862264592436213e-12
5387,horizontal,6.4000000000000004,587,true,3,9.5926731817499182e-13
5388,horizontal,6.4000000000000004,588,true,3,7.1583950263952421e-11
5389,horizontal,6.4000000000000004,589,true,3,4.3751250387850548e-11
5390,horizontal,6.4000000000000004,590,true,4,2.4120129474060178e-11
5391,horizontal,6.4000000000000004,591,true,3,7.1873893372777885e-11
5392,horizontal,6.4000000000000004,592,true,4,6.1788128217365829e-11
5393,horizontal,6.4000000000000004,593,true,4,1.4126837682052434e-12
5394,horizontal,6.4000000000000004,594,true,4,2.0202558529572872e-12
5395,horizontal,6.4000000000000004,595,true,4,8.5216508079413974e-12
5396,horizontal,6.4000000000000004,596,true,4,2.2701939918133462e-12
5397,horizontal,6.4000000000000004,597,true,4,3.0520983230920402e-12
5398,horizontal,6.4000000000000004,598,true,3,9.8869580768740438e-11
5399,horizontal,6.4000000000000004,599,true,4,1.8616780293762203e-12
5400,horizontal,6.4000000000000004,600,true,3,4.5375730540650114e-11
5401,horizontal,9.0500000000000007,1,true,3,3.8092708479184025e-12
5402,horizontal,9.0500000000000007,2,true,5,4.5118107522170161e-12
5403,horizontal,9.0500000000000007,3,true,4,5.6587188027970749e-12
5404,horizontal,9.0500000000000007,4,true,4,1.4053208336799273e-11
5405,horizontal,9.0500000000000007,5,true,3,2.3620189052240134e-12
5406,horizontal,9.0500000000000007,6,true,4,6.5337580199121699e-11
5407,horizontal,9.0500000000000007,7,true,3,3.675625718949855e-11
5408,horizontal,9.0500000000000007,8,true,4,5.3902764424696416e-12
5409,horizontal,9.0500000000000007,9,true,3,7.1276699774266682e-11
5410,horizontal,9.0500000000000007,10,true,3,5.6011250979563812e-11
5411,horizontal,9.0500000000000007,11,true,5,7.2708282692603539e-11
5412,horizontal,9.0500000000000007,12,true,4,2.8674064325058962e-11
5413,horizontal,9.0500000000000007,13,true,5,3.6692677416223984e-11
5414,horizontal,9.0500000000000007,14,true,4,2.1436697615779139e-12
5415,horizontal,9.0500000000000007,15,true,4,6.1033743311613054e-11
5416,horizontal,9.0500000000000007,16,true,6,1.9032674534893309e-11
5417,horizontal,9.0500000000000007,17,true,4,3.531358730251004e-12
5418,horizontal,9.0500000000000007,18,true,3,2.1411562348245643e-11
5419,horizontal,9.0500000000000007,19,true,4,9.3923748643783053e-13
5420,horizontal,9.0500000000000007,20,true,4,2.0272923713880045e-11
5421,horizontal,9.0500000000000007,21,true,4,5.617182148015925e-12
5422,horizontal,9.0500000000000007,22,true,3,5.3164985377209535e-11
5423,horizontal,9.0500000000000007,23,true,5,7.1794230285655726e-11
5424,horizontal,9.0500000000000007,24,true,4,7.9710712523119966e-11
5425,horizontal,9.0500000000000007,25,true,5,6.2236126774561388e-11
5426,horizontal,9.0500000000000007,26,true,5,6.6635967662695186e-11
5427,horizontal,9.0500000000000007,27,true,5,1.7477226149203506e-11
5428,horizontal,9.0500000000000007,28,true,6,2.6038743796332921e-11
5429,horizontal,9.0500000000000007,29,true,4,1.8145706531658499e-11
5430,horizontal,9.0500000000000007,30,true,5,3.655826958441379e-12
5431,horizontal,9.0500000000000007,31,true,3,2.7844758057264183e-11
5432,horizontal,9.0500000000000007,32,true,6,4.5183869621303302e-12
5433,horizontal,9.0500000000000007,33,true,3,9.738971033358055e-11
5434,horizontal,9.0500000000000007,34,true,5,5.9247457471743935e-11
5435,horizontal,9.0500000000000007,35,true,5,4.2072960744518408e-12
5436,horizontal,9.0500000000000007,36,true,4,9.7077465765127196e-11
5437,horizontal,9.0500000000000007,37,true,3,8.4858275953141877e-11
5438,horizontal,9.0500000000000007,38,true,4,2.6774735163803657e-11
5439,horizontal,9.0500000000000007,39,true,5,6.9605888235834468e-12
5440,horizontal,9.0500000000000007,40,true,4,1.9830108763341419e-11
5441,horizontal,9.0500000000000007,41,true,4,2.2742333920517198e-11
5442,horizontal,9.0500000000000007,42,true,4,2.6450998260884808e-12
5443,horizontal,9.0500000000000007,43,true,4,6.2974851452078328e-11
5444,horizontal,9.0500000000000007,44,true,4,3.142826229557208e-11
5445,horizontal,9.0500000000000007,45,true,3,5.0614070695126899e-11
5446,horizontal,9.0500000000000007,46,true,4,5.8571342341328865e-11
5447,horizontal,9.0500000000000007,47,true,6,3.0433095447692556e-12
5448,horizontal,9.0500000000000007,48,true,5,2.1412196673312858e-11
5449,horizontal,9.0500000000000007,49,true,5,2.0691565252492181e-11
5450,horizontal,9.0500000000000007,50,true,4,4.9868280941011005e-11
5451,horizontal,9.0500000000000007,51,true,4,6.4943325666978796e-11
5452,horizontal,9.0500000000000007,52,true,5,2.8877145155531743e-12
5453,horizontal,9.0500000000000007,53,true,4,1.4443498289857569e-11
5454,horizontal,9.0500000000000007,54,true,4,6.5569216258084564e-12
5455,horizontal,9.0500000000000007,55,true,4,3.128545328329875e-11
5456,horizontal,9.0500000000000007,56,true,5,8.5079989355745272e-13
5457,horizontal,9.0500000000000007,57,true,5,2.9615064402431384e-12
5458,horizontal,9.0500000000000007,58,true,4,9.3096035633190589e-12
5459,horizontal,9.0500000000000007,59,true,4,9.9784749398261691e-11
5460,horizontal,9.0500000000000007,60,true,4,4.2442247298140711e-11
5461,horizontal,9.0500000000000007,61,true,3,2.3635553193673691e-11
5462,horizontal,9.0500000000000007,62,true,5,1.2894385611099039e-11
5463,horizontal,9.0500000000000007,63,true,3,4.7896418647783191e-11
5464,horizontal,9.0500000000000007,64,true,3,5.5224602399464554e-11
5465,horizontal,9.0500000000000007,65,true,5,8.7333103612958345e-11
5466,horizontal,9.0500000000000007,66,true,4,3.216960772183265e-11
5467,horizontal,9.0500000000000007,67,true,4,3.7573956163115598e-11
5468,horizontal,9.0500000000000007,68,true,5,4.3927319876480358e-12
5469,horizontal,9.0500000000000007,69,true,4,5.7012689078569337e-11
5470,horizontal,9.0500000000000007,70,true,4,5.0020211865277166e-12
5471,horizontal,9.0500000000000007,71,true,5,7.4462613586437395e-12
5472,horizontal,9.0500000000000007,72,true,5,2.8744133991174045e-11
5473,horizontal,9.0500000000000007,73,true,4,1.4892792352865451e-12
5474,horizontal,9.0500000000000007,74,true,4,8.6477800518468295e-12
5475,horizontal,9.0500000000000007,75,true,3,1.3831563407208611e-11
5476,horizontal,9.0500000000000007,76,true,4,4.4345351647009118e-12
5477,horizontal,9.0500000000000007,77,true,4,2.0267998119728635e-12
5478,horizontal,9.0500000000000007,78,true,5,4.5871874402047062e-12
5479,horizontal,9.0500000000000007,79,true,3,5.2411187361641848e-11
5480,horizontal,9.0500000000000007,80,true,4,1.5483360737727956e-11
5481,horizontal,9.0500000000000007,81,true,4,1.4217209735400232e-11
5482,horizontal,9.0500000000000007,82,true,4,8.6728947181633576e-12
5483,horizontal,9.0500000000000007,83,true,3,3.7727162582631074e-11
5484,horizontal,9.0500000000000007,84,true,3,5.8953850869706976e-11
5485,horizontal,9.0500000000000007,85,true,5,4.2672910264539636e-11
5486,horizontal,9.0500000000000007,86,true,4,5.1463488946939608e-11
5487,horizontal,9.0500000000000007,87,true,5,1.5546069552266732e-11
5488,horizontal,9.0500000000000007,88,true,4,9.3018321732136079e-12
5489,horizontal,9.0500000000000007,89,true,5,7.7538577041191653e-12
5490,horizontal,9.0500000000000007,90,true,4,5.7110738265163612e-11
5491,horizontal,9.0500000000000007,91,true,5,3.6265438450863067e-12
5492,horizontal,9.0500000000000007,92,true,3,7.69510556153296e-11
5493,horizontal,9.0500000000000007,93,true,5,6.1409906218941032e-12
5494,horizontal,9.0500000000000007,94,true,5,3.358475859015665e-11
5495,horizontal,9.0500000000000007,95,true,3,6.9780946598623172e-11
5496,horizontal,9.0500000000000007,96,true,4,2.5351252437732659e-12
5497,horizontal,9.0500000000000007,97,true,3,8.6125953250838534e-12
5498,horizontal,9.0500000000000007,98,true,4,4.3828038684565151e-12
5499,horizontal,9.0500000000000007,99,true,5,4.6085903204576111e-11
5500,horizontal,9.0500000000000007,100,true,4,9.7788207263601621e-12
5501,horizontal,9.0500000000000007,101,true,5,1.8746346213036807e-11
5502,horizontal,9.0500000000000007,102,true,3,2.7403121523594341e-11
5503,horizontal,9.0500000000000007,103,true,4,2.0616318410999114e-11
5504,horizontal,9.0500000000000007,104,true,4,4.9154112810140642e-12
5505,horizontal,9.0500000000000007,105,true,4,1.0525954241063673e-11
5506,horizontal,9.0500000000000007,106,true,3,1.4118839871645529e-11
5507,horizontal,9.0500000000000007,107,true,4,5.7805800827789648e-11
5508,horizontal,9.0500000000000007,108,true,4,9.2391118885227588e-12
5509,horizontal,9.0500000000000007,109,true,5,2.0943714232628517e-11
5510,horizontal,9.0500000000000007,110,true,4,2.7531110619038717e-12
5511,horizontal,9.0500000000000007,111,true,5,9.0977003631296861e-12
5512,horizontal,9.0500000000000007,112,true,4,1.0239298178912701e-11
5513,horizontal,9.0500000000000007,113,true,3,9.1042347775424937e-13
5514,horizontal,9.0500000000000007,114,true,3,6.0676975808624479e-11
5515,horizontal,9.0500000000000007,115,true,5,5.2225663556771925e-12
5516,horizontal,9.0500000000000007,116,true,4,7.546883051459702e-12
5517,horizontal,9.0500000000000007,117,true,3,4.9985215092312326e-11
5518,horizontal,9.0500000000000007,118,true,5,6.5353232774514862e-12
5519,horizontal,9.0500000000000007,119,true,4,1.4048110866662215e-11
5520,horizontal,9.0500000000000007,120,true,3,7.983352638395345e-11
5521,horizontal,9.0500000000000007,121,true,4,7.3145147264305955e-12
5522,horizontal,9.0500000000000007,122,true,3,2.999147113099598e-11
5523,horizontal,9.0500000000000007,123,true,3,7.3334867639728928e-11
5524,horizontal,9.0500000000000007,124,true,5,6.203818466907365e-12
5525,horizontal,9.0500000000000007,125,true,4,7.5913895341756784e-12
5526,horizontal,9.0500000000000007,126,true,3,2.7424027243256395e-11
5527,horizontal,9.0500000000000007,127,true,3,6.4202327084382867e-12
5528,horizontal,9.0500000000000007,128,true,3,3.5310373249424663e-11
5529,horizontal,9.0500000000000007,129,true,3,6.4197669906731438e-11
5530,horizontal,9.0500000000000007,130,true,4,2.8972661096412003e-11
5531,horizontal,9.0500000000000007,131,true,4,2.5772639031674807e-11
5532,horizontal,9.0500000000000007,132,true,4,5.2285114744283581e-11
5533,horizontal,9.0500000000000007,133,true,4,3.5775628864937639e-12
5534,horizontal,9.0500000000000007,134,true,4,3.3121470837497272e-12
5535,horizontal,9.0500000000000007,135,true,5,2.3335502025049981e-11
5536,horizontal,9.0500000000000007,136,true,4,4.7939647230728855e-12
5537,horizontal,9.0500000000000007,137,true,5,3.9659134636751699e-11
5538,horizontal,9.0500000000000007,138,true,4,3.8444193693265289e-11
5539,horizontal,9.0500000000000007,139,true,4,2.6105655579226052e-12
5540,horizontal,9.0500000000000007,140,true,4,9.2910041904273442e-11
5541,horizontal,9.0500000000000007,141,true,4,7.002260847097339e-12
5542,horizontal,9.0500000000000007,142,true,5,4.5976149586345719e-12
5543,horizontal,9.0500000000000007,143,true,4,3.2212987540780489e-11
5544,horizontal,9.0500000000000007,144,true,5,1.7971406329728727e-12
5545,horizontal,9.0500000000000007,145,true,4,1.4760369637192227e-12
5546,horizontal,9.0500000000000007,146,true,5,3.4678187588857035e-11
5547,horizontal,9.0500000000000007,147,true,4,9.8667111675735672e-12
5548,horizontal,9.0500000000000007,148,true,5,3.8739012615617678e-12
5549,horizontal,9.0500000000000007,149,true,3,5.2243571394367784e-11
5550,horizontal,9.0500000000000007,150,true,4,2.4619235179411768e-11
5551,horizontal,9.0500000000000007,151,true,5,2.645110182773225e-11
5552,horizontal,9.0500000000000007,152,true,4,3.5137515159576761e-12
5553,horizontal,9.0500000000000007,153,true,3,4.5065529546877444e-11
5554,horizontal,9.0500000000000007,154,true,4,1.0000154773902359e-11
5555,horizontal,9.0500000000000007,155,true,3,7.5781156849056765e-11
5556,horizontal,9.0500000000000007,156,true,4,2.4983034185342659e-12
5557,horizontal,9.0500000000000007,157,true,4,1.7326678465589566e-12
5558,horizontal,9.0500000000000007,158,true,5,3.3676329987951177e-12
5559,horizontal,9.0500000000000007,159,true,3,8.2686246855394353e-11
5560,horizontal,9.0500000000000007,160,true,5,9.7369864215192156e-11
5561,horizontal,9.0500000000000007,161,true,5,1.3551720683795115e-12
5562,horizontal,9.0500000000000007,162,true,4,5.6261448816351042e-12
5563,horizontal,9.0500000000000007,163,true,4,5.4283360362127006e-11
5564,horizontal,9.0500000000000007,164,true,4,4.0245926276620361e-11
5565,horizontal,9.0500000000000007,165,true,4,2.1844713991925726e-12
5566,horizontal,9.0500000000000007,166,true,4,3.9600051901081577e-13
5567,horizontal,9.0500000000000007,167,true,5,8.7237888283311528e-11
5568,horizontal,9.0500000000000007,168,true,5,8.6048653656987947e-12
5569,horizontal,9.0500000000000007,169,true,4,2.5764054193374096e-12
5570,horizontal,9.0500000000000007,170,true,3,7.4778860339347137e-11
5571,horizontal,9.0500000000000007,171,true,3,4.0325742777292725e-11
5572,horizontal,9.0500000000000007,172,true,4,6.7564723292578361e-11
5573,horizontal,9.0500000000000007,173,true,5,2.7415401731740054e-12
5574,horizontal,9.0500000000000007,174,true,5,3.6767752149495493e-11
5575,horizontal,9.0500000000000007,175,true,3,2.4295290801179429e-11
5576,horizontal,9.0500000000000007,176,true,5,1.5205137061094654e-11
5577,horizontal,9.0500000000000007,177,true,6,1.0354039365060672e-11
5578,horizontal,9.0500000000000007,178,true,4,6.2763156604046754e-13
5579,horizontal,9.0500000000000007,179,true,4,9.141630345614905e-12
5580,horizontal,9.0500000000000007,180,true,4,2.9479228341325847e-12
5581,horizontal,9.0500000000000007,181,true,4,2.054995227056401e-12
5582,horizontal,9.0500000000000007,182,true,4,9.6403630736417715e-12
5583,horizontal,9.0500000000000007,183,true,5,1.1801745797427464e-11
5584,horizontal,9.0500000000000007,184,true,3,3.59636596065768e-11
5585,horizontal,9.0500000000000007,185,true,5,9.5924508538467975e-11
5586,horizontal,9.0500000000000007,186,true,3,3.5512055987778548e-11
5587,horizontal,9.0500000000000007,187,true,4,1.3977715346703694e-11
5588,horizontal,9.0500000000000007,188,true,3,3.1420988196705128e-11
5589,horizontal,9.0500000000000007,189,true,4,6.7158569610225186e-11
5590,horizontal,9.0500000000000007,190,true,3,7.962080610190655e-12
5591,horizontal,9.0500000000000007,191,true,3,5.0112414717353587e-11
5592,horizontal,9.0500000000000007,192,true,5,1.8445801402918165e-11
5593,horizontal,9.0500000000000007,193,true,4,2.5143018118981153e-11
5594,horizontal,9.0500000000000007,194,true,4,1.4528565052007772e-11
5595,horizontal,9.0500000000000007,195,true,4,4.631740329092206e-11
5596,horizontal,9.0500000000000007,196,true,4,2.2727585004141523e-11
5597,horizontal,9.0500000000000007,197,true,3,5.4957520369848679e-11
5598,horizontal,9.0500000000000007,198,true,5,5.4583361240186188e-11
5599,horizontal,9.0500000000000007,199,true,5,3.1928928526599038e-11
5600,horizontal,9.0500000000000007,200,true,3,3.6126114490124509e-11
5601,horizontal,9.0500000000000007,201,true,4,5.6925251726875478e-12
5602,horizontal,9.0500000000000007,202,true,4,1.8949643151132012e-11
5603,horizontal,9.0500000000000007,203,true,4,4.3121888592987333e-12
5604,horizontal,9.0500000000000007,204,true,3,5.7243880088472419e-11
5605,horizontal,9.0500000000000007,205,true,3,3.8885424474157682e-11
5606,horizontal,9.0500000000000007,206,true,4,4.5900929936590394e-13
5607,horizontal,9.0500000000000007,207,true,3,7.3266825579285455e-12
5608,horizontal,9.0500000000000007,208,true,4,9.7941599671559336e-11
5609,horizontal,9.0500000000000007,209,true,6,5.3492739671466006e-11
5610,horizontal,9.0500000000000007,210,true,3,5.761770612132691e-12
5611,horizontal,9.0500000000000007,211,true,4,6.7620020348619954e-12
5612,horizontal,9.0500000000000007,212,true,6,2.1985872909625008e-11
5613,horizontal,9.0500000000000007,213,true,4,2.0965157320082545e-11
5614,horizontal,9.0500000000000007,214,true,5,2.1542544685240574e-11
5615,horizontal,9.0500000000000007,215,true,5,1.2488315353260197e-11
5616,horizontal,9.0500000000000007,216,true,4,1.5305775783646786e-11
5617,horizontal,9.0500000000000007,217,true,4,3.1879202083842182e-11
5618,horizontal,9.0500000000000007,218,true,3,6.7299866068855194e-12
5619,horizontal,9.0500000000000007,219,true,4,7.3706220145597745e-12
5620,horizontal,9.0500000000000007,220,true,4,6.9167858579453651e-12
5621,horizontal,9.0500000000000007,221,true,4,4.5866721313942352e-11
5622,horizontal,9.0500000000000007,222,true,3,4.172077709453437e-11
5623,horizontal,9.0500000000000007,223,true,5,4.4498648081596717e-11
5624,horizontal,9.0500000000000007,224,true,4,6.1768192649898088e-11
5625,horizontal,9.0500000000000007,225,true,4,3.6798964529951226e-11
5626,horizontal,9.0500000000000007,226,true,4,3.0161850407201755e-11
5627,horizontal,9.0500000000000007,227,true,3,5.7232979370876644e-11
5628,horizontal,9.0500000000000007,228,true,4,2.7017711311965905e-11
5629,horizontal,9.0500000000000007,229,true,5,3.0465583434669559e-12
5630,horizontal,9.0500000000000007,230,true,5,6.202852287509612e-12
5631,horizontal,9.0500000000000007,231,true,5,4.1911216340859451e-12
5632,horizontal,9.0500000000000007,232,true,3,3.9583539813154358e-11
5633,horizontal,9.0500000000000007,233,true,4,7.5610252612293288e-12
5634,horizontal,9.0500000000000007,234,true,5,1.8442949143721671e-11
5635,horizontal,9.0500000000000007,235,true,5,5.9916246404920033e-12
5636,horizontal,9.0500000000000007,236,true,3,7.099501995097114e-12
5637,horizontal,9.0500000000000007,237,true,4,1.7310279071113485e-11
5638,horizontal,9.0500000000000007,238,true,6,1.3398253006536323e-11
5639,horizontal,9.0500000000000007,239,true,3,8.3296620542288843e-11
5640,horizontal,9.0500000000000007,240,true,5,6.4842764999186575e-12
5641,horizontal,9.0500000000000007,241,true,4,1.5370123266364252e-11
5642,horizontal,9.0500000000000007,242,true,5,4.5307652154217552e-12
5643,horizontal,9.0500000000000007,243,true,6,1.909832246238956e-11
5644,horizontal,9.0500000000000007,244,true,4,7.6969903466519179e-12
5645,horizontal,9.0500000000000007,245,true,5,6.6666774493560134e-12
5646,horizontal,9.0500000000000007,246,true,3,7.0842029315832051e-12
5647,horizontal,9.0500000000000007,247,true,4,1.9663745004767171e-11
5648,horizontal,9.0500000000000007,248,true,4,2.7068170148643432e-11
5649,horizontal,9.0500000000000007,249,true,4,8.9210765451341531e-12
5650,horizontal,9.0500000000000007,250,true,4,1.8971269028877191e-11
5651,horizontal,9.0500000000000007,251,true,4,3.2655643612414594e-12
5652,horizontal,9.0500000000000007,252,true,5,6.6546476628241474e-12
5653,horizontal,9.0500000000000007,253,true,5,3.9737683535240756e-12
5654,horizontal,9.0500000000000007,254,true,4,8.4504437333571582e-12
5655,horizontal,9.0500000000000007,255,true,4,6.880250553468919e-12
5656,horizontal,9.0500000000000007,256,true,6,6.9393960368818091e-12
5657,horizontal,9.0500000000000007,257,true,4,7.4175449034641793e-11
5658,horizontal,9.0500000000000007,258,true,4,3.9661558916937336e-12
5659,horizontal,9.0500000000000007,259,true,4,2.1230859912788681e-12
5660,horizontal,9.0500000000000007,260,true,5,2.1143247106567373e-11
5661,horizontal,9.0500000000000007,261,true,5,1.3668434395553938e-12
5662,horizontal,9.0500000000000007,262,true,4,2.6350156823437217e-13
5663,horizontal,9.0500000000000007,263,true,4,1.6257457845633774e-11
5664,horizontal,9.0500000000000007,264,true,5,3.0094462341635849e-11
5665,horizontal,9.0500000000000007,265,true,5,1.2270435084203893e-11
5666,horizontal,9.0500000000000007,266,true,4,6.0115122691219129e-11
5667,horizontal,9.0500000000000007,267,true,4,1.308844654887861e-11
5668,horizontal,9.0500000000000007,268,true,3,2.7451051262902338e-11
5669,horizontal,9.0500000000000007,269,true,4,3.4469293432259673e-12
5670,horizontal,9.0500000000000007,270,true,3,3.0371321524052969e-11
5671,horizontal,9.0500000000000007,271,true,3,1.7861701708040477e-11
5672,horizontal,9.0500000000000007,272,true,5,1.1761500744799185e-11
5673,horizontal,9.0500000000000007,273,true,4,3.4481582688864559e-11
5674,horizontal,9.0500000000000007,274,true,4,5.2314045603973524e-12
5675,horizontal,9.0500000000000007,275,true,4,4.65248559406686e-11
5676,horizontal,9.0500000000000007,276,true,5,4.0722844767122353e-11
5677,horizontal,9.0500000000000007,277,true,5,1.2892848966408895e-12
5678,horizontal,9.0500000000000007,278,true,6,1.87249192289071e-11
5679,horizontal,9.0500000000000007,279,true,4,6.6769355989236683e-13
5680,horizontal,9.0500000000000007,280,true,4,4.6569520970916183e-12
5681,horizontal,9.0500000000000007,281,true,5,4.8639092011063656e-11
5682,horizontal,9.0500000000000007,282,true,4,9.8149068565688823e-11
5683,horizontal,9.0500000000000007,283,true,5,2.3999671984042015e-11
5684,horizontal,9.0500000000000007,284,true,4,1.9221138664381342e-12
5685,horizontal,9.0500000000000007,285,true,5,2.3484164218938044e-11
5686,horizontal,9.0500000000000007,286,true,4,3.7609879311408791e-12
5687,horizontal,9.0500000000000007,287,true,4,1.1404904495204772e-11
5688,horizontal,9.0500000000000007,288,true,4,7.0236674224809325e-13
5689,horizontal,9.0500000000000007,289,true,5,1.4666464964453283e-12
5690,horizontal,9.0500000000000007,290,true,4,2.5909924514807743e-12
5691,horizontal,9.0500000000000007,291,true,5,6.8598057228643154e-12
5692,horizontal,9.0500000000000007,292,true,3,5.6786133394244674e-11
5693,horizontal,9.0500000000000007,293,true,4,3.2564544879532894e-11
5694,horizontal,9.0500000000000007,294,true,5,6.0953157856305358e-11
5695,horizontal,9.0500000000000007,295,true,5,5.9700659891431838e-11
5696,horizontal,9.0500000000000007,296,true,5,3.4806631479955085e-11
5697,horizontal,9.0500000000000007,297,true,5,1.8794471551342076e-11
5698,horizontal,9.0500000000000007,298,true,4,1.8266885577704614e-11
5699,horizontal,9.0500000000000007,299,true,5,1.7800522320671551e-11
5700,horizontal,9.0500000000000007,300,true,5,7.0140019921531503e-11
5701,horizontal,9.0500000000000007,301,true,4,6.0408205976025604e-12
5702,horizontal,9.0500000000000007,302,true,4,7.7782228439743911e-12
5703,horizontal,9.0500000000000007,303,true,4,7.8683989400452574e-11
5704,horizontal,9.0500000000000007,304,true,5,1.4751295108349051e-12
5705,horizontal,9.0500000000000007,305,true,4,3.0213420918895757e-11
5706,horizontal,9.0500000000000007,306,true,5,9.6829812635184814e-12
5707,horizontal,9.0500000000000007,307,true,4,2.4973106710003979e-12
5708,horizontal,9.0500000000000007,308,true,5,6.2937148198621944e-12
5709,horizontal,9.0500000000000007,309,true,4,1.0683879401680407e-11
5710,horizontal,9.0500000000000007,310,true,3,2.6308200437047002e-11
5711,horizontal,9.0500000000000007,311,true,3,6.0541823149592645e-11
5712,horizontal,9.0500000000000007,312,true,4,9.2156907432310953e-13
5713,horizontal,9.0500000000000007,313,true,4,1.4271969783935609e-11
5714,horizontal,9.0500000000000007,314,true,4,2.5338194860706389e-11
5715,horizontal,9.0500000000000007,315,true,4,1.5158819265107169e-11
5716,horizontal,9.0500000000000007,316,true,4,3.5743107616910287e-11
5717,horizontal,9.0500000000000007,317,true,4,2.57279218973839e-11
5718,horizontal,9.0500000000000007,318,true,4,4.7586997284719023e-11
5719,horizontal,9.0500000000000007,319,true,5,9.6981335669654021e-13
5720,horizontal,9.0500000000000007,320,true,4,1.2892009459299583e-11
5721,horizontal,9.0500000000000007,321,true,4,4.0834171200137448e-11
5722,horizontal,9.0500000000000007,322,true,4,1.4974876355405199e-11
5723,horizontal,9.0500000000000007,323,true,4,4.0109715169863324e-11
5724,horizontal,9.0500000000000007,324,true,4,7.5823369768538499e-11
5725,horizontal,9.0500000000000007,325,true,4,5.1869979576792038e-11
5726,horizontal,9.0500000000000007,326,true,5,8.5178484938583169e-12
5727,horizontal,9.0500000000000007,327,true,5,7.1839352671933278e-12
5728,horizontal,9.0500000000000007,328,true,4,9.7221483144322904e-11
5729,horizontal,9.0500000000000007,329,true,5,5.0462077756022494e-12
5730,horizontal,9.0500000000000007,330,true,4,4.6579941288901547e-11
5731,horizontal,9.0500000000000007,331,true,4,1.523486636218286e-11
5732,horizontal,9.0500000000000007,332,true,3,3.0512128771033635e-12
5733,horizontal,9.0500000000000007,333,true,4,2.2880154033984622e-12
5734,horizontal,9.0500000000000007,334,true,3,7.822440871972483e-12
5735,horizontal,9.0500000000000007,335,true,4,4.5259516017708327e-13
5736,horizontal,9.0500000000000007,336,true,4,7.1127177766286894e-11
5737,horizontal,9.0500000000000007,337,true,4,5.7398210489969312e-11
5738,horizontal,9.0500000000000007,338,true,4,2.7598510766494946e-11
5739,horizontal,9.0500000000000007,339,true,3,3.7681234353709119e-11
5740,horizontal,9.0500000000000007,340,true,5,1.9799936190512378e-11
5741,horizontal,9.0500000000000007,341,true,4,5.78913503574412e-11
5742,horizontal,9.0500000000000007,342,true,4,2.1788431717476396e-12
5743,horizontal,9.0500000000000007,343,true,3,3.4471818813429893e-11
5744,horizontal,9.0500000000000007,344,true,3,1.7051397578216464e-11
5745,horizontal,9.0500000000000007,345,true,4,2.5541580151865902e-11
5746,horizontal,9.0500000000000007,346,true,3,4.8451740727462666e-11
5747,horizontal,9.0500000000000007,347,true,4,3.7887585588588423e-11
5748,horizontal,9.0500000000000007,348,true,3,3.6987354751698143e-11
5749,horizontal,9.0500000000000007,349,true,4,1.4598704261825516e-11
5750,horizontal,9.0500000000000007,350,true,5,9.7705541328264774e-11
5751,horizontal,9.0500000000000007,351,true,5,2.3872946688786228e-11
5752,horizontal,9.0500000000000007,352,true,5,2.174245061947789e-12
5753,horizontal,9.0500000000000007,353,true,5,4.1476235053114168e-12
5754,horizontal,9.0500000000000007,354,true,4,2.67010872189459e-11
5755,horizontal,9.0500000000000007,355,true,3,6.5915968019656618e-11
5756,horizontal,9.0500000000000007,356,true,3,2.1843940865535609e-11
5757,horizontal,9.0500000000000007,357,true,4,7.1414072622001074e-12
5758,horizontal,9.0500000000000007,358,true,4,2.2133975842553259e-11
5759,horizontal,9.0500000000000007,359,true,6,1.2688924848410694e-11
5760,horizontal,9.0500000000000007,360,true,4,6.6229144040157639e-11
5761,horizontal,9.0500000000000007,361,true,4,2.5009701667414239e-11
5762,horizontal,9.0500000000000007,362,true,4,1.7297359450315783e-11
5763,horizontal,9.0500000000000007,363,true,5,8.1377680058391429e-11
5764,horizontal,9.0500000000000007,364,true,4,3.9446626307152419e-12
5765,horizontal,9.0500000000000007,365,true,4,7.8298670435484005e-11
5766,horizontal,9.0500000000000007,366,true,5,1.4399350307739559e-11
5767,horizontal,9.0500000000000007,367,true,4,5.0095836720056465e-11
5768,horizontal,9.0500000000000007,368,true,4,5.1248701100776704e-11
5769,horizontal,9.0500000000000007,369,true,4,1.4153105910588651e-12
5770,horizontal,9.0500000000000007,370,true,5,5.4690109910756317e-11
5771,horizontal,9.0500000000000007,371,true,5,3.6702915420972831e-11
5772,horizontal,9.0500000000000007,372,true,4,6.9985703899653706e-12
5773,horizontal,9.0500000000000007,373,true,5,5.1408000477802779e-12
5774,horizontal,9.0500000000000007,374,true,3,1.4851359684702828e-11
5775,horizontal,9.0500000000000007,375,true,4,1.0995053478024088e-11
5776,horizontal,9.0500000000000007,376,true,5,2.349018365713853e-12
5777,horizontal,9.0500000000000007,377,true,5,4.8642692586833469e-12
5778,horizontal,9.0500000000000007,378,true,3,5.7031206284057591e-11
5779,horizontal,9.0500000000000007,379,true,4,6.758325528837184e-12
5780,horizontal,9.0500000000000007,380,true,3,6.3750986905368593e-12
5781,horizontal,9.0500000000000007,381,true,4,9.1736127655392717e-11
5782,horizontal,9.0500000000000007,382,true,4,5.5669641910327302e-11
5783,horizontal,9.0500000000000007,383,true,5,1.9696656302962072e-11
5784,horizontal,9.0500000000000007,384,true,4,4.8002377837129548e-12
5785,horizontal,9.0500000000000007,385,true,4,9.8152281372603197e-12
5786,horizontal,9.0500000000000007,386,true,3,4.3121061806561275e-11
5787,horizontal,9.0500000000000007,387,true,5,1.3158903789086334e-11
5788,horizontal,9.0500000000000007,388,true,3,3.898197259872309e-12
5789,horizontal,9.0500000000000007,389,true,4,7.1671010121981407e-12
5790,horizontal,9.0500000000000007,390,true,5,9.4419082444142738e-12
5791,horizontal,9.0500000000000007,391,true,5,6.076371646092234e-12
5792,horizontal,9.0500000000000007,392,true,4,1.1533296890841722e-11
5793,horizontal,9.0500000000000007,393,true,4,1.1565276664539075e-11
5794,horizontal,9.0500000000000007,394,true,3,4.0461056622647279e-11
5795,horizontal,9.0500000000000007,395,true,4,4.3580160742634141e-11
5796,horizontal,9.0500000000000007,396,true,4,4.5914625984511162e-12
5797,horizontal,9.0500000000000007,397,true,3,1.5715731419422882e-12
5798,horizontal,9.0500000000000007,398,true,4,1.2200259548294058e-11
5799,horizontal,9.0500000000000007,399,true,4,6.7720946559765932e-11
5800,horizontal,9.0500000000000007,400,true,3,1.8784096298835509e-11
5801,horizontal,9.0500000000000007,401,true,4,9.0938406134799791e-12
5802,horizontal,9.0500000000000007,402,true,5,5.4140866450992991e-12
5803,horizontal,9.0500000000000007,403,true,4,1.8590429530701578e-12
5804,horizontal,9.0500000000000007,404,true,3,3.0235247890087349e-11
5805,horizontal,9.0500000000000007,405,true,3,3.5151500203626091e-11
5806,horizontal,9.0500000000000007,406,true,5,6.5119794468996059e-12
5807,horizontal,9.0500000000000007,407,true,4,6.9986303241092866e-11
5808,horizontal,9.0500000000000007,408,true,4,3.2414532170898759e-11
5809,horizontal,9.0500000000000007,409,true,4,5.7521090027412608e-12
5810,horizontal,9.0500000000000007,410,true,3,6.8009743934635109e-12
5811,horizontal,9.0500000000000007,411,true,4,3.7580298251570934e-12
5812,horizontal,9.0500000000000007,412,true,4,3.3964872832224585e-11
5813,horizontal,9.0500000000000007,413,true,3,1.3825803079188423e-11
5814,horizontal,9.0500000000000007,414,true,5,1.1270118966339946e-11
5815,horizontal,9.0500000000000007,415,true,3,2.3568469386996651e-11
5816,horizontal,9.0500000000000007,416,true,3,1.704912973191638e-11
5817,horizontal,9.0500000000000007,417,true,5,1.5326519478840024e-12
5818,horizontal,9.0500000000000007,418,true,5,1.4822987195580532e-12
5819,horizontal,9.0500000000000007,419,true,5,3.7929776384892876e-11
5820,horizontal,9.0500000000000007,420,true,6,4.9462777343345229e-12
5821,horizontal,9.0500000000000007,421,true,4,4.0450878448755689e-11
5822,horizontal,9.0500000000000007,422,true,5,5.5882876538073671e-11
5823,horizontal,9.0500000000000007,423,true,4,7.5406935985941306e-11
5824,horizontal,9.0500000000000007,424,true,4,2.6022968314691612e-12
5825,horizontal,9.0500000000000007,425,true,5,2.3459638445450712e-11
5826,horizontal,9.0500000000000007,426,true,5,1.5160239222010725e-11
5827,horizontal,9.0500000000000007,427,true,5,9.096398291428898e-12
5828,horizontal,9.0500000000000007,428,true,4,3.505524086747413e-11
5829,horizontal,9.0500000000000007,429,true,5,5.1763190493442612e-12
5830,horizontal,9.0500000000000007,430,true,5,6.7942837013282203e-12
5831,horizontal,9.0500000000000007,431,true,3,3.2286862576356061e-11
5832,horizontal,9.0500000000000007,432,true,5,4.9231485841078952e-12
5833,horizontal,9.0500000000000007,433,true,5,6.7780047178624531e-12
5834,horizontal,9.0500000000000007,434,true,5,1.1328606705483173e-11
5835,horizontal,9.0500000000000007,435,true,4,1.6510200266421449e-12
5836,horizontal,9.0500000000000007,436,true,5,1.4668402054045514e-11
5837,horizontal,9.0500000000000007,437,true,3,8.0787046269232594e-11
5838,horizontal,9.0500000000000007,438,true,4,6.8937790928719783e-12
5839,horizontal,9.0500000000000007,439,true,5,1.3150838329636783e-11
5840,horizontal,9.0500000000000007,440,true,5,6.4983285014956506e-11
5841,horizontal,9.0500000000000007,441,true,4,1.4251152723462625e-11
5842,horizontal,9.0500000000000007,442,true,4,9.9664173679773072e-12
5843,horizontal,9.0500000000000007,443,true,5,4.8212883919924238e-12
5844,horizontal,9.0500000000000007,444,true,5,5.6248207607813274e-12
5845,horizontal,9.0500000000000007,445,true,4,2.4978794481397232e-12
5846,horizontal,9.0500000000000007,446,true,4,6.7547520815048888e-13
5847,horizontal,9.0500000000000007,447,true,3,1.8535874917148063e-11
5848,horizontal,9.0500000000000007,448,true,5,1.7087567825832929e-11
5849,horizontal,9.0500000000000007,449,true,3,1.3691595333419405e-11
5850,horizontal,9.0500000000000007,450,true,4,3.3354661067814447e-11
5851,horizontal,9.0500000000000007,451,true,3,9.2191662641310929e-11
5852,horizontal,9.0500000000000007,452,true,4,1.7506386159762256e-12
5853,horizontal,9.0500000000000007,453,true,4,4.9363733407215076e-12
5854,horizontal,9.0500000000000007,454,true,4,1.154189771157419e-11
5855,horizontal,9.0500000000000007,455,true,4,1.7215200364600226e-11
5856,horizontal,9.0500000000000007,456,true,4,1.1294668551710098e-12
5857,horizontal,9.0500000000000007,457,true,3,9.4922383261822096e-11
5858,horizontal,9.0500000000000007,458,true,4,4.1341646634875326e-12
5859,horizontal,9.0500000000000007,459,true,3,1.0214830327119831e-11
5860,horizontal,9.0500000000000007,460,true,3,1.7121112706103825e-11
5861,horizontal,9.0500000000000007,461,true,4,8.0261256944600985e-11
5862,horizontal,9.0500000000000007,462,true,4,9.8511702017150544e-12
5863,horizontal,9.0500000000000007,463,true,5,9.8652439501377562e-12
5864,horizontal,9.0500000000000007,464,true,5,3.4253044425764742e-11
5865,horizontal,9.0500000000000007,465,true,4,2.1980568943635189e-11
5866,horizontal,9.0500000000000007,466,true,3,5.292027005710509e-11
5867,horizontal,9.0500000000000007,467,true,4,8.1194573659785416e-12
5868,horizontal,9.0500000000000007,468,true,4,1.936931903257719e-12
5869,horizontal,9.0500000000000007,469,true,5,7.2639012163613707e-11
5870,horizontal,9.0500000000000007,470,true,4,8.9209785323635791e-11
5871,horizontal,9.0500000000000007,471,true,4,7.2360157955981645e-12
5872,horizontal,9.0500000000000007,472,true,3,7.6637830355131947e-11
5873,horizontal,9.0500000000000007,473,true,4,1.8931009527959907e-12
5874,horizontal,9.0500000000000007,474,true,5,8.9275211447801322e-12
5875,horizontal,9.0500000000000007,475,true,3,2.983166077620828e-11
5876,horizontal,9.0500000000000007,476,true,3,2.6198946041849106e-12
5877,horizontal,9.0500000000000007,477,true,5,1.0754317954736923e-12
5878,horizontal,9.0500000000000007,478,true,4,7.7555488297145256e-11
5879,horizontal,9.0500000000000007,479,true,5,3.9395287446820081e-12
5880,horizontal,9.0500000000000007,480,true,4,4.6531415495462138e-11
5881,horizontal,9.0500000000000007,481,true,4,3.3122567895071015e-11
5882,horizontal,9.0500000000000007,482,true,5,4.2716571833247207e-11
5883,horizontal,9.0500000000000007,483,true,5,4.0313504527901929e-12
5884,horizontal,9.0500000000000007,484,true,5,6.4641167896482972e-11
5885,horizontal,9.0500000000000007,485,true,5,4.5516365472223204e-12
5886,horizontal,9.0500000000000007,486,true,4,8.8293232888475084e-13
5887,horizontal,9.0500000000000007,487,true,5,6.0307200272856434e-12
5888,horizontal,9.0500000000000007,488,true,4,6.1515065747124779e-11
5889,horizontal,9.0500000000000007,489,true,4,1.5447927315475497e-11
5890,horizontal,9.0500000000000007,490,true,6,3.3196269149579235e-11
5891,horizontal,9.0500000000000007,491,true,5,3.6734197236019862e-11
5892,horizontal,9.0500000000000007,492,true,5,1.4365686124323166e-11
5893,horizontal,9.0500000000000007,493,true,4,3.2976091839788445e-11
5894,horizontal,9.0500000000000007,494,true,5,5.5289906979621596e-12
5895,horizontal,9.0500000000000007,495,true,4,2.4657023127479831e-11
5896,horizontal,9.0500000000000007,496,true,4,9.1882302470488785e-11
5897,horizontal,9.0500000000000007,497,true,4,3.2420888144068461e-12
5898,horizontal,9.0500000000000007,498,true,4,1.1272724279925785e-11
5899,horizontal,9.0500000000000007,499,true,5,1.8495589582556679e-12
5900,horizontal,9.0500000000000007,500,true,4,2.2735509627303608e-12
5901,horizontal,9.0500000000000007,501,true,3,8.9591220595863617e-11
5902,horizontal,9.0500000000000007,502,true,3,6.2611562095407052e-11
5903,horizontal,9.0500000000000007,503,true,3,9.5648233253109152e-12
5904,horizontal,9.0500000000000007,504,true,4,8.6513152054630614e-12
5905,horizontal,9.0500000000000007,505,true,5,1.3317913454350296e-11
5906,horizontal,9.0500000000000007,506,true,4,1.4326798399354454e-11
5907,horizontal,9.0500000000000007,507,true,4,4.9936036407693888e-11
5908,horizontal,9.0500000000000007,508,true,4,1.1394652446707199e-11
5909,horizontal,9.0500000000000007,509,true,3,1.5456784720309823e-11
5910,horizontal,9.0500000000000007,510,true,4,2.3296451027335433e-11
5911,horizontal,9.0500000000000007,511,true,4,8.8140829367414205e-12
5912,horizontal,9.0500000000000007,512,true,3,1.8336122240370261e-11
5913,horizontal,9.0500000000000007,513,true,3,7.597189643867037e-12
5914,horizontal,9.0500000000000007,514,true,3,3.7543299046739781e-11
5915,horizontal,9.0500000000000007,515,true,4,8.570935760058886e-12
5916,horizontal,9.0500000000000007,516,true,3,2.7509553475142043e-12
5917,horizontal,9.0500000000000007,517,true,3,6.3684617183586846e-11
5918,horizontal,9.0500000000000007,518,true,4,6.7050661559730732e-12
5919,horizontal,9.0500000000000007,519,true,5,5.0113126086932111e-11
5920,horizontal,9.0500000000000007,520,true,4,1.8440380784863574e-11
5921,horizontal,9.0500000000000007,521,true,4,2.3776376505508958e-11
5922,horizontal,9.0500000000000007,522,true,5,3.716434169091799e-11
5923,horizontal,9.0500000000000007,523,true,6,2.3217157874111327e-11
5924,horizontal,9.0500000000000007,524,true,3,3.8080210511302177e-11
5925,horizontal,9.0500000000000007,525,true,4,2.6560041579340619e-12
5926,horizontal,9.0500000000000007,526,true,4,6.4079533215367328e-12
5927,horizontal,9.0500000000000007,527,true,4,1.8266414076482725e-11
5928,horizontal,9.0500000000000007,528,true,4,1.6419345474739126e-11
5929,horizontal,9.0500000000000007,529,true,3,2.7147162137391227e-11
5930,horizontal,9.0500000000000007,530,true,3,5.8606556556586781e-12
5931,horizontal,9.0500000000000007,531,true,4,2.9664869640992057e-11
5932,horizontal,9.0500000000000007,532,true,4,7.9774959989763944e-11
5933,horizontal,9.0500000000000007,533,true,4,3.5850633609687314e-11
5934,horizontal,9.0500000000000007,534,true,3,5.2890869051811145e-11
5935,horizontal,9.0500000000000007,535,true,4,2.7456046147133595e-11
5936,horizontal,9.0500000000000007,536,true,4,4.1431169539292319e-11
5937,horizontal,9.0500000000000007,537,true,3,7.4800050760147698e-11
5938,horizontal,9.0500000000000007,538,true,4,3.2978109321455077e-11
5939,horizontal,9.0500000000000007,539,true,3,1.6598730261927135e-11
5940,horizontal,9.0500000000000007,540,true,4,7.4840561982321181e-12
5941,horizontal,9.0500000000000007,541,true,4,2.0672669404383871e-11
5942,horizontal,9.0500000000000007,542,true,5,4.3984450768709066e-11
5943,horizontal,9.0500000000000007,543,true,4,1.0190532889336774e-11
5944,horizontal,9.0500000000000007,544,true,3,6.481171350988772e-11
5945,horizontal,9.0500000000000007,545,true,4,2.9172487734512065e-12
5946,horizontal,9.0500000000000007,546,true,4,1.6184087795893817e-12
5947,horizontal,9.0500000000000007,547,true,4,5.4112299473897496e-11
5948,horizontal,9.0500000000000007,548,true,5,8.2033748607217854e-12
5949,horizontal,9.0500000000000007,549,true,4,1.5214178325944546e-12
5950,horizontal,9.0500000000000007,550,true,3,2.9499184858304281e-11
5951,horizontal,9.0500000000000007,551,true,5,3.7657705001546339e-11
5952,horizontal,9.0500000000000007,552,true,4,7.3859710066382528e-11
5953,horizontal,9.0500000000000007,553,true,5,1.0740261494385444e-11
5954,horizontal,9.0500000000000007,554,true,4,3.7861809727843294e-11
5955,horizontal,9.0500000000000007,555,true,5,2.3393879012258649e-12
5956,horizontal,9.0500000000000007,556,true,5,2.0535881666339931e-12
5957,horizontal,9.0500000000000007,557,true,5,3.9898515120600329e-12
5958,horizontal,9.0500000000000007,558,true,4,1.0676067105997778e-11
5959,horizontal,9.0500000000000007,559,true,4,7.2622712522165147e-11
5960,horizontal,9.0500000000000007,560,true,4,5.816296001517737e-13
5961,horizontal,9.0500000000000007,561,true,5,8.4941477019561234e-12
5962,horizontal,9.0500000000000007,562,true,5,4.1573131058218991e-11
5963,horizontal,9.0500000000000007,563,true,5,1.113816747757645e-11
5964,horizontal,9.0500000000000007,564,true,4,2.3525577509859684e-11
5965,horizontal,9.0500000000000007,565,true,4,2.5800326050685821e-12
5966,horizontal,9.0500000000000007,566,true,3,4.1708862292211807e-11
5967,horizontal,9.0500000000000007,567,true,3,8.6483920779267189e-12
5968,horizontal,9.0500000000000007,568,true,4,2.2670601280354275e-11
5969,horizontal,9.0500000000000007,569,true,5,1.6457927977058349e-11
5970,horizontal,9.0500000000000007,570,true,4,3.5223571599649698e-11
5971,horizontal,9.0500000000000007,571,true,5,1.7540016190157806e-11
5972,horizontal,9.0500000000000007,572,true,4,8.4909553512554338e-11
5973,horizontal,9.0500000000000007,573,true,5,4.2285309371828805e-12
5974,horizontal,9.0500000000000007,574,true,5,5.7782768496588531e-12
5975,horizontal,9.0500000000000007,575,true,5,3.3702190092320004e-12
5976,horizontal,9.0500000000000007,576,true,4,1.0575769628817349e-11
5977,horizontal,9.0500000000000007,577,true,5,2.8963859246543325e-11
5978,horizontal,9.0500000000000007,578,true,4,3.7157050063103065e-12
5979,horizontal,9.0500000000000007,579,true,5,6.3730070181101577e-11
5980,horizontal,9.0500000000000007,580,true,4,2.4112043351821238e-11
5981,horizontal,9.0500000000000007,581,true,4,9.5251585225158483e-12
5982,horizontal,9.0500000000000007,582,true,5,2.1328173703735484e-12
5983,horizontal,9.0500000000000007,583,true,4,9.0474592725613888e-13
5984,horizontal,9.0500000000000007,584,true,4,2.059779748241329e-12
5985,horizontal,9.0500000000000007,585,true,4,2.0429167090895968e-11
5986,horizontal,9.0500000000000007,586,true,3,4.5275621726546236e-11
5987,horizontal,9.0500000000000007,587,true,3,6.2621271578998936e-12
5988,horizontal,9.0500000000000007,588,true,4,6.6786355657151155e-12
5989,horizontal,9.0500000000000007,589,true,4,6.054129899699347e-12
5990,horizontal,9.0500000000000007,590,true,5,3.8129819821399251e-12
5991,horizontal,9.0500000000000007,591,true,4,8.1183308698612409e-12
5992,horizontal,9.0500000000000007,592,true,5,2.4367058599849425e-11
5993,horizontal,9.0500000000000007,593,true,4,9.3816339969313414e-12
5994,horizontal,9.0500000000000007,594,true,4,1.6571784155911021e-11
5995,horizontal,9.0500000000000007,595,true,4,6.7952297705107104e-11
5996,horizontal,9.0500000000000007,596,true,4,2.1924068835676167e-11
5997,horizontal,9.0500000000000007,597,true,4,2.3155207861681043e-11
5998,horizontal,9.0500000000000007,598,true,5,9.1401948743009666e-13
5999,horizontal,9.0500000000000007,599,true,4,1.3389754586869092e-11
6000,horizontal,9.0500000000000007,600,true,4,1.5448452759541027e-11
6001,vertical,1.1299999999999999,1,true,2,6.3163690261539278e-13
6002,vertical,1.1299999999999999,2,true,2,4.3019621903241031e-11
6003,vertical,1.1299999999999999,3,true,2,3.6323238573498062e-13
6004,vertical,1.1299999999999999,4,true,2,3.2675257659109932e-11
6005,vertical,1.1299999999999999,5,true,2,3.8180972583522249e-11
6006,vertical,1.1299999999999999,6,true,2,4.9218521683187874e-13
6007,vertical,1.1299999999999999,7,true,2,7.012472404195944e-12
6008,vertical,1.1299999999999999,8,true,2,1.0407172292701453e-12
6009,vertical,1.1299999999999999,9,true,2,9.2351572094644128e-12
6010,vertical,1.1299999999999999,10,true,2,2.2526684538009832e-12
6011,vertical,1.1299999999999999,11,true,2,6.1076661838041718e-12
6012,vertical,1.1299999999999999,12,true,2,1.8227760647399224e-11
6013,vertical,1.1299999999999999,13,true,2,2.0241803025977087e-11
6014,vertical,1.1299999999999999,14,true,2,1.6251573241841383e-11
6015,vertical,1.1299999999999999,15,true,2,5.5943599471124175e-11
6016,vertical,1.1299999999999999,16,true,2,6.2058598640657627e-12
6017,vertical,1.1299999999999999,17,true,2,1.6621404541726162e-12
6018,vertical,1.1299999999999999,18,true,2,8.9408875058076759e-12
6019,vertical,1.1299999999999999,19,true,2,9.1154327172797465e-12
6020,vertical,1.1299999999999999,20,true,2,8.9963821914871032e-13
6021,vertical,1.1299999999999999,21,true,2,3.9740663869981837e-11
6022,vertical,1.1299999999999999,22,true,2,1.3334951898125541e-11
6023,vertical,1.1299999999999999,23,true,2,2.5522945414686796e-11
6024,vertical,1.1299999999999999,24,true,2,2.4341273105600371e-13
6025,vertical,1.1299999999999999,25,true,2,2.9466976671958033e-11
6026,vertical,1.1299999999999999,26,true,2,1.2606350104737267e-11
6027,vertical,1.1299999999999999,27,true,2,4.3759123657377462e-13
6028,vertical,1.1299999999999999,28,true,2,1.8327137709119716e-12
6029,vertical,1.1299999999999999,29,true,2,5.6852881456119644e-12
6030,vertical,1.1299999999999999,30,true,2,1.649461790554126e-11
6031,vertical,1.1299999999999999,31,true,2,8.0098580430680557e-12
6032,vertical,1.1299999999999999,32,true,2,3.2734729209622065e-11
6033,vertical,1.1299999999999999,33,true,2,2.7333564450608173e-12
6034,vertical,1.1299999999999999,34,true,2,2.8357973801749548e-12
6035,vertical,1.1299999999999999,35,true,1,5.2285424187746246e-11
6036,vertical,1.1299999999999999,36,true,2,4.6981706106480231e-11
6037,vertical,1.1299999999999999,37,true,2,2.9978589406408255e-11
6038,vertical,1.1299999999999999,38,true,2,6.6840683016232966e-11
6039,vertical,1.1299999999999999,39,true,2,2.2242277027171211e-12
6040,vertical,1.1299999999999999,40,true,2,1.5142099225046068e-11
6041,vertical,1.1299999999999999,41,true,2,5.5211363370187186e-12
6042,vertical,1.1299999999999999,42,true,2,6.5091111849029871e-12
6043,vertical,1.1299999999999999,43,true,2,4.5134223394845067e-11
6044,vertical,1.1299999999999999,44,true,2,1.1400857119295737e-11
6045,vertical,1.1299999999999999,45,true,2,1.1182327990117782e-11
6046,vertical,1.1299999999999999,46,true,2,2.043388023028912e-11
6047,vertical,1.1299999999999999,47,true,2,1.5179448249674762e-11
6048,vertical,1.1299999999999999,48,true,2,8.4966069377681094e-11
6049,vertical,1.1299999999999999,49,true,2,6.7340276884594661e-12
6050,vertical,1.1299999999999999,50,true,2,4.6771770307436109e-12
6051,vertical,1.1299999999999999,51,true,2,1.6714326622080856e-11
6052,vertical,1.1299999999999999,52,true,2,2.235499651990408e-11
6053,vertical,1.1299999999999999,53,true,2,3.9315858388438803e-12
6054,vertical,1.1299999999999999,54,true,2,7.1160185036882975e-11
6055,vertical,1.1299999999999999,55,true,2,6.4543621247581502e-13
6056,vertical,1.1299999999999999,56,true,2,3.0063186843388494e-11
6057,vertical,1.1299999999999999,57,true,2,5.4740719143063518e-12
6058,vertical,1.1299999999999999,58,true,3,2.7565273253546387e-13
6059,vertical,1.1299999999999999,59,true,2,1.0556736988352307e-12
6060,vertical,1.1299999999999999,60,true,3,7.257607369992256e-13
6061,vertical,1.1299999999999999,61,true,2,5.2881023331983993e-13
6062,vertical,1.1299999999999999,62,true,2,1.3778572282350026e-12
6063,vertical,1.1299999999999999,63,true,2,7.8090951086928236e-13
6064,vertical,1.1299999999999999,64,true,2,1.4647278954700782e-12
6065,vertical,1.1299999999999999,65,true,2,1.091711479929505e-12
6066,vertical,1.1299999999999999,66,true,2,3.4997334183175264e-11
6067,vertical,1.1299999999999999,67,true,1,4.6157044612893224e-11
6068,vertical,1.1299999999999999,68,true,2,2.4395308985548023e-12
6069,vertical,1.1299999999999999,69,true,2,6.6885514064589063e-12
6070,vertical,1.1299999999999999,70,true,2,7.4523905118767733e-12
6071,vertical,1.1299999999999999,71,true,2,3.6826800842967475e-11
6072,vertical,1.1299999999999999,72,true,2,3.3274450229263125e-11
6073,vertical,1.1299999999999999,73,true,2,2.6586231906960725e-12
6074,vertical,1.1299999999999999,74,true,2,3.6700554012556831e-11
6075,vertical,1.1299999999999999,75,true,2,1.565497844942209e-11
6076,vertical,1.1299999999999999,76,true,1,3.3243228882326142e-11
6077,vertical,1.1299999999999999,77,true,2,3.597321106022036e-13
6078,vertical,1.1299999999999999,78,true,2,6.6748787310445543e-11
6079,vertical,1.1299999999999999,79,true,2,1.8097234810603207e-12
6080,vertical,1.1299999999999999,80,true,2,1.6498660449513626e-11
6081,vertical,1.1299999999999999,81,true,2,6.4623168891300859e-13
6082,vertical,1.1299999999999999,82,true,2,1.2564561429570774e-11
6083,vertical,1.1299999999999999,83,true,2,3.5797819896753996e-12
6084,vertical,1.1299999999999999,84,true,2,1.4723138638176926e-11
6085,vertical,1.1299999999999999,85,true,2,9.1027116500104581e-11
6086,vertical,1.1299999999999999,86,true,2,6.4402941937623018e-11
6087,vertical,1.1299999999999999,87,true,2,2.4514382479299719e-11
6088,vertical,1.1299999999999999,88,true,2,2.5322684743482928e-11
6089,vertical,1.1299999999999999,89,true,2,6.943204967516702e-11
6090,vertical,1.1299999999999999,90,true,2,7.5582544126092647e-12
6091,vertical,1.1299999999999999,91,true,2,8.7862705913673947e-12
6092,vertical,1.1299999999999999,92,true,2,1.2239584494928882e-11
6093,vertical,1.1299999999999999,93,true,2,6.1140177088389522e-11
6094,vertical,1.1299999999999999,94,true,2,4.4892145258057444e-12
6095,vertical,1.1299999999999999,95,true,2,1.9981546486500491e-12
6096,vertical,1.1299999999999999,96,true,2,1.6326079415779021e-12
6097,vertical,1.1299999999999999,97,true,2,3.3770719888032067e-12
6098,vertical,1.1299999999999999,98,true,2,4.6485590083181521e-11
6099,vertical,1.1299999999999999,99,true,2,1.1088502487174896e-12
6100,vertical,1.1299999999999999,100,true,2,4.1121142080454407e-11
6101,vertical,1.1299999999999999,101,true,2,8.4072914484029746e-12
6102,vertical,1.1299999999999999,102,true,2,2.9594753518360364e-12
6103,vertical,1.1299999999999999,103,true,2,4.9694088344155402e-11
6104,vertical,1.1299999999999999,104,true,2,9.3751045932641444e-12
6105,vertical,1.1299999999999999,105,true,2,5.6661455627721124e-12
6106,vertical,1.1299999999999999,106,true,2,1.7327085365230969e-11
6107,vertical,1.1299999999999999,107,true,2,8.3644193403810051e-12
6108,vertical,1.1299999999999999,108,true,2,6.0725782040829442e-11
6109,vertical,1.1299999999999999,109,true,2,1.328915452500155e-11
6110,vertical,1.1299999999999999,110,true,2,7.248993413816307e-12
6111,vertical,1.1299999999999999,111,true,2,5.0777945818513098e-11
6112,vertical,1.1299999999999999,112,true,2,3.7647495423853616e-11
6113,vertical,1.1299999999999999,113,true,2,6.0811106933273381e-12
6114,vertical,1.1299999999999999,114,true,2,4.5328569962995411e-11
6115,vertical,1.1299999999999999,115,true,2,2.3561748085520091e-12
6116,vertical,1.1299999999999999,116,true,2,1.4547999467732864e-12
6117,vertical,1.1299999999999999,117,true,2,4.4174771007088494e-11
6118,vertical,1.1299999999999999,118,true,2,1.3064982165865731e-11
6119,vertical,1.1299999999999999,119,true,2,5.9117262316350567e-11
6120,vertical,1.1299999999999999,120,true,2,2.5659002379631213e-12
6121,vertical,1.1299999999999999,121,true,2,2.1509300038859205e-11
6122,vertical,1.1299999999999999,122,true,3,2.8907703625213188e-13
6123,vertical,1.1299999999999999,123,true,3,3.9116235449219638e-13
6124,vertical,1.1299999999999999,124,true,2,3.7110861779591575e-11
6125,vertical,1.1299999999999999,125,true,2,1.1858278520255745e-12
6126,vertical,1.1299999999999999,126,true,2,5.3390342475931243e-12
6127,vertical,1.1299999999999999,127,true,2,1.6834623208498993e-12
6128,vertical,1.1299999999999999,128,true,2,1.8355003656365447e-11
6129,vertical,1.1299999999999999,129,true,2,1.3762924841447455e-11
6130,vertical,1.1299999999999999,130,true,2,3.2541154209062708e-13
6131,vertical,1.1299999999999999,131,true,2,1.1478775820871096e-11
6132,vertical,1.1299999999999999,132,true,2,5.646945839406608e-12
6133,vertical,1.1299999999999999,133,true,2,1.0121965775932134e-11
6134,vertical,1.1299999999999999,134,true,2,1.8917827544124671e-11
6135,vertical,1.1299999999999999,135,true,2,5.2100909557688207e-11
6136,vertical,1.1299999999999999,136,true,2,3.3951013893307563e-11
6137,vertical,1.1299999999999999,137,true,2,2.1479494080426113e-12
6138,vertical,1.1299999999999999,138,true,2,1.5716252570170168e-11
6139,vertical,1.1299999999999999,139,true,2,8.7983722166753801e-11
6140,vertical,1.1299999999999999,140,true,2,1.6108521610487871e-11
6141,vertical,1.1299999999999999,141,true,2,4.8231050191365233e-11
6142,vertical,1.1299999999999999,142,true,2,1.9531358259869132e-12
6143,vertical,1.1299999999999999,143,true,2,1.7253278310218906e-11
6144,vertical,1.1299999999999999,144,true,2,2.1088048769971505e-11
6145,vertical,1.1299999999999999,145,true,2,2.9186430375795409e-12
6146,vertical,1.1299999999999999,146,true,2,1.9522932731155199e-11
6147,vertical,1.1299999999999999,147,true,2,4.1436892354959851e-11
6148,vertical,1.1299999999999999,148,true,2,1.2438482957940271e-11
6149,vertical,1.1299999999999999,149,true,2,1.9082004978743495e-11
6150,vertical,1.1299999999999999,150,true,3,2.6888420803911757e-13
6151,vertical,1.1299999999999999,151,true,2,4.3652100709767019e-12
6152,vertical,1.1299999999999999,152,true,3,2.9688267432014551e-13
6153,vertical,1.1299999999999999,153,true,2,1.7779767744363138e-11
6154,vertical,1.1299999999999999,154,true,2,8.9103632108778203e-11
6155,vertical,1.1299999999999999,155,true,2,9.7210427235508328e-12
6156,vertical,1.1299999999999999,156,true,2,8.5679939230617029e-12
6157,vertical,1.1299999999999999,157,true,2,2.3932041973477261e-12
6158,vertical,1.1299999999999999,158,true,2,1.3521236845390052e-11
6159,vertical,1.1299999999999999,159,true,1,5.7004553522320459e-11
6160,vertical,1.1299999999999999,160,true,2,3.1136951035675734e-12
6161,vertical,1.1299999999999999,161,true,2,4.0993672647159621e-12
6162,vertical,1.1299999999999999,162,true,2,3.6495613941373094e-12
6163,vertical,1.1299999999999999,163,true,2,7.9917211040486416e-12
6164,vertical,1.1299999999999999,164,true,2,2.9655180714871671e-11
6165,vertical,1.1299999999999999,165,true,2,4.4289984484717028e-12
6166,vertical,1.1299999999999999,166,true,2,3.379246369823621e-12
6167,vertical,1.1299999999999999,167,true,2,1.1152457094030064e-12
6168,vertical,1.1299999999999999,168,true,2,4.2929248711805182e-11
6169,vertical,1.1299999999999999,169,true,2,3.1243953124965103e-11
6170,vertical,1.1299999999999999,170,true,2,1.2284885473767277e-11
6171,vertical,1.1299999999999999,171,true,2,9.3682153666341396e-12
6172,vertical,1.1299999999999999,172,true,2,2.9527028667701474e-11
6173,vertical,1.1299999999999999,173,true,2,2.3941822625765832e-12
6174,vertical,1.1299999999999999,174,true,2,5.7931431369391294e-12
6175,vertical,1.1299999999999999,175,true,2,2.1327860449607293e-11
6176,vertical,1.1299999999999999,176,true,2,4.3137766185166237e-11
6177,vertical,1.1299999999999999,177,true,2,5.13915222772436e-13
6178,vertical,1.1299999999999999,178,true,2,2.3504282132509337e-12
6179,vertical,1.1299999999999999,179,true,2,3.9645812798634868e-11
6180,vertical,1.1299999999999999,180,true,2,3.6329228324346447e-12
6181,vertical,1.1299999999999999,181,true,3,9.5340364289174967e-13
6182,vertical,1.1299999999999999,182,true,2,1.9762580130695656e-11
6183,vertical,1.1299999999999999,183,true,2,3.5251980823902255e-12
6184,vertical,1.1299999999999999,184,true,2,2.7948410744273942e-11
6185,vertical,1.1299999999999999,185,true,2,1.0438199447515344e-12
6186,vertical,1.1299999999999999,186,true,2,4.4475879848790303e-12
6187,vertical,1.1299999999999999,187,true,2,8.0473926849381005e-12
6188,vertical,1.1299999999999999,188,true,3,1.9488006324939611e-13
6189,vertical,1.1299999999999999,189,true,2,2.6896552573080775e-12
6190,vertical,1.1299999999999999,190,true,2,1.3208562546828897e-12
6191,vertical,1.1299999999999999,191,true,2,2.3275083931223728e-12
6192,vertical,1.1299999999999999,192,true,2,3.0854930655407613e-12
6193,vertical,1.1299999999999999,193,true,2,8.3562294870015517e-12
6194,vertical,1.1299999999999999,194,true,2,1.1072674064879693e-11
6195,vertical,1.1299999999999999,195,true,2,9.9881732657342726e-11
6196,vertical,1.1299999999999999,196,true,2,3.6503303434588004e-12
6197,vertical,1.1299999999999999,197,true,2,1.5809357117452841e-11
6198,vertical,1.1299999999999999,198,true,2,2.103078356727985e-11
6199,vertical,1.1299999999999999,199,true,2,1.9431028880466841e-11
6200,vertical,1.1299999999999999,200,true,2,1.1393118922962091e-11
6201,vertical,1.1299999999999999,201,true,2,2.3906273373405758e-11
6202,vertical,1.1299999999999999,202,true,2,1.6164149558838821e-11
6203,vertical,1.1299999999999999,203,true,2,8.6149200021083572e-12
6204,vertical,1.1299999999999999,204,true,2,1.5957171439611851e-12
6205,vertical,1.1299999999999999,205,true,2,5.550242116196423e-12
6206,vertical,1.1299999999999999,206,true,2,5.5693481514432751e-12
6207,vertical,1.1299999999999999,207,true,2,1.5494046613869734e-11
6208,vertical,1.1299999999999999,208,true,2,4.7777523188353957e-11
6209,vertical,1.1299999999999999,209,true,2,2.1356131879283182e-11
6210,vertical,1.1299999999999999,210,true,2,7.7002156785481336e-11
6211,vertical,1.1299999999999999,211,true,1,4.4312370255579136e-11
6212,vertical,1.1299999999999999,212,true,2,2.2391550862530229e-13
6213,vertical,1.1299999999999999,213,true,2,1.4587227622802523e-11
6214,vertical,1.1299999999999999,214,true,3,1.5009407310769594e-12
6215,vertical,1.1299999999999999,215,true,2,8.6168423855227233e-12
6216,vertical,1.1299999999999999,216,true,2,4.1854241570114581e-12
6217,vertical,1.1299999999999999,217,true,2,4.5139042497572863e-11
6218,vertical,1.1299999999999999,218,true,2,2.4891663242342576e-12
6219,vertical,1.1299999999999999,219,true,2,5.7824867456385858e-11
6220,vertical,1.1299999999999999,220,true,2,3.8104130871984925e-12
6221,vertical,1.1299999999999999,221,true,2,5.2343260553785567e-12
6222,vertical,1.1299999999999999,222,true,3,5.0527033874759952e-13
6223,vertical,1.1299999999999999,223,true,2,5.9370656317813572e-11
6224,vertical,1.1299999999999999,224,true,1,4.0105551562432289e-11
6225,vertical,1.1299999999999999,225,true,2,2.0992293934718734e-11
6226,vertical,1.1299999999999999,226,true,2,9.793294916794209e-12
6227,vertical,1.1299999999999999,227,true,2,8.9142453088751597e-12
6228,vertical,1.1299999999999999,228,true,2,2.6008008766566232e-11
6229,vertical,1.1299999999999999,229,true,2,4.9467998925626889e-13
6230,vertical,1.1299999999999999,230,true,2,2.9295494873255282e-12
6231,vertical,1.1299999999999999,231,true,2,5.0778445581139926e-11
6232,vertical,1.1299999999999999,232,true,2,1.4275262532750667e-11
6233,vertical,1.1299999999999999,233,true,2,2.3997076843646466e-12
6234,vertical,1.1299999999999999,234,true,2,4.6430051468364074e-12
6235,vertical,1.1299999999999999,235,true,2,9.9887174536877735e-12
6236,vertical,1.1299999999999999,236,true,1,3.6611947627377103e-11
6237,vertical,1.1299999999999999,237,true,2,1.9001572115673444e-12
6238,vertical,1.1299999999999999,238,true,2,3.8949111320343796e-11
6239,vertical,1.1299999999999999,239,true,2,3.5965890064289159e-12
6240,vertical,1.1299999999999999,240,true,2,4.6896950448772306e-12
6241,vertical,1.1299999999999999,241,true,2,1.9629280245741616e-12
6242,vertical,1.1299999999999999,242,true,2,2.9782220791629159e-12
6243,vertical,1.1299999999999999,243,true,2,2.0390310827280826e-11
6244,vertical,1.1299999999999999,244,true,2,4.3692138772149614e-12
6245,vertical,1.1299999999999999,245,true,2,5.1098602303364726e-11
6246,vertical,1.1299999999999999,246,true,2,2.8500730989571098e-12
6247,vertical,1.1299999999999999,247,true,2,3.9868297482474936e-12
6248,vertical,1.1299999999999999,248,true,2,1.4141865210670311e-11
6249,vertical,1.1299999999999999,249,true,2,6.6169991986134378e-12
6250,vertical,1.1299999999999999,250,true,2,5.2468314183984551e-12
6251,vertical,1.1299999999999999,251,true,2,1.8813407368281465e-12
6252,vertical,1.1299999999999999,252,true,2,3.454560009905238e-12
6253,vertical,1.1299999999999999,253,true,2,1.7754796315498241e-12
6254,vertical,1.1299999999999999,254,true,2,2.5406586027862228e-11
6255,vertical,1.1299999999999999,255,true,2,6.1565919580339804e-12
6256,vertical,1.1299999999999999,256,true,2,2.0745208926752636e-11
6257,vertical,1.1299999999999999,257,true,2,9.4182270437612933e-11
6258,vertical,1.1299999999999999,258,true,3,3.3192104994553388e-13
6259,vertical,1.1299999999999999,259,true,1,7.7947192942566848e-11
6260,vertical,1.1299999999999999,260,true,2,3.8505017119238646e-12
6261,vertical,1.1299999999999999,261,true,2,8.9336295269559193e-12
6262,vertical,1.1299999999999999,262,true,2,7.2931014997974007e-12
6263,vertical,1.1299999999999999,263,true,3,7.6144693446272345e-13
6264,vertical,1.1299999999999999,264,true,2,2.0012979538538959e-12
6265,vertical,1.1299999999999999,265,true,2,5.9216521124445429e-13
6266,vertical,1.1299999999999999,266,true,2,1.6611909576841045e-11
6267,vertical,1.1299999999999999,267,true,1,5.88803498335115e-11
6268,vertical,1.1299999999999999,268,true,2,3.8202638857770106e-12
6269,vertical,1.1299999999999999,269,true,2,4.9017145662123732e-12
6270,vertical,1.1299999999999999,270,true,2,4.82197016014207e-11
6271,vertical,1.1299999999999999,271,true,2,5.6516790121501e-12
6272,vertical,1.1299999999999999,272,true,3,8.1999903735001827e-13
6273,vertical,1.1299999999999999,273,true,2,2.7890435394312629e-11
6274,vertical,1.1299999999999999,274,true,2,1.4527860269001204e-11
6275,vertical,1.1299999999999999,275,true,2,1.2040785303107096e-12
6276,vertical,1.1299999999999999,276,true,2,4.5863426822855111e-12
6277,vertical,1.1299999999999999,277,true,2,9.4534758282110289e-12
6278,vertical,1.1299999999999999,278,true,2,2.4935496798405327e-11
6279,vertical,1.1299999999999999,279,true,2,3.5223961848230644e-12
6280,vertical,1.1299999999999999,280,true,2,1.1025065791594268e-11
6281,vertical,1.1299999999999999,281,true,2,2.6852514571659956e-11
6282,vertical,1.1299999999999999,282,true,2,4.7120252419206686e-12
6283,vertical,1.1299999999999999,283,true,2,5.9160205742359299e-12
6284,vertical,1.1299999999999999,284,true,2,2.5152592148695656e-11
6285,vertical,1.1299999999999999,285,true,2,2.721149991001756e-12
6286,vertical,1.1299999999999999,286,true,2,1.8401393934296193e-11
6287,vertical,1.1299999999999999,287,true,2,2.2401707478703713e-11
6288,vertical,1.1299999999999999,288,true,2,3.0427063692281986e-12
6289,vertical,1.1299999999999999,289,true,2,2.4361106673997706e-11
6290,vertical,1.1299999999999999,290,true,2,3.8913565511288965e-11
6291,vertical,1.1299999999999999,291,true,2,1.97495195962477e-12
6292,vertical,1.1299999999999999,292,true,2,4.9928754742134403e-12
6293,vertical,1.1299999999999999,293,true,2,9.3080062117436244e-12
6294,vertical,1.1299999999999999,294,true,2,2.3050496139572006e-11
6295,vertical,1.1299999999999999,295,true,2,1.6243534559127777e-12
6296,vertical,1.1299999999999999,296,true,2,1.8860826356800462e-13
6297,vertical,1.1299999999999999,297,true,2,3.0953566383122053e-12
6298,vertical,1.1299999999999999,298,true,2,3.912208989028882e-11
6299,vertical,1.1299999999999999,299,true,2,1.9683364845539757e-12
6300,vertical,1.1299999999999999,300,true,2,2.1902842741381351e-11
6301,vertical,1.1299999999999999,301,true,2,3.4493088664993429e-12
6302,vertical,1.1299999999999999,302,true,2,4.557147854899261e-11
6303,vertical,1.1299999999999999,303,true,2,3.1693169218224304e-11
6304,vertical,1.1299999999999999,304,true,2,1.576971342259451e-11
6305,vertical,1.1299999999999999,305,true,2,8.0638222262466735e-11
6306,vertical,1.1299999999999999,306,true,2,1.0667868431192798e-12
6307,vertical,1.1299999999999999,307,true,2,2.8818211792132842e-12
6308,vertical,1.1299999999999999,308,true,2,5.5710728329046886e-12
6309,vertical,1.1299999999999999,309,true,2,4.0491233303242509e-12
6310,vertical,1.1299999999999999,310,true,2,5.3891893629162629e-11
6311,vertical,1.1299999999999999,311,true,2,3.9895902449414082e-11
6312,vertical,1.1299999999999999,312,true,2,8.2885164581141505e-13
6313,vertical,1.1299999999999999,313,true,2,5.5099898272137072e-11
6314,vertical,1.1299999999999999,314,true,2,5.4290859222352279e-12
6315,vertical,1.1299999999999999,315,true,2,5.0951298902405208e-11
6316,vertical,1.1299999999999999,316,true,2,1.0023924782708804e-11
6317,vertical,1.1299999999999999,317,true,2,2.4011945872135508e-12
6318,vertical,1.1299999999999999,318,true,2,8.8107111879730698e-11
6319,vertical,1.1299999999999999,319,true,2,5.2617232157280089e-11
6320,vertical,1.1299999999999999,320,true,2,3.2737458712794343e-11
6321,vertical,1.1299999999999999,321,true,2,2.0149911828368771e-12
6322,vertical,1.1299999999999999,322,true,2,1.7150589586473485e-11
6323,vertical,1.1299999999999999,323,true,2,1.3986087800813558e-11
6324,vertical,1.1299999999999999,324,true,2,1.6955670416293067e-12
6325,vertical,1.1299999999999999,325,true,2,5.725669113241891e-12
6326,vertical,1.1299999999999999,326,true,2,2.3755101538288578e-11
6327,vertical,1.1299999999999999,327,true,2,2.5797537827805206e-12
6328,vertical,1.1299999999999999,328,true,2,1.7773300424077046e-11
6329,vertical,1.1299999999999999,329,true,2,3.0869847381967261e-12
6330,vertical,1.1299999999999999,330,true,2,2.6660207599842227e-11
6331,vertical,1.1299999999999999,331,true,1,3.4244683912523794e-11
6332,vertical,1.1299999999999999,332,true,2,1.698469863751164e-11
6333,vertical,1.1299999999999999,333,true,2,5.7423658023734048e-12
6334,vertical,1.1299999999999999,334,true,2,6.3104514417970898e-12
6335,vertical,1.1299999999999999,335,true,2,6.6055149944158079e-13
6336,vertical,1.1299999999999999,336,true,2,5.7682387084085581e-11
6337,vertical,1.1299999999999999,337,true,2,2.3142640316320306e-12
6338,vertical,1.1299999999999999,338,true,2,3.1427598851187932e-11
6339,vertical,1.1299999999999999,339,true,2,1.0403216461430371e-11
6340,vertical,1.1299999999999999,340,true,2,7.0917420427705325e-12
6341,vertical,1.1299999999999999,341,true,2,2.6921485034282378e-11
6342,vertical,1.1299999999999999,342,true,3,3.7996975726197163e-13
6343,vertical,1.1299999999999999,343,true,2,1.6299238181322311e-11
6344,vertical,1.1299999999999999,344,true,2,1.5631682179058004e-11
6345,vertical,1.1299999999999999,345,true,2,5.1848331368973864e-12
6346,vertical,1.1299999999999999,346,true,2,2.5034822863206805e-11
6347,vertical,1.1299999999999999,347,true,2,1.9269425209181647e-12
6348,vertical,1.1299999999999999,348,true,2,6.2987239109315523e-12
6349,vertical,1.1299999999999999,349,true,2,5.3740588998973183e-13
6350,vertical,1.1299999999999999,350,true,2,3.5231479250447514e-11
6351,vertical,1.1299999999999999,351,true,2,9.093910089798226e-12
6352,vertical,1.1299999999999999,352,true,2,1.1088170822769547e-12
6353,vertical,1.1299999999999999,353,true,2,1.2855044103449912e-11
6354,vertical,1.1299999999999999,354,true,2,2.8498066959935466e-11
6355,vertical,1.1299999999999999,355,true,2,1.2772723087800635e-11
6356,vertical,1.1299999999999999,356,true,2,5.3298172441429946e-12
6357,vertical,1.1299999999999999,357,true,2,5.1478139869888773e-11
6358,vertical,1.1299999999999999,358,true,2,9.3547650254532922e-12
6359,vertical,1.1299999999999999,359,true,2,5.9402879784929422e-12
6360,vertical,1.1299999999999999,360,true,2,4.4426045665891967e-12
6361,vertical,1.1299999999999999,361,true,2,1.7139263347888286e-12
6362,vertical,1.1299999999999999,362,true,2,2.2180856305408386e-11
6363,vertical,1.1299999999999999,363,true,2,3.3636726313697497e-11
6364,vertical,1.1299999999999999,364,true,2,3.0616965109080442e-12
6365,vertical,1.1299999999999999,365,true,2,4.7831644300855481e-12
6366,vertical,1.1299999999999999,366,true,3,5.123947100114871e-13
6367,vertical,1.1299999999999999,367,true,2,5.2809218335733546e-12
6368,vertical,1.1299999999999999,368,true,2,1.8072801417513068e-11
6369,vertical,1.1299999999999999,369,true,2,2.4721146105288045e-11
6370,vertical,1.1299999999999999,370,true,2,2.5907422506007872e-12
6371,vertical,1.1299999999999999,371,true,2,7.3281046774387216e-12
6372,vertical,1.1299999999999999,372,true,2,1.9100776020821918e-12
6373,vertical,1.1299999999999999,373,true,2,2.8061216767872759e-13
6374,vertical,1.1299999999999999,374,true,2,1.814473532402343e-11
6375,vertical,1.1299999999999999,375,true,2,3.2705203935338128e-11
6376,vertical,1.1299999999999999,376,true,2,1.8519154044014378e-11
6377,vertical,1.1299999999999999,377,true,2,7.8865015946757677e-12
6378,vertical,1.1299999999999999,378,true,3,1.2942477652312463e-13
6379,vertical,1.1299999999999999,379,true,2,9.0539737922301344e-12
6380,vertical,1.1299999999999999,380,true,2,1.2405620768517673e-11
6381,vertical,1.1299999999999999,381,true,2,9.9645256433066937e-13
6382,vertical,1.1299999999999999,382,true,2,2.9875634278367567e-11
6383,vertical,1.1299999999999999,383,true,2,5.1516355692017016e-11
6384,vertical,1.1299999999999999,384,true,2,6.5267123914973591e-12
6385,vertical,1.1299999999999999,385,true,2,3.7384880131859054e-12
6386,vertical,1.1299999999999999,386,true,2,6.0828280993979554e-12
6387,vertical,1.1299999999999999,387,true,2,1.9389570433935265e-12
6388,vertical,1.1299999999999999,388,true,2,3.1204227831519663e-11
6389,vertical,1.1299999999999999,389,true,2,2.4873080958957071e-12
6390,vertical,1.1299999999999999,390,true,2,1.6211582867357593e-13
6391,vertical,1.1299999999999999,391,true,2,1.2630333414003284e-11
6392,vertical,1.1299999999999999,392,true,2,7.6470823299670038e-12
6393,vertical,1.1299999999999999,393,true,2,4.0142981333572775e-11
6394,vertical,1.1299999999999999,394,true,3,1.735693237340131e-13
6395,vertical,1.1299999999999999,395,true,2,6.8270002975564189e-12
6396,vertical,1.1299999999999999,396,true,2,8.4769454088106843e-13
6397,vertical,1.1299999999999999,397,true,2,2.2559149372343945e-12
6398,vertical,1.1299999999999999,398,true,2,1.2901824274081441e-12
6399,vertical,1.1299999999999999,399,true,2,7.4794008391388273e-12
6400,vertical,1.1299999999999999,400,true,2,9.2294922615271554e-12
6401,vertical,1.1299999999999999,401,true,2,3.4012141300447601e-11
6402,vertical,1.1299999999999999,402,true,2,1.9565470972278339e-12
6403,vertical,1.1299999999999999,403,true,2,7.8780151361851508e-12
6404,vertical,1.1299999999999999,404,true,2,2.5304098889831556e-11
6405,vertical,1.1299999999999999,405,true,2,1.1308110460922769e-11
6406,vertical,1.1299999999999999,406,true,2,7.4952640347129814e-12
6407,vertical,1.1299999999999999,407,true,2,2.3219870888096223e-11
6408,vertical,1.1299999999999999,408,true,2,4.863421085539527e-11
6409,vertical,1.1299999999999999,409,true,2,4.9735583228250763e-13
6410,vertical,1.1299999999999999,410,true,2,1.6096054505623938e-11
6411,vertical,1.1299999999999999,411,true,2,7.2679463648229194e-11
6412,vertical,1.1299999999999999,412,true,2,8.4028441088726124e-12
6413,vertical,1.1299999999999999,413,true,2,3.5886491670634549e-12
6414,vertical,1.1299999999999999,414,true,2,7.8497656840818134e-12
6415,vertical,1.1299999999999999,415,true,2,9.6630386660951834e-12
6416,vertical,1.1299999999999999,416,true,2,1.9290918620204545e-11
6417,vertical,1.1299999999999999,417,true,2,3.2264447787590516e-11
6418,vertical,1.1299999999999999,418,true,2,5.6336309121350076e-11
6419,vertical,1.1299999999999999,419,true,2,8.9385463568619927e-12
6420,vertical,1.1299999999999999,420,true,2,7.8159344861303145e-12
6421,vertical,1.1299999999999999,421,true,2,1.4794270046728907e-12
6422,vertical,1.1299999999999999,422,true,2,3.8508469229357758e-12
6423,vertical,1.1299999999999999,423,true,2,2.5375393672148225e-11
6424,vertical,1.1299999999999999,424,true,2,1.8600795244444917e-12
6425,vertical,1.1299999999999999,425,true,2,1.5213089877088859e-12
6426,vertical,1.1299999999999999,426,true,2,6.3149782326887457e-11
6427,vertical,1.1299999999999999,427,true,2,1.3746614690587314e-12
6428,vertical,1.1299999999999999,428,true,2,3.0741969969966912e-12
6429,vertical,1.1299999999999999,429,true,3,2.8404403175611233e-13
6430,vertical,1.1299999999999999,430,true,2,9.646466946216524e-12
6431,vertical,1.1299999999999999,431,true,2,1.7858314314165003e-12
6432,vertical,1.1299999999999999,432,true,2,3.8676386088145851e-12
6433,vertical,1.1299999999999999,433,true,2,4.666299011644439e-11
6434,vertical,1.1299999999999999,434,true,2,4.5627032534254605e-12
6435,vertical,1.1299999999999999,435,true,2,4.7105607220293154e-12
6436,vertical,1.1299999999999999,436,true,2,2.1090820235128554e-12
6437,vertical,1.1299999999999999,437,true,2,2.4198678634097103e-12
6438,vertical,1.1299999999999999,438,true,2,4.2875077872275271e-13
6439,vertical,1.1299999999999999,439,true,2,2.2579561464753208e-12
6440,vertical,1.1299999999999999,440,true,2,8.9398608387391472e-13
6441,vertical,1.1299999999999999,441,true,2,4.5346849736756253e-11
6442,vertical,1.1299999999999999,442,true,2,4.8397046777115981e-11
6443,vertical,1.1299999999999999,443,true,2,1.0187800867298196e-12
6444,vertical,1.1299999999999999,444,true,2,1.7099499869676948e-11
6445,vertical,1.1299999999999999,445,true,2,1.9562695270585911e-12
6446,vertical,1.1299999999999999,446,true,2,1.689952205756809e-11
6447,vertical,1.1299999999999999,447,true,3,9.0859227637878363e-13
6448,vertical,1.1299999999999999,448,true,2,1.2007147322894671e-12
6449,vertical,1.1299999999999999,449,true,2,5.1218519447805072e-11
6450,vertical,1.1299999999999999,450,true,2,6.3960210714816768e-12
6451,vertical,1.1299999999999999,451,true,2,2.2755600717804423e-12
6452,vertical,1.1299999999999999,452,true,2,8.7584724655668508e-13
6453,vertical,1.1299999999999999,453,true,3,2.0924431824988096e-13
6454,vertical,1.1299999999999999,454,true,2,2.0833872110234169e-11
6455,vertical,1.1299999999999999,455,true,2,7.8588089823302685e-12
6456,vertical,1.1299999999999999,456,true,2,4.8884828782615282e-12
6457,vertical,1.1299999999999999,457,true,3,1.4662065492284961e-12
6458,vertical,1.1299999999999999,458,true,3,6.3040283193953879e-13
6459,vertical,1.1299999999999999,459,true,2,5.2675589133093153e-11
6460,vertical,1.1299999999999999,460,true,2,2.9562245785169477e-12
6461,vertical,1.1299999999999999,461,true,2,8.9982832037184537e-13
6462,vertical,1.1299999999999999,462,true,2,3.5361206300572688e-12
6463,vertical,1.1299999999999999,463,true,2,3.1931692738218851e-11
6464,vertical,1.1299999999999999,464,true,2,3.1068098752660865e-12
6465,vertical,1.1299999999999999,465,true,2,2.6568996167941374e-13
6466,vertical,1.1299999999999999,466,true,2,3.1581696861425206e-12
6467,vertical,1.1299999999999999,467,true,2,4.2935950335464071e-11
6468,vertical,1.1299999999999999,468,true,2,1.3839525114750176e-11
6469,vertical,1.1299999999999999,469,true,2,4.6516018455203656e-13
6470,vertical,1.1299999999999999,470,true,2,5.564530175169108e-11
6471,vertical,1.1299999999999999,471,true,2,5.7045459687315115e-12
6472,vertical,1.1299999999999999,472,true,2,6.742772372533832e-11
6473,vertical,1.1299999999999999,473,true,3,3.3166179386437766e-13
6474,vertical,1.1299999999999999,474,true,2,8.5000010759495987e-11
6475,vertical,1.1299999999999999,475,true,3,5.8218498539074871e-13
6476,vertical,1.1299999999999999,476,true,2,5.2128181620619595e-12
6477,vertical,1.1299999999999999,477,true,2,1.7722225888999985e-12
6478,vertical,1.1299999999999999,478,true,2,1.7684401245221586e-12
6479,vertical,1.1299999999999999,479,true,2,1.7737060843716096e-11
6480,vertical,1.1299999999999999,480,true,2,6.2523033415208618e-13
6481,vertical,1.1299999999999999,481,true,2,2.0140388564482266e-11
6482,vertical,1.1299999999999999,482,true,2,5.3892030872560565e-11
6483,vertical,1.1299999999999999,483,true,2,4.5927967855293478e-12
6484,vertical,1.1299999999999999,484,true,2,1.1277767363686568e-12
6485,vertical,1.1299999999999999,485,true,2,2.0661303316119252e-12
6486,vertical,1.1299999999999999,486,true,2,2.0760826052433788e-12
6487,vertical,1.1299999999999999,487,true,2,1.2063550744995893e-11
6488,vertical,1.1299999999999999,488,true,2,5.1995567410590725e-12
6489,vertical,1.1299999999999999,489,true,1,3.5270304379153633e-11
6490,vertical,1.1299999999999999,490,true,2,1.8783149635467538e-12
6491,vertical,1.1299999999999999,491,true,2,2.4549297265941699e-12
6492,vertical,1.1299999999999999,492,true,2,2.161844359509959e-11
6493,vertical,1.1299999999999999,493,true,2,5.0476259504339046e-11
6494,vertical,1.1299999999999999,494,true,2,7.3800862115736164e-12
6495,vertical,1.1299999999999999,495,true,2,3.0690350582314645e-12
6496,vertical,1.1299999999999999,496,true,2,1.4997631519795879e-11
6497,vertical,1.1299999999999999,497,true,2,3.0529471067003325e-11
6498,vertical,1.1299999999999999,498,true,2,7.2628966587349919e-12
6499,vertical,1.1299999999999999,499,true,2,1.1005327751758409e-12
6500,vertical,1.1299999999999999,500,true,1,5.2591820829504428e-11
6501,vertical,1.1299999999999999,501,true,2,4.4601660554269556e-12
6502,vertical,1.1299999999999999,502,true,3,7.2297669346696794e-13
6503,vertical,1.1299999999999999,503,true,2,2.025694446473787e-12
6504,vertical,1.1299999999999999,504,true,3,3.5825856151104071e-13
6505,vertical,1.1299999999999999,505,true,2,1.8864320270923283e-11
6506,vertical,1.1299999999999999,506,true,2,4.6836574276255334e-12
6507,vertical,1.1299999999999999,507,true,2,7.2144054157015847e-12
6508,vertical,1.1299999999999999,508,true,2,2.1520952191455574e-11
6509,vertical,1.1299999999999999,509,true,2,1.3045938159164648e-11
6510,vertical,1.1299999999999999,510,true,2,1.9105090720392378e-12
6511,vertical,1.1299999999999999,511,true,3,5.1547156360283035e-12
6512,vertical,1.1299999999999999,512,true,2,5.2710096900154572e-11
6513,vertical,1.1299999999999999,513,true,2,3.3199637335373471e-13
6514,vertical,1.1299999999999999,514,true,2,1.1379648467469017e-11
6515,vertical,1.1299999999999999,515,true,2,9.0766767689239743e-11
6516,vertical,1.1299999999999999,516,true,2,1.0384420727147835e-11
6517,vertical,1.1299999999999999,517,true,2,5.7318265342193361e-12
6518,vertical,1.1299999999999999,518,true,2,6.7267509554794412e-11
6519,vertical,1.1299999999999999,519,true,2,2.764398374643398e-12
6520,vertical,1.1299999999999999,520,true,2,1.1880614516725727e-11
6521,vertical,1.1299999999999999,521,true,1,3.5378668282875483e-11
6522,vertical,1.1299999999999999,522,true,2,8.4658168315948014e-12
6523,vertical,1.1299999999999999,523,true,2,3.9110311296085332e-11
6524,vertical,1.1299999999999999,524,true,2,4.6970719907804674e-11
6525,vertical,1.1299999999999999,525,true,2,5.9023664445861095e-13
6526,vertical,1.1299999999999999,526,true,2,6.7781089633723798e-11
6527,vertical,1.1299999999999999,527,true,2,1.3002295024376488e-11
6528,vertical,1.1299999999999999,528,true,2,4.5365063120098341e-11
6529,vertical,1.1299999999999999,529,true,2,4.0447746774505014e-12
6530,vertical,1.1299999999999999,530,true,2,2.5154049453416283e-11
6531,vertical,1.1299999999999999,531,true,2,5.3732130324059799e-12
6532,vertical,1.1299999999999999,532,true,2,2.6523258394073264e-11
6533,vertical,1.1299999999999999,533,true,2,9.3286720158318839e-12
6534,vertical,1.1299999999999999,534,true,2,2.2316819663236229e-11
6535,vertical,1.1299999999999999,535,true,2,9.8512514903326147e-12
6536,vertical,1.1299999999999999,536,true,2,9.7550327010670071e-12
6537,vertical,1.1299999999999999,537,true,2,4.5519980331263512e-12
6538,vertical,1.1299999999999999,538,true,2,2.5940784178089472e-11
6539,vertical,1.1299999999999999,539,true,2,1.380677572083139e-12
6540,vertical,1.1299999999999999,540,true,2,3.0768295569003743e-12
6541,vertical,1.1299999999999999,541,true,2,2.8433847799753624e-12
6542,vertical,1.1299999999999999,542,true,2,4.2303835134665896e-12
6543,vertical,1.1299999999999999,543,true,2,6.6747898622670509e-12
6544,vertical,1.1299999999999999,544,true,2,5.7451649378354635e-12
6545,vertical,1.1299999999999999,545,true,2,2.0179939291184112e-11
6546,vertical,1.1299999999999999,546,true,2,3.8536752523235845e-12
6547,vertical,1.1299999999999999,547,true,3,2.2269691914989097e-13
6548,vertical,1.1299999999999999,548,true,2,9.7873237637370681e-12
6549,vertical,1.1299999999999999,549,true,2,5.6809913299046113e-11
6550,vertical,1.1299999999999999,550,true,2,1.5977771622142512e-11
6551,vertical,1.1299999999999999,551,true,2,4.5563278689693895e-12
6552,vertical,1.1299999999999999,552,true,2,7.5570765811170232e-13
6553,vertical,1.1299999999999999,553,true,2,1.7267542766659812e-11
6554,vertical,1.1299999999999999,554,true,2,7.8481837959740447e-13
6555,vertical,1.1299999999999999,555,true,3,1.9087812370124575e-13
6556,vertical,1.1299999999999999,556,true,2,1.0096891426334239e-12
6557,vertical,1.1299999999999999,557,true,2,1.4026094086411981e-11
6558,vertical,1.1299999999999999,558,true,2,9.8715387762996149e-12
6559,vertical,1.1299999999999999,559,true,2,5.4498662650575251e-13
6560,vertical,1.1299999999999999,560,true,2,3.3053827348088617e-11
6561,vertical,1.1299999999999999,561,true,2,1.930397485950295e-12
6562,vertical,1.1299999999999999,562,true,2,4.577064595294607e-12
6563,vertical,1.1299999999999999,563,true,2,4.6932610778794528e-11
6564,vertical,1.1299999999999999,564,true,1,7.2928191043607847e-11
6565,vertical,1.1299999999999999,565,true,2,2.2173960434379402e-12
6566,vertical,1.1299999999999999,566,true,2,5.6097892010613971e-11
6567,vertical,1.1299999999999999,567,true,2,2.1120755164002816e-11
6568,vertical,1.1299999999999999,568,true,2,2.9887340742328473e-11
6569,vertical,1.1299999999999999,569,true,2,3.8158971643434696e-12
6570,vertical,1.1299999999999999,570,true,2,2.8556216457507607e-12
6571,vertical,1.1299999999999999,571,true,2,1.0231839716180728e-11
6572,vertical,1.1299999999999999,572,true,2,2.6989612245747059e-12
6573,vertical,1.1299999999999999,573,true,2,5.8604650636567514e-13
6574,vertical,1.1299999999999999,574,true,2,2.4951102963955494e-11
6575,vertical,1.1299999999999999,575,true,2,9.871314773876735e-12
6576,vertical,1.1299999999999999,576,true,2,2.5192431437898796e-12
6577,vertical,1.1299999999999999,577,true,3,1.7832920390239019e-13
6578,vertical,1.1299999999999999,578,true,3,3.7103043236528315e-13
6579,vertical,1.1299999999999999,579,true,2,9.8555640109864678e-12
6580,vertical,1.1299999999999999,580,true,2,1.9123738569743112e-12
6581,vertical,1.1299999999999999,581,true,2,1.075893798294205e-11
6582,vertical,1.1299999999999999,582,true,2,1.0920352518429217e-11
6583,vertical,1.1299999999999999,583,true,2,9.1613967402390433e-12
6584,vertical,1.1299999999999999,584,true,2,9.9634203681524101e-13
6585,vertical,1.1299999999999999,585,true,2,1.1405934946317347e-11
6586,vertical,1.1299999999999999,586,true,2,3.7706092924917234e-12
6587,vertical,1.1299999999999999,587,true,2,6.8311385853058678e-12
6588,vertical,1.1299999999999999,588,true,3,2.2095422783898097e-13
6589,vertical,1.1299999999999999,589,true,2,4.547900702194484e-11
6590,vertical,1.1299999999999999,590,true,2,2.0006363560445453e-12
6591,vertical,1.1299999999999999,591,true,2,1.6039505044145409e-12
6592,vertical,1.1299999999999999,592,true,2,1.6962554849305043e-12
6593,vertical,1.1299999999999999,593,true,2,3.992529109782927e-12
6594,vertical,1.1299999999999999,594,true,2,1.9748906983247775e-11
6595,vertical,1.1299999999999999,595,true,2,7.3547188810763675e-11
6596,vertical,1.1299999999999999,596,true,2,9.7593032076537718e-11
6597,vertical,1.1299999999999999,597,true,2,9.771912652256927e-11
6598,vertical,1.1299999999999999,598,true,2,1.8877946555057756e-11
6599,vertical,1.1299999999999999,599,true,2,3.1304020856324981e-12
6600,vertical,1.1299999999999999,600,true,2,3.2014417879121543e-11
6601,vertical,3.2000000000000002,1,true,2,4.1189128850420054e-11
6602,vertical,3.2000000000000002,2,true,3,9.6882054097474048e-12
6603,vertical,3.2000000000000002,3,true,2,2.5755238527348566e-11
6604,vertical,3.2000000000000002,4,true,3,4.2647861380761529e-12
6605,vertical,3.2000000000000002,5,true,3,4.203065853558614e-12
6606,vertical,3.2000000000000002,6,true,2,3.9682494020659486e-11
6607,vertical,3.2000000000000002,7,true,3,6.3116284643863981e-12
6608,vertical,3.2000000000000002,8,true,2,6.7355026805579966e-11
6609,vertical,3.2000000000000002,9,true,3,1.2568013812921451e-12
6610,vertical,3.2000000000000002,10,true,3,7.0739037079033053e-13
6611,vertical,3.2000000000000002,11,true,3,4.1015036641013457e-12
6612,vertical,3.2000000000000002,12,true,3,2.245055045331654e-12
6613,vertical,3.2000000000000002,13,true,3,3.559810721189212e-12
6614,vertical,3.2000000000000002,14,true,3,1.8099746686609048e-11
6615,vertical,3.2000000000000002,15,true,3,2.6590878904192069e-11
6616,vertical,3.2000000000000002,16,true,3,2.2081520189608888e-12
6617,vertical,3.2000000000000002,17,true,3,2.8235897885610077e-13
6618,vertical,3.2000000000000002,18,true,3,3.6188958864715709e-13
6619,vertical,3.2000000000000002,19,true,3,9.6854091475714675e-12
6620,vertical,3.2000000000000002,20,true,2,5.8299816984161972e-11
6621,vertical,3.2000000000000002,21,true,3,6.9296104670210088e-12
6622,vertical,3.2000000000000002,22,true,3,6.0837965590115568e-12
6623,vertical,3.2000000000000002,23,true,3,1.2008908855951105e-11
6624,vertical,3.2000000000000002,24,true,2,1.3829830363516457e-11
6625,vertical,3.2000000000000002,25,true,3,5.5445132517125826e-12
6626,vertical,3.2000000000000002,26,true,3,6.0712442253439455e-12
6627,vertical,3.2000000000000002,27,true,2,3.1722858984491401e-11
6628,vertical,3.2000000000000002,28,true,3,9.7890303489609454e-13
6629,vertical,3.2000000000000002,29,true,3,8.9288125683419009e-12
6630,vertical,3.2000000000000002,30,true,3,1.2631483158290398e-11
6631,vertical,3.2000000000000002,31,true,3,6.094101494434233e-12
6632,vertical,3.2000000000000002,32,true,3,9.4918840275150932e-12
6633,vertical,3.2000000000000002,33,true,3,9.1904971225777264e-13
6634,vertical,3.2000000000000002,34,true,3,3.0535224265345632e-13
6635,vertical,3.2000000000000002,35,true,2,1.2907465273873545e-11
6636,vertical,3.2000000000000002,36,true,3,2.9359733567797927e-11
6637,vertical,3.2000000000000002,37,true,3,2.2440729037354345e-11
6638,vertical,3.2000000000000002,38,true,3,1.8881857487682079e-11
6639,vertical,3.2000000000000002,39,true,3,7.3531089772949316e-13
6640,vertical,3.2000000000000002,40,true,3,7.2166600873644225e-12
6641,vertical,3.2000000000000002,41,true,3,5.1335152531359211e-12
6642,vertical,3.2000000000000002,42,true,3,2.6858209654261925e-13
6643,vertical,3.2000000000000002,43,true,3,5.7666908450386515e-12
6644,vertical,3.2000000000000002,44,true,3,7.0082548316365009e-12
6645,vertical,3.2000000000000002,45,true,3,1.6711276801739146e-12
6646,vertical,3.2000000000000002,46,true,3,6.6502820252728999e-12
6647,vertical,3.2000000000000002,47,true,3,3.8058576000526794e-12
6648,vertical,3.2000000000000002,48,true,3,3.2748539994206751e-11
6649,vertical,3.2000000000000002,49,true,3,8.7202336429593066e-13
6650,vertical,3.2000000000000002,50,true,3,6.4436693787675003e-13
6651,vertical,3.2000000000000002,51,true,3,2.3578504862782211e-12
6652,vertical,3.2000000000000002,52,true,3,1.1610685425319004e-11
6653,vertical,3.2000000000000002,53,true,3,9.1811194605571055e-13
6654,vertical,3.2000000000000002,54,true,3,8.7810526852198701e-12
6655,vertical,3.2000000000000002,55,true,2,4.0181056667531775e-11
6656,vertical,3.2000000000000002,56,true,3,1.0887522981211841e-12
6657,vertical,3.2000000000000002,57,true,3,9.6787303550086272e-13
6658,vertical,3.2000000000000002,58,true,3,4.5323312722731422e-11
6659,vertical,3.2000000000000002,59,true,2,6.920729814856084e-11
6660,vertical,3.2000000000000002,60,true,4,6.445096876829803e-12
6661,vertical,3.2000000000000002,61,true,2,3.5204242599555848e-11
6662,vertical,3.2000000000000002,62,true,2,9.3035090266749972e-11
6663,vertical,3.2000000000000002,63,true,2,4.9457276168718441e-11
6664,vertical,3.2000000000000002,64,true,2,8.7933195650629538e-11
6665,vertical,3.2000000000000002,65,true,2,6.7310795564489826e-11
6666,vertical,3.2000000000000002,66,true,3,8.5459565074727635e-12
6667,vertical,3.2000000000000002,67,true,2,1.2622094084543358e-11
6668,vertical,3.2000000000000002,68,true,3,5.0050876748621065e-13
6669,vertical,3.2000000000000002,69,true,3,1.1495821843918649e-12
6670,vertical,3.2000000000000002,70,true,3,6.9967505960135747e-13
6671,vertical,3.2000000000000002,71,true,3,3.9201135917584033e-12
6672,vertical,3.2000000000000002,72,true,3,2.1502035604529404e-11
6673,vertical,3.2000000000000002,73,true,3,7.0300939954861304e-13
6674,vertical,3.2000000000000002,74,true,3,3.4659040177156375e-11
6675,vertical,3.2000000000000002,75,true,3,5.5957749473957754e-12
6676,vertical,3.2000000000000002,76,true,2,3.0846566899843308e-12
6677,vertical,3.2000000000000002,77,true,2,2.3250652039648969e-11
6678,vertical,3.2000000000000002,78,true,3,3.1602793132279657e-11
6679,vertical,3.2000000000000002,79,true,3,1.6278251753610291e-13
6680,vertical,3.2000000000000002,80,true,3,8.1385719520403121e-12
6681,vertical,3.2000000000000002,81,true,2,3.9089542881239656e-11
6682,vertical,3.2000000000000002,82,true,3,2.0949560318628545e-12
6683,vertical,3.2000000000000002,83,true,3,3.7081922328635464e-13
6684,vertical,3.2000000000000002,84,true,3,7.9456718961338143e-12
6685,vertical,3.2000000000000002,85,true,3,1.9499138788862243e-11
6686,vertical,3.2000000000000002,86,true,3,1.3296727043342472e-11
6687,vertical,3.2000000000000002,87,true,3,5.3104050011781186e-12
6688,vertical,3.2000000000000002,88,true,3,1.7559533277376378e-11
6689,vertical,3.2000000000000002,89,true,3,2.5170878113698061e-11
6690,vertical,3.2000000000000002,90,true,3,1.2445680008794116e-12
6691,vertical,3.2000000000000002,91,true,3,4.3606293479139634e-12
6692,vertical,3.2000000000000002,92,true,3,5.40155076428854e-12
6693,vertical,3.2000000000000002,93,true,3,3.9002018360502407e-11
6694,vertical,3.2000000000000002,94,true,3,2.0757477226619415e-12
6695,vertical,3.2000000000000002,95,true,3,4.6538685739775127e-13
6696,vertical,3.2000000000000002,96,true,3,1.0645106703941021e-12
6697,vertical,3.2000000000000002,97,true,3,4.9686431286327076e-13
6698,vertical,3.2000000000000002,98,true,3,2.991057563617927e-11
6699,vertical,3.2000000000000002,99,true,2,5.8410167947188798e-11
6700,vertical,3.2000000000000002,100,true,3,1.9029149275644744e-11
6701,vertical,3.2000000000000002,101,true,3,4.555701947388445e-12
6702,vertical,3.2000000000000002,102,true,3,6.4638769463353984e-12
6703,vertical,3.2000000000000002,103,true,3,4.2897871498503796e-11
6704,vertical,3.2000000000000002,104,true,3,2.8178976382567351e-12
6705,vertical,3.2000000000000002,105,true,3,1.4732259752396896e-12
6706,vertical,3.2000000000000002,106,true,3,1.7204897777512437e-12
6707,vertical,3.2000000000000002,107,true,3,3.234844814144889e-12
6708,vertical,3.2000000000000002,108,true,3,7.8753624413957233e-12
6709,vertical,3.2000000000000002,109,true,3,1.1093560157765246e-11
6710,vertical,3.2000000000000002,110,true,3,6.535889570053973e-13
6711,vertical,3.2000000000000002,111,true,3,3.1825459939136191e-11
6712,vertical,3.2000000000000002,112,true,3,1.9829863553062893e-11
6713,vertical,3.2000000000000002,113,true,3,4.0496033905464231e-13
6714,vertical,3.2000000000000002,114,true,3,1.0163801514535102e-11
6715,vertical,3.2000000000000002,115,true,3,3.8958589941156567e-13
6716,vertical,3.2000000000000002,116,true,2,8.9667079702665567e-11
6717,vertical,3.2000000000000002,117,true,3,1.3906848623440746e-11
6718,vertical,3.2000000000000002,118,true,3,2.5289633603825906e-12
6719,vertical,3.2000000000000002,119,true,3,1.3724106573391703e-11
6720,vertical,3.2000000000000002,120,true,3,8.0703333681906057e-13
6721,vertical,3.2000000000000002,121,true,3,5.1874593953001834e-12
6722,vertical,3.2000000000000002,122,true,3,5.0237999999056873e-11
6723,vertical,3.2000000000000002,123,true,3,5.3657144093574307e-11
6724,vertical,3.2000000000000002,124,true,3,6.2407219515926603e-12
6725,vertical,3.2000000000000002,125,true,2,7.6298349215009232e-11
6726,vertical,3.2000000000000002,126,true,3,7.0832928804559491e-12
6727,vertical,3.2000000000000002,127,true,3,2.4389164753957568e-13
6728,vertical,3.2000000000000002,128,true,3,3.1571367889410118e-12
6729,vertical,3.2000000000000002,129,true,3,1.3049640691844864e-11
6730,vertical,3.2000000000000002,130,true,2,2.2499924708700976e-11
6731,vertical,3.2000000000000002,131,true,3,4.861443777664636e-12
6732,vertical,3.2000000000000002,132,true,3,9.1865203022831026e-13
6733,vertical,3.2000000000000002,133,true,3,5.1144912917883118e-12
6734,vertical,3.2000000000000002,134,true,3,4.6081257502921245e-12
6735,vertical,3.2000000000000002,135,true,3,2.7092804739213577e-11
6736,vertical,3.2000000000000002,136,true,3,2.0412972604522336e-11
6737,vertical,3.2000000000000002,137,true,3,2.1832518444410923e-13
6738,vertical,3.2000000000000002,138,true,3,1.7014757535514787e-12
6739,vertical,3.2000000000000002,139,true,3,4.207615646414594e-11
6740,vertical,3.2000000000000002,140,true,3,4.0783408768534822e-12
6741,vertical,3.2000000000000002,141,true,3,1.4054362726301864e-11
6742,vertical,3.2000000000000002,142,true,3,3.3240600977138316e-13
6743,vertical,3.2000000000000002,143,true,3,2.4342633338262188e-12
6744,vertical,3.2000000000000002,144,true,3,1.1056447138813592e-11
6745,vertical,3.2000000000000002,145,true,3,7.7286881852291685e-13
6746,vertical,3.2000000000000002,146,true,3,5.8222425072921725e-12
6747,vertical,3.2000000000000002,147,true,3,2.7108967062013074e-12
6748,vertical,3.2000000000000002,148,true,3,2.8634370006668029e-12
6749,vertical,3.2000000000000002,149,true,3,4.3668011233652554e-12
6750,vertical,3.2000000000000002,150,true,3,3.6122339070192291e-11
6751,vertical,3.2000000000000002,151,true,3,6.3777831489328925e-13
6752,vertical,3.2000000000000002,152,true,3,6.8736578507273644e-11
6753,vertical,3.2000000000000002,153,true,3,1.922405906999445e-12
6754,vertical,3.2000000000000002,154,true,3,1.8706007785375907e-11
6755,vertical,3.2000000000000002,155,true,3,1.2765807295504719e-11
6756,vertical,3.2000000000000002,156,true,3,5.3885826439820974e-12
6757,vertical,3.2000000000000002,157,true,3,2.7093473783999071e-12
6758,vertical,3.2000000000000002,158,true,3,5.507930852205438e-12
6759,vertical,3.2000000000000002,159,true,2,8.5220817557928942e-12
6760,vertical,3.2000000000000002,160,true,3,2.9088757767414305e-13
6761,vertical,3.2000000000000002,161,true,3,7.7289580051544062e-13
6762,vertical,3.2000000000000002,162,true,3,6.1730727461301757e-13
6763,vertical,3.2000000000000002,163,true,3,4.073941297669723e-12
6764,vertical,3.2000000000000002,164,true,3,1.012823892917866e-11
6765,vertical,3.2000000000000002,165,true,3,3.7594114378244716e-13
6766,vertical,3.2000000000000002,166,true,3,1.2692731967614619e-13
6767,vertical,3.2000000000000002,167,true,2,6.8727978669607928e-11
6768,vertical,3.2000000000000002,168,true,3,1.60738025243171e-11
6769,vertical,3.2000000000000002,169,true,3,2.3315323610569764e-11
6770,vertical,3.2000000000000002,170,true,3,1.0136924346084545e-11
6771,vertical,3.2000000000000002,171,true,3,1.8946287230229728e-13
6772,vertical,3.2000000000000002,172,true,3,1.0787764829987008e-11
6773,vertical,3.2000000000000002,173,true,3,2.9035566793663014e-13
6774,vertical,3.2000000000000002,174,true,3,4.7571782692712027e-13
6775,vertical,3.2000000000000002,175,true,3,1.200344910026541e-11
6776,vertical,3.2000000000000002,176,true,3,5.1662724158787547e-12
6777,vertical,3.2000000000000002,177,true,2,3.5898668677749879e-11
6778,vertical,3.2000000000000002,178,true,3,1.0719831432544318e-12
6779,vertical,3.2000000000000002,179,true,3,1.7834827635833612e-11
6780,vertical,3.2000000000000002,180,true,3,2.7216451726008114e-12
6781,vertical,3.2000000000000002,181,true,4,4.9886407646383763e-12
6782,vertical,3.2000000000000002,182,true,3,3.2982993244411553e-12
6783,vertical,3.2000000000000002,183,true,3,5.5043082665069736e-13
6784,vertical,3.2000000000000002,184,true,3,1.0891844099714371e-11
6785,vertical,3.2000000000000002,185,true,2,6.6631652502272434e-11
6786,vertical,3.2000000000000002,186,true,3,6.8012380114800957e-13
6787,vertical,3.2000000000000002,187,true,3,1.6761660418607216e-12
6788,vertical,3.2000000000000002,188,true,3,3.5810971257164283e-11
6789,vertical,3.2000000000000002,189,true,3,6.3958360476019869e-13
6790,vertical,3.2000000000000002,190,true,3,9.5272420343205113e-13
6791,vertical,3.2000000000000002,191,true,3,1.8017100782336643e-12
6792,vertical,3.2000000000000002,192,true,3,6.9253063666813324e-14
6793,vertical,3.2000000000000002,193,true,3,2.8614191146675864e-12
6794,vertical,3.2000000000000002,194,true,3,7.4079233570651688e-13
6795,vertical,3.2000000000000002,195,true,3,2.2683761781466023e-11
6796,vertical,3.2000000000000002,196,true,3,2.9794204336952995e-13
6797,vertical,3.2000000000000002,197,true,3,5.7265601836732624e-12
6798,vertical,3.2000000000000002,198,true,3,5.9208019738545204e-12
6799,vertical,3.2000000000000002,199,true,3,5.5828225308821363e-12
6800,vertical,3.2000000000000002,200,true,3,3.9044924806590773e-12
6801,vertical,3.2000000000000002,201,true,3,2.3559823403924123e-12
6802,vertical,3.2000000000000002,202,true,3,1.9033757917039761e-12
6803,vertical,3.2000000000000002,203,true,3,1.2106209313981472e-12
6804,vertical,3.2000000000000002,204,true,3,2.1603042959657002e-13
6805,vertical,3.2000000000000002,205,true,3,1.3442512227511525e-12
6806,vertical,3.2000000000000002,206,true,3,1.2531184838294407e-12
6807,vertical,3.2000000000000002,207,true,3,3.5384636595098749e-12
6808,vertical,3.2000000000000002,208,true,4,8.9750134618608472e-12
6809,vertical,3.2000000000000002,209,true,3,6.7450229967824019e-12
6810,vertical,3.2000000000000002,210,true,3,5.9994216477356262e-12
6811,vertical,3.2000000000000002,211,true,2,2.3430188245997994e-11
6812,vertical,3.2000000000000002,212,true,2,1.0935900059154687e-11
6813,vertical,3.2000000000000002,213,true,3,4.3192573292128159e-12
6814,vertical,3.2000000000000002,214,true,4,1.2808239222612651e-11
6815,vertical,3.2000000000000002,215,true,3,1.6896068036230732e-12
6816,vertical,3.2000000000000002,216,true,3,3.3524248360180243e-13
6817,vertical,3.2000000000000002,217,true,3,1.8014175977703706e-11
6818,vertical,3.2000000000000002,218,true,3,6.0512948775732413e-13
6819,vertical,3.2000000000000002,219,true,3,1.551990142389255e-11
6820,vertical,3.2000000000000002,220,true,3,3.7506659507019968e-13
6821,vertical,3.2000000000000002,221,true,3,2.0712798387081186e-11
6822,vertical,3.2000000000000002,222,true,3,8.1630854224076852e-11
6823,vertical,3.2000000000000002,223,true,3,1.3340781104306032e-11
6824,vertical,3.2000000000000002,224,true,2,2.5956605645292428e-11
6825,vertical,3.2000000000000002,225,true,3,9.5804062521626825e-12
6826,vertical,3.2000000000000002,226,true,3,4.5862914341595037e-12
6827,vertical,3.2000000000000002,227,true,3,3.4071993720860042e-12
6828,vertical,3.2000000000000002,228,true,3,2.4738335810415014e-11
6829,vertical,3.2000000000000002,229,true,2,2.9570991817491863e-11
6830,vertical,3.2000000000000002,230,true,3,2.372000910063332e-12
6831,vertical,3.2000000000000002,231,true,3,1.6037567623884457e-11
6832,vertical,3.2000000000000002,232,true,3,2.5655828348562537e-12
6833,vertical,3.2000000000000002,233,true,3,1.0358097865283993e-12
6834,vertical,3.2000000000000002,234,true,3,2.8652052092482592e-13
6835,vertical,3.2000000000000002,235,true,3,3.1526305294664824e-12
6836,vertical,3.2000000000000002,236,true,2,2.7750947173111502e-12
6837,vertical,3.2000000000000002,237,true,3,1.9814361961825782e-13
6838,vertical,3.2000000000000002,238,true,3,1.7583451971391579e-11
6839,vertical,3.2000000000000002,239,true,3,6.8258685563013236e-13
6840,vertical,3.2000000000000002,240,true,3,3.85157450681249e-12
6841,vertical,3.2000000000000002,241,true,3,8.1874453878426515e-13
6842,vertical,3.2000000000000002,242,true,3,4.8137781581916426e-13
6843,vertical,3.2000000000000002,243,true,3,1.0023090095662253e-12
6844,vertical,3.2000000000000002,244,true,3,9.2436263002618186e-13
6845,vertical,3.2000000000000002,245,true,3,1.3195197438697933e-11
6846,vertical,3.2000000000000002,246,true,3,1.1482853809259498e-13
6847,vertical,3.2000000000000002,247,true,3,1.4437254949596135e-12
6848,vertical,3.2000000000000002,248,true,3,1.8120063935818214e-12
6849,vertical,3.2000000000000002,249,true,3,8.1477339736921296e-13
6850,vertical,3.2000000000000002,250,true,3,8.9413918853805684e-13
6851,vertical,3.2000000000000002,251,true,3,4.0356625155560889e-13
6852,vertical,3.2000000000000002,252,true,3,2.1950731779953342e-12
6853,vertical,3.2000000000000002,253,true,3,2.9480763439646507e-13
6854,vertical,3.2000000000000002,254,true,3,8.6669352957208775e-12
6855,vertical,3.2000000000000002,255,true,3,1.7767513708439908e-12
6856,vertical,3.2000000000000002,256,true,3,1.0517846789296002e-11
6857,vertical,3.2000000000000002,257,true,3,4.8465856366452541e-11
6858,vertical,3.2000000000000002,258,true,3,6.3320886069929902e-11
6859,vertical,3.2000000000000002,259,true,2,3.1582920399327504e-11
6860,vertical,3.2000000000000002,260,true,3,5.4387117930444339e-13
6861,vertical,3.2000000000000002,261,true,3,9.9650390153687358e-13
6862,vertical,3.2000000000000002,262,true,3,1.3746461314140518e-12
6863,vertical,3.2000000000000002,263,true,4,2.2278327165677953e-12
6864,vertical,3.2000000000000002,264,true,3,1.0407227061381115e-12
6865,vertical,3.2000000000000002,265,true,2,3.9119450929033147e-11
6866,vertical,3.2000000000000002,266,true,3,3.1246582723882773e-12
6867,vertical,3.2000000000000002,267,true,2,1.6090891388167424e-11
6868,vertical,3.2000000000000002,268,true,3,1.1483265600231226e-12
6869,vertical,3.2000000000000002,269,true,3,1.8193303092006781e-12
6870,vertical,3.2000000000000002,270,true,3,3.8810510354195039e-11
6871,vertical,3.2000000000000002,271,true,3,2.1112074358585017e-12
6872,vertical,3.2000000000000002,272,true,4,3.1420928193384269e-12
6873,vertical,3.2000000000000002,273,true,3,3.4741980035972792e-12
6874,vertical,3.2000000000000002,274,true,3,9.2532259263253596e-13
6875,vertical,3.2000000000000002,275,true,2,7.2136359951976351e-11
6876,vertical,3.2000000000000002,276,true,3,5.523735804763711e-13
6877,vertical,3.2000000000000002,277,true,3,1.2238976264390684e-12
6878,vertical,3.2000000000000002,278,true,3,5.1777966303912196e-12
6879,vertical,3.2000000000000002,279,true,3,2.4838204762277654e-13
6880,vertical,3.2000000000000002,280,true,3,9.1117523875952893e-12
6881,vertical,3.2000000000000002,281,true,3,4.7387112254437117e-12
6882,vertical,3.2000000000000002,282,true,3,9.545206528773074e-13
6883,vertical,3.2000000000000002,283,true,3,2.9656415375577229e-12
6884,vertical,3.2000000000000002,284,true,3,2.9910081202577428e-12
6885,vertical,3.2000000000000002,285,true,3,1.8492502905020749e-12
6886,vertical,3.2000000000000002,286,true,3,9.3888191698012719e-12
6887,vertical,3.2000000000000002,287,true,3,1.2477339673062709e-11
6888,vertical,3.2000000000000002,288,true,3,3.6803398779360164e-13
6889,vertical,3.2000000000000002,289,true,3,5.0252938396561776e-12
6890,vertical,3.2000000000000002,290,true,3,4.9887350957093726e-12
6891,vertical,3.2000000000000002,291,true,3,5.1958607854939825e-13
6892,vertical,3.2000000000000002,292,true,3,3.1447270916008053e-13
6893,vertical,3.2000000000000002,293,true,3,1.3224653585762961e-12
6894,vertical,3.2000000000000002,294,true,3,2.3142769927654618e-12
6895,vertical,3.2000000000000002,295,true,3,1.4884947344240562e-13
6896,vertical,3.2000000000000002,296,true,2,1.2473166790687351e-11
6897,vertical,3.2000000000000002,297,true,3,1.4447254539795953e-13
6898,vertical,3.2000000000000002,298,true,3,1.3453136482079995e-11
6899,vertical,3.2000000000000002,299,true,3,4.8696575499160612e-13
6900,vertical,3.2000000000000002,300,true,3,4.0007367013378963e-12
6901,vertical,3.2000000000000002,301,true,3,1.0144319697471707e-12
6902,vertical,3.2000000000000002,302,true,3,3.1950064476003218e-11
6903,vertical,3.2000000000000002,303,true,3,1.120783491225835e-11
6904,vertical,3.2000000000000002,304,true,3,1.8838666648786833e-12
6905,vertical,3.2000000000000002,305,true,3,3.9200479389330304e-11
6906,vertical,3.2000000000000002,306,true,2,6.2471596890785304e-11
6907,vertical,3.2000000000000002,307,true,3,1.2183683271329781e-12
6908,vertical,3.2000000000000002,308,true,3,7.2041780335475499e-13
6909,vertical,3.2000000000000002,309,true,3,9.7595926452174674e-13
6910,vertical,3.2000000000000002,310,true,3,2.8860993880583211e-11
6911,vertical,3.2000000000000002,311,true,3,8.9831422728538505e-12
6912,vertical,3.2000000000000002,312,true,2,5.1232907070794632e-11
6913,vertical,3.2000000000000002,313,true,3,6.6047564639090987e-12
6914,vertical,3.2000000000000002,314,true,3,3.3462669309465638e-13
6915,vertical,3.2000000000000002,315,true,3,2.632518596277065e-11
6916,vertical,3.2000000000000002,316,true,3,2.5569268687461009e-12
6917,vertical,3.2000000000000002,317,true,3,1.7747983072242449e-13
6918,vertical,3.2000000000000002,318,true,3,8.5218410451099022e-11
6919,vertical,3.2000000000000002,319,true,3,1.685121608126884e-11
6920,vertical,3.2000000000000002,320,true,3,1.303528343536768e-11
6921,vertical,3.2000000000000002,321,true,3,6.9580662954226534e-13
6922,vertical,3.2000000000000002,322,true,3,1.3129621269891699e-11
6923,vertical,3.2000000000000002,323,true,3,3.5300601456310627e-12
6924,vertical,3.2000000000000002,324,true,3,1.1616635141488639e-12
6925,vertical,3.2000000000000002,325,true,3,2.8921442556799462e-12
6926,vertical,3.2000000000000002,326,true,3,5.8282701654546393e-12
6927,vertical,3.2000000000000002,327,true,3,2.1120259895725506e-12
6928,vertical,3.2000000000000002,328,true,3,2.1698138958902931e-12
6929,vertical,3.2000000000000002,329,true,3,2.1980590285526198e-13
6930,vertical,3.2000000000000002,330,true,3,4.5120297285012549e-11
6931,vertical,3.2000000000000002,331,true,2,1.0415010785711791e-11
6932,vertical,3.2000000000000002,332,true,3,3.3548806659828674e-11
6933,vertical,3.2000000000000002,333,true,3,3.1948803895270041e-12
6934,vertical,3.2000000000000002,334,true,3,2.2361640082081733e-12
6935,vertical,3.2000000000000002,335,true,2,4.3162748645584954e-11
6936,vertical,3.2000000000000002,336,true,3,2.1120242768430896e-11
6937,vertical,3.2000000000000002,337,true,3,2.6497524184428261e-12
6938,vertical,3.2000000000000002,338,true,3,1.0887509887204545e-11
6939,vertical,3.2000000000000002,339,true,3,1.2108807653259495e-11
6940,vertical,3.2000000000000002,340,true,3,5.2822132787426181e-12
6941,vertical,3.2000000000000002,341,true,3,1.6445023242238891e-11
6942,vertical,3.2000000000000002,342,true,3,6.1101314801634739e-11
6943,vertical,3.2000000000000002,343,true,3,1.0800343219295767e-11
6944,vertical,3.2000000000000002,344,true,3,3.0517076598281634e-12
6945,vertical,3.2000000000000002,345,true,3,8.4748491228773411e-13
6946,vertical,3.2000000000000002,346,true,3,7.566057290451148e-12
6947,vertical,3.2000000000000002,347,true,3,2.3276566211816355e-13
6948,vertical,3.2000000000000002,348,true,3,6.5254714325223614e-13
6949,vertical,3.2000000000000002,349,true,2,3.4209530948510609e-11
6950,vertical,3.2000000000000002,350,true,3,1.6705463441291746e-11
6951,vertical,3.2000000000000002,351,true,3,3.7759214174550521e-12
6952,vertical,3.2000000000000002,352,true,2,6.9565334073827918e-11
6953,vertical,3.2000000000000002,353,true,3,4.6338408901892341e-12
6954,vertical,3.2000000000000002,354,true,3,2.200869308356068e-12
6955,vertical,3.2000000000000002,355,true,3,1.2982754880488319e-12
6956,vertical,3.2000000000000002,356,true,3,1.760077488837624e-12
6957,vertical,3.2000000000000002,357,true,3,1.4184506006033255e-11
6958,vertical,3.2000000000000002,358,true,3,1.0820162495360705e-12
6959,vertical,3.2000000000000002,359,true,3,9.6953184933801526e-12
6960,vertical,3.2000000000000002,360,true,3,5.2039072643365918e-13
6961,vertical,3.2000000000000002,361,true,3,1.8737175177236104e-12
6962,vertical,3.2000000000000002,362,true,3,2.9650959723516339e-12
6963,vertical,3.2000000000000002,363,true,3,2.0414629441080585e-11
6964,vertical,3.2000000000000002,364,true,3,7.4156986127395916e-13
6965,vertical,3.2000000000000002,365,true,3,1.2916587031974257e-12
6966,vertical,3.2000000000000002,366,true,3,9.3278803342917236e-11
6967,vertical,3.2000000000000002,367,true,3,7.8416603780807229e-12
6968,vertical,3.2000000000000002,368,true,3,4.7867598124440518e-12
6969,vertical,3.2000000000000002,369,true,3,3.3972928900742547e-12
6970,vertical,3.2000000000000002,370,true,3,1.1289258639394826e-12
6971,vertical,3.2000000000000002,371,true,3,1.9631625621741625e-12
6972,vertical,3.2000000000000002,372,true,3,1.1707125405650019e-12
6973,vertical,3.2000000000000002,373,true,2,1.8413901195112339e-11
6974,vertical,3.2000000000000002,374,true,3,6.258918890640175e-12
6975,vertical,3.2000000000000002,375,true,3,2.0608901780473115e-11
6976,vertical,3.2000000000000002,376,true,3,2.5953456944081437e-12
6977,vertical,3.2000000000000002,377,true,3,1.7334173242469126e-12
6978,vertical,3.2000000000000002,378,true,3,1.6375869603500382e-11
6979,vertical,3.2000000000000002,379,true,3,1.5761086582681148e-12
6980,vertical,3.2000000000000002,380,true,3,1.6696302294534822e-12
6981,vertical,3.2000000000000002,381,true,2,5.7450650459362145e-11
6982,vertical,3.2000000000000002,382,true,3,8.9371150178982212e-12
6983,vertical,3.2000000000000002,383,true,3,1.1546351387292723e-11
6984,vertical,3.2000000000000002,384,true,3,8.2635506070992401e-13
6985,vertical,3.2000000000000002,385,true,3,3.6284910880956369e-12
6986,vertical,3.2000000000000002,386,true,3,1.5174934684996298e-12
6987,vertical,3.2000000000000002,387,true,3,5.0612610954696013e-13
6988,vertical,3.2000000000000002,388,true,3,1.5958988763788201e-11
6989,vertical,3.2000000000000002,389,true,3,1.8349673142708959e-13
6990,vertical,3.2000000000000002,390,true,2,9.3516801054146557e-12
6991,vertical,3.2000000000000002,391,true,3,2.9068774786612876e-12
6992,vertical,3.2000000000000002,392,true,3,2.9707716431981099e-13
6993,vertical,3.2000000000000002,393,true,3,1.3303834299064464e-11
6994,vertical,3.2000000000000002,394,true,3,3.4457051805905889e-11
6995,vertical,3.2000000000000002,395,true,3,7.8389141249034335e-13
6996,vertical,3.2000000000000002,396,true,2,5.5918022392047345e-11
6997,vertical,3.2000000000000002,397,true,3,3.8622810845051336e-13
6998,vertical,3.2000000000000002,398,true,2,8.284850662956416e-11
6999,vertical,3.2000000000000002,399,true,3,3.1703998404548189e-13
7000,vertical,3.2000000000000002,400,true,3,6.6408509683306819e-12
7001,vertical,3.2000000000000002,401,true,3,2.7764819027156316e-11
7002,vertical,3.2000000000000002,402,true,3,3.2852674861807913e-13
7003,vertical,3.2000000000000002,403,true,3,9.3990074647719215e-13
7004,vertical,3.2000000000000002,404,true,3,9.4005125369909771e-12
7005,vertical,3.2000000000000002,405,true,3,5.0635138189297107e-12
7006,vertical,3.2000000000000002,406,true,3,3.9883362126299952e-12
7007,vertical,3.2000000000000002,407,true,3,9.2466119411495498e-13
7008,vertical,3.2000000000000002,408,true,3,5.8584232650961551e-11
7009,vertical,3.2000000000000002,409,true,2,2.4246118573969627e-11
7010,vertical,3.2000000000000002,410,true,3,1.2114273365466305e-11
7011,vertical,3.2000000000000002,411,true,3,3.7093434871550344e-11
7012,vertical,3.2000000000000002,412,true,3,3.6089768020472132e-13
7013,vertical,3.2000000000000002,413,true,3,9.6959276695731493e-13
7014,vertical,3.2000000000000002,414,true,3,1.656693905196685e-12
7015,vertical,3.2000000000000002,415,true,3,3.421997020948137e-12
7016,vertical,3.2000000000000002,416,true,3,4.9637727422331165e-12
7017,vertical,3.2000000000000002,417,true,3,1.1561284322992104e-11
7018,vertical,3.2000000000000002,418,true,3,1.8984843703725091e-11
7019,vertical,3.2000000000000002,419,true,3,5.5527937202913405e-12
7020,vertical,3.2000000000000002,420,true,3,7.7114036860624606e-13
7021,vertical,3.2000000000000002,421,true,2,9.663701080877717e-11
7022,vertical,3.2000000000000002,422,true,3,3.6316444579709559e-13
7023,vertical,3.2000000000000002,423,true,3,1.0245220705626113e-11
7024,vertical,3.2000000000000002,424,true,3,3.4608114294611512e-13
7025,vertical,3.2000000000000002,425,true,2,9.5905996741749293e-11
7026,vertical,3.2000000000000002,426,true,3,2.3866318064023868e-11
7027,vertical,3.2000000000000002,427,true,2,8.5298521549729926e-11
7028,vertical,3.2000000000000002,428,true,3,2.0556176462011287e-13
7029,vertical,3.2000000000000002,429,true,3,5.1177562933456208e-11
7030,vertical,3.2000000000000002,430,true,3,7.7072580902457704e-12
7031,vertical,3.2000000000000002,431,true,3,3.5790517605461997e-13
7032,vertical,3.2000000000000002,432,true,3,2.8009954545319365e-12
7033,vertical,3.2000000000000002,433,true,3,8.4056971433212799e-12
7034,vertical,3.2000000000000002,434,true,3,2.5444496942717998e-13
7035,vertical,3.2000000000000002,435,true,3,2.3555233357738723e-13
7036,vertical,3.2000000000000002,436,true,3,3.6632113774718296e-13
7037,vertical,3.2000000000000002,437,true,3,5.0090274667259792e-13
7038,vertical,3.2000000000000002,438,true,2,1.9259446088836968e-11
7039,vertical,3.2000000000000002,439,true,3,1.2396197655656695e-12
7040,vertical,3.2000000000000002,440,true,2,5.718213797233023e-11
7041,vertical,3.2000000000000002,441,true,3,5.1056409235341509e-12
7042,vertical,3.2000000000000002,442,true,3,1.0559998976964999e-11
7043,vertical,3.2000000000000002,443,true,2,6.6593123391308542e-11
7044,vertical,3.2000000000000002,444,true,3,3.8682877558869214e-12
7045,vertical,3.2000000000000002,445,true,3,6.0491687144880783e-13
7046,vertical,3.2000000000000002,446,true,3,3.5915128687235627e-12
7047,vertical,3.2000000000000002,447,true,4,2.0634906620332593e-11
7048,vertical,3.2000000000000002,448,true,2,7.7975141826102077e-11
7049,vertical,3.2000000000000002,449,true,3,1.7113656770276668e-11
7050,vertical,3.2000000000000002,450,true,3,6.9698059842447788e-13
7051,vertical,3.2000000000000002,451,true,3,8.1785821141081083e-13
7052,vertical,3.2000000000000002,452,true,2,4.4295958636556955e-11
7053,vertical,3.2000000000000002,453,true,3,1.2698841631896912e-11
7054,vertical,3.2000000000000002,454,true,3,3.9878414807974893e-12
7055,vertical,3.2000000000000002,455,true,3,2.8636613209008579e-12
7056,vertical,3.2000000000000002,456,true,3,8.3143610773086637e-13
7057,vertical,3.2000000000000002,457,true,4,2.0496158601017077e-12
7058,vertical,3.2000000000000002,458,true,4,6.9807825541714467e-12
7059,vertical,3.2000000000000002,459,true,3,1.4603466760865508e-11
7060,vertical,3.2000000000000002,460,true,3,6.0240308763329069e-13
7061,vertical,3.2000000000000002,461,true,2,5.1642492152717386e-11
7062,vertical,3.2000000000000002,462,true,3,1.1842271580575244e-12
7063,vertical,3.2000000000000002,463,true,3,6.2256878828202668e-12
7064,vertical,3.2000000000000002,464,true,3,1.6320237563721252e-12
7065,vertical,3.2000000000000002,465,true,2,1.6937285979043042e-11
7066,vertical,3.2000000000000002,466,true,3,7.495212438932496e-13
7067,vertical,3.2000000000000002,467,true,3,2.4991715698670334e-11
7068,vertical,3.2000000000000002,468,true,3,4.2121639942539369e-12
7069,vertical,3.2000000000000002,469,true,2,2.703185548567523e-11
7070,vertical,3.2000000000000002,470,true,3,2.824376104789413e-11
7071,vertical,3.2000000000000002,471,true,3,1.1952056930196436e-12
7072,vertical,3.2000000000000002,472,true,3,1.8223201336472984e-11
7073,vertical,3.2000000000000002,473,true,3,4.8663929219181449e-11
7074,vertical,3.2000000000000002,474,true,3,7.437064062663484e-11
7075,vertical,3.2000000000000002,475,true,4,7.6870597003820528e-12
7076,vertical,3.2000000000000002,476,true,3,1.5161580677963385e-12
7077,vertical,3.2000000000000002,477,true,3,2.7324194735820345e-13
7078,vertical,3.2000000000000002,478,true,3,6.3707517939392655e-13
7079,vertical,3.2000000000000002,479,true,3,1.0651548524324528e-11
7080,vertical,3.2000000000000002,480,true,2,3.6886057215204568e-11
7081,vertical,3.2000000000000002,481,true,3,1.6418693290681932e-11
7082,vertical,3.2000000000000002,482,true,3,4.1884636903515685e-11
7083,vertical,3.2000000000000002,483,true,3,3.5247588626396919e-13
7084,vertical,3.2000000000000002,484,true,2,7.2023492558421037e-11
7085,vertical,3.2000000000000002,485,true,3,3.1381750479593108e-13
7086,vertical,3.2000000000000002,486,true,3,5.6804867031591462e-13
7087,vertical,3.2000000000000002,487,true,3,2.5764797045250085e-12
7088,vertical,3.2000000000000002,488,true,3,2.279162468993598e-12
7089,vertical,3.2000000000000002,489,true,2,5.7252879789418539e-12
7090,vertical,3.2000000000000002,490,true,3,1.1322514964630749e-12
7091,vertical,3.2000000000000002,491,true,3,5.5241666050028678e-12
7092,vertical,3.2000000000000002,492,true,3,1.8617356335992073e-12
7093,vertical,3.2000000000000002,493,true,3,8.0180237976680906e-12
7094,vertical,3.2000000000000002,494,true,3,6.6965916389958113e-13
7095,vertical,3.2000000000000002,495,true,3,4.6410012109000821e-13
7096,vertical,3.2000000000000002,496,true,3,1.0362060761735448e-12
7097,vertical,3.2000000000000002,497,true,3,3.9525874150948118e-12
7098,vertical,3.2000000000000002,498,true,3,8.4820022435124452e-13
7099,vertical,3.2000000000000002,499,true,2,7.1485502668305394e-11
7100,vertical,3.2000000000000002,500,true,2,2.0249446447934446e-11
7101,vertical,3.2000000000000002,501,true,3,9.2563685483078232e-13
7102,vertical,3.2000000000000002,502,true,4,4.2218894986498066e-12
7103,vertical,3.2000000000000002,503,true,3,4.3634330008415894e-13
7104,vertical,3.2000000000000002,504,true,3,6.2079487379341851e-11
7105,vertical,3.2000000000000002,505,true,3,6.391006512106421e-12
7106,vertical,3.2000000000000002,506,true,3,4.2857964482092578e-13
7107,vertical,3.2000000000000002,507,true,3,4.9471777734893798e-12
7108,vertical,3.2000000000000002,508,true,3,5.1955040360764748e-12
7109,vertical,3.2000000000000002,509,true,3,7.9507749624862821e-12
7110,vertical,3.2000000000000002,510,true,3,1.0632134970937141e-12
7111,vertical,3.2000000000000002,511,true,4,5.0809703544240725e-11
7112,vertical,3.2000000000000002,512,true,3,8.5400101904148861e-12
7113,vertical,3.2000000000000002,513,true,2,1.8308297879868003e-11
7114,vertical,3.2000000000000002,514,true,3,2.2928295110885477e-12
7115,vertical,3.2000000000000002,515,true,3,5.7823258308426486e-11
7116,vertical,3.2000000000000002,516,true,3,1.496764103473879e-12
7117,vertical,3.2000000000000002,517,true,3,3.9732665431197158e-12
7118,vertical,3.2000000000000002,518,true,3,3.4597559836945889e-11
7119,vertical,3.2000000000000002,519,true,3,3.4432923269888138e-13
7120,vertical,3.2000000000000002,520,true,3,1.4946494727764707e-12
7121,vertical,3.2000000000000002,521,true,2,7.0598673442759461e-12
7122,vertical,3.2000000000000002,522,true,3,1.2422893701895596e-12
7123,vertical,3.2000000000000002,523,true,3,1.2457936802210908e-11
7124,vertical,3.2000000000000002,524,true,3,1.7811750583718375e-11
7125,vertical,3.2000000000000002,525,true,2,3.9345008208740675e-11
7126,vertical,3.2000000000000002,526,true,3,2.1579403402274717e-11
7127,vertical,3.2000000000000002,527,true,3,2.4178032762268508e-11
7128,vertical,3.2000000000000002,528,true,3,3.2306792501939218e-11
7129,vertical,3.2000000000000002,529,true,3,4.2627917057857039e-13
7130,vertical,3.2000000000000002,530,true,3,7.8752192535749236e-12
7131,vertical,3.2000000000000002,531,true,3,1.1354722721777796e-12
7132,vertical,3.2000000000000002,532,true,3,9.5061913958593292e-12
7133,vertical,3.2000000000000002,533,true,3,1.9595479380254916e-12
7134,vertical,3.2000000000000002,534,true,3,5.5362648456020116e-12
7135,vertical,3.2000000000000002,535,true,3,1.1199982721642095e-12
7136,vertical,3.2000000000000002,536,true,3,4.3918462779449164e-12
7137,vertical,3.2000000000000002,537,true,3,4.728856404083615e-13
7138,vertical,3.2000000000000002,538,true,3,5.7181314971085413e-12
7139,vertical,3.2000000000000002,539,true,2,9.3195146368730067e-11
7140,vertical,3.2000000000000002,540,true,3,3.5585201746266927e-13
7141,vertical,3.2000000000000002,541,true,3,3.2297154094802005e-12
7142,vertical,3.2000000000000002,542,true,3,3.35626297063923e-12
7143,vertical,3.2000000000000002,543,true,3,1.0723231005775532e-12
7144,vertical,3.2000000000000002,544,true,3,6.2856871519645277e-13
7145,vertical,3.2000000000000002,545,true,3,1.1898927768928245e-11
7146,vertical,3.2000000000000002,546,true,3,1.4163521485554839e-12
7147,vertical,3.2000000000000002,547,true,3,2.3673503575933946e-11
7148,vertical,3.2000000000000002,548,true,3,1.4614545788672673e-12
7149,vertical,3.2000000000000002,549,true,3,1.814020387278e-11
7150,vertical,3.2000000000000002,550,true,3,2.8794832826116252e-12
7151,vertical,3.2000000000000002,551,true,3,6.2827909078557382e-13
7152,vertical,3.2000000000000002,552,true,2,4.749335494278943e-11
7153,vertical,3.2000000000000002,553,true,3,9.0587692832137259e-12
7154,vertical,3.2000000000000002,554,true,2,4.6631976707716876e-11
7155,vertical,3.2000000000000002,555,true,3,3.4549276903048573e-11
7156,vertical,3.2000000000000002,556,true,2,7.4493010540650921e-11
7157,vertical,3.2000000000000002,557,true,3,3.2772564579252086e-12
7158,vertical,3.2000000000000002,558,true,3,8.7414648006462019e-12
7159,vertical,3.2000000000000002,559,true,2,3.4743836383820908e-11
7160,vertical,3.2000000000000002,560,true,3,4.9371664206652081e-12
7161,vertical,3.2000000000000002,561,true,3,7.7207318289901583e-13
7162,vertical,3.2000000000000002,562,true,3,1.0783690149218083e-12
7163,vertical,3.2000000000000002,563,true,3,8.8087331092731038e-12
7164,vertical,3.2000000000000002,564,true,2,6.3000426904934145e-11
7165,vertical,3.2000000000000002,565,true,3,1.6704509428482641e-13
7166,vertical,3.2000000000000002,566,true,3,2.3059546206342981e-11
7167,vertical,3.2000000000000002,567,true,3,2.8896216046891622e-12
7168,vertical,3.2000000000000002,568,true,3,6.9484356831345508e-12
7169,vertical,3.2000000000000002,569,true,3,9.6546100148790504e-13
7170,vertical,3.2000000000000002,570,true,3,9.1256714189329556e-13
7171,vertical,3.2000000000000002,571,true,3,8.906785742242323e-13
7172,vertical,3.2000000000000002,572,true,3,5.7904378964779434e-13
7173,vertical,3.2000000000000002,573,true,2,2.5859008455750666e-11
7174,vertical,3.2000000000000002,574,true,3,3.3544298751631491e-12
7175,vertical,3.2000000000000002,575,true,3,3.4175109585509778e-12
7176,vertical,3.2000000000000002,576,true,3,1.487655139043043e-12
7177,vertical,3.2000000000000002,577,true,3,3.1243408350866877e-11
7178,vertical,3.2000000000000002,578,true,3,6.7618295927676801e-11
7179,vertical,3.2000000000000002,579,true,3,7.062674204288917e-13
7180,vertical,3.2000000000000002,580,true,3,3.7058801073823157e-13
7181,vertical,3.2000000000000002,581,true,3,7.0352685999893967e-12
7182,vertical,3.2000000000000002,582,true,3,3.1482316306553429e-12
7183,vertical,3.2000000000000002,583,true,3,2.3417900632980309e-12
7184,vertical,3.2000000000000002,584,true,2,6.5126793795517602e-11
7185,vertical,3.2000000000000002,585,true,3,2.6790729409127019e-12
7186,vertical,3.2000000000000002,586,true,3,7.5417710926203721e-13
7187,vertical,3.2000000000000002,587,true,3,1.6852461923784056e-12
7188,vertical,3.2000000000000002,588,true,3,4.1736555919361715e-11
7189,vertical,3.2000000000000002,589,true,3,2.5384394781712262e-11
7190,vertical,3.2000000000000002,590,true,3,1.0744415232255139e-12
7191,vertical,3.2000000000000002,591,true,3,1.5930390390752232e-13
7192,vertical,3.2000000000000002,592,true,3,6.4239871236005899e-13
7193,vertical,3.2000000000000002,593,true,3,1.4985584312901703e-12
7194,vertical,3.2000000000000002,594,true,3,3.7889824548642126e-12
7195,vertical,3.2000000000000002,595,true,3,1.080112041767273e-11
7196,vertical,3.2000000000000002,596,true,3,2.5737156057912872e-11
7197,vertical,3.2000000000000002,597,true,3,2.3105739309414996e-11
7198,vertical,3.2000000000000002,598,true,3,1.0639919402266685e-11
7199,vertical,3.2000000000000002,599,true,3,1.3668821162471289e-12
7200,vertical,3.2000000000000002,600,true,3,6.6649592069204044e-11
7201,vertical,4.5300000000000002,1,true,3,9.9179826227068728e-13
7202,vertical,4.5300000000000002,2,true,3,5.7572729835363335e-11
7203,vertical,4.5300000000000002,3,true,3,6.6482107875324641e-13
7204,vertical,4.5300000000000002,4,true,3,2.5438994812438961e-11
7205,vertical,4.5300000000000002,5,true,3,2.4191009230239752e-11
7206,vertical,4.5300000000000002,6,true,3,1.0477787664410823e-12
7207,vertical,4.5300000000000002,7,true,3,3.5900240114254189e-11
7208,vertical,4.5300000000000002,8,true,3,4.9290229746473834e-13
7209,vertical,4.5300000000000002,9,true,3,7.6131956722589794e-12
7210,vertical,4.5300000000000002,10,true,3,3.9008143468135919e-12
7211,vertical,4.5300000000000002,11,true,3,2.327151694904594e-11
7212,vertical,4.5300000000000002,12,true,3,1.3155596934545126e-11
7213,vertical,4.5300000000000002,13,true,3,2.027943943716896e-11
7214,vertical,4.5300000000000002,14,true,4,3.1417722268924357e-12
7215,vertical,4.5300000000000002,15,true,4,3.8963310952182991e-12
7216,vertical,4.5300000000000002,16,true,3,1.2591484163955932e-11
7217,vertical,4.5300000000000002,17,true,3,1.5381402069644652e-12
7218,vertical,4.5300000000000002,18,true,3,2.4054129169994255e-12
7219,vertical,4.5300000000000002,19,true,3,5.5823695911424138e-11
7220,vertical,4.5300000000000002,20,true,3,7.3890880104345638e-13
7221,vertical,4.5300000000000002,21,true,3,3.9239995597291354e-11
7222,vertical,4.5300000000000002,22,true,3,4.3197401634226836e-11
7223,vertical,4.5300000000000002,23,true,3,6.8432965194095089e-11
7224,vertical,4.5300000000000002,24,true,2,5.5460413153416989e-11
7225,vertical,4.5300000000000002,25,true,3,3.2295308374917338e-11
7226,vertical,4.5300000000000002,26,true,3,3.4527581261693749e-11
7227,vertical,4.5300000000000002,27,true,3,4.8418851074260706e-13
7228,vertical,4.5300000000000002,28,true,3,5.5692134927565473e-12
7229,vertical,4.5300000000000002,29,true,3,5.0923344727735177e-11
7230,vertical,4.5300000000000002,30,true,3,7.1880224072029248e-11
7231,vertical,4.5300000000000002,31,true,3,3.529917075771612e-11
7232,vertical,4.5300000000000002,32,true,3,5.4788673782487762e-11
7233,vertical,4.5300000000000002,33,true,3,5.2024947953274881e-12
7234,vertical,4.5300000000000002,34,true,3,1.7417426542853222e-12
7235,vertical,4.5300000000000002,35,true,2,5.0483541933440963e-11
7236,vertical,4.5300000000000002,36,true,4,7.2319260970186319e-12
7237,vertical,4.5300000000000002,37,true,4,4.8072262279567577e-12
7238,vertical,4.5300000000000002,38,true,4,4.8186732031266683e-12
7239,vertical,4.5300000000000002,39,true,3,4.0313699919289552e-12
7240,vertical,4.5300000000000002,40,true,3,4.1197329815044522e-11
7241,vertical,4.5300000000000002,41,true,3,2.9325656165195998e-11
7242,vertical,4.5300000000000002,42,true,3,1.5278620463037851e-12
7243,vertical,4.5300000000000002,43,true,3,3.2656265415075169e-11
7244,vertical,4.5300000000000002,44,true,3,3.9877109334816482e-11
7245,vertical,4.5300000000000002,45,true,3,9.5595310817133401e-12
7246,vertical,4.5300000000000002,46,true,3,3.8122746605800735e-11
7247,vertical,4.5300000000000002,47,true,3,2.1659610605281824e-11
7248,vertical,4.5300000000000002,48,true,4,2.0094730842489941e-11
7249,vertical,4.5300000000000002,49,true,3,5.1228351020569106e-12
7250,vertical,4.5300000000000002,50,true,3,3.8526650120075124e-12
7251,vertical,4.5300000000000002,51,true,3,1.3461586872440962e-11
7252,vertical,4.5300000000000002,52,true,3,6.6149267576209771e-11
7253,vertical,4.5300000000000002,53,true,3,5.374897162191771e-12
7254,vertical,4.5300000000000002,54,true,3,5.0592121478250627e-11
7255,vertical,4.5300000000000002,55,true,3,2.9156643862803515e-13
7256,vertical,4.5300000000000002,56,true,3,7.0108359400730593e-12
7257,vertical,4.5300000000000002,57,true,3,5.5102296026078361e-12
7258,vertical,4.5300000000000002,58,true,4,7.350856146962238e-12
7259,vertical,4.5300000000000002,59,true,3,5.0001678896255909e-12
7260,vertical,4.5300000000000002,60,true,4,5.2766175363874397e-11
7261,vertical,4.5300000000000002,61,true,3,7.2506370185921329e-13
7262,vertical,4.5300000000000002,62,true,3,3.9327082440446065e-12
7263,vertical,4.5300000000000002,63,true,3,2.2744305896155216e-13
7264,vertical,4.5300000000000002,64,true,3,1.3543087365444676e-12
7265,vertical,4.5300000000000002,65,true,3,1.8714093862310323e-12
7266,vertical,4.5300000000000002,66,true,3,4.9179611167338386e-11
7267,vertical,4.5300000000000002,67,true,2,5.418891323134656e-11
7268,vertical,4.5300000000000002,68,true,3,2.8494842023036529e-12
7269,vertical,4.5300000000000002,69,true,3,6.520107757858495e-12
7270,vertical,4.5300000000000002,70,true,3,3.5511822114586243e-12
7271,vertical,4.5300000000000002,71,true,3,2.2698606473467148e-11
7272,vertical,4.5300000000000002,72,true,4,3.2489582530200995e-12
7273,vertical,4.5300000000000002,73,true,3,3.9073482711558495e-12
7274,vertical,4.5300000000000002,74,true,4,4.7730625734003964e-12
7275,vertical,4.5300000000000002,75,true,3,3.2266654598448031e-11
7276,vertical,4.5300000000000002,76,true,2,1.3050707770121132e-11
7277,vertical,4.5300000000000002,77,true,2,9.3339774812374632e-11
7278,vertical,4.5300000000000002,78,true,4,9.5965500242557838e-12
7279,vertical,4.5300000000000002,79,true,3,7.4285889632881361e-13
7280,vertical,4.5300000000000002,80,true,3,5.1517190631572224e-11
7281,vertical,4.5300000000000002,81,true,3,1.0449863715101308e-12
7282,vertical,4.5300000000000002,82,true,3,1.2266058006617512e-11
7283,vertical,4.5300000000000002,83,true,3,2.1360525531522309e-12
7284,vertical,4.5300000000000002,84,true,3,4.5573799203850506e-11
7285,vertical,4.5300000000000002,85,true,4,1.6881155082167345e-11
7286,vertical,4.5300000000000002,86,true,3,7.790531162515159e-11
7287,vertical,4.5300000000000002,87,true,3,3.2713658130986061e-11
7288,vertical,4.5300000000000002,88,true,3,9.9822005910978375e-11
7289,vertical,4.5300000000000002,89,true,4,8.4920132700399207e-12
7290,vertical,4.5300000000000002,90,true,3,7.1330947656040281e-12
7291,vertical,4.5300000000000002,91,true,3,2.4776347619735772e-11
7292,vertical,4.5300000000000002,92,true,3,3.0859149955997873e-11
7293,vertical,4.5300000000000002,93,true,4,2.6094313637260476e-11
7294,vertical,4.5300000000000002,94,true,3,1.1815141063143821e-11
7295,vertical,4.5300000000000002,95,true,3,2.2030480312370372e-12
7296,vertical,4.5300000000000002,96,true,3,6.027880334230965e-12
7297,vertical,4.5300000000000002,97,true,3,2.2611987151885137e-12
7298,vertical,4.5300000000000002,98,true,4,1.2272991177592068e-11
7299,vertical,4.5300000000000002,99,true,3,1.323711060130169e-12
7300,vertical,4.5300000000000002,100,true,4,2.0929122498931155e-12
7301,vertical,4.5300000000000002,101,true,3,2.653635177103432e-11
7302,vertical,4.5300000000000002,102,true,3,3.8515210491754338e-11
7303,vertical,4.5300000000000002,103,true,4,2.6309384811152385e-12
7304,vertical,4.5300000000000002,104,true,3,1.6016795492196341e-11
7305,vertical,4.5300000000000002,105,true,3,8.6070898208262851e-12
7306,vertical,4.5300000000000002,106,true,3,1.0842931214763648e-11
7307,vertical,4.5300000000000002,107,true,3,1.8333341139917416e-11
7308,vertical,4.5300000000000002,108,true,3,4.5146219080731705e-11
7309,vertical,4.5300000000000002,109,true,3,6.4421733774808054e-11
7310,vertical,4.5300000000000002,110,true,3,3.5582206213750899e-12
7311,vertical,4.5300000000000002,111,true,4,6.5508076999308548e-12
7312,vertical,4.5300000000000002,112,true,4,6.5946019841152053e-12
7313,vertical,4.5300000000000002,113,true,3,2.0207694602014292e-12
7314,vertical,4.5300000000000002,114,true,3,5.8039205171565822e-11
7315,vertical,4.5300000000000002,115,true,3,2.2197425723738759e-12
7316,vertical,4.5300000000000002,116,true,3,2.1895157448973438e-12
7317,vertical,4.5300000000000002,117,true,3,7.9582735387413924e-11
7318,vertical,4.5300000000000002,118,true,3,1.5096201978286279e-11
7319,vertical,4.5300000000000002,119,true,3,7.9726504080285934e-11
7320,vertical,4.5300000000000002,120,true,3,4.6290579327527415e-12
7321,vertical,4.5300000000000002,121,true,3,2.9544459766870045e-11
7322,vertical,4.5300000000000002,122,true,4,1.0123161585509418e-11
7323,vertical,4.5300000000000002,123,true,4,2.2194596426494363e-11
7324,vertical,4.5300000000000002,124,true,3,3.5936261115779637e-11
7325,vertical,4.5300000000000002,125,true,3,1.0659144730272532e-12
7326,vertical,4.5300000000000002,126,true,3,4.1347411182259415e-11
7327,vertical,4.5300000000000002,127,true,3,4.7885655906276979e-13
7328,vertical,4.5300000000000002,128,true,3,2.3134077139531184e-11
7329,vertical,4.5300000000000002,129,true,3,7.5143146516754571e-11
7330,vertical,4.5300000000000002,130,true,2,9.0388406338802782e-11
7331,vertical,4.5300000000000002,131,true,3,2.7794043967412984e-11
7332,vertical,4.5300000000000002,132,true,3,5.7483479088038681e-12
7333,vertical,4.5300000000000002,133,true,3,2.9068169562080706e-11
7334,vertical,4.5300000000000002,134,true,3,2.678469395117765e-11
7335,vertical,4.5300000000000002,135,true,4,6.8069656571165506e-12
7336,vertical,4.5300000000000002,136,true,4,9.8321342259001026e-13
7337,vertical,4.5300000000000002,137,true,3,1.2532621014641721e-12
7338,vertical,4.5300000000000002,138,true,3,9.7860326629469889e-12
7339,vertical,4.5300000000000002,139,true,4,1.8418437756115845e-11
7340,vertical,4.5300000000000002,140,true,3,2.3669496074242627e-11
7341,vertical,4.5300000000000002,141,true,3,8.0598245444042056e-11
7342,vertical,4.5300000000000002,142,true,3,1.8546258306265348e-12
7343,vertical,4.5300000000000002,143,true,3,1.3870255618775646e-11
7344,vertical,4.5300000000000002,144,true,3,6.3293859282202857e-11
7345,vertical,4.5300000000000002,145,true,3,4.563270597162454e-12
7346,vertical,4.5300000000000002,146,true,3,3.5815744989648925e-11
7347,vertical,4.5300000000000002,147,true,3,1.5502318152564189e-11
7348,vertical,4.5300000000000002,148,true,3,1.6413748136591456e-11
7349,vertical,4.5300000000000002,149,true,3,2.4842725619354693e-11
7350,vertical,4.5300000000000002,150,true,4,1.7836853314725511e-11
7351,vertical,4.5300000000000002,151,true,3,3.5573272489140409e-12
7352,vertical,4.5300000000000002,152,true,4,1.5173963784812387e-11
7353,vertical,4.5300000000000002,153,true,3,1.3800302525751779e-11
7354,vertical,4.5300000000000002,154,true,4,1.1300850878134472e-11
7355,vertical,4.5300000000000002,155,true,3,7.2748953072181581e-11
7356,vertical,4.5300000000000002,156,true,3,3.0646243017398796e-11
7357,vertical,4.5300000000000002,157,true,3,1.5551014835065125e-11
7358,vertical,4.5300000000000002,158,true,3,3.1231038625542921e-11
7359,vertical,4.5300000000000002,159,true,2,3.4978146089088923e-11
7360,vertical,4.5300000000000002,160,true,3,1.4722721718356496e-12
7361,vertical,4.5300000000000002,161,true,3,4.2765079614035813e-12
7362,vertical,4.5300000000000002,162,true,3,3.5814845777126064e-12
7363,vertical,4.5300000000000002,163,true,3,2.3157851336621843e-11
7364,vertical,4.5300000000000002,164,true,3,5.8019268045473137e-11
7365,vertical,4.5300000000000002,165,true,3,1.9645455370137878e-12
7366,vertical,4.5300000000000002,166,true,3,6.9538734563678243e-13
7367,vertical,4.5300000000000002,167,true,3,2.0530238233574336e-12
7368,vertical,4.5300000000000002,168,true,3,9.2043575360755077e-11
7369,vertical,4.5300000000000002,169,true,4,2.5291793141447549e-12
7370,vertical,4.5300000000000002,170,true,3,5.798729459711009e-11
7371,vertical,4.5300000000000002,171,true,3,1.1446013853722806e-12
7372,vertical,4.5300000000000002,172,true,3,6.1591633142220352e-11
7373,vertical,4.5300000000000002,173,true,3,1.6159453068365637e-12
7374,vertical,4.5300000000000002,174,true,3,2.6450885355087706e-12
7375,vertical,4.5300000000000002,175,true,3,7.1430678962812936e-11
7376,vertical,4.5300000000000002,176,true,3,3.037631091936938e-11
7377,vertical,4.5300000000000002,177,true,3,6.7331715859695614e-13
7378,vertical,4.5300000000000002,178,true,3,5.9866082834142164e-12
7379,vertical,4.5300000000000002,179,true,4,3.1926783208245933e-12
7380,vertical,4.5300000000000002,180,true,3,1.5449302505331793e-11
7381,vertical,4.5300000000000002,181,true,4,4.0135712659628035e-11
7382,vertical,4.5300000000000002,182,true,3,1.9085899492035534e-11
7383,vertical,4.5300000000000002,183,true,3,3.2097047970309558e-12
7384,vertical,4.5300000000000002,184,true,3,6.2185856751950015e-11
7385,vertical,4.5300000000000002,185,true,3,4.4484160303218746e-13
7386,vertical,4.5300000000000002,186,true,3,3.7473595353404177e-12
7387,vertical,4.5300000000000002,187,true,3,9.4947295390308104e-12
7388,vertical,4.5300000000000002,188,true,4,1.7490744477805157e-11
7389,vertical,4.5300000000000002,189,true,3,3.2268973320432042e-12
7390,vertical,4.5300000000000002,190,true,3,5.3967945032590939e-12
7391,vertical,4.5300000000000002,191,true,3,1.0202097274038253e-11
7392,vertical,4.5300000000000002,192,true,3,3.5098573169877589e-13
7393,vertical,4.5300000000000002,193,true,3,1.6286825117242003e-11
7394,vertical,4.5300000000000002,194,true,3,4.9257543120942628e-12
7395,vertical,4.5300000000000002,195,true,4,9.9834438769982817e-12
7396,vertical,4.5300000000000002,196,true,3,1.6062993318657438e-12
7397,vertical,4.5300000000000002,197,true,3,3.2570790103734337e-11
7398,vertical,4.5300000000000002,198,true,3,3.3762318755726136e-11
7399,vertical,4.5300000000000002,199,true,3,3.2769236190024084e-11
7400,vertical,4.5300000000000002,200,true,3,2.2803993819530526e-11
7401,vertical,4.5300000000000002,201,true,3,1.629692611612461e-11
7402,vertical,4.5300000000000002,202,true,3,1.063862721586631e-11
7403,vertical,4.5300000000000002,203,true,3,7.2905604777790468e-12
7404,vertical,4.5300000000000002,204,true,3,1.2774530152738947e-12
7405,vertical,4.5300000000000002,205,true,3,7.7454454919486845e-12
7406,vertical,4.5300000000000002,206,true,3,7.1194464490990508e-12
7407,vertical,4.5300000000000002,207,true,3,2.0324214311121544e-11
7408,vertical,4.5300000000000002,208,true,4,7.3271779385465502e-11
7409,vertical,4.5300000000000002,209,true,3,3.8838481334537231e-11
7410,vertical,4.5300000000000002,210,true,3,3.7390517302817905e-11
7411,vertical,4.5300000000000002,211,true,2,9.4039909603091903e-11
7412,vertical,4.5300000000000002,212,true,2,4.4083218808855758e-11
7413,vertical,4.5300000000000002,213,true,3,2.4593431018363047e-11
7414,vertical,4.5300000000000002,214,true,5,1.6424111292691209e-12
7415,vertical,4.5300000000000002,215,true,3,9.5027975043786632e-12
7416,vertical,4.5300000000000002,216,true,3,1.8910387531953875e-12
7417,vertical,4.5300000000000002,217,true,4,1.1532498430145844e-11
7418,vertical,4.5300000000000002,218,true,3,3.3891984166922491e-12
7419,vertical,4.5300000000000002,219,true,3,8.8546085951046259e-11
7420,vertical,4.5300000000000002,220,true,3,1.6161882803844359e-12
7421,vertical,4.5300000000000002,221,true,4,2.3834319939528525e-12
7422,vertical,4.5300000000000002,222,true,4,4.5629931763836156e-11
7423,vertical,4.5300000000000002,223,true,3,7.5852351314383028e-11
7424,vertical,4.5300000000000002,224,true,3,6.6801172108171509e-13
7425,vertical,4.5300000000000002,225,true,3,5.457454649698798e-11
7426,vertical,4.5300000000000002,226,true,3,2.6054933717017119e-11
7427,vertical,4.5300000000000002,227,true,3,1.9437384899081799e-11
7428,vertical,4.5300000000000002,228,true,4,5.189938659878474e-12
7429,vertical,4.5300000000000002,229,true,3,3.5484474019139397e-13
7430,vertical,4.5300000000000002,230,true,3,1.3448627336167991e-11
7431,vertical,4.5300000000000002,231,true,3,9.1604698937334481e-11
7432,vertical,4.5300000000000002,232,true,3,1.4653636215878357e-11
7433,vertical,4.5300000000000002,233,true,3,5.8853464883941267e-12
7434,vertical,4.5300000000000002,234,true,3,1.6728581686319807e-12
7435,vertical,4.5300000000000002,235,true,3,1.7929454868368021e-11
7436,vertical,4.5300000000000002,236,true,2,1.1198869520025089e-11
7437,vertical,4.5300000000000002,237,true,3,1.2339718946162129e-12
7438,vertical,4.5300000000000002,238,true,4,4.6694425986089034e-12
7439,vertical,4.5300000000000002,239,true,3,3.8897950088323432e-12
7440,vertical,4.5300000000000002,240,true,3,2.1960692980455651e-11
7441,vertical,4.5300000000000002,241,true,3,4.6374513974861805e-12
7442,vertical,4.5300000000000002,242,true,3,2.6848860352270967e-12
7443,vertical,4.5300000000000002,243,true,3,5.918109310956019e-12
7444,vertical,4.5300000000000002,244,true,3,5.2683608747875362e-12
7445,vertical,4.5300000000000002,245,true,3,7.6300239694660759e-11
7446,vertical,4.5300000000000002,246,true,3,6.6554946501387248e-13
7447,vertical,4.5300000000000002,247,true,3,1.1002452124870904e-11
7448,vertical,4.5300000000000002,248,true,3,1.0575236289612158e-11
7449,vertical,4.5300000000000002,249,true,3,4.810035249834698e-12
7450,vertical,4.5300000000000002,250,true,3,5.108310475091033e-12
7451,vertical,4.5300000000000002,251,true,3,2.2873030245982094e-12
7452,vertical,4.5300000000000002,252,true,3,1.2530427840268085e-11
7453,vertical,4.5300000000000002,253,true,3,1.4247934930009825e-12
7454,vertical,4.5300000000000002,254,true,3,4.9168553414426309e-11
7455,vertical,4.5300000000000002,255,true,3,1.0214678190501476e-11
7456,vertical,4.5300000000000002,256,true,3,6.0248758315088262e-11
7457,vertical,4.5300000000000002,257,true,4,1.1566663164930569e-11
7458,vertical,4.5300000000000002,258,true,4,3.2373263701279242e-11
7459,vertical,4.5300000000000002,259,true,3,4.4673119046057103e-13
7460,vertical,4.5300000000000002,260,true,3,3.1495225421384063e-12
7461,vertical,4.5300000000000002,261,true,3,5.6945846964798671e-12
7462,vertical,4.5300000000000002,262,true,3,7.8233372698120299e-12
7463,vertical,4.5300000000000002,263,true,4,1.8053582960542931e-11
7464,vertical,4.5300000000000002,264,true,3,5.6867324675524068e-12
7465,vertical,4.5300000000000002,265,true,3,1.7655329341776223e-12
7466,vertical,4.5300000000000002,266,true,3,1.7789829722532503e-11
7467,vertical,4.5300000000000002,267,true,2,6.4656057104305321e-11
7468,vertical,4.5300000000000002,268,true,3,6.5116908399093374e-12
7469,vertical,4.5300000000000002,269,true,3,1.1148412554642233e-11
7470,vertical,4.5300000000000002,270,true,4,8.5232049028496536e-12
7471,vertical,4.5300000000000002,271,true,3,1.2016050417107084e-11
7472,vertical,4.5300000000000002,272,true,4,2.5158587581145377e-11
7473,vertical,4.5300000000000002,273,true,3,2.3261255045490584e-11
7474,vertical,4.5300000000000002,274,true,3,5.4145583905350377e-12
7475,vertical,4.5300000000000002,275,true,3,6.5858569690055027e-13
7476,vertical,4.5300000000000002,276,true,3,3.399169744295797e-12
7477,vertical,4.5300000000000002,277,true,3,7.0363881131244165e-12
7478,vertical,4.5300000000000002,278,true,3,2.9501403021661014e-11
7479,vertical,4.5300000000000002,279,true,3,5.1012596696474235e-13
7480,vertical,4.5300000000000002,280,true,3,5.2008194768860367e-11
7481,vertical,4.5300000000000002,281,true,3,2.7269486850247152e-11
7482,vertical,4.5300000000000002,282,true,3,5.3408261370313943e-12
7483,vertical,4.5300000000000002,283,true,3,2.3184592256156021e-11
7484,vertical,4.5300000000000002,284,true,3,1.770282977307644e-11
7485,vertical,4.5300000000000002,285,true,3,1.0576747615002905e-11
7486,vertical,4.5300000000000002,286,true,3,5.3245097368584001e-11
7487,vertical,4.5300000000000002,287,true,3,7.1620270115723002e-11
7488,vertical,4.5300000000000002,288,true,3,2.016832498706444e-12
7489,vertical,4.5300000000000002,289,true,3,2.9064569425416012e-11
7490,vertical,4.5300000000000002,290,true,3,2.9444512369422297e-11
7491,vertical,4.5300000000000002,291,true,3,2.9605731613490872e-12
7492,vertical,4.5300000000000002,292,true,3,1.4113325723629364e-12
7493,vertical,4.5300000000000002,293,true,3,8.0699115530198991e-12
7494,vertical,4.5300000000000002,294,true,3,1.359127068271329e-11
7495,vertical,4.5300000000000002,295,true,3,3.2401599640298317e-13
7496,vertical,4.5300000000000002,296,true,2,5.1266384557969513e-11
7497,vertical,4.5300000000000002,297,true,3,9.2404993476321645e-13
7498,vertical,4.5300000000000002,298,true,3,7.6624982881622729e-11
7499,vertical,4.5300000000000002,299,true,3,2.6179111275462133e-12
7500,vertical,4.5300000000000002,300,true,3,2.2952683419494835e-11
7501,vertical,4.5300000000000002,301,true,3,5.6593149907249564e-12
7502,vertical,4.5300000000000002,302,true,4,1.4591926959995005e-11
7503,vertical,4.5300000000000002,303,true,3,6.4756974593813836e-11
7504,vertical,4.5300000000000002,304,true,3,1.1117706000582219e-11
7505,vertical,4.5300000000000002,305,true,4,9.8617030960984843e-12
7506,vertical,4.5300000000000002,306,true,3,3.9318335605220345e-12
7507,vertical,4.5300000000000002,307,true,3,6.9464435912231053e-12
7508,vertical,4.5300000000000002,308,true,3,4.1484010701493816e-12
7509,vertical,4.5300000000000002,309,true,3,5.7425228286159789e-12
7510,vertical,4.5300000000000002,310,true,4,4.1043504062652895e-12
7511,vertical,4.5300000000000002,311,true,3,5.1289075746038337e-11
7512,vertical,4.5300000000000002,312,true,3,2.306741749595983e-12
7513,vertical,4.5300000000000002,313,true,3,3.7375754895880421e-11
7514,vertical,4.5300000000000002,314,true,3,1.9474525979459224e-12
7515,vertical,4.5300000000000002,315,true,4,5.907014004353785e-12
7516,vertical,4.5300000000000002,316,true,3,1.4821058723237401e-11
7517,vertical,4.5300000000000002,317,true,3,1.0674917143470791e-12
7518,vertical,4.5300000000000002,318,true,4,7.2469595220377758e-11
7519,vertical,4.5300000000000002,319,true,3,9.596418218838035e-11
7520,vertical,4.5300000000000002,320,true,3,7.4439087125412019e-11
7521,vertical,4.5300000000000002,321,true,3,3.7694032726415287e-12
7522,vertical,4.5300000000000002,322,true,3,7.5574669787998984e-11
7523,vertical,4.5300000000000002,323,true,3,2.02854140840244e-11
7524,vertical,4.5300000000000002,324,true,3,6.5764899521905144e-12
7525,vertical,4.5300000000000002,325,true,3,1.679778158743327e-11
7526,vertical,4.5300000000000002,326,true,3,3.3237321663051259e-11
7527,vertical,4.5300000000000002,327,true,3,1.2122727438527795e-11
7528,vertical,4.5300000000000002,328,true,3,1.25390350897263e-11
7529,vertical,4.5300000000000002,329,true,3,1.2487976247992828e-12
7530,vertical,4.5300000000000002,330,true,4,3.8022960262893118e-12
7531,vertical,4.5300000000000002,331,true,2,4.1041501568377908e-11
7532,vertical,4.5300000000000002,332,true,4,1.4156494164542792e-11
7533,vertical,4.5300000000000002,333,true,3,1.8208813490632517e-11
7534,vertical,4.5300000000000002,334,true,3,1.3309865919645891e-11
7535,vertical,4.5300000000000002,335,true,3,1.2680852032215516e-12
7536,vertical,4.5300000000000002,336,true,4,8.1498830515603172e-12
7537,vertical,4.5300000000000002,337,true,3,1.5074305347307978e-11
7538,vertical,4.5300000000000002,338,true,3,6.1896030977837444e-11
7539,vertical,4.5300000000000002,339,true,3,6.8882743350740088e-11
7540,vertical,4.5300000000000002,340,true,3,3.1883916366406182e-11
7541,vertical,4.5300000000000002,341,true,3,9.3642730718819964e-11
7542,vertical,4.5300000000000002,342,true,4,3.1537539244925791e-11
7543,vertical,4.5300000000000002,343,true,3,6.1229180675293757e-11
7544,vertical,4.5300000000000002,344,true,3,1.7187592870978469e-11
7545,vertical,4.5300000000000002,345,true,3,4.5734129106126086e-12
7546,vertical,4.5300000000000002,346,true,3,4.3210550622325598e-11
7547,vertical,4.5300000000000002,347,true,3,4.7825239463149562e-13
7548,vertical,4.5300000000000002,348,true,3,3.6087195340455311e-12
7549,vertical,4.5300000000000002,349,true,3,2.3144848259496752e-12
7550,vertical,4.5300000000000002,350,true,3,9.6097297365651177e-11
7551,vertical,4.5300000000000002,351,true,3,2.1526882152560296e-11
7552,vertical,4.5300000000000002,352,true,3,1.8266714156029883e-12
7553,vertical,4.5300000000000002,353,true,3,2.6399800786769778e-11
7554,vertical,4.5300000000000002,354,true,3,1.3506892771637353e-11
7555,vertical,4.5300000000000002,355,true,3,7.3797847364678274e-12
7556,vertical,4.5300000000000002,356,true,3,1.0015010081608172e-11
7557,vertical,4.5300000000000002,357,true,3,8.0865620742252641e-11
7558,vertical,4.5300000000000002,358,true,3,6.1847589189508271e-12
7559,vertical,4.5300000000000002,359,true,3,5.5165973522575744e-11
7560,vertical,4.5300000000000002,360,true,3,2.9873916114800285e-12
7561,vertical,4.5300000000000002,361,true,3,1.0669240089385051e-11
7562,vertical,4.5300000000000002,362,true,3,1.6950421843172487e-11
7563,vertical,4.5300000000000002,363,true,4,4.14522319050666e-12
7564,vertical,4.5300000000000002,364,true,3,3.9835471245481682e-12
7565,vertical,4.5300000000000002,365,true,3,9.2820284733817517e-12
7566,vertical,4.5300000000000002,366,true,4,1.1095705608281626e-11
7567,vertical,4.5300000000000002,367,true,3,4.5567636537426943e-11
7568,vertical,4.5300000000000002,368,true,3,2.7807877079829473e-11
7569,vertical,4.5300000000000002,369,true,3,1.9173066006291826e-11
7570,vertical,4.5300000000000002,370,true,3,6.4312513863101327e-12
7571,vertical,4.5300000000000002,371,true,3,1.1135388698440637e-11
7572,vertical,4.5300000000000002,372,true,3,6.5989460706091298e-12
7573,vertical,4.5300000000000002,373,true,2,7.5295675291750123e-11
7574,vertical,4.5300000000000002,374,true,3,3.5767741753302661e-11
7575,vertical,4.5300000000000002,375,true,4,3.7472949173560949e-12
7576,vertical,4.5300000000000002,376,true,3,1.8160770473253823e-11
7577,vertical,4.5300000000000002,377,true,3,9.8740633992637563e-12
7578,vertical,4.5300000000000002,378,true,3,9.8040174212505015e-11
7579,vertical,4.5300000000000002,379,true,3,9.0420220098102888e-12
7580,vertical,4.5300000000000002,380,true,3,9.9084990968558129e-12
7581,vertical,4.5300000000000002,381,true,3,2.0888039254411167e-12
7582,vertical,4.5300000000000002,382,true,3,5.220789577742966e-11
7583,vertical,4.5300000000000002,383,true,3,6.7479415079182989e-11
7584,vertical,4.5300000000000002,384,true,3,5.0307787460457089e-12
7585,vertical,4.5300000000000002,385,true,3,2.0639972229145104e-11
7586,vertical,4.5300000000000002,386,true,3,8.4350443220504517e-12
7587,vertical,4.5300000000000002,387,true,3,2.7985896392331949e-12
7588,vertical,4.5300000000000002,388,true,3,9.14807564203454e-11
7589,vertical,4.5300000000000002,389,true,3,6.1004569759456237e-13
7590,vertical,4.5300000000000002,390,true,2,4.0041823545371859e-11
7591,vertical,4.5300000000000002,391,true,3,1.6517936636606409e-11
7592,vertical,4.5300000000000002,392,true,3,2.0346324915368219e-12
7593,vertical,4.5300000000000002,393,true,3,7.6328494850767338e-11
7594,vertical,4.5300000000000002,394,true,4,1.4099834483792102e-11
7595,vertical,4.5300000000000002,395,true,3,4.4827277181861681e-12
7596,vertical,4.5300000000000002,396,true,3,2.764681522704354e-12
7597,vertical,4.5300000000000002,397,true,3,1.0398987916799209e-12
7598,vertical,4.5300000000000002,398,true,3,5.2638675195921109e-13
7599,vertical,4.5300000000000002,399,true,3,1.4307030636863833e-12
7600,vertical,4.5300000000000002,400,true,3,3.7868623612841735e-11
7601,vertical,4.5300000000000002,401,true,4,1.0066764343097057e-11
7602,vertical,4.5300000000000002,402,true,3,1.8078056153118541e-12
7603,vertical,4.5300000000000002,403,true,3,5.3745105137158002e-12
7604,vertical,4.5300000000000002,404,true,3,5.3608477281630018e-11
7605,vertical,4.5300000000000002,405,true,3,2.8706982875654947e-11
7606,vertical,4.5300000000000002,406,true,3,2.2728615002341649e-11
7607,vertical,4.5300000000000002,407,true,3,5.7571317666065126e-12
7608,vertical,4.5300000000000002,408,true,4,1.0403962812892213e-11
7609,vertical,4.5300000000000002,409,true,2,9.7848931346991837e-11
7610,vertical,4.5300000000000002,410,true,3,6.932246158263108e-11
7611,vertical,4.5300000000000002,411,true,4,1.316966011624914e-11
7612,vertical,4.5300000000000002,412,true,3,2.444980497078776e-12
7613,vertical,4.5300000000000002,413,true,3,5.4834342158989286e-12
7614,vertical,4.5300000000000002,414,true,3,9.5135982213958529e-12
7615,vertical,4.5300000000000002,415,true,3,2.1924225126553328e-11
7616,vertical,4.5300000000000002,416,true,3,2.8202991304526638e-11
7617,vertical,4.5300000000000002,417,true,3,6.647614821253585e-11
7618,vertical,4.5300000000000002,418,true,4,1.0694929788323846e-11
7619,vertical,4.5300000000000002,419,true,3,3.1592479214098674e-11
7620,vertical,4.5300000000000002,420,true,3,4.8427910370787312e-12
7621,vertical,4.5300000000000002,421,true,3,3.8243822354506483e-12
7622,vertical,4.5300000000000002,422,true,3,1.9421869652994673e-12
7623,vertical,4.5300000000000002,423,true,3,5.8307166400928881e-11
7624,vertical,4.5300000000000002,424,true,3,1.6505182954069136e-12
7625,vertical,4.5300000000000002,425,true,3,1.476094528975762e-12
7626,vertical,4.5300000000000002,426,true,4,5.0476121443431882e-12
7627,vertical,4.5300000000000002,427,true,3,2.5356103137077234e-12
7628,vertical,4.5300000000000002,428,true,3,1.1990333474255626e-12
7629,vertical,4.5300000000000002,429,true,4,1.8464542202877685e-11
7630,vertical,4.5300000000000002,430,true,3,4.3838163405965659e-11
7631,vertical,4.5300000000000002,431,true,3,2.8284201663774098e-13
7632,vertical,4.5300000000000002,432,true,3,1.5906650971390823e-11
7633,vertical,4.5300000000000002,433,true,3,4.7933699792700363e-11
7634,vertical,4.5300000000000002,434,true,3,1.0483945712849206e-12
7635,vertical,4.5300000000000002,435,true,3,1.2745053391932073e-12
7636,vertical,4.5300000000000002,436,true,3,1.8474626251894326e-12
7637,vertical,4.5300000000000002,437,true,3,2.8356493250059655e-12
7638,vertical,4.5300000000000002,438,true,2,7.8446568671510864e-11
7639,vertical,4.5300000000000002,439,true,3,7.0214704449630446e-12
7640,vertical,4.5300000000000002,440,true,3,2.3283441633812322e-12
7641,vertical,4.5300000000000002,441,true,3,2.9532314738562309e-11
7642,vertical,4.5300000000000002,442,true,3,6.2890008579284955e-11
7643,vertical,4.5300000000000002,443,true,3,4.811843872978239e-13
7644,vertical,4.5300000000000002,444,true,3,2.2429379961364657e-11
7645,vertical,4.5300000000000002,445,true,3,3.4346815361055643e-12
7646,vertical,4.5300000000000002,446,true,3,2.2528363386622816e-11
7647,vertical,4.5300000000000002,447,true,5,1.9339194874812321e-12
7648,vertical,4.5300000000000002,448,true,3,2.1204261435114566e-12
7649,vertical,4.5300000000000002,449,true,4,9.1125775046268603e-12
7650,vertical,4.5300000000000002,450,true,3,3.6679265057238488e-12
7651,vertical,4.5300000000000002,451,true,3,4.1811668678233457e-12
7652,vertical,4.5300000000000002,452,true,3,1.9668604270470872e-12
7653,vertical,4.5300000000000002,453,true,3,7.5392331525839832e-11
7654,vertical,4.5300000000000002,454,true,3,2.2788264521986932e-11
7655,vertical,4.5300000000000002,455,true,3,1.628141210627027e-11
7656,vertical,4.5300000000000002,456,true,3,4.8733449422258734e-12
7657,vertical,4.5300000000000002,457,true,4,1.6780731236351452e-11
7658,vertical,4.5300000000000002,458,true,4,5.6559598419428551e-11
7659,vertical,4.5300000000000002,459,true,3,9.6840784820532806e-11
7660,vertical,4.5300000000000002,460,true,3,3.2950622435858606e-12
7661,vertical,4.5300000000000002,461,true,3,3.6019897417762539e-12
7662,vertical,4.5300000000000002,462,true,3,6.927643384585611e-12
7663,vertical,4.5300000000000002,463,true,3,3.5931241119183987e-11
7664,vertical,4.5300000000000002,464,true,3,1.0735141072687195e-11
7665,vertical,4.5300000000000002,465,true,2,6.8683099876027387e-11
7666,vertical,4.5300000000000002,466,true,3,4.259681209879431e-12
7667,vertical,4.5300000000000002,467,true,4,3.0341171963386223e-12
7668,vertical,4.5300000000000002,468,true,3,2.3938760264840166e-11
7669,vertical,4.5300000000000002,469,true,3,2.9123862604626851e-13
7670,vertical,4.5300000000000002,470,true,4,3.6272249690389161e-12
7671,vertical,4.5300000000000002,471,true,3,6.7606769866431472e-12
7672,vertical,4.5300000000000002,472,true,4,2.7509928474883559e-12
7673,vertical,4.5300000000000002,473,true,4,2.674003310953418e-11
7674,vertical,4.5300000000000002,474,true,4,2.9296497905138229e-11
7675,vertical,4.5300000000000002,475,true,4,6.1970617520618761e-11
7676,vertical,4.5300000000000002,476,true,3,9.0618972270642143e-12
7677,vertical,4.5300000000000002,477,true,3,1.171422040231146e-12
7678,vertical,4.5300000000000002,478,true,3,3.6637361563933784e-12
7679,vertical,4.5300000000000002,479,true,3,6.0760681279715006e-11
7680,vertical,4.5300000000000002,480,true,3,7.1307451634561042e-13
7681,vertical,4.5300000000000002,481,true,3,9.4555504378273827e-11
7682,vertical,4.5300000000000002,482,true,4,1.712600600105697e-11
7683,vertical,4.5300000000000002,483,true,3,1.6922982562754214e-12
7684,vertical,4.5300000000000002,484,true,3,5.4201597059347172e-12
7685,vertical,4.5300000000000002,485,true,3,1.8527539639530712e-12
7686,vertical,4.5300000000000002,486,true,3,3.0732921268120503e-12
7687,vertical,4.5300000000000002,487,true,3,1.4710477053946068e-11
7688,vertical,4.5300000000000002,488,true,3,1.3025300491087152e-11
7689,vertical,4.5300000000000002,489,true,2,2.6334717513064507e-11
7690,vertical,4.5300000000000002,490,true,3,8.945568821899584e-12
7691,vertical,4.5300000000000002,491,true,3,3.1451419404805652e-11
7692,vertical,4.5300000000000002,492,true,3,1.4556668430812683e-11
7693,vertical,4.5300000000000002,493,true,3,4.5883249238441276e-11
7694,vertical,4.5300000000000002,494,true,3,3.7257519155685584e-12
7695,vertical,4.5300000000000002,495,true,3,2.6694432395369963e-12
7696,vertical,4.5300000000000002,496,true,3,6.296675526126244e-12
7697,vertical,4.5300000000000002,497,true,3,2.3101315524100143e-11
7698,vertical,4.5300000000000002,498,true,3,4.8262065074372587e-12
7699,vertical,4.5300000000000002,499,true,3,2.3404743360034624e-12
7700,vertical,4.5300000000000002,500,true,2,8.183520276618427e-11
7701,vertical,4.5300000000000002,501,true,3,5.2911726276475816e-12
7702,vertical,4.5300000000000002,502,true,4,3.3936388877288361e-11
7703,vertical,4.5300000000000002,503,true,3,2.4831466615566713e-12
7704,vertical,4.5300000000000002,504,true,4,2.4010436664437411e-11
7705,vertical,4.5300000000000002,505,true,3,3.6633306521824746e-11
7706,vertical,4.5300000000000002,506,true,3,2.541826099281061e-12
7707,vertical,4.5300000000000002,507,true,3,2.8291255260032236e-11
7708,vertical,4.5300000000000002,508,true,3,2.9837808111883783e-11
7709,vertical,4.5300000000000002,509,true,3,4.5353284607978073e-11
7710,vertical,4.5300000000000002,510,true,3,6.0526590983499747e-12
7711,vertical,4.5300000000000002,511,true,5,7.4073117209278303e-12
7712,vertical,4.5300000000000002,512,true,3,4.9892930737235151e-11
7713,vertical,4.5300000000000002,513,true,2,8.8952706031885885e-11
7714,vertical,4.5300000000000002,514,true,3,1.3066880896200413e-11
7715,vertical,4.5300000000000002,515,true,4,1.6175809431618501e-11
7716,vertical,4.5300000000000002,516,true,3,8.5316379131282439e-12
7717,vertical,4.5300000000000002,517,true,3,2.2603420664359545e-11
7718,vertical,4.5300000000000002,518,true,4,2.1434588326968384e-12
7719,vertical,4.5300000000000002,519,true,3,1.9445551902030348e-12
7720,vertical,4.5300000000000002,520,true,3,8.8923288739479302e-12
7721,vertical,4.5300000000000002,521,true,2,2.8364465899439106e-11
7722,vertical,4.5300000000000002,522,true,3,7.0639527089887673e-12
7723,vertical,4.5300000000000002,523,true,3,7.4423429025840885e-11
7724,vertical,4.5300000000000002,524,true,4,7.6453496535055871e-13
7725,vertical,4.5300000000000002,525,true,3,5.4397021101393941e-13
7726,vertical,4.5300000000000002,526,true,4,1.3576535771613381e-11
7727,vertical,4.5300000000000002,527,true,4,2.4052883629666175e-12
7728,vertical,4.5300000000000002,528,true,4,1.1669152267924557e-11
7729,vertical,4.5300000000000002,529,true,3,2.5069592747999076e-12
7730,vertical,4.5300000000000002,530,true,3,4.7320543102321254e-11
7731,vertical,4.5300000000000002,531,true,3,6.7566481796629335e-12
7732,vertical,4.5300000000000002,532,true,3,5.4260873209581493e-11
7733,vertical,4.5300000000000002,533,true,3,1.3137744425215133e-11
7734,vertical,4.5300000000000002,534,true,3,3.1643678056669184e-11
7735,vertical,4.5300000000000002,535,true,3,6.4421322002847301e-12
7736,vertical,4.5300000000000002,536,true,3,2.497160329131072e-11
7737,vertical,4.5300000000000002,537,true,3,2.109677388863161e-12
7738,vertical,4.5300000000000002,538,true,3,3.32617560473725e-11
7739,vertical,4.5300000000000002,539,true,3,3.5379007667166983e-12
7740,vertical,4.5300000000000002,540,true,3,1.66471021527138e-12
7741,vertical,4.5300000000000002,541,true,3,1.8377697060593491e-11
7742,vertical,4.5300000000000002,542,true,3,1.9237564272762958e-11
7743,vertical,4.5300000000000002,543,true,3,6.7224478768284818e-12
7744,vertical,4.5300000000000002,544,true,3,3.2451018720244244e-12
7745,vertical,4.5300000000000002,545,true,3,6.8460471792529147e-11
7746,vertical,4.5300000000000002,546,true,3,7.9554316053767373e-12
7747,vertical,4.5300000000000002,547,true,4,1.2585439129726053e-11
7748,vertical,4.5300000000000002,548,true,3,8.3514496981042512e-12
7749,vertical,4.5300000000000002,549,true,4,4.6231572337778059e-12
7750,vertical,4.5300000000000002,550,true,3,1.6587417089418127e-11
7751,vertical,4.5300000000000002,551,true,3,3.5801019993961315e-12
7752,vertical,4.5300000000000002,552,true,3,1.7531194916247319e-12
7753,vertical,4.5300000000000002,553,true,3,5.1899191770386335e-11
7754,vertical,4.5300000000000002,554,true,3,3.9292665243806498e-13
7755,vertical,4.5300000000000002,555,true,4,1.5932233258851684e-11
7756,vertical,4.5300000000000002,556,true,3,2.2044769402351092e-12
7757,vertical,4.5300000000000002,557,true,3,1.8839764955683401e-11
7758,vertical,4.5300000000000002,558,true,3,4.9757524875908637e-11
7759,vertical,4.5300000000000002,559,true,3,7.5920975058845268e-13
7760,vertical,4.5300000000000002,560,true,3,3.6021376939234623e-11
7761,vertical,4.5300000000000002,561,true,3,4.4035519830672252e-12
7762,vertical,4.5300000000000002,562,true,3,6.0063865079480677e-12
7763,vertical,4.5300000000000002,563,true,3,5.7853446275423567e-11
7764,vertical,4.5300000000000002,564,true,3,2.4763969473806531e-12
7765,vertical,4.5300000000000002,565,true,3,9.3391247376022087e-13
7766,vertical,4.5300000000000002,566,true,4,2.938854458760427e-12
7767,vertical,4.5300000000000002,567,true,3,1.676759324630804e-11
7768,vertical,4.5300000000000002,568,true,3,3.9930963194300155e-11
7769,vertical,4.5300000000000002,569,true,3,5.5425902227155398e-12
7770,vertical,4.5300000000000002,570,true,3,4.8136800110004396e-12
7771,vertical,4.5300000000000002,571,true,3,5.0534196279206611e-12
7772,vertical,4.5300000000000002,572,true,3,3.3106807743575745e-12
7773,vertical,4.5300000000000002,573,true,3,3.7933665498047372e-13
7774,vertical,4.5300000000000002,574,true,3,2.0272796436372608e-11
7775,vertical,4.5300000000000002,575,true,3,1.9444243168970762e-11
7776,vertical,4.5300000000000002,576,true,3,8.5010323993814058e-12
7777,vertical,4.5300000000000002,577,true,4,1.961482898124862e-11
7778,vertical,4.5300000000000002,578,true,4,1.6359257422142753e-11
7779,vertical,4.5300000000000002,579,true,3,3.9315800265096124e-12
7780,vertical,4.5300000000000002,580,true,3,2.1195504477652941e-12
7781,vertical,4.5300000000000002,581,true,3,3.9948834723932117e-11
7782,vertical,4.5300000000000002,582,true,3,1.7846985700915815e-11
7783,vertical,4.5300000000000002,583,true,3,1.4729623770581774e-11
7784,vertical,4.5300000000000002,584,true,3,5.9490449007864527e-13
7785,vertical,4.5300000000000002,585,true,3,1.524853719488461e-11
7786,vertical,4.5300000000000002,586,true,3,4.2874408956645266e-12
7787,vertical,4.5300000000000002,587,true,3,9.8723961200629515e-12
7788,vertical,4.5300000000000002,588,true,4,3.0205963099608806e-11
7789,vertical,4.5300000000000002,589,true,4,8.1167241253295508e-12
7790,vertical,4.5300000000000002,590,true,3,5.8656095863672552e-12
7791,vertical,4.5300000000000002,591,true,3,4.6529194050338015e-13
7792,vertical,4.5300000000000002,592,true,3,3.9516050928962504e-12
7793,vertical,4.5300000000000002,593,true,3,8.5074597598070796e-12
7794,vertical,4.5300000000000002,594,true,3,2.1462220798086278e-11
7795,vertical,4.5300000000000002,595,true,3,6.8257484313534514e-11
7796,vertical,4.5300000000000002,596,true,4,1.5821802351002444e-11
7797,vertical,4.5300000000000002,597,true,4,2.6746662823542672e-12
7798,vertical,4.5300000000000002,598,true,3,6.0445273548847287e-11
7799,vertical,4.5300000000000002,599,true,3,7.8829143314700024e-12
7800,vertical,4.5300000000000002,600,true,4,3.210461292975531e-11
7801,vertical,6.4000000000000004,1,true,3,5.2910472086163121e-12
7802,vertical,6.4000000000000004,2,true,4,1.9906344654333942e-11
7803,vertical,6.4000000000000004,3,true,3,3.7352048069204822e-12
7804,vertical,6.4000000000000004,4,true,4,2.3282308399310859e-11
7805,vertical,6.4000000000000004,5,true,4,7.9333633174281235e-12
7806,vertical,6.4000000000000004,6,true,3,6.0682060574703665e-12
7807,vertical,6.4000000000000004,7,true,4,9.167704637397025e-12
7808,vertical,6.4000000000000004,8,true,3,2.5579001211101827e-12
7809,vertical,6.4000000000000004,9,true,3,4.7832728726177959e-11
7810,vertical,6.4000000000000004,10,true,3,2.1884864332777545e-11
7811,vertical,6.4000000000000004,11,true,4,4.3889073840607561e-12
7812,vertical,6.4000000000000004,12,true,3,7.6605527270866008e-11
7813,vertical,6.4000000000000004,13,true,4,5.6890048133982257e-12
7814,vertical,6.4000000000000004,14,true,4,2.5458463266802683e-11
7815,vertical,6.4000000000000004,15,true,4,3.1005479506503904e-11
7816,vertical,6.4000000000000004,16,true,3,7.1601650118507852e-11
7817,vertical,6.4000000000000004,17,true,3,9.927813996716348e-12
7818,vertical,6.4000000000000004,18,true,3,1.6938978147064787e-11
7819,vertical,6.4000000000000004,19,true,4,1.4742577646919065e-11
7820,vertical,6.4000000000000004,20,true,3,4.2692317384363052e-12
7821,vertical,6.4000000000000004,21,true,4,7.9346280470834659e-12
7822,vertical,6.4000000000000004,22,true,4,6.9751242464954727e-12
7823,vertical,6.4000000000000004,23,true,4,1.4241244955532669e-11
7824,vertical,6.4000000000000004,24,true,3,1.0767878766063089e-12
7825,vertical,6.4000000000000004,25,true,4,1.3372648979775052e-11
7826,vertical,6.4000000000000004,26,true,4,3.4739483574871765e-12
7827,vertical,6.4000000000000004,27,true,3,2.8837258678434865e-12
7828,vertical,6.4000000000000004,28,true,3,3.150143230896639e-11
7829,vertical,6.4000000000000004,29,true,4,2.7243814981025472e-11
7830,vertical,6.4000000000000004,30,true,4,1.6035649227959337e-11
7831,vertical,6.4000000000000004,31,true,4,2.1341053435362005e-11
7832,vertical,6.4000000000000004,32,true,4,2.3714910216970307e-11
7833,vertical,6.4000000000000004,33,true,3,2.9340154181521009e-11
7834,vertical,6.4000000000000004,34,true,3,9.833497533434887e-12
7835,vertical,6.4000000000000004,35,true,3,2.3365479161332997e-12
7836,vertical,6.4000000000000004,36,true,4,5.744437269035546e-11
7837,vertical,6.4000000000000004,37,true,4,3.854195690236993e-11
7838,vertical,6.4000000000000004,38,true,4,3.8404027112415153e-11
7839,vertical,6.4000000000000004,39,true,3,2.2664377258441534e-11
7840,vertical,6.4000000000000004,40,true,4,8.1051330801698215e-12
7841,vertical,6.4000000000000004,41,true,4,5.8931876464097495e-12
7842,vertical,6.4000000000000004,42,true,3,8.6251066500858954e-12
7843,vertical,6.4000000000000004,43,true,4,1.2694068255249537e-11
7844,vertical,6.4000000000000004,44,true,4,7.5337601294158896e-12
7845,vertical,6.4000000000000004,45,true,3,5.4825193140344132e-11
7846,vertical,6.4000000000000004,46,true,4,9.2425082563742463e-12
7847,vertical,6.4000000000000004,47,true,4,4.2488298474589073e-12
7848,vertical,6.4000000000000004,48,true,5,2.2717625240842463e-12
7849,vertical,6.4000000000000004,49,true,3,3.0805220461486534e-11
7850,vertical,6.4000000000000004,50,true,3,2.3955461961530506e-11
7851,vertical,6.4000000000000004,51,true,3,7.6487219714183685e-11
7852,vertical,6.4000000000000004,52,true,4,3.1571205361657547e-11
7853,vertical,6.4000000000000004,53,true,3,3.3438176122413667e-11
7854,vertical,6.4000000000000004,54,true,4,4.4088082916068108e-11
7855,vertical,6.4000000000000004,55,true,3,6.3501604099758791e-13
7856,vertical,6.4000000000000004,56,true,3,4.6568557819985803e-11
7857,vertical,6.4000000000000004,57,true,3,3.0928575359365698e-11
7858,vertical,6.4000000000000004,58,true,4,5.6718785296288272e-11
7859,vertical,6.4000000000000004,59,true,3,2.8168406336787018e-11
7860,vertical,6.4000000000000004,60,true,5,2.3023792006317909e-11
7861,vertical,6.4000000000000004,61,true,3,4.4466796866253724e-12
7862,vertical,6.4000000000000004,62,true,3,2.2710631513252743e-11
7863,vertical,6.4000000000000004,63,true,3,1.3069661915456483e-12
7864,vertical,6.4000000000000004,64,true,3,7.7406047852473508e-12
7865,vertical,6.4000000000000004,65,true,3,1.0536726078933862e-11
7866,vertical,6.4000000000000004,66,true,4,1.1797092157339999e-11
7867,vertical,6.4000000000000004,67,true,3,4.0824426749034122e-12
7868,vertical,6.4000000000000004,68,true,3,1.6436551595348605e-11
7869,vertical,6.4000000000000004,69,true,3,3.7273377616594008e-11
7870,vertical,6.4000000000000004,70,true,3,2.0235139295821793e-11
7871,vertical,6.4000000000000004,71,true,4,6.7595649994810997e-12
7872,vertical,6.4000000000000004,72,true,4,2.6075542045459863e-11
7873,vertical,6.4000000000000004,73,true,3,2.2194151569242716e-11
7874,vertical,6.4000000000000004,74,true,4,3.8476182366584545e-11
7875,vertical,6.4000000000000004,75,true,4,9.7642601401119612e-12
7876,vertical,6.4000000000000004,76,true,2,5.3186725252663199e-11
7877,vertical,6.4000000000000004,77,true,3,1.6755601699996868e-12
7878,vertical,6.4000000000000004,78,true,4,7.5717431105037845e-11
7879,vertical,6.4000000000000004,79,true,3,4.4015177909314787e-12
7880,vertical,6.4000000000000004,80,true,4,1.5456933745358777e-11
7881,vertical,6.4000000000000004,81,true,3,5.8751859306750695e-12
7882,vertical,6.4000000000000004,82,true,3,7.2935210407122319e-11
7883,vertical,6.4000000000000004,83,true,3,1.2026342304220437e-11
7884,vertical,6.4000000000000004,84,true,4,1.9309731912916163e-11
7885,vertical,6.4000000000000004,85,true,5,1.0335331705618751e-12
7886,vertical,6.4000000000000004,86,true,4,2.987651661183772e-11
7887,vertical,6.4000000000000004,87,true,4,1.3391893014608078e-11
7888,vertical,6.4000000000000004,88,true,4,6.5954822328455736e-12
7889,vertical,6.4000000000000004,89,true,4,6.7528913948574884e-11
7890,vertical,6.4000000000000004,90,true,3,4.0925464149802616e-11
7891,vertical,6.4000000000000004,91,true,4,1.7340571749556551e-12
7892,vertical,6.4000000000000004,92,true,4,4.9409711350695817e-12
7893,vertical,6.4000000000000004,93,true,5,3.6825562597148803e-12
7894,vertical,6.4000000000000004,94,true,3,6.6961303672423046e-11
7895,vertical,6.4000000000000004,95,true,3,1.3555958321832697e-11
7896,vertical,6.4000000000000004,96,true,3,3.4153223857854207e-11
7897,vertical,6.4000000000000004,97,true,3,1.376043900570062e-11
7898,vertical,6.4000000000000004,98,true,4,9.7481536572924153e-11
7899,vertical,6.4000000000000004,99,true,3,8.1426334235624986e-12
7900,vertical,6.4000000000000004,100,true,4,1.6521942113057926e-11
7901,vertical,6.4000000000000004,101,true,4,2.5957739269448084e-12
7902,vertical,6.4000000000000004,102,true,4,2.3807516528803509e-11
7903,vertical,6.4000000000000004,103,true,4,2.156453245335767e-11
7904,vertical,6.4000000000000004,104,true,3,9.006827903952693e-11
7905,vertical,6.4000000000000004,105,true,3,5.0588205682425279e-11
7906,vertical,6.4000000000000004,106,true,3,7.1281120257764173e-11
7907,vertical,6.4000000000000004,107,true,4,3.1658092615063248e-12
7908,vertical,6.4000000000000004,108,true,4,6.8119998113237685e-12
7909,vertical,6.4000000000000004,109,true,4,9.8531320412311234e-12
7910,vertical,6.4000000000000004,110,true,3,1.99173328833243e-11
7911,vertical,6.4000000000000004,111,true,4,5.1993903447614976e-11
7912,vertical,6.4000000000000004,112,true,4,5.2976437461553992e-11
7913,vertical,6.4000000000000004,113,true,3,1.1851451666365404e-11
7914,vertical,6.4000000000000004,114,true,4,6.3881123229414173e-12
7915,vertical,6.4000000000000004,115,true,3,1.2523674052026309e-11
7916,vertical,6.4000000000000004,116,true,3,1.2378784134398704e-11
7917,vertical,6.4000000000000004,117,true,4,4.514582082304377e-11
7918,vertical,6.4000000000000004,118,true,3,9.2610191880547479e-11
7919,vertical,6.4000000000000004,119,true,4,3.2386019374148099e-11
7920,vertical,6.4000000000000004,120,true,3,2.6123359848607156e-11
7921,vertical,6.4000000000000004,121,true,4,8.6530018753403677e-12
7922,vertical,6.4000000000000004,122,true,4,7.8426893578712362e-11
7923,vertical,6.4000000000000004,123,true,5,3.3713547848056245e-12
7924,vertical,6.4000000000000004,124,true,4,1.4360073003018886e-11
7925,vertical,6.4000000000000004,125,true,3,5.9447293461605183e-12
7926,vertical,6.4000000000000004,126,true,4,2.1276836726224281e-11
7927,vertical,6.4000000000000004,127,true,3,3.4822900988983676e-12
7928,vertical,6.4000000000000004,128,true,4,6.515356072982874e-12
7929,vertical,6.4000000000000004,129,true,4,5.3952365715246665e-12
7930,vertical,6.4000000000000004,130,true,3,1.590155366381113e-12
7931,vertical,6.4000000000000004,131,true,4,1.3402119003020983e-12
7932,vertical,6.4000000000000004,132,true,3,3.8029940345205431e-11
7933,vertical,6.4000000000000004,133,true,4,2.194934246286555e-12
7934,vertical,6.4000000000000004,134,true,4,5.804591683847093e-12
7935,vertical,6.4000000000000004,135,true,4,5.3549305913611388e-11
7936,vertical,6.4000000000000004,136,true,4,6.8304317958103385e-12
7937,vertical,6.4000000000000004,137,true,3,7.2275226733199883e-12
7938,vertical,6.4000000000000004,138,true,3,5.6931916496994338e-11
7939,vertical,6.4000000000000004,139,true,5,2.4605606638298545e-12
7940,vertical,6.4000000000000004,140,true,4,3.6582692015395764e-12
7941,vertical,6.4000000000000004,141,true,4,4.2522498764816157e-11
7942,vertical,6.4000000000000004,142,true,3,1.0393516421773279e-11
7943,vertical,6.4000000000000004,143,true,3,7.8772659509524536e-11
7944,vertical,6.4000000000000004,144,true,4,7.5612576740472001e-12
7945,vertical,6.4000000000000004,145,true,3,2.7466746951807281e-11
7946,vertical,6.4000000000000004,146,true,4,1.573455491280396e-11
7947,vertical,6.4000000000000004,147,true,3,8.8265714404279875e-11
7948,vertical,6.4000000000000004,148,true,3,9.4025580298642579e-11
7949,vertical,6.4000000000000004,149,true,4,5.2321221053428514e-12
7950,vertical,6.4000000000000004,150,true,5,1.2272928449496939e-12
7951,vertical,6.4000000000000004,151,true,3,2.1678820003745203e-11
7952,vertical,6.4000000000000004,152,true,5,6.0370653637296827e-12
7953,vertical,6.4000000000000004,153,true,4,8.4148098077605512e-13
7954,vertical,6.4000000000000004,154,true,4,8.9586257329155033e-11
7955,vertical,6.4000000000000004,155,true,4,7.2579943455594278e-12
7956,vertical,6.4000000000000004,156,true,4,2.769819535518348e-12
7957,vertical,6.4000000000000004,157,true,3,8.9352687595258388e-11
7958,vertical,6.4000000000000004,158,true,4,3.1202249485445788e-12
7959,vertical,6.4000000000000004,159,true,3,7.6685645968233769e-13
7960,vertical,6.4000000000000004,160,true,3,8.3125551032210816e-12
7961,vertical,6.4000000000000004,161,true,3,2.410747824872741e-11
7962,vertical,6.4000000000000004,162,true,3,2.086708210235722e-11
7963,vertical,6.4000000000000004,163,true,4,2.4712924663245393e-12
7964,vertical,6.4000000000000004,164,true,4,2.1806445769156355e-11
7965,vertical,6.4000000000000004,165,true,3,1.0964782032785358e-11
7966,vertical,6.4000000000000004,166,true,3,3.9803675532857417e-12
7967,vertical,6.4000000000000004,167,true,3,1.1525759154220126e-11
7968,vertical,6.4000000000000004,168,true,4,1.0888269631979985e-11
7969,vertical,6.4000000000000004,169,true,4,2.0119490752201621e-11
7970,vertical,6.4000000000000004,170,true,4,8.698725810222643e-12
7971,vertical,6.4000000000000004,171,true,3,6.9046730015552114e-12
7972,vertical,6.4000000000000004,172,true,4,2.4954878167667622e-12
7973,vertical,6.4000000000000004,173,true,3,9.3637682980190248e-12
7974,vertical,6.4000000000000004,174,true,3,1.4918055949113762e-11
7975,vertical,6.4000000000000004,175,true,4,3.0342426806482189e-11
7976,vertical,6.4000000000000004,176,true,4,2.8113921443863797e-11
7977,vertical,6.4000000000000004,177,true,3,3.6563009828603103e-12
7978,vertical,6.4000000000000004,178,true,3,3.3840086730323315e-11
7979,vertical,6.4000000000000004,179,true,4,2.6637932665107564e-11
7980,vertical,6.4000000000000004,180,true,3,8.6796249193689768e-11
7981,vertical,6.4000000000000004,181,true,5,6.1781031807583018e-12
7982,vertical,6.4000000000000004,182,true,4,7.4515943520854114e-12
7983,vertical,6.4000000000000004,183,true,3,1.9118743291052829e-11
7984,vertical,6.4000000000000004,184,true,4,1.7554637352236493e-11
7985,vertical,6.4000000000000004,185,true,3,2.800050182566848e-12
7986,vertical,6.4000000000000004,186,true,3,2.1447445871227721e-11
7987,vertical,6.4000000000000004,187,true,3,5.3894631253785796e-11
7988,vertical,6.4000000000000004,188,true,5,1.7105403360417186e-12
7989,vertical,6.4000000000000004,189,true,3,1.8138172801301708e-11
7990,vertical,6.4000000000000004,190,true,3,3.0655622865666755e-11
7991,vertical,6.4000000000000004,191,true,3,5.7449197500439354e-11
7992,vertical,6.4000000000000004,192,true,3,1.9527067291221013e-12
7993,vertical,6.4000000000000004,193,true,3,9.1815832821263179e-11
7994,vertical,6.4000000000000004,194,true,3,3.4284309953110501e-11
7995,vertical,6.4000000000000004,195,true,4,8.0012181406938148e-11
7996,vertical,6.4000000000000004,196,true,3,9.1518330519787505e-12
7997,vertical,6.4000000000000004,197,true,4,5.5956130610746959e-12
7998,vertical,6.4000000000000004,198,true,4,9.8879553142644275e-12
7999,vertical,6.4000000000000004,199,true,4,1.0697576180878306e-11
8000,vertical,6.4000000000000004,200,true,4,2.3381577897018721e-12
8001,vertical,6.4000000000000004,201,true,4,2.6044403951702733e-12
8002,vertical,6.4000000000000004,202,true,3,5.9742890031860599e-11
8003,vertical,6.4000000000000004,203,true,3,4.5507917629396894e-11
8004,vertical,6.4000000000000004,204,true,3,7.9735557374375371e-12
8005,vertical,6.4000000000000004,205,true,3,4.5124197908429531e-11
8006,vertical,6.4000000000000004,206,true,3,4.0744657920729337e-11
8007,vertical,6.4000000000000004,207,true,4,8.7392824067162991e-12
8008,vertical,6.4000000000000004,208,true,5,1.3230472935034659e-11
8009,vertical,6.4000000000000004,209,true,4,9.5341810300516751e-12
8010,vertical,6.4000000000000004,210,true,4,2.35781347208739e-11
8011,vertical,6.4000000000000004,211,true,3,3.271791677032044e-13
8012,vertical,6.4000000000000004,212,true,3,2.3221718945377373e-12
8013,vertical,6.4000000000000004,213,true,4,9.4648870138887364e-12
8014,vertical,6.4000000000000004,214,true,5,1.8582785798346855e-11
8015,vertical,6.4000000000000004,215,true,3,5.3506921119703786e-11
8016,vertical,6.4000000000000004,216,true,3,1.0615328941235701e-11
8017,vertical,6.4000000000000004,217,true,4,9.2295452808723569e-11
8018,vertical,6.4000000000000004,218,true,3,1.9105075022127827e-11
8019,vertical,6.4000000000000004,219,true,4,2.0524929996906289e-11
8020,vertical,6.4000000000000004,220,true,3,8.9566319274004546e-12
8021,vertical,6.4000000000000004,221,true,4,1.9770516066241684e-11
8022,vertical,6.4000000000000004,222,true,5,5.6718958475622435e-12
8023,vertical,6.4000000000000004,223,true,4,2.681186019408372e-11
8024,vertical,6.4000000000000004,224,true,3,5.1810945981181467e-12
8025,vertical,6.4000000000000004,225,true,4,8.3731130980319659e-12
8026,vertical,6.4000000000000004,226,true,4,1.250399398228261e-12
8027,vertical,6.4000000000000004,227,true,4,2.405565794822909e-12
8028,vertical,6.4000000000000004,228,true,4,4.1612420252115972e-11
8029,vertical,6.4000000000000004,229,true,3,1.9554387601275467e-12
8030,vertical,6.4000000000000004,230,true,3,7.5633881315836569e-11
8031,vertical,6.4000000000000004,231,true,4,2.5119971886195967e-11
8032,vertical,6.4000000000000004,232,true,3,8.3842162886903194e-11
8033,vertical,6.4000000000000004,233,true,3,3.3132340620740585e-11
8034,vertical,6.4000000000000004,234,true,3,9.8670606371829367e-12
8035,vertical,6.4000000000000004,235,true,4,4.2067960876703451e-12
8036,vertical,6.4000000000000004,236,true,2,4.4635776692386761e-11
8037,vertical,6.4000000000000004,237,true,3,8.1180047722306618e-12
8038,vertical,6.4000000000000004,238,true,4,3.667813030018437e-11
8039,vertical,6.4000000000000004,239,true,3,2.2909284646200582e-11
8040,vertical,6.4000000000000004,240,true,4,1.3572198826411387e-11
8041,vertical,6.4000000000000004,241,true,3,2.6122747775827869e-11
8042,vertical,6.4000000000000004,242,true,3,1.4996156003900687e-11
8043,vertical,6.4000000000000004,243,true,3,3.6598140806426445e-11
8044,vertical,6.4000000000000004,244,true,3,2.9824354086594947e-11
8045,vertical,6.4000000000000004,245,true,4,6.7176411358409248e-12
8046,vertical,6.4000000000000004,246,true,3,3.8494602969719303e-12
8047,vertical,6.4000000000000004,247,true,3,8.5259349976995885e-11
8048,vertical,6.4000000000000004,248,true,3,6.206178216618839e-11
8049,vertical,6.4000000000000004,249,true,3,2.8772774208584719e-11
8050,vertical,6.4000000000000004,250,true,3,2.9107098646182859e-11
8051,vertical,6.4000000000000004,251,true,3,1.2930278996521266e-11
8052,vertical,6.4000000000000004,252,true,3,7.1108411456669479e-11
8053,vertical,6.4000000000000004,253,true,3,8.0776394295955388e-12
8054,vertical,6.4000000000000004,254,true,4,6.3439700177979921e-12
8055,vertical,6.4000000000000004,255,true,3,5.8570313464680862e-11
8056,vertical,6.4000000000000004,256,true,4,4.6654350392889367e-11
8057,vertical,6.4000000000000004,257,true,4,9.1562536049437492e-11
8058,vertical,6.4000000000000004,258,true,5,3.1071089504012095e-12
8059,vertical,6.4000000000000004,259,true,3,1.6326823864164922e-12
8060,vertical,6.4000000000000004,260,true,3,1.8409573280398892e-11
8061,vertical,6.4000000000000004,261,true,3,3.2226743440353381e-11
8062,vertical,6.4000000000000004,262,true,3,4.4124798158925205e-11
8063,vertical,6.4000000000000004,263,true,5,4.106423380789417e-12
8064,vertical,6.4000000000000004,264,true,3,3.2075264772447351e-11
8065,vertical,6.4000000000000004,265,true,3,9.9551729593715904e-12
8066,vertical,6.4000000000000004,266,true,4,3.0635419303783122e-12
8067,vertical,6.4000000000000004,267,true,3,2.5269935057579389e-13
8068,vertical,6.4000000000000004,268,true,3,3.7148421369951626e-11
8069,vertical,6.4000000000000004,269,true,3,7.0827252500078042e-11
8070,vertical,6.4000000000000004,270,true,4,6.7933152263113075e-11
8071,vertical,6.4000000000000004,271,true,3,6.7960251693426735e-11
8072,vertical,6.4000000000000004,272,true,5,2.1656992267980583e-12
8073,vertical,6.4000000000000004,273,true,4,1.2527221541951762e-11
8074,vertical,6.4000000000000004,274,true,3,3.3089125077951185e-11
8075,vertical,6.4000000000000004,275,true,3,3.7838045981845739e-12
8076,vertical,6.4000000000000004,276,true,3,2.1754478489509233e-11
8077,vertical,6.4000000000000004,277,true,3,4.03973805054056e-11
8078,vertical,6.4000000000000004,278,true,4,1.1285874142557693e-11
8079,vertical,6.4000000000000004,279,true,3,2.9945980079867187e-12
8080,vertical,6.4000000000000004,280,true,4,8.7429438167118321e-12
8081,vertical,6.4000000000000004,281,true,4,9.6208415235514308e-12
8082,vertical,6.4000000000000004,282,true,3,2.9556329621514858e-11
8083,vertical,6.4000000000000004,283,true,4,5.5953106227836694e-13
8084,vertical,6.4000000000000004,284,true,4,3.51768576659067e-12
8085,vertical,6.4000000000000004,285,true,3,6.026802985428817e-11
8086,vertical,6.4000000000000004,286,true,4,1.2372192606372944e-11
8087,vertical,6.4000000000000004,287,true,4,5.0435392641845995e-12
8088,vertical,6.4000000000000004,288,true,3,1.1853891304805705e-11
8089,vertical,6.4000000000000004,289,true,4,1.3354333122601025e-11
8090,vertical,6.4000000000000004,290,true,4,1.4178349913934323e-11
8091,vertical,6.4000000000000004,291,true,3,1.6651720858369351e-11
8092,vertical,6.4000000000000004,292,true,3,9.651507898824132e-12
8093,vertical,6.4000000000000004,293,true,3,5.0800297001683725e-11
8094,vertical,6.4000000000000004,294,true,3,8.044827770214386e-11
8095,vertical,6.4000000000000004,295,true,3,2.4941861650703277e-12
8096,vertical,6.4000000000000004,296,true,3,3.70730999451218e-12
8097,vertical,6.4000000000000004,297,true,3,6.0986047457821093e-12
8098,vertical,6.4000000000000004,298,true,4,1.834355553188406e-11
8099,vertical,6.4000000000000004,299,true,3,1.4587117159412103e-11
8100,vertical,6.4000000000000004,300,true,4,9.0959560280918142e-12
8101,vertical,6.4000000000000004,301,true,3,3.248568807550497e-11
8102,vertical,6.4000000000000004,302,true,5,2.0560596367691179e-12
8103,vertical,6.4000000000000004,303,true,4,3.5898573350601986e-11
8104,vertical,6.4000000000000004,304,true,3,6.6982367795494374e-11
8105,vertical,6.4000000000000004,305,true,4,7.8865137670886838e-11
8106,vertical,6.4000000000000004,306,true,3,2.2090542161173652e-11
8107,vertical,6.4000000000000004,307,true,3,3.9253471063724276e-11
8108,vertical,6.4000000000000004,308,true,3,2.3898719355639638e-11
8109,vertical,6.4000000000000004,309,true,3,3.4431708536063535e-11
8110,vertical,6.4000000000000004,310,true,4,3.2700888223262655e-11
8111,vertical,6.4000000000000004,311,true,4,1.8783493124158587e-11
8112,vertical,6.4000000000000004,312,true,3,1.6842076931168547e-11
8113,vertical,6.4000000000000004,313,true,4,2.5036687185292181e-11
8114,vertical,6.4000000000000004,314,true,3,1.580689410060279e-11
8115,vertical,6.4000000000000004,315,true,4,4.6794448932928522e-11
8116,vertical,6.4000000000000004,316,true,3,8.6662192758885027e-11
8117,vertical,6.4000000000000004,317,true,3,6.6691576165752855e-12
8118,vertical,6.4000000000000004,318,true,5,1.0429355974488992e-11
8119,vertical,6.4000000000000004,319,true,4,4.1989377346816058e-11
8120,vertical,6.4000000000000004,320,true,4,2.2486390900863275e-11
8121,vertical,6.4000000000000004,321,true,3,2.0972451360588708e-11
8122,vertical,6.4000000000000004,322,true,4,1.3353850532573297e-11
8123,vertical,6.4000000000000004,323,true,4,6.4532164089810947e-12
8124,vertical,6.4000000000000004,324,true,3,3.7418882316853407e-11
8125,vertical,6.4000000000000004,325,true,3,9.7800947570017797e-11
8126,vertical,6.4000000000000004,326,true,4,1.001939024862463e-11
8127,vertical,6.4000000000000004,327,true,3,6.947094654628791e-11
8128,vertical,6.4000000000000004,328,true,3,7.2504034185808144e-11
8129,vertical,6.4000000000000004,329,true,3,7.0361722034789984e-12
8130,vertical,6.4000000000000004,330,true,4,2.9848210863958962e-11
8131,vertical,6.4000000000000004,331,true,3,5.2178515219347141e-13
8132,vertical,6.4000000000000004,332,true,5,2.3158681161473382e-12
8133,vertical,6.4000000000000004,333,true,4,1.6885705878835405e-12
8134,vertical,6.4000000000000004,334,true,3,8.115969661853472e-11
8135,vertical,6.4000000000000004,335,true,3,7.7328657828220714e-12
8136,vertical,6.4000000000000004,336,true,4,6.5974102364017937e-11
8137,vertical,6.4000000000000004,337,true,3,8.5241992081960164e-11
8138,vertical,6.4000000000000004,338,true,4,4.3107874494719896e-12
8139,vertical,6.4000000000000004,339,true,4,8.7209817165461306e-12
8140,vertical,6.4000000000000004,340,true,4,1.7456209147184136e-11
8141,vertical,6.4000000000000004,341,true,4,1.7393757567563865e-11
8142,vertical,6.4000000000000004,342,true,5,4.7938308541591417e-12
8143,vertical,6.4000000000000004,343,true,4,5.6352839715985025e-12
8144,vertical,6.4000000000000004,344,true,3,9.5778450547957552e-11
8145,vertical,6.4000000000000004,345,true,3,2.5535270609029429e-11
8146,vertical,6.4000000000000004,346,true,4,2.5818305642694248e-11
8147,vertical,6.4000000000000004,347,true,3,2.6624748894985536e-12
8148,vertical,6.4000000000000004,348,true,3,2.0510388499940333e-11
8149,vertical,6.4000000000000004,349,true,3,1.3414562101562191e-11
8150,vertical,6.4000000000000004,350,true,4,1.2261845438806736e-11
8151,vertical,6.4000000000000004,351,true,4,5.6260324570277909e-12
8152,vertical,6.4000000000000004,352,true,3,1.0292426567605516e-11
8153,vertical,6.4000000000000004,353,true,4,3.356248791309874e-12
8154,vertical,6.4000000000000004,354,true,3,8.6370027431725689e-11
8155,vertical,6.4000000000000004,355,true,3,4.2065103236012853e-11
8156,vertical,6.4000000000000004,356,true,3,5.6622553214771663e-11
8157,vertical,6.4000000000000004,357,true,4,3.2158906513521308e-11
8158,vertical,6.4000000000000004,358,true,3,3.5194792627942643e-11
8159,vertical,6.4000000000000004,359,true,4,2.315998645950399e-11
8160,vertical,6.4000000000000004,360,true,3,1.7185463387716464e-11
8161,vertical,6.4000000000000004,361,true,3,6.0258628381675291e-11
8162,vertical,6.4000000000000004,362,true,3,9.725357828448694e-11
8163,vertical,6.4000000000000004,363,true,4,3.2831056896742735e-11
8164,vertical,6.4000000000000004,364,true,3,2.2635463188426183e-11
8165,vertical,6.4000000000000004,365,true,3,6.8794254453350515e-11
8166,vertical,6.4000000000000004,366,true,4,8.8685733166180732e-11
8167,vertical,6.4000000000000004,367,true,4,8.713518972719684e-12
8168,vertical,6.4000000000000004,368,true,4,7.2081529923582731e-12
8169,vertical,6.4000000000000004,369,true,4,6.0592801295864064e-12
8170,vertical,6.4000000000000004,370,true,3,3.6322846690618301e-11
8171,vertical,6.4000000000000004,371,true,3,6.2695861281374722e-11
8172,vertical,6.4000000000000004,372,true,3,3.7459751293405678e-11
8173,vertical,6.4000000000000004,373,true,3,1.1112787255493281e-11
8174,vertical,6.4000000000000004,374,true,4,5.2759140425932037e-12
8175,vertical,6.4000000000000004,375,true,4,3.0057687284242187e-11
8176,vertical,6.4000000000000004,376,true,4,8.8451047430986757e-12
8177,vertical,6.4000000000000004,377,true,3,5.5668451211535329e-11
8178,vertical,6.4000000000000004,378,true,4,3.3139198597169495e-11
8179,vertical,6.4000000000000004,379,true,3,5.1777726588030361e-11
8180,vertical,6.4000000000000004,380,true,3,6.0346820443160776e-11
8181,vertical,6.4000000000000004,381,true,3,1.1949789334905478e-11
8182,vertical,6.4000000000000004,382,true,4,7.9026141722382179e-11
8183,vertical,6.4000000000000004,383,true,4,2.4370038775169665e-11
8184,vertical,6.4000000000000004,384,true,3,3.1618257228004211e-11
8185,vertical,6.4000000000000004,385,true,4,4.6639556100450137e-12
8186,vertical,6.4000000000000004,386,true,3,5.0075859510583783e-11
8187,vertical,6.4000000000000004,387,true,3,1.5957816288066955e-11
8188,vertical,6.4000000000000004,388,true,4,7.7940472816740616e-11
8189,vertical,6.4000000000000004,389,true,3,3.70402882246616e-12
8190,vertical,6.4000000000000004,390,true,3,4.7652768737321113e-12
8191,vertical,6.4000000000000004,391,true,3,9.2968815781210565e-11
8192,vertical,6.4000000000000004,392,true,3,1.4470855867650452e-11
8193,vertical,6.4000000000000004,393,true,4,2.4332293489367525e-11
8194,vertical,6.4000000000000004,394,true,5,1.6860172575241616e-12
8195,vertical,6.4000000000000004,395,true,3,2.5630839153918414e-11
8196,vertical,6.4000000000000004,396,true,3,1.5812563432011901e-11
8197,vertical,6.4000000000000004,397,true,3,6.9273797401443007e-12
8198,vertical,6.4000000000000004,398,true,3,3.2606631325332261e-12
8199,vertical,6.4000000000000004,399,true,3,9.8516398811291605e-12
8200,vertical,6.4000000000000004,400,true,4,4.5468384006030505e-12
8201,vertical,6.4000000000000004,401,true,4,8.2109591806912197e-11
8202,vertical,6.4000000000000004,402,true,3,1.0196265406683587e-11
8203,vertical,6.4000000000000004,403,true,3,3.0576667473876962e-11
8204,vertical,6.4000000000000004,404,true,4,1.0290777366180099e-11
8205,vertical,6.4000000000000004,405,true,4,2.4531450563229576e-12
8206,vertical,6.4000000000000004,406,true,4,4.3083722528459713e-12
8207,vertical,6.4000000000000004,407,true,3,3.8219060087877483e-11
8208,vertical,6.4000000000000004,408,true,4,8.175857886410654e-11
8209,vertical,6.4000000000000004,409,true,3,1.8410569630053384e-12
8210,vertical,6.4000000000000004,410,true,4,3.1599665105566812e-11
8211,vertical,6.4000000000000004,411,true,5,1.0904415486000279e-12
8212,vertical,6.4000000000000004,412,true,3,1.7385049185506803e-11
8213,vertical,6.4000000000000004,413,true,3,3.098806216010168e-11
8214,vertical,6.4000000000000004,414,true,3,5.4566350580051052e-11
8215,vertical,6.4000000000000004,415,true,4,3.9734703796727516e-12
8216,vertical,6.4000000000000004,416,true,4,2.7272600162389855e-12
8217,vertical,6.4000000000000004,417,true,4,1.4711002383618848e-11
8218,vertical,6.4000000000000004,418,true,4,8.541346057377692e-11
8219,vertical,6.4000000000000004,419,true,4,2.9767643568931893e-12
8220,vertical,6.4000000000000004,420,true,3,3.1816219883888549e-11
8221,vertical,6.4000000000000004,421,true,3,2.1869148846169016e-11
8222,vertical,6.4000000000000004,422,true,3,1.0988681521673596e-11
8223,vertical,6.4000000000000004,423,true,4,1.345543747193399e-11
8224,vertical,6.4000000000000004,424,true,3,9.7647560364652599e-12
8225,vertical,6.4000000000000004,425,true,3,8.316521585563545e-12
8226,vertical,6.4000000000000004,426,true,4,3.9795271932224322e-11
8227,vertical,6.4000000000000004,427,true,3,1.4314676846596811e-11
8228,vertical,6.4000000000000004,428,true,3,7.9437874016596678e-12
8229,vertical,6.4000000000000004,429,true,5,1.6002229846377179e-12
8230,vertical,6.4000000000000004,430,true,4,2.975148618769293e-12
8231,vertical,6.4000000000000004,431,true,3,1.5967751551197726e-12
8232,vertical,6.4000000000000004,432,true,3,9.0006294874649484e-11
8233,vertical,6.4000000000000004,433,true,4,2.9435243618689737e-11
8234,vertical,6.4000000000000004,434,true,3,6.0898563547145882e-12
8235,vertical,6.4000000000000004,435,true,3,7.7346222346244666e-12
8236,vertical,6.4000000000000004,436,true,3,1.0470484525928319e-11
8237,vertical,6.4000000000000004,437,true,3,1.5938941824606467e-11
8238,vertical,6.4000000000000004,438,true,3,5.4874044100641994e-12
8239,vertical,6.4000000000000004,439,true,3,3.9556494633643558e-11
8240,vertical,6.4000000000000004,440,true,3,1.3124359627644921e-11
8241,vertical,6.4000000000000004,441,true,4,2.3937613952272644e-11
8242,vertical,6.4000000000000004,442,true,4,5.425932934741712e-11
8243,vertical,6.4000000000000004,443,true,3,3.0065908976024414e-12
8244,vertical,6.4000000000000004,444,true,4,6.6634420157523171e-12
8245,vertical,6.4000000000000004,445,true,3,1.9354365062341584e-11
8246,vertical,6.4000000000000004,446,true,4,1.2303645612082554e-11
8247,vertical,6.4000000000000004,447,true,5,2.7961219773851835e-11
8248,vertical,6.4000000000000004,448,true,3,1.1908126764107713e-11
8249,vertical,6.4000000000000004,449,true,4,7.2872375077084791e-11
8250,vertical,6.4000000000000004,450,true,3,2.0726732915789392e-11
8251,vertical,6.4000000000000004,451,true,3,2.4177560874117317e-11
8252,vertical,6.4000000000000004,452,true,3,1.1078190765970421e-11
8253,vertical,6.4000000000000004,453,true,4,6.835919086625216e-11
8254,vertical,6.4000000000000004,454,true,4,9.3802557315653428e-12
8255,vertical,6.4000000000000004,455,true,3,9.1794464347958299e-11
8256,vertical,6.4000000000000004,456,true,3,2.8973149662982608e-11
8257,vertical,6.4000000000000004,457,true,5,1.0600329212487941e-11
8258,vertical,6.4000000000000004,458,true,5,4.1646185340689655e-12
8259,vertical,6.4000000000000004,459,true,4,8.646702448249029e-11
8260,vertical,6.4000000000000004,460,true,3,1.939089705434663e-11
8261,vertical,6.4000000000000004,461,true,3,2.084639701459975e-11
8262,vertical,6.4000000000000004,462,true,3,4.1104610193348238e-11
8263,vertical,6.4000000000000004,463,true,4,1.6341530868951967e-11
8264,vertical,6.4000000000000004,464,true,3,7.4713878583438645e-11
8265,vertical,6.4000000000000004,465,true,3,1.1590192215572763e-12
8266,vertical,6.4000000000000004,466,true,3,2.3984619761573449e-11
8267,vertical,6.4000000000000004,467,true,4,2.4261621228249346e-11
8268,vertical,6.4000000000000004,468,true,4,2.9279735477988588e-12
8269,vertical,6.4000000000000004,469,true,3,1.302769234111235e-12
8270,vertical,6.4000000000000004,470,true,4,2.8742585322319202e-11
8271,vertical,6.4000000000000004,471,true,3,3.8086910934142285e-11
8272,vertical,6.4000000000000004,472,true,4,2.1995755177170177e-11
8273,vertical,6.4000000000000004,473,true,5,2.7392955343261784e-12
8274,vertical,6.4000000000000004,474,true,5,2.5469571831134029e-12
8275,vertical,6.4000000000000004,475,true,5,6.4437735848726298e-12
8276,vertical,6.4000000000000004,476,true,3,5.5267840039974861e-11
8277,vertical,6.4000000000000004,477,true,3,6.6334459123557756e-12
8278,vertical,6.4000000000000004,478,true,3,2.1034323808046334e-11
8279,vertical,6.4000000000000004,479,true,4,1.3734951392974762e-11
8280,vertical,6.4000000000000004,480,true,3,4.100118634287149e-12
8281,vertical,6.4000000000000004,481,true,4,3.6158414338367435e-11
8282,vertical,6.4000000000000004,482,true,5,2.3949291779391049e-12
8283,vertical,6.4000000000000004,483,true,3,9.5454914052446599e-12
8284,vertical,6.4000000000000004,484,true,3,3.0608928082708413e-11
8285,vertical,6.4000000000000004,485,true,3,1.1222763743216733e-11
8286,vertical,6.4000000000000004,486,true,3,1.7340645742333417e-11
8287,vertical,6.4000000000000004,487,true,3,8.3489209632351961e-11
8288,vertical,6.4000000000000004,488,true,3,7.4100025075442274e-11
8289,vertical,6.4000000000000004,489,true,3,1.7082822177402895e-12
8290,vertical,6.4000000000000004,490,true,3,7.1163590571071608e-11
8291,vertical,6.4000000000000004,491,true,4,3.3378677945476706e-12
8292,vertical,6.4000000000000004,492,true,4,3.749887526366725e-12
8293,vertical,6.4000000000000004,493,true,4,1.3601990776791789e-11
8294,vertical,6.4000000000000004,494,true,3,2.1055651544816752e-11
8295,vertical,6.4000000000000004,495,true,3,1.5206107816733189e-11
8296,vertical,6.4000000000000004,496,true,3,3.9201271333402288e-11
8297,vertical,6.4000000000000004,497,true,4,7.8746347641374824e-13
8298,vertical,6.4000000000000004,498,true,3,2.7529638014730573e-11
8299,vertical,6.4000000000000004,499,true,3,1.3342466173424535e-11
8300,vertical,6.4000000000000004,500,true,3,1.2112047527404581e-12
8301,vertical,6.4000000000000004,501,true,3,3.0121484342314187e-11
8302,vertical,6.4000000000000004,502,true,5,3.9229144888000489e-12
8303,vertical,6.4000000000000004,503,true,3,1.4033387338268279e-11
8304,vertical,6.4000000000000004,504,true,5,2.0158221478151763e-12
8305,vertical,6.4000000000000004,505,true,4,2.5202661077197686e-11
8306,vertical,6.4000000000000004,506,true,3,1.6011425709889824e-11
8307,vertical,6.4000000000000004,507,true,4,1.0525024764895441e-11
8308,vertical,6.4000000000000004,508,true,4,1.2498058057726953e-11
8309,vertical,6.4000000000000004,509,true,4,1.7212628850789012e-12
8310,vertical,6.4000000000000004,510,true,3,3.4180125613383033e-11
8311,vertical,6.4000000000000004,511,true,5,8.618603651450589e-11
8312,vertical,6.4000000000000004,512,true,4,3.9697468804335023e-11
8313,vertical,6.4000000000000004,513,true,3,1.1983800065881032e-11
8314,vertical,6.4000000000000004,514,true,3,7.3929112758234813e-11
8315,vertical,6.4000000000000004,515,true,5,1.8726837429494669e-12
8316,vertical,6.4000000000000004,516,true,3,4.8198302509947788e-11
8317,vertical,6.4000000000000004,517,true,4,3.6330887395093424e-12
8318,vertical,6.4000000000000004,518,true,4,1.7404733557888195e-11
8319,vertical,6.4000000000000004,519,true,3,1.069016576819068e-11
8320,vertical,6.4000000000000004,520,true,3,5.4105841126360664e-11
8321,vertical,6.4000000000000004,521,true,3,1.8268041780972367e-13
8322,vertical,6.4000000000000004,522,true,3,3.9817338667104865e-11
8323,vertical,6.4000000000000004,523,true,4,5.7054398356286495e-11
8324,vertical,6.4000000000000004,524,true,4,6.412522081050658e-12
8325,vertical,6.4000000000000004,525,true,3,3.0440929044599093e-12
8326,vertical,6.4000000000000004,526,true,5,1.4335505156125544e-12
8327,vertical,6.4000000000000004,527,true,4,1.897798287260942e-11
8328,vertical,6.4000000000000004,528,true,4,9.2069271497875239e-11
8329,vertical,6.4000000000000004,529,true,3,1.5229418113927064e-11
8330,vertical,6.4000000000000004,530,true,4,1.3794800479327238e-11
8331,vertical,6.4000000000000004,531,true,3,4.0932791592078877e-11
8332,vertical,6.4000000000000004,532,true,4,2.381712442594405e-11
8333,vertical,6.4000000000000004,533,true,3,9.2160718507744782e-11
8334,vertical,6.4000000000000004,534,true,4,1.5250923002618481e-11
8335,vertical,6.4000000000000004,535,true,3,3.7339243451957198e-11
8336,vertical,6.4000000000000004,536,true,4,3.302155030631287e-12
8337,vertical,6.4000000000000004,537,true,3,1.6112562109566091e-11
8338,vertical,6.4000000000000004,538,true,4,1.324633639625744e-11
8339,vertical,6.4000000000000004,539,true,3,2.0011232770658254e-11
8340,vertical,6.4000000000000004,540,true,3,1.1411830207504146e-11
8341,vertical,6.4000000000000004,541,true,4,1.4720926106478523e-12
8342,vertical,6.4000000000000004,542,true,4,9.500389462688477e-12
8343,vertical,6.4000000000000004,543,true,3,4.4471227798246746e-11
8344,vertical,6.4000000000000004,544,true,3,1.8249160524483578e-11
8345,vertical,6.4000000000000004,545,true,4,2.7455864131218034e-11
8346,vertical,6.4000000000000004,546,true,3,4.4808448299127193e-11
8347,vertical,6.4000000000000004,547,true,5,1.0594642447650977e-12
8348,vertical,6.4000000000000004,548,true,3,4.7637364839262581e-11
8349,vertical,6.4000000000000004,549,true,4,3.6596161228814186e-11
8350,vertical,6.4000000000000004,550,true,3,9.6714828691625772e-11
8351,vertical,6.4000000000000004,551,true,3,2.0226910160307093e-11
8352,vertical,6.4000000000000004,552,true,3,1.0269218724216989e-11
8353,vertical,6.4000000000000004,553,true,4,1.9034871899671408e-11
8354,vertical,6.4000000000000004,554,true,3,1.6890214926340328e-12
8355,vertical,6.4000000000000004,555,true,5,9.3309023300783165e-13
8356,vertical,6.4000000000000004,556,true,3,1.3111738552999681e-11
8357,vertical,6.4000000000000004,557,true,4,4.3157083932975052e-12
8358,vertical,6.4000000000000004,558,true,4,2.1312497450737575e-12
8359,vertical,6.4000000000000004,559,true,3,4.9849176727146054e-12
8360,vertical,6.4000000000000004,560,true,4,9.5720156345853658e-12
8361,vertical,6.4000000000000004,561,true,3,2.4969673068684397e-11
8362,vertical,6.4000000000000004,562,true,3,3.3771917020864272e-11
8363,vertical,6.4000000000000004,563,true,4,8.5792345743926921e-12
8364,vertical,6.4000000000000004,564,true,3,1.6616978116935056e-11
8365,vertical,6.4000000000000004,565,true,3,5.2287313200612701e-12
8366,vertical,6.4000000000000004,566,true,4,2.3243584476350344e-11
8367,vertical,6.4000000000000004,567,true,3,9.801898459611745e-11
8368,vertical,6.4000000000000004,568,true,4,5.7060596602829324e-12
8369,vertical,6.4000000000000004,569,true,3,3.1809403052491792e-11
8370,vertical,6.4000000000000004,570,true,3,2.6742526871158355e-11
8371,vertical,6.4000000000000004,571,true,3,2.8738934104878331e-11
8372,vertical,6.4000000000000004,572,true,3,2.0495522290345707e-11
8373,vertical,6.4000000000000004,573,true,3,2.1110662029895818e-12
8374,vertical,6.4000000000000004,574,true,4,1.0842659148351608e-11
8375,vertical,6.4000000000000004,575,true,4,2.6551775076033288e-12
8376,vertical,6.4000000000000004,576,true,3,4.8078943194251865e-11
8377,vertical,6.4000000000000004,577,true,5,1.4546172310738979e-12
8378,vertical,6.4000000000000004,578,true,5,1.8822062250557722e-12
8379,vertical,6.4000000000000004,579,true,3,2.2086783386912144e-11
8380,vertical,6.4000000000000004,580,true,3,1.2068295516265831e-11
8381,vertical,6.4000000000000004,581,true,4,5.0278352178607675e-12
8382,vertical,6.4000000000000004,582,true,4,5.141979311157621e-12
8383,vertical,6.4000000000000004,583,true,3,9.7800483872346356e-11
8384,vertical,6.4000000000000004,584,true,3,3.7380984510869241e-12
8385,vertical,6.4000000000000004,585,true,3,8.6027736961616201e-11
8386,vertical,6.4000000000000004,586,true,3,2.416658808296175e-11
8387,vertical,6.4000000000000004,587,true,3,5.8664980702221992e-11
8388,vertical,6.4000000000000004,588,true,5,2.219727892234936e-12
8389,vertical,6.4000000000000004,589,true,4,6.4380029765935668e-11
8390,vertical,6.4000000000000004,590,true,3,3.3038531782712321e-11
8391,vertical,6.4000000000000004,591,true,3,2.9550068153480605e-12
8392,vertical,6.4000000000000004,592,true,3,2.5146810898301743e-11
8393,vertical,6.4000000000000004,593,true,3,4.8155884481644097e-11
8394,vertical,6.4000000000000004,594,true,4,7.7724761562043884e-12
8395,vertical,6.4000000000000004,595,true,4,2.2003108745248854e-11
8396,vertical,6.4000000000000004,596,true,5,1.1106356693447577e-12
8397,vertical,6.4000000000000004,597,true,4,2.0374382958918181e-11
8398,vertical,6.4000000000000004,598,true,4,2.2316450355741562e-11
8399,vertical,6.4000000000000004,599,true,3,4.5553558316278135e-11
8400,vertical,6.4000000000000004,600,true,5,6.5513246800538335e-12
8401,vertical,9.0500000000000007,1,true,3,3.0040952636279716e-11
8402,vertical,9.0500000000000007,2,true,5,2.0443419963553914e-12
8403,vertical,9.0500000000000007,3,true,3,2.1451294094824798e-11
8404,vertical,9.0500000000000007,4,true,5,9.3638221597726308e-13
8405,vertical,9.0500000000000007,5,true,4,6.2647039227593396e-11
8406,vertical,9.0500000000000007,6,true,3,3.6136233730731703e-11
8407,vertical,9.0500000000000007,7,true,4,7.3477178948887755e-11
8408,vertical,9.0500000000000007,8,true,3,1.4550203363697523e-11
8409,vertical,9.0500000000000007,9,true,4,3.3294782623918151e-11
8410,vertical,9.0500000000000007,10,true,4,9.4889631938229385e-12
8411,vertical,9.0500000000000007,11,true,4,3.5641804660839018e-11
8412,vertical,9.0500000000000007,12,true,4,2.0744581089775724e-11
8413,vertical,9.0500000000000007,13,true,4,4.5558540953073449e-11
8414,vertical,9.0500000000000007,14,true,5,4.933066173433712e-12
8415,vertical,9.0500000000000007,15,true,5,3.8465553537766169e-12
8416,vertical,9.0500000000000007,16,true,4,9.1484997919671686e-12
8417,vertical,9.0500000000000007,17,true,3,6.6032611974437637e-11
8418,vertical,9.0500000000000007,18,true,4,5.3350402175369883e-12
8419,vertical,9.0500000000000007,19,true,5,2.1232296152632447e-12
8420,vertical,9.0500000000000007,20,true,3,2.5526693827386686e-11
8421,vertical,9.0500000000000007,21,true,4,6.1152439024948112e-11
8422,vertical,9.0500000000000007,22,true,4,4.2729130422416478e-11
8423,vertical,9.0500000000000007,23,true,5,2.5810788541646656e-12
8424,vertical,9.0500000000000007,24,true,3,6.1326067902184194e-12
8425,vertical,9.0500000000000007,25,true,5,1.1951571010605312e-12
8426,vertical,9.0500000000000007,26,true,4,2.7663477591568576e-11
8427,vertical,9.0500000000000007,27,true,3,1.8021314822908075e-11
8428,vertical,9.0500000000000007,28,true,4,1.215914474702244e-12
8429,vertical,9.0500000000000007,29,true,5,6.1258323303643807e-12
8430,vertical,9.0500000000000007,30,true,5,2.7357589309005683e-12
8431,vertical,9.0500000000000007,31,true,5,2.6887351150962159e-12
8432,vertical,9.0500000000000007,32,true,5,2.7313631324999371e-12
8433,vertical,9.0500000000000007,33,true,4,2.6897968368140781e-12
8434,vertical,9.0500000000000007,34,true,3,5.6034482871260475e-11
8435,vertical,9.0500000000000007,35,true,3,1.3121476745629577e-11
8436,vertical,9.0500000000000007,36,true,5,6.4969471136861423e-12
8437,vertical,9.0500000000000007,37,true,5,9.4661607995765701e-12
8438,vertical,9.0500000000000007,38,true,5,3.1236469219570555e-12
8439,vertical,9.0500000000000007,39,true,4,7.2857634495235991e-12
8440,vertical,9.0500000000000007,40,true,4,6.3568794924957182e-11
8441,vertical,9.0500000000000007,41,true,4,4.81927303995887e-11
8442,vertical,9.0500000000000007,42,true,3,4.9102317625256652e-11
8443,vertical,9.0500000000000007,43,true,4,9.9237053964841273e-11
8444,vertical,9.0500000000000007,44,true,4,6.0008834144474377e-11
8445,vertical,9.0500000000000007,45,true,4,2.1663344082205216e-11
8446,vertical,9.0500000000000007,46,true,4,7.3075920100533649e-11
8447,vertical,9.0500000000000007,47,true,4,3.493802094068627e-11
8448,vertical,9.0500000000000007,48,true,5,2.5730919423656624e-11
8449,vertical,9.0500000000000007,49,true,4,1.791859616963563e-11
8450,vertical,9.0500000000000007,50,true,4,1.2943131540740901e-12
8451,vertical,9.0500000000000007,51,true,4,3.3385689931057249e-11
8452,vertical,9.0500000000000007,52,true,5,1.5850351910211857e-11
8453,vertical,9.0500000000000007,53,true,4,2.0362970123243953e-11
8454,vertical,9.0500000000000007,54,true,5,3.1807693417565014e-12
8455,vertical,9.0500000000000007,55,true,3,3.6135003173662289e-12
8456,vertical,9.0500000000000007,56,true,4,5.3033695017923109e-12
8457,vertical,9.0500000000000007,57,true,4,6.033340734895099e-12
8458,vertical,9.0500000000000007,58,true,5,5.804482982396846e-11
8459,vertical,9.0500000000000007,59,true,4,1.8399923881916453e-12
8460,vertical,9.0500000000000007,60,true,6,4.9234205832374097e-11
8461,vertical,9.0500000000000007,61,true,3,2.9436855030024793e-11
8462,vertical,9.0500000000000007,62,true,4,4.3010624886286917e-12
8463,vertical,9.0500000000000007,63,true,3,7.6158450192285913e-12
8464,vertical,9.0500000000000007,64,true,3,4.4952602277669675e-11
8465,vertical,9.0500000000000007,65,true,3,5.9658545063247662e-11
8466,vertical,9.0500000000000007,66,true,4,9.3284964359243192e-11
8467,vertical,9.0500000000000007,67,true,3,3.1732231521980446e-11
8468,vertical,9.0500000000000007,68,true,3,9.7364105965432709e-11
8469,vertical,9.0500000000000007,69,true,4,1.9599054235867016e-11
8470,vertical,9.0500000000000007,70,true,4,1.0236182420764941e-11
8471,vertical,9.0500000000000007,71,true,4,5.4216591777118108e-11
8472,vertical,9.0500000000000007,72,true,5,6.5562127222918235e-12
8473,vertical,9.0500000000000007,73,true,4,1.8513683597354649e-12
8474,vertical,9.0500000000000007,74,true,5,1.0927758948374123e-11
8475,vertical,9.0500000000000007,75,true,4,7.6831038916830007e-11
8476,vertical,9.0500000000000007,76,true,3,1.2893398521905875e-12
8477,vertical,9.0500000000000007,77,true,3,9.783929412722121e-12
8478,vertical,9.0500000000000007,78,true,5,1.250243305626575e-11
8479,vertical,9.0500000000000007,79,true,3,2.7071634127050189e-11
8480,vertical,9.0500000000000007,80,true,5,2.06255293091681e-12
8481,vertical,9.0500000000000007,81,true,3,3.3296870144326273e-11
8482,vertical,9.0500000000000007,82,true,4,1.4454002054716473e-11
8483,vertical,9.0500000000000007,83,true,3,6.9097416423038086e-11
8484,vertical,9.0500000000000007,84,true,5,1.8442764402591089e-12
8485,vertical,9.0500000000000007,85,true,5,1.4052235716052373e-11
8486,vertical,9.0500000000000007,86,true,5,3.6085663759847139e-12
8487,vertical,9.0500000000000007,87,true,5,2.1312449698743856e-12
8488,vertical,9.0500000000000007,88,true,4,5.9549377796113673e-11
8489,vertical,9.0500000000000007,89,true,5,9.9789487751601924e-12
8490,vertical,9.0500000000000007,90,true,4,3.0005403702128867e-11
8491,vertical,9.0500000000000007,91,true,4,1.3548733150433979e-11
8492,vertical,9.0500000000000007,92,true,4,4.0011218674763309e-11
8493,vertical,9.0500000000000007,93,true,5,5.2478414043498952e-11
8494,vertical,9.0500000000000007,94,true,4,2.4600616989575814e-11
8495,vertical,9.0500000000000007,95,true,3,8.8102113266483365e-11
8496,vertical,9.0500000000000007,96,true,4,4.1285205783122939e-12
8497,vertical,9.0500000000000007,97,true,3,8.9578555350301181e-11
8498,vertical,9.0500000000000007,98,true,5,1.5127986728847651e-11
8499,vertical,9.0500000000000007,99,true,3,5.3866882348414504e-11
8500,vertical,9.0500000000000007,100,true,5,3.1622796091362744e-12
8501,vertical,9.0500000000000007,101,true,4,2.3936932334435648e-11
8502,vertical,9.0500000000000007,102,true,5,1.0187571138266403e-12
8503,vertical,9.0500000000000007,103,true,5,3.9405577446789857e-12
8504,vertical,9.0500000000000007,104,true,4,2.3730862993103125e-11
8505,vertical,9.0500000000000007,105,true,4,2.2099324337553846e-11
8506,vertical,9.0500000000000007,106,true,4,2.193260671081321e-11
8507,vertical,9.0500000000000007,107,true,4,2.526481614180123e-11
8508,vertical,9.0500000000000007,108,true,4,5.424337130791183e-11
8509,vertical,9.0500000000000007,109,true,4,8.2955863927417209e-11
8510,vertical,9.0500000000000007,110,true,4,4.1225014285072505e-12
8511,vertical,9.0500000000000007,111,true,5,6.6836294947102676e-12
8512,vertical,9.0500000000000007,112,true,5,2.4951960772378215e-12
8513,vertical,9.0500000000000007,113,true,3,7.1910577907393755e-11
8514,vertical,9.0500000000000007,114,true,4,4.9946966384837695e-11
8515,vertical,9.0500000000000007,115,true,3,7.1195927067793905e-11
8516,vertical,9.0500000000000007,116,true,3,7.3524293704568702e-11
8517,vertical,9.0500000000000007,117,true,5,8.1326588607439957e-12
8518,vertical,9.0500000000000007,118,true,4,1.6918863741276805e-11
8519,vertical,9.0500000000000007,119,true,5,3.6119989077711087e-12
8520,vertical,9.0500000000000007,120,true,4,1.2863394890749001e-11
8521,vertical,9.0500000000000007,121,true,4,6.819691128224363e-11
8522,vertical,9.0500000000000007,122,true,5,1.9637380154378753e-11
8523,vertical,9.0500000000000007,123,true,5,4.5072191382662518e-11
8524,vertical,9.0500000000000007,124,true,5,9.3065187964515102e-13
8525,vertical,9.0500000000000007,125,true,3,3.361001650495436e-11
8526,vertical,9.0500000000000007,126,true,5,3.3544232394374295e-12
8527,vertical,9.0500000000000007,127,true,3,2.6803701703728964e-11
8528,vertical,9.0500000000000007,128,true,4,5.4359490811996824e-11
8529,vertical,9.0500000000000007,129,true,4,4.6960911736204498e-11
8530,vertical,9.0500000000000007,130,true,3,1.0250427598871094e-11
8531,vertical,9.0500000000000007,131,true,4,1.2985123562556139e-11
8532,vertical,9.0500000000000007,132,true,4,9.5907717380160566e-12
8533,vertical,9.0500000000000007,133,true,4,1.7026410925471005e-11
8534,vertical,9.0500000000000007,134,true,4,4.5079010700690827e-11
8535,vertical,9.0500000000000007,135,true,5,1.2015529295710762e-11
8536,vertical,9.0500000000000007,136,true,4,5.4760220673936271e-11
8537,vertical,9.0500000000000007,137,true,3,4.2991962209797838e-11
8538,vertical,9.0500000000000007,138,true,4,3.8946860815135029e-11
8539,vertical,9.0500000000000007,139,true,5,3.540458592854662e-11
8540,vertical,9.0500000000000007,140,true,4,2.8569827714584001e-11
8541,vertical,9.0500000000000007,141,true,5,3.4078487571974556e-12
8542,vertical,9.0500000000000007,142,true,3,5.8187487669327182e-11
8543,vertical,9.0500000000000007,143,true,4,6.0352938492487569e-12
8544,vertical,9.0500000000000007,144,true,4,6.7995184995110384e-11
8545,vertical,9.0500000000000007,145,true,4,1.0094925222748191e-11
8546,vertical,9.0500000000000007,146,true,5,3.0273787460796163e-12
8547,vertical,9.0500000000000007,147,true,4,9.1998428042404706e-11
8548,vertical,9.0500000000000007,148,true,4,4.6155366842849164e-11
8549,vertical,9.0500000000000007,149,true,4,4.1740958344859249e-11
8550,vertical,9.0500000000000007,150,true,5,1.6450202828098937e-11
8551,vertical,9.0500000000000007,151,true,4,3.5039824241756543e-12
8552,vertical,9.0500000000000007,152,true,5,9.496493384858409e-11
8553,vertical,9.0500000000000007,153,true,4,8.6602940459580037e-12
8554,vertical,9.0500000000000007,154,true,5,8.7531680887833264e-12
8555,vertical,9.0500000000000007,155,true,4,6.5471586130091334e-11
8556,vertical,9.0500000000000007,156,true,4,2.0001064169040025e-11
8557,vertical,9.0500000000000007,157,true,4,2.4329677266800967e-11
8558,vertical,9.0500000000000007,158,true,4,2.5981686146888818e-11
8559,vertical,9.0500000000000007,159,true,3,4.9154063197395201e-12
8560,vertical,9.0500000000000007,160,true,3,4.7389162854198604e-11
8561,vertical,9.0500000000000007,161,true,4,2.0221046081729454e-12
8562,vertical,9.0500000000000007,162,true,4,4.2548632875203441e-12
8563,vertical,9.0500000000000007,163,true,4,1.940161007520522e-11
8564,vertical,9.0500000000000007,164,true,5,1.0838676621636323e-12
8565,vertical,9.0500000000000007,165,true,3,6.1854847885684691e-11
8566,vertical,9.0500000000000007,166,true,3,2.3428861281289852e-11
8567,vertical,9.0500000000000007,167,true,3,6.4671319073381286e-11
8568,vertical,9.0500000000000007,168,true,4,8.636276943169092e-11
8569,vertical,9.0500000000000007,169,true,5,4.8348674795248207e-12
8570,vertical,9.0500000000000007,170,true,4,7.3338439670304917e-11
8571,vertical,9.0500000000000007,171,true,3,4.4133660818330271e-11
8572,vertical,9.0500000000000007,172,true,4,2.3347788013228975e-11
8573,vertical,9.0500000000000007,173,true,3,5.5999857608505681e-11
8574,vertical,9.0500000000000007,174,true,3,8.5068799207990876e-11
8575,vertical,9.0500000000000007,175,true,5,3.5537821080013405e-12
8576,vertical,9.0500000000000007,176,true,5,1.4689854609308794e-12
8577,vertical,9.0500000000000007,177,true,3,2.1102319477382635e-11
8578,vertical,9.0500000000000007,178,true,4,7.7525775545601246e-12
8579,vertical,9.0500000000000007,179,true,5,3.3541414493729253e-12
8580,vertical,9.0500000000000007,180,true,4,1.665702196225382e-11
8581,vertical,9.0500000000000007,181,true,5,6.9750247183955545e-11
8582,vertical,9.0500000000000007,182,true,4,6.0042883276772679e-11
8583,vertical,9.0500000000000007,183,true,4,1.7653664190013349e-11
8584,vertical,9.0500000000000007,184,true,5,2.5850864799197741e-12
8585,vertical,9.0500000000000007,185,true,3,1.8574468455060061e-11
8586,vertical,9.0500000000000007,186,true,4,8.1828662655501648e-12
8587,vertical,9.0500000000000007,187,true,4,6.4951670867385609e-12
8588,vertical,9.0500000000000007,188,true,5,2.4917784184606279e-11
8589,vertical,9.0500000000000007,189,true,4,5.333616771425174e-12
8590,vertical,9.0500000000000007,190,true,4,9.3441146075017629e-12
8591,vertical,9.0500000000000007,191,true,4,5.0842868569937545e-12
8592,vertical,9.0500000000000007,192,true,3,1.1477214492248946e-11
8593,vertical,9.0500000000000007,193,true,4,5.703623195528767e-12
8594,vertical,9.0500000000000007,194,true,4,1.6274264780049944e-11
8595,vertical,9.0500000000000007,195,true,5,1.4267121985355545e-11
8596,vertical,9.0500000000000007,196,true,3,5.3189008441356894e-11
8597,vertical,9.0500000000000007,197,true,4,4.4758988949817925e-11
8598,vertical,9.0500000000000007,198,true,4,7.8967048812803918e-11
8599,vertical,9.0500000000000007,199,true,4,8.4585647584325441e-11
8600,vertical,9.0500000000000007,200,true,4,2.0910787252412168e-11
8601,vertical,9.0500000000000007,201,true,4,2.3087739511511548e-11
8602,vertical,9.0500000000000007,202,true,4,1.8368750477436587e-11
8603,vertical,9.0500000000000007,203,true,4,7.2057060747048384e-12
8604,vertical,9.0500000000000007,204,true,3,5.2297722946523562e-11
8605,vertical,9.0500000000000007,205,true,4,8.2763841899140619e-12
8606,vertical,9.0500000000000007,206,true,4,5.0834847109053024e-12
8607,vertical,9.0500000000000007,207,true,4,7.0650726701730144e-11
8608,vertical,9.0500000000000007,208,true,6,2.3612309071258018e-11
8609,vertical,9.0500000000000007,209,true,4,7.7206853279320653e-11
8610,vertical,9.0500000000000007,210,true,5,3.1741580442078414e-12
8611,vertical,9.0500000000000007,211,true,3,1.7451267110286018e-12
8612,vertical,9.0500000000000007,212,true,3,1.5074424369005863e-11
8613,vertical,9.0500000000000007,213,true,4,7.6280068785310986e-11
8614,vertical,9.0500000000000007,214,true,6,1.3837293530188093e-11
8615,vertical,9.0500000000000007,215,true,4,9.9192573594790495e-12
8616,vertical,9.0500000000000007,216,true,3,5.977389381920059e-11
8617,vertical,9.0500000000000007,217,true,5,8.0862407206808911e-12
8618,vertical,9.0500000000000007,218,true,4,7.9075115927174516e-12
8619,vertical,9.0500000000000007,219,true,5,3.1736247406848726e-12
8620,vertical,9.0500000000000007,220,true,3,5.0598686787182122e-11
8621,vertical,9.0500000000000007,221,true,5,2.909333236559645e-12
8622,vertical,9.0500000000000007,222,true,5,7.2819925847212603e-11
8623,vertical,9.0500000000000007,223,true,5,2.5011395719196886e-12
8624,vertical,9.0500000000000007,224,true,3,4.0489872241722516e-11
8625,vertical,9.0500000000000007,225,true,4,6.7263328330129764e-11
8626,vertical,9.0500000000000007,226,true,4,9.3357128458517979e-12
8627,vertical,9.0500000000000007,227,true,4,1.9165451123098286e-11
8628,vertical,9.0500000000000007,228,true,5,7.238413556383302e-12
8629,vertical,9.0500000000000007,229,true,3,1.0835656741575905e-11
8630,vertical,9.0500000000000007,230,true,4,3.8205063083125304e-12
8631,vertical,9.0500000000000007,231,true,5,3.5596481509158826e-12
8632,vertical,9.0500000000000007,232,true,4,2.8411504790062412e-11
8633,vertical,9.0500000000000007,233,true,4,1.5789973600446775e-12
8634,vertical,9.0500000000000007,234,true,3,6.0665385063156119e-11
8635,vertical,9.0500000000000007,235,true,4,3.3260261801488537e-11
8636,vertical,9.0500000000000007,236,true,3,7.0816579669847166e-13
8637,vertical,9.0500000000000007,237,true,3,5.7026146018005241e-11
8638,vertical,9.0500000000000007,238,true,5,5.0621880397207125e-12
8639,vertical,9.0500000000000007,239,true,4,2.1182505608778367e-12
8640,vertical,9.0500000000000007,240,true,5,1.8618521866512011e-12
8641,vertical,9.0500000000000007,241,true,4,2.9922174981302771e-12
8642,vertical,9.0500000000000007,242,true,3,8.4828263105778311e-11
8643,vertical,9.0500000000000007,243,true,4,7.8468607642325451e-12
8644,vertical,9.0500000000000007,244,true,4,5.7748037317537e-12
8645,vertical,9.0500000000000007,245,true,4,6.8645623003308467e-11
8646,vertical,9.0500000000000007,246,true,3,2.3227090363347298e-11
8647,vertical,9.0500000000000007,247,true,4,1.5869989938251213e-11
8648,vertical,9.0500000000000007,248,true,4,5.3713744782809085e-11
8649,vertical,9.0500000000000007,249,true,4,1.4215387778588782e-11
8650,vertical,9.0500000000000007,250,true,4,2.3235548508039724e-12
8651,vertical,9.0500000000000007,251,true,3,7.3585995129900517e-11
8652,vertical,9.0500000000000007,252,true,4,3.6792858959689756e-11
8653,vertical,9.0500000000000007,253,true,3,4.7751261820490002e-11
8654,vertical,9.0500000000000007,254,true,4,4.9632731899907961e-11
8655,vertical,9.0500000000000007,255,true,4,4.6151594216661201e-11
8656,vertical,9.0500000000000007,256,true,5,4.3821312423375929e-12
8657,vertical,9.0500000000000007,257,true,5,1.3016196891623884e-11
8658,vertical,9.0500000000000007,258,true,5,4.2686618618226475e-11
8659,vertical,9.0500000000000007,259,true,3,9.9382985509917703e-12
8660,vertical,9.0500000000000007,260,true,4,1.0352588957037848e-12
8661,vertical,9.0500000000000007,261,true,4,1.0307674979615665e-11
8662,vertical,9.0500000000000007,262,true,4,7.8648308651483034e-12
8663,vertical,9.0500000000000007,263,true,5,4.5900103753068266e-11
8664,vertical,9.0500000000000007,264,true,4,1.846731124490052e-12
8665,vertical,9.0500000000000007,265,true,3,5.661174215291601e-11
8666,vertical,9.0500000000000007,266,true,4,2.4571546535825376e-11
8667,vertical,9.0500000000000007,267,true,3,1.4407498589375423e-12
8668,vertical,9.0500000000000007,268,true,4,6.344759776231871e-12
8669,vertical,9.0500000000000007,269,true,4,8.0620575190910081e-12
8670,vertical,9.0500000000000007,270,true,5,1.1085806190657838e-11
8671,vertical,9.0500000000000007,271,true,4,4.8882327529994577e-11
8672,vertical,9.0500000000000007,272,true,5,2.6432535881586982e-11
8673,vertical,9.0500000000000007,273,true,4,9.1116283134268575e-11
8674,vertical,9.0500000000000007,274,true,4,1.9004976256411642e-11
8675,vertical,9.0500000000000007,275,true,3,2.1984729312092125e-11
8676,vertical,9.0500000000000007,276,true,4,6.3314775300401082e-12
8677,vertical,9.0500000000000007,277,true,4,1.5943652214746763e-11
8678,vertical,9.0500000000000007,278,true,4,9.1337206793673446e-11
8679,vertical,9.0500000000000007,279,true,3,1.804387654186231e-11
8680,vertical,9.0500000000000007,280,true,4,7.0738868083913879e-11
8681,vertical,9.0500000000000007,281,true,4,7.6079238219187802e-11
8682,vertical,9.0500000000000007,282,true,4,7.0605894567457803e-12
8683,vertical,9.0500000000000007,283,true,4,5.4040645220966341e-12
8684,vertical,9.0500000000000007,284,true,4,2.9259597003341038e-11
8685,vertical,9.0500000000000007,285,true,4,6.4519780319500731e-12
8686,vertical,9.0500000000000007,286,true,4,9.8955897844142691e-11
8687,vertical,9.0500000000000007,287,true,4,4.6310805189606895e-11
8688,vertical,9.0500000000000007,288,true,3,7.2572199651107837e-11
8689,vertical,9.0500000000000007,289,true,5,1.436848242528287e-12
8690,vertical,9.0500000000000007,290,true,5,1.4231485181839534e-12
8691,vertical,9.0500000000000007,291,true,3,9.4765757921511759e-11
8692,vertical,9.0500000000000007,292,true,3,7.1294199107810011e-11
8693,vertical,9.0500000000000007,293,true,4,2.8052021180972936e-11
8694,vertical,9.0500000000000007,294,true,4,6.0449001324804882e-11
8695,vertical,9.0500000000000007,295,true,3,1.9220387720395708e-11
8696,vertical,9.0500000000000007,296,true,3,2.661655074074914e-11
8697,vertical,9.0500000000000007,297,true,3,4.1556144287642849e-11
8698,vertical,9.0500000000000007,298,true,5,2.4625047295938521e-12
8699,vertical,9.0500000000000007,299,true,3,8.3658247140668372e-11
8700,vertical,9.0500000000000007,300,true,4,7.2790642573456928e-11
8701,vertical,9.0500000000000007,301,true,4,6.2871500621914325e-12
8702,vertical,9.0500000000000007,302,true,5,2.5264248316573974e-11
8703,vertical,9.0500000000000007,303,true,5,3.8842439436183657e-12
8704,vertical,9.0500000000000007,304,true,4,1.2106982707337823e-11
8705,vertical,9.0500000000000007,305,true,5,9.49748517370715e-12
8706,vertical,9.0500000000000007,306,true,4,4.0356766579328924e-12
8707,vertical,9.0500000000000007,307,true,4,4.399508423861316e-12
8708,vertical,9.0500000000000007,308,true,4,7.8348914017614552e-12
8709,vertical,9.0500000000000007,309,true,4,3.2850313760200762e-12
8710,vertical,9.0500000000000007,310,true,5,3.0690231187192967e-12
8711,vertical,9.0500000000000007,311,true,5,1.7419403431681577e-12
8712,vertical,9.0500000000000007,312,true,4,2.7891599629593131e-13
8713,vertical,9.0500000000000007,313,true,5,1.374238799438029e-12
8714,vertical,9.0500000000000007,314,true,4,8.6665073432090748e-13
8715,vertical,9.0500000000000007,315,true,5,8.718251080510864e-12
8716,vertical,9.0500000000000007,316,true,4,1.2608800083755166e-11
8717,vertical,9.0500000000000007,317,true,3,4.4078405316245354e-11
8718,vertical,9.0500000000000007,318,true,6,1.9982830503365799e-11
8719,vertical,9.0500000000000007,319,true,5,3.271181291176654e-12
8720,vertical,9.0500000000000007,320,true,5,1.4986631548988716e-12
8721,vertical,9.0500000000000007,321,true,4,2.3778498135553002e-12
8722,vertical,9.0500000000000007,322,true,5,3.5434612254302315e-12
8723,vertical,9.0500000000000007,323,true,4,5.180478933675937e-11
8724,vertical,9.0500000000000007,324,true,4,4.5149078776410675e-12
8725,vertical,9.0500000000000007,325,true,4,1.414141944762929e-11
8726,vertical,9.0500000000000007,326,true,4,7.9463021692627351e-11
8727,vertical,9.0500000000000007,327,true,4,1.0732760077366023e-11
8728,vertical,9.0500000000000007,328,true,4,1.4134008273951807e-11
8729,vertical,9.0500000000000007,329,true,3,3.9826900485788149e-11
8730,vertical,9.0500000000000007,330,true,5,1.9085253085893118e-11
8731,vertical,9.0500000000000007,331,true,3,4.0491930542681302e-12
8732,vertical,9.0500000000000007,332,true,5,2.8020235603597367e-11
8733,vertical,9.0500000000000007,333,true,4,1.2911444587280013e-11
8734,vertical,9.0500000000000007,334,true,4,2.7958131489936004e-11
8735,vertical,9.0500000000000007,335,true,3,5.3340254091955851e-11
8736,vertical,9.0500000000000007,336,true,5,1.5300725034579843e-11
8737,vertical,9.0500000000000007,337,true,4,1.8937227194575027e-11
8738,vertical,9.0500000000000007,338,true,4,3.5206397608246424e-11
8739,vertical,9.0500000000000007,339,true,4,7.0323664800422203e-11
8740,vertical,9.0500000000000007,340,true,5,3.4704694015417652e-12
8741,vertical,9.0500000000000007,341,true,5,3.1309430233935883e-12
8742,vertical,9.0500000000000007,342,true,5,6.32199916965373e-11
8743,vertical,9.0500000000000007,343,true,4,4.718276753164319e-11
8744,vertical,9.0500000000000007,344,true,4,5.7893268841316767e-11
8745,vertical,9.0500000000000007,345,true,4,1.7501072891860606e-12
8746,vertical,9.0500000000000007,346,true,5,2.4628466474290752e-12
8747,vertical,9.0500000000000007,347,true,3,1.5103872363217408e-11
8748,vertical,9.0500000000000007,348,true,4,9.0066878749411165e-12
8749,vertical,9.0500000000000007,349,true,3,8.0500814672533857e-11
8750,vertical,9.0500000000000007,350,true,5,3.6607640120539587e-12
8751,vertical,9.0500000000000007,351,true,4,4.4775800206118447e-11
8752,vertical,9.0500000000000007,352,true,3,5.8931691704436817e-11
8753,vertical,9.0500000000000007,353,true,4,2.6709488236502207e-11
8754,vertical,9.0500000000000007,354,true,4,8.6508133345012767e-12
8755,vertical,9.0500000000000007,355,true,4,1.524685954703248e-11
8756,vertical,9.0500000000000007,356,true,4,1.2271193568735165e-11
8757,vertical,9.0500000000000007,357,true,5,2.0115524769548997e-12
8758,vertical,9.0500000000000007,358,true,4,1.2046403337447338e-11
8759,vertical,9.0500000000000007,359,true,5,5.2186553741255183e-12
8760,vertical,9.0500000000000007,360,true,4,5.3283493423959302e-12
8761,vertical,9.0500000000000007,361,true,4,1.3705769816002565e-11
8762,vertical,9.0500000000000007,362,true,5,8.8673857703869224e-13
8763,vertical,9.0500000000000007,363,true,5,6.3936483251441324e-12
8764,vertical,9.0500000000000007,364,true,4,1.7436156012327514e-12
8765,vertical,9.0500000000000007,365,true,4,1.3921669032658003e-11
8766,vertical,9.0500000000000007,366,true,5,2.212326327227162e-11
8767,vertical,9.0500000000000007,367,true,4,7.5378590580841705e-11
8768,vertical,9.0500000000000007,368,true,4,5.8895651069356705e-11
8769,vertical,9.0500000000000007,369,true,4,4.7777856733434488e-11
8770,vertical,9.0500000000000007,370,true,4,3.6136811824915247e-12
8771,vertical,9.0500000000000007,371,true,4,3.5710491803830529e-11
8772,vertical,9.0500000000000007,372,true,4,2.5571748560933994e-12
8773,vertical,9.0500000000000007,373,true,3,6.4007425946493054e-11
8774,vertical,9.0500000000000007,374,true,4,4.2059557485465404e-11
8775,vertical,9.0500000000000007,375,true,5,2.5719947274705701e-12
8776,vertical,9.0500000000000007,376,true,4,6.8142443590264496e-11
8777,vertical,9.0500000000000007,377,true,4,1.4104402261249624e-11
8778,vertical,9.0500000000000007,378,true,5,4.1405700186846578e-12
8779,vertical,9.0500000000000007,379,true,4,1.5571644881533074e-11
8780,vertical,9.0500000000000007,380,true,4,5.7343832625060802e-11
8781,vertical,9.0500000000000007,381,true,3,6.9885739953220675e-11
8782,vertical,9.0500000000000007,382,true,5,6.9369821429140342e-12
8783,vertical,9.0500000000000007,383,true,5,3.5415620622941367e-12
8784,vertical,9.0500000000000007,384,true,4,1.1712499410545108e-11
8785,vertical,9.0500000000000007,385,true,4,3.7505629935114815e-11
8786,vertical,9.0500000000000007,386,true,4,4.9153461788950637e-12
8787,vertical,9.0500000000000007,387,true,3,9.3736918002740949e-11
8788,vertical,9.0500000000000007,388,true,5,1.6924572184023053e-11
8789,vertical,9.0500000000000007,389,true,3,2.3695594167633301e-11
8790,vertical,9.0500000000000007,390,true,3,3.1838984219822968e-11
8791,vertical,9.0500000000000007,391,true,4,1.9572450479094799e-11
8792,vertical,9.0500000000000007,392,true,4,5.1803832334415284e-12
8793,vertical,9.0500000000000007,393,true,5,4.8096687888592861e-12
8794,vertical,9.0500000000000007,394,true,5,2.346525748387815e-11
8795,vertical,9.0500000000000007,395,true,4,5.1053349865758652e-12
8796,vertical,9.0500000000000007,396,true,3,9.2023639411644076e-11
8797,vertical,9.0500000000000007,397,true,3,4.8543569412322329e-11
8798,vertical,9.0500000000000007,398,true,3,2.2228309776368904e-11
8799,vertical,9.0500000000000007,399,true,3,7.1086053476819462e-11
8800,vertical,9.0500000000000007,400,true,4,3.6495724359318886e-11
8801,vertical,9.0500000000000007,401,true,5,2.4657288684452692e-11
8802,vertical,9.0500000000000007,402,true,3,5.9735945379990214e-11
8803,vertical,9.0500000000000007,403,true,4,1.1644391056458892e-11
8804,vertical,9.0500000000000007,404,true,4,8.2830742469698783e-11
8805,vertical,9.0500000000000007,405,true,4,2.0794423740599069e-11
8806,vertical,9.0500000000000007,406,true,4,3.381916204634439e-11
8807,vertical,9.0500000000000007,407,true,4,4.3180469962192244e-12
8808,vertical,9.0500000000000007,408,true,5,2.7706846320227328e-11
8809,vertical,9.0500000000000007,409,true,3,1.2752121905628636e-11
8810,vertical,9.0500000000000007,410,true,5,5.0291728648078271e-12
8811,vertical,9.0500000000000007,411,true,5,1.3140944085169335e-11
8812,vertical,9.0500000000000007,412,true,4,2.5506562339922124e-12
8813,vertical,9.0500000000000007,413,true,4,3.1023269992427239e-12
8814,vertical,9.0500000000000007,414,true,4,2.1901504544326825e-11
8815,vertical,9.0500000000000007,415,true,4,3.8455645981249039e-11
8816,vertical,9.0500000000000007,416,true,4,2.1615899029100046e-11
8817,vertical,9.0500000000000007,417,true,5,9.3132745655279837e-13
8818,vertical,9.0500000000000007,418,true,5,8.2723068369762672e-12
8819,vertical,9.0500000000000007,419,true,4,2.3927492668808194e-11
8820,vertical,9.0500000000000007,420,true,4,3.9494599249775853e-12
8821,vertical,9.0500000000000007,421,true,4,1.7120567041587337e-12
8822,vertical,9.0500000000000007,422,true,3,6.2547120777476026e-11
8823,vertical,9.0500000000000007,423,true,5,1.4690956573199228e-12
8824,vertical,9.0500000000000007,424,true,3,6.0536018948507607e-11
8825,vertical,9.0500000000000007,425,true,3,4.7192252541629834e-11
8826,vertical,9.0500000000000007,426,true,5,6.557540543709469e-12
8827,vertical,9.0500000000000007,427,true,3,8.2172039780065536e-11
8828,vertical,9.0500000000000007,428,true,3,5.5814682309945985e-11
8829,vertical,9.0500000000000007,429,true,5,1.9278703246847889e-11
8830,vertical,9.0500000000000007,430,true,4,2.3269345094877148e-11
8831,vertical,9.0500000000000007,431,true,3,1.0895215786810642e-11
8832,vertical,9.0500000000000007,432,true,4,1.8267473806910646e-11
8833,vertical,9.0500000000000007,433,true,5,1.8507978565009955e-12
8834,vertical,9.0500000000000007,434,true,3,3.7022854755358353e-11
8835,vertical,9.0500000000000007,435,true,3,4.938256007890249e-11
8836,vertical,9.0500000000000007,436,true,3,6.0134357827035899e-11
8837,vertical,9.0500000000000007,437,true,3,8.9995563454350811e-11
8838,vertical,9.0500000000000007,438,true,3,3.2852562970355031e-11
8839,vertical,9.0500000000000007,439,true,4,1.034582338700278e-11
8840,vertical,9.0500000000000007,440,true,3,7.4417629341364677e-11
8841,vertical,9.0500000000000007,441,true,5,1.4757138877441257e-12
8842,vertical,9.0500000000000007,442,true,5,4.8609115066674144e-12
8843,vertical,9.0500000000000007,443,true,3,1.9986423027078497e-11
8844,vertical,9.0500000000000007,444,true,4,5.3485173144141281e-11
8845,vertical,9.0500000000000007,445,true,4,1.8662737281415286e-12
8846,vertical,9.0500000000000007,446,true,4,9.8562497175178404e-11
8847,vertical,9.0500000000000007,447,true,6,5.3442459585074815e-11
8848,vertical,9.0500000000000007,448,true,3,6.7661472349324071e-11
8849,vertical,9.0500000000000007,449,true,5,1.1976746786902601e-11
8850,vertical,9.0500000000000007,450,true,4,4.3605665123512394e-12
8851,vertical,9.0500000000000007,451,true,4,7.6133249917748619e-12
8852,vertical,9.0500000000000007,452,true,3,6.3526370093038882e-11
8853,vertical,9.0500000000000007,453,true,5,2.374024037099111e-12
8854,vertical,9.0500000000000007,454,true,4,7.5167650956375947e-11
8855,vertical,9.0500000000000007,455,true,4,3.0244924047263358e-11
8856,vertical,9.0500000000000007,456,true,4,1.3529152198677606e-11
8857,vertical,9.0500000000000007,457,true,6,7.6307196472479998e-12
8858,vertical,9.0500000000000007,458,true,5,5.9873920225350052e-11
8859,vertical,9.0500000000000007,459,true,5,1.773619502456241e-11
8860,vertical,9.0500000000000007,460,true,4,5.4338747194626309e-12
8861,vertical,9.0500000000000007,461,true,4,1.0363858597299905e-12
8862,vertical,9.0500000000000007,462,true,4,2.1037418033045211e-11
8863,vertical,9.0500000000000007,463,true,5,1.7092601303591804e-12
8864,vertical,9.0500000000000007,464,true,4,1.7595084929184711e-11
8865,vertical,9.0500000000000007,465,true,3,7.4616973375049991e-12
8866,vertical,9.0500000000000007,466,true,4,7.0858117266714815e-12
8867,vertical,9.0500000000000007,467,true,5,2.9727616341113901e-12
8868,vertical,9.0500000000000007,468,true,4,2.3327007074960286e-11
8869,vertical,9.0500000000000007,469,true,3,8.3623651920834753e-12
8870,vertical,9.0500000000000007,470,true,5,8.7196900047160672e-12
8871,vertical,9.0500000000000007,471,true,4,9.8620999059284722e-12
8872,vertical,9.0500000000000007,472,true,5,8.7885565101881848e-12
8873,vertical,9.0500000000000007,473,true,5,3.6344444963564808e-11
8874,vertical,9.0500000000000007,474,true,5,3.0969932056461452e-11
8875,vertical,9.0500000000000007,475,true,5,7.5577011065344786e-11
8876,vertical,9.0500000000000007,476,true,4,5.1776860396275296e-12
8877,vertical,9.0500000000000007,477,true,3,3.7989765204794342e-11
8878,vertical,9.0500000000000007,478,true,4,3.3412531027325087e-12
8879,vertical,9.0500000000000007,479,true,5,2.4028677008608395e-12
8880,vertical,9.0500000000000007,480,true,3,2.4306889830064635e-11
8881,vertical,9.0500000000000007,481,true,5,8.0021199375890489e-12
8882,vertical,9.0500000000000007,482,true,5,2.9032543591583237e-11
8883,vertical,9.0500000000000007,483,true,3,5.4739653841515468e-11
8884,vertical,9.0500000000000007,484,true,4,5.8054875477675243e-12
8885,vertical,9.0500000000000007,485,true,3,7.1610397143771036e-11
8886,vertical,9.0500000000000007,486,true,3,9.9423263749013176e-11
8887,vertical,9.0500000000000007,487,true,4,5.46270699204287e-11
8888,vertical,9.0500000000000007,488,true,4,4.3924320384613007e-11
8889,vertical,9.0500000000000007,489,true,3,1.4441917818594386e-11
8890,vertical,9.0500000000000007,490,true,4,1.2589263614743107e-11
8891,vertical,9.0500000000000007,491,true,4,2.6806514142150006e-11
8892,vertical,9.0500000000000007,492,true,4,3.3318028511826147e-11
8893,vertical,9.0500000000000007,493,true,5,7.6718927635231304e-13
8894,vertical,9.0500000000000007,494,true,4,9.7107727673815751e-12
8895,vertical,9.0500000000000007,495,true,3,8.8938095066551344e-11
8896,vertical,9.0500000000000007,496,true,4,2.0980349914594306e-11
8897,vertical,9.0500000000000007,497,true,4,8.6430621201435917e-12
8898,vertical,9.0500000000000007,498,true,4,9.1499907582842557e-12
8899,vertical,9.0500000000000007,499,true,3,7.7335184211781941e-11
8900,vertical,9.0500000000000007,500,true,3,6.9330416491110654e-12
8901,vertical,9.0500000000000007,501,true,4,8.3566562410814868e-12
8902,vertical,9.0500000000000007,502,true,5,4.6360469748383873e-11
8903,vertical,9.0500000000000007,503,true,3,8.0374104334105869e-11
8904,vertical,9.0500000000000007,504,true,5,2.6722452993866886e-11
8905,vertical,9.0500000000000007,505,true,5,2.8114417781243906e-12
8906,vertical,9.0500000000000007,506,true,4,5.9020439185835018e-12
8907,vertical,9.0500000000000007,507,true,4,8.5383201301699678e-11
8908,vertical,9.0500000000000007,508,true,4,9.9491684922101604e-11
8909,vertical,9.0500000000000007,509,true,4,1.50278326636488e-11
8910,vertical,9.0500000000000007,510,true,4,2.4464048327222134e-12
8911,vertical,9.0500000000000007,511,true,6,5.1737475398376332e-11
8912,vertical,9.0500000000000007,512,true,5,2.4007022857876438e-12
8913,vertical,9.0500000000000007,513,true,3,9.0698964164799999e-11
8914,vertical,9.0500000000000007,514,true,4,1.7454377752517324e-11
8915,vertical,9.0500000000000007,515,true,5,2.1686191125977623e-11
8916,vertical,9.0500000000000007,516,true,4,3.2439738058516182e-11
8917,vertical,9.0500000000000007,517,true,4,2.810791127947096e-11
8918,vertical,9.0500000000000007,518,true,5,6.6515009422765296e-12
8919,vertical,9.0500000000000007,519,true,3,5.8497316251670173e-11
8920,vertical,9.0500000000000007,520,true,4,1.7128748874903329e-11
8921,vertical,9.0500000000000007,521,true,3,9.6758968973307922e-13
8922,vertical,9.0500000000000007,522,true,4,1.7472386327714829e-11
8923,vertical,9.0500000000000007,523,true,5,6.7857664184580867e-12
8924,vertical,9.0500000000000007,524,true,4,5.5141260090716891e-11
8925,vertical,9.0500000000000007,525,true,3,1.7215613274945149e-11
8926,vertical,9.0500000000000007,526,true,5,1.9983873353410236e-11
8927,vertical,9.0500000000000007,527,true,5,1.0528843985876417e-11
8928,vertical,9.0500000000000007,528,true,5,2.2773301939512701e-11
8929,vertical,9.0500000000000007,529,true,3,9.6940185043599333e-11
8930,vertical,9.0500000000000007,530,true,5,3.4503443102769219e-12
8931,vertical,9.0500000000000007,531,true,4,3.5188982205148511e-12
8932,vertical,9.0500000000000007,532,true,5,3.0040656178640999e-12
8933,vertical,9.0500000000000007,533,true,4,4.9217218082248968e-11
8934,vertical,9.0500000000000007,534,true,5,8.7773268762793408e-13
8935,vertical,9.0500000000000007,535,true,4,5.2105943839745861e-12
8936,vertical,9.0500000000000007,536,true,4,2.5479876670517236e-11
8937,vertical,9.0500000000000007,537,true,4,3.0772106381247051e-12
8938,vertical,9.0500000000000007,538,true,5,1.4819001805301211e-12
8939,vertical,9.0500000000000007,539,true,4,5.5476314531383231e-12
8940,vertical,9.0500000000000007,540,true,3,8.1127069630553438e-11
8941,vertical,9.0500000000000007,541,true,4,1.1668000633651041e-11
8942,vertical,9.0500000000000007,542,true,4,7.7157210736971733e-11
8943,vertical,9.0500000000000007,543,true,4,1.1118294743454709e-11
8944,vertical,9.0500000000000007,544,true,4,1.0601559138482047e-12
8945,vertical,9.0500000000000007,545,true,5,4.6804476011870116e-12
8946,vertical,9.0500000000000007,546,true,4,7.5099127691544574e-12
8947,vertical,9.0500000000000007,547,true,5,1.512763391467964e-11
8948,vertical,9.0500000000000007,548,true,4,1.4613972234100822e-11
8949,vertical,9.0500000000000007,549,true,5,3.9749024964217182e-12
8950,vertical,9.0500000000000007,550,true,4,1.8346333483686231e-11
8951,vertical,9.0500000000000007,551,true,4,7.6234867300482501e-12
8952,vertical,9.0500000000000007,552,true,3,6.1482955114411147e-11
8953,vertical,9.0500000000000007,553,true,5,2.6083726327168168e-12
8954,vertical,9.0500000000000007,554,true,3,1.0098123467940932e-11
8955,vertical,9.0500000000000007,555,true,5,1.1440474627443155e-11
8956,vertical,9.0500000000000007,556,true,3,8.178781328101036e-11
8957,vertical,9.0500000000000007,557,true,4,3.5379271197853651e-11
8958,vertical,9.0500000000000007,558,true,4,1.850281048027123e-11
8959,vertical,9.0500000000000007,559,true,3,3.4582219973055684e-11
8960,vertical,9.0500000000000007,560,true,4,7.9061970661715664e-11
8961,vertical,9.0500000000000007,561,true,4,4.8062223221061589e-12
8962,vertical,9.0500000000000007,562,true,4,5.2793731127383457e-12
8963,vertical,9.0500000000000007,563,true,4,8.262416781248738e-11
8964,vertical,9.0500000000000007,564,true,4,8.1355659546399355e-12
8965,vertical,9.0500000000000007,565,true,3,3.0360664098879763e-11
8966,vertical,9.0500000000000007,566,true,5,4.4964269613841446e-12
8967,vertical,9.0500000000000007,567,true,4,7.7568803268451423e-11
8968,vertical,9.0500000000000007,568,true,4,4.6626123655232966e-11
8969,vertical,9.0500000000000007,569,true,4,1.2235018052098632e-12
8970,vertical,9.0500000000000007,570,true,4,1.5517271797090614e-12
8971,vertical,9.0500000000000007,571,true,4,1.9760949876270186e-11
8972,vertical,9.0500000000000007,572,true,4,2.4065387118124526e-12
8973,vertical,9.0500000000000007,573,true,3,1.2090614848380022e-11
8974,vertical,9.0500000000000007,574,true,4,8.8430297914748662e-11
8975,vertical,9.0500000000000007,575,true,4,2.0699579003544468e-11
8976,vertical,9.0500000000000007,576,true,4,3.6761410515349352e-11
8977,vertical,9.0500000000000007,577,true,5,1.6344317904719563e-11
8978,vertical,9.0500000000000007,578,true,5,2.1135285618086249e-11
8979,vertical,9.0500000000000007,579,true,4,1.8708910682905929e-11
8980,vertical,9.0500000000000007,580,true,3,6.975046589621767e-11
8981,vertical,9.0500000000000007,581,true,4,3.9719721534185246e-11
8982,vertical,9.0500000000000007,582,true,4,4.1137228232437153e-11
8983,vertical,9.0500000000000007,583,true,4,7.4826833150612554e-12
8984,vertical,9.0500000000000007,584,true,3,2.49288448023845e-11
8985,vertical,9.0500000000000007,585,true,4,2.9449044082209277e-11
8986,vertical,9.0500000000000007,586,true,4,4.7915651829191622e-12
8987,vertical,9.0500000000000007,587,true,4,8.1308923991599481e-12
8988,vertical,9.0500000000000007,588,true,5,2.9536816527447613e-11
8989,vertical,9.0500000000000007,589,true,5,1.285411531416605e-11
8990,vertical,9.0500000000000007,590,true,4,4.1260605470554925e-12
8991,vertical,9.0500000000000007,591,true,3,1.9663469193725314e-11
8992,vertical,9.0500000000000007,592,true,4,1.0820820933064105e-11
8993,vertical,9.0500000000000007,593,true,4,2.6076074868879563e-11
8994,vertical,9.0500000000000007,594,true,4,6.0664283669958521e-11
8995,vertical,9.0500000000000007,595,true,5,3.7024138548628235e-12
8996,vertical,9.0500000000000007,596,true,5,1.3020377056485187e-11
8997,vertical,9.0500000000000007,597,true,5,2.7235985876603594e-12
8998,vertical,9.0500000000000007,598,true,5,4.7274043806973667e-12
8999,vertical,9.0500000000000007,599,true,4,2.0129210310850544e-11
9000,vertical,9.0500000000000007,600,true,5,8.4045575827076228e-11
