trial,element_order,element_index,element_name,element_type,s_m,k2l_m2,projection_numerator,contribution_norm_m
1,1,1,ip_l0,Marker,0,0,0,0
1,2,2,sector_4,Marker,0,0,0,0
1,3,3,hs4b!s2,SBend,0.01250000000001137,0,1.3700073816942509e-16,9.3788372596571328e-11
1,4,4,d001!s1,Drift,0.17050000000002272,0,1.5946885922890341e-15,1.0916966570219857e-09
1,5,5,unds4b!s1,Drift,0.68700000000001138,0,4.0661819088618084e-15,2.7836388986616286e-09
1,6,6,ls_4b,Marker,1.0580000000000001,0,0,0
1,7,7,unds4b!s2,Drift,1.4290000000000114,0,4.0661819088616254e-15,2.7836388986615066e-09
1,8,8,d002,Drift,1.8220000000000227,0,2.411212991778837e-16,1.6506753576975705e-10
1,9,9,hs4c,SBend,1.8990000000000229,0,6.0280324794518503e-16,4.1266883942471836e-10
1,10,10,d003,Drift,2.0599500000000228,0,1.1612182567222315e-15,7.9495024612729589e-10
1,11,11,girder_4ab_start,Marker,2.1659000000000228,0,0,0
1,12,12,vx4a,Kicker,2.2040000000000228,0,4.1757824993975469e-16,2.8586695967390242e-10
1,13,13,d004,Drift,2.2980500000000226,0,6.1321530404643538e-16,4.1979675574231385e-10
1,14,14,det_s4c,Marker,2.3540000000000227,0,0,0
1,15,15,d005,Drift,2.3740000000000228,0,2.1675282596334718e-16,1.4985506367897088e-10
1,16,16,qx4a,Quadrupole,2.5940000000000225,0,-9.9140393252840292e-16,1.2922903768742264e-08
1,17,17,d006,Drift,2.801500000000023,0,-4.3221473618242796e-16,1.2032932700179806e-09
1,18,18,det_x4a,Marker,2.8090000000000228,0,1.2358536069470042e-42,1.2631694350739544e-36
1,19,19,d007,Drift,2.8382500000000226,0,-1.7209603355591184e-15,4.6892030925370211e-09
1,20,20,hx4a,Kicker,2.9520000000000231,0,-4.9716631916186087e-15,1.3546586711782798e-08
1,21,21,d008,Drift,3.0813750000000226,0,-2.6402767541280884e-15,7.1941192744507216e-09
1,22,22,dqx4b,SBend,4.3000000000000229,0,-5.010553945832237e-14,7.0600825816328769e-08
1,23,23,d009,Drift,5.5858750000000228,0,-2.0945268376648542e-14,2.3975471317785029e-08
1,24,24,hx4b,Kicker,5.782500000000022,0,-1.5784839936024784e-14,1.8068471138040663e-08
1,25,25,d010,Drift,5.9235000000000229,0,-1.0554360430594852e-14,1.2081285435492799e-08
1,26,26,det_x4b,Marker,5.9800000000000226,0,0,0
1,27,27,d011,Drift,5.9975000000000227,0,-3.2420511561190348e-15,3.7438700046392096e-09
1,28,28,vx4b,Kicker,6.1490000000000222,0,-2.4824848852553803e-14,2.8667347464077423e-08
1,29,29,d012,Drift,6.3125000000000231,0,-5.4651719488844616e-15,6.3110951506753152e-09
1,30,30,qx4b,Quadrupole,6.5230000000000228,0,-3.4084187539988854e-14,3.2385037565762188e-08
1,31,31,girder_4ab_end,Marker,6.7040000000000228,0,0,0
1,32,32,d013,Drift,6.8875000000000224,0,-3.6926931559006834e-14,2.8822568486756798e-08
1,33,33,girder_4cd_start,Marker,7.0710000000000228,0,-1.8189729261636109e-56,2.3858803899214719e-50
1,34,34,qx4c,Quadrupole,7.2520000000000229,0,-5.1287799183719154e-14,3.4047612957334455e-08
1,35,35,d014,Drift,7.4860000000000229,0,-2.0775979250946088e-14,1.2402707426499535e-08
1,36,36,vx4c!s1,Kicker,7.5770000000000231,0,-1.4895985123322678e-14,8.8925072114538962e-09
1,37,37,det_x4c,Marker,7.6150000000000233,0,-1.3007736383911287e-56,1.8476209171354907e-50
1,38,38,vx4c!s2,Kicker,7.7110000000000234,0,-3.7628055928594314e-14,2.2456222902369518e-08
1,39,39,d015,Drift,7.8565000000000227,0,-1.9401966338180559e-14,1.1578989934033758e-08
1,40,40,hx4c,Kicker,7.9905000000000221,0,-3.3120528395482151e-14,1.976615453385692e-08
1,41,41,d016,Drift,8.1881250000000225,0,-4.434035236377356e-14,2.6462085581568427e-08
1,42,42,dqx4d,SBend,9.4750000000000227,0,-1.885340324705929e-13,9.923061447546425e-08
1,43,43,d017,Drift,10.693625000000024,0,-1.8434705999966595e-14,8.7841189416545352e-09
1,44,44,hx4d,Kicker,10.823000000000023,0,-3.4712705448415552e-14,1.6540569372034146e-08
1,45,45,d018,Drift,10.944250000000023,0,-1.5096945860703201e-14,7.1936795789624373e-09
1,46,46,qx4d,Quadrupole,11.181000000000024,0,-3.9513731893676971e-14,1.6950555373483757e-08
1,47,47,d019,Drift,11.393000000000022,0,-6.3192762325881273e-16,2.011171993846624e-10
1,48,48,det_x4d,Marker,11.405000000000022,0,3.9179678641964346e-28,2.8946719646825448e-22
1,49,49,d020,Drift,11.445000000000023,0,-2.0964793532315291e-15,6.7135737584603995e-10
1,50,50,det_ix4d,Marker,11.485000000000023,0,0,0
1,51,51,d021,Drift,11.497450000000024,0,-6.493607061101205e-16,2.0925043181348542e-10
1,52,52,vx4d,Kicker,11.548000000000023,0,-1.9872002331538075e-15,6.403567431391983e-10
1,53,53,girder_4cd_end,Marker,11.586100000000023,0,-1.8806617967374697e-42,1.5886057285197074e-36
1,54,54,d022,Drift,11.801050000000023,0,-1.1211251709097533e-14,3.6127213107047791e-09
1,55,55,det_s5a,Marker,12.016000000000023,0,0,0
1,56,56,d023!s1,Drift,12.895500000000011,0,-4.5614552034818265e-14,1.4797791082824892e-08
1,57,57,sector_5,Marker,13.775,0,-1.9778867042328429e-28,2.1157912080830253e-22
1,58,58,d023!s2,Drift,14.662000000000011,0,-4.6003533433642716e-14,1.4923980318893947e-08
1,59,59,det_s5c,Marker,15.549000000000023,0,1.9869359521249809e-27,6.4458077089206116e-22
1,60,60,d024,Drift,15.744950000000022,0,-1.0054726421447877e-14,3.2934724750273815e-09
1,61,61,girder_5ab_start,Marker,15.940900000000022,0,1.3725766266506616e-41,4.538572442421625e-36
1,62,62,vx5a,Kicker,15.979000000000021,0,-1.9550144254002193e-15,6.4037408164606358e-10
1,63,63,d025,Drift,16.07305000000002,0,-2.8709463806104806e-15,9.4039186005605235e-10
1,64,64,det_ix5a,Marker,16.129000000000019,0,1.3967912058953022e-41,4.5752546585091854e-36
1,65,65,d026,Drift,16.149000000000019,0,-1.0143771893810702e-15,3.3568705571639121e-10
1,66,66,qx5a,Quadrupole,16.369000000000018,0,-2.8678309536628341e-14,8.9842189269194762e-09
1,67,67,d027,Drift,16.576500000000017,0,-2.0448898758725721e-15,6.5395862612885624e-10
1,68,68,det_x5a,Marker,16.584000000000017,0,2.3589928843660787e-42,2.2225572350305298e-36
1,69,69,d028,Drift,16.613250000000015,0,-7.9403740709715636e-15,2.5483535813159815e-09
1,70,70,hx5a,Kicker,16.727000000000018,0,-2.2938858427249823e-14,7.3619103460235107e-09
1,71,71,d029,Drift,16.856375000000014,0,-1.2182026886656193e-14,3.9096535713334995e-09
1,72,72,dqx5b,SBend,18.075000000000017,0,-1.1174684023234704e-13,3.5946993870450654e-08
1,73,73,d030,Drift,19.365375000000018,0,-2.4793978911813237e-14,8.370932872902762e-09
1,74,74,hx5b,Kicker,19.566500000000019,0,-1.7964340562021056e-14,6.0651132069404918e-09
1,75,75,d031,Drift,19.703000000000017,0,-1.1054978807406092e-14,3.7323773581201023e-09
1,76,76,det_x5b,Marker,19.755000000000017,0,-6.5106487054575351e-27,2.1981225145944321e-21
1,77,77,d032,Drift,19.772500000000019,0,-3.7299786562344933e-15,1.2567536354159254e-09
1,78,78,vx5b,Kicker,19.924000000000017,0,-2.8560979424869327e-14,9.623142122609351e-09
1,79,79,d033,Drift,20.08750000000002,0,-6.2876783062150966e-15,2.1185275568410361e-09
1,80,80,qx5b,Quadrupole,20.298000000000016,0,-2.5000158052393103e-14,8.6251172299499357e-09
1,81,81,girder_5ab_end,Marker,20.479000000000017,0,-6.3729078566548728e-28,2.2964192606699206e-22
1,82,82,d034,Drift,20.662500000000019,0,-1.4604869179947392e-14,5.2627314938145421e-09
1,83,83,girder_5cd_start,Marker,20.846000000000018,0,-1.274581571330981e-27,4.5928385213398666e-22
1,84,84,qx5c,Quadrupole,21.027000000000015,0,-9.3439811352582508e-15,3.4988738793775721e-09
1,85,85,d035,Drift,21.261000000000017,0,-1.3248915985358878e-15,5.2394843470850175e-10
1,86,86,vx5c!s1,Kicker,21.352000000000018,0,-9.4992227818551209e-16,3.7566114186250637e-10
1,87,87,det_x5c,Marker,21.390000000000018,0,9.9399437989967437e-42,3.9309012151107938e-36
1,88,88,vx5c!s2,Kicker,21.486000000000018,0,-2.3926874034625735e-15,9.4864561077123271e-10
1,89,89,d036,Drift,21.629500000000018,0,-1.1838817881758281e-15,4.6938194283119816e-10
1,90,90,hx5c,Kicker,21.761500000000019,0,-2.1060633915977631e-15,8.3500577198422376e-10
1,91,91,d037,Drift,21.96112500000002,0,-2.8693555971262327e-15,1.1376336035440862e-09
1,92,92,dqx5d,SBend,23.250000000000021,0,1.5988538107906883e-15,3.7348282391303578e-09
1,93,93,d038,Drift,24.468625000000017,0,2.1949015358072358e-15,1.006964129553346e-09
1,94,94,hx5d,Kicker,24.59800000000002,0,4.1330179337069976e-15,1.8961218706847448e-09
1,95,95,d039,Drift,24.719250000000017,0,1.7974959652554376e-15,8.2464471890918337e-10
1,96,96,qx5d,Quadrupole,24.956000000000017,0,6.4541752722680196e-15,3.578406556871362e-09
1,97,97,d040,Drift,25.168000000000017,0,9.5426053757739724e-17,1.4958468724414369e-10
1,98,98,det_x5d,Marker,25.180000000000017,0,0,0
1,99,99,d041,Drift,25.220000000000017,0,3.3553423272702236e-16,4.9928446863117926e-10
1,100,100,det_s6a,Marker,25.260000000000016,0,-4.4115048299061371e-28,6.5644444889041323e-22
1,101,101,d042,Drift,25.272450000000013,0,1.0976021988207404e-16,1.5560308102057227e-10
1,102,102,vx5d,Kicker,25.323000000000015,0,3.3589272108824705e-16,4.7618292264601283e-10
1,103,103,girder_5cd_end,Marker,25.361100000000015,0,0,0
1,104,104,d043!s1,Drift,26.455550000000009,0,9.6487608555157005e-15,1.367869815459562e-08
1,105,105,sector_6,Marker,27.550000000000001,0,0,0
1,106,106,d043!s2,Drift,28.632950000000008,0,9.5473759134549805e-15,1.3534968401041121e-08
1,107,107,girder_6ab_start,Marker,29.715900000000016,0,0,0
1,108,108,vx6a,Kicker,29.754000000000016,0,3.3589272108836311e-16,4.7618292264617734e-10
1,109,109,d044,Drift,29.848050000000015,0,4.9325978333060239e-16,6.992764966419017e-10
1,110,110,det_s6c,Marker,29.904000000000014,0,0,0
1,111,111,d045,Drift,29.924000000000014,0,1.7505575877034768e-16,2.4962393497168102e-10
1,112,112,qx6a,Quadrupole,30.144000000000013,0,-1.091785257530261e-14,1.5622079052394703e-08
1,113,113,d046,Drift,30.351500000000012,0,-1.3471850998800878e-15,1.3983178022318275e-09
1,114,114,det_x6a,Marker,30.359000000000012,0,0,0
1,115,115,d047,Drift,30.38825000000001,0,-5.2710553804836815e-15,5.4491942411700186e-09
1,116,116,hx6a,Kicker,30.502000000000013,0,-1.5227493321406519e-14,1.5742116696722918e-08
1,117,117,d048,Drift,30.631375000000009,0,-8.0867900922858308e-15,8.3600886007748848e-09
1,118,118,dqx6b,SBend,31.850000000000009,0,-1.2819855181033245e-13,1.0319084480979045e-07
1,119,119,d049,Drift,33.137875000000008,0,-3.7700426721453541e-14,2.6767566915819056e-08
1,120,120,hx6b,Kicker,33.336500000000008,0,-2.7914007079631617e-14,1.9819140454648904e-08
1,121,121,d050,Drift,33.475500000000011,0,-1.8003708708162808e-14,1.2782759228144941e-08
1,122,122,det_x6b,Marker,33.530000000000008,0,1.5984735633509607e-27,1.1349274210155391e-21
1,123,123,d051,Drift,33.547500000000007,0,-5.7632214118128185e-15,4.106637521640888e-09
1,124,124,vx6b,Kicker,33.699000000000005,0,-4.4129809667591073e-14,3.1445110165704357e-08
1,125,125,d052,Drift,33.862500000000004,0,-9.7151446656278223e-15,6.9226175364807105e-09
1,126,126,qx6b,Quadrupole,34.073000000000008,0,-5.4365167525561784e-14,3.4816788000444552e-08
1,127,127,girder_6ab_end,Marker,34.254000000000005,0,3.1775959622712017e-56,2.8440655234562508e-50
1,128,128,d053,Drift,34.4375,0,-5.3060302781988216e-14,3.0229803674273054e-08
1,129,129,girder_6cd_start,Marker,34.621000000000002,0,-1.0210727974456323e-27,3.3287996659507873e-22
1,130,130,qx6c,Quadrupole,34.802000000000007,0,-6.7644284490722262e-14,3.4864635993687181e-08
1,131,131,d054,Drift,35.036000000000008,0,-2.5911963634633979e-14,1.2468843459289835e-08
1,132,132,vx6c!s1,Kicker,35.12700000000001,0,-1.8578389021055551e-14,8.9399254991121295e-09
1,133,133,det_x6c,Marker,35.165000000000006,0,-2.433925218445248e-42,2.2368932184707238e-36
1,134,134,vx6c!s2,Kicker,35.26100000000001,0,-4.6890275125178705e-14,2.2575863999304595e-08
1,135,135,d055,Drift,35.402000000000008,0,-2.1979816464927446e-14,1.0582436249673994e-08
1,136,136,hx6c,Kicker,35.531500000000008,0,-4.1273210917473758e-14,1.9871463624387298e-08
1,137,137,d056,Drift,35.733625000000011,0,-5.745279803748836e-14,2.7661312530396628e-08
1,138,138,dqx6d,SBend,37.025000000000006,0,-1.6794349998809155e-13,7.7286276018078664e-08
1,139,139,d057,Drift,38.243124999999999,0,-2.0046221978881205e-14,8.322010570444362e-09
1,140,140,hx6d,Kicker,38.372,0,-3.817252410626069e-14,1.5846983508788486e-08
1,141,141,d058,Drift,38.493250000000003,0,-1.6601659892369428e-14,6.8920312893258395e-09
1,142,142,qx6d,Quadrupole,38.729999999999997,0,-3.8983578082992094e-14,1.510600103933083e-08
1,143,143,d059,Drift,38.942,0,-3.7178723515411125e-16,1.2069968841724102e-10
1,144,144,det_x6d,Marker,38.954000000000001,0,2.2589012568490934e-28,7.3334598955228632e-23
1,145,145,d060,Drift,38.994,0,-1.2376440513472967e-15,4.0290940006540535e-10
1,146,146,det_s7a,Marker,39.033999999999999,0,0,0
1,147,147,d061,Drift,39.04645,0,-3.8463950870874678e-16,1.2557885841863814e-10
1,148,148,vx6d,Kicker,39.097000000000001,0,-1.1770895808671992e-15,3.8430156672674299e-10
1,149,149,girder_6cd_end,Marker,39.135100000000001,0,2.2525194941205709e-28,7.3541282222149627e-23
1,150,150,d062,Drift,39.242550000000001,0,-3.3196397759646689e-15,1.0838111114124012e-09
1,151,151,hs7a,SBend,39.405000000000001,0,-1.699210681042918e-15,5.5476604120691481e-10
1,152,152,d063,Drift,39.490000000000002,0,-9.268421896604288e-16,3.0259965884035239e-10
1,153,153,unds7a!s1,Drift,39.891000000000005,0,-1.1461948412124974e-14,3.742149114322754e-09
1,154,154,ls_7a,Marker,40.262,0,0,0
1,155,155,unds7a!s2,Drift,40.633000000000003,0,-1.1461948412124972e-14,3.7421491143227531e-09
1,156,156,d064,Drift,41.107000000000006,0,-3.182158184497959e-15,1.0389254953509414e-09
1,157,157,hs7b,SBend,41.235000000000007,0,-7.7236849138331497e-16,2.5216638236683766e-10
1,158,158,d065!s1,Drift,41.292500000000004,0,-1.004079038796958e-15,3.2781629707644776e-10
1,159,159,sector_7,Marker,41.325000000000003,0,0,0
1,160,160,d065!s2,Drift,41.4255,0,-3.1049213353601155e-15,1.0137088571144227e-09
1,161,161,unds7b!s1,Drift,41.897000000000006,0,-1.1461948412121367e-14,3.7421491143215761e-09
1,162,162,ls_7b1_7b2,Marker,42.268000000000001,0,0,0
1,163,163,unds7b!s2,Drift,42.639000000000003,0,-1.1461948412130376e-14,3.7421491143245175e-09
1,164,164,d066,Drift,43.012,0,-6.1789479311025608e-17,2.017331058946468e-11
1,165,165,hs7c,SBend,43.069000000000003,0,-1.6992106810405901e-15,5.5476604120616031e-10
1,166,166,d067,Drift,43.155500000000004,0,-9.7318429914324715e-16,3.1772964178230363e-10
1,167,167,det_s7c,Marker,43.187000000000005,0,0,0
1,168,168,det_9w,Marker,43.187000000000005,0,0,0
1,169,169,d068,Drift,43.192250000000008,0,-1.5887980698723483e-16,5.2835567973045734e-11
1,170,170,q09w,Quadrupole,43.268000000000001,0,-2.1272107254720693e-15,7.1119795462842414e-10
1,171,171,d069,Drift,43.803249999999998,0,-1.3908273656679628e-14,4.708945484939273e-09
1,172,172,rf_w1,RFCavity,45.167999999999999,0,-2.6933209229991086e-14,9.1188178439083982e-09
1,173,173,d070,Drift,46.667499999999997,0,-1.7940169809717064e-14,6.0740307323431732e-09
1,174,174,rf_w2,RFCavity,48.166999999999994,0,-2.6932188030811672e-14,9.1184720949402777e-09
1,175,175,d071,Drift,49.342999999999989,0,-8.2590477457142942e-15,2.7962784276538238e-09
1,176,176,det_9aw,Marker,49.618999999999993,0,0,0
1,177,177,d072,Drift,49.667999999999992,0,-1.4321808816640737e-15,4.9406365676997439e-10
1,178,178,q09aw,Quadrupole,50.016999999999996,0,-2.3656922365188713e-14,7.9437619140534364e-09
1,179,179,d073,Drift,50.346999999999994,0,-4.3578669879715102e-15,1.4633192856861952e-09
1,180,180,sex_09aw,Sextupole,50.512999999999991,0.61250385707040012,-6.9223602277789586e-12,2.358611031843586e-06
1,181,181,d074,Drift,50.74199999999999,0,-1.2566285379000337e-14,4.219607389413939e-09
1,182,182,hkick_9aw,Kicker,50.866999999999997,0,-4.3238831411752108e-15,1.451907918942765e-09
1,183,183,d075,Drift,50.925499999999992,0,-3.5807157262656582e-15,1.2023612453677401e-09
1,184,184,det_i10w,Marker,50.951999999999991,0,0,0
1,185,185,d076,Drift,51.206299999999992,0,-3.3961879543603214e-14,1.1507018105324845e-08
1,186,186,det_10w,Marker,51.460599999999992,0,0,0
1,187,187,d077,Drift,51.502799999999993,0,-5.5618600759551157e-15,1.9037672412437749e-09
1,188,188,q10w,Quadrupole,51.844999999999999,0,-1.0610930117958756e-14,3.6662965380638588e-09
1,189,189,d078,Drift,52.183999999999997,0,-3.4061560712850223e-16,1.1997281111976203e-10
1,190,190,sex_10w,Sextupole,52.358999999999995,-0.24066952067328001,4.7157249778339879e-12,1.6019826259007952e-06
1,191,191,d079,Drift,53.219000000000001,0,-7.0702168326999748e-15,2.4902963073129764e-09
1,192,192,det_i10aw1,Marker,53.942999999999998,0,1.0781540905176276e-42,2.5150433456947939e-36
1,193,193,d080,Drift,53.950699999999998,0,-7.7707902723331186e-17,2.666837549865743e-11
1,194,194,sk_q10aw,Quadrupole,54.034399999999998,0,-7.6698709187092474e-16,2.6322032961629807e-10
1,195,195,d081,Drift,54.161700000000003,0,-5.1771628700230266e-16,1.776737224874654e-10
1,196,196,det_i10aw2,Marker,54.213000000000001,0,4.3173347439657643e-41,1.481655019250832e-35
1,197,197,d082,Drift,54.4129425,0,-2.0815738644095022e-15,6.971030222069091e-10
1,198,198,fdbk_10w1_v,Kicker,55.252135000000003,0,-6.6551438179741598e-15,2.2287563021682589e-09
1,199,199,d083,Drift,56.039134999999995,0,-1.5382049262443639e-15,5.1513295837939758e-10
1,200,200,fdbk_10w2_h,Kicker,56.825634999999998,0,-6.6499383867463121e-15,2.2270130434240625e-09
1,201,201,d084,Drift,57.524985000000001,0,-6.3089826416498785e-16,2.1128295957888969e-10
1,202,202,det_i10aw3,Marker,57.585585000000002,0,-3.1340633379530406e-27,1.0495736240879013e-21
1,203,203,d085,Drift,57.626585000000006,0,-4.3607241498926293e-16,1.4361517404481823e-10
1,204,204,det_i10aw4,Marker,57.667585000000003,0,-3.2018119342263693e-27,1.0544780233439399e-21
1,205,205,d086,Drift,57.861285000000002,0,-2.1033263512109662e-15,6.8160401045664028e-10
1,206,206,q10aw,Quadrupole,58.354985000000006,0,-4.4519879587083868e-16,3.5940781501684919e-10
1,207,207,d087,Drift,58.752985000000002,0,-5.2891549259305033e-16,4.7314919152226625e-10
1,208,208,det_10aw,Marker,58.850985000000001,0,-1.4938406149578918e-27,5.4681072913773331e-22
1,209,209,d088,Drift,58.909685000000003,0,-2.9333621631979816e-16,2.8166538332148772e-10
1,210,210,sex_10aw,Sextupole,59.104385000000001,-0.11116394997904001,1.9669517117753623e-12,7.2557208508611789e-07
1,211,211,d089,Drift,59.384204500000003,0,-7.1869621742468914e-16,6.9010178188386424e-10
1,212,212,b11w,SBend,62.815155000000004,0,-1.6331682942077072e-14,1.3845940244574898e-08
1,213,213,d090,Drift,66.220270499999998,0,-5.776754390874662e-16,5.5992351204277597e-10
1,214,214,det_11w,Marker,66.338255000000004,0,9.2839073239489862e-28,4.210576722702265e-22
1,215,215,d091,Drift,66.433454999999995,0,-4.2185782113968063e-16,4.4663496173392742e-10
1,216,216,q11w,Quadrupole,66.828654999999998,0,-7.7630058934382284e-16,4.1844072472576396e-10
1,217,217,d092,Drift,67.430561999999995,0,-3.9486018587298085e-15,1.3553458234787491e-09
1,218,218,b12w,SBend,71.019599999999997,0,-3.8451176300618816e-14,1.3127253719428549e-08
1,219,219,d093,Drift,74.5293815,0,-2.9424934116340717e-15,1.0112739692241121e-09
1,220,220,sk_sex_12w,Sextupole,74.816032000000007,0,-8.4580801904680851e-16,2.9068667723822711e-10
1,221,221,d094,Drift,75.041032000000001,0,-2.1277357979123113e-15,7.3125867242641902e-10
1,222,222,det_i12w1,Marker,75.202032000000003,0,-6.2422003228951858e-28,2.1453148109924392e-22
1,223,223,d095,Drift,75.415532000000013,0,-2.8442494818513064e-15,9.7417985149296153e-10
1,224,224,det_12w2,Marker,75.629032000000009,0,-6.2923907755562479e-28,2.1551978300008817e-22
1,225,225,d096,Drift,75.781532000000013,0,-2.0456036538198728e-15,6.9883926428684155e-10
1,226,226,det_12w3,Marker,75.934032000000016,0,6.3357425927003118e-28,2.1644787757029349e-22
1,227,227,d097,Drift,76.08653200000002,0,-2.0580234125307964e-15,7.0169505593742824e-10
1,228,228,det_12w,Marker,76.239032000000023,0,8.1721742478278889e-28,8.6661607481137165e-22
1,229,229,d098,Drift,76.281732000000034,0,-5.7928249368669052e-16,1.9723531451048459e-10
1,230,230,q12w,Quadrupole,76.624432000000027,0,1.160675669048129e-17,4.2660728141144575e-10
1,231,231,d099,Drift,76.955657000000016,0,2.8951174071972723e-16,2.0169904367273078e-10
1,232,232,sex_12w,Sextupole,77.122882000000033,0.45238137688960001,-3.2972968124309323e-13,4.8477188578604697e-07
1,233,233,d100,Drift,77.560193000000027,0,2.7936932620639962e-15,1.9463295611868548e-09
1,234,234,b13w,SBend,81.149147000000028,0,3.1077924051618848e-14,2.1134369821412233e-08
1,235,235,d101,Drift,84.531417500000032,0,8.6548746926264269e-16,5.9778705260555188e-10
1,236,236,q13w,Quadrupole,84.92604500000003,0,-1.2673358756275313e-16,8.7740831682951198e-10
1,237,237,d102,Drift,85.257445000000018,0,-1.5662663046863764e-16,3.4814263209647585e-10
1,238,238,sex_13w,Sextupole,85.424845000000033,-0.64146307443520001,2.0467331759876948e-12,4.1772603727985281e-06
1,239,239,d103,Drift,85.570645000000027,0,-4.373450346485035e-17,9.7211087949344494e-11
1,240,240,det_13w,Marker,85.580445000000026,0,1.932383688591291e-57,1.5421197902526138e-51
1,241,241,d104!s1,Drift,85.980222500000011,0,-1.7204151105690903e-15,3.9965159483597105e-09
1,242,242,d14bw_rfa4_seg,Marker,86.379999999999995,0,1.2346506243571655e-28,2.8680874055235847e-22
1,243,243,d104!s2,Drift,87.170999999999992,0,-3.4040143641398749e-15,7.9075088396720911e-09
1,244,244,d14bw_rfa1_aps,Marker,87.962000000000003,0,6.1732531217857435e-29,1.4340437027617717e-22
1,245,245,d104!s3,Drift,88.009500000000003,0,-2.0441299911031351e-16,4.7485040440395393e-10
1,246,246,d14bw_rfa2_seg,Marker,88.057000000000002,0,2.4819527051946172e-28,3.3370578961431888e-22
1,247,247,d104!s4,Drift,88.110500000000002,0,-2.3023358847199727e-16,5.3483150811991184e-10
1,248,248,d14bw_rfa3_aps,Marker,88.164000000000001,0,0,0
1,249,249,d104!s5,Drift,89.833001500000023,0,-7.1824337291684613e-15,1.6684758678481556e-08
1,250,250,det_14w,Marker,91.50200300000003,0,-3.743056739545517e-42,1.9209111764954536e-36
1,251,251,d105,Drift,91.516203000000033,0,-6.0836545006582082e-17,1.4246914706395722e-10
1,252,252,q14w,Quadrupole,91.830403000000032,0,-1.2078303265822237e-15,1.0017501056924082e-09
1,253,253,d106,Drift,92.162978000000038,0,6.1965564755960292e-17,1.8863623954916635e-11
1,254,254,sex_14w,Sextupole,92.331553000000042,0.4078490260464,-2.9311726806920255e-12,1.862516806914052e-06
1,255,255,d107,Drift,92.545880000000039,0,1.4899698513198997e-16,4.535782267159642e-11
1,256,256,b15w,SBend,95.911850000000044,0,8.1015640188326002e-15,2.4673797677265741e-09
1,257,257,d108,Drift,99.664961500000047,0,8.2277743417735948e-16,2.5045237272955841e-10
1,258,258,q15aw!s1,Quadrupole,100.22421500000002,0,1.6577745146721183e-16,5.0462438978452131e-11
1,259,259,d15w_rfa1_cvc3,Marker,100.318,0,-6.980750313561444e-42,2.450993328982578e-36
1,260,260,q15aw!s2,Quadrupole,100.5145,0,3.4733986470875701e-16,1.0572979963512202e-10
1,261,261,d15w_sp1_csp1,Marker,100.711,0,-2.3120584367974915e-42,1.4847499866929735e-36
1,262,262,q15aw!s3,Quadrupole,100.72071500000001,0,1.717255361414105e-17,5.2273028158427436e-12
1,263,263,d109!s1,Drift,100.73521500000001,0,8.4581234315109126e-18,2.5746416883435645e-12
1,264,264,d15w_sp2_csp1,Marker,100.73999999999999,0,-7.8502112611026264e-43,4.9595402086352042e-37
1,265,265,d109!s2,Drift,100.77500000000001,0,6.1867151468277593e-17,1.8832279831229576e-11
1,266,266,d15w_sp3o_csp1,Marker,100.81,0,-1.449463847996418e-28,4.4121489583556743e-23
1,267,267,d15w_sp3i_csp1,Marker,100.81,0,-1.449463847996418e-28,4.4121489583556743e-23
1,268,268,d109!s3,Drift,101.10249700000003,0,5.1702732016021798e-16,1.5738243870239442e-10
1,269,269,det_15w,Marker,101.39499400000004,0,9.3533353836492834e-45,1.0271374418058489e-37
1,270,270,d110,Drift,101.42869400000005,0,5.9430513237140034e-17,1.8004226432660874e-11
1,271,271,q15w,Quadrupole,101.76239400000004,0,1.8773170591654426e-16,3.5789126896005195e-10
1,272,272,d111,Drift,102.09484400000004,0,2.3018745281107089e-16,1.4083692141317442e-10
1,273,273,sex_15w,Sextupole,102.26329400000004,-0.94264120352000003,3.513286118513593e-12,1.2434095300432517e-06
1,274,274,d112,Drift,102.66736800000004,0,1.9968327452156084e-15,1.2217337347399405e-09
1,275,275,b16w,SBend,106.22257300000004,0,2.3929350380656596e-14,1.4594472430408034e-08
1,276,276,d113,Drift,109.58827550000005,0,5.919955916333268e-16,3.6028215211961499e-10
1,277,277,q16w,Quadrupole,109.96684700000004,0,-1.2201773889862484e-15,9.396310449031907e-10
1,278,278,d114,Drift,110.30017200000003,0,-4.1957597917492396e-16,1.4351938543090954e-10
1,279,279,sex_16w,Sextupole,110.46949700000005,0.38804889035840001,3.6342806903579544e-13,1.103124927465825e-07
1,280,280,d115,Drift,110.62437200000005,0,-2.376443092738538e-16,8.1288174039908302e-11
1,281,281,det_16w,Marker,110.64324700000004,0,1.2222739523295879e-57,5.2750693946287332e-52
1,282,282,d116,Drift,110.89156650000005,0,-3.1318813676781706e-15,1.0661781730741583e-09
1,283,283,b17w,SBend,114.42701700000005,0,-3.7100036854811836e-14,1.2634176560298245e-08
1,284,284,d117,Drift,117.79272000000006,0,-9.8554654738959205e-16,3.3575236548389879e-10
1,285,285,q17w,Quadrupole,118.17129200000005,0,-1.5411173216610519e-16,1.7500890595783798e-10
1,286,286,d118,Drift,118.50294200000005,0,-3.067549252728939e-17,9.316889493382299e-12
1,287,287,sex_17w,Sextupole,118.67059200000006,-0.76890918149760001,3.7249988592272722e-12,1.1605176386715031e-06
1,288,288,d119,Drift,118.83169200000006,0,1.0980909779719174e-17,3.3351680617167447e-12
1,289,289,det_17w,Marker,118.85679200000006,0,1.4273720417138864e-27,4.4511460983751398e-22
1,290,290,d120,Drift,119.10056550000006,0,1.0626610298311974e-16,3.2522693978004342e-11
1,291,291,b18w,SBend,122.63147000000006,0,2.1871221160609291e-15,6.8263237168100746e-10
1,292,292,d121,Drift,125.99717250000008,0,3.0030199932221008e-17,9.190893549757728e-12
1,293,293,q18w,Quadrupole,126.37574400000007,0,4.0329756471294475e-15,1.2436318715131204e-09
1,294,294,d122,Drift,126.70454400000006,0,7.8350929897426982e-16,2.448113977805662e-10
1,295,295,sex_18w,Sextupole,126.86934400000007,0.23297390769040002,1.9913119509875178e-13,1.4661850067028863e-07
1,296,296,d123,Drift,127.01924400000006,0,3.7815205749197893e-16,1.1815550101243799e-10
1,297,297,det_18w,Marker,127.03314400000006,0,3.096786988640379e-42,1.580873503448395e-36
1,298,298,d124,Drift,129.84824750000007,0,7.6421350746115967e-14,2.3917724094597157e-08
1,299,299,det_19w,Marker,132.66335100000006,0,3.5516188199240676e-43,1.9916122471768468e-37
1,300,300,d125,Drift,132.69955100000004,0,9.79951274619124e-16,3.0651688060686023e-10
1,301,301,q19w,Quadrupole,133.03575100000003,0,1.6812421170600958e-15,5.7442936922216943e-10
1,302,302,d126,Drift,133.36720100000005,0,3.5354996218608316e-16,1.4662342238384164e-10
1,303,303,sex_19w,Sextupole,133.53465100000005,-0.44348070160480002,3.3029380503834476e-13,1.0789782188515306e-07
1,304,304,d127,Drift,133.93972700000003,0,2.583234671458442e-15,1.0713131066619578e-09
1,305,305,b20w,SBend,137.49593400000006,0,3.65430677373238e-14,1.5094398566067014e-08
1,306,306,d128,Drift,140.86163450000006,0,7.6143636236790482e-16,3.1505912390240694e-10
1,307,307,q20w,Quadrupole,141.24020400000003,0,9.4964390428745771e-18,6.0451881233292599e-10
1,308,308,d129,Drift,141.57337900000005,0,-2.1941113012727876e-16,8.2279232269429368e-11
1,309,309,sex_20w,Sextupole,141.74255400000004,0.34895475405280008,-1.0144657525645749e-12,3.1064023439520777e-07
1,310,310,d130,Drift,141.90162900000004,0,-1.5261226308176127e-16,5.7229639325873357e-11
1,311,311,det_20w,Marker,141.92470400000005,0,4.3190414976094195e-42,2.3205819283906833e-36
1,312,312,d131,Drift,142.16897200000005,0,-1.6211604514434755e-15,6.0325819106812472e-10
1,313,313,b21w,SBend,145.70037100000008,0,-2.6106966858436865e-14,9.7212190001432314e-09
1,314,314,d132,Drift,149.06607150000008,0,-5.1813713906018987e-16,1.9309548391406458e-10
1,315,315,q21w,Quadrupole,149.44464100000005,0,1.2631290128139111e-16,1.7678453816822404e-10
1,316,316,d133,Drift,149.77656600000006,0,1.427138188616667e-16,4.3706526345002094e-11
1,317,317,sex_21w,Sextupole,149.94449100000006,-1.0296646092624,-3.1956813170479835e-12,1.0205606479375557e-06
1,318,318,d134,Drift,150.10481600000006,0,3.0273903996693711e-18,9.271472049109153e-13
1,319,319,det_21w,Marker,150.12914100000006,0,0,0
1,320,320,d135,Drift,150.37340900000007,0,3.0113439772545647e-17,9.3713884149399974e-12
1,321,321,b22w,SBend,153.90480800000009,0,5.3473561855385199e-16,1.6632220213264908e-10
1,322,322,d136,Drift,157.27050850000009,0,8.3246181172733041e-18,2.5904751387023588e-12
1,323,323,q22w,Quadrupole,157.64907800000006,0,5.2724294275820199e-16,2.4465009001806352e-10
1,324,324,d137,Drift,157.98212800000007,0,3.5647137557001328e-17,5.967933713623505e-11
1,325,325,sex_22w,Sextupole,158.15117800000007,0.73385280778080009,1.0072402412603326e-12,4.0367087344039001e-07
1,326,326,d138,Drift,158.30997800000009,0,2.4591671295003994e-17,4.1170616844416205e-11
1,327,327,det_22w,Marker,158.33277800000008,0,-2.2869301020641524e-42,5.0359975943349867e-36
1,328,328,d139,Drift,158.57744650000009,0,2.5224089389666267e-16,4.4032945644536372e-10
1,329,329,b23w,SBend,162.1092460000001,0,3.6406182159003308e-15,6.1087536975819322e-09
1,330,330,d140,Drift,165.4749465000001,0,8.1759823282591375e-17,1.4036436266897078e-10
1,331,331,q23w,Quadrupole,165.85351600000007,0,-2.3242328553801806e-16,1.9023265898384081e-10
1,332,332,d141,Drift,166.18621600000009,0,-1.8064367134811486e-16,8.048238968643806e-11
1,333,333,sex_23w,Sextupole,166.35491600000009,-1.0421456713024,1.2382247435818502e-12,1.1169081160444496e-06
1,334,334,d142,Drift,166.5035160000001,0,-6.36114371321557e-17,2.8340879221388221e-11
1,335,335,det_23w,Marker,166.5161160000001,0,1.1630286789945441e-27,5.1816555022827922e-22
1,336,336,d143,Drift,166.7935160000001,0,-1.3782763527460036e-15,6.2784295050706759e-10
1,337,337,sk_sex_23w,Sextupole,167.13516600000011,0,-3.1922947247505499e-16,1.4541784271909495e-10
1,338,338,d144,Drift,167.70251600000012,0,-2.499678561873311e-15,1.1386726330165967e-09
1,339,339,det_i23w1,Marker,168.20561600000011,0,8.5930349944190858e-43,3.710406821195237e-37
1,340,340,d145,Drift,168.61609150000012,0,-2.0100580296347883e-15,9.3369842244278159e-10
1,341,341,b24w,SBend,172.31369800000013,0,-1.1144784891102782e-14,5.1702089720183284e-09
1,342,342,d146,Drift,175.67939850000013,0,-3.8582724203729029e-16,1.7951548113689605e-10
1,343,343,q24w,Quadrupole,176.0579680000001,0,-1.2024880412303032e-15,4.5349065802953201e-10
1,344,344,d147,Drift,176.3897430000001,0,-6.3719198382842206e-17,2.1490225813705662e-11
1,345,345,sex_24w,Sextupole,176.5575180000001,0.68507368068160013,1.3839740501987696e-12,5.0820215804717175e-07
1,346,346,d148,Drift,176.71779300000011,0,-4.8679261699827323e-17,1.641778856175057e-11
1,347,347,det_24w,Marker,176.7420680000001,0,6.8744279955352669e-43,2.9683254569561889e-37
1,348,348,d149,Drift,176.98654400000012,0,-4.8854974937694421e-16,1.6512249576227376e-10
1,349,349,b25w,SBend,180.51815100000013,0,-5.1176052576826091e-15,1.729215904132155e-09
1,350,350,d150,Drift,183.88385150000013,0,-1.5750849954623675e-16,5.3244084351147231e-11
1,351,351,q25w,Quadrupole,184.2624210000001,0,1.483103665747815e-16,8.8483451795349639e-11
1,352,352,d151,Drift,184.5948710000001,0,1.7767903382952703e-16,5.9925091042237248e-11
1,353,353,sex_25w,Sextupole,184.7633210000001,-0.46110588329600011,-6.7149026149587978e-14,2.2269267235719553e-08
1,354,354,d152,Drift,184.92292100000012,0,1.6944930604516369e-16,5.7149483948357864e-11
1,355,355,det_25w,Marker,184.9465210000001,0,1.8311303307184496e-56,2.1498633615518886e-50
1,356,356,d153,Drift,185.19098900000009,0,1.7598938544754209e-15,5.9512569337840624e-10
1,357,357,b26w,SBend,188.72258800000012,0,2.7184037603983816e-14,9.1935550599380778e-09
1,358,358,d154,Drift,192.08828850000012,0,5.6689082815426415e-16,1.9166482790962636e-10
1,359,359,q26w,Quadrupole,192.46685800000009,0,2.1080099716044075e-15,8.10796144467469e-10
1,360,360,d155,Drift,192.80030800000011,0,1.8391763047962301e-16,1.0602040184933436e-10
1,361,361,sex_26w,Sextupole,192.9697580000001,0.36295188395360006,6.1284001828388267e-13,2.4032985370355645e-07
1,362,362,d156,Drift,193.11765800000009,0,6.542959051804986e-17,3.771727300679195e-11
1,363,363,det_26w,Marker,193.12955800000009,0,-1.9176835002055146e-28,1.1054599539014158e-22
1,364,364,d157,Drift,193.20020800000009,0,3.8533296779764644e-16,2.2380525958364748e-10
1,365,365,bump_26w,Kicker,193.3856080000001,0,6.2585927891294968e-16,3.6350535792593729e-10
1,366,366,d158,Drift,193.68262900000011,0,9.9412633225675998e-16,5.7739856291378175e-10
1,367,367,b27w,SBend,197.15203100000011,0,2.1372362460282051e-14,1.2592581406191274e-08
1,368,368,d159,Drift,200.51773150000011,0,4.2791716826304625e-16,2.4771388554439864e-10
1,369,369,q27w,Quadrupole,200.89630100000008,0,2.7372430308020488e-16,2.2397896276249389e-10
1,370,370,d160,Drift,201.22987600000008,0,-1.2511436225686965e-16,5.9675311420902139e-11
1,371,371,sex_27w,Sextupole,201.39945100000008,-0.81048516175680008,7.8011230751203923e-14,1.1825193585895377e-06
1,372,372,d161,Drift,201.55942600000006,0,-1.1120871457518733e-16,5.3042788656146079e-11
1,373,373,det_27w,Marker,201.58340100000007,0,5.6304731447375768e-43,3.2943429280480475e-37
1,374,374,d162,Drift,201.82637700000006,0,-1.0912086115780497e-15,5.4068879460282057e-10
1,375,375,b28w,SBend,205.35648400000008,0,-1.591756973955327e-14,7.9487935858678617e-09
1,376,376,d163,Drift,208.72218450000008,0,-3.5354299228994515e-16,1.7576964651974319e-10
1,377,377,q28w,Quadrupole,209.10075400000005,0,-1.0357545409095431e-15,3.7992780959982249e-10
1,378,378,d164,Drift,209.43370400000006,0,-1.0659279676679017e-17,3.7031668539004499e-12
1,379,379,sex_28w,Sextupole,209.60265400000006,0.21971819696992001,-7.7928148414002301e-14,3.4607960489196171e-08
1,380,380,d165,Drift,209.75200400000006,0,-4.3187066324054395e-18,1.500372608463786e-12
1,381,381,det_28w,Marker,209.76535400000006,0,8.5930349944193534e-44,3.7104068211953526e-38
1,382,382,d166,Drift,209.83695400000008,0,-2.3070075428640216e-17,8.0307766856068921e-12
1,383,383,bump_28w,Kicker,210.02330400000008,0,-3.6973340172126038e-17,1.2870553421542227e-11
1,384,384,d167,Drift,210.31844050000007,0,-5.8121929642559623e-17,2.0232453896357974e-11
1,385,385,b29w,SBend,213.78595800000008,0,-9.2005781647370104e-16,3.185365068175876e-10
1,386,386,d168,Drift,217.15165850000008,0,-2.7116664329711573e-17,9.4380414211784091e-12
1,387,387,q29w,Quadrupole,217.53022800000005,0,1.9922882754344915e-16,1.4334651217139516e-10
1,388,388,d169,Drift,217.86255300000008,0,2.1157768545880042e-16,8.6504833171455273e-11
1,389,389,sex_29w,Sextupole,218.03087800000006,-0.87083802499200003,-2.8095024632842544e-12,1.0242380990501777e-06
1,390,390,d170,Drift,218.18015300000005,0,5.4266426438240277e-17,2.2187160974330856e-11
1,391,391,det_29w,Marker,218.19342800000004,0,-2.9127822350770689e-42,1.4814264968560872e-36
1,392,392,d171,Drift,218.67252800000006,0,1.9609565705971457e-15,8.0578452839182502e-10
1,393,393,sk_sex_29w,Sextupole,219.21537800000004,0,2.6092878599759843e-16,1.072192938496907e-10
1,394,394,d172,Drift,219.53120450000006,0,1.0317492568797453e-15,4.2396022473883511e-10
1,395,395,b30w,SBend,223.07041200000006,0,9.278926089716482e-15,3.811371145039968e-09
1,396,396,d173,Drift,226.43611250000006,0,3.2353184299000255e-16,1.3282895199116042e-10
1,397,397,q30w,Quadrupole,226.81468200000003,0,5.4509016686827251e-16,3.3076080995365105e-10
1,398,398,d174,Drift,227.14688200000006,0,-8.4735356513714692e-18,2.9623122642070273e-11
1,399,399,sex_30w,Sextupole,227.31508200000005,0.013216716393568003,1.0179228668633355e-15,3.5806072144841885e-10
1,400,400,d175,Drift,227.46398200000004,0,-3.3946773266967874e-18,1.1867648513723826e-11
1,401,401,det_30w,Marker,227.47688200000005,0,0,0
1,402,402,d176,Drift,227.84481100000005,0,-1.0138633893151717e-16,3.3780548773983409e-10
1,403,403,b31w,SBend,231.49987100000007,0,-6.5157354380759593e-16,2.2119943079102931e-09
1,404,404,d177,Drift,234.86557150000007,0,-2.0827229775743377e-17,7.1831615288239816e-11
1,405,405,q31w,Quadrupole,235.24414100000004,0,1.3067252453708518e-16,1.0847138767311057e-10
1,406,406,d178,Drift,235.57734100000005,0,1.1189171790516751e-17,3.8350349816294274e-12
1,407,407,sex_31w,Sextupole,235.74654100000004,-0.69746176109920011,5.9557133189824961e-13,2.9045738247883519e-07
1,408,408,d179,Drift,235.90614100000005,0,2.2524415409678435e-17,7.7201353821452895e-12
1,409,409,det_31w,Marker,235.92974100000004,0,-5.1596681736139068e-43,2.2263665277920202e-37
1,410,410,d180,Drift,236.17346650000002,0,2.2895165088818002e-16,8.0189205912631985e-11
1,411,411,b32w,SBend,239.70432300000004,0,2.9616866341359796e-15,1.0402054355432106e-09
1,412,412,d181,Drift,243.07002350000005,0,7.3223072193185405e-17,2.5643528416079353e-11
1,413,413,q32w,Quadrupole,243.44859300000002,0,6.7570407838556457e-16,3.255363520143656e-10
1,414,414,d182,Drift,243.77916800000003,0,1.0203994450317061e-16,7.150400463355032e-11
1,415,415,sex_32w,Sextupole,243.94574300000002,0.15971704782816004,2.4980228842873493e-14,5.8192234807762618e-08
1,416,416,d183,Drift,244.094368,0,4.2134237102853328e-17,2.9525365774186628e-11
1,417,417,det_32w,Marker,244.10699300000002,0,1.5254788891788507e-42,1.0258696662823368e-36
1,418,418,d184,Drift,244.476822,0,1.2083332590898104e-15,8.617200735248025e-10
1,419,419,b33w,SBend,248.13378200000002,0,1.2165820410143134e-14,8.8000131623447106e-09
1,420,420,d185,Drift,251.49948250000003,0,2.5532206656944404e-16,1.8150823120778223e-10
1,421,421,q33w,Quadrupole,251.878052,0,1.594423372279347e-16,1.9723121017901805e-10
1,422,422,d186,Drift,252.21025200000003,0,-2.1438185558471437e-17,5.7891013365340832e-11
1,423,423,sex_33w,Sextupole,252.37845200000001,-0.16336358603872,3.4096165154164988e-13,5.4817473492861115e-07
1,424,424,d187,Drift,252.75595200000001,0,-1.7725953229079249e-16,4.7866615973614936e-10
1,425,425,det_33w,Marker,252.99745200000001,0,1.031933634722792e-42,4.4527330555840848e-37
1,426,426,d188,Drift,254.30471000000003,0,-8.099153101441178e-16,2.6149470561625566e-09
1,427,427,det_34w,Marker,255.61196800000002,0,3.4397787824092581e-43,1.4842443518613401e-37
1,428,428,d189!s1,Drift,256.19156800000002,0,-3.0728867627064069e-16,1.1677634719709913e-09
1,429,429,injs34w,Marker,256.77116799999999,0,-1.2121728672635222e-28,4.6065192290326414e-22
1,430,430,d189!s2,Drift,257.15961800000002,0,-2.0594597359883538e-16,7.8263926965017142e-10
1,431,431,q34w,Quadrupole,257.84806800000001,0,-1.9657371380956618e-17,1.4923031260025665e-10
1,432,432,d190,Drift,258.16651800000005,0,4.0998571464760268e-17,1.8464539177940877e-11
1,433,433,sex_34w,Sextupole,258.32096799999999,0.10186211028,-3.2551988592056718e-13,2.812551056587516e-07
1,434,434,d191,Drift,258.58666599999998,0,2.8820773559617928e-16,1.2980020608463359e-10
1,435,435,b35w,SBend,262.00349499999999,0,7.8671920533896371e-15,3.3724221355392522e-09
1,436,436,d192,Drift,265.36919149999994,0,1.7230175519882632e-16,7.7484620594083395e-11
1,437,437,q35w,Quadrupole,265.74775699999998,0,1.4005193082910962e-16,1.3228718611762258e-10
1,438,438,d193,Drift,266.07983199999995,0,4.8855753147876147e-17,5.4619327447857401e-11
1,439,439,sex_35w,Sextupole,266.24790699999994,-0.16437443436752003,8.9264351750581083e-13,5.3406804665329652e-07
1,440,440,d194,Drift,266.39988199999993,0,2.4835813896281074e-17,2.7765725922369416e-11
1,441,441,det_35w,Marker,266.41585699999996,0,1.0749308695029331e-43,4.6382635995668623e-38
1,442,442,d195,Drift,266.74456199999997,0,5.36094458895957e-16,5.7664215852686091e-10
1,443,443,b36w,SBend,270.36039799999998,0,6.5111228132345256e-15,6.9413694607311045e-09
1,444,444,d196,Drift,273.8519445,0,3.3854274474368344e-16,3.6192586866039301e-10
1,445,445,det_i36w1,Marker,274.05635999999998,0,1.1704110653850032e-43,9.8360125539108544e-37
1,446,446,d197,Drift,274.43385999999998,0,6.3306444139967981e-16,6.7135142956350116e-10
1,447,447,det_i36w2,Marker,274.81135999999998,0,2.0751141345511198e-42,9.5479745480827678e-37
1,448,448,d198,Drift,274.87270999999998,0,1.0382405492922405e-16,1.0953656123625845e-10
1,449,449,pinger_36w,Kicker,275.26206000000002,0,5.5508215187745853e-16,5.8562334289223678e-10
1,450,450,d199,Drift,275.67905999999999,0,1.5061680340598915e-16,1.5890389487037673e-10
1,451,451,bump_36w,Kicker,275.88056,0,1.9038640879909723e-16,2.0086166486359879e-10
1,452,452,d200,Drift,276.20576000000005,0,3.5995723690210451e-16,3.7976245436726046e-10
1,453,453,q36w,Quadrupole,276.71846000000005,0,-1.2509773983043742e-16,2.7520822113229756e-10
1,454,454,d201,Drift,277.05103500000007,0,-4.8506060983956381e-17,2.2366438170951522e-11
1,455,455,sex_36w,Sextupole,277.21961000000005,0.17684188730640002,-1.711499874204261e-13,7.2079283007768497e-08
1,456,456,d202,Drift,277.36813500000011,0,-1.8650450152962417e-17,8.5998353967476955e-12
1,457,457,det_36w,Marker,277.38066000000009,0,-5.5896405214151023e-43,2.4118970717747035e-37
1,458,458,d203,Drift,277.5413400000001,0,-2.3946982925717732e-16,1.0997971301904472e-10
1,459,459,b37w,SBend,280.98915100000011,0,-5.2393163776956316e-15,2.4099261555868364e-09
1,460,460,d204,Drift,284.35484800000006,0,-1.1666318116545534e-16,5.3662554224549337e-11
1,461,461,q37w,Quadrupole,284.7334140000001,0,1.0091689415443888e-16,1.0178298262684392e-10
1,462,462,d205,Drift,285.06611400000014,0,7.4566890527007626e-17,3.1070604511975862e-11
1,463,463,sex_37w,Sextupole,285.23481400000009,-0.24388335733168001,-4.3631712519558221e-15,1.750839773201674e-09
1,464,464,d206,Drift,285.39366400000011,0,1.533897480302447e-17,6.3914589485438775e-12
1,465,465,det_37w,Marker,285.41651400000012,0,1.2303397179685251e-27,5.1265915102802779e-22
1,466,466,d207,Drift,285.66147050000012,0,1.6271063947060873e-16,6.8891736643929838e-11
1,467,467,b38w,SBend,289.19355800000011,0,1.6899138419651042e-15,7.1622580320405683e-10
1,468,468,d208,Drift,292.55925450000007,0,5.2290034405768054e-17,2.2126568385403065e-11
1,469,469,q38w,Quadrupole,292.9378200000001,0,1.7706569725014371e-16,1.1541855956102305e-10
1,470,470,d209,Drift,293.26952000000011,0,9.2017716342813122e-18,1.9427903802869857e-11
1,471,471,sex_38w,Sextupole,293.43722000000008,0.53528542888320008,-1.8984706946378974e-13,1.0127161609545448e-07
1,472,472,d210,Drift,293.5866200000001,0,3.8897078827978901e-18,8.2124262122275726e-12
1,473,473,det_38w,Marker,293.60002000000009,0,0,0
1,474,474,d211,Drift,293.96793000000008,0,1.0061160003089175e-16,2.2496467988817989e-10
1,475,475,b39w,SBend,297.62297100000006,0,6.5252175418248715e-16,1.5397547255157902e-09
1,476,476,d212,Drift,300.98866750000002,0,2.1590982619146345e-17,4.7741852998057726e-11
1,477,477,q39w,Quadrupole,301.36723300000006,0,-2.7298526935510089e-17,5.8033133509939229e-11
1,478,478,d213,Drift,301.69893300000007,0,-2.8995688587802527e-17,2.0671513768219081e-11
1,479,479,sex_39w,Sextupole,301.86663300000004,-0.55923203508800001,1.4795106545797295e-13,2.7182919632357798e-07
1,480,480,d214,Drift,302.02698300000003,0,1.6670493624228367e-17,1.1884675110672717e-11
1,481,481,det_39w,Marker,302.05133300000006,0,-1.5310892029568724e-27,1.091539228097909e-21
1,482,482,d215,Drift,302.29580500000009,0,1.615565839154123e-16,1.2005774662190889e-10
1,483,483,b40w,SBend,305.82740800000005,0,1.8467952072895643e-15,1.3744902549074954e-09
1,484,484,d216,Drift,309.193105,0,5.1482057977770803e-17,3.8340520859212022e-11
1,485,485,q40w,Quadrupole,309.57167100000004,0,1.0386063403037493e-15,4.9011216275803242e-10
1,486,486,d217,Drift,309.90412100000009,0,2.3796250290848985e-16,1.0297138405804355e-10
1,487,487,sex_40w,Sextupole,310.07257100000004,-0.057453805939840001,-2.6881582712361599e-14,1.7605403347687322e-08
1,488,488,d218,Drift,310.2324210000001,0,1.7489693973622769e-16,7.5681587359506261e-11
1,489,489,det_40w,Marker,310.25627100000008,0,0,0
1,490,490,d219,Drift,310.50049250000012,0,1.7835654094919932e-15,7.741502589320975e-10
1,491,491,b41w,SBend,314.03184500000009,0,2.360365073763297e-14,1.0246248025451205e-08
1,492,492,d220,Drift,317.39754200000004,0,5.7014889655152749e-16,2.4752042616706801e-10
1,493,493,q41w,Quadrupole,317.77610800000008,0,5.4511057256411772e-16,2.3411231569695912e-10
1,494,494,d221,Drift,318.10880800000012,0,8.7108111505218166e-17,4.8187859097931879e-11
1,495,495,sex_41w,Sextupole,318.27750800000007,-0.97331080829280003,4.3408152745864729e-12,1.8857912967942945e-06
1,496,496,d222,Drift,318.43660800000009,0,5.0748381535325733e-17,2.8073801814948136e-11
1,497,497,det_41w,Marker,318.45970800000009,0,-4.5656893976673099e-43,4.7608061652745276e-37
1,498,498,d223,Drift,318.70443000000006,0,5.3385037119063695e-16,2.9945938116179673e-10
1,499,499,b42w,SBend,322.23628300000007,0,9.0032387647771414e-15,5.1200204150823609e-09
1,500,500,d224,Drift,325.60197950000003,0,1.737091596551692e-16,9.7160907328241052e-11
1,501,501,q42w,Quadrupole,325.98054500000006,0,3.0052360327072735e-16,1.3767604721903824e-10
1,502,502,d225,Drift,326.31349500000005,0,1.2126068052501052e-16,7.1455021276681762e-11
1,503,503,sex_42w,Sextupole,326.48244500000004,0.49691291146080002,-3.4081688229649658e-12,1.5048793302255257e-06
1,504,504,d226,Drift,326.63034500000003,0,4.3793690383216666e-17,2.5806214055276565e-11
1,505,505,det_42w,Marker,326.64224500000006,0,9.5290510764467352e-43,7.6340282160785557e-37
1,506,506,d227,Drift,326.89791700000006,0,9.6024254249212079e-16,5.5221144251977516e-10
1,507,507,b43w,SBend,330.44072000000006,0,1.5356512528561511e-14,8.8937048240840951e-09
1,508,508,d228,Drift,333.80641650000001,0,2.9165074078729036e-16,1.679366927536869e-10
1,509,509,q43w,Quadrupole,334.18498200000005,0,1.4717962203769718e-15,6.6819384156941039e-10
1,510,510,d229,Drift,334.51568200000003,0,5.9457242979055711e-16,2.7231004244366403e-10
1,511,511,sex_43w,Sextupole,334.68238200000002,-0.64081877780800001,3.8171512638722192e-12,1.8664818458694704e-06
1,512,512,d230,Drift,334.83353200000005,0,2.0329791136924414e-16,9.310903112875342e-11
1,513,513,det_43w,Marker,334.84868200000005,0,3.0551372830783288e-58,1.3182738028850647e-52
1,514,514,d231,Drift,335.01683200000002,0,2.2091777929795605e-15,1.0383003827127821e-09
1,515,515,col43w,Marker,335.18498200000005,0,4.1379482578522801e-27,1.9448109941296451e-21
1,516,516,d232,Drift,335.87028700000002,0,9.0036312067841727e-15,4.2316529513907029e-09
1,517,517,scv43w,Marker,336.55559200000005,0,2.9229901816560541e-41,1.3786850390075338e-35
1,518,518,d233,Drift,336.78689200000008,0,3.0388511657182542e-15,1.4282419180562708e-09
1,519,519,det_i43aw,Marker,337.01819200000006,0,6.8795575648186252e-43,2.9684887037227271e-37
1,520,520,d234,Drift,337.04889200000002,0,3.9663544047263295e-16,1.9020522958932549e-10
1,521,521,q43aw,Quadrupole,337.37959200000006,0,8.3817763383838445e-16,4.0880088204816658e-10
1,522,522,d235,Drift,337.90510400000011,0,2.9906705289963909e-16,3.3028510748759066e-10
1,523,523,b44w,SBend,341.41825900000009,0,3.96910251000219e-15,4.4849847476053603e-09
1,524,524,d236,Drift,344.7971055000001,0,1.1481017773846154e-16,1.2986722140263808e-10
1,525,525,q44w,Quadrupole,345.18830900000012,0,6.9206020466629203e-16,3.6261381321533238e-10
1,526,526,d237,Drift,345.51985900000017,0,3.1181390394930011e-16,1.5870139025608056e-10
1,527,527,sex_44w,Sextupole,345.68740900000012,-0.45462766941440003,-3.6084744485108608e-12,2.0746413425358617e-06
1,528,528,d238,Drift,345.83695900000015,0,1.3391690644299542e-16,6.8158600248796806e-11
1,529,529,det_44w,Marker,345.85050900000016,0,-1.9502969231819471e-41,1.1244563113146172e-35
1,530,530,d239,Drift,347.73491050000013,0,1.7902865396453906e-14,9.5356325624889661e-09
1,531,531,oct_45w,Octupole,349.80981200000014,0,1.8098562636577114e-15,9.6398671045013176e-10
1,532,532,d240,Drift,350.58731200000011,0,5.5768274370930271e-15,2.9703947455841041e-09
1,533,533,det_45w,Marker,351.1743120000001,0,-1.7158017086911594e-41,5.1722876721591165e-36
1,534,534,d241,Drift,351.20451200000014,0,2.8191958215222464e-16,1.5319223583415294e-10
1,535,535,q45w,Quadrupole,351.53471200000013,0,9.0714487978510432e-16,4.8612704018397273e-10
1,536,536,d242,Drift,351.86696200000017,0,-3.2321169623437524e-17,2.3188565292599954e-11
1,537,537,sex_45w,Sextupole,352.03521200000012,0.45155618707040002,1.3016881228198251e-12,1.0854098203114501e-06
1,538,538,d243,Drift,352.43629900000013,0,-2.1008794118379431e-16,1.5072591735035265e-10
1,539,539,b46w,SBend,355.98902900000013,0,-1.5672690892438369e-15,8.4391471297525309e-10
1,540,540,d244,Drift,359.37297550000017,0,-7.3948585074459281e-17,5.2774872974678035e-11
1,541,541,q46w,Quadrupole,359.76927900000015,0,2.7420444310364365e-16,1.7217593466834964e-10
1,542,542,d245,Drift,360.10797900000017,0,8.3189907505118912e-17,7.1955688088188176e-11
1,543,543,det_46w,Marker,360.14667900000018,0,3.9368147713231612e-28,3.4051752699787792e-22
1,544,544,d246,Drift,360.76601200000022,0,1.2623178952113184e-15,1.1579905718886522e-09
1,545,545,b47w,SBend,363.02893050000023,0,3.8051985559895162e-15,3.4995489903196497e-09
1,546,546,d247,Drift,364.8463285000002,0,3.5412512839468594e-16,3.2650670708018351e-10
1,547,547,det_47w,Marker,365.02014100000019,0,2.0067554339169439e-55,8.6627681843302533e-50
1,548,548,d248,Drift,365.04334100000023,0,4.6376443415101238e-17,4.3665576211635874e-11
1,549,549,q47w,Quadrupole,365.36654100000021,0,5.6322112488958876e-16,3.1993242436812045e-10
1,550,550,d249,Drift,365.70749100000023,0,1.4539548571132522e-17,9.2131530184646995e-12
1,551,551,sex_47w,Sextupole,365.88444100000021,0.99295014106239998,9.9506727064141548e-13,8.6564563504686979e-07
1,552,552,d250,Drift,366.62623150000024,0,5.9216171853803626e-16,3.7523011790063926e-10
1,553,553,b47aw,SBend,368.82063300000021,0,2.5324063949923148e-15,1.6046885849211848e-09
1,554,554,d251,Drift,370.80991150000023,0,3.916534765243127e-16,2.4817575262250531e-10
1,555,555,det_i47aw,Marker,371.21057900000022,0,6.8795575648187344e-43,2.9684887037226974e-37
1,556,556,d252,Drift,371.29307900000026,0,8.0955830266233307e-17,5.0858684268479177e-11
1,557,557,q47aw,Quadrupole,371.67557900000025,0,-1.1349856023948297e-16,1.8857773051833074e-10
1,558,558,d253,Drift,372.13834750000024,0,-6.8708218286340812e-16,5.6376444381283842e-10
1,559,559,b48w!s1,SBend,373.27395800000011,0,-4.8155355515125881e-15,3.9646903945361933e-09
1,560,560,vbsm_positrons,Marker,374.24680000000001,0,0,0
1,561,561,b48w!s2,SBend,374.74661500000013,0,-2.6167468274465057e-15,2.1485104314354997e-09
1,562,562,d254,Drift,375.60162150000025,0,-1.5017104923407302e-15,1.2318862931566074e-09
1,563,563,det_i48w,Marker,375.95681300000024,0,1.6469224718725469e-43,1.7215595221380968e-37
1,564,564,d255,Drift,376.1028130000002,0,-6.1198388786560629e-16,5.0756723566315568e-10
1,565,565,hkick_48w,Kicker,376.37105300000024,0,-5.1238979762624562e-16,4.2496588279505506e-10
1,566,566,d256,Drift,376.65555300000022,0,-6.8014044962919215e-16,5.64094929173684e-10
1,567,567,sk_q48w,Quadrupole,376.90416300000027,0,-3.7533526242895417e-16,3.1129558371438719e-10
1,568,568,d257,Drift,377.81158400000021,0,-3.6961961629687505e-15,3.0655514076520978e-09
1,569,569,q48w,Quadrupole,378.93265500000024,0,-1.1085093322171191e-15,1.1687636458452543e-09
1,570,570,d258,Drift,379.45981500000022,0,-5.5802144412562626e-16,9.3774285211557748e-10
1,571,571,det_48w,Marker,379.68697500000025,0,1.6822547079843294e-42,6.2580930761726209e-37
1,572,572,d259,Drift,380.25810400000029,0,-1.3508123680467312e-15,2.3583120362893355e-09
1,573,573,chicane_49w1!s1,Kicker,380.93711650000012,0,-2.5516190931992172e-16,4.45473713586047e-10
1,574,574,chc49w_rfa1_tr,Marker,381.04500000000002,0,0,0
1,575,575,chicane_49w1!s2,Kicker,381.10856650000017,0,-1.5034504357855614e-16,2.6247947846409374e-10
1,576,576,d260,Drift,381.3658080000003,0,-4.5807266901503663e-16,7.9972490213087073e-10
1,577,577,chicane_49w2!s1,Kicker,381.6697415000001,0,-2.6077916807291819e-16,4.5528058924213681e-10
1,578,578,chc49w_rfa2_tr,Marker,381.77999999999997,0,-1.9405416584780424e-43,3.440274488309173e-37
1,579,579,chicane_49w2!s2,Kicker,381.84119150000015,0,-1.4472778482487008e-16,2.5267260280679951e-10
1,580,580,d261,Drift,382.09764300000023,0,-4.6182145011873788e-16,8.0626970125131081e-10
1,581,581,chicane_49w3!s1,Kicker,382.40395150000012,0,-2.6264764572048882e-16,4.5854266577477534e-10
1,582,582,chc49w_rfa3_tr,Marker,382.51499999999999,0,-4.6837722912545738e-43,1.7453103642006215e-37
1,583,583,chicane_49w3!s2,Kicker,382.57540150000011,0,-1.4285930717764466e-16,2.4941052627476337e-10
1,584,584,d262,Drift,382.8334480000002,0,-4.6746236048747312e-16,8.1611786901531716e-10
1,585,585,chicane_49w4!s1,Kicker,383.13804650000009,0,-2.5296230905027157e-16,4.4163354753956476e-10
1,586,586,chc49w_rfa4_tr,Marker,383.245,0,1.6265441718656003e-43,1.7266276483677763e-37
1,587,587,chicane_49w4!s2,Kicker,383.30949650000014,0,-1.525446438471714e-16,2.6631964450876927e-10
1,588,588,d263,Drift,383.55594200000024,0,-4.303387843269906e-16,7.5130577626259542e-10
1,589,589,q49!s1,Quadrupole,383.97544550000009,0,-4.0539694077983634e-16,4.8190093537034819e-10
1,590,590,ip_l3,Marker,384.21300000000002,0,-1.1819651206603012e-27,8.4412027095794604e-22
1,591,591,q49!s2,Quadrupole,384.45044550000011,0,3.8031239013747289e-16,2.0659888507726721e-10
1,592,592,d264,Drift,384.90237000000025,0,8.836413628578946e-16,4.7839932187201756e-10
1,593,593,det_49e,Marker,385.11684900000023,0,8.0211172829845957e-28,4.3425955711555481e-22
1,594,594,d265,Drift,385.34514900000022,0,9.1375938746258511e-16,5.1025270514919859e-10
1,595,595,vkick_49e,Kicker,385.65979900000025,0,3.3577503191860819e-16,1.8750025521903978e-10
1,596,596,d266!s1,Drift,386.03007450000013,0,1.0717110335530177e-15,5.9845454012473635e-10
1,597,597,d49e_rfa3_aps,Marker,386.31400000000002,0,2.1687254858980748e-43,2.3021702086799988e-37
1,598,598,d266!s2,Drift,386.37,0,2.1137875210299276e-16,1.1803608428157461e-10
1,599,599,d49e_rfa2_aps,Marker,386.42599999999999,0,-7.8845229422670475e-29,1.2315533550067046e-21
1,600,600,d266!s3,Drift,386.52800000000002,0,3.8501129846181529e-16,2.1499429636349715e-10
1,601,601,d49e_sp1_lbnl1,Marker,386.63,0,2.1687254780120253e-43,2.3021702097978029e-37
1,602,602,d266!s4,Drift,387.34249999999997,0,2.6894171584004141e-15,1.5017983937315978e-09
1,603,603,d49e_rfa1_slac2,Marker,388.05500000000001,0,-7.3113071902384036e-43,3.1535721580241317e-37
1,604,604,d266!s5,Drift,388.55314050000015,0,1.8802913796434847e-15,1.0499741793033994e-09
1,605,605,det_48e,Marker,389.05128100000024,0,2.1687254175870344e-43,2.3021702183628507e-37
1,606,606,d267,Drift,389.13494100000025,0,3.1195186109744893e-16,1.7623297509012866e-10
1,607,607,q48e,Quadrupole,389.51860100000027,0,7.236414347400441e-16,4.1762052305079874e-10
1,608,608,d268,Drift,390.49658600000032,0,4.0571769917805479e-16,2.6464661889103059e-10
1,609,609,sk_q48e,Quadrupole,391.26092100000034,0,9.8662316136878936e-17,6.4356690454760572e-11
1,610,610,d269,Drift,391.48348350000032,0,2.2975717305016217e-16,1.4986888453944599e-10
1,611,611,hkick_48e,Kicker,391.74352100000033,0,2.0886249024303252e-16,1.3623943931447533e-10
1,612,612,d270,Drift,392.0451335000003,0,2.9988402975648038e-16,1.956121083582228e-10
1,613,613,det_i48e,Marker,392.22292100000033,0,-2.9401886142654276e-28,1.9178630294995253e-22
1,614,614,d271,Drift,392.70676650000036,0,8.1439869325368936e-16,5.3087900067147071e-10
1,615,615,b48e!s1,SBend,393.68590600000016,0,1.0269868099270514e-15,6.8350181121037551e-10
1,616,616,vbsm_electrons,Marker,394.18119999999999,0,9.6510335187529951e-28,7.5136427693236451e-22
1,617,617,b48e!s2,SBend,395.15856300000019,0,1.8612964820507389e-15,1.224204465840982e-09
1,618,618,d272,Drift,396.47071750000032,0,5.6398511546749437e-16,3.6758450159875553e-10
1,619,619,det_i47ae,Marker,396.80550900000031,0,5.4182418898089876e-43,2.3432689764556845e-37
1,620,620,d273,Drift,396.86579950000032,0,1.0213874342620562e-16,6.5853574177852316e-11
1,621,621,q47ae,Quadrupole,397.22609000000034,0,-1.3384877525353636e-16,2.3138307360583467e-10
1,622,622,d274,Drift,397.77695950000032,0,-1.2078670573104184e-15,1.0234860770692073e-09
1,623,623,b47ae,SBend,399.6164400000003,0,-4.493130021031896e-15,3.8072534482625513e-09
1,624,624,d275,Drift,401.42567700000035,0,-1.0622529936354451e-15,9.0010000912836946e-10
1,625,625,det_47e,Marker,401.64630300000033,0,0,0
1,626,626,d276,Drift,401.80955300000034,0,-7.7916574180171066e-16,6.6744320766032962e-10
1,627,627,sex_47e,Sextupole,402.10880300000031,0.93581363653760008,5.3408459351580278e-13,3.4481889511376664e-07
1,628,628,d277,Drift,402.2777530000003,0,-2.6852198867081031e-16,2.3001932429851697e-10
1,629,629,q47e,Quadrupole,402.61070300000034,0,-1.0155304487260822e-15,1.3936528422168588e-09
1,630,630,d278,Drift,403.10040300000031,0,4.4708319781136525e-16,6.0533427183498429e-10
1,631,631,sk_q47e,Quadrupole,403.36610300000029,0,1.7911609401218123e-16,2.4251662972896226e-10
1,632,632,d279,Drift,403.60334500000027,0,3.8001364776658191e-16,5.1452455803524963e-10
1,633,633,b47e,SBend,405.40817250000032,0,2.7223578387508552e-15,3.7053065299848791e-09
1,634,634,d280,Drift,407.66693450000025,0,1.4316311417335216e-15,1.9588329017306534e-09
1,635,635,det_46e,Marker,408.28211100000027,0,1.672963757024861e-27,8.9519035934496108e-22
1,636,636,d281,Drift,408.32646100000028,0,1.1591290224766819e-16,1.4062552819648974e-10
1,637,637,q46e,Quadrupole,408.6708110000003,0,-8.7196080768053005e-17,5.0493517342697465e-10
1,638,638,d282,Drift,409.06563650000032,0,-6.6438749207252837e-17,5.0304191533539805e-11
1,639,639,b46e,SBend,412.44810500000034,0,-1.321873174040696e-15,1.0041226515302143e-09
1,640,640,d283,Drift,416.0044505000003,0,-1.7827961653896594e-16,1.3427637822033069e-10
1,641,641,sex_45e,Sextupole,416.40915300000029,0.48130360546400003,1.2281300386080615e-12,1.3463456907072963e-06
1,642,642,d284,Drift,416.57710300000031,0,-4.9682549269344134e-17,3.7419829064887534e-11
1,643,643,q45e,Quadrupole,416.90905300000031,0,-1.0550680677567659e-15,2.2491178923660286e-09
1,644,644,d285,Drift,417.24475300000029,0,-1.0797926837095671e-16,6.1195916723000803e-10
1,645,645,det_45e,Marker,417.28045300000031,0,1.4083858303160884e-41,4.589513882815705e-36
1,646,646,d286,Drift,417.86595300000027,0,-1.4162576659720627e-15,1.0018434696744342e-08
1,647,647,oct_45e,Octupole,418.64195300000029,0,-4.6079775468456088e-16,3.2596273436904311e-09
1,648,648,d287,Drift,420.71166200000027,0,-4.5455920618506631e-15,3.2154966093993772e-08
1,649,649,det_44e,Marker,422.59087100000028,0,4.5725263382352265e-43,7.5085640568421228e-37
1,650,650,d288,Drift,422.60387100000031,0,-1.3724069943792772e-17,2.2141134491541575e-10
1,651,651,sex_44e,Sextupole,422.75287100000025,-0.37506336003680002,3.2563921374123289e-14,1.8315670476896405e-07
1,652,652,d289,Drift,422.92092100000025,0,-3.3835110900387217e-17,5.4586412343388446e-10
1,653,653,q44e,Quadrupole,423.25297100000029,0,-1.1910656766010573e-16,1.3162382957221977e-09
1,654,654,d290,Drift,423.64208650000029,0,1.8136241253635555e-16,2.2084692533061095e-10
1,655,655,b44e,SBend,427.01884500000028,0,9.6013888493641598e-15,1.3520287452392116e-08
1,656,656,d291,Drift,430.53325650000028,0,4.7123113370329565e-16,5.8367506276058802e-10
1,657,657,q43ae,Quadrupole,431.06002500000028,0,-7.4770125846671834e-16,2.1986533138238704e-09
1,658,658,d292,Drift,431.3842250000003,0,-2.0555230949845243e-16,6.7932438303730532e-10
1,659,659,det_i43e2,Marker,431.40842500000031,0,8.2491850893545498e-42,3.256794036299263e-35
1,660,660,d293,Drift,431.93955800000032,0,-3.8442324374721671e-15,1.4868809238303307e-08
1,661,661,det_i43e,Marker,432.47069100000033,0,-2.7303059962659196e-42,1.2229882608305734e-36
1,662,662,d294,Drift,432.68139100000036,0,-1.214016270878087e-15,5.8790373371763856e-09
1,663,663,col43e,Marker,432.89209100000033,0,-1.0804530296188148e-42,8.0562732561836277e-37
1,664,664,d295,Drift,433.23639100000037,0,-1.983795928157011e-15,9.6067990279388359e-09
1,665,665,det_43e,Marker,433.58069100000034,0,-3.7796586833460114e-43,3.5870960333506046e-37
1,666,666,d296,Drift,433.59839100000033,0,-7.1792961459792702e-17,4.9195568028640044e-10
1,667,667,sex_43e,Sextupole,433.75209100000029,-0.6545528966016001,-2.5339766111077938e-12,1.8117095343072978e-05
1,668,668,d297,Drift,433.92009100000035,0,-1.4753800052677118e-16,1.0109926647599259e-09
1,669,669,q43e,Quadrupole,434.25209100000035,0,-3.4855136900559415e-16,2.3923483873444131e-09
1,670,670,d298,Drift,434.63065700000033,0,-9.786034944884681e-17,7.684944526467153e-10
1,671,671,b43e,SBend,437.99635400000034,0,-5.5539199200796656e-15,4.3581131329059486e-08
1,672,672,d299,Drift,441.53482150000036,0,-3.1615608381119737e-16,2.4810423008839523e-09
1,673,673,det_42e,Marker,441.78615800000034,0,8.3183044357512411e-43,4.8979034100399833e-37
1,674,674,d300,Drift,441.80485800000031,0,-4.3706395584985666e-17,1.8519386419267199e-10
1,675,675,sex_42e,Sextupole,441.9595580000003,0.48985503761760002,5.6551144802177304e-13,3.8409619725777102e-06
1,676,676,d301,Drift,442.12605800000028,0,-7.128583237205918e-17,3.0205416352629399e-10
1,677,677,q42e,Quadrupole,442.45655800000031,0,-2.0434287631898047e-16,8.0689838438856041e-10
1,678,678,d302,Drift,442.83512400000029,0,1.8652248050184426e-17,1.1939000905375083e-10
1,679,679,b42e,SBend,446.2008210000003,0,8.8173642390272866e-16,5.692622317484371e-09
1,680,680,d303,Drift,449.73222400000026,0,5.7577209816701661e-17,3.6560783713018107e-10
1,681,681,det_41e,Marker,449.97649600000028,0,2.1987821613233833e-42,2.0890957355577334e-36
1,682,682,d304,Drift,450.00084600000025,0,2.3430766731626533e-17,3.6133432849902869e-11
1,683,683,sex_41e,Sextupole,450.16119600000025,-1.0285654489392002,1.1867019801065279e-13,4.1465449736451795e-06
1,684,684,d305,Drift,450.32909600000028,0,3.729222559974853e-17,5.7509689928861885e-11
1,685,685,q41e,Quadrupole,450.6609960000003,0,-2.9554280779726917e-16,7.6794805855275566e-10
1,686,686,d306,Drift,451.03956200000027,0,-2.4965202426420557e-16,7.7182068853699057e-10
1,687,687,b41e,SBend,454.40525900000029,0,-5.5725819400979694e-15,1.7075256120747896e-08
1,688,688,d307,Drift,457.93676150000027,0,-7.7723500426210049e-16,2.4114963326905515e-09
1,689,689,det_40e,Marker,458.18113300000027,0,-4.1926181742031821e-28,1.300827072380854e-21
1,690,690,d308,Drift,458.20483300000024,0,-9.2084896543831499e-17,2.3403128393490948e-10
1,691,691,sex_40e,Sextupole,458.36453300000022,-0.0061426210902560006,-9.0163790300756432e-15,9.2634918076695024e-09
1,692,692,d309,Drift,458.53298300000029,0,-1.2608248493067946e-16,3.2043523897521842e-10
1,693,693,q40e,Quadrupole,458.86543300000028,0,-1.6628336610077154e-15,2.5129394039685508e-09
1,694,694,d310,Drift,459.24399900000026,0,-5.505940563268671e-16,6.1374113907341844e-10
1,695,695,b40e,SBend,462.60969600000027,0,-1.0625803760075171e-14,1.186306329397277e-08
1,696,696,d311,Drift,466.14119850000026,0,-1.7061860862311339e-15,1.9034631172089493e-09
1,697,697,det_39e,Marker,466.38557000000026,0,3.0221323559247078e-27,3.3715651072582868e-21
1,698,698,d312,Drift,466.40907000000027,0,-1.5915858897968798e-16,1.8219052201099408e-10
1,699,699,sex_39e,Sextupole,466.56857000000025,-0.65454431424000026,2.618218867353155e-12,2.4612655266763352e-06
1,700,700,d313,Drift,466.73722000000026,0,-1.9920806071450309e-16,2.2803557635841268e-10
1,701,701,q39e,Quadrupole,467.06987000000026,0,-3.9644017341222786e-16,5.2279140384923829e-10
1,702,702,d314,Drift,467.44843600000024,0,-1.2371371350293341e-16,1.0370597391475069e-10
1,703,703,b39e,SBend,470.81413300000025,0,-5.2333262184491145e-15,4.3727774976476794e-09
1,704,704,d315,Drift,474.28308850000025,0,-2.9017041902855937e-16,2.4330602485536084e-10
1,705,705,bump_38e,Kicker,474.57941300000022,0,-1.8272847157044801e-16,1.5321664487566812e-10
1,706,706,d316,Drift,474.75841300000025,0,-1.0293437917829613e-16,8.6309813049416066e-11
1,707,707,det_38e,Marker,474.82291300000026,0,1.429082693258698e-42,5.5498786232292119e-37
1,708,708,d317,Drift,474.8442630000003,0,-3.649503019627585e-17,2.864626715286456e-11
1,709,709,sex_38e,Sextupole,475.00161300000025,0.49091463012800002,7.8012614726072287e-13,1.1133102496827846e-06
1,710,710,d318,Drift,475.16846300000026,0,-5.2734036606119592e-17,4.1392849726205973e-11
1,711,711,q38e,Quadrupole,475.49931300000026,0,1.8644426843265053e-16,2.8817126934178842e-10
1,712,712,d319,Drift,475.87787900000023,0,1.3279395419814395e-16,2.7219493121264937e-10
1,713,713,b38e,SBend,479.24357600000025,0,7.4068948922411813e-15,1.4731699450639479e-08
1,714,714,d320,Drift,482.7749135000002,0,4.1170351387248616e-16,8.3940388615782792e-10
1,715,715,det_37e,Marker,483.01912000000021,0,0,0
1,716,716,d321,Drift,483.04337000000021,0,6.0858414349976599e-17,8.2814838867610316e-11
1,717,717,sex_37e,Sextupole,483.20362000000017,-0.38404078441920003,-9.1887920136251042e-14,3.4777489708465007e-06
1,718,718,d322,Drift,483.37167000000017,0,8.7113856472881563e-17,1.1854268738336708e-10
1,719,719,q37e,Quadrupole,483.7037200000002,0,-5.4335645528639895e-17,4.0636844719151439e-10
1,720,720,d323,Drift,484.08228600000018,0,-2.4074103710602221e-16,3.8231584679326096e-10
1,721,721,b37e,SBend,487.44798300000019,0,-1.5179463388653864e-14,2.3824896407390865e-08
1,722,722,d324,Drift,490.89594400000021,0,-4.9384807749935114e-16,7.8790940451252422e-10
1,723,723,det_36e,Marker,491.05677400000019,0,-6.0254401222647395e-43,2.5968341026230647e-37
1,724,724,d325,Drift,491.0698740000002,0,-4.8330409028152332e-17,6.4292880452971858e-11
1,725,725,sex_36e,Sextupole,491.21897400000017,0.22435076753488004,-7.7739006245233293e-13,8.2613097511625733e-07
1,726,726,d326,Drift,491.38682400000016,0,-1.1750561279450227e-16,1.5631513301591447e-10
1,727,727,q36e,Quadrupole,491.71867400000019,0,-1.0100170213321166e-15,7.9010357219516878e-10
1,728,728,d327,Drift,492.18002400000017,0,-3.5129706184452975e-16,1.8231723576166719e-10
1,729,729,bump_36e,Kicker,492.45647400000024,0,-2.5059988731453539e-16,1.3005710465518039e-10
1,730,730,d328,Drift,492.63107400000024,0,-1.2954555426510647e-16,6.7231952453049083e-11
1,731,731,pinger_36e,Kicker,492.94617400000021,0,-5.565015742558455e-16,2.8881490833602271e-10
1,732,732,d329,Drift,493.99565950000022,0,-1.7284762540481738e-15,8.9704995271838867e-10
1,733,733,b36e,SBend,498.07667600000019,0,-9.5913427830608794e-15,4.9643441928703751e-09
1,734,734,d330,Drift,501.69157250000018,0,-7.1357521847979929e-16,3.7065188018014138e-10
1,735,735,det_35e,Marker,502.01933800000018,0,-9.8043438545863761e-43,5.1796588968504867e-37
1,736,736,d331,Drift,502.03761300000014,0,-4.3890234781432088e-17,2.0508273117312771e-11
1,737,737,sex_35e,Sextupole,502.19188800000012,-0.27227086007520002,1.3775337986111309e-13,6.7675417454309105e-08
1,738,738,d332,Drift,502.35866300000015,0,-1.1914381097182452e-16,5.5671468330385424e-11
1,739,739,q35e,Quadrupole,502.68943800000017,0,-3.4072576549992269e-16,2.8046852852166088e-10
1,740,740,d333,Drift,503.06800400000014,0,1.728861390205989e-16,1.3590977749198332e-10
1,741,741,b35e,SBend,506.43370100000016,0,6.1519859826955818e-15,4.7979081580308996e-09
1,742,742,d334,Drift,509.84757950000011,0,2.8181984395306339e-16,2.2016813066111218e-10
1,743,743,sex_34e,Sextupole,510.1103270000001,0.10192273274784001,-4.1727709848702957e-13,1.9357181715463304e-07
1,744,744,d335,Drift,510.26772700000009,0,3.3198201371595518e-17,2.5935668101900997e-11
1,745,745,q34e,Quadrupole,510.58912700000013,0,-8.6305059965936452e-16,6.5624088137154641e-10
1,746,746,d336!s1,Drift,511.27757700000012,0,-3.8992436682016495e-15,2.0723219462804996e-09
1,747,747,injs34e,Marker,511.66602700000016,0,-1.4645804737202154e-41,7.0382098688719744e-36
1,748,748,d336!s2,Drift,513.40782400000012,0,-1.7484080122408085e-14,9.2922233210687234e-09
1,749,749,det_34e,Marker,515.14962100000014,0,4.4155522227384846e-27,2.3467232506525592e-21
1,750,750,d337,Drift,515.5234710000002,0,-3.817364858719697e-15,1.9820256613868197e-09
1,751,751,det_33e,Marker,515.89732100000015,0,-2.7767925658783919e-42,3.1210526251636571e-36
1,752,752,d338,Drift,515.91002100000014,0,-1.3167072636603507e-16,6.6878588048992439e-11
1,753,753,sex_33e,Sextupole,516.05872100000022,-0.21013548676064006,3.6231773389146852e-12,1.7304140872916675e-06
1,754,754,d339,Drift,516.22687100000019,0,-3.2475848792489473e-16,1.6495229979169053e-10
1,755,755,q33e,Quadrupole,516.55902100000026,0,-7.0545434687697981e-16,3.7081509136532221e-10
1,756,756,d340,Drift,516.9376020000002,0,-2.863740580018398e-16,1.3849392017670022e-10
1,757,757,b33e,SBend,520.30331400000011,0,-6.4340551841384798e-15,3.1122846012176832e-09
1,758,758,d341,Drift,523.95800500000018,0,-1.3577905560569015e-15,6.5644168364832931e-10
1,759,759,det_32e,Marker,524.32556500000021,0,-1.7523695845616988e-27,9.1278192303579058e-22
1,760,760,d342,Drift,524.34031500000015,0,-5.524953399681993e-17,2.6432251664736331e-11
1,761,761,sex_32e,Sextupole,524.49106500000028,0.2687364871656,-2.919249792764986e-12,1.5304801044388639e-06
1,762,762,d343,Drift,524.65776500000027,0,-1.1499394534276559e-16,5.5014923807338331e-11
1,763,763,q32e,Quadrupole,524.98846500000036,0,-3.8727368449920068e-17,1.0924332616978368e-10
1,764,764,d344,Drift,525.3670460000003,0,5.9205618004416255e-17,1.3756733631028249e-10
1,765,765,b32e,SBend,528.73275800000022,0,1.4404154187888653e-15,3.2642615729468986e-09
1,766,766,d345,Drift,532.26438000000019,0,1.8615266285470363e-16,4.2417051179262932e-10
1,767,767,det_31e,Marker,532.50887100000023,0,1.3772434565176367e-42,5.9356208059955224e-37
1,768,768,d346,Drift,532.53272100000015,0,2.7871802221463475e-17,4.1139039417087885e-11
1,769,769,sex_31e,Sextupole,532.69257100000027,-1.0363897738480001,4.6399095954866513e-12,4.3265295145215192e-06
1,770,770,d347,Drift,532.86072100000024,0,3.6840136013854831e-17,5.437638354205153e-11
1,771,771,q31e,Quadrupole,533.19287100000031,0,-4.0149881536895038e-16,2.3414946629116737e-10
1,772,772,d348,Drift,533.57145200000025,0,-5.0889241202013259e-16,2.5598827171944567e-10
1,773,773,b31e,SBend,536.93716400000017,0,-2.0099857699372402e-14,9.9779435712254043e-09
1,774,774,d349,Drift,540.59185500000024,0,-2.3920043357704878e-15,1.2052647909285618e-09
1,775,775,det_30e,Marker,540.95941500000026,0,-1.3903714461861518e-43,5.0524537164591978e-37
1,776,776,d350,Drift,540.9723650000002,0,-8.8523872850349546e-17,4.2501730274247214e-11
1,777,777,sex_30e,Sextupole,541.12131500000032,-0.062302540208800002,1.9498796594750548e-14,2.910665489776889e-08
1,778,778,d351,Drift,541.28981500000032,0,-2.2216415966565441e-16,1.0666457404859633e-10
1,779,779,q30e,Quadrupole,541.62231500000041,0,-1.3412991659280308e-15,5.4344745669863271e-10
1,780,780,d352,Drift,542.00089600000035,0,-1.0755935931728673e-16,4.5453933739092551e-11
1,781,781,b30e,SBend,545.36660800000027,0,-5.6239361012958038e-15,2.4032855985169257e-09
1,782,782,d353,Drift,548.90383850000023,0,-3.4600331540849633e-16,1.4614156100527197e-10
1,783,783,sk_sex_29e,Sextupole,549.21763800000019,0,-8.8126570397398791e-17,3.7222055369615445e-11
1,784,784,d354,Drift,549.76233800000023,0,-6.6544553154212645e-16,2.8106449971074843e-10
1,785,785,det_29e,Marker,550.24333800000022,0,4.3049265619553384e-42,1.7210889268346722e-36
1,786,786,d355,Drift,550.25668800000028,0,-1.9305083740710883e-17,7.7410686502141318e-12
1,787,787,sex_29e,Sextupole,550.40603800000031,-0.72098578103200006,3.2837359561696853e-12,1.6156718186278118e-06
1,788,788,d356,Drift,550.57438800000034,0,1.1586166841208113e-17,4.6458909017373162e-12
1,789,789,q29e,Quadrupole,550.90673800000036,0,2.1312534398663958e-16,2.1285390742416667e-10
1,790,790,d357,Drift,551.28531950000024,0,3.8617568311226659e-16,2.4127087591523575e-10
1,791,791,b29e,SBend,554.65103200000021,0,2.5278739493401646e-14,1.5768929154912189e-08
1,792,792,d358,Drift,558.11762250000027,0,8.8625517857976047e-16,5.5298438836785054e-10
1,793,793,bump_28e,Kicker,558.41138200000034,0,5.6446700738523871e-16,3.5220267297390516e-10
1,794,794,d359,Drift,558.5999820000003,0,3.6692824714454721e-16,2.289471443746461e-10
1,795,795,det_28e,Marker,558.67428200000029,0,3.4424288656254241e-43,1.4839538797827334e-37
1,796,796,d360,Drift,558.68673200000035,0,6.1383304019457378e-17,3.8416503952904232e-11
1,797,797,sex_28e,Sextupole,558.83518200000037,0.20131291634928003,3.2127820105322805e-13,1.1567201275422581e-07
1,798,798,d361,Drift,559.00368200000037,0,1.602375406136437e-16,1.0028404646378511e-10
1,799,799,q28e,Quadrupole,559.33618200000046,0,9.6244941557215864e-16,9.8509803561994444e-10
1,800,800,d362,Drift,559.7147630000004,0,7.7347534684193701e-17,2.9588160698719563e-10
1,801,801,b28e,SBend,563.08047500000032,0,4.8283208678657283e-15,1.8741544123881368e-08
1,802,802,d363,Drift,566.61080600000037,0,2.4170845124653919e-16,9.1225635893510374e-10
1,803,803,det_27e,Marker,566.85400600000037,0,-8.8606423260970455e-43,3.9489405438120393e-37
1,804,804,d364,Drift,566.87910600000043,0,3.5028760950141891e-17,9.3759523394598883e-11
1,805,805,sex_27e,Sextupole,567.04020600000047,-0.68065802517439999,-7.7674893696301669e-13,9.9841308653070053e-07
1,806,806,d365,Drift,567.20840600000042,0,5.2102678688863856e-17,1.3946032314419597e-10
1,807,807,q27e,Quadrupole,567.54060600000048,0,4.9805002049800757e-18,3.3414882383692576e-10
1,808,808,d366,Drift,567.91919550000046,0,-3.517273057667582e-16,1.8357829740461296e-10
1,809,809,b27e,SBend,571.28491600000041,0,-1.1023273988256877e-14,5.4848606380842509e-09
1,810,810,d367,Drift,574.75252350000039,0,-8.1094525081004257e-16,4.2426706472624481e-10
1,811,811,bump_26e,Kicker,575.04730000000052,0,-5.135906457129224e-16,2.6869828204848513e-10
1,812,812,d368,Drift,575.23425000000054,0,-3.2644234828400966e-16,1.7078679081042104e-10
1,813,813,det_26e,Marker,575.3069000000005,0,-1.8828102560417117e-27,9.8504107394346492e-22
1,814,814,d369,Drift,575.32075000000043,0,-6.4333517067311726e-17,3.2587968729216214e-11
1,815,815,sex_26e,Sextupole,575.47060000000056,0.37586853976800005,8.6035682184724791e-13,5.3022048238672178e-07
1,816,816,d370,Drift,575.63835000000051,0,-1.4747936222977466e-16,7.4705271274372627e-11
1,817,817,q26e,Quadrupole,575.97010000000057,0,-9.8268515543979319e-16,3.6855711683859636e-10
1,818,818,d371,Drift,576.34868950000055,0,-6.2485767406941361e-17,1.9999603670042264e-11
1,819,819,b26e,SBend,579.7144100000005,0,-1.9500870461400869e-15,6.274094550953015e-10
1,820,820,d372,Drift,583.24468000000047,0,-1.9657535452953739e-16,6.2919704735743691e-11
1,821,821,det_25e,Marker,583.48781900000051,0,9.9559371707927736e-43,3.1378439795403448e-37
1,822,822,d373,Drift,583.51311900000053,0,-2.0901360802988547e-17,6.5063910775984008e-12
1,823,823,sex_25e,Sextupole,583.67441900000063,-0.23828932174880002,-8.9024032419253373e-13,2.958482897600004e-07
1,824,824,d374,Drift,583.84251900000061,0,4.3138022088018312e-17,1.3428448255799021e-11
1,825,825,q25e,Quadrupole,584.17461900000069,0,3.088306579457473e-16,1.3256646901461575e-10
1,826,826,d375,Drift,584.55320850000066,0,3.9100923909571573e-16,1.4734403303747182e-10
1,827,827,b25e,SBend,587.91892900000062,0,1.3057866583362647e-14,4.9141377229697851e-09
1,828,828,d376,Drift,591.44994850000069,0,1.2185620719871843e-15,4.5887444587457107e-10
1,829,829,det_24e,Marker,591.69383700000071,0,-2.0210386664657855e-27,8.2851773731218739e-22
1,830,830,d377,Drift,591.71793700000069,0,1.2090074484700118e-16,4.5392282856355703e-11
1,831,831,sex_24e,Sextupole,591.87803700000075,0.59280846844640023,-8.1524239716963974e-14,2.7900173780855604e-08
1,832,832,d378,Drift,592.04658700000073,0,1.6329125496462988e-16,6.1307834312198264e-11
1,833,833,q24e,Quadrupole,592.37913700000081,0,1.2643907544976399e-15,5.9665609906439802e-10
1,834,834,d379,Drift,592.75772700000084,0,2.6146751804687697e-16,1.8001201190797037e-10
1,835,835,b24e,SBend,596.12344800000074,0,1.0402596841633189e-14,7.1864441019679569e-09
1,836,836,d380,Drift,600.33728700000086,0,3.078301994736384e-15,2.1145050209138366e-09
1,837,837,sk_sex_23e,Sextupole,601.3270950000009,0,2.0960308520590239e-16,1.4397767887834212e-10
1,838,838,d381,Drift,601.65464500000087,0,8.7843955434577074e-16,6.0340566046136515e-10
1,839,839,det_23e,Marker,601.91909500000088,0,-3.6860950717920988e-27,2.5320019121572804e-21
1,840,840,d382,Drift,601.93354500000089,0,5.292846167339158e-17,3.2769233240260564e-11
1,841,841,sex_23e,Sextupole,602.08399500000098,-0.73357873032639997,9.127235950503021e-13,1.3811693384075441e-06
1,842,842,d383,Drift,602.25179500000093,0,-3.9648112389355228e-17,2.4547062229767848e-11
1,843,843,q23e,Quadrupole,602.58359500000097,0,-7.0608839649218789e-16,2.3078277717491972e-10
1,844,844,d384,Drift,602.96218450000094,0,-1.3753122529650519e-16,3.0643053148033848e-10
1,845,845,b23e,SBend,606.3279050000009,0,-8.1362575394995583e-15,1.8440338485741314e-08
1,846,846,d385,Drift,609.85852500000101,0,-4.2193132978245838e-16,9.5354401405515501e-10
1,847,847,det_22e,Marker,610.10201400000096,0,-4.6444336632841204e-28,1.0496191218092682e-21
1,848,848,d386,Drift,610.12706400000104,0,-5.2502665393874161e-17,9.8399986267859716e-11
1,849,849,sex_22e,Sextupole,610.28811400000109,0.83674279542560004,3.1090050719278979e-12,1.5232661980326678e-06
1,850,850,d387,Drift,610.45611400000098,0,-6.7069273155475058e-17,1.2570058125571692e-10
1,851,851,q22e,Quadrupole,610.78811400000109,0,-2.9666714744498932e-15,1.0228482722266358e-09
1,852,852,d388,Drift,611.16670350000106,0,-1.5875050550020533e-15,4.027297423658143e-10
1,853,853,b22e,SBend,614.53242400000101,0,-9.4595633864718394e-14,2.3997326798335492e-08
1,854,854,d389,Drift,618.06381350000106,0,-4.9058973319533624e-15,1.2445853577408514e-09
1,855,855,det_21e,Marker,618.30807200000106,0,-6.6753110504208709e-27,1.6934709044168952e-21
1,856,856,d390,Drift,618.33082200000104,0,-4.7631350922040525e-16,1.150291029603801e-10
1,857,857,sex_21e,Sextupole,618.48957200000109,-1.026784275544,-9.2430113043745594e-12,2.6232726500791188e-06
1,858,858,d391,Drift,618.65907200000106,0,-7.7288757317015022e-16,1.8665135989214062e-10
1,859,859,q21e,Quadrupole,618.99257200000113,0,-1.670134059327704e-15,4.1005914802628866e-10
1,860,860,d392,Drift,619.37116150000111,0,-3.0807268811438529e-16,1.292269771585422e-10
1,861,861,b21e,SBend,622.73688200000106,0,-1.0756928988707865e-14,4.3482401634805772e-09
1,862,862,d393,Drift,626.26755200000105,0,-9.7320075771099897e-16,4.0697475070792201e-10
1,863,863,det_20e,Marker,626.5110910000011,0,-3.2781170627335904e-41,1.3159366487387141e-35
1,864,864,d394,Drift,626.53449100000103,0,-9.2390011584133728e-17,3.9213229135995436e-11
1,865,865,sex_20e,Sextupole,626.69389100000114,0.46110346399200008,-1.2491973579648889e-11,3.007137561345549e-06
1,866,866,d395,Drift,626.86349100000109,0,-1.3266258073596433e-16,5.6306175169546706e-11
1,867,867,q20e,Quadrupole,627.19709100000114,0,-7.2753670731319309e-16,5.5712667938746274e-10
1,868,868,d396,Drift,627.57568050000111,0,-9.4203988614785261e-16,4.5704141558673617e-10
1,869,869,b20e,SBend,630.94140100000106,0,-2.0429946077671356e-14,9.6772105617835085e-09
1,870,870,d397,Drift,634.49754000000109,0,-3.1876360596947508e-15,1.5525221163337904e-09
1,871,871,sex_19e,Sextupole,634.90254800000116,-0.51073970726400009,3.4262142275073803e-11,1.0043830272266631e-05
1,872,872,d398,Drift,635.07004800000107,0,-3.3423232626601904e-16,1.6278617408144934e-10
1,873,873,q19e,Quadrupole,635.40154800000118,0,-7.4215600951942765e-15,1.8882935099765114e-09
1,874,874,d399,Drift,635.77324800000122,0,-6.785230154460087e-15,1.7658166639248918e-09
1,875,875,det_19e,Marker,635.84494800000118,0,-7.983666197802096e-43,2.7029608131876289e-37
1,876,876,d400!s1,Drift,638.04247400000054,0,-2.1230443689060525e-13,5.4308827558792064e-08
1,877,877,scw19ea_rfa1_wg1,Marker,640.24000000000001,0,-1.9554958463660255e-43,9.6487217304727463e-38
1,878,878,d400!s2,Drift,640.28899999999999,0,-4.733922332525011e-15,1.2109674927156089e-09
1,879,879,scw19ea_rfa2_wg1,Marker,640.33799999999997,0,-6.4077162104551006e-27,1.6391346305145597e-21
1,880,880,d400!s3,Drift,640.41399999999999,0,-7.3424101483520665e-15,1.8782352948103777e-09
1,881,881,scw19ea_rfa3_wg1,Marker,640.49000000000001,0,-3.2038581052275198e-27,8.1956731525726723e-22
1,882,882,d400!s4,Drift,640.94426650000059,0,-4.3886986311366356e-14,1.1226570704630119e-08
1,883,883,det_18e,Marker,641.39853300000118,0,-1.6019290526138058e-27,4.0978365762864537e-22
1,884,884,d401,Drift,641.41263300000116,0,-1.3657998980914473e-15,3.485830719674364e-10
1,885,885,sex_18e,Sextupole,641.56273300000123,0.22632810801008005,2.3209934436907409e-14,1.2514728287693453e-07
1,886,886,d402,Drift,641.73008300000117,0,-3.0367253053127108e-15,7.7504108553994351e-10
1,887,887,q18e,Quadrupole,642.06143300000122,0,-3.0892238456865457e-14,7.400670583340592e-09
1,888,888,d403,Drift,642.44002250000119,0,-8.9118999961556729e-15,2.0678148829177923e-09
1,889,889,b18e,SBend,645.80574300000114,0,-1.7964088290831246e-13,4.1712896898098166e-08
1,890,890,d404,Drift,649.3375325000012,0,-2.7646999408928206e-14,6.4153728661116135e-09
1,891,891,det_17e,Marker,649.58219100000122,0,1.4528865870648696e-26,3.3713637600699014e-21
1,892,892,d405,Drift,649.60459100000128,0,-2.4817274707126509e-15,5.8449152708267378e-10
1,893,893,sex_17e,Sextupole,649.76299100000131,-0.81155029449920002,1.7471890108685517e-11,4.0385710113365607e-06
1,894,894,d406,Drift,649.93244100000129,0,-3.9338396042466072e-15,9.2649009398447531e-10
1,895,895,q17e,Quadrupole,650.26589100000137,0,-8.9592898215809677e-15,2.1059705183059628e-09
1,896,896,d407,Drift,650.64448050000135,0,-3.5909785234194273e-15,8.5148890923941366e-10
1,897,897,b17e,SBend,654.0102010000013,0,-2.0962066134511748e-13,4.9732589633388617e-08
1,898,898,d408,Drift,657.54094050000128,0,-1.1224302602373028e-14,2.6607603903174811e-09
1,899,899,det_16e,Marker,657.78454900000133,0,-3.7676064524886092e-43,1.6231231210043197e-37
1,900,900,d409,Drift,657.80954900000131,0,-1.1632699492767436e-15,2.7374712188472581e-10
1,901,901,sex_16e,Sextupole,657.97054900000137,0.39623803143200004,2.1576970948240728e-11,5.4402805807038654e-06
1,902,902,d410,Drift,658.1384490000014,0,-1.4843324552617785e-15,3.4930132752130217e-10
1,903,903,q16e,Quadrupole,658.47034900000142,0,-3.9877372149681017e-15,9.650090580774475e-10
1,904,904,d411,Drift,658.8489385000014,0,2.4930009626928194e-16,1.8591701622741935e-10
1,905,905,b16e,SBend,662.21465900000135,0,1.7837653944092177e-14,1.2748385077157147e-08
1,906,906,d412,Drift,665.77122900000131,0,8.5160648100349673e-16,6.2963620065285037e-10
1,907,907,sex_15e,Sextupole,666.17666800000143,-0.49898616016960007,-9.2771370392113863e-12,6.6779978367823862e-06
1,908,908,d413,Drift,666.34376800000132,0,1.1204766754763329e-16,8.284256785312111e-11
1,909,909,q15e,Quadrupole,666.67486800000142,0,-2.0101210583786102e-15,5.3091756094212992e-10
1,910,910,d414,Drift,667.00456800000131,0,-6.9618067715547494e-16,2.0168434067765804e-10
1,911,911,det_15e,Marker,667.03426800000136,0,3.4660192764624648e-27,1.3058398966231768e-21
1,912,912,d415!s1,Drift,667.45863400000064,0,-9.618610567576517e-15,2.8955716983462959e-09
1,913,913,d15e_rfa1_cvc3,Marker,667.88300000000004,0,0,0
1,914,914,d415!s2,Drift,668.07899999999995,0,-4.4425040442435983e-15,1.3373645694383192e-09
1,915,915,d15e_sp3_csp1,Marker,668.27499999999998,0,1.1356432127533582e-41,3.434231966600958e-36
1,916,916,d415!s3,Drift,668.28949999999998,0,-3.2865463591595525e-16,9.8937684980877896e-11
1,917,917,d15e_sp2_csp1,Marker,668.30399999999997,0,-1.5384528780381601e-41,4.3777133426532851e-36
1,918,918,d415!s4,Drift,668.33799999999997,0,-7.7063845666255327e-16,2.3199181306825473e-10
1,919,919,d15e_sp1i_csp1,Marker,668.37199999999996,0,-2.7754522760289444e-42,1.0346734820634185e-36
1,920,920,d15e_sp1o_csp1,Marker,668.37199999999996,0,-2.7754522760289444e-42,1.0346734820634185e-36
1,921,921,d415!s5,Drift,668.80479150000065,0,-9.8095815768991006e-15,2.9530613166146114e-09
1,922,922,b15e,SBend,672.52522600000134,0,-1.1588056852125791e-13,3.4770465294768629e-08
1,923,923,d416,Drift,675.89172500000132,0,-1.7915837919772309e-15,5.4190557375034131e-10
1,924,924,sex_14e,Sextupole,676.10658100000137,0.48127083882080002,-2.9555349172901963e-13,1.1571379387439422e-07
1,925,925,d417,Drift,676.27463100000136,0,-7.2816603091050896e-16,2.2025050267424154e-10
1,926,926,q14e,Quadrupole,676.60668100000146,0,-1.0272999377641064e-14,2.493852869410239e-09
1,927,927,d418,Drift,676.92488100000139,0,-8.596202871529226e-16,2.105595089891997e-10
1,928,928,det_14e,Marker,676.94308100000137,0,2.716256042115288e-27,6.6533276036445765e-22
1,929,929,d419,Drift,678.36756750000143,0,-6.6759610151773965e-14,1.6441678095956371e-08
1,930,930,dog_leg_14e2,Kicker,679.91429400000129,0,-5.7288677323123438e-15,1.4109159549441767e-09
1,931,931,d420,Drift,680.10653400000126,0,-3.2806016137136363e-15,8.079525265520345e-10
1,932,932,det_i14e,Marker,680.17653400000131,0,-1.6035203251884229e-40,3.8278089342978559e-35
1,933,933,d421!s1,Drift,680.3317670000007,0,-7.2072801928396853e-15,1.7837941571385862e-09
1,934,934,d14be_rfa2_seg,Marker,680.48699999999997,0,-1.2941698152750205e-41,6.8524914927743415e-36
1,935,935,d421!s2,Drift,681.32899999999995,0,-3.9093040283910499e-14,9.6754857557088523e-09
1,936,936,d14be_rfa1_seg,Marker,682.17100000000005,0,1.0028803890274836e-40,2.4992742181186679e-35
1,937,937,d421!s3,Drift,682.26152700000068,0,-4.2030589760348643e-15,1.0402526116590301e-09
1,938,938,dog_leg_14e1,Kicker,682.47429400000124,0,-5.6754551595067452e-15,1.4046690959355304e-09
1,939,939,d422,Drift,682.72753400000124,0,-6.0821713506006716e-15,1.5053309192413283e-09
1,940,940,det_13e,Marker,682.85853400000121,0,-5.3401417872049517e-27,1.3216793940898014e-21
1,941,941,d423,Drift,682.86765900000114,0,-4.1913966234317278e-16,1.0420473552277102e-10
1,942,942,sex_13e,Sextupole,683.01278400000126,-0.61291493184000001,4.7297951475606613e-12,1.2617333945291353e-06
1,943,943,d424,Drift,683.17985900000122,0,-1.4466895762804087e-15,3.5966986239639177e-10
1,944,944,q13e,Quadrupole,683.51093400000127,0,-3.4296546046175878e-15,8.4707302277783055e-10
1,945,945,d425,Drift,683.90558800000122,0,-2.3876459015928405e-16,7.8272737555349536e-11
1,946,946,b13e,SBend,687.28788500000121,0,-7.4216250849755707e-16,5.8986270312639985e-10
1,947,947,d426,Drift,690.87796900000114,0,-8.2260140162389102e-16,2.6859629494590251e-10
1,948,948,sex_12e,Sextupole,691.31641000000127,0.4723978777792,-2.3514654711207066e-11,5.7908513297820755e-06
1,949,949,d427,Drift,691.48248500000125,0,-8.1800209475352553e-17,2.6709452655281687e-11
1,950,950,q12e,Quadrupole,691.81256000000133,0,-1.2859306355803544e-15,9.0481517406814402e-10
1,951,951,d428,Drift,692.55976000000135,0,-1.1601076687967244e-14,4.0422618259975097e-09
1,952,952,det_12e,Marker,693.0069600000013,0,-1.9157553073967675e-28,6.6752291665084905e-23
1,953,953,d429,Drift,693.39396000000136,0,-1.0039563156315996e-14,3.4841217530734089e-09
1,954,954,sk_sex_12e,Sextupole,693.84396000000129,0,-1.6343474905903114e-15,5.6718261097173616e-10
1,955,955,d430,Drift,694.01862550000135,0,-2.8968290429798932e-15,1.0053131721405151e-09
1,956,956,b12e,SBend,697.41742200000124,0,-4.9312460519506551e-14,1.7535256255170366e-08
1,957,957,d431,Drift,700.94796100000121,0,-6.2416283908799072e-15,2.1709457485502478e-09
1,958,958,det_11e,Marker,701.19136900000126,0,-6.4942594367793393e-28,2.258815173113961e-22
1,959,959,d432,Drift,701.21609400000125,0,-6.3190293347178171e-16,2.1858449205506946e-10
1,960,960,sex_11e,Sextupole,701.37681900000132,-0.50372001022560009,1.7550804908056235e-11,4.7818069923009344e-06
1,961,961,d433,Drift,701.54519400000129,0,-8.3242634972766753e-16,2.8794848257594649e-10
1,962,962,q11e,Quadrupole,701.87756900000136,0,-1.8671312728579403e-15,6.7299676315542075e-10
1,963,963,d434,Drift,702.25615850000133,0,-8.408141774725285e-16,2.0940653855934592e-10
1,964,964,b11e,SBend,705.62187900000129,0,-5.1849532163439841e-14,1.2898450464015003e-08
1,965,965,d435,Drift,709.15081850000126,0,-2.6418963293097945e-15,6.5773473426488993e-10
1,966,966,det_10ae,Marker,709.39262700000131,0,5.2591212133689656e-43,3.7452842862826712e-37
1,967,967,d436,Drift,709.41932700000132,0,-2.8964118540174969e-16,7.3248429886099534e-11
1,968,968,sex_10ae,Sextupole,709.5820270000014,-0.16064063487408001,-1.1570253877434472e-11,3.5941236779511467e-06
1,969,969,d437,Drift,709.7500270000013,0,-2.6334008453450673e-16,6.6597047279274001e-11
1,970,970,q10ae,Quadrupole,710.0820270000014,0,-4.916571528494361e-15,2.4039811881420117e-09
1,971,971,d438,Drift,711.70651350000128,0,-9.2979866279318579e-14,3.8082500024489731e-08
1,972,972,sk_q10e,Quadrupole,713.10700000000134,0,-5.3352524447505965e-15,2.1852015870576922e-09
1,973,973,d439,Drift,713.27500000000134,0,-6.4584634858292725e-15,2.6452440264690574e-09
1,974,974,q10e,Quadrupole,713.66700000000139,0,-1.6297827746924937e-14,5.2162101069343727e-09
1,975,975,d440,Drift,714.68942500000128,0,-1.5641683355091346e-13,4.8603843596426738e-08
1,976,976,hkick_9ae,Kicker,715.44360000000131,0,-6.8743945256852425e-15,2.1360999884822591e-09
1,977,977,d441,Drift,715.50947500000132,0,-7.3886208878603548e-15,2.2958869955001667e-09
1,978,978,det_10e,Marker,715.54360000000133,0,-1.9912054662633831e-27,6.1873288733410797e-22
1,979,979,d442,Drift,715.71610000000135,0,-3.7252408809535442e-14,1.1636981012993225e-08
1,980,980,sex_09ae,Sextupole,716.02460000000144,0.18074049064512002,1.492924443388834e-11,5.3760932299509435e-06
1,981,981,d443,Drift,716.22680000000139,0,-1.5076734101217832e-14,4.7096999651982261e-09
1,982,982,q09ae,Quadrupole,716.59300000000144,0,-3.4092279354692042e-14,1.0151781183820417e-08
1,983,983,d444,Drift,716.94270000000131,0,-1.6099701327920227e-15,4.2543267329577878e-10
1,984,984,det_9ae,Marker,716.99240000000134,0,5.4930608019635148e-44,2.7574831986758114e-38
1,985,985,d445,Drift,717.94840000000136,0,-3.0775386822050372e-14,8.2218542322479693e-09
1,986,986,rf_e1,RFCavity,719.80440000000135,0,-2.897319379177109e-14,7.7403860876229618e-09
1,987,987,d446,Drift,721.05500000000131,0,-1.1286882584378342e-14,3.0153675689550395e-09
1,988,988,rf_e2,RFCavity,722.30560000000128,0,-2.8974292380615427e-14,7.7406795831163421e-09
1,989,989,d447,Drift,723.77530000000127,0,-1.8341074780581273e-14,4.899943067511766e-09
1,990,990,q09e,Quadrupole,724.64500000000135,0,-1.1034542385473619e-14,3.5141443566704045e-09
1,991,991,d448,Drift,724.95470000000137,0,-3.8380112135355711e-16,1.5580672344641312e-10
1,992,992,det_9e,Marker,724.96440000000132,0,-2.4643271105743419e-57,6.6554754937700496e-51
1,993,993,det_s1a,Marker,724.96440000000132,0,-2.4643271105743419e-57,6.6554754937700496e-51
1,994,994,d449,Drift,725.12632500000132,0,-6.143680680676066e-15,2.6075219822912918e-09
1,995,995,hkick_9e,Kicker,725.3200000000013,0,-1.2046432707328932e-15,5.1127882006140703e-10
1,996,996,d450,Drift,725.79007500000137,0,-1.6630716902009224e-14,7.0584657890260668e-09
1,997,997,id_s1a!s1,Wiggler,726.67070000000069,0,-1.5490101921527102e-14,6.4939672260555917e-09
1,998,998,sector_1,Marker,727.11300000000006,0,1.242713935037672e-42,5.1356979890569446e-37
1,999,999,id_s1a!s2,Wiggler,727.2595,0,-2.2350133663065828e-14,6.2281843574141336e-09
1,1000,1000,ls_1a1_1a2_1a3,Marker,727.40599999999995,0,-6.9427616572952418e-43,1.147165778503171e-36
1,1001,1001,id_s1a!s3,Wiggler,727.99470000000065,0,-4.8136670176926788e-14,1.4580379849990287e-08
1,1002,1002,d451,Drift,728.93115000000137,0,-1.2946103559836903e-14,5.5798878517555287e-09
1,1003,1003,girder_1ab_start,Marker,729.27890000000139,0,1.3782340899264029e-27,5.9403137165639563e-22
1,1004,1004,vx1a,Kicker,729.31700000000137,0,-1.4183940923861471e-15,6.1134069633589273e-10
1,1005,1005,d452,Drift,729.4110500000013,0,-2.0829173089144036e-15,8.9775621942956418e-10
1,1006,1006,det_s1c,Marker,729.46700000000135,0,-2.0520389736644023e-41,8.2148194162543575e-36
1,1007,1007,d453,Drift,729.48700000000133,0,-7.3330476141137918e-16,3.2049184599065476e-10
1,1008,1008,qx1a,Quadrupole,729.70700000000124,0,-5.0924039742454772e-14,1.4546872079592291e-08
1,1009,1009,d454,Drift,729.91450000000123,0,-4.5231275196837033e-15,1.2496562254123891e-09
1,1010,1010,det_x1a,Marker,729.92200000000128,0,-4.3076154847053037e-43,1.8561547546961439e-37
1,1011,1011,d455,Drift,729.95125000000121,0,-1.7584980437486319e-14,4.8697077966073893e-09
1,1012,1012,hx1a,Kicker,730.06500000000119,0,-5.0801054597310244e-14,1.4068044745790002e-08
1,1013,1013,d456,Drift,730.19437500000117,0,-2.6978666568678779e-14,7.4710474315629107e-09
1,1014,1014,dqx1b,SBend,731.41300000000115,0,-3.6183532178451988e-13,9.9291386680366214e-08
1,1015,1015,d457,Drift,732.70187500000111,0,-7.6954114502892132e-14,2.0724552683735124e-08
1,1016,1016,hx1b,Kicker,732.90150000000108,0,-5.6483150275692804e-14,1.5211506638646718e-08
1,1017,1017,d458,Drift,733.03950000000111,0,-3.5761521180523423e-14,9.6309539073237336e-09
1,1018,1018,det_x1b,Marker,733.0930000000011,0,7.0448962979760339e-27,2.0024112578241196e-21
1,1019,1019,d459,Drift,733.10950000000116,0,-1.1042233624716373e-14,2.9718729340735605e-09
1,1020,1020,vx1b,Kicker,733.26000000000113,0,-8.9676321558276587e-14,2.4135210494893774e-08
1,1021,1021,d460,Drift,733.42450000000122,0,-2.0411401548703971e-14,5.4934620902534558e-09
1,1022,1022,qx1b,Quadrupole,733.6360000000011,0,-9.3837822589103826e-14,2.5164663038239897e-08
1,1023,1023,girder_1ab_end,Marker,733.81700000000114,0,1.3997209735398029e-27,6.8762218183117727e-22
1,1024,1024,d461,Drift,734.00050000000113,0,-7.509206425047031e-14,2.0156045144983747e-08
1,1025,1025,girder_1cd_start,Marker,734.18400000000111,0,3.414277481481244e-27,9.1645278021247338e-22
1,1026,1026,qx1c,Quadrupole,734.36500000000103,0,-7.8863102845257999e-14,2.1317854004960059e-08
1,1027,1027,d462,Drift,734.59900000000107,0,-2.5931406275852938e-14,7.0835171463067989e-09
1,1028,1028,vx1c!s1,Kicker,734.69000000000108,0,-1.8592329027956072e-14,5.0787481426312496e-09
1,1029,1029,det_x1c,Marker,734.72800000000109,0,1.0366777346198714e-43,6.6729801982682881e-38
1,1030,1030,vx1c!s2,Kicker,734.82400000000109,0,-4.6851241565359768e-14,1.2825125216209457e-08
1,1031,1031,d463,Drift,734.96750000000111,0,-2.3181603899507871e-14,6.3457650809317438e-09
1,1032,1032,hx1c,Kicker,735.09950000000106,0,-4.1238853252784577e-14,1.1288782091335119e-08
1,1033,1033,d464,Drift,735.29912500000103,0,-5.6184887345924005e-14,1.5380130630366662e-08
1,1034,1034,dqx1d,SBend,736.58800000000099,0,-1.0181108052669498e-13,2.8026874667729287e-08
1,1035,1035,d465,Drift,737.80662500000096,0,-1.3208584863143782e-14,3.7857255277312583e-09
1,1036,1036,hx1d,Kicker,737.93600000000094,0,-2.4871875675572312e-14,7.1285528043434652e-09
1,1037,1037,d466,Drift,738.05725000000098,0,-1.0817058355898104e-14,3.1002877580888362e-09
1,1038,1038,qx1d,Quadrupole,738.29400000000089,0,-1.9956537357399633e-14,5.8795120309879877e-09
1,1039,1039,d467,Drift,738.50600000000099,0,5.2705931261532619e-17,2.3650260898358789e-11
1,1040,1040,det_x1d,Marker,738.51800000000094,0,0,0
1,1041,1041,d468,Drift,738.55800000000102,0,1.7832503461652331e-16,7.8943352080818193e-11
1,1042,1042,det_s2a,Marker,738.59800000000098,0,3.7460552374722181e-44,1.8253005785707353e-38
1,1043,1043,d469,Drift,738.61045000000104,0,5.629875159347259e-17,2.4603890190930589e-11
1,1044,1044,vx1d,Kicker,738.66100000000097,0,1.7228774583618782e-16,7.5293832630704313e-11
1,1045,1045,girder_1cd_end,Marker,738.69910000000095,0,6.5594607638356401e-27,1.8304324033951271e-21
1,1046,1046,d470,Drift,738.81155000000103,0,5.0849755956727304e-16,2.222254981454755e-10
1,1047,1047,hs2a,SBend,738.97900000000107,0,2.487093443916264e-16,1.0869188437774574e-10
1,1048,1048,d471,Drift,739.058500000001,0,1.1078870795237303e-16,4.8417293948864581e-11
1,1049,1049,unds2a!s1,Drift,739.45400000000052,0,1.6776575775566938e-15,7.3317616550796378e-10
1,1050,1050,ls_2a,Marker,739.82500000000005,0,-4.2028685626052708e-43,1.8068397120385021e-37
1,1051,1051,unds2a!s2,Drift,740.19600000000059,0,1.6776575775611276e-15,7.3317616550990145e-10
1,1052,1052,d472,Drift,740.67550000000097,0,4.9063570664569549e-16,2.1441944463045528e-10
1,1053,1053,hs2b,SBend,740.80900000000099,0,1.1304970199115418e-16,4.9405401988172677e-11
1,1054,1054,d473!s1,Drift,740.86100000000044,0,1.2209367815145096e-16,5.335783414658604e-11
1,1055,1055,sector_2,Marker,740.88800000000003,0,-9.2371811196665953e-29,4.0368673107196369e-23
1,1056,1056,d473!s2,Drift,741.03500000000054,0,6.6473224771543894e-16,2.9050376369371219e-10
1,1057,1057,unds2b!s1,Drift,741.55300000000045,0,1.6776575775500427e-15,7.3317616550505707e-10
1,1058,1058,ls_2b,Marker,741.92399999999998,0,7.3897448957333605e-28,3.2294938485757552e-22
1,1059,1059,unds2b!s2,Drift,742.29500000000053,0,1.6776575775611274e-15,7.3317616550990135e-10
1,1060,1060,d474,Drift,742.69900000000098,0,1.4922560663271297e-16,6.5215130626306226e-11
1,1061,1061,hs2c,SBend,742.78700000000106,0,2.487093443922887e-16,1.0869188437911479e-10
1,1062,1062,d475,Drift,742.94795000000101,0,4.7910463703582901e-16,2.0938009362470386e-10
1,1063,1063,girder_2ab_start,Marker,743.05390000000102,0,-7.5053034162406128e-56,7.1216488667608216e-50
1,1064,1064,vx2a,Kicker,743.09200000000101,0,1.7228774583914327e-16,7.5293832631996214e-11
1,1065,1065,d476,Drift,743.18605000000093,0,2.5300523306017177e-16,1.1056928965126505e-10
1,1066,1066,det_s2c,Marker,743.24200000000098,0,1.7436463750922739e-42,8.5365832153197015e-37
1,1067,1067,d477,Drift,743.26200000000097,0,8.9275755639199218e-17,3.9469287037499137e-11
1,1068,1068,qx2a,Quadrupole,743.48200000000088,0,6.1993395144849799e-15,9.1412374813045338e-09
1,1069,1069,d478,Drift,743.68950000000086,0,3.6495589345344388e-16,9.0580584112252377e-10
1,1070,1070,det_x2a,Marker,743.69700000000091,0,3.5686554286294875e-43,1.2635326288007794e-36
1,1071,1071,d479,Drift,743.72625000000085,0,1.3792661744909484e-15,3.5298942863571813e-09
1,1072,1072,hx2a,Kicker,743.84000000000083,0,3.9845467263204311e-15,1.019747238284353e-08
1,1073,1073,d480,Drift,743.96937500000081,0,2.116053660862041e-15,5.4155215760720687e-09
1,1074,1074,dqx2b,SBend,745.18800000000078,0,-4.759683296051215e-15,7.3850384181961861e-08
1,1075,1075,d481,Drift,746.47637500000076,0,-3.3108342318502577e-15,2.0016588984039723e-08
1,1076,1076,hx2b,Kicker,746.67550000000074,0,-2.4407022254445681e-15,1.4755958727614252e-08
1,1077,1077,d482,Drift,746.81400000000076,0,-1.5597387002842737e-15,9.4298434472338249e-09
1,1078,1078,det_x2b,Marker,746.86800000000073,0,8.2254413376054622e-44,4.9519700681256019e-38
1,1079,1079,d483,Drift,746.88850000000082,0,-5.559424362168973e-16,3.5816406598816876e-09
1,1080,1080,vx2b,Kicker,747.0430000000008,0,-3.6339651928377002e-15,2.3411699923163287e-08
1,1081,1081,d484,Drift,747.20350000000076,0,-7.1865729560105543e-16,4.6299257310897821e-09
1,1082,1082,qx2b,Quadrupole,747.41100000000074,0,-9.9315897164643721e-15,2.7146825607867396e-08
1,1083,1083,girder_2ab_end,Marker,747.59200000000078,0,3.0153308392935035e-43,1.299308328287219e-37
1,1084,1084,d485,Drift,747.77550000000076,0,-1.5513936316503064e-14,2.4913591062505022e-08
1,1085,1085,girder_2cd_start,Marker,747.95900000000074,0,3.0694309201078824e-43,4.1517793052240759e-37
1,1086,1086,qx2c,Quadrupole,748.14000000000067,0,-2.6749024449236531e-14,3.0278183807936041e-08
1,1087,1087,d486,Drift,748.37400000000071,0,-1.2148549428891239e-14,1.1263133531607578e-08
1,1088,1088,vx2c!s1,Kicker,748.46500000000071,0,-8.7102807226043248e-15,8.075454230212046e-09
1,1089,1089,det_x2c,Marker,748.50300000000072,0,5.9165144553068509e-42,2.9355819045192669e-36
1,1090,1090,vx2c!s2,Kicker,748.59900000000073,0,-2.2052370092141974e-14,2.0392995236929096e-08
1,1091,1091,d487,Drift,748.74200000000076,0,-1.0796472857591456e-14,9.9840705847283016e-09
1,1092,1092,hx2c,Kicker,748.87350000000072,0,-1.9410679924873829e-14,1.7950084349190198e-08
1,1093,1093,d488,Drift,749.07362500000079,0,-2.6560471790688582e-14,2.4561875773666158e-08
1,1094,1094,dqx2d,SBend,750.36300000000074,0,-9.0969830739270706e-14,7.3557885779992998e-08
1,1095,1095,d489,Drift,751.58162500000071,0,-1.3332523230460506e-14,8.4004853738349074e-09
1,1096,1096,hx2d,Kicker,751.71100000000069,0,-2.5105252656779257e-14,1.5818184157960003e-08
1,1097,1097,d490,Drift,751.83225000000073,0,-1.0918556628831396e-14,6.8795061278673111e-09
1,1098,1098,qx2d,Quadrupole,752.06900000000064,0,-3.1483922398100287e-14,1.6696625991627229e-08
1,1099,1099,d491,Drift,752.28100000000074,0,-6.8846248058520315e-16,2.2834634043481188e-10
1,1100,1100,det_x2d,Marker,752.29300000000069,0,-9.4588250903553715e-57,1.5738783535596668e-50
1,1101,1101,d492,Drift,752.33300000000077,0,-2.2737160268801598e-15,7.622346392587999e-10
1,1102,1102,det_s3a,Marker,752.37300000000073,0,3.7244932990181079e-28,5.7149421066287889e-22
1,1103,1103,d493,Drift,752.38545000000079,0,-7.010768310505258e-16,2.3757005344633362e-10
1,1104,1104,vx2d,Kicker,752.43600000000072,0,-2.1454640371574727e-15,7.2702160933131058e-10
1,1105,1105,girder_2cd_end,Marker,752.4741000000007,0,-3.3029325943658578e-43,1.7750031014977561e-37
1,1106,1106,d494,Drift,752.59155000000078,0,-6.6137729964363386e-15,2.241172913805494e-09
1,1107,1107,hs3a,SBend,752.76400000000081,0,-3.0971265628163898e-15,1.0495062601863848e-09
1,1108,1108,d495,Drift,752.84250000000077,0,-1.3233177132116744e-15,4.4842540208245248e-10
1,1109,1109,unds3a!s1,Drift,753.23700000000042,0,-2.0891526451028341e-14,7.0793967732675897e-09
1,1110,1110,ls_3a,Marker,753.60799999999995,0,-4.0581711485898585e-43,2.8177922297749046e-37
1,1111,1111,unds3a!s2,Drift,753.97900000000038,0,-2.0891526451066661e-14,7.0793967732805756e-09
1,1112,1112,d496,Drift,754.45950000000084,0,-6.1660974296289287e-15,2.0894715543784464e-09
1,1113,1113,hs3b!s1,SBend,754.5815000000008,0,-7.0389240063843356e-16,2.385241500417994e-10
1,1114,1114,vs3b,Kicker,754.59400000000085,0,-1.1463341240074932e-42,1.0834999174087012e-36
1,1115,1115,hs3b!s2,SBend,754.60650000000078,0,-7.0389240062693759e-16,2.3852415003790374e-10
1,1116,1116,d497!s1,Drift,754.64100000000042,0,-1.2388506251043293e-15,4.1980250406702224e-10
1,1117,1117,sector_3,Marker,754.66300000000001,0,0,0
1,1118,1118,d497!s2,Drift,754.81450000000041,0,-8.531175895816452e-15,2.8909126985332553e-09
1,1119,1119,unds3b!s1,Drift,755.33700000000044,0,-2.0891526451013009e-14,7.0793967732623967e-09
1,1120,1120,ls_3b,Marker,755.70799999999997,0,-8.0717829811844362e-43,6.6331355899817114e-37
1,1121,1121,unds3b!s2,Drift,756.07900000000041,0,-2.0891526451074322e-14,7.0793967732831738e-09
1,1122,1122,d498,Drift,756.47350000000085,0,-1.3233177132040108e-15,4.4842540207985554e-10
1,1123,1123,hs3c,SBend,756.55200000000093,0,-3.0971265628240531e-15,1.0495062601889819e-09
1,1124,1124,d499,Drift,756.71795000000088,0,-6.2477489480969961e-15,2.1171403557812651e-09
1,1125,1125,girder_3ab_start,Marker,756.82890000000089,0,-3.6453669314959274e-43,5.5400004996242971e-37
1,1126,1126,vx3a,Kicker,756.86700000000087,0,-2.1454640371651368e-15,7.2702160933390782e-10
1,1127,1127,d500,Drift,756.9610500000008,0,-3.150622385280606e-15,1.0676340955948803e-09
1,1128,1128,det_s3c,Marker,757.01700000000085,0,-6.1214897822095785e-58,2.6377545547915849e-52
1,1129,1129,d501,Drift,757.03700000000083,0,-1.112653475961642e-15,3.8111426987221066e-10
1,1130,1130,qx3a,Quadrupole,757.25700000000074,0,-4.3419656842084547e-14,1.2603642533979336e-08
1,1131,1131,d502,Drift,757.46450000000073,0,-3.4258157548483487e-15,9.884183606824659e-10
1,1132,1132,det_x3a,Marker,757.47200000000078,0,-3.8768539362332727e-43,1.670539279226314e-37
1,1133,1133,d503,Drift,757.50125000000071,0,-1.3309164137918517e-14,3.8516811213599636e-09
1,1134,1134,hx3a,Kicker,757.61500000000069,0,-3.8448696398360694e-14,1.1127078795019469e-08
1,1135,1135,d504,Drift,757.74437500000067,0,-2.0418760365373713e-14,5.9092030878794834e-09
1,1136,1136,dqx3b,SBend,758.96300000000065,0,-1.5632052932929332e-13,4.5369554975911279e-08
1,1137,1137,d505,Drift,760.25487500000077,0,-5.2808579399840374e-14,1.5455956407725909e-08
1,1138,1138,hx3b,Kicker,760.45750000000066,0,-3.7776295951710071e-14,1.1056324372110422e-08
1,1139,1139,d506,Drift,760.59250000000065,0,-2.2576366219630331e-14,6.6076258081753446e-09
1,1140,1140,det_x3b,Marker,760.64300000000071,0,5.5999001301161803e-43,2.4130011811046795e-37
1,1141,1141,d507,Drift,760.66050000000064,0,-7.8385257775698461e-15,2.2909906288608837e-09
1,1142,1142,vx3b,Kicker,760.81200000000069,0,-6.0020711668631269e-14,1.7542442529675031e-08
1,1143,1143,d508,Drift,760.97550000000069,0,-1.3213514882262703e-14,3.8619556315298378e-09
1,1144,1144,qx3b,Quadrupole,761.1860000000006,0,-5.9481356924707977e-14,1.7569199180123251e-08
1,1145,1145,girder_3ab_end,Marker,761.36700000000064,0,1.138071309971134e-27,3.4318687138603928e-22
1,1146,1146,d509,Drift,761.55050000000062,0,-4.3874988885353044e-14,1.3230559487562759e-08
1,1147,1147,girder_3cd_start,Marker,761.73400000000061,0,-5.9994663949336411e-42,1.7979361718699908e-36
1,1148,1148,qx3c,Quadrupole,761.91500000000053,0,-4.1818102705667615e-14,1.2936251544179384e-08
1,1149,1149,d510,Drift,762.14900000000057,0,-1.2489587348801861e-14,3.9719798620736822e-09
1,1150,1150,vx3c!s1,Kicker,762.24000000000058,0,-8.9547984765483988e-15,2.8478346181061319e-09
1,1151,1151,det_x3c,Marker,762.27800000000059,0,6.9185636136888754e-27,2.2002644747653848e-21
1,1152,1152,vx3c!s2,Kicker,762.37400000000059,0,-2.2559392779476887e-14,7.1915169500830885e-09
1,1153,1153,d511,Drift,762.51550000000066,0,-1.0692212202853964e-14,3.4084793878256393e-09
1,1154,1154,hx3c,Kicker,762.64550000000054,0,-1.985696551941642e-14,6.3300331487650062e-09
1,1155,1155,d512,Drift,762.84712500000057,0,-2.7523634159368938e-14,8.7740252372864378e-09
1,1156,1156,dqx3d,SBend,764.13800000000049,0,-8.991552146821187e-14,2.8183072749203598e-08
1,1157,1157,d513,Drift,765.35612500000059,0,-4.1436105193054918e-15,1.4471263767642108e-09
1,1158,1158,hx3d,Kicker,765.48500000000047,0,-7.8903682002814419e-15,2.7556547343939684e-09
1,1159,1159,d514,Drift,765.6062500000005,0,-3.4316098385605961e-15,1.1984652247134839e-09
1,1160,1160,qx3d,Quadrupole,765.84300000000042,0,-3.7361044359121442e-15,1.2536648274439513e-09
1,1161,1161,d515,Drift,766.05500000000052,0,1.2504611248195524e-16,8.9796947445576868e-11
1,1162,1162,det_x3d,Marker,766.06700000000046,0,-1.7721320435046581e-42,1.0382557069648283e-36
1,1163,1163,d516,Drift,766.10700000000054,0,4.2774531212374234e-16,2.9973018115895767e-10
1,1164,1164,det_s4a,Marker,766.1470000000005,0,-3.90791949630812e-44,1.7985520457704618e-38
1,1165,1165,d517,Drift,766.15945000000056,0,1.3645273522407949e-16,9.341321911120445e-11
1,1166,1166,vx3d,Kicker,766.21000000000049,0,4.1757824993166423e-16,2.8586695966836372e-10
1,1167,1167,girder_3cd_end,Marker,766.24810000000048,0,0,0
1,1168,1168,d518,Drift,766.36055000000056,0,1.2324586405804326e-15,8.4372019988442666e-10
1,1169,1169,hs4a,SBend,766.52800000000059,0,6.0280324794232955e-16,4.1266883942276352e-10
1,1170,1170,d519,Drift,766.61500000000046,0,3.5072188971190086e-16,2.400982338459715e-10
1,1171,1171,unds4a!s1,Drift,767.01800000000026,0,4.0661819088578215e-15,2.7836388986589005e-09
1,1172,1172,ls_4a,Marker,767.38900000000001,0,-3.9079193410843076e-44,1.798552065645271e-38
1,1173,1173,unds4a!s2,Drift,767.76000000000022,0,4.0661819088606772e-15,2.7836388986608547e-09
1,1174,1174,d520!s1,Drift,768.27193450000061,0,1.5446504426860381e-15,1.0574413918189247e-09
1,1175,1175,hs4b!s1,SBend,768.4253690000005,0,1.3700073816442798e-16,9.3788372593150341e-11
1,1176,1176,ip_l0_end,Marker,768.43786900000055,0,-4.7592012818165404e-28,3.2580681611298425e-22
1,1177,1177,end_b0,Marker,768.43786900000055,0,-4.7592012818165404e-28,3.2580681611298425e-22
