sample_id,scenario,rho,trial_id,converged,newton_iterations,closure_norm
0,baseline,0,0,true,0,2.2720528464525022e-13
1,all,1.1299999999999999,1,true,3,1.4748829119101186e-12
2,all,1.1299999999999999,2,true,2,1.1946208294800774e-11
3,all,1.1299999999999999,3,true,2,4.9975209523995025e-11
4,all,1.1299999999999999,4,true,2,9.0064435263656833e-11
5,all,1.1299999999999999,5,true,2,6.8726722713393104e-11
6,all,1.1299999999999999,6,true,2,4.338788783156582e-11
7,all,1.1299999999999999,7,true,3,2.9076034412728449e-13
8,all,1.1299999999999999,8,true,2,1.173748314095611e-11
9,all,1.1299999999999999,9,true,3,1.2005364244869207e-11
10,all,1.1299999999999999,10,true,2,6.1070696947895485e-12
11,all,1.1299999999999999,11,true,2,8.3461130948553465e-11
12,all,1.1299999999999999,12,true,3,1.4477385884027346e-12
13,all,1.1299999999999999,13,true,2,8.0539873276210442e-11
14,all,1.1299999999999999,14,true,2,6.467557300633654e-11
15,all,1.1299999999999999,15,true,3,9.7149867270300092e-13
16,all,1.1299999999999999,16,true,3,2.169813674505952e-12
17,all,1.1299999999999999,17,true,2,5.4714217220749815e-11
18,all,1.1299999999999999,18,true,2,1.2525153690551554e-11
19,all,1.1299999999999999,19,true,2,7.2885968797009399e-11
20,all,1.1299999999999999,20,true,2,8.7440191945575928e-11
21,all,1.1299999999999999,21,true,2,9.6953531058297907e-11
22,all,1.1299999999999999,22,true,2,2.0404811049367206e-12
23,all,1.1299999999999999,23,true,2,1.9798512335393833e-11
24,all,1.1299999999999999,24,true,3,1.5972175265142889e-12
25,all,1.1299999999999999,25,true,2,5.5494072575926904e-11
26,all,1.1299999999999999,26,true,2,5.232791439675961e-11
27,all,1.1299999999999999,27,true,2,6.4552221004027551e-11
28,all,1.1299999999999999,28,true,2,7.7978276623561764e-12
29,all,1.1299999999999999,29,true,2,1.9526989989367682e-11
30,all,1.1299999999999999,30,true,2,2.0500034340420895e-11
31,all,1.1299999999999999,31,true,2,1.4800771484332465e-11
32,all,1.1299999999999999,32,true,2,5.9452308158859828e-12
33,all,1.1299999999999999,33,true,2,3.266316245911749e-11
34,all,1.1299999999999999,34,true,2,8.9483535705598067e-12
35,all,1.1299999999999999,35,true,2,8.1380932350634562e-11
36,all,1.1299999999999999,36,true,2,3.7809025825351473e-11
37,all,1.1299999999999999,37,true,3,2.3029966151388251e-12
38,all,1.1299999999999999,38,true,3,4.0694742270665344e-13
39,all,1.1299999999999999,39,true,2,3.7804905651522589e-11
40,all,1.1299999999999999,40,true,2,2.5446256950334839e-11
41,all,1.1299999999999999,41,true,2,2.5998787355756444e-11
42,all,1.1299999999999999,42,true,2,2.5892610217378281e-11
43,all,1.1299999999999999,43,true,2,1.9476227189071325e-11
44,all,1.1299999999999999,44,true,2,6.552806104549287e-11
45,all,1.1299999999999999,45,true,2,1.5413519397174352e-11
46,all,1.1299999999999999,46,true,3,8.5547860429494904e-13
47,all,1.1299999999999999,47,true,2,6.0430326574935477e-11
48,all,1.1299999999999999,48,true,2,4.2081276700210558e-11
49,all,1.1299999999999999,49,true,2,2.4513530104855366e-11
50,all,1.1299999999999999,50,true,2,5.4157810003086075e-11
51,all,1.1299999999999999,51,true,2,1.4557041940065454e-11
52,all,1.1299999999999999,52,true,2,2.2932815353394323e-11
53,all,1.1299999999999999,53,true,2,5.5294454709406394e-11
54,all,1.1299999999999999,54,true,2,3.5163474636976699e-11
55,all,1.1299999999999999,55,true,2,5.4015981303410717e-12
56,all,1.1299999999999999,56,true,2,1.9037002805409734e-11
57,all,1.1299999999999999,57,true,2,9.7850251680457331e-11
58,all,1.1299999999999999,58,true,2,4.2763155043786988e-11
59,all,1.1299999999999999,59,true,2,2.0132946016946708e-11
60,all,1.1299999999999999,60,true,2,1.8810421890807001e-11
61,all,1.1299999999999999,61,true,2,2.505915355446724e-11
62,all,1.1299999999999999,62,true,2,2.7247133507767057e-11
63,all,1.1299999999999999,63,true,2,6.9516832186809684e-11
64,all,1.1299999999999999,64,true,2,3.5171608895939036e-11
65,all,1.1299999999999999,65,true,2,8.387290511136151e-12
66,all,1.1299999999999999,66,true,3,6.1597328698023376e-12
67,all,1.1299999999999999,67,true,2,4.3309398931923655e-11
68,all,1.1299999999999999,68,true,2,3.8279109730925625e-12
69,all,1.1299999999999999,69,true,2,4.6137976107107659e-11
70,all,1.1299999999999999,70,true,2,3.0097252256690962e-12
71,all,1.1299999999999999,71,true,2,5.0929753536511612e-11
72,all,1.1299999999999999,72,true,2,2.3718634824209971e-11
73,all,1.1299999999999999,73,true,3,1.269021300735024e-12
74,all,1.1299999999999999,74,true,3,1.4842266983117328e-12
75,all,1.1299999999999999,75,true,2,1.2461592192966872e-11
76,all,1.1299999999999999,76,true,2,2.4783273515158069e-11
77,all,1.1299999999999999,77,true,2,8.0710668522874481e-12
78,all,1.1299999999999999,78,true,2,9.8968994258236672e-12
79,all,1.1299999999999999,79,true,2,2.3774880207892155e-11
80,all,1.1299999999999999,80,true,2,1.6010889915302927e-11
81,all,1.1299999999999999,81,true,2,1.2807853088034607e-11
82,all,1.1299999999999999,82,true,2,5.2730832525277923e-11
83,all,1.1299999999999999,83,true,2,4.7905848804641802e-12
84,all,1.1299999999999999,84,true,2,9.2142454063227734e-11
85,all,1.1299999999999999,85,true,2,7.2192056097504195e-11
86,all,1.1299999999999999,86,true,3,7.2950138823155787e-12
87,all,1.1299999999999999,87,true,2,2.5928565127583559e-11
88,all,1.1299999999999999,88,true,3,5.2440208949888514e-13
89,all,1.1299999999999999,89,true,3,1.0682350045021296e-12
90,all,1.1299999999999999,90,true,3,3.2247376973069935e-13
91,all,1.1299999999999999,91,true,2,6.6338203115321066e-11
92,all,1.1299999999999999,92,true,3,3.6333590857075631e-12
93,all,1.1299999999999999,93,true,3,1.0739806594660756e-11
94,all,1.1299999999999999,94,true,2,3.1597371443237474e-11
95,all,1.1299999999999999,95,true,2,4.286279189807329e-11
96,all,1.1299999999999999,96,true,2,2.9357364769993603e-11
97,all,1.1299999999999999,97,true,2,6.6056769194862717e-12
98,all,1.1299999999999999,98,true,2,2.0547834185165359e-11
99,all,1.1299999999999999,99,true,2,4.4236488413049287e-11
100,all,1.1299999999999999,100,true,2,3.941182979988243e-11
101,all,1.1299999999999999,101,true,2,8.6157443279861742e-11
102,all,1.1299999999999999,102,true,2,7.4519738599665792e-12
103,all,1.1299999999999999,103,true,3,7.3977343509142348e-13
104,all,1.1299999999999999,104,true,2,5.7648152595807858e-11
105,all,1.1299999999999999,105,true,2,2.0547484431432477e-11
106,all,1.1299999999999999,106,true,3,1.1739842301322232e-12
107,all,1.1299999999999999,107,true,3,1.786458517288092e-12
108,all,1.1299999999999999,108,true,2,4.0308556077942076e-11
109,all,1.1299999999999999,109,true,3,1.3223074930909447e-12
110,all,1.1299999999999999,110,true,2,2.7667687231964203e-11
111,all,1.1299999999999999,111,true,2,4.7841269378660894e-11
112,all,1.1299999999999999,112,true,2,5.9449410845156482e-11
113,all,1.1299999999999999,113,true,2,2.9179354982099642e-11
114,all,1.1299999999999999,114,true,2,9.111198027541064e-12
115,all,1.1299999999999999,115,true,2,1.38776426535469e-11
116,all,1.1299999999999999,116,true,3,2.6422014945544724e-12
117,all,1.1299999999999999,117,true,3,6.0268568543314431e-12
118,all,1.1299999999999999,118,true,2,4.548249114817646e-11
119,all,1.1299999999999999,119,true,3,1.074848241550204e-12
120,all,1.1299999999999999,120,true,2,1.5237643127345157e-11
121,all,1.1299999999999999,121,true,2,3.7243518981883867e-11
122,all,1.1299999999999999,122,true,2,5.916006634465485e-11
123,all,1.1299999999999999,123,true,3,7.4780788420718776e-13
124,all,1.1299999999999999,124,true,3,5.6413044353665656e-13
125,all,1.1299999999999999,125,true,3,2.1918705511479538e-12
126,all,1.1299999999999999,126,true,2,5.8532537296348868e-11
127,all,1.1299999999999999,127,true,2,2.9640457110128674e-12
128,all,1.1299999999999999,128,true,2,9.5095613199746961e-12
129,all,1.1299999999999999,129,true,2,3.6281565511955201e-11
130,all,1.1299999999999999,130,true,3,2.8352691498949475e-12
131,all,1.1299999999999999,131,true,2,7.3091419314344855e-11
132,all,1.1299999999999999,132,true,2,2.3899880216751423e-11
133,all,1.1299999999999999,133,true,3,1.6880085794165376e-12
134,all,1.1299999999999999,134,true,3,9.7902173885861285e-13
135,all,1.1299999999999999,135,true,2,1.5639535795934621e-11
136,all,1.1299999999999999,136,true,2,4.8058748202491353e-11
137,all,1.1299999999999999,137,true,2,6.6778963850355451e-11
138,all,1.1299999999999999,138,true,2,9.7515839465653896e-12
139,all,1.1299999999999999,139,true,2,3.0900270717295076e-11
140,all,1.1299999999999999,140,true,2,4.5137578136323245e-11
141,all,1.1299999999999999,141,true,2,7.1734057052356155e-11
142,all,1.1299999999999999,142,true,2,1.1990940377248173e-11
143,all,1.1299999999999999,143,true,2,9.5944025288170946e-12
144,all,1.1299999999999999,144,true,2,3.6780574004607522e-11
145,all,1.1299999999999999,145,true,3,9.0523501318670838e-13
146,all,1.1299999999999999,146,true,2,1.0906882320412839e-11
147,all,1.1299999999999999,147,true,2,6.2492530027324382e-11
148,all,1.1299999999999999,148,true,2,2.1315853016759472e-11
149,all,1.1299999999999999,149,true,2,3.8434147176952221e-12
150,all,1.1299999999999999,150,true,2,3.5896999924854034e-11
151,all,1.1299999999999999,151,true,3,9.2031721044556898e-13
152,all,1.1299999999999999,152,true,2,6.4619273926034996e-11
153,all,1.1299999999999999,153,true,2,2.5960517131852358e-11
154,all,1.1299999999999999,154,true,2,3.2459313851610831e-11
155,all,1.1299999999999999,155,true,2,3.5009891915250938e-11
156,all,1.1299999999999999,156,true,2,6.2293831104589551e-11
157,all,1.1299999999999999,157,true,2,6.1740598563311258e-11
158,all,1.1299999999999999,158,true,2,1.985629542672313e-11
159,all,1.1299999999999999,159,true,2,3.2098161450708165e-12
160,all,1.1299999999999999,160,true,2,1.150307093541591e-12
161,all,1.1299999999999999,161,true,2,8.6610692176851432e-11
162,all,1.1299999999999999,162,true,2,2.6269327752638814e-11
163,all,1.1299999999999999,163,true,2,6.0977027189804725e-13
164,all,1.1299999999999999,164,true,2,3.2706681349662176e-11
165,all,1.1299999999999999,165,true,2,1.7503565871735068e-11
166,all,1.1299999999999999,166,true,2,8.4980067946693842e-12
167,all,1.1299999999999999,167,true,3,1.9309733499171976e-12
168,all,1.1299999999999999,168,true,2,1.8684482951075346e-11
169,all,1.1299999999999999,169,true,2,2.5980789849607376e-11
170,all,1.1299999999999999,170,true,2,3.5655169406901025e-11
171,all,1.1299999999999999,171,true,2,6.7738943826250584e-11
172,all,1.1299999999999999,172,true,2,2.4793362961375065e-11
173,all,1.1299999999999999,173,true,3,6.0843741837803459e-13
174,all,1.1299999999999999,174,true,2,4.3114880762994725e-11
175,all,1.1299999999999999,175,true,3,9.8838914360164336e-13
176,all,1.1299999999999999,176,true,2,4.8767153323507075e-11
177,all,1.1299999999999999,177,true,2,6.1433167247905151e-11
178,all,1.1299999999999999,178,true,2,5.0666692314938798e-12
179,all,1.1299999999999999,179,true,2,1.6712220954151636e-11
180,all,1.1299999999999999,180,true,2,5.5881083823156402e-11
181,all,1.1299999999999999,181,true,2,7.0118827532799882e-12
182,all,1.1299999999999999,182,true,3,3.2182134731415686e-12
183,all,1.1299999999999999,183,true,2,3.7350388866019402e-11
184,all,1.1299999999999999,184,true,2,4.7646116431033521e-11
185,all,1.1299999999999999,185,true,3,3.4757807738763989e-13
186,all,1.1299999999999999,186,true,2,3.0228608883319247e-11
187,all,1.1299999999999999,187,true,2,8.4093210120135236e-11
188,all,1.1299999999999999,188,true,3,5.9431521701598672e-12
189,all,1.1299999999999999,189,true,2,8.8643280478710743e-11
190,all,1.1299999999999999,190,true,3,1.8586012046723924e-12
191,all,1.1299999999999999,191,true,2,3.2520323055771826e-11
192,all,1.1299999999999999,192,true,2,1.1735138076660938e-11
193,all,1.1299999999999999,193,true,3,8.7673239837867755e-13
194,all,1.1299999999999999,194,true,2,9.5996141113727763e-11
195,all,1.1299999999999999,195,true,3,1.261202321531453e-12
196,all,1.1299999999999999,196,true,2,2.7835071981967795e-11
197,all,1.1299999999999999,197,true,2,9.9473802786671773e-11
198,all,1.1299999999999999,198,true,2,8.5415586176173094e-11
199,all,1.1299999999999999,199,true,2,2.1381903842401328e-11
200,all,1.1299999999999999,200,true,2,2.3014595435086597e-11
201,all,1.1299999999999999,201,true,2,5.5404791681441525e-11
202,all,1.1299999999999999,202,true,2,2.9175919221823945e-11
203,all,1.1299999999999999,203,true,2,6.5024734405207935e-12
204,all,1.1299999999999999,204,true,2,1.0584018075707833e-11
205,all,1.1299999999999999,205,true,2,2.2758018301736469e-11
206,all,1.1299999999999999,206,true,2,2.3749430019680067e-11
207,all,1.1299999999999999,207,true,2,7.8191712345616865e-11
208,all,1.1299999999999999,208,true,2,1.7708158670682786e-12
209,all,1.1299999999999999,209,true,2,3.0429886781536222e-11
210,all,1.1299999999999999,210,true,2,2.2468878809944882e-11
211,all,1.1299999999999999,211,true,2,3.8226880940413692e-11
212,all,1.1299999999999999,212,true,2,1.2845067272178134e-11
213,all,1.1299999999999999,213,true,2,2.2563769109243506e-11
214,all,1.1299999999999999,214,true,2,9.7729822558018544e-12
215,all,1.1299999999999999,215,true,3,1.8675983666480403e-12
216,all,1.1299999999999999,216,true,2,1.7484978632199187e-11
217,all,1.1299999999999999,217,true,3,5.8378376666864689e-13
218,all,1.1299999999999999,218,true,3,1.2500433853681962e-12
219,all,1.1299999999999999,219,true,3,2.7959927344210869e-13
220,all,1.1299999999999999,220,true,2,2.3044004422353351e-11
221,all,1.1299999999999999,221,true,3,6.6078717079623485e-13
222,all,1.1299999999999999,222,true,2,2.3528986550187553e-11
223,all,1.1299999999999999,223,true,2,5.531250498275992e-11
224,all,1.1299999999999999,224,true,2,7.7580992149307948e-12
225,all,1.1299999999999999,225,true,2,1.4971433422757259e-11
226,all,1.1299999999999999,226,true,2,3.7085501843999817e-11
227,all,1.1299999999999999,227,true,2,3.260398428630424e-11
228,all,1.1299999999999999,228,true,2,3.519491824288963e-11
229,all,1.1299999999999999,229,true,2,7.7294807535710303e-12
230,all,1.1299999999999999,230,true,2,4.810829765432156e-11
231,all,1.1299999999999999,231,true,2,3.2197831673037267e-12
232,all,1.1299999999999999,232,true,2,3.3648977730446194e-11
233,all,1.1299999999999999,233,true,2,3.4740053877738201e-11
234,all,1.1299999999999999,234,true,2,9.0271175670565727e-12
235,all,1.1299999999999999,235,true,3,6.9824849304348953e-13
236,all,1.1299999999999999,236,true,3,5.6288125769923501e-13
237,all,1.1299999999999999,237,true,2,9.5751498966592526e-12
238,all,1.1299999999999999,238,true,2,9.8464775202761347e-12
239,all,1.1299999999999999,239,true,2,2.1040474247791412e-11
240,all,1.1299999999999999,240,true,2,8.8474220875647179e-11
241,all,1.1299999999999999,241,true,2,7.5439627009727073e-11
242,all,1.1299999999999999,242,true,3,1.3073619051224626e-12
243,all,1.1299999999999999,243,true,3,2.3509157685263777e-12
244,all,1.1299999999999999,244,true,2,2.7374028425522377e-11
245,all,1.1299999999999999,245,true,2,4.9733811741962471e-11
246,all,1.1299999999999999,246,true,3,1.0826015543821647e-12
247,all,1.1299999999999999,247,true,2,9.9465295421112258e-11
248,all,1.1299999999999999,248,true,2,7.9608186355518812e-11
249,all,1.1299999999999999,249,true,2,9.0235217370727011e-11
250,all,1.1299999999999999,250,true,2,3.544702842008396e-11
251,all,1.1299999999999999,251,true,2,2.4524513951501297e-11
252,all,1.1299999999999999,252,true,2,1.2082596512119312e-11
253,all,1.1299999999999999,253,true,2,4.4084846550689112e-12
254,all,1.1299999999999999,254,true,2,5.4179818074317248e-12
255,all,1.1299999999999999,255,true,3,6.8594479023068884e-13
256,all,1.1299999999999999,256,true,2,2.5762857693582943e-12
257,all,1.1299999999999999,257,true,2,3.6167018910927713e-11
258,all,1.1299999999999999,258,true,2,6.1047506426357729e-11
259,all,1.1299999999999999,259,true,3,3.3876336123487857e-12
260,all,1.1299999999999999,260,true,2,5.3078946833716346e-11
261,all,1.1299999999999999,261,true,2,4.5604716724065335e-11
262,all,1.1299999999999999,262,true,2,5.2461864883275752e-11
263,all,1.1299999999999999,263,true,3,1.3913537752161148e-12
264,all,1.1299999999999999,264,true,2,2.390973590272368e-12
265,all,1.1299999999999999,265,true,2,1.1376835913715715e-11
266,all,1.1299999999999999,266,true,2,8.5881580502488514e-12
267,all,1.1299999999999999,267,true,2,5.7573467507476843e-11
268,all,1.1299999999999999,268,true,2,3.1125569511105809e-11
269,all,1.1299999999999999,269,true,2,6.0204298775466659e-11
270,all,1.1299999999999999,270,true,2,5.2692445941137341e-11
271,all,1.1299999999999999,271,true,2,7.3281505705443331e-11
272,all,1.1299999999999999,272,true,3,5.4397411359684273e-12
273,all,1.1299999999999999,273,true,3,1.0529424657905695e-12
274,all,1.1299999999999999,274,true,2,8.765478610443424e-11
275,all,1.1299999999999999,275,true,2,4.2300058910538608e-11
276,all,1.1299999999999999,276,true,3,5.992959679077525e-13
277,all,1.1299999999999999,277,true,3,7.2347960792778546e-13
278,all,1.1299999999999999,278,true,2,1.9744751168923187e-11
279,all,1.1299999999999999,279,true,2,2.4695285802980602e-12
280,all,1.1299999999999999,280,true,2,3.9621174943538268e-11
281,all,1.1299999999999999,281,true,3,5.0236969994537088e-13
282,all,1.1299999999999999,282,true,2,1.882783602267429e-11
283,all,1.1299999999999999,283,true,2,2.8942532676075485e-11
284,all,1.1299999999999999,284,true,2,2.477962990911186e-12
285,all,1.1299999999999999,285,true,2,2.4240676756974441e-11
286,all,1.1299999999999999,286,true,2,3.387754407277044e-11
287,all,1.1299999999999999,287,true,2,3.4277511771267806e-11
288,all,1.1299999999999999,288,true,2,1.6025664377978006e-11
289,all,1.1299999999999999,289,true,3,8.8312170560215214e-13
290,all,1.1299999999999999,290,true,2,5.3358650260712381e-11
291,all,1.1299999999999999,291,true,2,2.7173160359593038e-11
292,all,1.1299999999999999,292,true,2,5.783924154872379e-11
293,all,1.1299999999999999,293,true,3,2.7882465364034162e-12
294,all,1.1299999999999999,294,true,2,6.7749108919941583e-12
295,all,1.1299999999999999,295,true,2,1.2734697972724007e-11
296,all,1.1299999999999999,296,true,3,2.3794756221307501e-12
297,all,1.1299999999999999,297,true,2,2.5994159703184648e-11
298,all,1.1299999999999999,298,true,2,5.880811948268611e-12
299,all,1.1299999999999999,299,true,3,1.2563773415704044e-12
300,all,1.1299999999999999,300,true,3,4.4858179703665208e-13
301,all,1.1299999999999999,301,true,2,1.3266099502618457e-11
302,all,1.1299999999999999,302,true,3,5.5905825544004321e-13
303,all,1.1299999999999999,303,true,2,1.5917216261451164e-11
304,all,1.1299999999999999,304,true,2,5.8710027680530569e-11
305,all,1.1299999999999999,305,true,2,8.0397748294186152e-12
306,all,1.1299999999999999,306,true,3,6.4842640479209037e-13
307,all,1.1299999999999999,307,true,3,6.6751606289304308e-13
308,all,1.1299999999999999,308,true,2,2.2249032037177582e-11
309,all,1.1299999999999999,309,true,2,9.7187722138451817e-11
310,all,1.1299999999999999,310,true,2,9.0802931113140719e-12
311,all,1.1299999999999999,311,true,3,2.0092623367226675e-12
312,all,1.1299999999999999,312,true,2,3.6485084912190682e-11
313,all,1.1299999999999999,313,true,2,6.1487379901143825e-11
314,all,1.1299999999999999,314,true,3,4.5910318604099225e-12
315,all,1.1299999999999999,315,true,3,3.1228707369795491e-12
316,all,1.1299999999999999,316,true,2,8.0816442344043571e-11
317,all,1.1299999999999999,317,true,2,1.8005712377469802e-11
318,all,1.1299999999999999,318,true,2,2.9464848122506742e-11
319,all,1.1299999999999999,319,true,2,2.4404435003220284e-11
320,all,1.1299999999999999,320,true,2,6.4590811354036071e-11
321,all,1.1299999999999999,321,true,2,5.8447037094016164e-11
322,all,1.1299999999999999,322,true,2,2.2316911794228403e-11
323,all,1.1299999999999999,323,true,2,2.1202095621564059e-11
324,all,1.1299999999999999,324,true,2,3.512955536202673e-11
325,all,1.1299999999999999,325,true,3,7.0519329710658162e-13
326,all,1.1299999999999999,326,true,2,3.7037783528485075e-11
327,all,1.1299999999999999,327,true,2,5.1506459741573968e-11
328,all,1.1299999999999999,328,true,2,8.9779947501414283e-11
329,all,1.1299999999999999,329,true,2,9.9414802050050103e-11
330,all,1.1299999999999999,330,true,3,6.8134180475220354e-13
331,all,1.1299999999999999,331,true,2,4.2463185969082475e-11
332,all,1.1299999999999999,332,true,2,1.0890423762116503e-11
333,all,1.1299999999999999,333,true,2,4.2236229082962779e-11
334,all,1.1299999999999999,334,true,2,3.7765711713473084e-11
335,all,1.1299999999999999,335,true,2,1.9679666914502436e-11
336,all,1.1299999999999999,336,true,2,7.7317502803254859e-12
337,all,1.1299999999999999,337,true,3,4.727713817295473e-12
338,all,1.1299999999999999,338,true,2,5.7786461341948233e-11
339,all,1.1299999999999999,339,true,3,7.043355597644679e-12
340,all,1.1299999999999999,340,true,2,7.2972021042411765e-11
341,all,1.1299999999999999,341,true,2,2.3571781310876511e-11
342,all,1.1299999999999999,342,true,3,7.767118490758378e-13
343,all,1.1299999999999999,343,true,3,6.0739941129697382e-13
344,all,1.1299999999999999,344,true,3,2.5730328600306881e-13
345,all,1.1299999999999999,345,true,2,5.4476360528658465e-11
346,all,1.1299999999999999,346,true,2,6.0683301445781646e-11
347,all,1.1299999999999999,347,true,3,8.52621669733139e-13
348,all,1.1299999999999999,348,true,2,1.9766767794936496e-11
349,all,1.1299999999999999,349,true,2,2.4845544078904044e-12
350,all,1.1299999999999999,350,true,2,2.359408984287928e-11
351,all,1.1299999999999999,351,true,2,6.2654040410445486e-11
352,all,1.1299999999999999,352,true,2,8.0694619493320286e-11
353,all,1.1299999999999999,353,true,2,1.2047582869568804e-11
354,all,1.1299999999999999,354,true,2,1.2058697312349369e-11
355,all,1.1299999999999999,355,true,2,1.0135236642722118e-11
356,all,1.1299999999999999,356,true,2,4.5319122949157708e-11
357,all,1.1299999999999999,357,true,2,9.0682518808119395e-11
358,all,1.1299999999999999,358,true,3,1.2422832032431929e-12
359,all,1.1299999999999999,359,true,2,5.3899724687497516e-11
360,all,1.1299999999999999,360,true,2,2.1625328854141484e-11
361,all,1.1299999999999999,361,true,3,3.1408094676064294e-12
362,all,1.1299999999999999,362,true,2,8.9241998234173629e-12
363,all,1.1299999999999999,363,true,2,1.7547812918251748e-11
364,all,1.1299999999999999,364,true,3,1.4711325268707367e-12
365,all,1.1299999999999999,365,true,2,1.6396203598859598e-11
366,all,1.1299999999999999,366,true,3,1.5219972977754238e-12
367,all,1.1299999999999999,367,true,2,2.9123020999311254e-11
368,all,1.1299999999999999,368,true,3,1.6058501821097114e-12
369,all,1.1299999999999999,369,true,2,5.3056071918923843e-11
370,all,1.1299999999999999,370,true,2,1.8402071616956713e-12
371,all,1.1299999999999999,371,true,3,2.3792510032000441e-12
372,all,1.1299999999999999,372,true,2,8.6462688955946479e-12
373,all,1.1299999999999999,373,true,3,7.5711274492825493e-13
374,all,1.1299999999999999,374,true,2,3.0617963018100134e-11
375,all,1.1299999999999999,375,true,2,6.0297158037840025e-11
376,all,1.1299999999999999,376,true,2,6.2361568625417437e-11
377,all,1.1299999999999999,377,true,3,1.1583939470845251e-12
378,all,1.1299999999999999,378,true,2,1.7392242961249008e-11
379,all,1.1299999999999999,379,true,2,4.3047639273447903e-11
380,all,1.1299999999999999,380,true,2,2.0537084316213203e-11
381,all,1.1299999999999999,381,true,2,3.021973351052001e-11
382,all,1.1299999999999999,382,true,3,1.4111819452402236e-12
383,all,1.1299999999999999,383,true,3,6.5562532656034782e-13
384,all,1.1299999999999999,384,true,2,7.3125774977690601e-12
385,all,1.1299999999999999,385,true,3,1.3770239938535741e-12
386,all,1.1299999999999999,386,true,2,7.5435504084522507e-11
387,all,1.1299999999999999,387,true,2,7.0156055012975023e-11
388,all,1.1299999999999999,388,true,2,2.17139458341354e-11
389,all,1.1299999999999999,389,true,2,7.9068429506504434e-12
390,all,1.1299999999999999,390,true,2,1.2163856279031388e-11
391,all,1.1299999999999999,391,true,3,3.2788213985291155e-13
392,all,1.1299999999999999,392,true,3,7.3383592176454312e-13
393,all,1.1299999999999999,393,true,3,8.055100712888547e-13
394,all,1.1299999999999999,394,true,2,2.4488086114048462e-11
395,all,1.1299999999999999,395,true,2,3.484748549488535e-12
396,all,1.1299999999999999,396,true,3,1.5297721782321946e-12
397,all,1.1299999999999999,397,true,2,1.6987099992865022e-11
398,all,1.1299999999999999,398,true,2,1.9423139201284875e-11
399,all,1.1299999999999999,399,true,2,3.0552389152427282e-11
400,all,1.1299999999999999,400,true,3,6.6856365234808349e-12
401,all,1.1299999999999999,401,true,2,3.4338093138730143e-12
402,all,1.1299999999999999,402,true,2,3.6591925686618056e-11
403,all,1.1299999999999999,403,true,2,3.5266783458945694e-11
404,all,1.1299999999999999,404,true,2,1.2546989538126674e-11
405,all,1.1299999999999999,405,true,3,1.9748132875646449e-12
406,all,1.1299999999999999,406,true,2,4.3408782666883934e-11
407,all,1.1299999999999999,407,true,2,8.9905881457081489e-12
408,all,1.1299999999999999,408,true,2,1.2181435332628325e-11
409,all,1.1299999999999999,409,true,3,6.315289714047817e-13
410,all,1.1299999999999999,410,true,3,2.3063679593629325e-12
411,all,1.1299999999999999,411,true,3,1.8239455737370923e-12
412,all,1.1299999999999999,412,true,2,6.1180160034742068e-11
413,all,1.1299999999999999,413,true,2,7.6392841541238226e-12
414,all,1.1299999999999999,414,true,2,2.1546130016769424e-11
415,all,1.1299999999999999,415,true,2,5.5424036022014718e-11
416,all,1.1299999999999999,416,true,2,7.19229192995191e-12
417,all,1.1299999999999999,417,true,3,5.2806125845335994e-13
418,all,1.1299999999999999,418,true,2,1.8357636131719598e-11
419,all,1.1299999999999999,419,true,2,5.588318699087706e-11
420,all,1.1299999999999999,420,true,3,4.5201571583762816e-13
421,all,1.1299999999999999,421,true,2,9.0018515344623378e-11
422,all,1.1299999999999999,422,true,2,4.043017185751956e-11
423,all,1.1299999999999999,423,true,3,2.9648421898103249e-12
424,all,1.1299999999999999,424,true,2,8.636149601349121e-12
425,all,1.1299999999999999,425,true,3,8.4953494409425763e-13
426,all,1.1299999999999999,426,true,2,1.0986026007188764e-11
427,all,1.1299999999999999,427,true,3,5.893726716967234e-12
428,all,1.1299999999999999,428,true,2,2.5798671540511729e-11
429,all,1.1299999999999999,429,true,2,2.3060796199777954e-11
430,all,1.1299999999999999,430,true,3,9.7996136849867743e-13
431,all,1.1299999999999999,431,true,3,3.47638963962113e-13
432,all,1.1299999999999999,432,true,3,1.089946387671541e-12
433,all,1.1299999999999999,433,true,3,4.5351719840511876e-13
434,all,1.1299999999999999,434,true,2,4.5706188224380216e-12
435,all,1.1299999999999999,435,true,3,3.0621414403803125e-13
436,all,1.1299999999999999,436,true,3,3.4492032791711965e-12
437,all,1.1299999999999999,437,true,2,4.5998712538294727e-11
438,all,1.1299999999999999,438,true,2,2.0285668225970326e-11
439,all,1.1299999999999999,439,true,2,2.3547056110386638e-11
440,all,1.1299999999999999,440,true,3,3.5153113423848876e-13
441,all,1.1299999999999999,441,true,2,7.9809363920521658e-11
442,all,1.1299999999999999,442,true,2,3.6897452240659591e-11
443,all,1.1299999999999999,443,true,2,1.727745965268285e-11
444,all,1.1299999999999999,444,true,2,6.7287379621599541e-11
445,all,1.1299999999999999,445,true,2,4.466212899582799e-11
446,all,1.1299999999999999,446,true,2,1.0623418674965497e-12
447,all,1.1299999999999999,447,true,2,4.989430464257602e-12
448,all,1.1299999999999999,448,true,2,6.6699567412749762e-12
449,all,1.1299999999999999,449,true,2,2.2567296583520665e-11
450,all,1.1299999999999999,450,true,3,8.0597651395531309e-13
451,all,1.1299999999999999,451,true,2,1.3233197147438386e-11
452,all,1.1299999999999999,452,true,2,6.5910308749236758e-11
453,all,1.1299999999999999,453,true,3,5.6894263538236372e-13
454,all,1.1299999999999999,454,true,2,8.2791948574874505e-11
455,all,1.1299999999999999,455,true,2,2.1832028732249945e-11
456,all,1.1299999999999999,456,true,2,1.7788578315795003e-12
457,all,1.1299999999999999,457,true,2,1.0419973123770933e-11
458,all,1.1299999999999999,458,true,2,9.4224355624578385e-11
459,all,1.1299999999999999,459,true,2,1.1279935999343982e-11
460,all,1.1299999999999999,460,true,2,4.59810720540063e-12
461,all,1.1299999999999999,461,true,2,3.9643484022562598e-11
462,all,1.1299999999999999,462,true,2,6.8915269982403147e-12
463,all,1.1299999999999999,463,true,2,3.3085949625026317e-11
464,all,1.1299999999999999,464,true,3,5.7582740524198066e-13
465,all,1.1299999999999999,465,true,2,1.6973988531210693e-11
466,all,1.1299999999999999,466,true,3,5.5627258130277768e-13
467,all,1.1299999999999999,467,true,2,2.5462884084372603e-11
468,all,1.1299999999999999,468,true,2,8.7346702184685659e-11
469,all,1.1299999999999999,469,true,2,4.0289885526009136e-11
470,all,1.1299999999999999,470,true,2,1.9156707855037588e-11
471,all,1.1299999999999999,471,true,2,8.7115868384369341e-12
472,all,1.1299999999999999,472,true,3,9.8929326563891898e-13
473,all,1.1299999999999999,473,true,2,1.0472970703067991e-11
474,all,1.1299999999999999,474,true,2,1.7029582145496016e-11
475,all,1.1299999999999999,475,true,2,8.8246738173639398e-11
476,all,1.1299999999999999,476,true,3,8.889206732561922e-13
477,all,1.1299999999999999,477,true,3,2.9368880711602774e-12
478,all,1.1299999999999999,478,true,2,9.8891214307706041e-11
479,all,1.1299999999999999,479,true,2,6.1735124825223194e-11
480,all,1.1299999999999999,480,true,2,4.2631466089509323e-11
481,all,1.1299999999999999,481,true,2,5.8515862937789444e-11
482,all,1.1299999999999999,482,true,2,4.6402318173314397e-12
483,all,1.1299999999999999,483,true,3,8.0577847570078016e-13
484,all,1.1299999999999999,484,true,2,8.779621283796522e-11
485,all,1.1299999999999999,485,true,2,3.9334640427210893e-11
486,all,1.1299999999999999,486,true,2,2.0860184618895516e-11
487,all,1.1299999999999999,487,true,2,3.4273930827032775e-11
488,all,1.1299999999999999,488,true,2,1.8774413044624004e-11
489,all,1.1299999999999999,489,true,2,7.3556961627900828e-12
490,all,1.1299999999999999,490,true,2,9.6186953527472328e-12
491,all,1.1299999999999999,491,true,2,2.9924577169716922e-11
492,all,1.1299999999999999,492,true,2,2.0915434449698428e-11
493,all,1.1299999999999999,493,true,3,6.7761394844267966e-13
494,all,1.1299999999999999,494,true,2,7.1026077225142255e-11
495,all,1.1299999999999999,495,true,2,2.0077538146275906e-11
496,all,1.1299999999999999,496,true,2,5.8741521692451591e-12
497,all,1.1299999999999999,497,true,2,4.2533040209476354e-11
498,all,1.1299999999999999,498,true,3,1.0029540880900466e-12
499,all,1.1299999999999999,499,true,2,1.8696312785931743e-11
500,all,1.1299999999999999,500,true,2,9.4285851662729085e-12
501,all,1.1299999999999999,501,true,3,3.218293989970128e-12
502,all,1.1299999999999999,502,true,2,2.9080441692773861e-11
503,all,1.1299999999999999,503,true,3,2.0529703218293816e-12
504,all,1.1299999999999999,504,true,2,2.5583837087476106e-11
505,all,1.1299999999999999,505,true,3,2.7426216556128866e-12
506,all,1.1299999999999999,506,true,2,1.3758567291946954e-12
507,all,1.1299999999999999,507,true,3,2.6629088238244985e-12
508,all,1.1299999999999999,508,true,2,3.8814916737568441e-12
509,all,1.1299999999999999,509,true,3,2.9909483019745559e-13
510,all,1.1299999999999999,510,true,2,6.6658532255256969e-12
511,all,1.1299999999999999,511,true,2,1.7686765117400939e-12
512,all,1.1299999999999999,512,true,2,5.263321582286477e-11
513,all,1.1299999999999999,513,true,2,3.6249403241142958e-11
514,all,1.1299999999999999,514,true,2,4.0705065674477532e-12
515,all,1.1299999999999999,515,true,3,1.2827314801460879e-12
516,all,1.1299999999999999,516,true,2,6.5871157165189938e-12
517,all,1.1299999999999999,517,true,3,2.7522802873659049e-12
518,all,1.1299999999999999,518,true,2,9.1636627577860599e-11
519,all,1.1299999999999999,519,true,2,6.7966639951755766e-12
520,all,1.1299999999999999,520,true,2,2.7825268904521135e-11
521,all,1.1299999999999999,521,true,2,3.2071624908205938e-11
522,all,1.1299999999999999,522,true,2,2.0362240294584586e-11
523,all,1.1299999999999999,523,true,2,5.3404913479844658e-12
524,all,1.1299999999999999,524,true,3,5.4142623485006929e-12
525,all,1.1299999999999999,525,true,2,2.0282223639594394e-11
526,all,1.1299999999999999,526,true,2,1.4648425468338326e-11
527,all,1.1299999999999999,527,true,2,8.0536215059828623e-12
528,all,1.1299999999999999,528,true,2,8.0842460468518505e-12
529,all,1.1299999999999999,529,true,2,6.3292489626370015e-12
530,all,1.1299999999999999,530,true,2,1.7749088549738109e-11
531,all,1.1299999999999999,531,true,2,3.0666176589847679e-12
532,all,1.1299999999999999,532,true,2,7.54943935545938e-11
533,all,1.1299999999999999,533,true,3,5.9364744940371611e-13
534,all,1.1299999999999999,534,true,2,2.3569734068866102e-11
535,all,1.1299999999999999,535,true,2,2.7477116709827272e-11
536,all,1.1299999999999999,536,true,3,1.0546356332486335e-12
537,all,1.1299999999999999,537,true,2,1.2266006694267737e-11
538,all,1.1299999999999999,538,true,2,3.3208211608268403e-11
539,all,1.1299999999999999,539,true,2,4.816259136522423e-12
540,all,1.1299999999999999,540,true,2,1.3922754896487716e-11
541,all,1.1299999999999999,541,true,2,1.3782162490541507e-11
542,all,1.1299999999999999,542,true,2,1.1254647358203857e-11
543,all,1.1299999999999999,543,true,2,3.9731880856034521e-11
544,all,1.1299999999999999,544,true,2,3.228498168321438e-11
545,all,1.1299999999999999,545,true,3,1.8028468880890978e-12
546,all,1.1299999999999999,546,true,2,2.9177155915053892e-11
547,all,1.1299999999999999,547,true,3,9.7648312291172022e-13
548,all,1.1299999999999999,548,true,3,4.6306141894839557e-13
549,all,1.1299999999999999,549,true,2,1.1690320027970509e-11
550,all,1.1299999999999999,550,true,2,2.7248951847598734e-11
551,all,1.1299999999999999,551,true,2,7.023706650432506e-11
552,all,1.1299999999999999,552,true,2,9.245205081947396e-11
553,all,1.1299999999999999,553,true,3,8.7443668715027331e-13
554,all,1.1299999999999999,554,true,2,5.185270699336172e-11
555,all,1.1299999999999999,555,true,2,1.3318938013142782e-11
556,all,1.1299999999999999,556,true,3,1.1840647368745564e-12
557,all,1.1299999999999999,557,true,2,1.659473802185594e-11
558,all,1.1299999999999999,558,true,2,6.7883346616582802e-12
559,all,1.1299999999999999,559,true,2,8.7973353572218275e-12
560,all,1.1299999999999999,560,true,2,5.454451450804484e-11
561,all,1.1299999999999999,561,true,2,1.4804277168523613e-11
562,all,1.1299999999999999,562,true,2,1.3732151776315894e-11
563,all,1.1299999999999999,563,true,2,8.4749922777599799e-12
564,all,1.1299999999999999,564,true,3,4.4085936855761416e-13
565,all,1.1299999999999999,565,true,2,3.8254367317950544e-11
566,all,1.1299999999999999,566,true,2,1.8767440133967557e-12
567,all,1.1299999999999999,567,true,3,3.5348359923166315e-12
568,all,1.1299999999999999,568,true,2,8.5716962344376518e-11
569,all,1.1299999999999999,569,true,2,3.6421639171843856e-11
570,all,1.1299999999999999,570,true,2,1.0150292147631353e-11
571,all,1.1299999999999999,571,true,2,4.1109422285156528e-11
572,all,1.1299999999999999,572,true,2,4.6801292809354714e-11
573,all,1.1299999999999999,573,true,3,1.3647109653326896e-12
574,all,1.1299999999999999,574,true,2,9.5842637880097986e-11
575,all,1.1299999999999999,575,true,2,8.3312904229777621e-11
576,all,1.1299999999999999,576,true,3,1.2003442226660327e-12
577,all,1.1299999999999999,577,true,3,4.313000354993029e-13
578,all,1.1299999999999999,578,true,2,5.3725052524017134e-12
579,all,1.1299999999999999,579,true,2,2.4449492265601162e-11
580,all,1.1299999999999999,580,true,2,5.5004604059348534e-11
581,all,1.1299999999999999,581,true,2,2.8923089433138996e-11
582,all,1.1299999999999999,582,true,2,3.7360956678354299e-11
583,all,1.1299999999999999,583,true,3,2.0994020279035555e-12
584,all,1.1299999999999999,584,true,2,4.5150336303190401e-11
585,all,1.1299999999999999,585,true,2,1.6051715868295302e-11
586,all,1.1299999999999999,586,true,2,9.0204385985537698e-11
587,all,1.1299999999999999,587,true,2,4.2408832218066041e-11
588,all,1.1299999999999999,588,true,2,7.0661644979232141e-12
589,all,1.1299999999999999,589,true,2,7.6228652069180477e-11
590,all,1.1299999999999999,590,true,2,9.7063852776878453e-12
591,all,1.1299999999999999,591,true,2,1.1994252598847462e-11
592,all,1.1299999999999999,592,true,2,8.4675952206988637e-11
593,all,1.1299999999999999,593,true,2,2.5078231847018819e-11
594,all,1.1299999999999999,594,true,3,8.6176172049825509e-12
595,all,1.1299999999999999,595,true,2,6.9296551500625969e-12
596,all,1.1299999999999999,596,true,3,7.6994907063885252e-13
597,all,1.1299999999999999,597,true,3,6.4176714847581599e-13
598,all,1.1299999999999999,598,true,2,1.406027163871143e-11
599,all,1.1299999999999999,599,true,3,2.0213766699854519e-12
600,all,1.1299999999999999,600,true,2,7.3860960735515897e-12
601,all,3.2000000000000002,1,true,4,3.0269981714974274e-12
602,all,3.2000000000000002,2,true,3,5.2317434759203839e-12
603,all,3.2000000000000002,3,true,3,2.1153828820915601e-11
604,all,3.2000000000000002,4,true,3,2.809182558624768e-11
605,all,3.2000000000000002,5,true,3,2.1534395828661272e-11
606,all,3.2000000000000002,6,true,3,7.3303699275944355e-11
607,all,3.2000000000000002,7,true,3,4.1648670735121693e-11
608,all,3.2000000000000002,8,true,3,1.11565274539706e-11
609,all,3.2000000000000002,9,true,4,8.8454141353417164e-11
610,all,3.2000000000000002,10,true,3,1.5993536024001205e-11
611,all,3.2000000000000002,11,true,3,5.8890413314938228e-11
612,all,3.2000000000000002,12,true,4,4.1166338187294529e-12
613,all,3.2000000000000002,13,true,3,7.4308705042833295e-11
614,all,3.2000000000000002,14,true,4,2.5016378187405205e-12
615,all,3.2000000000000002,15,true,4,3.1054273794608919e-12
616,all,3.2000000000000002,16,true,4,8.1501806848019359e-12
617,all,3.2000000000000002,17,true,3,6.3480300556288826e-11
618,all,3.2000000000000002,18,true,3,6.3228393846937407e-12
619,all,3.2000000000000002,19,true,4,3.1493695394782994e-12
620,all,3.2000000000000002,20,true,4,3.2912602977730755e-12
621,all,3.2000000000000002,21,true,4,4.2789043736819478e-12
622,all,3.2000000000000002,22,true,3,9.3389940618216427e-13
623,all,3.2000000000000002,23,true,3,1.2143387555399183e-11
624,all,3.2000000000000002,24,true,4,1.4726770954987019e-11
625,all,3.2000000000000002,25,true,3,7.6956783259833156e-11
626,all,3.2000000000000002,26,true,4,1.6979512653187435e-12
627,all,3.2000000000000002,27,true,3,6.5181191889498756e-11
628,all,3.2000000000000002,28,true,3,4.935482539105378e-12
629,all,3.2000000000000002,29,true,3,1.9021917234156641e-11
630,all,3.2000000000000002,30,true,3,1.2195881994520461e-11
631,all,3.2000000000000002,31,true,3,9.7819181562145123e-12
632,all,3.2000000000000002,32,true,3,4.3084856878487918e-12
633,all,3.2000000000000002,33,true,3,5.0772457613174628e-11
634,all,3.2000000000000002,34,true,3,5.5779072744578716e-12
635,all,3.2000000000000002,35,true,4,1.1108878004936936e-12
636,all,3.2000000000000002,36,true,3,1.0221200087184963e-11
637,all,3.2000000000000002,37,true,4,1.7977721734298277e-11
638,all,3.2000000000000002,38,true,3,7.7196560944996419e-11
639,all,3.2000000000000002,39,true,3,2.3401246968259074e-11
640,all,3.2000000000000002,40,true,3,5.4710095956902657e-11
641,all,3.2000000000000002,41,true,3,1.8897720273908587e-11
642,all,3.2000000000000002,42,true,3,1.1665406649537903e-11
643,all,3.2000000000000002,43,true,3,2.1950431086757833e-11
644,all,3.2000000000000002,44,true,3,5.9326202281209234e-11
645,all,3.2000000000000002,45,true,3,1.0305543908937052e-11
646,all,3.2000000000000002,46,true,4,3.1652693935123251e-12
647,all,3.2000000000000002,47,true,3,5.3389416680501555e-11
648,all,3.2000000000000002,48,true,3,9.2029961343476107e-12
649,all,3.2000000000000002,49,true,3,8.1033726896518998e-11
650,all,3.2000000000000002,50,true,3,4.7707751619486078e-11
651,all,3.2000000000000002,51,true,3,1.1276488260468905e-11
652,all,3.2000000000000002,52,true,3,1.7408119076613272e-11
653,all,3.2000000000000002,53,true,3,2.8721678891630727e-11
654,all,3.2000000000000002,54,true,3,4.5810363679527733e-11
655,all,3.2000000000000002,55,true,3,4.3561735434757911e-12
656,all,3.2000000000000002,56,true,3,2.1757784320211084e-11
657,all,3.2000000000000002,57,true,4,4.5041038355104819e-12
658,all,3.2000000000000002,58,true,3,3.1086323185049689e-11
659,all,3.2000000000000002,59,true,3,7.167597085424367e-12
660,all,3.2000000000000002,60,true,3,6.7033709714076258e-12
661,all,3.2000000000000002,61,true,3,6.4368988067468279e-11
662,all,3.2000000000000002,62,true,3,2.1558213849231668e-11
663,all,3.2000000000000002,63,true,3,3.4958516138488456e-11
664,all,3.2000000000000002,64,true,3,1.1180542455735037e-11
665,all,3.2000000000000002,65,true,3,5.2665036233544925e-12
666,all,3.2000000000000002,66,true,4,4.7986891619889115e-11
667,all,3.2000000000000002,67,true,3,3.897382165266925e-11
668,all,3.2000000000000002,68,true,3,8.675652219334662e-12
669,all,3.2000000000000002,69,true,3,2.4244183597486553e-11
670,all,3.2000000000000002,70,true,3,2.2523391268197707e-12
671,all,3.2000000000000002,71,true,3,5.1572931051449388e-11
672,all,3.2000000000000002,72,true,3,4.8354344447519387e-11
673,all,3.2000000000000002,73,true,4,3.4404125727544524e-12
674,all,3.2000000000000002,74,true,4,7.3764966031586263e-12
675,all,3.2000000000000002,75,true,3,2.8845114513026899e-11
676,all,3.2000000000000002,76,true,3,3.9346544723410553e-11
677,all,3.2000000000000002,77,true,3,4.2401743047949529e-12
678,all,3.2000000000000002,78,true,3,5.9896607911691004e-12
679,all,3.2000000000000002,79,true,3,1.1184456988590423e-11
680,all,3.2000000000000002,80,true,3,3.6284248388373059e-11
681,all,3.2000000000000002,81,true,3,8.938551329015369e-12
682,all,3.2000000000000002,82,true,4,3.0268640814425142e-12
683,all,3.2000000000000002,83,true,3,1.8665261327568082e-12
684,all,3.2000000000000002,84,true,3,6.7244765621739899e-11
685,all,3.2000000000000002,85,true,4,2.2058606906380248e-12
686,all,3.2000000000000002,86,true,4,3.9047906888682263e-11
687,all,3.2000000000000002,87,true,3,1.5261930383171437e-11
688,all,3.2000000000000002,88,true,3,9.0881626142888971e-11
689,all,3.2000000000000002,89,true,4,3.5226555269488962e-12
690,all,3.2000000000000002,90,true,3,4.9740451109621312e-11
691,all,3.2000000000000002,91,true,3,3.4948954996907046e-11
692,all,3.2000000000000002,92,true,4,1.7836194296614337e-11
693,all,3.2000000000000002,93,true,4,2.574052128902786e-11
694,all,3.2000000000000002,94,true,3,3.6107348373092816e-11
695,all,3.2000000000000002,95,true,3,1.744838916633149e-11
696,all,3.2000000000000002,96,true,3,1.5946279742347633e-11
697,all,3.2000000000000002,97,true,3,4.6084359981984663e-12
698,all,3.2000000000000002,98,true,3,3.088290998984316e-11
699,all,3.2000000000000002,99,true,4,3.343396670396274e-12
700,all,3.2000000000000002,100,true,3,6.3977044692822048e-11
701,all,3.2000000000000002,101,true,3,3.714364629481798e-11
702,all,3.2000000000000002,102,true,3,8.2477757610070317e-12
703,all,3.2000000000000002,103,true,4,2.0928941726707349e-12
704,all,3.2000000000000002,104,true,3,1.8200741240787779e-11
705,all,3.2000000000000002,105,true,3,1.9126022045242977e-11
706,all,3.2000000000000002,106,true,4,2.8490393746001214e-12
707,all,3.2000000000000002,107,true,4,7.8980829290205185e-12
708,all,3.2000000000000002,108,true,3,4.3848232243488403e-11
709,all,3.2000000000000002,109,true,4,3.2063882546901672e-12
710,all,3.2000000000000002,110,true,3,2.8406478182040362e-11
711,all,3.2000000000000002,111,true,3,3.4443155342628787e-11
712,all,3.2000000000000002,112,true,3,4.6595790438365114e-11
713,all,3.2000000000000002,113,true,4,4.0607854265038044e-13
714,all,3.2000000000000002,114,true,3,5.7317040419994621e-12
715,all,3.2000000000000002,115,true,3,9.7762502029277163e-12
716,all,3.2000000000000002,116,true,4,5.6944353832917714e-12
717,all,3.2000000000000002,117,true,4,1.4155254010013835e-11
718,all,3.2000000000000002,118,true,3,3.8214764330056012e-11
719,all,3.2000000000000002,119,true,4,7.9303486811874552e-12
720,all,3.2000000000000002,120,true,3,1.478501795481264e-11
721,all,3.2000000000000002,121,true,3,3.2883916336542412e-11
722,all,3.2000000000000002,122,true,3,6.3201266352786708e-11
723,all,3.2000000000000002,123,true,4,1.9143861388540438e-12
724,all,3.2000000000000002,124,true,4,1.8611020760648135e-12
725,all,3.2000000000000002,125,true,4,1.4500213635828812e-11
726,all,3.2000000000000002,126,true,3,2.4828323578649206e-11
727,all,3.2000000000000002,127,true,3,1.5164855861354897e-12
728,all,3.2000000000000002,128,true,3,1.9345638055847979e-12
729,all,3.2000000000000002,129,true,3,6.6976409914379252e-11
730,all,3.2000000000000002,130,true,4,1.29397887594018e-11
731,all,3.2000000000000002,131,true,4,8.9631889411544422e-13
732,all,3.2000000000000002,132,true,3,5.5257221512471331e-11
733,all,3.2000000000000002,133,true,4,1.0522132582038057e-11
734,all,3.2000000000000002,134,true,4,3.0687227065836579e-12
735,all,3.2000000000000002,135,true,3,8.6273153222515557e-12
736,all,3.2000000000000002,136,true,3,2.283253096146861e-11
737,all,3.2000000000000002,137,true,4,6.0128082185730283e-12
738,all,3.2000000000000002,138,true,3,4.4888385300715603e-12
739,all,3.2000000000000002,139,true,3,8.1627670479089313e-12
740,all,3.2000000000000002,140,true,3,2.5518270061936356e-11
741,all,3.2000000000000002,141,true,4,9.5867375960290567e-13
742,all,3.2000000000000002,142,true,3,9.3855125269773974e-12
743,all,3.2000000000000002,143,true,3,1.7329499548924032e-11
744,all,3.2000000000000002,144,true,3,1.3911761723251699e-11
745,all,3.2000000000000002,145,true,4,7.1535491030284959e-12
746,all,3.2000000000000002,146,true,3,3.6044943089793567e-12
747,all,3.2000000000000002,147,true,3,5.0417709754492318e-11
748,all,3.2000000000000002,148,true,3,8.2726563135394029e-11
749,all,3.2000000000000002,149,true,3,9.4829248333185246e-13
750,all,3.2000000000000002,150,true,3,1.0803567948109529e-11
751,all,3.2000000000000002,151,true,4,1.9227502894745187e-12
752,all,3.2000000000000002,152,true,3,4.683043029782471e-11
753,all,3.2000000000000002,153,true,3,1.8162937993308307e-11
754,all,3.2000000000000002,154,true,3,2.1471201913393392e-11
755,all,3.2000000000000002,155,true,3,6.4289486066568593e-11
756,all,3.2000000000000002,156,true,3,3.6096335257956314e-11
757,all,3.2000000000000002,157,true,3,1.8380380927225263e-11
758,all,3.2000000000000002,158,true,3,1.0237858347275923e-11
759,all,3.2000000000000002,159,true,3,1.5212661985792748e-12
760,all,3.2000000000000002,160,true,2,6.2801090125095223e-11
761,all,3.2000000000000002,161,true,4,2.4861161777095082e-12
762,all,3.2000000000000002,162,true,3,1.7949092354901353e-11
763,all,3.2000000000000002,163,true,2,4.1924634154663958e-11
764,all,3.2000000000000002,164,true,3,3.2606507678928473e-11
765,all,3.2000000000000002,165,true,3,4.398827512855663e-12
766,all,3.2000000000000002,166,true,3,8.8668621169179766e-12
767,all,3.2000000000000002,167,true,4,2.5058386645153325e-12
768,all,3.2000000000000002,168,true,3,1.2408355253416488e-11
769,all,3.2000000000000002,169,true,3,1.4463713995401465e-11
770,all,3.2000000000000002,170,true,3,3.3114853204197986e-11
771,all,3.2000000000000002,171,true,3,5.3909136395970917e-11
772,all,3.2000000000000002,172,true,3,3.8945817873995236e-11
773,all,3.2000000000000002,173,true,3,9.0656758321240738e-11
774,all,3.2000000000000002,174,true,3,2.4770873132906678e-11
775,all,3.2000000000000002,175,true,4,1.1377744424381663e-12
776,all,3.2000000000000002,176,true,3,2.7594258368053598e-11
777,all,3.2000000000000002,177,true,3,8.087296670881857e-11
778,all,3.2000000000000002,178,true,3,3.9283751283333734e-12
779,all,3.2000000000000002,179,true,3,1.3538731630453695e-11
780,all,3.2000000000000002,180,true,3,3.4358321681405053e-11
781,all,3.2000000000000002,181,true,3,2.4337279019054158e-12
782,all,3.2000000000000002,182,true,4,1.3909290109522653e-11
783,all,3.2000000000000002,183,true,3,4.4833498195550426e-11
784,all,3.2000000000000002,184,true,4,3.2561846855954609e-12
785,all,3.2000000000000002,185,true,3,4.4298924260810613e-11
786,all,3.2000000000000002,186,true,3,3.7964892428000236e-11
787,all,3.2000000000000002,187,true,3,3.7796537141341236e-11
788,all,3.2000000000000002,188,true,4,3.7246977574643419e-11
789,all,3.2000000000000002,189,true,4,1.2972530404313587e-12
790,all,3.2000000000000002,190,true,4,1.0239915961054684e-11
791,all,3.2000000000000002,191,true,3,1.389679258677994e-11
792,all,3.2000000000000002,192,true,3,2.7145692177766192e-11
793,all,3.2000000000000002,193,true,4,2.9413272091496156e-12
794,all,3.2000000000000002,194,true,3,5.5489198185661842e-11
795,all,3.2000000000000002,195,true,4,6.6534036814187806e-12
796,all,3.2000000000000002,196,true,3,6.1343277419965145e-11
797,all,3.2000000000000002,197,true,4,1.9938944938254823e-12
798,all,3.2000000000000002,198,true,4,1.2635060755700842e-12
799,all,3.2000000000000002,199,true,3,1.8855017521792192e-11
800,all,3.2000000000000002,200,true,3,2.3063697619197199e-11
801,all,3.2000000000000002,201,true,3,3.0363216772353286e-11
802,all,3.2000000000000002,202,true,3,5.8589527725635681e-11
803,all,3.2000000000000002,203,true,3,1.1842521214680772e-11
804,all,3.2000000000000002,204,true,3,9.0665973391562319e-12
805,all,3.2000000000000002,205,true,3,1.3891699216044598e-11
806,all,3.2000000000000002,206,true,3,6.8150654109283138e-12
807,all,3.2000000000000002,207,true,4,4.0225458239250688e-12
808,all,3.2000000000000002,208,true,3,9.4762145519445028e-13
809,all,3.2000000000000002,209,true,3,1.8171274377802297e-11
810,all,3.2000000000000002,210,true,3,3.9000283237727039e-11
811,all,3.2000000000000002,211,true,4,1.9790307747114351e-12
812,all,3.2000000000000002,212,true,3,4.9916258214666974e-12
813,all,3.2000000000000002,213,true,3,3.3891288901253472e-11
814,all,3.2000000000000002,214,true,3,2.8905812337443028e-11
815,all,3.2000000000000002,215,true,4,6.7027165109449335e-12
816,all,3.2000000000000002,216,true,3,1.0498258242499574e-11
817,all,3.2000000000000002,217,true,4,4.2126764592945477e-12
818,all,3.2000000000000002,218,true,4,4.7076382080017132e-12
819,all,3.2000000000000002,219,true,3,4.1027243414831327e-11
820,all,3.2000000000000002,220,true,3,3.5472274629791481e-11
821,all,3.2000000000000002,221,true,4,2.1186389479862621e-12
822,all,3.2000000000000002,222,true,3,4.2557744702754304e-11
823,all,3.2000000000000002,223,true,3,3.8430079871684762e-11
824,all,3.2000000000000002,224,true,3,5.6337044135020718e-12
825,all,3.2000000000000002,225,true,3,1.4864241876672373e-11
826,all,3.2000000000000002,226,true,3,3.0566437913631865e-11
827,all,3.2000000000000002,227,true,3,2.2585872112195442e-11
828,all,3.2000000000000002,228,true,3,4.2819501386743723e-11
829,all,3.2000000000000002,229,true,3,7.0369006563480869e-12
830,all,3.2000000000000002,230,true,3,2.6098143140230685e-11
831,all,3.2000000000000002,231,true,3,1.193301374228984e-12
832,all,3.2000000000000002,232,true,3,1.6654658087222221e-11
833,all,3.2000000000000002,233,true,3,1.8899100912530337e-11
834,all,3.2000000000000002,234,true,3,7.4624118915465879e-12
835,all,3.2000000000000002,235,true,4,2.6614671146457202e-12
836,all,3.2000000000000002,236,true,3,9.7940757205362312e-11
837,all,3.2000000000000002,237,true,3,1.4611169505975075e-12
838,all,3.2000000000000002,238,true,3,2.7602997907944929e-12
839,all,3.2000000000000002,239,true,3,5.128709912719315e-11
840,all,3.2000000000000002,240,true,3,2.3601505109577272e-11
841,all,3.2000000000000002,241,true,4,3.4689535818964755e-12
842,all,3.2000000000000002,242,true,4,7.868655875974488e-12
843,all,3.2000000000000002,243,true,4,6.380681493720392e-12
844,all,3.2000000000000002,244,true,3,3.1296950421641664e-11
845,all,3.2000000000000002,245,true,3,4.6550951155159764e-11
846,all,3.2000000000000002,246,true,4,8.013175054189926e-13
847,all,3.2000000000000002,247,true,4,4.5222155848539138e-12
848,all,3.2000000000000002,248,true,3,6.1831461526430167e-11
849,all,3.2000000000000002,249,true,3,1.5465600498907494e-11
850,all,3.2000000000000002,250,true,3,2.2639703642516149e-11
851,all,3.2000000000000002,251,true,3,1.0052758772198692e-11
852,all,3.2000000000000002,252,true,3,1.7083720432392573e-11
853,all,3.2000000000000002,253,true,3,4.5219067602478217e-12
854,all,3.2000000000000002,254,true,3,1.6373248461876653e-11
855,all,3.2000000000000002,255,true,4,3.8498619248238107e-12
856,all,3.2000000000000002,256,true,3,1.7958892237507906e-12
857,all,3.2000000000000002,257,true,3,3.1939303174852915e-11
858,all,3.2000000000000002,258,true,4,2.2127791960077494e-12
859,all,3.2000000000000002,259,true,4,7.1152806588931229e-12
860,all,3.2000000000000002,260,true,4,2.4864249440701432e-12
861,all,3.2000000000000002,261,true,3,1.0472189286837234e-11
862,all,3.2000000000000002,262,true,3,2.5939005222227572e-11
863,all,3.2000000000000002,263,true,4,7.0029924887723719e-12
864,all,3.2000000000000002,264,true,3,2.2934108602721107e-12
865,all,3.2000000000000002,265,true,3,4.7734026446900923e-12
866,all,3.2000000000000002,266,true,3,2.2064088508872818e-11
867,all,3.2000000000000002,267,true,3,5.4885423075559251e-11
868,all,3.2000000000000002,268,true,3,3.1277281765279057e-11
869,all,3.2000000000000002,269,true,3,5.7712885576315233e-11
870,all,3.2000000000000002,270,true,3,2.7943032099505273e-11
871,all,3.2000000000000002,271,true,4,9.1525688489509627e-13
872,all,3.2000000000000002,272,true,4,1.3607194124893052e-11
873,all,3.2000000000000002,273,true,4,4.7792316813787687e-12
874,all,3.2000000000000002,274,true,3,6.8671000862171622e-11
875,all,3.2000000000000002,275,true,3,1.2638751044417317e-11
876,all,3.2000000000000002,276,true,4,1.6959207602398145e-12
877,all,3.2000000000000002,277,true,4,4.0552669036400638e-12
878,all,3.2000000000000002,278,true,3,6.9843660258193981e-12
879,all,3.2000000000000002,279,true,3,2.1020262450040795e-12
880,all,3.2000000000000002,280,true,3,3.2633178095167059e-11
881,all,3.2000000000000002,281,true,3,7.9520214941702458e-11
882,all,3.2000000000000002,282,true,3,5.7676049739048947e-12
883,all,3.2000000000000002,283,true,3,7.0217734415043212e-11
884,all,3.2000000000000002,284,true,3,7.1807997972027193e-12
885,all,3.2000000000000002,285,true,3,3.9540439265904958e-11
886,all,3.2000000000000002,286,true,3,1.0101880442631699e-11
887,all,3.2000000000000002,287,true,3,1.9050367777619608e-11
888,all,3.2000000000000002,288,true,3,6.0166228783506472e-12
889,all,3.2000000000000002,289,true,4,1.0483139145155345e-11
890,all,3.2000000000000002,290,true,3,4.2641369160456143e-11
891,all,3.2000000000000002,291,true,3,1.7462717865435963e-11
892,all,3.2000000000000002,292,true,3,4.0921139657722109e-11
893,all,3.2000000000000002,293,true,4,8.7609747854079858e-12
894,all,3.2000000000000002,294,true,3,1.159656673116284e-12
895,all,3.2000000000000002,295,true,3,3.4609433019845928e-12
896,all,3.2000000000000002,296,true,4,5.3752072018253421e-12
897,all,3.2000000000000002,297,true,3,1.1130907345380143e-11
898,all,3.2000000000000002,298,true,3,8.7490662471251478e-12
899,all,3.2000000000000002,299,true,4,4.4745990961801888e-12
900,all,3.2000000000000002,300,true,3,7.5369533326614387e-11
901,all,3.2000000000000002,301,true,3,7.619689559949996e-12
902,all,3.2000000000000002,302,true,3,9.0121658097260874e-11
903,all,3.2000000000000002,303,true,3,1.6838899654607528e-11
904,all,3.2000000000000002,304,true,3,5.6887583990019941e-11
905,all,3.2000000000000002,305,true,3,6.775189514363728e-12
906,all,3.2000000000000002,306,true,3,9.6124518489350186e-11
907,all,3.2000000000000002,307,true,4,3.7140544112684186e-12
908,all,3.2000000000000002,308,true,3,4.4451852510156308e-12
909,all,3.2000000000000002,309,true,3,3.6940111472721787e-11
910,all,3.2000000000000002,310,true,3,2.4470973610260168e-11
911,all,3.2000000000000002,311,true,4,6.3313288450788307e-12
912,all,3.2000000000000002,312,true,3,2.7447899145185243e-11
913,all,3.2000000000000002,313,true,3,2.2671861918235959e-11
914,all,3.2000000000000002,314,true,4,2.0844893148758701e-11
915,all,3.2000000000000002,315,true,4,1.7232970189997606e-11
916,all,3.2000000000000002,316,true,3,6.9245770982507716e-11
917,all,3.2000000000000002,317,true,3,1.5707097508857875e-11
918,all,3.2000000000000002,318,true,3,4.0677151633230655e-11
919,all,3.2000000000000002,319,true,3,3.9540344658667195e-11
920,all,3.2000000000000002,320,true,3,5.3402748736663357e-11
921,all,3.2000000000000002,321,true,4,6.5453866708616739e-13
922,all,3.2000000000000002,322,true,3,3.4378691104407095e-11
923,all,3.2000000000000002,323,true,3,7.0573199215023621e-12
924,all,3.2000000000000002,324,true,3,2.1771457268420358e-11
925,all,3.2000000000000002,325,true,4,1.986903476454593e-12
926,all,3.2000000000000002,326,true,3,4.9763362214342336e-11
927,all,3.2000000000000002,327,true,3,3.7462520184570981e-11
928,all,3.2000000000000002,328,true,3,7.4076070916745736e-11
929,all,3.2000000000000002,329,true,4,9.6101902454686913e-13
930,all,3.2000000000000002,330,true,4,6.0746310174520231e-12
931,all,3.2000000000000002,331,true,3,2.9095923108502522e-11
932,all,3.2000000000000002,332,true,3,7.2599343900021057e-12
933,all,3.2000000000000002,333,true,3,3.5749397216201056e-11
934,all,3.2000000000000002,334,true,3,2.1075480487632256e-11
935,all,3.2000000000000002,335,true,3,2.0865106791874935e-11
936,all,3.2000000000000002,336,true,3,3.2941778222050726e-12
937,all,3.2000000000000002,337,true,4,1.8561448493449761e-11
938,all,3.2000000000000002,338,true,3,5.0071154159526468e-11
939,all,3.2000000000000002,339,true,4,2.8815873684672602e-11
940,all,3.2000000000000002,340,true,3,3.1948260289623185e-11
941,all,3.2000000000000002,341,true,3,1.141302830524087e-11
942,all,3.2000000000000002,342,true,4,3.1765158430709377e-12
943,all,3.2000000000000002,343,true,4,1.0959568735182425e-11
944,all,3.2000000000000002,344,true,3,2.060048354282558e-11
945,all,3.2000000000000002,345,true,3,4.1599644751885514e-11
946,all,3.2000000000000002,346,true,4,1.03950991799477e-12
947,all,3.2000000000000002,347,true,4,2.2224335655487425e-12
948,all,3.2000000000000002,348,true,3,1.3459327637712931e-11
949,all,3.2000000000000002,349,true,3,5.0211789143896763e-12
950,all,3.2000000000000002,350,true,3,1.7069059698305991e-11
951,all,3.2000000000000002,351,true,4,2.4128291012859526e-12
952,all,3.2000000000000002,352,true,4,9.3908644815308317e-13
953,all,3.2000000000000002,353,true,3,2.7930810404205084e-12
954,all,3.2000000000000002,354,true,3,2.4694713209533687e-11
955,all,3.2000000000000002,355,true,3,2.650903940474698e-12
956,all,3.2000000000000002,356,true,3,3.05379627542619e-11
957,all,3.2000000000000002,357,true,3,3.6600198298974389e-11
958,all,3.2000000000000002,358,true,4,3.9976739677383694e-12
959,all,3.2000000000000002,359,true,3,2.0039992060078142e-11
960,all,3.2000000000000002,360,true,3,2.3427280188799884e-11
961,all,3.2000000000000002,361,true,4,3.5777958884100218e-11
962,all,3.2000000000000002,362,true,3,2.619197498963023e-12
963,all,3.2000000000000002,363,true,3,1.5174433932446365e-11
964,all,3.2000000000000002,364,true,4,4.6095945920366129e-12
965,all,3.2000000000000002,365,true,3,7.6454026268209368e-12
966,all,3.2000000000000002,366,true,4,5.3748399845440161e-12
967,all,3.2000000000000002,367,true,3,8.349996169235191e-11
968,all,3.2000000000000002,368,true,4,3.8700011126391478e-12
969,all,3.2000000000000002,369,true,3,5.1266264759681139e-11
970,all,3.2000000000000002,370,true,3,5.9149765852302832e-13
971,all,3.2000000000000002,371,true,4,1.2098231204884562e-11
972,all,3.2000000000000002,372,true,3,6.6583785086739335e-12
973,all,3.2000000000000002,373,true,4,7.7366003407113265e-12
974,all,3.2000000000000002,374,true,3,5.8863203777798536e-11
975,all,3.2000000000000002,375,true,3,4.7721790866650347e-11
976,all,3.2000000000000002,376,true,3,3.0113952397546163e-11
977,all,3.2000000000000002,377,true,4,5.8767039295180755e-12
978,all,3.2000000000000002,378,true,3,1.8573743517007308e-11
979,all,3.2000000000000002,379,true,3,9.8163381278698917e-12
980,all,3.2000000000000002,380,true,3,2.0798814337500678e-11
981,all,3.2000000000000002,381,true,3,5.2654726417608667e-11
982,all,3.2000000000000002,382,true,4,4.6101919232061184e-12
983,all,3.2000000000000002,383,true,4,8.7793643582272894e-12
984,all,3.2000000000000002,384,true,3,8.4788040640687548e-13
985,all,3.2000000000000002,385,true,4,8.7617092698429128e-12
986,all,3.2000000000000002,386,true,3,1.5628613837260464e-11
987,all,3.2000000000000002,387,true,3,4.7454255717319927e-11
988,all,3.2000000000000002,388,true,3,6.7063475225958713e-11
989,all,3.2000000000000002,389,true,3,3.0983249519501677e-12
990,all,3.2000000000000002,390,true,3,1.3972831706053724e-11
991,all,3.2000000000000002,391,true,3,6.1629627701884421e-11
992,all,3.2000000000000002,392,true,4,4.2605080342830684e-12
993,all,3.2000000000000002,393,true,4,2.5669097533243749e-12
994,all,3.2000000000000002,394,true,3,6.3313629066613184e-11
995,all,3.2000000000000002,395,true,3,3.4991055116935795e-12
996,all,3.2000000000000002,396,true,4,2.0264166955610991e-12
997,all,3.2000000000000002,397,true,3,9.2883001589421056e-12
998,all,3.2000000000000002,398,true,3,3.5398461551253826e-11
999,all,3.2000000000000002,399,true,3,1.7064334994468316e-11
1000,all,3.2000000000000002,400,true,4,4.7691070367815168e-11
1001,all,3.2000000000000002,401,true,3,1.4007310904236536e-12
1002,all,3.2000000000000002,402,true,3,4.3908752556549072e-11
1003,all,3.2000000000000002,403,true,3,1.7387518716878501e-11
1004,all,3.2000000000000002,404,true,3,4.6127514818556828e-12
1005,all,3.2000000000000002,405,true,4,6.592733251933421e-12
1006,all,3.2000000000000002,406,true,4,3.703011612258387e-12
1007,all,3.2000000000000002,407,true,3,2.8653202070342679e-11
1008,all,3.2000000000000002,408,true,3,3.5123417292877829e-11
1009,all,3.2000000000000002,409,true,4,1.472788524169775e-12
1010,all,3.2000000000000002,410,true,4,1.0266694545181633e-11
1011,all,3.2000000000000002,411,true,4,9.1610454725863458e-12
1012,all,3.2000000000000002,412,true,3,6.8260404831383071e-11
1013,all,3.2000000000000002,413,true,3,4.7128992361344195e-12
1014,all,3.2000000000000002,414,true,3,4.8603011675729198e-12
1015,all,3.2000000000000002,415,true,3,2.6049303848609338e-11
1016,all,3.2000000000000002,416,true,3,3.5318083875734639e-12
1017,all,3.2000000000000002,417,true,3,7.2249548764207049e-11
1018,all,3.2000000000000002,418,true,3,6.6407899843583454e-12
1019,all,3.2000000000000002,419,true,3,3.4615530946503507e-11
1020,all,3.2000000000000002,420,true,3,9.2234902434488133e-11
1021,all,3.2000000000000002,421,true,3,3.2723359171287474e-11
1022,all,3.2000000000000002,422,true,3,7.299049574035885e-11
1023,all,3.2000000000000002,423,true,4,1.2241859527529115e-11
1024,all,3.2000000000000002,424,true,3,2.3586189570237848e-11
1025,all,3.2000000000000002,425,true,4,2.6945487611050134e-12
1026,all,3.2000000000000002,426,true,3,4.7556462836314622e-12
1027,all,3.2000000000000002,427,true,4,5.5645610160753113e-11
1028,all,3.2000000000000002,428,true,3,5.2125359060195582e-11
1029,all,3.2000000000000002,429,true,3,1.8999214793217495e-11
1030,all,3.2000000000000002,430,true,4,6.4287464241107962e-12
1031,all,3.2000000000000002,431,true,3,6.6950073067613313e-11
1032,all,3.2000000000000002,432,true,4,2.1299943039932148e-12
1033,all,3.2000000000000002,433,true,3,8.7622551652589148e-11
1034,all,3.2000000000000002,434,true,3,5.2337380432872294e-12
1035,all,3.2000000000000002,435,true,3,5.297992297084352e-11
1036,all,3.2000000000000002,436,true,4,1.1019652521963336e-11
1037,all,3.2000000000000002,437,true,3,3.3133353549869194e-11
1038,all,3.2000000000000002,438,true,3,1.9501812125280623e-11
1039,all,3.2000000000000002,439,true,3,1.0536249159134364e-11
1040,all,3.2000000000000002,440,true,3,6.5712443135426546e-11
1041,all,3.2000000000000002,441,true,3,8.9018909188795862e-11
1042,all,3.2000000000000002,442,true,3,2.4856118213697113e-11
1043,all,3.2000000000000002,443,true,3,3.2476645377069852e-11
1044,all,3.2000000000000002,444,true,3,8.7843173338990848e-11
1045,all,3.2000000000000002,445,true,3,3.2647372205099717e-11
1046,all,3.2000000000000002,446,true,2,6.8502708613098588e-11
1047,all,3.2000000000000002,447,true,3,1.5413344020189128e-12
1048,all,3.2000000000000002,448,true,3,4.2845203395913301e-12
1049,all,3.2000000000000002,449,true,3,9.4322597875000738e-12
1050,all,3.2000000000000002,450,true,4,1.9929223815892308e-12
1051,all,3.2000000000000002,451,true,3,1.7494240132112451e-11
1052,all,3.2000000000000002,452,true,3,6.5648457774730261e-11
1053,all,3.2000000000000002,453,true,4,1.5271610688371903e-12
1054,all,3.2000000000000002,454,true,4,2.8373020662344054e-12
1055,all,3.2000000000000002,455,true,3,2.2845552593162333e-11
1056,all,3.2000000000000002,456,true,3,5.0023533687001516e-12
1057,all,3.2000000000000002,457,true,3,3.1539587515280382e-12
1058,all,3.2000000000000002,458,true,3,5.369192251923779e-11
1059,all,3.2000000000000002,459,true,3,3.776797160731942e-12
1060,all,3.2000000000000002,460,true,3,1.2190446536330155e-12
1061,all,3.2000000000000002,461,true,3,3.3499498412064341e-11
1062,all,3.2000000000000002,462,true,3,1.0131292078215292e-11
1063,all,3.2000000000000002,463,true,3,4.890008720662527e-11
1064,all,3.2000000000000002,464,true,3,9.6582022955567388e-11
1065,all,3.2000000000000002,465,true,3,2.3196853292308756e-11
1066,all,3.2000000000000002,466,true,4,9.5721009867172886e-13
1067,all,3.2000000000000002,467,true,3,1.2405908179227772e-11
1068,all,3.2000000000000002,468,true,4,1.6782680796392568e-12
1069,all,3.2000000000000002,469,true,4,2.1504680915492348e-12
1070,all,3.2000000000000002,470,true,3,1.2660566361489731e-11
1071,all,3.2000000000000002,471,true,3,7.0230008239159095e-12
1072,all,3.2000000000000002,472,true,4,4.710197334780758e-12
1073,all,3.2000000000000002,473,true,3,1.7975819480200659e-11
1074,all,3.2000000000000002,474,true,3,4.2533917837419816e-11
1075,all,3.2000000000000002,475,true,3,4.8700797304166414e-11
1076,all,3.2000000000000002,476,true,4,1.3217281548616543e-12
1077,all,3.2000000000000002,477,true,4,9.7736333479761436e-12
1078,all,3.2000000000000002,478,true,4,1.9706441535932877e-12
1079,all,3.2000000000000002,479,true,4,3.2368055516108802e-12
1080,all,3.2000000000000002,480,true,3,2.942663930423166e-11
1081,all,3.2000000000000002,481,true,3,1.8460974164979257e-11
1082,all,3.2000000000000002,482,true,3,1.6382501928683466e-12
1083,all,3.2000000000000002,483,true,4,1.7054858406530189e-12
1084,all,3.2000000000000002,484,true,3,7.2978987215273011e-11
1085,all,3.2000000000000002,485,true,3,1.0302633944883261e-11
1086,all,3.2000000000000002,486,true,3,7.0661429546867101e-12
1087,all,3.2000000000000002,487,true,3,1.0394019240252364e-11
1088,all,3.2000000000000002,488,true,3,1.0003329466410516e-11
1089,all,3.2000000000000002,489,true,3,1.5080636845613454e-11
1090,all,3.2000000000000002,490,true,3,1.8095727460066579e-12
1091,all,3.2000000000000002,491,true,3,2.2629400849233015e-11
1092,all,3.2000000000000002,492,true,3,1.7528051693937845e-11
1093,all,3.2000000000000002,493,true,4,2.4100386145379615e-12
1094,all,3.2000000000000002,494,true,3,3.3667073042949946e-11
1095,all,3.2000000000000002,495,true,3,6.2695490939490643e-12
1096,all,3.2000000000000002,496,true,3,2.3059264354821418e-12
1097,all,3.2000000000000002,497,true,3,2.4503677031983322e-11
1098,all,3.2000000000000002,498,true,4,1.3289767675575404e-12
1099,all,3.2000000000000002,499,true,3,4.4673815059353318e-12
1100,all,3.2000000000000002,500,true,3,4.6633962474006802e-12
1101,all,3.2000000000000002,501,true,4,2.1447674255384174e-11
1102,all,3.2000000000000002,502,true,3,1.7995400103673609e-11
1103,all,3.2000000000000002,503,true,4,1.5606868542769984e-11
1104,all,3.2000000000000002,504,true,3,8.9629991552448453e-12
1105,all,3.2000000000000002,505,true,4,5.3337205613007379e-12
1106,all,3.2000000000000002,506,true,2,9.2035323931143549e-11
1107,all,3.2000000000000002,507,true,4,8.8110097302910207e-12
1108,all,3.2000000000000002,508,true,3,1.5823513690300887e-12
1109,all,3.2000000000000002,509,true,3,5.4111099813481315e-11
1110,all,3.2000000000000002,510,true,3,3.8381279866460422e-12
1111,all,3.2000000000000002,511,true,3,2.3621796822185109e-12
1112,all,3.2000000000000002,512,true,3,4.8065791188189588e-11
1113,all,3.2000000000000002,513,true,4,1.0430366384981772e-12
1114,all,3.2000000000000002,514,true,3,1.5276189766169143e-12
1115,all,3.2000000000000002,515,true,4,7.0340463513465881e-12
1116,all,3.2000000000000002,516,true,3,1.3091570637659686e-11
1117,all,3.2000000000000002,517,true,4,6.6372117114362723e-12
1118,all,3.2000000000000002,518,true,3,5.148407364811314e-11
1119,all,3.2000000000000002,519,true,3,3.1159185443500316e-12
1120,all,3.2000000000000002,520,true,3,1.477799843468592e-11
1121,all,3.2000000000000002,521,true,3,7.384193962790263e-12
1122,all,3.2000000000000002,522,true,3,4.0017042907180519e-11
1123,all,3.2000000000000002,523,true,3,1.9307494784175158e-12
1124,all,3.2000000000000002,524,true,4,1.4885283015693517e-11
1125,all,3.2000000000000002,525,true,3,9.4879500658168955e-12
1126,all,3.2000000000000002,526,true,3,2.7235112110073315e-11
1127,all,3.2000000000000002,527,true,3,3.3854322954779217e-12
1128,all,3.2000000000000002,528,true,3,3.2623060558122357e-12
1129,all,3.2000000000000002,529,true,3,4.6461291334572824e-12
1130,all,3.2000000000000002,530,true,3,1.5213560773424886e-11
1131,all,3.2000000000000002,531,true,3,9.4857571928614606e-13
1132,all,3.2000000000000002,532,true,4,7.7196317395126069e-13
1133,all,3.2000000000000002,533,true,3,8.6351657204389904e-11
1134,all,3.2000000000000002,534,true,3,8.4254344262314737e-12
1135,all,3.2000000000000002,535,true,3,2.2132779596253457e-11
1136,all,3.2000000000000002,536,true,4,3.2872174164806604e-12
1137,all,3.2000000000000002,537,true,3,1.2953028905734329e-11
1138,all,3.2000000000000002,538,true,3,2.2858992428862473e-11
1139,all,3.2000000000000002,539,true,3,6.6432576400904061e-13
1140,all,3.2000000000000002,540,true,3,1.0360711539006095e-11
1141,all,3.2000000000000002,541,true,3,1.3494733734662033e-11
1142,all,3.2000000000000002,542,true,3,1.0397416770383777e-11
1143,all,3.2000000000000002,543,true,3,2.4394744628621039e-11
1144,all,3.2000000000000002,544,true,3,7.0195076348123925e-11
1145,all,3.2000000000000002,545,true,4,2.5230951761063743e-12
1146,all,3.2000000000000002,546,true,3,9.2626971311316533e-12
1147,all,3.2000000000000002,547,true,4,2.495203439110545e-12
1148,all,3.2000000000000002,548,true,3,7.5575875949335947e-11
1149,all,3.2000000000000002,549,true,3,2.5317133045292131e-11
1150,all,3.2000000000000002,550,true,3,2.588675305130843e-11
1151,all,3.2000000000000002,551,true,3,5.1970645897511179e-11
1152,all,3.2000000000000002,552,true,3,4.905547778497956e-11
1153,all,3.2000000000000002,553,true,4,2.8510061415015454e-12
1154,all,3.2000000000000002,554,true,3,1.188540950715951e-11
1155,all,3.2000000000000002,555,true,3,1.9206887872361867e-11
1156,all,3.2000000000000002,556,true,4,3.0175609748064047e-12
1157,all,3.2000000000000002,557,true,3,1.3653122784575173e-11
1158,all,3.2000000000000002,558,true,3,5.4168755047417911e-12
1159,all,3.2000000000000002,559,true,3,2.7951765544753761e-12
1160,all,3.2000000000000002,560,true,3,4.8073225490928743e-11
1161,all,3.2000000000000002,561,true,3,1.4703190261109378e-11
1162,all,3.2000000000000002,562,true,3,1.3143652904522694e-11
1163,all,3.2000000000000002,563,true,3,2.2171502726192698e-11
1164,all,3.2000000000000002,564,true,3,7.7159009142452003e-11
1165,all,3.2000000000000002,565,true,3,2.6757703518316812e-11
1166,all,3.2000000000000002,566,true,3,1.595781772438452e-12
1167,all,3.2000000000000002,567,true,4,7.7638907137895333e-12
1168,all,3.2000000000000002,568,true,4,1.8974996544060043e-12
1169,all,3.2000000000000002,569,true,3,1.3852700514840946e-11
1170,all,3.2000000000000002,570,true,3,4.8398220695669827e-12
1171,all,3.2000000000000002,571,true,3,2.0442956574922708e-11
1172,all,3.2000000000000002,572,true,3,2.8030343818103905e-11
1173,all,3.2000000000000002,573,true,4,8.2571651281981194e-12
1174,all,3.2000000000000002,574,true,3,5.0120966274132624e-11
1175,all,3.2000000000000002,575,true,3,3.7649282254797833e-11
1176,all,3.2000000000000002,576,true,4,6.3330956105523778e-12
1177,all,3.2000000000000002,577,true,3,6.9680653918391202e-11
1178,all,3.2000000000000002,578,true,3,2.2522841015883901e-12
1179,all,3.2000000000000002,579,true,3,1.6673699660748124e-11
1180,all,3.2000000000000002,580,true,3,4.8334694525562926e-11
1181,all,3.2000000000000002,581,true,3,2.0009692468343854e-11
1182,all,3.2000000000000002,582,true,3,4.4510712224998497e-11
1183,all,3.2000000000000002,583,true,4,3.7320972763595572e-12
1184,all,3.2000000000000002,584,true,3,4.1498446995055709e-11
1185,all,3.2000000000000002,585,true,3,2.8375385891888323e-11
1186,all,3.2000000000000002,586,true,4,2.5873417092806542e-12
1187,all,3.2000000000000002,587,true,3,4.2955343639407123e-11
1188,all,3.2000000000000002,588,true,3,9.2991547498915549e-12
1189,all,3.2000000000000002,589,true,3,9.3998751961562483e-11
1190,all,3.2000000000000002,590,true,3,1.5767582728479927e-11
1191,all,3.2000000000000002,591,true,3,6.3031203660456771e-12
1192,all,3.2000000000000002,592,true,4,3.3007159470612989e-12
1193,all,3.2000000000000002,593,true,3,2.6111903119671086e-11
1194,all,3.2000000000000002,594,true,4,6.5306511602489317e-11
1195,all,3.2000000000000002,595,true,3,3.2576909837367376e-12
1196,all,3.2000000000000002,596,true,4,8.150345355087574e-12
1197,all,3.2000000000000002,597,true,4,3.4809384092514648e-12
1198,all,3.2000000000000002,598,true,3,9.6833876256044047e-12
1199,all,3.2000000000000002,599,true,4,1.4804601160924654e-11
1200,all,3.2000000000000002,600,true,3,4.2449468027434945e-12
1201,all,4.5300000000000002,1,true,4,2.3055841143612215e-11
1202,all,4.5300000000000002,2,true,3,3.372971694142614e-11
1203,all,4.5300000000000002,3,true,4,6.3537970215446757e-12
1204,all,4.5300000000000002,4,true,4,4.3167246908871835e-12
1205,all,4.5300000000000002,5,true,4,3.7326290420013504e-12
1206,all,4.5300000000000002,6,true,4,1.2456003610144444e-11
1207,all,4.5300000000000002,7,true,4,1.426312425167792e-11
1208,all,4.5300000000000002,8,true,3,6.3766403755011522e-11
1209,all,4.5300000000000002,9,true,5,3.9159193324809815e-11
1210,all,4.5300000000000002,10,true,3,9.127195207848861e-11
1211,all,4.5300000000000002,11,true,4,9.469837104831412e-12
1212,all,4.5300000000000002,12,true,4,3.1242549587023577e-11
1213,all,4.5300000000000002,13,true,4,1.0461220751316492e-11
1214,all,4.5300000000000002,14,true,4,1.9995329062176702e-11
1215,all,4.5300000000000002,15,true,4,2.6056043708641994e-11
1216,all,4.5300000000000002,16,true,4,6.6367676642571156e-11
1217,all,4.5300000000000002,17,true,4,6.8712434607466353e-12
1218,all,4.5300000000000002,18,true,3,3.5672749445683701e-11
1219,all,4.5300000000000002,19,true,4,2.4638221108015156e-11
1220,all,4.5300000000000002,20,true,4,2.7094246641357954e-11
1221,all,4.5300000000000002,21,true,4,3.5095443328404209e-11
1222,all,4.5300000000000002,22,true,3,5.6220062028236307e-12
1223,all,4.5300000000000002,23,true,3,7.1545661499404385e-11
1224,all,4.5300000000000002,24,true,5,2.1665719411831146e-12
1225,all,4.5300000000000002,25,true,4,9.5695345082497325e-12
1226,all,4.5300000000000002,26,true,4,1.4254903408152405e-11
1227,all,4.5300000000000002,27,true,4,7.5710812422559238e-12
1228,all,4.5300000000000002,28,true,3,2.9623604029472254e-11
1229,all,4.5300000000000002,29,true,4,5.0398286737883694e-13
1230,all,4.5300000000000002,30,true,3,7.3434569122553922e-11
1231,all,4.5300000000000002,31,true,3,5.6457848578074295e-11
1232,all,4.5300000000000002,32,true,3,2.4030408622925404e-11
1233,all,4.5300000000000002,33,true,4,4.0006223727973236e-12
1234,all,4.5300000000000002,34,true,3,3.28859503644938e-11
1235,all,4.5300000000000002,35,true,4,8.473317257489293e-12
1236,all,4.5300000000000002,36,true,3,5.8532634256053551e-11
1237,all,4.5300000000000002,37,true,5,2.7696904663111999e-12
1238,all,4.5300000000000002,38,true,4,6.4487432037636702e-12
1239,all,4.5300000000000002,39,true,4,3.3518226956506105e-12
1240,all,4.5300000000000002,40,true,4,3.378854706344881e-12
1241,all,4.5300000000000002,41,true,4,1.6879442773089412e-12
1242,all,4.5300000000000002,42,true,3,6.626642441765295e-11
1243,all,4.5300000000000002,43,true,4,1.7865005803579972e-12
1244,all,4.5300000000000002,44,true,4,1.2539414008788746e-11
1245,all,4.5300000000000002,45,true,3,5.9612291317490582e-11
1246,all,4.5300000000000002,46,true,4,2.6953723735650873e-11
1247,all,4.5300000000000002,47,true,4,6.7051263192226204e-12
1248,all,4.5300000000000002,48,true,3,5.8830393083869128e-11
1249,all,4.5300000000000002,49,true,4,1.6052737590946178e-11
1250,all,4.5300000000000002,50,true,4,5.2180487424519079e-12
1251,all,4.5300000000000002,51,true,3,6.281147373066751e-11
1252,all,4.5300000000000002,52,true,3,9.6738686128188888e-11
1253,all,4.5300000000000002,53,true,4,2.6835620290977541e-12
1254,all,4.5300000000000002,54,true,4,7.1583503131247321e-12
1255,all,4.5300000000000002,55,true,3,2.6126537849675123e-11
1256,all,4.5300000000000002,56,true,4,1.5953101399271576e-12
1257,all,4.5300000000000002,57,true,4,3.4282896924590243e-11
1258,all,4.5300000000000002,58,true,4,1.239154573193711e-12
1259,all,4.5300000000000002,59,true,3,4.1197586062303062e-11
1260,all,4.5300000000000002,60,true,3,3.7548738929186274e-11
1261,all,4.5300000000000002,61,true,4,6.6499156682483005e-12
1262,all,4.5300000000000002,62,true,4,7.1406450244180946e-13
1263,all,4.5300000000000002,63,true,4,5.8448971144809629e-12
1264,all,4.5300000000000002,64,true,3,6.1728094767344927e-11
1265,all,4.5300000000000002,65,true,3,3.0416440601099624e-11
1266,all,4.5300000000000002,66,true,5,6.9455618041154711e-12
1267,all,4.5300000000000002,67,true,4,2.0655072064569061e-11
1268,all,4.5300000000000002,68,true,3,5.0586579871339016e-11
1269,all,4.5300000000000002,69,true,4,3.0116502534842646e-12
1270,all,4.5300000000000002,70,true,3,1.3385342793404616e-11
1271,all,4.5300000000000002,71,true,4,5.7499965296034943e-12
1272,all,4.5300000000000002,72,true,4,2.7147652354171829e-12
1273,all,4.5300000000000002,73,true,4,2.6767323490515286e-11
1274,all,4.5300000000000002,74,true,4,6.6302131407258861e-11
1275,all,4.5300000000000002,75,true,4,1.051662956540109e-12
1276,all,4.5300000000000002,76,true,4,8.4497607702598227e-13
1277,all,4.5300000000000002,77,true,3,2.4291124287537113e-11
1278,all,4.5300000000000002,78,true,3,3.5700897510522333e-11
1279,all,4.5300000000000002,79,true,3,6.368233837611976e-11
1280,all,4.5300000000000002,80,true,4,7.3207574650686633e-12
1281,all,4.5300000000000002,81,true,3,4.9612755008039315e-11
1282,all,4.5300000000000002,82,true,4,2.4957958685349867e-11
1283,all,4.5300000000000002,83,true,3,9.7628162986181343e-12
1284,all,4.5300000000000002,84,true,4,1.0506222501477479e-11
1285,all,4.5300000000000002,85,true,4,1.7394065797064025e-11
1286,all,4.5300000000000002,86,true,5,1.2162875022666455e-11
1287,all,4.5300000000000002,87,true,3,8.9796981545223019e-11
1288,all,4.5300000000000002,88,true,4,1.2395462733115551e-11
1289,all,4.5300000000000002,89,true,4,3.2310804318766271e-11
1290,all,4.5300000000000002,90,true,4,7.1838334872468396e-12
1291,all,4.5300000000000002,91,true,4,9.0881037991266703e-12
1292,all,4.5300000000000002,92,true,5,5.9251661895716626e-12
1293,all,4.5300000000000002,93,true,5,3.2770431733398919e-12
1294,all,4.5300000000000002,94,true,4,5.1490268191662765e-12
1295,all,4.5300000000000002,95,true,3,9.3990838815428492e-11
1296,all,4.5300000000000002,96,true,3,9.4257139568336466e-11
1297,all,4.5300000000000002,97,true,3,2.6730377100751244e-11
1298,all,4.5300000000000002,98,true,4,2.6476969888355683e-12
1299,all,4.5300000000000002,99,true,4,2.8949083571006698e-11
1300,all,4.5300000000000002,100,true,4,6.0187896559515232e-12
1301,all,4.5300000000000002,101,true,4,1.0112011138817011e-11
1302,all,4.5300000000000002,102,true,3,4.6202229552050738e-11
1303,all,4.5300000000000002,103,true,4,1.6873636999526053e-11
1304,all,4.5300000000000002,104,true,4,2.2378232278970996e-12
1305,all,4.5300000000000002,105,true,4,2.6037296224993648e-12
1306,all,4.5300000000000002,106,true,4,2.1869584239463524e-11
1307,all,4.5300000000000002,107,true,4,6.4972481007178248e-11
1308,all,4.5300000000000002,108,true,4,5.9838570805001511e-12
1309,all,4.5300000000000002,109,true,4,2.4316354702896669e-11
1310,all,4.5300000000000002,110,true,4,1.4550139152938614e-12
1311,all,4.5300000000000002,111,true,4,5.1329964376554469e-12
1312,all,4.5300000000000002,112,true,4,9.0669822959221001e-12
1313,all,4.5300000000000002,113,true,4,3.4738964403554359e-12
1314,all,4.5300000000000002,114,true,3,3.3986831120371604e-11
1315,all,4.5300000000000002,115,true,3,5.4047207487394721e-11
1316,all,4.5300000000000002,116,true,4,4.1371697839477608e-11
1317,all,4.5300000000000002,117,true,5,8.2348417020328742e-12
1318,all,4.5300000000000002,118,true,4,3.3569008759970197e-12
1319,all,4.5300000000000002,119,true,4,6.2606701773770665e-11
1320,all,4.5300000000000002,120,true,3,8.3810337047373874e-11
1321,all,4.5300000000000002,121,true,4,4.373332829203323e-12
1322,all,4.5300000000000002,122,true,4,6.2091288385029609e-12
1323,all,4.5300000000000002,123,true,4,1.4817990885951863e-11
1324,all,4.5300000000000002,124,true,4,1.4609723008757558e-11
1325,all,4.5300000000000002,125,true,5,1.2463677944807394e-12
1326,all,4.5300000000000002,126,true,4,6.4909201676754809e-12
1327,all,4.5300000000000002,127,true,3,8.6813756155645893e-12
1328,all,4.5300000000000002,128,true,3,1.0355000048562006e-11
1329,all,4.5300000000000002,129,true,4,1.00378489207069e-11
1330,all,4.5300000000000002,130,true,5,4.8910541327993719e-12
1331,all,4.5300000000000002,131,true,4,7.3110393284008739e-12
1332,all,4.5300000000000002,132,true,4,1.5068392270793475e-12
1333,all,4.5300000000000002,133,true,4,8.5024056011681454e-11
1334,all,4.5300000000000002,134,true,4,2.3894074702110139e-11
1335,all,4.5300000000000002,135,true,3,4.9253277031944025e-11
1336,all,4.5300000000000002,136,true,4,4.4737545656419331e-12
1337,all,4.5300000000000002,137,true,4,4.707832050227751e-11
1338,all,4.5300000000000002,138,true,3,2.536007820887726e-11
1339,all,4.5300000000000002,139,true,3,4.8724359813492114e-11
1340,all,4.5300000000000002,140,true,4,6.4091509199383184e-12
1341,all,4.5300000000000002,141,true,4,7.7820214758074051e-12
1342,all,4.5300000000000002,142,true,3,5.2821915752393209e-11
1343,all,4.5300000000000002,143,true,3,9.7032254135108691e-11
1344,all,4.5300000000000002,144,true,3,7.4799525353455872e-11
1345,all,4.5300000000000002,145,true,4,5.5992951316889858e-11
1346,all,4.5300000000000002,146,true,3,2.0184358686486147e-11
1347,all,4.5300000000000002,147,true,4,7.4913393270223773e-12
1348,all,4.5300000000000002,148,true,4,5.1082054300554899e-12
1349,all,4.5300000000000002,149,true,3,5.0792825191916819e-12
1350,all,4.5300000000000002,150,true,3,6.6905281072867207e-11
1351,all,4.5300000000000002,151,true,4,1.5167589360408372e-11
1352,all,4.5300000000000002,152,true,4,1.063396684461199e-11
1353,all,4.5300000000000002,153,true,4,3.1749935197055812e-12
1354,all,4.5300000000000002,154,true,4,5.6371534119670578e-12
1355,all,4.5300000000000002,155,true,4,6.8222844253083082e-12
1356,all,4.5300000000000002,156,true,4,1.8246581225390231e-12
1357,all,4.5300000000000002,157,true,4,4.7688781308785451e-12
1358,all,4.5300000000000002,158,true,3,5.5480686074671113e-11
1359,all,4.5300000000000002,159,true,3,8.722580985411129e-12
1360,all,4.5300000000000002,160,true,3,4.2941836573743154e-12
1361,all,4.5300000000000002,161,true,4,1.898330391026388e-11
1362,all,4.5300000000000002,162,true,4,1.0727254668402324e-12
1363,all,4.5300000000000002,163,true,3,2.0493806081674507e-12
1364,all,4.5300000000000002,164,true,4,2.8960818089605436e-12
1365,all,4.5300000000000002,165,true,3,2.2589024763523925e-11
1366,all,4.5300000000000002,166,true,3,4.9989880416203158e-11
1367,all,4.5300000000000002,167,true,4,2.0405050430705988e-11
1368,all,4.5300000000000002,168,true,3,7.0696983547919987e-11
1369,all,4.5300000000000002,169,true,3,8.7935348186433222e-11
1370,all,4.5300000000000002,170,true,4,4.9348280096451387e-12
1371,all,4.5300000000000002,171,true,4,5.7668254641486741e-12
1372,all,4.5300000000000002,172,true,4,3.6895839399929163e-12
1373,all,4.5300000000000002,173,true,4,9.7259833695538271e-12
1374,all,4.5300000000000002,174,true,4,5.1056260066025848e-12
1375,all,4.5300000000000002,175,true,4,8.7877226793847737e-12
1376,all,4.5300000000000002,176,true,4,3.767446266153332e-12
1377,all,4.5300000000000002,177,true,4,1.0499676846346023e-11
1378,all,4.5300000000000002,178,true,3,2.3514949945902859e-11
1379,all,4.5300000000000002,179,true,3,7.7424554168694485e-11
1380,all,4.5300000000000002,180,true,4,1.3607108005935197e-12
1381,all,4.5300000000000002,181,true,3,1.4021131521707246e-11
1382,all,4.5300000000000002,182,true,5,3.2041376484289037e-12
1383,all,4.5300000000000002,183,true,4,7.0817130953119901e-12
1384,all,4.5300000000000002,184,true,4,2.6259843140409755e-11
1385,all,4.5300000000000002,185,true,4,1.1109697695449044e-11
1386,all,4.5300000000000002,186,true,4,2.8758991511236835e-12
1387,all,4.5300000000000002,187,true,4,1.0117159354684576e-11
1388,all,4.5300000000000002,188,true,5,1.593800975283968e-11
1389,all,4.5300000000000002,189,true,4,1.0689227571732751e-11
1390,all,4.5300000000000002,190,true,4,8.1584056425754391e-11
1391,all,4.5300000000000002,191,true,3,8.1867181608497238e-11
1392,all,4.5300000000000002,192,true,4,1.5512983811130391e-12
1393,all,4.5300000000000002,193,true,4,2.4603545918678671e-11
1394,all,4.5300000000000002,194,true,4,1.1026974418561798e-11
1395,all,4.5300000000000002,195,true,4,5.2351311621530813e-11
1396,all,4.5300000000000002,196,true,4,4.0277005562163926e-12
1397,all,4.5300000000000002,197,true,4,1.5745541364477755e-11
1398,all,4.5300000000000002,198,true,4,9.4438542562574376e-12
1399,all,4.5300000000000002,199,true,4,2.9377788396672982e-12
1400,all,4.5300000000000002,200,true,4,7.1598843594949377e-12
1401,all,4.5300000000000002,201,true,4,3.267687661040975e-12
1402,all,4.5300000000000002,202,true,4,9.4068246736045426e-12
1403,all,4.5300000000000002,203,true,3,6.6264042396439537e-11
1404,all,4.5300000000000002,204,true,3,5.2715923921866748e-11
1405,all,4.5300000000000002,205,true,3,7.8123172643219567e-11
1406,all,4.5300000000000002,206,true,3,3.6559501119150802e-11
1407,all,4.5300000000000002,207,true,4,3.2632316732548165e-11
1408,all,4.5300000000000002,208,true,3,5.382522792122755e-12
1409,all,4.5300000000000002,209,true,3,9.9558240846488709e-11
1410,all,4.5300000000000002,210,true,4,1.1471722736113731e-12
1411,all,4.5300000000000002,211,true,4,1.5014392372155389e-11
1412,all,4.5300000000000002,212,true,3,2.8803100154349992e-11
1413,all,4.5300000000000002,213,true,4,2.0130944495273899e-12
1414,all,4.5300000000000002,214,true,4,2.4662457194145682e-12
1415,all,4.5300000000000002,215,true,4,5.4707137269110836e-11
1416,all,4.5300000000000002,216,true,3,5.7554445053519133e-11
1417,all,4.5300000000000002,217,true,4,3.4870814326740132e-11
1418,all,4.5300000000000002,218,true,4,3.5061235135197387e-11
1419,all,4.5300000000000002,219,true,4,2.8589316478890746e-11
1420,all,4.5300000000000002,220,true,4,4.3574382495825245e-12
1421,all,4.5300000000000002,221,true,4,1.6526029309013327e-11
1422,all,4.5300000000000002,222,true,4,4.2100306735134409e-12
1423,all,4.5300000000000002,223,true,4,9.7031370719320018e-12
1424,all,4.5300000000000002,224,true,3,3.1992059473269801e-11
1425,all,4.5300000000000002,225,true,3,8.3829158134518685e-11
1426,all,4.5300000000000002,226,true,4,3.671330931621313e-12
1427,all,4.5300000000000002,227,true,4,2.1248908644297327e-12
1428,all,4.5300000000000002,228,true,4,3.8217569531218636e-12
1429,all,4.5300000000000002,229,true,3,4.0585415161714083e-11
1430,all,4.5300000000000002,230,true,4,3.051019054688746e-12
1431,all,4.5300000000000002,231,true,3,6.6035291269176019e-12
1432,all,4.5300000000000002,232,true,3,9.1141865319789542e-11
1433,all,4.5300000000000002,233,true,4,3.6907255603102354e-12
1434,all,4.5300000000000002,234,true,3,3.9621350983418498e-11
1435,all,4.5300000000000002,235,true,4,2.2296446154681628e-11
1436,all,4.5300000000000002,236,true,4,1.1359162358325989e-11
1437,all,4.5300000000000002,237,true,3,8.2014758974323655e-12
1438,all,4.5300000000000002,238,true,3,1.5923932414992083e-11
1439,all,4.5300000000000002,239,true,4,2.9803141852579724e-12
1440,all,4.5300000000000002,240,true,4,1.077938944092596e-11
1441,all,4.5300000000000002,241,true,4,3.0210970854935698e-11
1442,all,4.5300000000000002,242,true,4,6.679372950575005e-11
1443,all,4.5300000000000002,243,true,4,5.6743224317706227e-11
1444,all,4.5300000000000002,244,true,4,5.6092064823154259e-12
1445,all,4.5300000000000002,245,true,4,6.7020370982377288e-12
1446,all,4.5300000000000002,246,true,4,6.347496274900664e-12
1447,all,4.5300000000000002,247,true,4,3.7645932549194268e-11
1448,all,4.5300000000000002,248,true,4,5.4677918972980654e-12
1449,all,4.5300000000000002,249,true,3,7.7006132991983093e-11
1450,all,4.5300000000000002,250,true,4,2.1993991884470774e-12
1451,all,4.5300000000000002,251,true,3,5.9075352281970164e-11
1452,all,4.5300000000000002,252,true,3,9.2797792663873288e-11
1453,all,4.5300000000000002,253,true,3,2.5903811860544243e-11
1454,all,4.5300000000000002,254,true,3,9.2225256467714365e-11
1455,all,4.5300000000000002,255,true,4,3.2090231538989427e-11
1456,all,4.5300000000000002,256,true,3,1.0950923805621051e-11
1457,all,4.5300000000000002,257,true,4,6.8147384970034547e-12
1458,all,4.5300000000000002,258,true,4,1.7710480331416777e-11
1459,all,4.5300000000000002,259,true,4,6.1635763286892949e-11
1460,all,4.5300000000000002,260,true,4,1.92683279211582e-11
1461,all,4.5300000000000002,261,true,3,5.8275943991309643e-11
1462,all,4.5300000000000002,262,true,4,1.0816649254661535e-12
1463,all,4.5300000000000002,263,true,4,5.372167590301986e-11
1464,all,4.5300000000000002,264,true,3,1.2965668196985704e-11
1465,all,4.5300000000000002,265,true,3,2.6636047195524359e-11
1466,all,4.5300000000000002,266,true,4,1.6548854574756567e-12
1467,all,4.5300000000000002,267,true,4,7.165413865593475e-12
1468,all,4.5300000000000002,268,true,4,2.8921790373304746e-12
1469,all,4.5300000000000002,269,true,4,8.4324142868108795e-12
1470,all,4.5300000000000002,270,true,4,3.3765974163826978e-12
1471,all,4.5300000000000002,271,true,4,7.0242467445415388e-12
1472,all,4.5300000000000002,272,true,5,8.3950437323732609e-12
1473,all,4.5300000000000002,273,true,4,3.8251977669982014e-11
1474,all,4.5300000000000002,274,true,4,5.8561747601978235e-12
1475,all,4.5300000000000002,275,true,3,7.0833560423995724e-11
1476,all,4.5300000000000002,276,true,4,1.3261686484918154e-11
1477,all,4.5300000000000002,277,true,4,3.431942959823272e-11
1478,all,4.5300000000000002,278,true,3,3.9325206266326166e-11
1479,all,4.5300000000000002,279,true,3,1.1472245035955792e-11
1480,all,4.5300000000000002,280,true,4,3.3170741934902224e-12
1481,all,4.5300000000000002,281,true,4,1.3032701432976582e-11
1482,all,4.5300000000000002,282,true,3,3.2126209588126888e-11
1483,all,4.5300000000000002,283,true,4,3.7936163616811684e-12
1484,all,4.5300000000000002,284,true,3,4.1341559741425174e-11
1485,all,4.5300000000000002,285,true,4,5.2722318261090673e-12
1486,all,4.5300000000000002,286,true,3,5.89259806741316e-11
1487,all,4.5300000000000002,287,true,4,1.049216301769918e-12
1488,all,4.5300000000000002,288,true,3,3.3500902509962248e-11
1489,all,4.5300000000000002,289,true,4,8.633781403824131e-11
1490,all,4.5300000000000002,290,true,4,5.7961348498474969e-12
1491,all,4.5300000000000002,291,true,3,9.6730473255990279e-11
1492,all,4.5300000000000002,292,true,4,7.4673331587564044e-12
1493,all,4.5300000000000002,293,true,4,6.5141395308465568e-11
1494,all,4.5300000000000002,294,true,3,7.2035628142302789e-12
1495,all,4.5300000000000002,295,true,3,1.9669908246644343e-11
1496,all,4.5300000000000002,296,true,4,4.0934559548364048e-11
1497,all,4.5300000000000002,297,true,3,6.0988347792689103e-11
1498,all,4.5300000000000002,298,true,3,4.6510366268556924e-11
1499,all,4.5300000000000002,299,true,4,3.7768656300712143e-11
1500,all,4.5300000000000002,300,true,4,1.0893071312871634e-11
1501,all,4.5300000000000002,301,true,3,4.2807373387636023e-11
1502,all,4.5300000000000002,302,true,4,3.7312008191771131e-11
1503,all,4.5300000000000002,303,true,3,9.310816511428062e-11
1504,all,4.5300000000000002,304,true,4,8.4146663402394663e-12
1505,all,4.5300000000000002,305,true,3,3.6828494743680355e-11
1506,all,4.5300000000000002,306,true,4,7.7152019368318028e-12
1507,all,4.5300000000000002,307,true,4,2.8082162128908821e-11
1508,all,4.5300000000000002,308,true,3,2.2624024772529324e-11
1509,all,4.5300000000000002,309,true,4,8.7402014732136286e-12
1510,all,4.5300000000000002,310,true,4,7.8928263452184682e-13
1511,all,4.5300000000000002,311,true,4,4.9050222504119822e-11
1512,all,4.5300000000000002,312,true,4,4.0470957665889169e-12
1513,all,4.5300000000000002,313,true,4,7.4493932399798001e-12
1514,all,4.5300000000000002,314,true,5,2.357072353139591e-12
1515,all,4.5300000000000002,315,true,5,3.1797364286453542e-12
1516,all,4.5300000000000002,316,true,4,1.4550192521589069e-11
1517,all,4.5300000000000002,317,true,3,8.5447813170955689e-11
1518,all,4.5300000000000002,318,true,4,2.1848161567401509e-12
1519,all,4.5300000000000002,319,true,4,2.8882419940090198e-12
1520,all,4.5300000000000002,320,true,4,3.3297876766415284e-11
1521,all,4.5300000000000002,321,true,4,5.4385446991215256e-12
1522,all,4.5300000000000002,322,true,4,2.247615841986614e-12
1523,all,4.5300000000000002,323,true,3,3.9942281271085897e-11
1524,all,4.5300000000000002,324,true,4,1.2526896264620052e-12
1525,all,4.5300000000000002,325,true,4,1.6119038293679176e-11
1526,all,4.5300000000000002,326,true,4,5.8966604913712419e-12
1527,all,4.5300000000000002,327,true,4,9.9662491640593855e-12
1528,all,4.5300000000000002,328,true,4,1.9304804027987389e-11
1529,all,4.5300000000000002,329,true,4,5.6292041795155655e-12
1530,all,4.5300000000000002,330,true,4,5.114907244111202e-11
1531,all,4.5300000000000002,331,true,4,4.9315222226730675e-12
1532,all,4.5300000000000002,332,true,3,4.1990159715222599e-11
1533,all,4.5300000000000002,333,true,4,3.7729030991916918e-12
1534,all,4.5300000000000002,334,true,4,4.1574363876119526e-12
1535,all,4.5300000000000002,335,true,4,7.1780490750438763e-13
1536,all,4.5300000000000002,336,true,3,1.7020830335020763e-11
1537,all,4.5300000000000002,337,true,5,8.461340859028338e-12
1538,all,4.5300000000000002,338,true,4,6.7282539066102902e-12
1539,all,4.5300000000000002,339,true,5,3.5925428057070114e-12
1540,all,4.5300000000000002,340,true,4,1.4825951978427273e-11
1541,all,4.5300000000000002,341,true,3,6.37598687104004e-11
1542,all,4.5300000000000002,342,true,4,2.5281588722250759e-11
1543,all,4.5300000000000002,343,true,4,9.0435580639545219e-11
1544,all,4.5300000000000002,344,true,4,1.5608994331333191e-11
1545,all,4.5300000000000002,345,true,4,2.1438784378522063e-12
1546,all,4.5300000000000002,346,true,4,8.1494629338404863e-12
1547,all,4.5300000000000002,347,true,4,1.7419669148923687e-11
1548,all,4.5300000000000002,348,true,3,7.0968678054149234e-11
1549,all,4.5300000000000002,349,true,3,2.8952601758461549e-11
1550,all,4.5300000000000002,350,true,3,9.3694306373935687e-11
1551,all,4.5300000000000002,351,true,4,1.9022083731701316e-11
1552,all,4.5300000000000002,352,true,4,7.4339135580448107e-12
1553,all,4.5300000000000002,353,true,3,1.5694265078928643e-11
1554,all,4.5300000000000002,354,true,4,8.9995357592651505e-13
1555,all,4.5300000000000002,355,true,3,1.4926657150841738e-11
1556,all,4.5300000000000002,356,true,4,2.4196317500750364e-12
1557,all,4.5300000000000002,357,true,4,7.332475708294303e-12
1558,all,4.5300000000000002,358,true,4,2.919750306960867e-11
1559,all,4.5300000000000002,359,true,4,1.5482570480848016e-12
1560,all,4.5300000000000002,360,true,4,3.6498410646029087e-12
1561,all,4.5300000000000002,361,true,5,8.7191841285133818e-12
1562,all,4.5300000000000002,362,true,3,1.4993299045499844e-11
1563,all,4.5300000000000002,363,true,3,8.0978157067401006e-11
1564,all,4.5300000000000002,364,true,4,3.526434011303175e-11
1565,all,4.5300000000000002,365,true,3,4.306842422791294e-11
1566,all,4.5300000000000002,366,true,4,4.5091949774945362e-11
1567,all,4.5300000000000002,367,true,4,3.1480203486864072e-12
1568,all,4.5300000000000002,368,true,4,3.0557306968681661e-11
1569,all,4.5300000000000002,369,true,4,1.014115601512952e-11
1570,all,4.5300000000000002,370,true,3,3.404130425878258e-12
1571,all,4.5300000000000002,371,true,4,9.8180299410408015e-11
1572,all,4.5300000000000002,372,true,3,3.7580553092186239e-11
1573,all,4.5300000000000002,373,true,4,6.0906606779161542e-11
1574,all,4.5300000000000002,374,true,4,8.4092117997737715e-12
1575,all,4.5300000000000002,375,true,4,4.1641096932791809e-12
1576,all,4.5300000000000002,376,true,4,9.8997115467130259e-12
1577,all,4.5300000000000002,377,true,4,4.9100072956440133e-11
1578,all,4.5300000000000002,378,true,4,1.8646388035265401e-12
1579,all,4.5300000000000002,379,true,3,5.9906648652607162e-11
1580,all,4.5300000000000002,380,true,4,1.5656970259480188e-12
1581,all,4.5300000000000002,381,true,4,3.8801891641673846e-12
1582,all,4.5300000000000002,382,true,4,3.9537027371698012e-11
1583,all,4.5300000000000002,383,true,4,7.2854242133872014e-11
1584,all,4.5300000000000002,384,true,3,4.5965252903990024e-12
1585,all,4.5300000000000002,385,true,4,7.2395785917387586e-11
1586,all,4.5300000000000002,386,true,3,9.072378868935861e-11
1587,all,4.5300000000000002,387,true,4,9.4194033711072658e-12
1588,all,4.5300000000000002,388,true,4,6.4821293558383333e-12
1589,all,4.5300000000000002,389,true,3,1.6668414652078941e-11
1590,all,4.5300000000000002,390,true,3,8.0925221547788534e-11
1591,all,4.5300000000000002,391,true,4,1.5223670967731329e-11
1592,all,4.5300000000000002,392,true,4,3.4411404409319473e-11
1593,all,4.5300000000000002,393,true,4,2.0836759573061887e-11
1594,all,4.5300000000000002,394,true,4,2.5660774612174214e-12
1595,all,4.5300000000000002,395,true,3,1.9133214582613601e-11
1596,all,4.5300000000000002,396,true,4,1.6818013123336772e-11
1597,all,4.5300000000000002,397,true,3,5.4098609424597667e-11
1598,all,4.5300000000000002,398,true,4,3.8056769513554581e-12
1599,all,4.5300000000000002,399,true,3,9.3056987901909e-11
1600,all,4.5300000000000002,400,true,5,1.9257042522060188e-11
1601,all,4.5300000000000002,401,true,3,8.3305825735319448e-12
1602,all,4.5300000000000002,402,true,4,3.6216103730110977e-12
1603,all,4.5300000000000002,403,true,4,3.4618820702066214e-12
1604,all,4.5300000000000002,404,true,3,2.5276310713837076e-11
1605,all,4.5300000000000002,405,true,4,5.0416212127002115e-11
1606,all,4.5300000000000002,406,true,4,2.9396808148666266e-11
1607,all,4.5300000000000002,407,true,4,5.3179917234925221e-12
1608,all,4.5300000000000002,408,true,4,6.3741658814764192e-12
1609,all,4.5300000000000002,409,true,4,1.1148065633342023e-11
1610,all,4.5300000000000002,410,true,4,8.7955781559096598e-11
1611,all,4.5300000000000002,411,true,4,7.1728289358122361e-11
1612,all,4.5300000000000002,412,true,4,1.0240513456284862e-11
1613,all,4.5300000000000002,413,true,3,2.693647901247418e-11
1614,all,4.5300000000000002,414,true,3,2.7925892367809247e-11
1615,all,4.5300000000000002,415,true,4,7.3612229244459296e-12
1616,all,4.5300000000000002,416,true,3,2.0090012167458669e-11
1617,all,4.5300000000000002,417,true,4,8.2385604208744322e-11
1618,all,4.5300000000000002,418,true,3,3.796012982133666e-11
1619,all,4.5300000000000002,419,true,4,2.0142347376139194e-12
1620,all,4.5300000000000002,420,true,4,3.872186054353948e-11
1621,all,4.5300000000000002,421,true,4,1.1889780251567496e-11
1622,all,4.5300000000000002,422,true,4,1.3971227593866325e-12
1623,all,4.5300000000000002,423,true,4,9.6182555298275131e-11
1624,all,4.5300000000000002,424,true,4,2.0428275101555188e-12
1625,all,4.5300000000000002,425,true,4,2.2007180150718826e-11
1626,all,4.5300000000000002,426,true,3,2.6574801930042969e-11
1627,all,4.5300000000000002,427,true,5,1.0348729268437956e-11
1628,all,4.5300000000000002,428,true,4,5.8967443467072014e-12
1629,all,4.5300000000000002,429,true,4,2.6706079674073497e-12
1630,all,4.5300000000000002,430,true,4,5.1474856503728904e-11
1631,all,4.5300000000000002,431,true,4,1.9921297558830129e-11
1632,all,4.5300000000000002,432,true,4,1.6952392345885138e-11
1633,all,4.5300000000000002,433,true,4,1.4272889190026992e-11
1634,all,4.5300000000000002,434,true,3,2.7665994707814851e-11
1635,all,4.5300000000000002,435,true,4,2.0388228191336988e-11
1636,all,4.5300000000000002,436,true,4,8.2516470418049114e-11
1637,all,4.5300000000000002,437,true,4,7.0785205794721265e-12
1638,all,4.5300000000000002,438,true,4,2.0403708869011489e-12
1639,all,4.5300000000000002,439,true,3,5.8471870266973848e-11
1640,all,4.5300000000000002,440,true,4,5.0268343138785445e-12
1641,all,4.5300000000000002,441,true,4,1.1298057990856427e-11
1642,all,4.5300000000000002,442,true,4,3.5711548621256686e-12
1643,all,4.5300000000000002,443,true,4,1.9139660648223681e-12
1644,all,4.5300000000000002,444,true,4,3.0434186175876167e-11
1645,all,4.5300000000000002,445,true,4,8.189358178411548e-12
1646,all,4.5300000000000002,446,true,3,7.0278802649301503e-12
1647,all,4.5300000000000002,447,true,3,8.8975814279167068e-12
1648,all,4.5300000000000002,448,true,3,2.4841825630594156e-11
1649,all,4.5300000000000002,449,true,3,5.5280315118094214e-11
1650,all,4.5300000000000002,450,true,4,1.6209924819230327e-11
1651,all,4.5300000000000002,451,true,3,9.75855396767029e-11
1652,all,4.5300000000000002,452,true,4,1.260296229499555e-11
1653,all,4.5300000000000002,453,true,4,1.2048020659605665e-11
1654,all,4.5300000000000002,454,true,4,2.2622620401758446e-11
1655,all,4.5300000000000002,455,true,4,7.9541554615040423e-13
1656,all,4.5300000000000002,456,true,3,2.9208007259284127e-11
1657,all,4.5300000000000002,457,true,3,1.7201630915654642e-11
1658,all,4.5300000000000002,458,true,4,3.2995970647435425e-12
1659,all,4.5300000000000002,459,true,3,2.107379727824945e-11
1660,all,4.5300000000000002,460,true,3,7.0869271275791467e-12
1661,all,4.5300000000000002,461,true,4,3.7154266604887634e-12
1662,all,4.5300000000000002,462,true,3,5.8100185442422974e-11
1663,all,4.5300000000000002,463,true,4,1.2860910533673423e-11
1664,all,4.5300000000000002,464,true,4,3.5954567537263051e-11
1665,all,4.5300000000000002,465,true,4,1.4777269390328808e-12
1666,all,4.5300000000000002,466,true,4,7.7694946700488047e-12
1667,all,4.5300000000000002,467,true,3,7.3932100926718261e-11
1668,all,4.5300000000000002,468,true,4,1.387562599612104e-11
1669,all,4.5300000000000002,469,true,4,1.701754629227567e-11
1670,all,4.5300000000000002,470,true,3,6.593558045378746e-11
1671,all,4.5300000000000002,471,true,3,3.890033340072065e-11
1672,all,4.5300000000000002,472,true,4,3.8052164654128951e-11
1673,all,4.5300000000000002,473,true,3,9.6396755551277691e-11
1674,all,4.5300000000000002,474,true,4,3.752263226938956e-12
1675,all,4.5300000000000002,475,true,4,1.2771740629776028e-11
1676,all,4.5300000000000002,476,true,4,1.0226958950926498e-11
1677,all,4.5300000000000002,477,true,4,7.4687116243522236e-11
1678,all,4.5300000000000002,478,true,4,1.6168756840059724e-11
1679,all,4.5300000000000002,479,true,4,2.6633489060531759e-11
1680,all,4.5300000000000002,480,true,4,2.6755473772469141e-12
1681,all,4.5300000000000002,481,true,4,5.6801596392590679e-12
1682,all,4.5300000000000002,482,true,3,8.8719195188328044e-12
1683,all,4.5300000000000002,483,true,4,1.4112861701776252e-11
1684,all,4.5300000000000002,484,true,4,5.8647177893116891e-12
1685,all,4.5300000000000002,485,true,3,5.8053553921986515e-11
1686,all,4.5300000000000002,486,true,3,4.1032277342732899e-11
1687,all,4.5300000000000002,487,true,3,5.9871488539609581e-11
1688,all,4.5300000000000002,488,true,3,5.8556212317082524e-11
1689,all,4.5300000000000002,489,true,3,8.3949047981231516e-11
1690,all,4.5300000000000002,490,true,3,9.9225619417767071e-12
1691,all,4.5300000000000002,491,true,4,1.7971754229599539e-12
1692,all,4.5300000000000002,492,true,3,9.7323159383623079e-11
1693,all,4.5300000000000002,493,true,4,1.9199162336318085e-11
1694,all,4.5300000000000002,494,true,4,7.5582852303990601e-12
1695,all,4.5300000000000002,495,true,3,3.5835034055636076e-11
1696,all,4.5300000000000002,496,true,3,1.2926807919146943e-11
1697,all,4.5300000000000002,497,true,4,1.0504878403002427e-12
1698,all,4.5300000000000002,498,true,4,1.0058734008747e-11
1699,all,4.5300000000000002,499,true,3,2.3810221941459926e-11
1700,all,4.5300000000000002,500,true,3,2.6820837147027027e-11
1701,all,4.5300000000000002,501,true,5,7.0260039197772761e-12
1702,all,4.5300000000000002,502,true,4,2.2479948950427773e-12
1703,all,4.5300000000000002,503,true,5,2.5564633804484756e-12
1704,all,4.5300000000000002,504,true,3,4.7099036362955353e-11
1705,all,4.5300000000000002,505,true,4,3.8609295675512565e-11
1706,all,4.5300000000000002,506,true,3,2.7872140878647993e-12
1707,all,4.5300000000000002,507,true,4,7.0587948820916287e-11
1708,all,4.5300000000000002,508,true,3,9.108512431475819e-12
1709,all,4.5300000000000002,509,true,4,8.5767118435305505e-12
1710,all,4.5300000000000002,510,true,3,2.1731004744126322e-11
1711,all,4.5300000000000002,511,true,3,1.3320876926744285e-11
1712,all,4.5300000000000002,512,true,4,3.0838075596144372e-12
1713,all,4.5300000000000002,513,true,4,9.189191894946062e-12
1714,all,4.5300000000000002,514,true,3,8.5911596805495573e-12
1715,all,4.5300000000000002,515,true,4,5.7142109339334456e-11
1716,all,4.5300000000000002,516,true,3,7.5392671707079204e-11
1717,all,4.5300000000000002,517,true,4,5.2324097163744544e-11
1718,all,4.5300000000000002,518,true,4,2.1176390501276154e-11
1719,all,4.5300000000000002,519,true,3,1.7308367247476581e-11
1720,all,4.5300000000000002,520,true,3,8.5015720784931282e-11
1721,all,4.5300000000000002,521,true,3,4.0649501512864277e-11
1722,all,4.5300000000000002,522,true,4,1.8390476112362306e-12
1723,all,4.5300000000000002,523,true,3,1.1061539048298843e-11
1724,all,4.5300000000000002,524,true,5,1.0411262546204228e-11
1725,all,4.5300000000000002,525,true,3,5.4558040511357435e-11
1726,all,4.5300000000000002,526,true,4,2.3272303115035613e-12
1727,all,4.5300000000000002,527,true,3,2.0120019036995338e-11
1728,all,4.5300000000000002,528,true,3,1.8795743074164016e-11
1729,all,4.5300000000000002,529,true,3,2.7018439074094094e-11
1730,all,4.5300000000000002,530,true,3,8.3884526777234698e-11
1731,all,4.5300000000000002,531,true,3,4.9628235808147854e-12
1732,all,4.5300000000000002,532,true,4,6.9865628883203274e-12
1733,all,4.5300000000000002,533,true,4,2.4248315857674426e-11
1734,all,4.5300000000000002,534,true,3,4.7129816666041842e-11
1735,all,4.5300000000000002,535,true,4,3.621360327351151e-12
1736,all,4.5300000000000002,536,true,4,2.6476907763702779e-11
1737,all,4.5300000000000002,537,true,3,7.3215971095203772e-11
1738,all,4.5300000000000002,538,true,4,1.0198034568679931e-12
1739,all,4.5300000000000002,539,true,3,3.7147377913802577e-12
1740,all,4.5300000000000002,540,true,3,6.0352404742336447e-11
1741,all,4.5300000000000002,541,true,3,7.6119656959059581e-11
1742,all,4.5300000000000002,542,true,3,5.5580932599214701e-11
1743,all,4.5300000000000002,543,true,4,7.9076476956004533e-12
1744,all,4.5300000000000002,544,true,4,1.0649173379022449e-11
1745,all,4.5300000000000002,545,true,4,1.9544655578783409e-11
1746,all,4.5300000000000002,546,true,3,5.6786123523931653e-11
1747,all,4.5300000000000002,547,true,4,1.9031329826062784e-11
1748,all,4.5300000000000002,548,true,4,1.1376346262310979e-11
1749,all,4.5300000000000002,549,true,4,2.0438192508511834e-12
1750,all,4.5300000000000002,550,true,4,1.8434440780836534e-12
1751,all,4.5300000000000002,551,true,4,4.9328034242780843e-12
1752,all,4.5300000000000002,552,true,4,1.6688685571021411e-11
1753,all,4.5300000000000002,553,true,4,2.219938056274689e-11
1754,all,4.5300000000000002,554,true,3,6.7078490714896696e-11
1755,all,4.5300000000000002,555,true,4,4.2287048780223013e-13
1756,all,4.5300000000000002,556,true,4,2.434928285504668e-11
1757,all,4.5300000000000002,557,true,3,7.8609230325975512e-11
1758,all,4.5300000000000002,558,true,3,3.1897667611613498e-11
1759,all,4.5300000000000002,559,true,3,1.6277159624934506e-11
1760,all,4.5300000000000002,560,true,4,6.9561357592751599e-12
1761,all,4.5300000000000002,561,true,3,8.2195483295558271e-11
1762,all,4.5300000000000002,562,true,3,8.2416587756597574e-11
1763,all,4.5300000000000002,563,true,4,1.7777161499768687e-12
1764,all,4.5300000000000002,564,true,4,4.6998821453114447e-11
1765,all,4.5300000000000002,565,true,4,3.5591662145472529e-12
1766,all,4.5300000000000002,566,true,3,9.8906317591515794e-12
1767,all,4.5300000000000002,567,true,4,6.12708398921599e-11
1768,all,4.5300000000000002,568,true,4,1.4928397645439742e-11
1769,all,4.5300000000000002,569,true,3,7.6740293674845434e-11
1770,all,4.5300000000000002,570,true,3,2.7891945710860867e-11
1771,all,4.5300000000000002,571,true,4,1.100686035461154e-12
1772,all,4.5300000000000002,572,true,4,4.7489610175128904e-12
1773,all,4.5300000000000002,573,true,4,6.1888096026693963e-11
1774,all,4.5300000000000002,574,true,4,5.0770108895884288e-12
1775,all,4.5300000000000002,575,true,4,1.0705999267566909e-11
1776,all,4.5300000000000002,576,true,4,5.372265684528751e-11
1777,all,4.5300000000000002,577,true,4,1.312158287105702e-11
1778,all,4.5300000000000002,578,true,3,1.2392792822249963e-11
1779,all,4.5300000000000002,579,true,3,9.3492216608345992e-11
1780,all,4.5300000000000002,580,true,4,6.1879417395057197e-12
1781,all,4.5300000000000002,581,true,4,1.7992077933871542e-12
1782,all,4.5300000000000002,582,true,4,3.1187714011001898e-12
1783,all,4.5300000000000002,583,true,4,4.3482115939402934e-11
1784,all,4.5300000000000002,584,true,4,4.5530741701783736e-12
1785,all,4.5300000000000002,585,true,4,1.5099374077134488e-12
1786,all,4.5300000000000002,586,true,4,2.0923137465833126e-11
1787,all,4.5300000000000002,587,true,4,5.4674328682827105e-12
1788,all,4.5300000000000002,588,true,3,4.7114639375459835e-11
1789,all,4.5300000000000002,589,true,4,1.3964878334830271e-11
1790,all,4.5300000000000002,590,true,3,9.1177400464846838e-11
1791,all,4.5300000000000002,591,true,3,3.7040834053176364e-11
1792,all,4.5300000000000002,592,true,4,2.6193139661521466e-11
1793,all,4.5300000000000002,593,true,4,1.494837932388343e-12
1794,all,4.5300000000000002,594,true,5,3.4282971451189755e-11
1795,all,4.5300000000000002,595,true,3,1.8428939318995408e-11
1796,all,4.5300000000000002,596,true,4,6.3132345323943776e-11
1797,all,4.5300000000000002,597,true,4,2.8465553264205357e-11
1798,all,4.5300000000000002,598,true,3,5.6758048118638396e-11
1799,all,4.5300000000000002,599,true,5,1.0828598406961514e-12
1800,all,4.5300000000000002,600,true,3,2.4270601172014979e-11
1801,all,6.4000000000000004,1,true,5,1.2061646622513853e-11
1802,all,6.4000000000000004,2,true,4,1.1917822226170459e-11
1803,all,6.4000000000000004,3,true,4,4.6554708515137002e-11
1804,all,6.4000000000000004,4,true,4,3.246429290006694e-11
1805,all,6.4000000000000004,5,true,4,3.4993998263319417e-11
1806,all,6.4000000000000004,6,true,5,1.9993435929779817e-12
1807,all,6.4000000000000004,7,true,5,5.1093184446657229e-12
1808,all,6.4000000000000004,8,true,4,1.8648635339221976e-11
1809,all,6.4000000000000004,9,true,6,3.9504305906846212e-11
1810,all,6.4000000000000004,10,true,4,1.7166019046194041e-12
1811,all,6.4000000000000004,11,true,4,7.0745069629310213e-11
1812,all,6.4000000000000004,12,true,5,8.3396397186142659e-12
1813,all,6.4000000000000004,13,true,4,9.1941775647520853e-11
1814,all,6.4000000000000004,14,true,5,4.4693550042320889e-12
1815,all,6.4000000000000004,15,true,5,1.0682129688080228e-11
1816,all,6.4000000000000004,16,true,5,2.7585103682815972e-11
1817,all,6.4000000000000004,17,true,4,5.5223418906959139e-11
1818,all,6.4000000000000004,18,true,4,3.5003742790089292e-12
1819,all,6.4000000000000004,19,true,5,2.7068700793673369e-12
1820,all,6.4000000000000004,20,true,5,3.7529134839732803e-12
1821,all,6.4000000000000004,21,true,5,6.437900694350227e-12
1822,all,6.4000000000000004,22,true,3,3.4122711816609673e-11
1823,all,6.4000000000000004,23,true,4,7.8294709776886903e-12
1824,all,6.4000000000000004,24,true,5,2.2286440186157302e-11
1825,all,6.4000000000000004,25,true,4,7.4424606221236754e-11
1826,all,6.4000000000000004,26,true,5,1.0505619011491383e-12
1827,all,6.4000000000000004,27,true,4,6.4505143606046335e-11
1828,all,6.4000000000000004,28,true,4,3.6105003693419015e-12
1829,all,6.4000000000000004,29,true,4,3.6764359872598358e-12
1830,all,6.4000000000000004,30,true,4,4.9122386620561806e-12
1831,all,6.4000000000000004,31,true,4,2.7245595995666899e-12
1832,all,6.4000000000000004,32,true,4,1.5720942622097946e-12
1833,all,6.4000000000000004,33,true,4,3.5342242251491986e-11
1834,all,6.4000000000000004,34,true,4,7.4019120834652738e-12
1835,all,6.4000000000000004,35,true,4,6.3155833085448478e-11
1836,all,6.4000000000000004,36,true,4,7.5437668101978546e-12
1837,all,6.4000000000000004,37,true,5,2.7799960206829135e-11
1838,all,6.4000000000000004,38,true,4,4.7222300210736432e-11
1839,all,6.4000000000000004,39,true,4,2.7277642465564272e-11
1840,all,6.4000000000000004,40,true,4,2.5803436426858982e-11
1841,all,6.4000000000000004,41,true,4,1.2441666689367694e-11
1842,all,6.4000000000000004,42,true,4,8.7682723449456246e-12
1843,all,6.4000000000000004,43,true,4,1.5198499896314681e-11
1844,all,6.4000000000000004,44,true,5,2.510774973276069e-12
1845,all,6.4000000000000004,45,true,4,4.9733256314009494e-12
1846,all,6.4000000000000004,46,true,5,9.9142044861708666e-12
1847,all,6.4000000000000004,47,true,4,5.6352166579202787e-11
1848,all,6.4000000000000004,48,true,4,2.4676777700851835e-11
1849,all,6.4000000000000004,49,true,5,2.3521410740182137e-12
1850,all,6.4000000000000004,50,true,4,4.1932867686029658e-11
1851,all,6.4000000000000004,51,true,4,5.5349470509017208e-12
1852,all,6.4000000000000004,52,true,4,1.1093915242767007e-11
1853,all,6.4000000000000004,53,true,4,2.1187870621736457e-11
1854,all,6.4000000000000004,54,true,4,6.0211541702635177e-11
1855,all,6.4000000000000004,55,true,4,5.8578964095441612e-12
1856,all,6.4000000000000004,56,true,4,1.2096930717912812e-11
1857,all,6.4000000000000004,57,true,5,1.8719729918401244e-11
1858,all,6.4000000000000004,58,true,4,1.0248446700194926e-11
1859,all,6.4000000000000004,59,true,4,9.3984265071729072e-12
1860,all,6.4000000000000004,60,true,4,5.4477510496403956e-12
1861,all,6.4000000000000004,61,true,4,5.8760238402151207e-11
1862,all,6.4000000000000004,62,true,4,5.4386459379869575e-12
1863,all,6.4000000000000004,63,true,4,4.561404882683369e-11
1864,all,6.4000000000000004,64,true,4,1.2500701325960327e-11
1865,all,6.4000000000000004,65,true,4,4.620726065247215e-12
1866,all,6.4000000000000004,66,true,5,6.3774993045736067e-11
1867,all,6.4000000000000004,67,true,5,3.1038380659301552e-12
1868,all,6.4000000000000004,68,true,4,7.9113881021045106e-12
1869,all,6.4000000000000004,69,true,4,2.4800899023116518e-11
1870,all,6.4000000000000004,70,true,3,7.8237410986696148e-11
1871,all,6.4000000000000004,71,true,4,4.5787397963387101e-11
1872,all,6.4000000000000004,72,true,4,2.0189081717792351e-11
1873,all,6.4000000000000004,73,true,5,7.4008432469128606e-12
1874,all,6.4000000000000004,74,true,5,2.5470975624687284e-11
1875,all,6.4000000000000004,75,true,4,8.0831668459561664e-12
1876,all,6.4000000000000004,76,true,4,7.9269443439291816e-12
1877,all,6.4000000000000004,77,true,4,1.3312208466802745e-12
1878,all,6.4000000000000004,78,true,4,4.2882618562648983e-12
1879,all,6.4000000000000004,79,true,4,9.1949964342127215e-12
1880,all,6.4000000000000004,80,true,4,5.8358976337038524e-11
1881,all,6.4000000000000004,81,true,4,9.9692763111642479e-12
1882,all,6.4000000000000004,82,true,5,9.0888882286552043e-12
1883,all,6.4000000000000004,83,true,3,5.297533531494809e-11
1884,all,6.4000000000000004,84,true,4,8.5300164971771367e-11
1885,all,6.4000000000000004,85,true,5,3.3174351945016482e-12
1886,all,6.4000000000000004,86,true,6,7.4345880379908281e-12
1887,all,6.4000000000000004,87,true,4,6.63586554838997e-12
1888,all,6.4000000000000004,88,true,4,9.5819167581764127e-11
1889,all,6.4000000000000004,89,true,5,1.5524331217222874e-11
1890,all,6.4000000000000004,90,true,4,5.9494826290793121e-11
1891,all,6.4000000000000004,91,true,4,7.3669360289239115e-11
1892,all,6.4000000000000004,92,true,5,7.1197280952760489e-11
1893,all,6.4000000000000004,93,true,5,3.0952366250686451e-11
1894,all,6.4000000000000004,94,true,4,3.8533321339844123e-11
1895,all,6.4000000000000004,95,true,4,1.929121557005368e-11
1896,all,6.4000000000000004,96,true,4,8.6659913990612085e-12
1897,all,6.4000000000000004,97,true,4,2.2154570013692588e-12
1898,all,6.4000000000000004,98,true,4,2.0721439879397617e-11
1899,all,6.4000000000000004,99,true,5,1.5678074946039934e-11
1900,all,6.4000000000000004,100,true,4,4.591798048452145e-11
1901,all,6.4000000000000004,101,true,4,8.0754118945217688e-11
1902,all,6.4000000000000004,102,true,4,1.7699570236793128e-12
1903,all,6.4000000000000004,103,true,5,4.9422982558635649e-12
1904,all,6.4000000000000004,104,true,4,1.9277456701757696e-11
1905,all,6.4000000000000004,105,true,4,1.9274952224879477e-11
1906,all,6.4000000000000004,106,true,5,5.7482382158002131e-12
1907,all,6.4000000000000004,107,true,5,1.8446843833297337e-11
1908,all,6.4000000000000004,108,true,4,4.5385276362576337e-11
1909,all,6.4000000000000004,109,true,5,8.2325740638741161e-12
1910,all,6.4000000000000004,110,true,4,1.1140462142765347e-11
1911,all,6.4000000000000004,111,true,4,3.8991817095289573e-11
1912,all,6.4000000000000004,112,true,4,6.9142523077983805e-11
1913,all,6.4000000000000004,113,true,4,3.2665319039636971e-11
1914,all,6.4000000000000004,114,true,4,9.4573150410497716e-12
1915,all,6.4000000000000004,115,true,4,9.2779371351692259e-12
1916,all,6.4000000000000004,116,true,5,4.5260624861371644e-11
1917,all,6.4000000000000004,117,true,6,6.704887971945639e-12
1918,all,6.4000000000000004,118,true,4,2.6262034061272466e-11
1919,all,6.4000000000000004,119,true,5,1.7037424834260257e-11
1920,all,6.4000000000000004,120,true,4,8.3191257938679351e-12
1921,all,6.4000000000000004,121,true,4,3.5200248381329041e-11
1922,all,6.4000000000000004,122,true,4,4.628489032477582e-11
1923,all,6.4000000000000004,123,true,5,1.226636327517176e-12
1924,all,6.4000000000000004,124,true,5,6.7346731352127105e-12
1925,all,6.4000000000000004,125,true,5,1.200077088778029e-11
1926,all,6.4000000000000004,126,true,4,5.2218011642584684e-11
1927,all,6.4000000000000004,127,true,3,4.9113960955586939e-11
1928,all,6.4000000000000004,128,true,3,5.7956379153883223e-11
1929,all,6.4000000000000004,129,true,4,8.484274142585565e-11
1930,all,6.4000000000000004,130,true,5,6.1999803423960322e-11
1931,all,6.4000000000000004,131,true,4,5.9037015782287724e-11
1932,all,6.4000000000000004,132,true,4,1.1369523910845826e-11
1933,all,6.4000000000000004,133,true,5,1.8041399805854581e-11
1934,all,6.4000000000000004,134,true,5,7.1471041735056955e-12
1935,all,6.4000000000000004,135,true,4,6.37541381335946e-12
1936,all,6.4000000000000004,136,true,4,3.5491226079875896e-11
1937,all,6.4000000000000004,137,true,5,1.584452247020522e-11
1938,all,6.4000000000000004,138,true,4,4.2783103312753491e-12
1939,all,6.4000000000000004,139,true,4,3.2887822869789247e-11
1940,all,6.4000000000000004,140,true,4,5.10514267564491e-11
1941,all,6.4000000000000004,141,true,4,6.530379460860274e-11
1942,all,6.4000000000000004,142,true,4,5.0405389171200429e-12
1943,all,6.4000000000000004,143,true,4,6.0255276444134628e-12
1944,all,6.4000000000000004,144,true,4,1.1001524550357829e-11
1945,all,6.4000000000000004,145,true,5,1.6359979390164154e-11
1946,all,6.4000000000000004,146,true,4,2.3820831588808454e-12
1947,all,6.4000000000000004,147,true,4,5.4359510877568418e-11
1948,all,6.4000000000000004,148,true,4,3.9251998581712158e-11
1949,all,6.4000000000000004,149,true,3,2.6464086119353672e-11
1950,all,6.4000000000000004,150,true,4,9.8032526766987388e-12
1951,all,6.4000000000000004,151,true,5,4.9424183722666153e-12
1952,all,6.4000000000000004,152,true,4,8.174361201551916e-11
1953,all,6.4000000000000004,153,true,4,2.5381089994821939e-11
1954,all,6.4000000000000004,154,true,4,4.6673129232096413e-11
1955,all,6.4000000000000004,155,true,4,5.4594571730896781e-11
1956,all,6.4000000000000004,156,true,4,1.490921716840491e-11
1957,all,6.4000000000000004,157,true,4,3.8045219181973641e-11
1958,all,6.4000000000000004,158,true,4,7.8978265489836653e-12
1959,all,6.4000000000000004,159,true,3,4.9931677230437029e-11
1960,all,6.4000000000000004,160,true,3,2.4697754160185802e-11
1961,all,6.4000000000000004,161,true,5,6.0959734271388256e-12
1962,all,6.4000000000000004,162,true,4,8.7049981723928288e-12
1963,all,6.4000000000000004,163,true,3,1.1493223947951812e-11
1964,all,6.4000000000000004,164,true,4,2.3147245055532216e-11
1965,all,6.4000000000000004,165,true,4,8.0904318048836696e-12
1966,all,6.4000000000000004,166,true,4,6.9035011126687178e-12
1967,all,6.4000000000000004,167,true,5,1.4115988997230037e-11
1968,all,6.4000000000000004,168,true,4,7.1121287993772142e-12
1969,all,6.4000000000000004,169,true,4,1.6185071489386652e-11
1970,all,6.4000000000000004,170,true,4,3.5943405588561955e-11
1971,all,6.4000000000000004,171,true,4,5.0952036766526568e-11
1972,all,6.4000000000000004,172,true,4,2.997041716344905e-11
1973,all,6.4000000000000004,173,true,4,7.7471872677718239e-11
1974,all,6.4000000000000004,174,true,4,4.0723390737622196e-11
1975,all,6.4000000000000004,175,true,4,6.4773763096491737e-11
1976,all,6.4000000000000004,176,true,4,3.0040010206556725e-11
1977,all,6.4000000000000004,177,true,4,8.194946339719218e-11
1978,all,6.4000000000000004,178,true,4,2.4766334063270032e-12
1979,all,6.4000000000000004,179,true,4,5.8366556657628864e-12
1980,all,6.4000000000000004,180,true,4,1.0611972452145739e-11
1981,all,6.4000000000000004,181,true,3,8.0991742853775704e-11
1982,all,6.4000000000000004,182,true,5,3.3649628679945675e-11
1983,all,6.4000000000000004,183,true,4,5.962684602245376e-11
1984,all,6.4000000000000004,184,true,5,4.0627604488860509e-12
1985,all,6.4000000000000004,185,true,4,8.2944031828785983e-11
1986,all,6.4000000000000004,186,true,4,2.2194360072061984e-11
1987,all,6.4000000000000004,187,true,4,8.3073344936234006e-11
1988,all,6.4000000000000004,188,true,6,1.333649407610319e-11
1989,all,6.4000000000000004,189,true,4,8.5693299867360085e-11
1990,all,6.4000000000000004,190,true,5,4.9801642579861341e-11
1991,all,6.4000000000000004,191,true,4,3.8857219076280948e-11
1992,all,6.4000000000000004,192,true,4,1.2962419948344801e-11
1993,all,6.4000000000000004,193,true,5,1.6341921071011888e-11
1994,all,6.4000000000000004,194,true,4,9.2079111052821018e-11
1995,all,6.4000000000000004,195,true,5,1.3475806341959917e-11
1996,all,6.4000000000000004,196,true,4,3.3044720913546231e-11
1997,all,6.4000000000000004,197,true,5,5.3307556121548941e-12
1998,all,6.4000000000000004,198,true,4,6.8570197670741029e-11
1999,all,6.4000000000000004,199,true,4,2.3924548652810036e-11
2000,all,6.4000000000000004,200,true,4,5.8753723626861302e-11
2001,all,6.4000000000000004,201,true,4,2.7762509961987785e-11
2002,all,6.4000000000000004,202,true,4,8.7869076668033388e-11
2003,all,6.4000000000000004,203,true,4,2.7197324892249107e-12
2004,all,6.4000000000000004,204,true,4,7.2797821869581647e-12
2005,all,6.4000000000000004,205,true,4,1.4072536238034191e-11
2006,all,6.4000000000000004,206,true,4,1.4577711733279121e-11
2007,all,6.4000000000000004,207,true,5,1.242526454445964e-11
2008,all,6.4000000000000004,208,true,3,3.0393493411532673e-11
2009,all,6.4000000000000004,209,true,4,1.9303401203472597e-11
2010,all,6.4000000000000004,210,true,4,7.5019189114041882e-12
2011,all,6.4000000000000004,211,true,5,5.2410851438945434e-12
2012,all,6.4000000000000004,212,true,4,3.5435123109749809e-12
2013,all,6.4000000000000004,213,true,4,1.5061116855788294e-11
2014,all,6.4000000000000004,214,true,4,2.1777419371747279e-11
2015,all,6.4000000000000004,215,true,5,9.0646941712851369e-12
2016,all,6.4000000000000004,216,true,4,2.8499972303267785e-11
2017,all,6.4000000000000004,217,true,5,1.0265281170391523e-11
2018,all,6.4000000000000004,218,true,5,2.0479805497305021e-11
2019,all,6.4000000000000004,219,true,5,1.6831964259614439e-12
2020,all,6.4000000000000004,220,true,4,3.4539497613324282e-11
2021,all,6.4000000000000004,221,true,5,3.9924943131269655e-12
2022,all,6.4000000000000004,222,true,4,3.188837413754083e-11
2023,all,6.4000000000000004,223,true,4,7.8995932201211053e-11
2024,all,6.4000000000000004,224,true,4,2.5996681156726081e-12
2025,all,6.4000000000000004,225,true,4,1.0619267275919575e-11
2026,all,6.4000000000000004,226,true,4,2.7215777276925431e-11
2027,all,6.4000000000000004,227,true,4,1.6608778888994592e-11
2028,all,6.4000000000000004,228,true,4,3.0154990186986206e-11
2029,all,6.4000000000000004,229,true,4,2.8702803431299766e-12
2030,all,6.4000000000000004,230,true,4,2.5168758134944613e-11
2031,all,6.4000000000000004,231,true,3,3.7041341596793952e-11
2032,all,6.4000000000000004,232,true,4,1.0346329438339077e-11
2033,all,6.4000000000000004,233,true,4,2.5649139316360793e-11
2034,all,6.4000000000000004,234,true,4,3.6957875758622047e-12
2035,all,6.4000000000000004,235,true,5,6.8674144752145595e-12
2036,all,6.4000000000000004,236,true,4,8.9445945488019311e-11
2037,all,6.4000000000000004,237,true,3,4.6241716446210725e-11
2038,all,6.4000000000000004,238,true,3,9.3616624930553605e-11
2039,all,6.4000000000000004,239,true,4,2.3401007681465727e-11
2040,all,6.4000000000000004,240,true,4,8.4240781234632239e-11
2041,all,6.4000000000000004,241,true,5,6.4358954972279198e-12
2042,all,6.4000000000000004,242,true,5,2.3694727575421882e-11
2043,all,6.4000000000000004,243,true,5,4.2257886730042085e-11
2044,all,6.4000000000000004,244,true,4,4.9042690291232543e-11
2045,all,6.4000000000000004,245,true,4,5.5971166690201309e-11
2046,all,6.4000000000000004,246,true,4,5.4106800261048258e-11
2047,all,6.4000000000000004,247,true,5,2.4003914558006117e-11
2048,all,6.4000000000000004,248,true,4,4.6155776197509272e-11
2049,all,6.4000000000000004,249,true,4,6.9754336174668648e-11
2050,all,6.4000000000000004,250,true,4,1.6793578750446061e-11
2051,all,6.4000000000000004,251,true,4,2.5766089742876222e-11
2052,all,6.4000000000000004,252,true,4,2.5326982746349202e-11
2053,all,6.4000000000000004,253,true,4,1.1799297640164293e-12
2054,all,6.4000000000000004,254,true,4,7.5450705958207994e-12
2055,all,6.4000000000000004,255,true,5,8.7239135896563171e-12
2056,all,6.4000000000000004,256,true,3,6.8186381891808154e-11
2057,all,6.4000000000000004,257,true,4,4.8904478404133674e-11
2058,all,6.4000000000000004,258,true,5,2.1732228482927525e-12
2059,all,6.4000000000000004,259,true,5,6.6717258074354371e-11
2060,all,6.4000000000000004,260,true,5,3.5853139429719848e-12
2061,all,6.4000000000000004,261,true,4,2.0320096293569344e-11
2062,all,6.4000000000000004,262,true,4,1.0112118681199023e-11
2063,all,6.4000000000000004,263,true,5,1.6712353485383287e-11
2064,all,6.4000000000000004,264,true,3,7.2910276602411278e-11
2065,all,6.4000000000000004,265,true,4,6.4959529161585185e-12
2066,all,6.4000000000000004,266,true,4,1.3765885081766814e-11
2067,all,6.4000000000000004,267,true,4,6.490510334519972e-11
2068,all,6.4000000000000004,268,true,4,2.2951816866684662e-11
2069,all,6.4000000000000004,269,true,4,6.7069342932137104e-11
2070,all,6.4000000000000004,270,true,4,2.3197944243257288e-11
2071,all,6.4000000000000004,271,true,4,5.7475811764904172e-11
2072,all,6.4000000000000004,272,true,5,8.7943396431269422e-11
2073,all,6.4000000000000004,273,true,5,4.4207268593894221e-12
2074,all,6.4000000000000004,274,true,4,5.4208169346551281e-11
2075,all,6.4000000000000004,275,true,4,1.5356492248967251e-11
2076,all,6.4000000000000004,276,true,5,3.3749224495533828e-12
2077,all,6.4000000000000004,277,true,5,2.455202868272452e-12
2078,all,6.4000000000000004,278,true,4,3.0104714868058794e-12
2079,all,6.4000000000000004,279,true,3,6.2452437816247488e-11
2080,all,6.4000000000000004,280,true,4,2.5423857990300395e-11
2081,all,6.4000000000000004,281,true,5,5.5429987794112462e-12
2082,all,6.4000000000000004,282,true,4,4.859059088294515e-12
2083,all,6.4000000000000004,283,true,4,3.3029910016844552e-11
2084,all,6.4000000000000004,284,true,4,2.9395430682208089e-12
2085,all,6.4000000000000004,285,true,4,4.4129068840960755e-11
2086,all,6.4000000000000004,286,true,4,3.1136647383337596e-11
2087,all,6.4000000000000004,287,true,4,7.7513251454193467e-12
2088,all,6.4000000000000004,288,true,4,7.2943936789381961e-12
2089,all,6.4000000000000004,289,true,5,1.2607786523492497e-11
2090,all,6.4000000000000004,290,true,4,4.9725711268519996e-11
2091,all,6.4000000000000004,291,true,4,1.4339051476365732e-11
2092,all,6.4000000000000004,292,true,4,6.030221236647221e-11
2093,all,6.4000000000000004,293,true,5,1.8003750976303033e-11
2094,all,6.4000000000000004,294,true,3,4.4979787032408021e-11
2095,all,6.4000000000000004,295,true,4,3.6957776246171936e-12
2096,all,6.4000000000000004,296,true,5,1.5251948823756132e-11
2097,all,6.4000000000000004,297,true,4,5.0551839141331426e-12
2098,all,6.4000000000000004,298,true,4,7.4667013803250956e-12
2099,all,6.4000000000000004,299,true,5,1.6157795508244751e-11
2100,all,6.4000000000000004,300,true,4,8.4125932041837815e-11
2101,all,6.4000000000000004,301,true,4,2.8759636787333132e-12
2102,all,6.4000000000000004,302,true,5,6.8392754928044578e-12
2103,all,6.4000000000000004,303,true,4,7.5573748380072876e-12
2104,all,6.4000000000000004,304,true,4,6.4982043912500598e-11
2105,all,6.4000000000000004,305,true,4,1.0904594354879114e-11
2106,all,6.4000000000000004,306,true,4,6.7086098925803283e-11
2107,all,6.4000000000000004,307,true,5,9.1079528953573703e-12
2108,all,6.4000000000000004,308,true,4,2.6735924564498328e-11
2109,all,6.4000000000000004,309,true,4,7.1498333335896358e-11
2110,all,6.4000000000000004,310,true,4,5.943210592755677e-12
2111,all,6.4000000000000004,311,true,5,1.2850486426204351e-11
2112,all,6.4000000000000004,312,true,4,3.215878279454149e-11
2113,all,6.4000000000000004,313,true,4,5.6431348287112376e-11
2114,all,6.4000000000000004,314,true,5,2.9318211625527437e-11
2115,all,6.4000000000000004,315,true,5,3.0232014503179732e-11
2116,all,6.4000000000000004,316,true,5,3.5407436098612989e-12
2117,all,6.4000000000000004,317,true,4,1.2172922192410406e-11
2118,all,6.4000000000000004,318,true,4,1.6722911175254438e-11
2119,all,6.4000000000000004,319,true,4,2.3832771679105005e-11
2120,all,6.4000000000000004,320,true,5,7.2842343812323653e-12
2121,all,6.4000000000000004,321,true,4,4.3845719029788712e-11
2122,all,6.4000000000000004,322,true,4,1.893917338457288e-11
2123,all,6.4000000000000004,323,true,4,1.6953092362338798e-12
2124,all,6.4000000000000004,324,true,4,9.9000705513351856e-12
2125,all,6.4000000000000004,325,true,5,4.590070952762424e-12
2126,all,6.4000000000000004,326,true,4,4.8982172228359618e-11
2127,all,6.4000000000000004,327,true,4,7.9947655406545574e-11
2128,all,6.4000000000000004,328,true,5,3.6144969218633503e-12
2129,all,6.4000000000000004,329,true,4,3.3109645629849405e-11
2130,all,6.4000000000000004,330,true,5,2.8546239913915907e-11
2131,all,6.4000000000000004,331,true,4,4.1691413467877706e-11
2132,all,6.4000000000000004,332,true,4,3.9801208485881036e-12
2133,all,6.4000000000000004,333,true,4,3.3345392941163803e-11
2134,all,6.4000000000000004,334,true,4,3.7529812178965896e-11
2135,all,6.4000000000000004,335,true,4,5.221475108321908e-12
2136,all,6.4000000000000004,336,true,3,9.0559618853534504e-11
2137,all,6.4000000000000004,337,true,6,5.0562151977341254e-12
2138,all,6.4000000000000004,338,true,4,5.4270328962953139e-11
2139,all,6.4000000000000004,339,true,5,4.3478816006900912e-11
2140,all,6.4000000000000004,340,true,5,3.7893701801814785e-12
2141,all,6.4000000000000004,341,true,4,4.6121290013750628e-12
2142,all,6.4000000000000004,342,true,5,7.1806875890853866e-12
2143,all,6.4000000000000004,343,true,5,1.224616389708936e-11
2144,all,6.4000000000000004,344,true,5,1.5685229846266875e-12
2145,all,6.4000000000000004,345,true,4,1.5621723572289724e-11
2146,all,6.4000000000000004,346,true,4,6.0922671405697134e-11
2147,all,6.4000000000000004,347,true,5,5.9708905806000945e-12
2148,all,6.4000000000000004,348,true,4,8.6244903863343373e-12
2149,all,6.4000000000000004,349,true,4,3.185731693454354e-12
2150,all,6.4000000000000004,350,true,4,1.5485512862958123e-11
2151,all,6.4000000000000004,351,true,5,6.2942916416064367e-12
2152,all,6.4000000000000004,352,true,4,5.7891130828467796e-11
2153,all,6.4000000000000004,353,true,3,8.69070058265359e-11
2154,all,6.4000000000000004,354,true,4,6.8641551266819204e-12
2155,all,6.4000000000000004,355,true,3,8.4529617219873366e-11
2156,all,6.4000000000000004,356,true,4,1.8920759792045473e-11
2157,all,6.4000000000000004,357,true,4,5.6586011651051675e-11
2158,all,6.4000000000000004,358,true,5,9.064164634891277e-12
2159,all,6.4000000000000004,359,true,4,1.1036048501463853e-11
2160,all,6.4000000000000004,360,true,4,2.8440144834870345e-11
2161,all,6.4000000000000004,361,true,6,1.0069043756445123e-11
2162,all,6.4000000000000004,362,true,3,8.4950465590520948e-11
2163,all,6.4000000000000004,363,true,4,8.1082938263046914e-12
2164,all,6.4000000000000004,364,true,5,1.7431248058397728e-11
2165,all,6.4000000000000004,365,true,4,5.251979570322587e-12
2166,all,6.4000000000000004,366,true,5,1.5378265066501463e-11
2167,all,6.4000000000000004,367,true,4,2.3846162187462813e-11
2168,all,6.4000000000000004,368,true,5,1.2847236252118697e-11
2169,all,6.4000000000000004,369,true,4,8.26188488576034e-11
2170,all,6.4000000000000004,370,true,3,1.9783842267330385e-11
2171,all,6.4000000000000004,371,true,5,4.3366772015799601e-11
2172,all,6.4000000000000004,372,true,4,2.4971363808537091e-12
2173,all,6.4000000000000004,373,true,5,1.4481030722806085e-11
2174,all,6.4000000000000004,374,true,4,6.9861459923550424e-11
2175,all,6.4000000000000004,375,true,4,3.2668811074201081e-11
2176,all,6.4000000000000004,376,true,4,8.1913979086493993e-11
2177,all,6.4000000000000004,377,true,5,1.1388207491819684e-11
2178,all,6.4000000000000004,378,true,4,1.6413925261333386e-11
2179,all,6.4000000000000004,379,true,4,2.8918314541082482e-11
2180,all,6.4000000000000004,380,true,4,1.2059669560091582e-11
2181,all,6.4000000000000004,381,true,4,2.9250887368428026e-11
2182,all,6.4000000000000004,382,true,5,9.3549800937826369e-12
2183,all,6.4000000000000004,383,true,5,1.4125586473896922e-11
2184,all,6.4000000000000004,384,true,3,2.650208448573264e-11
2185,all,6.4000000000000004,385,true,5,2.8345402463537697e-11
2186,all,6.4000000000000004,386,true,4,1.2972582951073433e-11
2187,all,6.4000000000000004,387,true,4,8.2226210623070726e-11
2188,all,6.4000000000000004,388,true,4,4.6882585878387257e-11
2189,all,6.4000000000000004,389,true,3,8.974364662413281e-11
2190,all,6.4000000000000004,390,true,4,9.658194390975261e-12
2191,all,6.4000000000000004,391,true,5,2.1180491441913998e-12
2192,all,6.4000000000000004,392,true,5,4.606674288665385e-12
2193,all,6.4000000000000004,393,true,5,7.4707100758907619e-12
2194,all,6.4000000000000004,394,true,4,2.0272419754829282e-11
2195,all,6.4000000000000004,395,true,4,5.9034474859086915e-12
2196,all,6.4000000000000004,396,true,5,8.9250050923568469e-12
2197,all,6.4000000000000004,397,true,4,5.2435627539594336e-12
2198,all,6.4000000000000004,398,true,4,3.2646588519757865e-11
2199,all,6.4000000000000004,399,true,4,6.6309365140953636e-12
2200,all,6.4000000000000004,400,true,6,1.7720149760029102e-11
2201,all,6.4000000000000004,401,true,3,4.6460680342858614e-11
2202,all,6.4000000000000004,402,true,4,2.7434830882905207e-11
2203,all,6.4000000000000004,403,true,4,2.8440962976827567e-11
2204,all,6.4000000000000004,404,true,4,3.8312730986566638e-12
2205,all,6.4000000000000004,405,true,5,2.1539129052484896e-11
2206,all,6.4000000000000004,406,true,5,3.0505725254864911e-12
2207,all,6.4000000000000004,407,true,4,4.1455719161075306e-11
2208,all,6.4000000000000004,408,true,4,5.1411646598361136e-11
2209,all,6.4000000000000004,409,true,4,8.4179012099433118e-11
2210,all,6.4000000000000004,410,true,5,2.4678800702930024e-11
2211,all,6.4000000000000004,411,true,5,9.5332345218400751e-12
2212,all,6.4000000000000004,412,true,4,8.7737466747998176e-11
2213,all,6.4000000000000004,413,true,4,1.9962960726051583e-12
2214,all,6.4000000000000004,414,true,4,3.7293076980404122e-12
2215,all,6.4000000000000004,415,true,4,6.8398104202579681e-11
2216,all,6.4000000000000004,416,true,4,1.9221411730807079e-12
2217,all,6.4000000000000004,417,true,5,7.198905174243005e-12
2218,all,6.4000000000000004,418,true,4,3.226974006147554e-12
2219,all,6.4000000000000004,419,true,4,1.5483424903889918e-11
2220,all,6.4000000000000004,420,true,5,3.1878768979709378e-12
2221,all,6.4000000000000004,421,true,4,9.665970548131538e-11
2222,all,6.4000000000000004,422,true,4,1.0870045996071573e-11
2223,all,6.4000000000000004,423,true,5,3.3423401501789755e-11
2224,all,6.4000000000000004,424,true,4,1.7307465942070332e-11
2225,all,6.4000000000000004,425,true,5,4.3087135568157774e-12
2226,all,6.4000000000000004,426,true,4,2.9178626788203181e-12
2227,all,6.4000000000000004,427,true,6,6.772875332569194e-12
2228,all,6.4000000000000004,428,true,4,4.6679569144828388e-11
2229,all,6.4000000000000004,429,true,4,2.0886858109080369e-11
2230,all,6.4000000000000004,430,true,5,9.8160681295996888e-12
2231,all,6.4000000000000004,431,true,5,3.7085575871458665e-12
2232,all,6.4000000000000004,432,true,5,7.7362834574080638e-12
2233,all,6.4000000000000004,433,true,5,3.5279357339745885e-12
2234,all,6.4000000000000004,434,true,4,1.8006178514011818e-12
2235,all,6.4000000000000004,435,true,5,3.0041118001589266e-12
2236,all,6.4000000000000004,436,true,5,6.197619359402096e-11
2237,all,6.4000000000000004,437,true,4,5.5000621377975044e-11
2238,all,6.4000000000000004,438,true,4,1.6295500179693341e-11
2239,all,6.4000000000000004,439,true,4,3.8443958717244715e-12
2240,all,6.4000000000000004,440,true,4,3.9232734305966875e-11
2241,all,6.4000000000000004,441,true,4,9.1049241522935175e-11
2242,all,6.4000000000000004,442,true,4,2.708519495846253e-11
2243,all,6.4000000000000004,443,true,4,1.4447847115297497e-11
2244,all,6.4000000000000004,444,true,5,8.9318140046771962e-12
2245,all,6.4000000000000004,445,true,4,6.1790229180583231e-11
2246,all,6.4000000000000004,446,true,3,4.1883063658497327e-11
2247,all,6.4000000000000004,447,true,3,4.7981097378927515e-11
2248,all,6.4000000000000004,448,true,4,2.7264947282558026e-12
2249,all,6.4000000000000004,449,true,4,1.4814236835137199e-11
2250,all,6.4000000000000004,450,true,5,5.1899916477029989e-12
2251,all,6.4000000000000004,451,true,4,3.8052831203489826e-12
2252,all,6.4000000000000004,452,true,4,9.4367983384900217e-11
2253,all,6.4000000000000004,453,true,4,9.4074066698712471e-11
2254,all,6.4000000000000004,454,true,5,6.9787695318453973e-12
2255,all,6.4000000000000004,455,true,4,5.7630335501356281e-12
2256,all,6.4000000000000004,456,true,4,3.5621011834660157e-12
2257,all,6.4000000000000004,457,true,3,9.1523726217215603e-11
2258,all,6.4000000000000004,458,true,4,2.8800007747568102e-11
2259,all,6.4000000000000004,459,true,4,3.6241431589713711e-13
2260,all,6.4000000000000004,460,true,3,3.901815550232376e-11
2261,all,6.4000000000000004,461,true,4,2.7629909794884116e-11
2262,all,6.4000000000000004,462,true,4,5.7932759183653243e-12
2263,all,6.4000000000000004,463,true,5,2.8292001587556286e-12
2264,all,6.4000000000000004,464,true,5,9.5210305810625063e-12
2265,all,6.4000000000000004,465,true,4,1.2688335707535731e-11
2266,all,6.4000000000000004,466,true,4,6.2084883524923338e-11
2267,all,6.4000000000000004,467,true,4,3.7151768580011493e-11
2268,all,6.4000000000000004,468,true,5,4.0420514913509549e-12
2269,all,6.4000000000000004,469,true,5,3.6846971406615439e-12
2270,all,6.4000000000000004,470,true,4,1.1285817693859325e-11
2271,all,6.4000000000000004,471,true,4,6.4252986267158078e-12
2272,all,6.4000000000000004,472,true,5,1.5095936200764869e-11
2273,all,6.4000000000000004,473,true,4,1.3507765690959071e-11
2274,all,6.4000000000000004,474,true,4,3.1850800931178401e-11
2275,all,6.4000000000000004,475,true,5,1.282252717275797e-12
2276,all,6.4000000000000004,476,true,4,7.7621407270723113e-11
2277,all,6.4000000000000004,477,true,5,2.2043720463560534e-11
2278,all,6.4000000000000004,478,true,5,5.8010900955640844e-12
2279,all,6.4000000000000004,479,true,5,3.9310624199177068e-12
2280,all,6.4000000000000004,480,true,4,2.1927020362877903e-11
2281,all,6.4000000000000004,481,true,4,4.3668681171811356e-11
2282,all,6.4000000000000004,482,true,3,5.0378254787675977e-11
2283,all,6.4000000000000004,483,true,5,6.526122697776978e-12
2284,all,6.4000000000000004,484,true,4,4.3021360124671422e-11
2285,all,6.4000000000000004,485,true,4,1.597283416403456e-11
2286,all,6.4000000000000004,486,true,4,1.1676807642919349e-11
2287,all,6.4000000000000004,487,true,4,9.3734348423286522e-12
2288,all,6.4000000000000004,488,true,4,4.4738769669693039e-12
2289,all,6.4000000000000004,489,true,4,2.7050451416062654e-11
2290,all,6.4000000000000004,490,true,3,5.6604675076843859e-11
2291,all,6.4000000000000004,491,true,4,1.2993628047103129e-11
2292,all,6.4000000000000004,492,true,4,1.3307948582493744e-11
2293,all,6.4000000000000004,493,true,5,3.7240680717346969e-12
2294,all,6.4000000000000004,494,true,4,6.054476125493711e-11
2295,all,6.4000000000000004,495,true,4,4.2805149109672084e-12
2296,all,6.4000000000000004,496,true,3,7.5836526525413058e-11
2297,all,6.4000000000000004,497,true,4,8.2433014128474654e-12
2298,all,6.4000000000000004,498,true,4,7.5637692028970549e-11
2299,all,6.4000000000000004,499,true,4,5.7987063555604874e-12
2300,all,6.4000000000000004,500,true,4,2.0106946101459106e-12
2301,all,6.4000000000000004,501,true,5,8.3272602686823033e-11
2302,all,6.4000000000000004,502,true,4,2.0926772106249586e-11
2303,all,6.4000000000000004,503,true,5,3.1714604931283e-11
2304,all,6.4000000000000004,504,true,4,3.8466488137706708e-11
2305,all,6.4000000000000004,505,true,5,3.1687412482482866e-11
2306,all,6.4000000000000004,506,true,3,1.6401873037584591e-11
2307,all,6.4000000000000004,507,true,5,2.8333862613023695e-11
2308,all,6.4000000000000004,508,true,3,5.1854941765976462e-11
2309,all,6.4000000000000004,509,true,4,6.9694186803351071e-11
2310,all,6.4000000000000004,510,true,4,2.134531564836294e-12
2311,all,6.4000000000000004,511,true,3,7.360281334249912e-11
2312,all,6.4000000000000004,512,true,4,2.4074057526403172e-11
2313,all,6.4000000000000004,513,true,4,8.1367442851476997e-11
2314,all,6.4000000000000004,514,true,3,4.6743366630915807e-11
2315,all,6.4000000000000004,515,true,5,2.2726193917253642e-11
2316,all,6.4000000000000004,516,true,4,9.6277699024416581e-12
2317,all,6.4000000000000004,517,true,5,2.9504055125302589e-11
2318,all,6.4000000000000004,518,true,5,4.7999286039716501e-12
2319,all,6.4000000000000004,519,true,3,9.3808018296600992e-11
2320,all,6.4000000000000004,520,true,4,2.1705879983626304e-11
2321,all,6.4000000000000004,521,true,4,3.1350813315282738e-11
2322,all,6.4000000000000004,522,true,4,1.2883833955256138e-11
2323,all,6.4000000000000004,523,true,3,6.3348519047159645e-11
2324,all,6.4000000000000004,524,true,6,2.5004590692111456e-12
2325,all,6.4000000000000004,525,true,4,1.0659099108881864e-11
2326,all,6.4000000000000004,526,true,4,1.7574147784013126e-11
2327,all,6.4000000000000004,527,true,4,1.4641147130078536e-12
2328,all,6.4000000000000004,528,true,4,3.9350585412767935e-12
2329,all,6.4000000000000004,529,true,4,2.3680235396539923e-12
2330,all,6.4000000000000004,530,true,4,1.1272482943041206e-11
2331,all,6.4000000000000004,531,true,3,2.4484198844997497e-11
2332,all,6.4000000000000004,532,true,4,6.1447450781265348e-11
2333,all,6.4000000000000004,533,true,5,1.7843607603669698e-11
2334,all,6.4000000000000004,534,true,4,1.8272767758092423e-11
2335,all,6.4000000000000004,535,true,4,2.8281228732140591e-11
2336,all,6.4000000000000004,536,true,5,1.1818802280264123e-11
2337,all,6.4000000000000004,537,true,4,9.7773609170356401e-12
2338,all,6.4000000000000004,538,true,4,7.5996784542723233e-12
2339,all,6.4000000000000004,539,true,3,2.0629870193647999e-11
2340,all,6.4000000000000004,540,true,4,1.2905639242852493e-11
2341,all,6.4000000000000004,541,true,4,7.599526792177209e-12
2342,all,6.4000000000000004,542,true,4,3.3030313586102711e-12
2343,all,6.4000000000000004,543,true,4,6.1663051494241651e-11
2344,all,6.4000000000000004,544,true,4,8.4146957050793939e-11
2345,all,6.4000000000000004,545,true,5,1.6557098428238218e-11
2346,all,6.4000000000000004,546,true,4,2.4610180704957956e-11
2347,all,6.4000000000000004,547,true,5,1.1855318919655236e-12
2348,all,6.4000000000000004,548,true,4,9.78475975339895e-11
2349,all,6.4000000000000004,549,true,4,1.6749066092876341e-11
2350,all,6.4000000000000004,550,true,4,1.4072859756223157e-11
2351,all,6.4000000000000004,551,true,4,4.2765465382223188e-11
2352,all,6.4000000000000004,552,true,5,2.8516107114103804e-12
2353,all,6.4000000000000004,553,true,5,6.984439089692945e-12
2354,all,6.4000000000000004,554,true,4,8.812161483277499e-12
2355,all,6.4000000000000004,555,true,4,3.7147166019204539e-12
2356,all,6.4000000000000004,556,true,5,1.4208762359273695e-11
2357,all,6.4000000000000004,557,true,4,1.0590984810774695e-11
2358,all,6.4000000000000004,558,true,4,7.1459048082486051e-12
2359,all,6.4000000000000004,559,true,3,9.4845997483356215e-11
2360,all,6.4000000000000004,560,true,4,5.4406897252874892e-11
2361,all,6.4000000000000004,561,true,4,1.0032993159234908e-11
2362,all,6.4000000000000004,562,true,4,2.142252435679179e-11
2363,all,6.4000000000000004,563,true,4,1.5579152280979536e-11
2364,all,6.4000000000000004,564,true,5,5.3532176789609713e-12
2365,all,6.4000000000000004,565,true,4,2.6985296124845889e-11
2366,all,6.4000000000000004,566,true,3,6.2162848365699985e-11
2367,all,6.4000000000000004,567,true,5,4.3027776135487171e-11
2368,all,6.4000000000000004,568,true,5,4.327014190748979e-12
2369,all,6.4000000000000004,569,true,4,1.2094902428261354e-11
2370,all,6.4000000000000004,570,true,4,1.0281430114514292e-12
2371,all,6.4000000000000004,571,true,4,9.6825233476086565e-12
2372,all,6.4000000000000004,572,true,4,3.781589921641736e-11
2373,all,6.4000000000000004,573,true,5,1.9654134772643441e-11
2374,all,6.4000000000000004,574,true,4,4.1736783191429744e-11
2375,all,6.4000000000000004,575,true,4,9.8538879656061626e-11
2376,all,6.4000000000000004,576,true,5,2.5299054867700096e-11
2377,all,6.4000000000000004,577,true,4,9.6614396797262596e-11
2378,all,6.4000000000000004,578,true,3,6.6668367312917122e-11
2379,all,6.4000000000000004,579,true,4,1.0706331883077539e-11
2380,all,6.4000000000000004,580,true,4,4.9992855387738095e-11
2381,all,6.4000000000000004,581,true,4,1.3548219718372511e-11
2382,all,6.4000000000000004,582,true,4,2.4076497792046794e-11
2383,all,6.4000000000000004,583,true,5,3.3505248632917878e-11
2384,all,6.4000000000000004,584,true,4,3.5823599828584418e-11
2385,all,6.4000000000000004,585,true,4,1.2027903129379349e-11
2386,all,6.4000000000000004,586,true,5,7.5425116712962799e-12
2387,all,6.4000000000000004,587,true,4,4.698659462775239e-11
2388,all,6.4000000000000004,588,true,4,9.2092435699236088e-12
2389,all,6.4000000000000004,589,true,5,4.2532522201231151e-12
2390,all,6.4000000000000004,590,true,4,8.9500318346688159e-12
2391,all,6.4000000000000004,591,true,4,7.9529489423155973e-12
2392,all,6.4000000000000004,592,true,5,5.2693172409229142e-12
2393,all,6.4000000000000004,593,true,4,1.3272294556883706e-11
2394,all,6.4000000000000004,594,true,6,1.3807615489973072e-11
2395,all,6.4000000000000004,595,true,4,1.6069736590117108e-12
2396,all,6.4000000000000004,596,true,5,9.3657626436354645e-12
2397,all,6.4000000000000004,597,true,5,4.6477831029555587e-12
2398,all,6.4000000000000004,598,true,4,4.9040953465998945e-12
2399,all,6.4000000000000004,599,true,5,1.0140130168593208e-11
2400,all,6.4000000000000004,600,true,4,2.888678158928127e-12
2401,all,9.0500000000000007,1,true,6,3.7354784753948718e-12
2402,all,9.0500000000000007,2,true,5,2.6753022229370998e-12
2403,all,9.0500000000000007,3,true,5,6.1734546144567692e-12
2404,all,9.0500000000000007,4,true,5,5.4200582071632559e-11
2405,all,9.0500000000000007,5,true,5,2.0764940464051144e-11
2406,all,9.0500000000000007,6,true,5,2.3918162151506471e-11
2407,all,9.0500000000000007,7,true,5,6.082519488981919e-11
2408,all,9.0500000000000007,8,true,5,8.2235696896181588e-12
2409,all,9.0500000000000007,9,true,7,9.2332502699573362e-11
2410,all,9.0500000000000007,10,true,4,1.3093249546739044e-11
2411,all,9.0500000000000007,11,true,5,2.9600316081320076e-11
2412,all,9.0500000000000007,12,true,5,8.2701848412197958e-11
2413,all,9.0500000000000007,13,true,5,3.7483817978659939e-11
2414,all,9.0500000000000007,14,true,5,6.0146151283463527e-11
2415,all,9.0500000000000007,15,true,6,6.7029765831543669e-12
2416,all,9.0500000000000007,16,true,6,2.1123555607093566e-11
2417,all,9.0500000000000007,17,true,5,1.7137810385996955e-11
2418,all,9.0500000000000007,18,true,4,2.6261394146335312e-11
2419,all,9.0500000000000007,19,true,5,3.2466490393883131e-11
2420,all,9.0500000000000007,20,true,5,4.0724224400342774e-11
2421,all,9.0500000000000007,21,true,5,9.0238016998317065e-11
2422,all,9.0500000000000007,22,true,4,1.1613776125826124e-11
2423,all,9.0500000000000007,23,true,4,6.9914886669731407e-11
2424,all,9.0500000000000007,24,true,6,1.2960562864872833e-11
2425,all,9.0500000000000007,25,true,5,1.8158429212532032e-11
2426,all,9.0500000000000007,26,true,5,1.2528010310612714e-11
2427,all,9.0500000000000007,27,true,5,3.6639352429777484e-11
2428,all,9.0500000000000007,28,true,4,3.046478383890167e-11
2429,all,9.0500000000000007,29,true,4,3.1801367962205598e-11
2430,all,9.0500000000000007,30,true,4,4.5636041761036665e-11
2431,all,9.0500000000000007,31,true,4,1.983434891230124e-11
2432,all,9.0500000000000007,32,true,4,1.2412678322883747e-11
2433,all,9.0500000000000007,33,true,5,7.2452275185255899e-12
2434,all,9.0500000000000007,34,true,4,5.7444541237103279e-11
2435,all,9.0500000000000007,35,true,5,2.1341609549106074e-11
2436,all,9.0500000000000007,36,true,4,5.9117351166025102e-11
2437,all,9.0500000000000007,37,true,6,3.1793929858846179e-11
2438,all,9.0500000000000007,38,true,5,2.8078418443797265e-11
2439,all,9.0500000000000007,39,true,5,1.267325105414462e-11
2440,all,9.0500000000000007,40,true,5,1.0244808520824165e-11
2441,all,9.0500000000000007,41,true,4,8.9366507412145988e-11
2442,all,9.0500000000000007,42,true,4,6.9804811048268612e-11
2443,all,9.0500000000000007,43,true,5,1.2828389317965224e-12
2444,all,9.0500000000000007,44,true,5,2.9860672045806077e-11
2445,all,9.0500000000000007,45,true,4,4.0435827547491402e-11
2446,all,9.0500000000000007,46,true,6,3.7097393515901367e-12
2447,all,9.0500000000000007,47,true,5,1.8656919802013651e-11
2448,all,9.0500000000000007,48,true,5,3.2214978222326983e-12
2449,all,9.0500000000000007,49,true,5,2.396170186768188e-11
2450,all,9.0500000000000007,50,true,5,6.6345780294393219e-12
2451,all,9.0500000000000007,51,true,4,4.3324889848944539e-11
2452,all,9.0500000000000007,52,true,4,8.1580068637563963e-11
2453,all,9.0500000000000007,53,true,5,8.3081784075963987e-12
2454,all,9.0500000000000007,54,true,5,3.3933614046229171e-11
2455,all,9.0500000000000007,55,true,4,4.5553927734398664e-11
2456,all,9.0500000000000007,56,true,4,8.6082079608874356e-11
2457,all,9.0500000000000007,57,true,6,7.5702138445295817e-12
2458,all,9.0500000000000007,58,true,4,8.7867092476937301e-11
2459,all,9.0500000000000007,59,true,4,7.5679405445530738e-11
2460,all,9.0500000000000007,60,true,4,4.0042187868638143e-11
2461,all,9.0500000000000007,61,true,5,4.916909506022442e-11
2462,all,9.0500000000000007,62,true,4,4.1464963246055187e-11
2463,all,9.0500000000000007,63,true,5,1.2511370637299417e-11
2464,all,9.0500000000000007,64,true,4,9.0453872243567565e-11
2465,all,9.0500000000000007,65,true,4,3.8172913428816812e-11
2466,all,9.0500000000000007,66,true,7,3.5296227640998251e-12
2467,all,9.0500000000000007,67,true,5,3.7231702419355804e-11
2468,all,9.0500000000000007,68,true,4,6.2079356600459541e-11
2469,all,9.0500000000000007,69,true,5,5.5817410855911166e-12
2470,all,9.0500000000000007,70,true,4,6.7191226154815669e-12
2471,all,9.0500000000000007,71,true,5,2.7533580725213476e-11
2472,all,9.0500000000000007,72,true,5,1.4026975575469359e-11
2473,all,9.0500000000000007,73,true,5,8.5832954891073363e-11
2474,all,9.0500000000000007,74,true,6,2.7745802537775744e-11
2475,all,9.0500000000000007,75,true,4,5.9836742741178712e-11
2476,all,9.0500000000000007,76,true,4,8.1176855579556857e-11
2477,all,9.0500000000000007,77,true,4,1.1122375761975612e-11
2478,all,9.0500000000000007,78,true,4,3.5017819196505324e-11
2479,all,9.0500000000000007,79,true,4,7.0242409673465054e-11
2480,all,9.0500000000000007,80,true,5,9.6406341133228531e-12
2481,all,9.0500000000000007,81,true,4,7.4469196161831971e-11
2482,all,9.0500000000000007,82,true,6,7.6320960493460995e-12
2483,all,9.0500000000000007,83,true,4,1.0409058799132128e-11
2484,all,9.0500000000000007,84,true,5,4.7588939756966636e-11
2485,all,9.0500000000000007,85,true,5,3.4100562736813094e-11
2486,all,9.0500000000000007,86,true,6,9.410638833655077e-11
2487,all,9.0500000000000007,87,true,4,5.0551658885098749e-11
2488,all,9.0500000000000007,88,true,5,1.5362542423436017e-11
2489,all,9.0500000000000007,89,true,6,1.4358823432961762e-11
2490,all,9.0500000000000007,90,true,5,5.0973555251665808e-11
2491,all,9.0500000000000007,91,true,5,2.7455166207945021e-11
2492,all,9.0500000000000007,92,true,6,6.6276359149775061e-11
2493,all,9.0500000000000007,93,true,6,6.5241071087420263e-11
2494,all,9.0500000000000007,94,true,5,1.6081414227065563e-11
2495,all,9.0500000000000007,95,true,5,5.4319473803065104e-12
2496,all,9.0500000000000007,96,true,4,7.7806519051610281e-11
2497,all,9.0500000000000007,97,true,4,1.8212221898798043e-11
2498,all,9.0500000000000007,98,true,5,9.6667493769986031e-12
2499,all,9.0500000000000007,99,true,6,1.2689568639141083e-11
2500,all,9.0500000000000007,100,true,5,2.5547532995614446e-11
2501,all,9.0500000000000007,101,true,5,1.4631084806040488e-11
2502,all,9.0500000000000007,102,true,4,1.2801676049957471e-11
2503,all,9.0500000000000007,103,true,5,5.4643643427576199e-11
2504,all,9.0500000000000007,104,true,5,2.6746643100547555e-12
2505,all,9.0500000000000007,105,true,5,5.7784888327034968e-12
2506,all,9.0500000000000007,106,true,5,5.7928926860479945e-11
2507,all,9.0500000000000007,107,true,6,1.0463141365894113e-11
2508,all,9.0500000000000007,108,true,5,1.5517491328096893e-11
2509,all,9.0500000000000007,109,true,5,7.3742654283943887e-11
2510,all,9.0500000000000007,110,true,4,9.4937554846708855e-11
2511,all,9.0500000000000007,111,true,5,8.5376337126439932e-12
2512,all,9.0500000000000007,112,true,5,4.0063464762086589e-11
2513,all,9.0500000000000007,113,true,5,5.687727504334995e-11
2514,all,9.0500000000000007,114,true,4,8.2123098956247078e-11
2515,all,9.0500000000000007,115,true,4,6.9708648874655034e-11
2516,all,9.0500000000000007,116,true,6,8.4798035848728561e-12
2517,all,9.0500000000000007,117,true,7,3.6790912049378927e-12
2518,all,9.0500000000000007,118,true,5,9.0980973345278531e-12
2519,all,9.0500000000000007,119,true,6,1.2691193253475757e-11
2520,all,9.0500000000000007,120,true,4,6.8566725150357801e-11
2521,all,9.0500000000000007,121,true,5,1.1320720564587985e-11
2522,all,9.0500000000000007,122,true,5,1.6237714075045521e-11
2523,all,9.0500000000000007,123,true,5,1.0857822351625494e-11
2524,all,9.0500000000000007,124,true,5,7.6095902034956214e-11
2525,all,9.0500000000000007,125,true,6,2.5875162010936033e-11
2526,all,9.0500000000000007,126,true,5,1.6255428464218604e-11
2527,all,9.0500000000000007,127,true,4,1.3831390705954141e-12
2528,all,9.0500000000000007,128,true,4,7.3546211366150572e-12
2529,all,9.0500000000000007,129,true,5,2.7265704990286824e-11
2530,all,9.0500000000000007,130,true,6,6.360817367726665e-11
2531,all,9.0500000000000007,131,true,5,3.4114635078670827e-11
2532,all,9.0500000000000007,132,true,4,8.8156563520344267e-11
2533,all,9.0500000000000007,133,true,6,1.8148630676950248e-11
2534,all,9.0500000000000007,134,true,5,7.3446636576927354e-11
2535,all,9.0500000000000007,135,true,4,5.2938107631026847e-11
2536,all,9.0500000000000007,136,true,5,6.2361339885829287e-12
2537,all,9.0500000000000007,137,true,6,1.284189969512185e-11
2538,all,9.0500000000000007,138,true,4,3.4144838957658272e-11
2539,all,9.0500000000000007,139,true,5,4.8942165544472531e-12
2540,all,9.0500000000000007,140,true,5,1.9386639406007463e-11
2541,all,9.0500000000000007,141,true,5,2.7505800581750405e-11
2542,all,9.0500000000000007,142,true,4,3.998511653506123e-11
2543,all,9.0500000000000007,143,true,4,4.9008404634754094e-11
2544,all,9.0500000000000007,144,true,4,8.5076304514673384e-11
2545,all,9.0500000000000007,145,true,6,6.8466685827907597e-12
2546,all,9.0500000000000007,146,true,4,1.8898811704410782e-11
2547,all,9.0500000000000007,147,true,5,1.6571924175173512e-11
2548,all,9.0500000000000007,148,true,5,8.4234745616097667e-12
2549,all,9.0500000000000007,149,true,4,1.2500977900735744e-11
2550,all,9.0500000000000007,150,true,5,3.3826012185800885e-12
2551,all,9.0500000000000007,151,true,5,5.3425667935951913e-11
2552,all,9.0500000000000007,152,true,5,4.5564153759377667e-11
2553,all,9.0500000000000007,153,true,5,6.4967488769423743e-12
2554,all,9.0500000000000007,154,true,5,1.0014535048117004e-11
2555,all,9.0500000000000007,155,true,5,1.8597641132447495e-11
2556,all,9.0500000000000007,156,true,5,9.4671006577068635e-12
2557,all,9.0500000000000007,157,true,5,8.2335168754457442e-12
2558,all,9.0500000000000007,158,true,4,5.7781056268293675e-11
2559,all,9.0500000000000007,159,true,4,2.4626770460287722e-12
2560,all,9.0500000000000007,160,true,4,1.9781270735228365e-12
2561,all,9.0500000000000007,161,true,5,6.1123540232039018e-11
2562,all,9.0500000000000007,162,true,4,6.9781379617493253e-11
2563,all,9.0500000000000007,163,true,3,6.6033766397593312e-11
2564,all,9.0500000000000007,164,true,5,1.3805426009583231e-11
2565,all,9.0500000000000007,165,true,4,6.3211800367583696e-11
2566,all,9.0500000000000007,166,true,4,5.625576130477123e-11
2567,all,9.0500000000000007,167,true,6,1.8654104476225355e-11
2568,all,9.0500000000000007,168,true,4,5.4614389503319873e-11
2569,all,9.0500000000000007,169,true,5,4.240841228569743e-12
2570,all,9.0500000000000007,170,true,5,2.7895538369376535e-11
2571,all,9.0500000000000007,171,true,5,1.7210826328319123e-11
2572,all,9.0500000000000007,172,true,5,6.1562648680532648e-12
2573,all,9.0500000000000007,173,true,5,4.0253479104248107e-11
2574,all,9.0500000000000007,174,true,5,7.4631979686300739e-12
2575,all,9.0500000000000007,175,true,5,2.7196392565068333e-11
2576,all,9.0500000000000007,176,true,5,6.0126409661647311e-12
2577,all,9.0500000000000007,177,true,5,1.5322958994188827e-11
2578,all,9.0500000000000007,178,true,4,2.2446856772285106e-11
2579,all,9.0500000000000007,179,true,4,4.6185415398417417e-11
2580,all,9.0500000000000007,180,true,4,9.2651436823159506e-11
2581,all,9.0500000000000007,181,true,4,1.0830336476208857e-11
2582,all,9.0500000000000007,182,true,6,2.4373561578144822e-11
2583,all,9.0500000000000007,183,true,5,1.6443055479125141e-11
2584,all,9.0500000000000007,184,true,5,4.7531781374328279e-11
2585,all,9.0500000000000007,185,true,5,2.5598905088130287e-11
2586,all,9.0500000000000007,186,true,5,8.274613215404767e-12
2587,all,9.0500000000000007,187,true,5,2.0163805286919186e-11
2588,all,9.0500000000000007,188,true,7,2.5441917696652833e-11
2589,all,9.0500000000000007,189,true,5,5.2951069099857979e-11
2590,all,9.0500000000000007,190,true,6,2.8040810159363757e-11
2591,all,9.0500000000000007,191,true,5,1.067108149430246e-11
2592,all,9.0500000000000007,192,true,5,5.0047379192492388e-12
2593,all,9.0500000000000007,193,true,6,8.8130258554189443e-12
2594,all,9.0500000000000007,194,true,5,1.8471174652819875e-11
2595,all,9.0500000000000007,195,true,6,1.117324529303536e-11
2596,all,9.0500000000000007,196,true,5,1.7543923534469409e-11
2597,all,9.0500000000000007,197,true,5,6.0879145581345874e-11
2598,all,9.0500000000000007,198,true,5,2.8349272794304252e-11
2599,all,9.0500000000000007,199,true,5,6.4184644757375012e-12
2600,all,9.0500000000000007,200,true,5,1.4364558706156347e-11
2601,all,9.0500000000000007,201,true,5,3.0735622933053367e-11
2602,all,9.0500000000000007,202,true,5,5.151237230084684e-11
2603,all,9.0500000000000007,203,true,4,2.1129583518939665e-11
2604,all,9.0500000000000007,204,true,4,6.077243779727999e-11
2605,all,9.0500000000000007,205,true,5,4.5223683049232599e-12
2606,all,9.0500000000000007,206,true,5,6.5434881755464293e-12
2607,all,9.0500000000000007,207,true,6,9.7529705619108751e-12
2608,all,9.0500000000000007,208,true,4,3.5009555187318639e-12
2609,all,9.0500000000000007,209,true,5,4.0033458654260782e-12
2610,all,9.0500000000000007,210,true,4,4.4377369306736775e-11
2611,all,9.0500000000000007,211,true,5,6.5646736256689515e-11
2612,all,9.0500000000000007,212,true,4,2.9533834127675202e-11
2613,all,9.0500000000000007,213,true,5,1.0386708838062062e-11
2614,all,9.0500000000000007,214,true,5,6.8896352048501559e-12
2615,all,9.0500000000000007,215,true,6,9.6662159644367708e-12
2616,all,9.0500000000000007,216,true,5,1.9591858845309752e-12
2617,all,9.0500000000000007,217,true,6,4.3859778000991149e-12
2618,all,9.0500000000000007,218,true,6,1.4752729451453141e-11
2619,all,9.0500000000000007,219,true,5,1.4602548760010407e-11
2620,all,9.0500000000000007,220,true,5,1.7437873176290215e-11
2621,all,9.0500000000000007,221,true,5,4.0938962159579423e-11
2622,all,9.0500000000000007,222,true,5,7.6989115845943202e-12
2623,all,9.0500000000000007,223,true,5,1.4518709273205769e-11
2624,all,9.0500000000000007,224,true,4,1.9807710132637358e-11
2625,all,9.0500000000000007,225,true,4,8.2174458313907017e-11
2626,all,9.0500000000000007,226,true,5,2.1644497640550915e-11
2627,all,9.0500000000000007,227,true,5,4.3462484653951397e-12
2628,all,9.0500000000000007,228,true,5,1.4261239561625294e-11
2629,all,9.0500000000000007,229,true,4,2.3481815108989789e-11
2630,all,9.0500000000000007,230,true,5,8.7870120486216345e-12
2631,all,9.0500000000000007,231,true,4,1.3507757425785512e-11
2632,all,9.0500000000000007,232,true,5,4.2611615502546691e-12
2633,all,9.0500000000000007,233,true,5,1.1896151018563933e-11
2634,all,9.0500000000000007,234,true,4,2.7731767948244214e-11
2635,all,9.0500000000000007,235,true,5,8.7188898534593565e-11
2636,all,9.0500000000000007,236,true,5,1.0457748906692813e-11
2637,all,9.0500000000000007,237,true,4,4.8470442802929934e-12
2638,all,9.0500000000000007,238,true,4,2.3783144772379667e-11
2639,all,9.0500000000000007,239,true,5,1.5393614196547016e-11
2640,all,9.0500000000000007,240,true,5,1.0570539946331016e-11
2641,all,9.0500000000000007,241,true,5,9.8794403715143733e-11
2642,all,9.0500000000000007,242,true,6,2.3648858481628988e-11
2643,all,9.0500000000000007,243,true,6,2.9703022713315328e-11
2644,all,9.0500000000000007,244,true,5,2.407314040064777e-11
2645,all,9.0500000000000007,245,true,5,6.7060571526787725e-12
2646,all,9.0500000000000007,246,true,5,7.9733865959913097e-11
2647,all,9.0500000000000007,247,true,6,1.5394809046627649e-11
2648,all,9.0500000000000007,248,true,5,2.3188006593223823e-11
2649,all,9.0500000000000007,249,true,5,6.781142772006815e-12
2650,all,9.0500000000000007,250,true,5,3.2434612741691136e-12
2651,all,9.0500000000000007,251,true,5,1.2390115003856171e-12
2652,all,9.0500000000000007,252,true,5,7.9258667066044028e-12
2653,all,9.0500000000000007,253,true,4,8.5436745065412735e-12
2654,all,9.0500000000000007,254,true,4,5.6760111238572142e-11
2655,all,9.0500000000000007,255,true,6,7.4055189795776506e-12
2656,all,9.0500000000000007,256,true,4,4.3656095001782814e-12
2657,all,9.0500000000000007,257,true,5,1.6982037799515097e-11
2658,all,9.0500000000000007,258,true,5,2.5105145731395993e-11
2659,all,9.0500000000000007,259,true,6,2.8596523970129513e-11
2660,all,9.0500000000000007,260,true,5,3.9842041895958952e-11
2661,all,9.0500000000000007,261,true,5,4.5796188482629433e-12
2662,all,9.0500000000000007,262,true,4,9.5172219476938008e-11
2663,all,9.0500000000000007,263,true,6,1.2447541818325867e-11
2664,all,9.0500000000000007,264,true,4,3.3121211245402456e-12
2665,all,9.0500000000000007,265,true,4,5.5413751323968356e-11
2666,all,9.0500000000000007,266,true,5,2.0385783569679823e-12
2667,all,9.0500000000000007,267,true,5,2.7030183860464003e-11
2668,all,9.0500000000000007,268,true,5,1.3967675688677659e-11
2669,all,9.0500000000000007,269,true,5,1.2706404352413224e-11
2670,all,9.0500000000000007,270,true,5,1.5006923034296649e-11
2671,all,9.0500000000000007,271,true,5,3.6053819252575589e-11
2672,all,9.0500000000000007,272,true,6,8.1924103124006119e-11
2673,all,9.0500000000000007,273,true,5,4.4954248656992376e-11
2674,all,9.0500000000000007,274,true,5,1.6123540172192288e-11
2675,all,9.0500000000000007,275,true,5,4.2490512900607907e-12
2676,all,9.0500000000000007,276,true,5,3.5450590343457535e-11
2677,all,9.0500000000000007,277,true,5,3.8143696124671167e-11
2678,all,9.0500000000000007,278,true,4,2.6548598946498469e-11
2679,all,9.0500000000000007,279,true,4,6.3104191277665879e-12
2680,all,9.0500000000000007,280,true,5,1.1626193157870146e-11
2681,all,9.0500000000000007,281,true,5,7.0771026371765731e-11
2682,all,9.0500000000000007,282,true,4,3.8848848606329128e-11
2683,all,9.0500000000000007,283,true,5,2.5600122025288246e-11
2684,all,9.0500000000000007,284,true,4,2.838858119378136e-11
2685,all,9.0500000000000007,285,true,5,2.7351178475407312e-12
2686,all,9.0500000000000007,286,true,5,6.7046329333224111e-12
2687,all,9.0500000000000007,287,true,4,6.0890576892520571e-11
2688,all,9.0500000000000007,288,true,4,5.5350492273648964e-11
2689,all,9.0500000000000007,289,true,6,2.7683971853354429e-11
2690,all,9.0500000000000007,290,true,5,1.8793432606619624e-11
2691,all,9.0500000000000007,291,true,5,1.2547037825226586e-12
2692,all,9.0500000000000007,292,true,5,1.7926827839124946e-11
2693,all,9.0500000000000007,293,true,6,1.4042230875049733e-11
2694,all,9.0500000000000007,294,true,4,9.606386205867298e-12
2695,all,9.0500000000000007,295,true,4,2.9631076704778574e-11
2696,all,9.0500000000000007,296,true,6,6.4200693716440751e-12
2697,all,9.0500000000000007,297,true,4,3.6552083658027127e-11
2698,all,9.0500000000000007,298,true,4,5.3841214762265845e-11
2699,all,9.0500000000000007,299,true,6,1.2077994775411052e-11
2700,all,9.0500000000000007,300,true,6,6.555279397266555e-12
2701,all,9.0500000000000007,301,true,4,2.3699881120114243e-11
2702,all,9.0500000000000007,302,true,5,8.805568993252778e-11
2703,all,9.0500000000000007,303,true,4,5.7179523405836327e-11
2704,all,9.0500000000000007,304,true,5,2.3174488924492853e-11
2705,all,9.0500000000000007,305,true,4,8.3196444400052678e-11
2706,all,9.0500000000000007,306,true,5,6.9865123176602553e-11
2707,all,9.0500000000000007,307,true,5,9.5286108101332847e-11
2708,all,9.0500000000000007,308,true,5,3.7769861935118577e-12
2709,all,9.0500000000000007,309,true,5,1.1962331525321422e-11
2710,all,9.0500000000000007,310,true,4,4.6184538217173186e-11
2711,all,9.0500000000000007,311,true,6,1.0165626017696449e-11
2712,all,9.0500000000000007,312,true,5,9.2152707598833917e-12
2713,all,9.0500000000000007,313,true,5,1.5047084499970192e-11
2714,all,9.0500000000000007,314,true,6,6.7387653175332235e-11
2715,all,9.0500000000000007,315,true,6,2.9584613386405271e-11
2716,all,9.0500000000000007,316,true,5,4.4701585087586661e-11
2717,all,9.0500000000000007,317,true,4,8.9530607368129993e-11
2718,all,9.0500000000000007,318,true,5,5.4958971123010711e-12
2719,all,9.0500000000000007,319,true,5,1.0891159680096501e-11
2720,all,9.0500000000000007,320,true,5,7.4217158580515384e-11
2721,all,9.0500000000000007,321,true,5,1.7438623454887153e-11
2722,all,9.0500000000000007,322,true,5,8.7779865069361924e-12
2723,all,9.0500000000000007,323,true,4,1.2268351631296737e-11
2724,all,9.0500000000000007,324,true,4,7.8178923495307932e-11
2725,all,9.0500000000000007,325,true,5,5.4240719114790729e-11
2726,all,9.0500000000000007,326,true,5,2.2311343202195358e-11
2727,all,9.0500000000000007,327,true,5,2.9153616786297706e-11
2728,all,9.0500000000000007,328,true,5,4.3118952106603785e-11
2729,all,9.0500000000000007,329,true,5,4.7193271596888123e-11
2730,all,9.0500000000000007,330,true,6,2.0691473623940894e-11
2731,all,9.0500000000000007,331,true,5,1.125236466011981e-11
2732,all,9.0500000000000007,332,true,4,2.9187212340117046e-11
2733,all,9.0500000000000007,333,true,5,1.195728635499343e-11
2734,all,9.0500000000000007,334,true,5,1.0077730488276839e-11
2735,all,9.0500000000000007,335,true,4,4.2857824008326412e-11
2736,all,9.0500000000000007,336,true,4,6.2705533497534962e-12
2737,all,9.0500000000000007,337,true,6,7.9367293726850145e-11
2738,all,9.0500000000000007,338,true,5,1.7907691840979776e-11
2739,all,9.0500000000000007,339,true,6,9.5221750321554751e-11
2740,all,9.0500000000000007,340,true,5,4.7982589475259639e-11
2741,all,9.0500000000000007,341,true,4,3.8600036939842847e-11
2742,all,9.0500000000000007,342,true,5,7.7119776673416539e-11
2743,all,9.0500000000000007,343,true,6,3.4776537515558269e-11
2744,all,9.0500000000000007,344,true,5,2.2017226371956051e-11
2745,all,9.0500000000000007,345,true,5,1.6704714714666215e-11
2746,all,9.0500000000000007,346,true,5,4.1435968628584157e-11
2747,all,9.0500000000000007,347,true,5,7.1107024489302783e-11
2748,all,9.0500000000000007,348,true,4,6.88092948857534e-11
2749,all,9.0500000000000007,349,true,4,2.7700331924834023e-11
2750,all,9.0500000000000007,350,true,5,4.9859358600195306e-12
2751,all,9.0500000000000007,351,true,5,5.5112909224785346e-11
2752,all,9.0500000000000007,352,true,5,2.6807531111318185e-11
2753,all,9.0500000000000007,353,true,4,2.0306304049415732e-11
2754,all,9.0500000000000007,354,true,4,5.8139531789960839e-11
2755,all,9.0500000000000007,355,true,4,4.1912880391248593e-11
2756,all,9.0500000000000007,356,true,5,4.5233737393058505e-12
2757,all,9.0500000000000007,357,true,5,5.3775302127775487e-12
2758,all,9.0500000000000007,358,true,5,8.6304222168079749e-11
2759,all,9.0500000000000007,359,true,4,7.6174423873043998e-11
2760,all,9.0500000000000007,360,true,5,8.9099500289373579e-12
2761,all,9.0500000000000007,361,true,7,1.5322318220555463e-11
2762,all,9.0500000000000007,362,true,4,1.8960905444826783e-11
2763,all,9.0500000000000007,363,true,4,6.0589948721923641e-11
2764,all,9.0500000000000007,364,true,6,9.7175594601213397e-12
2765,all,9.0500000000000007,365,true,4,4.0536544642833375e-11
2766,all,9.0500000000000007,366,true,6,9.8599821710876544e-12
2767,all,9.0500000000000007,367,true,5,1.5089795584763929e-11
2768,all,9.0500000000000007,368,true,6,1.1397823057166765e-11
2769,all,9.0500000000000007,369,true,5,2.8569744936890229e-11
2770,all,9.0500000000000007,370,true,4,1.7461972089131027e-12
2771,all,9.0500000000000007,371,true,6,3.346882089965662e-11
2772,all,9.0500000000000007,372,true,4,2.0083877289154378e-11
2773,all,9.0500000000000007,373,true,6,4.6568700976322175e-12
2774,all,9.0500000000000007,374,true,5,1.7592892384347914e-11
2775,all,9.0500000000000007,375,true,5,7.8868768519474463e-12
2776,all,9.0500000000000007,376,true,5,2.6478627555768143e-11
2777,all,9.0500000000000007,377,true,6,1.6144382404233515e-11
2778,all,9.0500000000000007,378,true,5,5.196554275270178e-12
2779,all,9.0500000000000007,379,true,5,4.1477960661088787e-12
2780,all,9.0500000000000007,380,true,4,9.3224940930238978e-11
2781,all,9.0500000000000007,381,true,5,1.8211310580089929e-11
2782,all,9.0500000000000007,382,true,6,4.4237957346650866e-12
2783,all,9.0500000000000007,383,true,6,1.9733651361933475e-11
2784,all,9.0500000000000007,384,true,4,5.0674804883268203e-12
2785,all,9.0500000000000007,385,true,6,2.6892034379574638e-11
2786,all,9.0500000000000007,386,true,5,1.5060214431286335e-11
2787,all,9.0500000000000007,387,true,5,2.487383784525147e-11
2788,all,9.0500000000000007,388,true,5,3.265541698750316e-11
2789,all,9.0500000000000007,389,true,4,1.0994317426282153e-11
2790,all,9.0500000000000007,390,true,4,8.3601667642247171e-11
2791,all,9.0500000000000007,391,true,5,2.8084324731744294e-11
2792,all,9.0500000000000007,392,true,5,6.2337048809003606e-11
2793,all,9.0500000000000007,393,true,5,8.5089260014784871e-11
2794,all,9.0500000000000007,394,true,5,1.9778714333758429e-11
2795,all,9.0500000000000007,395,true,4,5.0041288021894802e-11
2796,all,9.0500000000000007,396,true,5,9.517652731674884e-11
2797,all,9.0500000000000007,397,true,4,4.7715370745567672e-11
2798,all,9.0500000000000007,398,true,5,6.940871090803769e-12
2799,all,9.0500000000000007,399,true,4,4.6473225787272976e-11
2800,all,9.0500000000000007,400,true,7,3.303510864951433e-11
2801,all,9.0500000000000007,401,true,4,8.5591295175418454e-12
2802,all,9.0500000000000007,402,true,5,5.6958047223308807e-12
2803,all,9.0500000000000007,403,true,5,5.4547137477919189e-12
2804,all,9.0500000000000007,404,true,4,3.0257583085186602e-11
2805,all,9.0500000000000007,405,true,6,1.301869648660753e-11
2806,all,9.0500000000000007,406,true,5,4.3002782374709519e-11
2807,all,9.0500000000000007,407,true,5,7.0983792622259676e-12
2808,all,9.0500000000000007,408,true,5,2.0157852602726076e-11
2809,all,9.0500000000000007,409,true,5,8.6648644618588098e-11
2810,all,9.0500000000000007,410,true,6,3.375686780266251e-11
2811,all,9.0500000000000007,411,true,5,8.6578780993756609e-11
2812,all,9.0500000000000007,412,true,5,3.5522020790481433e-11
2813,all,9.0500000000000007,413,true,4,1.6535553676471407e-11
2814,all,9.0500000000000007,414,true,4,3.0770532413771334e-11
2815,all,9.0500000000000007,415,true,5,1.7209805019080228e-11
2816,all,9.0500000000000007,416,true,4,1.5900005432712923e-11
2817,all,9.0500000000000007,417,true,6,2.5104619844676226e-11
2818,all,9.0500000000000007,418,true,4,2.6493475196784885e-11
2819,all,9.0500000000000007,419,true,5,3.4625235922064005e-12
2820,all,9.0500000000000007,420,true,5,4.2014709505496977e-11
2821,all,9.0500000000000007,421,true,5,1.288100691699943e-11
2822,all,9.0500000000000007,422,true,4,8.3967046019272077e-11
2823,all,9.0500000000000007,423,true,6,2.236170754413588e-11
2824,all,9.0500000000000007,424,true,5,6.1064313609753452e-12
2825,all,9.0500000000000007,425,true,5,4.9379785651722732e-11
2826,all,9.0500000000000007,426,true,4,2.7998725953065722e-11
2827,all,9.0500000000000007,427,true,7,1.0387072337747071e-11
2828,all,9.0500000000000007,428,true,5,6.6520384934192394e-12
2829,all,9.0500000000000007,429,true,5,3.2184093352348514e-12
2830,all,9.0500000000000007,430,true,5,9.2703057764231936e-11
2831,all,9.0500000000000007,431,true,5,4.1305213842031135e-11
2832,all,9.0500000000000007,432,true,5,8.4750893538395934e-11
2833,all,9.0500000000000007,433,true,5,4.7664533967076021e-11
2834,all,9.0500000000000007,434,true,4,1.1064190984387474e-11
2835,all,9.0500000000000007,435,true,5,3.6978854722946959e-11
2836,all,9.0500000000000007,436,true,6,5.8833942399386057e-11
2837,all,9.0500000000000007,437,true,5,1.0799767081182763e-11
2838,all,9.0500000000000007,438,true,5,2.405075975564551e-12
2839,all,9.0500000000000007,439,true,4,3.0914963163842542e-11
2840,all,9.0500000000000007,440,true,5,1.3734871177756937e-11
2841,all,9.0500000000000007,441,true,5,2.4439169061500152e-11
2842,all,9.0500000000000007,442,true,5,7.4417181137190801e-12
2843,all,9.0500000000000007,443,true,5,3.8961789073678991e-12
2844,all,9.0500000000000007,444,true,5,9.448334810751682e-11
2845,all,9.0500000000000007,445,true,5,8.3064455509867714e-12
2846,all,9.0500000000000007,446,true,4,3.144603873646562e-12
2847,all,9.0500000000000007,447,true,4,2.3593352520782408e-12
2848,all,9.0500000000000007,448,true,4,2.0287567478109463e-11
2849,all,9.0500000000000007,449,true,5,2.6901402421701994e-12
2850,all,9.0500000000000007,450,true,5,5.4349809476229312e-11
2851,all,9.0500000000000007,451,true,4,3.1155028463073302e-11
2852,all,9.0500000000000007,452,true,5,2.8513664518615437e-11
2853,all,9.0500000000000007,453,true,5,1.6363226508948473e-11
2854,all,9.0500000000000007,454,true,5,7.036643597053475e-11
2855,all,9.0500000000000007,455,true,4,4.061097752017966e-11
2856,all,9.0500000000000007,456,true,4,2.9147267288126469e-11
2857,all,9.0500000000000007,457,true,4,1.4327278536912043e-11
2858,all,9.0500000000000007,458,true,5,1.4225807334239502e-11
2859,all,9.0500000000000007,459,true,4,3.2511215405235714e-12
2860,all,9.0500000000000007,460,true,4,4.511645283432863e-12
2861,all,9.0500000000000007,461,true,5,7.8564211451621336e-12
2862,all,9.0500000000000007,462,true,4,4.8529489264297811e-11
2863,all,9.0500000000000007,463,true,5,3.4720183021947428e-11
2864,all,9.0500000000000007,464,true,6,1.0980153112963524e-11
2865,all,9.0500000000000007,465,true,4,9.8304026598348408e-11
2866,all,9.0500000000000007,466,true,5,3.241116920166813e-11
2867,all,9.0500000000000007,467,true,5,9.9995388547779291e-12
2868,all,9.0500000000000007,468,true,5,4.9359163429396648e-11
2869,all,9.0500000000000007,469,true,5,3.2800956054523185e-11
2870,all,9.0500000000000007,470,true,4,7.5519327883724127e-11
2871,all,9.0500000000000007,471,true,4,4.9684538972196921e-11
2872,all,9.0500000000000007,472,true,6,6.491501427127191e-12
2873,all,9.0500000000000007,473,true,4,9.1139315211416127e-11
2874,all,9.0500000000000007,474,true,5,1.9452600256769118e-11
2875,all,9.0500000000000007,475,true,5,1.3648485430904226e-11
2876,all,9.0500000000000007,476,true,5,5.5014767239724281e-11
2877,all,9.0500000000000007,477,true,6,9.5263260639928623e-12
2878,all,9.0500000000000007,478,true,5,6.7620776337433148e-11
2879,all,9.0500000000000007,479,true,5,5.0930048013065726e-11
2880,all,9.0500000000000007,480,true,5,6.2083552138637386e-12
2881,all,9.0500000000000007,481,true,5,9.2400973369838331e-12
2882,all,9.0500000000000007,482,true,4,1.5659205089934486e-11
2883,all,9.0500000000000007,483,true,5,6.2573969350121262e-11
2884,all,9.0500000000000007,484,true,5,7.9521683748945986e-12
2885,all,9.0500000000000007,485,true,5,1.6734367678523309e-12
2886,all,9.0500000000000007,486,true,4,9.4479545896340326e-11
2887,all,9.0500000000000007,487,true,4,7.0026518297666045e-11
2888,all,9.0500000000000007,488,true,4,3.9064957344576667e-11
2889,all,9.0500000000000007,489,true,5,4.1605019317665585e-12
2890,all,9.0500000000000007,490,true,4,7.659995572117635e-12
2891,all,9.0500000000000007,491,true,4,9.7403272144260644e-11
2892,all,9.0500000000000007,492,true,4,9.8159172729295265e-11
2893,all,9.0500000000000007,493,true,5,4.150617191660656e-11
2894,all,9.0500000000000007,494,true,5,1.4972851237326702e-11
2895,all,9.0500000000000007,495,true,4,3.9958307713103458e-11
2896,all,9.0500000000000007,496,true,4,2.0316751850553152e-11
2897,all,9.0500000000000007,497,true,4,7.0572640301885827e-11
2898,all,9.0500000000000007,498,true,5,1.6281853692765955e-11
2899,all,9.0500000000000007,499,true,4,4.1710588547781853e-11
2900,all,9.0500000000000007,500,true,4,1.6559141669452263e-11
2901,all,9.0500000000000007,501,true,6,8.7393977817609354e-11
2902,all,9.0500000000000007,502,true,5,1.0344755671882826e-11
2903,all,9.0500000000000007,503,true,6,3.9082501767898761e-11
2904,all,9.0500000000000007,504,true,5,1.1251579745544171e-11
2905,all,9.0500000000000007,505,true,6,6.6037312926525849e-12
2906,all,9.0500000000000007,506,true,3,9.8768039224566997e-11
2907,all,9.0500000000000007,507,true,6,2.0168702312417487e-11
2908,all,9.0500000000000007,508,true,4,6.7288093627717461e-12
2909,all,9.0500000000000007,509,true,5,2.6320203266286506e-11
2910,all,9.0500000000000007,510,true,4,1.7111497394509134e-11
2911,all,9.0500000000000007,511,true,4,9.5646118452776261e-12
2912,all,9.0500000000000007,512,true,5,1.0822138417543709e-11
2913,all,9.0500000000000007,513,true,5,7.2199561957124152e-11
2914,all,9.0500000000000007,514,true,4,1.1703216314635119e-11
2915,all,9.0500000000000007,515,true,6,2.9992713697715951e-11
2916,all,9.0500000000000007,516,true,4,7.229587125225771e-11
2917,all,9.0500000000000007,517,true,6,1.2869603295751518e-11
2918,all,9.0500000000000007,518,true,5,5.860160216209504e-11
2919,all,9.0500000000000007,519,true,4,1.374595101705659e-11
2920,all,9.0500000000000007,520,true,5,3.586830409993874e-12
2921,all,9.0500000000000007,521,true,5,1.1933873243077124e-11
2922,all,9.0500000000000007,522,true,4,8.3570221605618095e-11
2923,all,9.0500000000000007,523,true,4,2.4746172099990732e-11
2924,all,9.0500000000000007,524,true,6,3.5078128709551835e-11
2925,all,9.0500000000000007,525,true,4,7.4892829697097347e-11
2926,all,9.0500000000000007,526,true,5,4.0966389082015095e-12
2927,all,9.0500000000000007,527,true,4,1.3128807037569225e-11
2928,all,9.0500000000000007,528,true,4,3.074641589474801e-11
2929,all,9.0500000000000007,529,true,4,1.9531275716040424e-11
2930,all,9.0500000000000007,530,true,4,8.184720023612184e-11
2931,all,9.0500000000000007,531,true,4,2.7397143407745479e-12
2932,all,9.0500000000000007,532,true,5,6.8846417985121076e-11
2933,all,9.0500000000000007,533,true,6,1.8913415480974348e-11
2934,all,9.0500000000000007,534,true,5,6.0430585750355299e-12
2935,all,9.0500000000000007,535,true,5,7.5007360019638462e-12
2936,all,9.0500000000000007,536,true,6,4.9853054043036112e-12
2937,all,9.0500000000000007,537,true,4,7.954373904624521e-11
2938,all,9.0500000000000007,538,true,4,5.8614220581637293e-11
2939,all,9.0500000000000007,539,true,4,3.0429581327080029e-12
2940,all,9.0500000000000007,540,true,5,3.4055712991123386e-12
2941,all,9.0500000000000007,541,true,4,6.2375154650406457e-11
2942,all,9.0500000000000007,542,true,4,2.4698407732980939e-11
2943,all,9.0500000000000007,543,true,5,9.2674630578295358e-12
2944,all,9.0500000000000007,544,true,5,2.107586719531708e-11
2945,all,9.0500000000000007,545,true,6,8.5805443106090487e-12
2946,all,9.0500000000000007,546,true,5,4.4866200562920852e-12
2947,all,9.0500000000000007,547,true,5,1.3466476563920529e-11
2948,all,9.0500000000000007,548,true,5,3.2394576877899407e-11
2949,all,9.0500000000000007,549,true,5,7.1796163564291946e-12
2950,all,9.0500000000000007,550,true,5,3.4735655758724033e-12
2951,all,9.0500000000000007,551,true,5,2.900690000536612e-11
2952,all,9.0500000000000007,552,true,5,3.8829325684469243e-11
2953,all,9.0500000000000007,553,true,5,7.4639239740906806e-11
2954,all,9.0500000000000007,554,true,4,7.0736036996243139e-11
2955,all,9.0500000000000007,555,true,4,3.1203855312780204e-11
2956,all,9.0500000000000007,556,true,6,5.6924717374235489e-12
2957,all,9.0500000000000007,557,true,4,8.987596808145284e-11
2958,all,9.0500000000000007,558,true,4,5.9340279913009375e-11
2959,all,9.0500000000000007,559,true,4,2.0042277390522248e-11
2960,all,9.0500000000000007,560,true,5,1.1215957470264437e-11
2961,all,9.0500000000000007,561,true,4,7.248442457541457e-11
2962,all,9.0500000000000007,562,true,5,9.1275871471827229e-12
2963,all,9.0500000000000007,563,true,5,1.194404196773615e-11
2964,all,9.0500000000000007,564,true,5,5.1688946700712681e-11
2965,all,9.0500000000000007,565,true,5,7.1891388370680703e-12
2966,all,9.0500000000000007,566,true,4,1.0071099212301838e-11
2967,all,9.0500000000000007,567,true,6,2.5192539992251817e-11
2968,all,9.0500000000000007,568,true,5,4.3261842893833622e-11
2969,all,9.0500000000000007,569,true,4,8.1935546585162963e-11
2970,all,9.0500000000000007,570,true,4,8.74747202425306e-12
2971,all,9.0500000000000007,571,true,4,7.8662430005174658e-11
2972,all,9.0500000000000007,572,true,5,8.1238191955037511e-12
2973,all,9.0500000000000007,573,true,6,1.3850154368981336e-11
2974,all,9.0500000000000007,574,true,5,2.2577221151538027e-11
2975,all,9.0500000000000007,575,true,5,4.8820055095687418e-11
2976,all,9.0500000000000007,576,true,6,2.6706897125101923e-11
2977,all,9.0500000000000007,577,true,5,8.1598761370932557e-12
2978,all,9.0500000000000007,578,true,4,1.4364327304376788e-11
2979,all,9.0500000000000007,579,true,4,8.732259535551846e-11
2980,all,9.0500000000000007,580,true,5,1.851238681211271e-11
2981,all,9.0500000000000007,581,true,4,9.8190639473476528e-11
2982,all,9.0500000000000007,582,true,5,1.110681144433253e-11
2983,all,9.0500000000000007,583,true,6,1.7833722813240265e-11
2984,all,9.0500000000000007,584,true,5,1.1856706007995445e-11
2985,all,9.0500000000000007,585,true,4,8.7584846897628718e-11
2986,all,9.0500000000000007,586,true,5,8.2932110653707598e-11
2987,all,9.0500000000000007,587,true,5,1.8901992512125593e-11
2988,all,9.0500000000000007,588,true,4,7.2970291769605069e-11
2989,all,9.0500000000000007,589,true,5,4.7455232460040489e-11
2990,all,9.0500000000000007,590,true,4,7.4312813972999166e-11
2991,all,9.0500000000000007,591,true,4,7.0124849135294799e-11
2992,all,9.0500000000000007,592,true,5,6.3715617913714507e-11
2993,all,9.0500000000000007,593,true,5,1.2570121006704362e-11
2994,all,9.0500000000000007,594,true,7,6.0448770395491423e-11
2995,all,9.0500000000000007,595,true,4,1.2527383126612243e-11
2996,all,9.0500000000000007,596,true,5,9.4171082610510875e-11
2997,all,9.0500000000000007,597,true,5,5.0610051528686864e-11
2998,all,9.0500000000000007,598,true,4,4.0807279658843004e-11
2999,all,9.0500000000000007,599,true,6,3.50268431904226e-11
3000,all,9.0500000000000007,600,true,4,2.232684864753286e-11
3001,horizontal,1.1299999999999999,1,true,2,4.3257179160076103e-14
3002,horizontal,1.1299999999999999,2,true,2,2.8103540394904028e-11
3003,horizontal,1.1299999999999999,3,true,2,1.2273603783496204e-12
3004,horizontal,1.1299999999999999,4,true,2,2.6878226426613583e-12
3005,horizontal,1.1299999999999999,5,true,1,4.2028470591312463e-11
3006,horizontal,1.1299999999999999,6,true,2,1.8808211620071133e-11
3007,horizontal,1.1299999999999999,7,true,2,7.8082080596140834e-13
3008,horizontal,1.1299999999999999,8,true,2,1.833027936667126e-12
3009,horizontal,1.1299999999999999,9,true,2,1.4027873890702639e-12
3010,horizontal,1.1299999999999999,10,true,2,4.3390898315592862e-13
3011,horizontal,1.1299999999999999,11,true,3,1.0379304323958005e-12
3012,horizontal,1.1299999999999999,12,true,2,9.7100714746568522e-12
3013,horizontal,1.1299999999999999,13,true,2,2.094458224704484e-11
3014,horizontal,1.1299999999999999,14,true,2,3.9775428382575893e-12
3015,horizontal,1.1299999999999999,15,true,2,9.3932101545914738e-12
3016,horizontal,1.1299999999999999,16,true,3,3.5750264238853761e-13
3017,horizontal,1.1299999999999999,17,true,2,3.4483385316320439e-12
3018,horizontal,1.1299999999999999,18,true,2,3.8669054717783101e-13
3019,horizontal,1.1299999999999999,19,true,2,1.0326356471153884e-12
3020,horizontal,1.1299999999999999,20,true,2,6.7185752399138761e-12
3021,horizontal,1.1299999999999999,21,true,2,3.0430662532123916e-12
3022,horizontal,1.1299999999999999,22,true,2,3.0064588948146293e-13
3023,horizontal,1.1299999999999999,23,true,3,9.0403153713989645e-13
3024,horizontal,1.1299999999999999,24,true,2,1.6714615952173424e-11
3025,horizontal,1.1299999999999999,25,true,3,1.0151036478130521e-13
3026,horizontal,1.1299999999999999,26,true,2,9.1599017553983206e-11
3027,horizontal,1.1299999999999999,27,true,3,2.9725786120998373e-13
3028,horizontal,1.1299999999999999,28,true,3,4.7040908352487965e-13
3029,horizontal,1.1299999999999999,29,true,2,9.1753625521547466e-12
3030,horizontal,1.1299999999999999,30,true,2,2.2688914144915996e-11
3031,horizontal,1.1299999999999999,31,true,2,2.4411220083744019e-12
3032,horizontal,1.1299999999999999,32,true,2,6.9311947785918721e-11
3033,horizontal,1.1299999999999999,33,true,2,8.2655582900600816e-12
3034,horizontal,1.1299999999999999,34,true,3,6.8183585813242809e-13
3035,horizontal,1.1299999999999999,35,true,2,6.4273458085955007e-11
3036,horizontal,1.1299999999999999,36,true,2,2.8452633013376758e-11
3037,horizontal,1.1299999999999999,37,true,2,2.5682940325862718e-12
3038,horizontal,1.1299999999999999,38,true,2,5.0531792224748579e-12
3039,horizontal,1.1299999999999999,39,true,2,9.6182997772056666e-11
3040,horizontal,1.1299999999999999,40,true,2,5.7406369331505356e-12
3041,horizontal,1.1299999999999999,41,true,2,2.6112966083832825e-12
3042,horizontal,1.1299999999999999,42,true,2,3.7837420886427147e-12
3043,horizontal,1.1299999999999999,43,true,2,1.4684511422680777e-11
3044,horizontal,1.1299999999999999,44,true,2,9.3681732524324582e-12
3045,horizontal,1.1299999999999999,45,true,2,3.0433478397287621e-12
3046,horizontal,1.1299999999999999,46,true,2,1.7373744833642767e-11
3047,horizontal,1.1299999999999999,47,true,2,9.963819174450519e-11
3048,horizontal,1.1299999999999999,48,true,2,6.8963207146886206e-11
3049,horizontal,1.1299999999999999,49,true,2,7.1637901461241397e-11
3050,horizontal,1.1299999999999999,50,true,2,1.808614620341392e-11
3051,horizontal,1.1299999999999999,51,true,2,2.1771595088394804e-11
3052,horizontal,1.1299999999999999,52,true,2,5.4030965430265939e-11
3053,horizontal,1.1299999999999999,53,true,2,9.756908917976502e-12
3054,horizontal,1.1299999999999999,54,true,2,1.6659253376112262e-12
3055,horizontal,1.1299999999999999,55,true,2,1.057476097997178e-11
3056,horizontal,1.1299999999999999,56,true,2,2.277826850229899e-11
3057,horizontal,1.1299999999999999,57,true,2,1.8961865567643363e-11
3058,horizontal,1.1299999999999999,58,true,2,9.0329731193437957e-13
3059,horizontal,1.1299999999999999,59,true,2,2.1625689356440023e-11
3060,horizontal,1.1299999999999999,60,true,2,1.1422876752278294e-11
3061,horizontal,1.1299999999999999,61,true,2,9.6669520624621626e-13
3062,horizontal,1.1299999999999999,62,true,2,2.3917992704937478e-11
3063,horizontal,1.1299999999999999,63,true,2,9.5404612439598866e-13
3064,horizontal,1.1299999999999999,64,true,2,5.9787632815501607e-13
3065,horizontal,1.1299999999999999,65,true,3,3.2041019739147681e-13
3066,horizontal,1.1299999999999999,66,true,2,1.0373499133859022e-11
3067,horizontal,1.1299999999999999,67,true,2,1.3465594246607476e-11
3068,horizontal,1.1299999999999999,68,true,2,3.5541665199721873e-11
3069,horizontal,1.1299999999999999,69,true,2,7.442903656477118e-12
3070,horizontal,1.1299999999999999,70,true,2,3.5774160947696652e-12
3071,horizontal,1.1299999999999999,71,true,2,2.1468201022756876e-11
3072,horizontal,1.1299999999999999,72,true,2,6.7879614710322403e-11
3073,horizontal,1.1299999999999999,73,true,2,8.2426888262469849e-13
3074,horizontal,1.1299999999999999,74,true,2,6.3870601630411713e-12
3075,horizontal,1.1299999999999999,75,true,2,1.571316511978124e-12
3076,horizontal,1.1299999999999999,76,true,2,1.8989678513296051e-12
3077,horizontal,1.1299999999999999,77,true,2,1.507828851184502e-12
3078,horizontal,1.1299999999999999,78,true,2,5.8768330059261545e-11
3079,horizontal,1.1299999999999999,79,true,2,1.0783014916820644e-12
3080,horizontal,1.1299999999999999,80,true,2,5.4840170521015418e-12
3081,horizontal,1.1299999999999999,81,true,2,5.059984281288078e-12
3082,horizontal,1.1299999999999999,82,true,2,3.579307582142553e-12
3083,horizontal,1.1299999999999999,83,true,2,5.8231901556169657e-13
3084,horizontal,1.1299999999999999,84,true,2,4.1611985011223181e-12
3085,horizontal,1.1299999999999999,85,true,3,5.5584615564132745e-13
3086,horizontal,1.1299999999999999,86,true,2,1.5805904651720743e-11
3087,horizontal,1.1299999999999999,87,true,2,6.2858248118890178e-11
3088,horizontal,1.1299999999999999,88,true,2,9.0034022383417688e-12
3089,horizontal,1.1299999999999999,89,true,2,1.3269675097123746e-11
3090,horizontal,1.1299999999999999,90,true,2,1.2187968377531597e-11
3091,horizontal,1.1299999999999999,91,true,2,5.0175723184929727e-11
3092,horizontal,1.1299999999999999,92,true,2,1.0905193783332157e-12
3093,horizontal,1.1299999999999999,93,true,2,3.4119986285477645e-11
3094,horizontal,1.1299999999999999,94,true,2,1.7211228684637634e-11
3095,horizontal,1.1299999999999999,95,true,2,2.2584670146641743e-12
3096,horizontal,1.1299999999999999,96,true,2,2.0721800120019639e-12
3097,horizontal,1.1299999999999999,97,true,2,4.6581352284215258e-13
3098,horizontal,1.1299999999999999,98,true,2,4.0502683644200834e-12
3099,horizontal,1.1299999999999999,99,true,3,4.7181576471616861e-13
3100,horizontal,1.1299999999999999,100,true,2,5.5881879215733723e-12
3101,horizontal,1.1299999999999999,101,true,2,9.1790932319325975e-11
3102,horizontal,1.1299999999999999,102,true,2,3.0855445983719477e-13
3103,horizontal,1.1299999999999999,103,true,2,5.0460228848852158e-12
3104,horizontal,1.1299999999999999,104,true,2,4.1093024636118512e-12
3105,horizontal,1.1299999999999999,105,true,2,6.0871346366098874e-12
3106,horizontal,1.1299999999999999,106,true,2,5.6883933424767734e-13
3107,horizontal,1.1299999999999999,107,true,2,1.2369281856997176e-11
3108,horizontal,1.1299999999999999,108,true,2,4.4246094338356026e-12
3109,horizontal,1.1299999999999999,109,true,2,1.0732295002462579e-11
3110,horizontal,1.1299999999999999,110,true,2,6.0500827212701961e-12
3111,horizontal,1.1299999999999999,111,true,2,3.7718376189630599e-11
3112,horizontal,1.1299999999999999,112,true,2,2.4820945590539617e-12
3113,horizontal,1.1299999999999999,113,true,1,6.7767176351878381e-11
3114,horizontal,1.1299999999999999,114,true,2,1.3656284036275535e-12
3115,horizontal,1.1299999999999999,115,true,2,2.6097434739678479e-11
3116,horizontal,1.1299999999999999,116,true,2,5.8111645970594673e-12
3117,horizontal,1.1299999999999999,117,true,2,5.1801221014258382e-13
3118,horizontal,1.1299999999999999,118,true,2,4.6366828535833372e-11
3119,horizontal,1.1299999999999999,119,true,2,1.2359444734659755e-11
3120,horizontal,1.1299999999999999,120,true,2,8.2293467401110616e-13
3121,horizontal,1.1299999999999999,121,true,2,3.1244033823977467e-12
3122,horizontal,1.1299999999999999,122,true,2,8.1958957725497139e-13
3123,horizontal,1.1299999999999999,123,true,2,2.6924850283997442e-12
3124,horizontal,1.1299999999999999,124,true,2,3.2064588459436549e-11
3125,horizontal,1.1299999999999999,125,true,2,9.1155144515389808e-13
3126,horizontal,1.1299999999999999,126,true,2,1.743460250731984e-13
3127,horizontal,1.1299999999999999,127,true,2,2.0690945615201821e-13
3128,horizontal,1.1299999999999999,128,true,2,5.4548240538096343e-12
3129,horizontal,1.1299999999999999,129,true,2,1.0517222901773058e-12
3130,horizontal,1.1299999999999999,130,true,2,7.9363394505825151e-12
3131,horizontal,1.1299999999999999,131,true,2,1.7392607458376482e-11
3132,horizontal,1.1299999999999999,132,true,2,1.386317896561018e-11
3133,horizontal,1.1299999999999999,133,true,2,1.4236893513867061e-12
3134,horizontal,1.1299999999999999,134,true,2,3.4261868538274323e-12
3135,horizontal,1.1299999999999999,135,true,2,6.3432656233108883e-11
3136,horizontal,1.1299999999999999,136,true,2,3.5829032587908356e-12
3137,horizontal,1.1299999999999999,137,true,2,6.3140276940920162e-11
3138,horizontal,1.1299999999999999,138,true,2,7.3971735052205744e-12
3139,horizontal,1.1299999999999999,139,true,2,1.6089769426335759e-12
3140,horizontal,1.1299999999999999,140,true,2,1.7408550993246237e-11
3141,horizontal,1.1299999999999999,141,true,2,8.3415818282287686e-12
3142,horizontal,1.1299999999999999,142,true,2,3.4896391691283279e-11
3143,horizontal,1.1299999999999999,143,true,2,9.2828413427368045e-12
3144,horizontal,1.1299999999999999,144,true,2,2.711687130505027e-11
3145,horizontal,1.1299999999999999,145,true,2,1.7048124653480451e-12
3146,horizontal,1.1299999999999999,146,true,2,6.8171096709099864e-11
3147,horizontal,1.1299999999999999,147,true,2,4.0603193736719182e-12
3148,horizontal,1.1299999999999999,148,true,2,2.274817175108778e-11
3149,horizontal,1.1299999999999999,149,true,2,8.8568158116644458e-13
3150,horizontal,1.1299999999999999,150,true,2,8.0556443193365038e-12
3151,horizontal,1.1299999999999999,151,true,3,4.5885636232876084e-13
3152,horizontal,1.1299999999999999,152,true,2,1.1102502792531538e-11
3153,horizontal,1.1299999999999999,153,true,2,1.473472203599344e-12
3154,horizontal,1.1299999999999999,154,true,2,4.6431230525423132e-12
3155,horizontal,1.1299999999999999,155,true,2,3.4651544157907787e-12
3156,horizontal,1.1299999999999999,156,true,2,2.3482720723655493e-12
3157,horizontal,1.1299999999999999,157,true,2,1.207405291117377e-12
3158,horizontal,1.1299999999999999,158,true,2,3.3332152504949029e-11
3159,horizontal,1.1299999999999999,159,true,2,2.0702722464196827e-12
3160,horizontal,1.1299999999999999,160,true,3,1.1681002434746292e-12
3161,horizontal,1.1299999999999999,161,true,2,2.5997430465346309e-11
3162,horizontal,1.1299999999999999,162,true,2,4.3015637726973492e-12
3163,horizontal,1.1299999999999999,163,true,2,1.4608927455651419e-11
3164,horizontal,1.1299999999999999,164,true,2,1.2646272028371361e-11
3165,horizontal,1.1299999999999999,165,true,2,1.2894500386244918e-12
3166,horizontal,1.1299999999999999,166,true,2,2.8936112896729406e-12
3167,horizontal,1.1299999999999999,167,true,3,2.0915843719104271e-13
3168,horizontal,1.1299999999999999,168,true,2,2.0917822101109928e-11
3169,horizontal,1.1299999999999999,169,true,2,2.6617924509933287e-12
3170,horizontal,1.1299999999999999,170,true,2,1.0877851151456378e-12
3171,horizontal,1.1299999999999999,171,true,2,7.9260405604911708e-13
3172,horizontal,1.1299999999999999,172,true,2,9.9831791765009707e-12
3173,horizontal,1.1299999999999999,173,true,2,1.7829281782886971e-11
3174,horizontal,1.1299999999999999,174,true,2,4.2500944914874912e-11
3175,horizontal,1.1299999999999999,175,true,2,4.1363182670673156e-13
3176,horizontal,1.1299999999999999,176,true,2,7.1667173314279738e-11
3177,horizontal,1.1299999999999999,177,true,2,7.8464220911931935e-11
3178,horizontal,1.1299999999999999,178,true,2,6.0993875216577413e-13
3179,horizontal,1.1299999999999999,179,true,2,5.3914845095858715e-12
3180,horizontal,1.1299999999999999,180,true,2,7.5093962790277954e-13
3181,horizontal,1.1299999999999999,181,true,2,1.1674059751588935e-12
3182,horizontal,1.1299999999999999,182,true,2,5.6983493267466644e-12
3183,horizontal,1.1299999999999999,183,true,2,6.6781207662367764e-11
3184,horizontal,1.1299999999999999,184,true,2,2.2983157515245426e-12
3185,horizontal,1.1299999999999999,185,true,3,7.5361935907100679e-13
3186,horizontal,1.1299999999999999,186,true,2,1.1383469119030173e-12
3187,horizontal,1.1299999999999999,187,true,2,4.2045203049056359e-12
3188,horizontal,1.1299999999999999,188,true,2,1.0073743924315965e-13
3189,horizontal,1.1299999999999999,189,true,2,1.4630813935140093e-11
3190,horizontal,1.1299999999999999,190,true,2,8.0312194994439273e-13
3191,horizontal,1.1299999999999999,191,true,2,9.9957928486444127e-13
3192,horizontal,1.1299999999999999,192,true,2,5.8144782785227195e-11
3193,horizontal,1.1299999999999999,193,true,2,4.3359983327151668e-12
3194,horizontal,1.1299999999999999,194,true,2,7.3204170665769632e-12
3195,horizontal,1.1299999999999999,195,true,2,4.0225470896422936e-12
3196,horizontal,1.1299999999999999,196,true,2,4.3083073693496592e-11
3197,horizontal,1.1299999999999999,197,true,2,1.1791712448346923e-12
3198,horizontal,1.1299999999999999,198,true,3,8.3174829184542965e-13
3199,horizontal,1.1299999999999999,199,true,2,6.0948129426857462e-11
3200,horizontal,1.1299999999999999,200,true,2,6.2700084246359686e-13
3201,horizontal,1.1299999999999999,201,true,2,2.9920828717766706e-12
3202,horizontal,1.1299999999999999,202,true,2,1.2614129449772456e-11
3203,horizontal,1.1299999999999999,203,true,2,2.4053833397377658e-12
3204,horizontal,1.1299999999999999,204,true,2,1.1794932996671522e-12
3205,horizontal,1.1299999999999999,205,true,2,7.9303754950579212e-13
3206,horizontal,1.1299999999999999,206,true,2,1.5388551346534912e-12
3207,horizontal,1.1299999999999999,207,true,2,3.3730380285503333e-13
3208,horizontal,1.1299999999999999,208,true,2,2.6311673327284143e-11
3209,horizontal,1.1299999999999999,209,true,3,2.2791162125988722e-12
3210,horizontal,1.1299999999999999,210,true,1,7.2502967369512277e-11
3211,horizontal,1.1299999999999999,211,true,2,4.4850141393186277e-12
3212,horizontal,1.1299999999999999,212,true,3,5.5967091519335117e-13
3213,horizontal,1.1299999999999999,213,true,2,4.1215480641172617e-12
3214,horizontal,1.1299999999999999,214,true,2,3.6929854322604816e-11
3215,horizontal,1.1299999999999999,215,true,2,5.790764229614116e-11
3216,horizontal,1.1299999999999999,216,true,2,8.6246042610964036e-12
3217,horizontal,1.1299999999999999,217,true,2,1.1053351248582606e-11
3218,horizontal,1.1299999999999999,218,true,2,3.0171503115523154e-13
3219,horizontal,1.1299999999999999,219,true,2,4.9331598750333517e-12
3220,horizontal,1.1299999999999999,220,true,2,2.8672817159601991e-12
3221,horizontal,1.1299999999999999,221,true,2,1.3816124424528305e-11
3222,horizontal,1.1299999999999999,222,true,2,1.1109618107220245e-12
3223,horizontal,1.1299999999999999,223,true,2,6.9094395317430742e-11
3224,horizontal,1.1299999999999999,224,true,2,1.1174821255505937e-11
3225,horizontal,1.1299999999999999,225,true,2,2.3993873514414168e-11
3226,horizontal,1.1299999999999999,226,true,2,6.0787295813377141e-12
3227,horizontal,1.1299999999999999,227,true,2,2.8566983789423166e-12
3228,horizontal,1.1299999999999999,228,true,2,7.4965810085660568e-12
3229,horizontal,1.1299999999999999,229,true,2,2.0319956417684903e-11
3230,horizontal,1.1299999999999999,230,true,2,2.7600366160270737e-11
3231,horizontal,1.1299999999999999,231,true,2,2.4792991402912529e-11
3232,horizontal,1.1299999999999999,232,true,2,4.2991405232399847e-12
3233,horizontal,1.1299999999999999,233,true,2,6.1911789783310811e-12
3234,horizontal,1.1299999999999999,234,true,2,5.3185216183201491e-11
3235,horizontal,1.1299999999999999,235,true,2,2.3840245049958576e-11
3236,horizontal,1.1299999999999999,236,true,1,8.5871128397289266e-11
3237,horizontal,1.1299999999999999,237,true,2,6.0202712252108677e-12
3238,horizontal,1.1299999999999999,238,true,3,1.1522267986289138e-12
3239,horizontal,1.1299999999999999,239,true,2,1.9498383344606044e-12
3240,horizontal,1.1299999999999999,240,true,2,1.1518497590206375e-11
3241,horizontal,1.1299999999999999,241,true,2,7.0936339770198852e-12
3242,horizontal,1.1299999999999999,242,true,2,2.8201614919381302e-11
3243,horizontal,1.1299999999999999,243,true,3,1.1475230787150766e-12
3244,horizontal,1.1299999999999999,244,true,2,1.7586311049166075e-12
3245,horizontal,1.1299999999999999,245,true,2,3.8524139936142327e-11
3246,horizontal,1.1299999999999999,246,true,2,6.9805191915525704e-13
3247,horizontal,1.1299999999999999,247,true,2,6.6292122607289807e-12
3248,horizontal,1.1299999999999999,248,true,2,5.7372014177989164e-12
3249,horizontal,1.1299999999999999,249,true,2,2.3982292820204611e-12
3250,horizontal,1.1299999999999999,250,true,2,4.9000449131930895e-12
3251,horizontal,1.1299999999999999,251,true,2,2.9371319494679095e-12
3252,horizontal,1.1299999999999999,252,true,2,3.5417335032809878e-11
3253,horizontal,1.1299999999999999,253,true,2,7.2501117917797034e-11
3254,horizontal,1.1299999999999999,254,true,2,3.3470926844777857e-12
3255,horizontal,1.1299999999999999,255,true,2,5.5744729616030227e-12
3256,horizontal,1.1299999999999999,256,true,3,1.8285675827361045e-12
3257,horizontal,1.1299999999999999,257,true,2,2.8589504474220512e-11
3258,horizontal,1.1299999999999999,258,true,2,1.6266337511103886e-12
3259,horizontal,1.1299999999999999,259,true,2,7.8311763982451776e-12
3260,horizontal,1.1299999999999999,260,true,2,6.908843671970477e-11
3261,horizontal,1.1299999999999999,261,true,2,2.854141893878679e-11
3262,horizontal,1.1299999999999999,262,true,2,2.9470787398741597e-13
3263,horizontal,1.1299999999999999,263,true,2,1.5351711212844176e-11
3264,horizontal,1.1299999999999999,264,true,3,1.2180582047488514e-13
3265,horizontal,1.1299999999999999,265,true,2,1.7248920966076353e-11
3266,horizontal,1.1299999999999999,266,true,2,1.2894921209734592e-11
3267,horizontal,1.1299999999999999,267,true,2,5.4729935348774712e-12
3268,horizontal,1.1299999999999999,268,true,2,4.2648987243712381e-13
3269,horizontal,1.1299999999999999,269,true,2,4.3978942268409526e-12
3270,horizontal,1.1299999999999999,270,true,2,2.2706343689310973e-13
3271,horizontal,1.1299999999999999,271,true,2,7.1169709424332016e-13
3272,horizontal,1.1299999999999999,272,true,2,4.1521728314942257e-11
3273,horizontal,1.1299999999999999,273,true,2,1.556176731516862e-11
3274,horizontal,1.1299999999999999,274,true,2,2.5352037023651885e-12
3275,horizontal,1.1299999999999999,275,true,2,3.3494229058764627e-11
3276,horizontal,1.1299999999999999,276,true,2,4.0669549088998887e-11
3277,horizontal,1.1299999999999999,277,true,2,2.709088246456206e-11
3278,horizontal,1.1299999999999999,278,true,3,1.1470937093957946e-12
3279,horizontal,1.1299999999999999,279,true,2,1.3663774943476185e-12
3280,horizontal,1.1299999999999999,280,true,2,6.3777704711880305e-13
3281,horizontal,1.1299999999999999,281,true,2,3.6649312642782894e-11
3282,horizontal,1.1299999999999999,282,true,2,9.8505775201854647e-12
3283,horizontal,1.1299999999999999,283,true,2,6.3604714861640168e-11
3284,horizontal,1.1299999999999999,284,true,2,1.0406420523616863e-12
3285,horizontal,1.1299999999999999,285,true,2,2.7809381388012489e-11
3286,horizontal,1.1299999999999999,286,true,2,2.3126693757461897e-12
3287,horizontal,1.1299999999999999,287,true,2,2.7806073638289738e-12
3288,horizontal,1.1299999999999999,288,true,2,9.2809142344542102e-13
3289,horizontal,1.1299999999999999,289,true,2,3.6853062739434945e-11
3290,horizontal,1.1299999999999999,290,true,2,1.04767551395742e-12
3291,horizontal,1.1299999999999999,291,true,2,3.0224495031021758e-11
3292,horizontal,1.1299999999999999,292,true,2,2.0095374868239962e-13
3293,horizontal,1.1299999999999999,293,true,2,6.1598162023497682e-12
3294,horizontal,1.1299999999999999,294,true,3,9.0169761875635958e-13
3295,horizontal,1.1299999999999999,295,true,2,7.8448556012935946e-11
3296,horizontal,1.1299999999999999,296,true,2,7.0462283209953911e-11
3297,horizontal,1.1299999999999999,297,true,2,1.5200679331997922e-11
3298,horizontal,1.1299999999999999,298,true,2,1.0234927659489642e-11
3299,horizontal,1.1299999999999999,299,true,2,6.3433884349855097e-11
3300,horizontal,1.1299999999999999,300,true,3,4.8762250212888736e-13
3301,horizontal,1.1299999999999999,301,true,2,2.9522296159010492e-12
3302,horizontal,1.1299999999999999,302,true,2,1.1098652031180004e-11
3303,horizontal,1.1299999999999999,303,true,2,1.3051291812758803e-11
3304,horizontal,1.1299999999999999,304,true,2,2.814180686822109e-11
3305,horizontal,1.1299999999999999,305,true,2,1.4654602999346812e-11
3306,horizontal,1.1299999999999999,306,true,2,2.6707926373986571e-11
3307,horizontal,1.1299999999999999,307,true,2,1.0502557433541735e-12
3308,horizontal,1.1299999999999999,308,true,2,2.2378401473772509e-11
3309,horizontal,1.1299999999999999,309,true,2,1.0543998958560574e-11
3310,horizontal,1.1299999999999999,310,true,2,6.0871336579880129e-13
3311,horizontal,1.1299999999999999,311,true,2,1.836467870502144e-13
3312,horizontal,1.1299999999999999,312,true,2,8.5070001141060031e-13
3313,horizontal,1.1299999999999999,313,true,2,7.1555724402892059e-12
3314,horizontal,1.1299999999999999,314,true,2,3.6783511241083404e-11
3315,horizontal,1.1299999999999999,315,true,2,9.0501299865761248e-12
3316,horizontal,1.1299999999999999,316,true,2,7.997705693057706e-12
3317,horizontal,1.1299999999999999,317,true,2,6.5938443574731804e-12
3318,horizontal,1.1299999999999999,318,true,2,1.357087455251455e-11
3319,horizontal,1.1299999999999999,319,true,2,3.5138896456021735e-11
3320,horizontal,1.1299999999999999,320,true,2,5.2649801795092101e-12
3321,horizontal,1.1299999999999999,321,true,2,9.0623700014061912e-12
3322,horizontal,1.1299999999999999,322,true,2,3.9261394260740081e-12
3323,horizontal,1.1299999999999999,323,true,2,8.2144707782251674e-12
3324,horizontal,1.1299999999999999,324,true,2,1.682471665704617e-11
3325,horizontal,1.1299999999999999,325,true,2,1.3541764160535904e-11
3326,horizontal,1.1299999999999999,326,true,2,2.0700571995509344e-11
3327,horizontal,1.1299999999999999,327,true,2,7.7482698069013986e-11
3328,horizontal,1.1299999999999999,328,true,2,1.8926861566646967e-11
3329,horizontal,1.1299999999999999,329,true,2,3.265834467521408e-11
3330,horizontal,1.1299999999999999,330,true,2,7.9350288899275672e-12
3331,horizontal,1.1299999999999999,331,true,2,5.4703027687455172e-12
3332,horizontal,1.1299999999999999,332,true,1,3.2938687574532243e-11
3333,horizontal,1.1299999999999999,333,true,2,3.3232900003457507e-12
3334,horizontal,1.1299999999999999,334,true,2,8.4128898474548201e-14
3335,horizontal,1.1299999999999999,335,true,2,1.5766503875941921e-12
3336,horizontal,1.1299999999999999,336,true,2,2.8337455552988699e-11
3337,horizontal,1.1299999999999999,337,true,2,1.0897430956379339e-11
3338,horizontal,1.1299999999999999,338,true,2,1.5878746594430879e-11
3339,horizontal,1.1299999999999999,339,true,2,7.2368034415787204e-13
3340,horizontal,1.1299999999999999,340,true,2,2.8612912180899427e-11
3341,horizontal,1.1299999999999999,341,true,2,1.4127815845312064e-11
3342,horizontal,1.1299999999999999,342,true,2,2.4282305086830251e-12
3343,horizontal,1.1299999999999999,343,true,2,7.2144119781697796e-13
3344,horizontal,1.1299999999999999,344,true,2,2.7503344662980599e-13
3345,horizontal,1.1299999999999999,345,true,2,7.120631514195529e-12
3346,horizontal,1.1299999999999999,346,true,2,7.4546802003387602e-13
3347,horizontal,1.1299999999999999,347,true,2,9.4411538478181938e-12
3348,horizontal,1.1299999999999999,348,true,2,2.8708278709819239e-12
3349,horizontal,1.1299999999999999,349,true,2,5.9753539474667746e-12
3350,horizontal,1.1299999999999999,350,true,2,3.2767041682970331e-11
3351,horizontal,1.1299999999999999,351,true,3,3.4800299444079511e-13
3352,horizontal,1.1299999999999999,352,true,2,2.5543560668583303e-11
3353,horizontal,1.1299999999999999,353,true,2,3.9653921513420093e-11
3354,horizontal,1.1299999999999999,354,true,2,5.4757010230393e-12
3355,horizontal,1.1299999999999999,355,true,2,1.0819118278701863e-12
3356,horizontal,1.1299999999999999,356,true,2,5.887293681567049e-13
3357,horizontal,1.1299999999999999,357,true,2,4.5771479997990591e-12
3358,horizontal,1.1299999999999999,358,true,2,1.0268416686250669e-11
3359,horizontal,1.1299999999999999,359,true,3,1.4214927753125473e-12
3360,horizontal,1.1299999999999999,360,true,2,1.4175132204562254e-11
3361,horizontal,1.1299999999999999,361,true,2,8.1460440364870836e-12
3362,horizontal,1.1299999999999999,362,true,2,4.4219332764853989e-12
3363,horizontal,1.1299999999999999,363,true,3,1.0444648194231911e-12
3364,horizontal,1.1299999999999999,364,true,2,3.9619836947233742e-12
3365,horizontal,1.1299999999999999,365,true,2,3.7385079048386191e-11
3366,horizontal,1.1299999999999999,366,true,2,8.2537314965477838e-11
3367,horizontal,1.1299999999999999,367,true,2,8.7159344441471694e-12
3368,horizontal,1.1299999999999999,368,true,2,9.2277534169350016e-12
3369,horizontal,1.1299999999999999,369,true,2,3.6538899963280289e-13
3370,horizontal,1.1299999999999999,370,true,2,3.2891215431083928e-11
3371,horizontal,1.1299999999999999,371,true,2,9.6788255229196642e-11
3372,horizontal,1.1299999999999999,372,true,2,2.6737571239476979e-12
3373,horizontal,1.1299999999999999,373,true,2,4.4705792936642251e-11
3374,horizontal,1.1299999999999999,374,true,1,8.9978410306170534e-11
3375,horizontal,1.1299999999999999,375,true,2,2.2639658279840433e-12
3376,horizontal,1.1299999999999999,376,true,2,1.8848648890080809e-11
3377,horizontal,1.1299999999999999,377,true,2,4.2805615397900778e-11
3378,horizontal,1.1299999999999999,378,true,2,2.8471293666911996e-12
3379,horizontal,1.1299999999999999,379,true,2,7.0934198392728871e-13
3380,horizontal,1.1299999999999999,380,true,1,4.3129230331756312e-11
3381,horizontal,1.1299999999999999,381,true,2,1.0956993796215277e-11
3382,horizontal,1.1299999999999999,382,true,2,1.0931049356827936e-11
3383,horizontal,1.1299999999999999,383,true,2,7.9612674365024325e-11
3384,horizontal,1.1299999999999999,384,true,2,1.1587771192217129e-12
3385,horizontal,1.1299999999999999,385,true,2,3.9381490246372732e-12
3386,horizontal,1.1299999999999999,386,true,2,4.5195455966953927e-13
3387,horizontal,1.1299999999999999,387,true,2,6.9979977150749498e-11
3388,horizontal,1.1299999999999999,388,true,2,2.635400492979574e-13
3389,horizontal,1.1299999999999999,389,true,2,2.5878418408437559e-12
3390,horizontal,1.1299999999999999,390,true,2,3.0692860230475514e-11
3391,horizontal,1.1299999999999999,391,true,2,2.9175982730249065e-11
3392,horizontal,1.1299999999999999,392,true,2,7.6772521591887712e-12
3393,horizontal,1.1299999999999999,393,true,2,4.3119030267226876e-12
3394,horizontal,1.1299999999999999,394,true,2,1.0747502484182356e-12
3395,horizontal,1.1299999999999999,395,true,2,1.4975556276841234e-11
3396,horizontal,1.1299999999999999,396,true,2,4.7596329970669182e-12
3397,horizontal,1.1299999999999999,397,true,2,7.6412918175998962e-14
3398,horizontal,1.1299999999999999,398,true,2,5.8881169758933191e-12
3399,horizontal,1.1299999999999999,399,true,2,1.5579258772527149e-11
3400,horizontal,1.1299999999999999,400,true,2,4.5395455546400222e-13
3401,horizontal,1.1299999999999999,401,true,2,2.022826831687569e-12
3402,horizontal,1.1299999999999999,402,true,2,4.729203926677917e-11
3403,horizontal,1.1299999999999999,403,true,2,2.2986315222500768e-12
3404,horizontal,1.1299999999999999,404,true,2,4.3101209196483074e-13
3405,horizontal,1.1299999999999999,405,true,2,8.7316611244452971e-13
3406,horizontal,1.1299999999999999,406,true,2,3.6340599455101264e-11
3407,horizontal,1.1299999999999999,407,true,2,3.40451056991942e-11
3408,horizontal,1.1299999999999999,408,true,2,9.0148167011120376e-12
3409,horizontal,1.1299999999999999,409,true,2,5.4879061602596956e-12
3410,horizontal,1.1299999999999999,410,true,2,8.5542910457033899e-13
3411,horizontal,1.1299999999999999,411,true,2,2.2892146338822827e-12
3412,horizontal,1.1299999999999999,412,true,2,1.080406356636833e-11
3413,horizontal,1.1299999999999999,413,true,2,1.370516193555154e-13
3414,horizontal,1.1299999999999999,414,true,2,2.9818596734084915e-11
3415,horizontal,1.1299999999999999,415,true,2,2.7511768901864865e-13
3416,horizontal,1.1299999999999999,416,true,2,9.0404206669151918e-14
3417,horizontal,1.1299999999999999,417,true,2,4.8004828962471887e-11
3418,horizontal,1.1299999999999999,418,true,2,2.1841454726392892e-11
3419,horizontal,1.1299999999999999,419,true,2,4.8519501976383658e-11
3420,horizontal,1.1299999999999999,420,true,3,1.438902561436818e-12
3421,horizontal,1.1299999999999999,421,true,2,5.8933055767086994e-12
3422,horizontal,1.1299999999999999,422,true,3,6.1321027377939396e-13
3423,horizontal,1.1299999999999999,423,true,2,2.0629877581771635e-11
3424,horizontal,1.1299999999999999,424,true,2,2.3679385184020488e-12
3425,horizontal,1.1299999999999999,425,true,2,7.8439787976459457e-11
3426,horizontal,1.1299999999999999,426,true,2,8.0331354663816062e-11
3427,horizontal,1.1299999999999999,427,true,2,2.7272064476298574e-11
3428,horizontal,1.1299999999999999,428,true,2,1.2199793937518337e-11
3429,horizontal,1.1299999999999999,429,true,2,2.2285783778329807e-11
3430,horizontal,1.1299999999999999,430,true,2,1.4533438760694576e-11
3431,horizontal,1.1299999999999999,431,true,2,4.8493728793266726e-13
3432,horizontal,1.1299999999999999,432,true,2,2.2698615954102467e-11
3433,horizontal,1.1299999999999999,433,true,2,1.792077410820997e-11
3434,horizontal,1.1299999999999999,434,true,2,4.4422328902639246e-11
3435,horizontal,1.1299999999999999,435,true,2,2.1200319347200953e-12
3436,horizontal,1.1299999999999999,436,true,2,7.4320797232648938e-11
3437,horizontal,1.1299999999999999,437,true,2,1.2630667164559399e-12
3438,horizontal,1.1299999999999999,438,true,2,2.1518424078175927e-12
3439,horizontal,1.1299999999999999,439,true,2,5.819403478442473e-11
3440,horizontal,1.1299999999999999,440,true,2,2.1627392572679915e-11
3441,horizontal,1.1299999999999999,441,true,2,8.3214199055065872e-12
3442,horizontal,1.1299999999999999,442,true,2,1.1253365621457311e-11
3443,horizontal,1.1299999999999999,443,true,2,2.6673519760864214e-11
3444,horizontal,1.1299999999999999,444,true,2,1.8102048071833958e-11
3445,horizontal,1.1299999999999999,445,true,2,2.1370833877604322e-12
3446,horizontal,1.1299999999999999,446,true,2,3.2092490485948586e-12
3447,horizontal,1.1299999999999999,447,true,2,2.9060182857428038e-13
3448,horizontal,1.1299999999999999,448,true,2,5.0392450124165127e-11
3449,horizontal,1.1299999999999999,449,true,2,1.1299759849028701e-12
3450,horizontal,1.1299999999999999,450,true,2,1.1608546696990861e-11
3451,horizontal,1.1299999999999999,451,true,2,8.5026558828160848e-13
3452,horizontal,1.1299999999999999,452,true,2,1.3881156095836177e-12
3453,horizontal,1.1299999999999999,453,true,2,3.1869890843780445e-12
3454,horizontal,1.1299999999999999,454,true,2,4.920809401257718e-12
3455,horizontal,1.1299999999999999,455,true,2,9.6448166483596833e-12
3456,horizontal,1.1299999999999999,456,true,2,1.2273470526832935e-12
3457,horizontal,1.1299999999999999,457,true,2,1.5832966263015301e-12
3458,horizontal,1.1299999999999999,458,true,2,2.9733818403305029e-12
3459,horizontal,1.1299999999999999,459,true,2,3.3688298715699513e-13
3460,horizontal,1.1299999999999999,460,true,2,2.0137394755258715e-13
3461,horizontal,1.1299999999999999,461,true,2,1.6014070472213716e-11
3462,horizontal,1.1299999999999999,462,true,2,5.5428220428547355e-12
3463,horizontal,1.1299999999999999,463,true,2,3.2304282635016802e-11
3464,horizontal,1.1299999999999999,464,true,3,2.4171301487498868e-13
3465,horizontal,1.1299999999999999,465,true,2,4.3197217021367823e-12
3466,horizontal,1.1299999999999999,466,true,2,2.1470778031901631e-12
3467,horizontal,1.1299999999999999,467,true,2,5.1990529551451876e-12
3468,horizontal,1.1299999999999999,468,true,2,2.5050767218150632e-12
3469,horizontal,1.1299999999999999,469,true,2,5.9413367805866226e-11
3470,horizontal,1.1299999999999999,470,true,2,2.3192521722729163e-11
3471,horizontal,1.1299999999999999,471,true,2,2.9480227840441781e-12
3472,horizontal,1.1299999999999999,472,true,2,1.5279364446298825e-12
3473,horizontal,1.1299999999999999,473,true,2,1.3220549614850668e-12
3474,horizontal,1.1299999999999999,474,true,3,4.0267161358374909e-13
3475,horizontal,1.1299999999999999,475,true,2,6.7193713032696329e-13
3476,horizontal,1.1299999999999999,476,true,2,2.465546575103788e-13
3477,horizontal,1.1299999999999999,477,true,2,5.7866600127749268e-11
3478,horizontal,1.1299999999999999,478,true,2,1.5016524863498297e-11
3479,horizontal,1.1299999999999999,479,true,2,3.1976216612244731e-11
3480,horizontal,1.1299999999999999,480,true,2,1.3815558232301581e-11
3481,horizontal,1.1299999999999999,481,true,2,3.5577710870352407e-12
3482,horizontal,1.1299999999999999,482,true,3,2.2788632910586142e-13
3483,horizontal,1.1299999999999999,483,true,2,1.5064441641561999e-11
3484,horizontal,1.1299999999999999,484,true,3,8.3656815372268846e-13
3485,horizontal,1.1299999999999999,485,true,2,1.6958125320230455e-11
3486,horizontal,1.1299999999999999,486,true,2,9.5543086482855421e-13
3487,horizontal,1.1299999999999999,487,true,2,4.430551298121334e-11
3488,horizontal,1.1299999999999999,488,true,2,2.1655597469042062e-11
3489,horizontal,1.1299999999999999,489,true,2,7.1115964877170514e-12
3490,horizontal,1.1299999999999999,490,true,3,2.6034340835345602e-12
3491,horizontal,1.1299999999999999,491,true,3,1.8897045507420384e-13
3492,horizontal,1.1299999999999999,492,true,2,1.3747897668988743e-11
3493,horizontal,1.1299999999999999,493,true,2,2.142851092380685e-11
3494,horizontal,1.1299999999999999,494,true,2,5.8918491186827262e-11
3495,horizontal,1.1299999999999999,495,true,2,8.1355877243491708e-12
3496,horizontal,1.1299999999999999,496,true,2,1.9192648530208624e-11
3497,horizontal,1.1299999999999999,497,true,2,2.7661274977418222e-12
3498,horizontal,1.1299999999999999,498,true,2,2.040385952197354e-12
3499,horizontal,1.1299999999999999,499,true,2,2.8823378962790262e-11
3500,horizontal,1.1299999999999999,500,true,2,2.8153033897738039e-12
3501,horizontal,1.1299999999999999,501,true,2,5.5013824818128188e-13
3502,horizontal,1.1299999999999999,502,true,2,1.266697582704661e-12
3503,horizontal,1.1299999999999999,503,true,2,9.4408729843225336e-13
3504,horizontal,1.1299999999999999,504,true,2,2.344315563672523e-12
3505,horizontal,1.1299999999999999,505,true,2,3.1445970243050103e-11
3506,horizontal,1.1299999999999999,506,true,2,7.5718143243005161e-12
3507,horizontal,1.1299999999999999,507,true,2,2.5621297779544548e-11
3508,horizontal,1.1299999999999999,508,true,2,5.4289832718705912e-12
3509,horizontal,1.1299999999999999,509,true,2,3.1826201967412841e-13
3510,horizontal,1.1299999999999999,510,true,2,1.3983135172787167e-11
3511,horizontal,1.1299999999999999,511,true,2,5.289738066468843e-12
3512,horizontal,1.1299999999999999,512,true,2,2.9435896249382248e-13
3513,horizontal,1.1299999999999999,513,true,2,1.5273002902404131e-13
3514,horizontal,1.1299999999999999,514,true,2,1.3600339180273021e-12
3515,horizontal,1.1299999999999999,515,true,2,4.0289120495865737e-12
3516,horizontal,1.1299999999999999,516,true,2,1.2003916525669517e-13
3517,horizontal,1.1299999999999999,517,true,2,4.3565506496790533e-13
3518,horizontal,1.1299999999999999,518,true,2,3.0264139820215599e-12
3519,horizontal,1.1299999999999999,519,true,2,7.4376886805542787e-11
3520,horizontal,1.1299999999999999,520,true,2,9.8113912106921331e-12
3521,horizontal,1.1299999999999999,521,true,2,1.008331418391685e-11
3522,horizontal,1.1299999999999999,522,true,2,5.7818586211767431e-11
3523,horizontal,1.1299999999999999,523,true,2,5.7618918115941376e-11
3524,horizontal,1.1299999999999999,524,true,2,2.9058477264970746e-12
3525,horizontal,1.1299999999999999,525,true,2,3.3090502391777998e-12
3526,horizontal,1.1299999999999999,526,true,2,5.0814650179569449e-12
3527,horizontal,1.1299999999999999,527,true,2,2.8941504389051593e-12
3528,horizontal,1.1299999999999999,528,true,2,5.8917505725131034e-12
3529,horizontal,1.1299999999999999,529,true,2,4.5517213064326503e-13
3530,horizontal,1.1299999999999999,530,true,2,6.7997921915364894e-13
3531,horizontal,1.1299999999999999,531,true,2,7.5563029370712358e-12
3532,horizontal,1.1299999999999999,532,true,2,1.6901522106951494e-11
3533,horizontal,1.1299999999999999,533,true,2,6.6349424361382993e-12
3534,horizontal,1.1299999999999999,534,true,2,1.0821913796270052e-12
3535,horizontal,1.1299999999999999,535,true,2,8.5661624905227693e-12
3536,horizontal,1.1299999999999999,536,true,2,1.4404285561815287e-11
3537,horizontal,1.1299999999999999,537,true,2,3.7109534710363384e-12
3538,horizontal,1.1299999999999999,538,true,2,1.0200867993472879e-11
3539,horizontal,1.1299999999999999,539,true,2,1.1843988996852407e-12
3540,horizontal,1.1299999999999999,540,true,2,1.6131909735602631e-12
3541,horizontal,1.1299999999999999,541,true,2,3.5358931713429699e-12
3542,horizontal,1.1299999999999999,542,true,2,2.8108721698396852e-11
3543,horizontal,1.1299999999999999,543,true,2,1.754681244667324e-12
3544,horizontal,1.1299999999999999,544,true,2,7.021286861204159e-12
3545,horizontal,1.1299999999999999,545,true,2,1.8554623118188361e-12
3546,horizontal,1.1299999999999999,546,true,2,9.4770626504183461e-13
3547,horizontal,1.1299999999999999,547,true,2,1.4358556783701917e-11
3548,horizontal,1.1299999999999999,548,true,2,5.4895747030402325e-11
3549,horizontal,1.1299999999999999,549,true,2,2.2447777581506076e-12
3550,horizontal,1.1299999999999999,550,true,2,6.7027621758640213e-13
3551,horizontal,1.1299999999999999,551,true,2,9.5938458554684502e-11
3552,horizontal,1.1299999999999999,552,true,2,1.4299794769317992e-11
3553,horizontal,1.1299999999999999,553,true,2,4.7514208159404042e-11
3554,horizontal,1.1299999999999999,554,true,2,7.8895290461522669e-12
3555,horizontal,1.1299999999999999,555,true,2,3.0325921386088655e-11
3556,horizontal,1.1299999999999999,556,true,2,3.3876148114323782e-11
3557,horizontal,1.1299999999999999,557,true,2,5.9067129709243165e-11
3558,horizontal,1.1299999999999999,558,true,2,6.42496283095295e-12
3559,horizontal,1.1299999999999999,559,true,2,1.8335424662737119e-11
3560,horizontal,1.1299999999999999,560,true,2,7.1202122652406664e-12
3561,horizontal,1.1299999999999999,561,true,2,3.4873860086991202e-11
3562,horizontal,1.1299999999999999,562,true,3,3.2959218767417682e-13
3563,horizontal,1.1299999999999999,563,true,2,4.7369427457641318e-11
3564,horizontal,1.1299999999999999,564,true,2,7.0162724472421206e-12
3565,horizontal,1.1299999999999999,565,true,2,1.7883783333974547e-12
3566,horizontal,1.1299999999999999,566,true,2,6.3627131252395615e-13
3567,horizontal,1.1299999999999999,567,true,2,1.3101360130081531e-12
3568,horizontal,1.1299999999999999,568,true,2,9.2431289940546864e-12
3569,horizontal,1.1299999999999999,569,true,3,4.9611402891746205e-13
3570,horizontal,1.1299999999999999,570,true,2,8.5698175987262717e-12
3571,horizontal,1.1299999999999999,571,true,2,7.4820864330000643e-11
3572,horizontal,1.1299999999999999,572,true,2,2.4499443165708353e-11
3573,horizontal,1.1299999999999999,573,true,2,1.9774129403101674e-11
3574,horizontal,1.1299999999999999,574,true,2,4.2021227199282012e-11
3575,horizontal,1.1299999999999999,575,true,2,4.4951365270670586e-11
3576,horizontal,1.1299999999999999,576,true,2,6.2149458144201216e-12
3577,horizontal,1.1299999999999999,577,true,3,5.7224240889294037e-13
3578,horizontal,1.1299999999999999,578,true,2,2.100540437290656e-12
3579,horizontal,1.1299999999999999,579,true,2,2.5859588104986891e-11
3580,horizontal,1.1299999999999999,580,true,2,1.1331561470537259e-11
3581,horizontal,1.1299999999999999,581,true,2,4.7887450244851662e-12
3582,horizontal,1.1299999999999999,582,true,2,2.0136998806298887e-11
3583,horizontal,1.1299999999999999,583,true,2,1.108166331806016e-12
3584,horizontal,1.1299999999999999,584,true,2,2.3742549462596342e-12
3585,horizontal,1.1299999999999999,585,true,2,4.9122371593533485e-12
3586,horizontal,1.1299999999999999,586,true,2,9.824191361678984e-13
3587,horizontal,1.1299999999999999,587,true,2,8.8647755233456983e-13
3588,horizontal,1.1299999999999999,588,true,2,2.7450814387675399e-12
3589,horizontal,1.1299999999999999,589,true,2,3.2113768514143062e-12
3590,horizontal,1.1299999999999999,590,true,2,2.2080398723929786e-11
3591,horizontal,1.1299999999999999,591,true,2,5.0075166268683871e-12
3592,horizontal,1.1299999999999999,592,true,2,6.4358769796000367e-11
3593,horizontal,1.1299999999999999,593,true,2,3.9182824666278731e-12
3594,horizontal,1.1299999999999999,594,true,2,6.7194838330568504e-12
3595,horizontal,1.1299999999999999,595,true,2,2.1095761840069091e-11
3596,horizontal,1.1299999999999999,596,true,2,9.4026682127854401e-12
3597,horizontal,1.1299999999999999,597,true,2,5.7559182140149709e-12
3598,horizontal,1.1299999999999999,598,true,2,2.8263880879374128e-11
3599,horizontal,1.1299999999999999,599,true,2,6.3646953627760096e-12
3600,horizontal,1.1299999999999999,600,true,2,9.8834219165094589e-12
3601,horizontal,3.2000000000000002,1,true,2,2.7110294069948736e-12
3602,horizontal,3.2000000000000002,2,true,3,1.6444311707358965e-11
3603,horizontal,3.2000000000000002,3,true,2,8.5166795589229449e-11
3604,horizontal,3.2000000000000002,4,true,3,8.0044958745900988e-13
3605,horizontal,3.2000000000000002,5,true,2,2.1494715526389116e-11
3606,horizontal,3.2000000000000002,6,true,3,7.7617948013826984e-12
3607,horizontal,3.2000000000000002,7,true,2,5.3574192976665855e-11
3608,horizontal,3.2000000000000002,8,true,3,4.5737279842496784e-12
3609,horizontal,3.2000000000000002,9,true,2,9.5839630646791373e-11
3610,horizontal,3.2000000000000002,10,true,2,2.9189288326469344e-11
3611,horizontal,3.2000000000000002,11,true,4,3.1165595357217147e-12
3612,horizontal,3.2000000000000002,12,true,3,3.2925480198473193e-12
3613,horizontal,3.2000000000000002,13,true,3,6.4846380866941316e-11
3614,horizontal,3.2000000000000002,14,true,3,5.731934570354519e-13
3615,horizontal,3.2000000000000002,15,true,3,1.409667165782471e-11
3616,horizontal,3.2000000000000002,16,true,3,8.0885722576596124e-11
3617,horizontal,3.2000000000000002,17,true,3,7.8682816759487554e-13
3618,horizontal,3.2000000000000002,18,true,2,2.5743665734394467e-11
3619,horizontal,3.2000000000000002,19,true,2,6.6277407859347222e-11
3620,horizontal,3.2000000000000002,20,true,3,3.9568838900188116e-12
3621,horizontal,3.2000000000000002,21,true,3,1.8052973624031004e-12
3622,horizontal,3.2000000000000002,22,true,2,1.8860064330666676e-11
3623,horizontal,3.2000000000000002,23,true,4,3.4165078908133103e-12
3624,horizontal,3.2000000000000002,24,true,3,2.5945839114025487e-11
3625,horizontal,3.2000000000000002,25,true,3,2.2534044451267786e-11
3626,horizontal,3.2000000000000002,26,true,4,2.1612246997606038e-12
3627,horizontal,3.2000000000000002,27,true,3,3.2037207490138709e-11
3628,horizontal,3.2000000000000002,28,true,3,9.8624790811788711e-11
3629,horizontal,3.2000000000000002,29,true,3,5.6744367793893487e-12
3630,horizontal,3.2000000000000002,30,true,3,1.1517308681284006e-11
3631,horizontal,3.2000000000000002,31,true,3,3.8864807438516349e-13
3632,horizontal,3.2000000000000002,32,true,4,1.6454842911835664e-12
3633,horizontal,3.2000000000000002,33,true,3,8.2424707531495828e-13
3634,horizontal,3.2000000000000002,34,true,4,4.7203242539894459e-12
3635,horizontal,3.2000000000000002,35,true,3,1.45237477125086e-11
3636,horizontal,3.2000000000000002,36,true,3,1.8113232473703015e-11
3637,horizontal,3.2000000000000002,37,true,3,5.7253503642559837e-13
3638,horizontal,3.2000000000000002,38,true,3,4.8979542310955389e-12
3639,horizontal,3.2000000000000002,39,true,3,1.8804444950575648e-11
3640,horizontal,3.2000000000000002,40,true,3,2.9073540996219474e-12
3641,horizontal,3.2000000000000002,41,true,3,7.3173220169543984e-12
3642,horizontal,3.2000000000000002,42,true,3,1.1756806807286788e-12
3643,horizontal,3.2000000000000002,43,true,3,1.7447488923821861e-11
3644,horizontal,3.2000000000000002,44,true,3,5.989446841845033e-12
3645,horizontal,3.2000000000000002,45,true,3,2.4386488757497185e-13
3646,horizontal,3.2000000000000002,46,true,3,2.2526070063097752e-11
3647,horizontal,3.2000000000000002,47,true,4,2.7845525022341027e-12
3648,horizontal,3.2000000000000002,48,true,3,2.8956491768571499e-11
3649,horizontal,3.2000000000000002,49,true,3,8.3691539924271196e-11
3650,horizontal,3.2000000000000002,50,true,3,2.42069726594661e-12
3651,horizontal,3.2000000000000002,51,true,3,2.8508880335180557e-11
3652,horizontal,3.2000000000000002,52,true,3,1.0377060162613822e-11
3653,horizontal,3.2000000000000002,53,true,3,6.3933207876666298e-12
3654,horizontal,3.2000000000000002,54,true,3,1.9984064840054331e-12
3655,horizontal,3.2000000000000002,55,true,3,1.0442593681002537e-12
3656,horizontal,3.2000000000000002,56,true,3,8.7826727886992776e-12
3657,horizontal,3.2000000000000002,57,true,3,4.7694443749136614e-12
3658,horizontal,3.2000000000000002,58,true,2,5.5051869346754629e-11
3659,horizontal,3.2000000000000002,59,true,3,7.6435980061982226e-12
3660,horizontal,3.2000000000000002,60,true,3,4.3046483098898922e-12
3661,horizontal,3.2000000000000002,61,true,2,6.2146821580648213e-11
3662,horizontal,3.2000000000000002,62,true,3,3.2940155450481997e-11
3663,horizontal,3.2000000000000002,63,true,2,5.2568805423657877e-11
3664,horizontal,3.2000000000000002,64,true,2,3.5783704769328289e-11
3665,horizontal,3.2000000000000002,65,true,3,6.7698158741665045e-11
3666,horizontal,3.2000000000000002,66,true,3,2.4943985536713215e-12
3667,horizontal,3.2000000000000002,67,true,3,9.4711974741865208e-12
3668,horizontal,3.2000000000000002,68,true,3,1.4869421612886761e-11
3669,horizontal,3.2000000000000002,69,true,3,1.76669436126358e-11
3670,horizontal,3.2000000000000002,70,true,3,1.3655319545672948e-12
3671,horizontal,3.2000000000000002,71,true,3,2.8798473782004138e-11
3672,horizontal,3.2000000000000002,72,true,3,4.1924365682921001e-11
3673,horizontal,3.2000000000000002,73,true,2,4.7801980518693999e-11
3674,horizontal,3.2000000000000002,74,true,3,6.8540381736564839e-13
3675,horizontal,3.2000000000000002,75,true,2,9.9613706557441745e-11
3676,horizontal,3.2000000000000002,76,true,3,2.7662907202043513e-12
3677,horizontal,3.2000000000000002,77,true,2,9.5778982126777744e-11
3678,horizontal,3.2000000000000002,78,true,3,8.3162742021143412e-12
3679,horizontal,3.2000000000000002,79,true,2,7.4361914896359364e-11
3680,horizontal,3.2000000000000002,80,true,3,1.9722656726549092e-11
3681,horizontal,3.2000000000000002,81,true,3,7.7211648961967065e-12
3682,horizontal,3.2000000000000002,82,true,3,4.6117697263723343e-12
3683,horizontal,3.2000000000000002,83,true,2,3.3661239710610451e-11
3684,horizontal,3.2000000000000002,84,true,3,4.9693261654361656e-13
3685,horizontal,3.2000000000000002,85,true,3,9.0985362883347467e-11
3686,horizontal,3.2000000000000002,86,true,3,1.577965212827793e-12
3687,horizontal,3.2000000000000002,87,true,3,4.6104545151573488e-11
3688,horizontal,3.2000000000000002,88,true,3,2.6811241463159526e-12
3689,horizontal,3.2000000000000002,89,true,3,2.3486179882381343e-11
3690,horizontal,3.2000000000000002,90,true,3,4.2552968917259824e-11
3691,horizontal,3.2000000000000002,91,true,3,2.2073340414080333e-11
3692,horizontal,3.2000000000000002,92,true,2,6.9690355706661688e-11
3693,horizontal,3.2000000000000002,93,true,3,1.879448456822938e-11
3694,horizontal,3.2000000000000002,94,true,3,7.316554250638228e-11
3695,horizontal,3.2000000000000002,95,true,3,4.4662652959955188e-13
3696,horizontal,3.2000000000000002,96,true,3,3.7216095908960289e-12
3697,horizontal,3.2000000000000002,97,true,2,3.0579463865247554e-11
3698,horizontal,3.2000000000000002,98,true,3,3.8330080197113191e-12
3699,horizontal,3.2000000000000002,99,true,3,9.0454861451377522e-11
3700,horizontal,3.2000000000000002,100,true,3,4.9208546445144676e-12
3701,horizontal,3.2000000000000002,101,true,3,6.5599363089096166e-11
3702,horizontal,3.2000000000000002,102,true,2,1.7717939531145471e-11
3703,horizontal,3.2000000000000002,103,true,3,1.5235633998694821e-12
3704,horizontal,3.2000000000000002,104,true,3,1.5512640876206712e-12
3705,horizontal,3.2000000000000002,105,true,3,1.4671008634237759e-12
3706,horizontal,3.2000000000000002,106,true,2,2.1515844689010094e-11
3707,horizontal,3.2000000000000002,107,true,3,7.3061925917695281e-12
3708,horizontal,3.2000000000000002,108,true,3,2.2571113992915467e-12
3709,horizontal,3.2000000000000002,109,true,3,5.3765573301392493e-11
3710,horizontal,3.2000000000000002,110,true,3,1.7098151872562197e-12
3711,horizontal,3.2000000000000002,111,true,3,3.1355946107601277e-11
3712,horizontal,3.2000000000000002,112,true,3,1.1143283505998388e-12
3713,horizontal,3.2000000000000002,113,true,2,3.7456118186062809e-12
3714,horizontal,3.2000000000000002,114,true,2,8.7735374735608104e-11
3715,horizontal,3.2000000000000002,115,true,3,1.9864792847763493e-11
3716,horizontal,3.2000000000000002,116,true,3,2.935357067267632e-12
3717,horizontal,3.2000000000000002,117,true,2,2.4835063603449762e-11
3718,horizontal,3.2000000000000002,118,true,3,3.520269837393084e-11
3719,horizontal,3.2000000000000002,119,true,3,3.2040548886807905e-12
3720,horizontal,3.2000000000000002,120,true,2,4.854048603707314e-11
3721,horizontal,3.2000000000000002,121,true,3,8.9149069865074641e-13
3722,horizontal,3.2000000000000002,122,true,2,4.9686875790557996e-11
3723,horizontal,3.2000000000000002,123,true,3,4.0411775177261969e-13
3724,horizontal,3.2000000000000002,124,true,3,1.8315696674790112e-11
3725,horizontal,3.2000000000000002,125,true,2,6.3377093920276108e-11
3726,horizontal,3.2000000000000002,126,true,2,9.1124721687059079e-12
3727,horizontal,3.2000000000000002,127,true,2,2.1934847627733929e-12
3728,horizontal,3.2000000000000002,128,true,3,4.6605442161652186e-13
3729,horizontal,3.2000000000000002,129,true,2,6.9937778547642773e-11
3730,horizontal,3.2000000000000002,130,true,3,1.0135582810952904e-12
3731,horizontal,3.2000000000000002,131,true,3,7.2125513491049174e-12
3732,horizontal,3.2000000000000002,132,true,3,3.4579795648928808e-12
3733,horizontal,3.2000000000000002,133,true,2,7.6657643308074113e-11
3734,horizontal,3.2000000000000002,134,true,3,2.115086353067039e-12
3735,horizontal,3.2000000000000002,135,true,3,6.8052651750509383e-11
3736,horizontal,3.2000000000000002,136,true,3,9.6290831254862293e-13
3737,horizontal,3.2000000000000002,137,true,3,4.9386834239264465e-11
3738,horizontal,3.2000000000000002,138,true,3,8.8673471743476002e-12
3739,horizontal,3.2000000000000002,139,true,3,8.9695638566448711e-13
3740,horizontal,3.2000000000000002,140,true,3,5.8710455117449016e-12
3741,horizontal,3.2000000000000002,141,true,3,3.7518609720177157e-12
3742,horizontal,3.2000000000000002,142,true,3,1.0021848234342131e-11
3743,horizontal,3.2000000000000002,143,true,3,1.8751150081399159e-11
3744,horizontal,3.2000000000000002,144,true,3,3.7238743330871324e-12
3745,horizontal,3.2000000000000002,145,true,3,6.9915403229816517e-13
3746,horizontal,3.2000000000000002,146,true,3,7.1286561590954004e-11
3747,horizontal,3.2000000000000002,147,true,3,2.4011163310744518e-12
3748,horizontal,3.2000000000000002,148,true,3,1.6410864170123328e-11
3749,horizontal,3.2000000000000002,149,true,2,5.5663301352064914e-11
3750,horizontal,3.2000000000000002,150,true,3,4.8698480736605462e-12
3751,horizontal,3.2000000000000002,151,true,3,7.1913213857684022e-11
3752,horizontal,3.2000000000000002,152,true,3,2.1156472388878647e-12
3753,horizontal,3.2000000000000002,153,true,2,9.0955836126497812e-11
3754,horizontal,3.2000000000000002,154,true,3,2.5381805474987701e-12
3755,horizontal,3.2000000000000002,155,true,3,5.4160010830890313e-13
3756,horizontal,3.2000000000000002,156,true,3,9.6330073794070144e-13
3757,horizontal,3.2000000000000002,157,true,2,7.7866292239187071e-11
3758,horizontal,3.2000000000000002,158,true,3,1.1691703991652428e-11
3759,horizontal,3.2000000000000002,159,true,3,5.7102720717026059e-13
3760,horizontal,3.2000000000000002,160,true,4,4.0968797593654755e-12
3761,horizontal,3.2000000000000002,161,true,3,6.4654715733639915e-12
3762,horizontal,3.2000000000000002,162,true,3,5.3483010909923807e-12
3763,horizontal,3.2000000000000002,163,true,3,5.9335603112336679e-12
3764,horizontal,3.2000000000000002,164,true,3,1.4381102375566086e-11
3765,horizontal,3.2000000000000002,165,true,2,8.1570964482597703e-11
3766,horizontal,3.2000000000000002,166,true,3,1.1135449734098321e-12
3767,horizontal,3.2000000000000002,167,true,3,4.6722345024042416e-11
3768,horizontal,3.2000000000000002,168,true,3,2.2625342881289818e-11
3769,horizontal,3.2000000000000002,169,true,3,5.6652114633378472e-13
3770,horizontal,3.2000000000000002,170,true,2,7.3103850828826609e-11
3771,horizontal,3.2000000000000002,171,true,2,4.8361139035732884e-11
3772,horizontal,3.2000000000000002,172,true,3,1.9481165962151134e-11
3773,horizontal,3.2000000000000002,173,true,3,8.1297261614700423e-12
3774,horizontal,3.2000000000000002,174,true,3,9.536631931499051e-11
3775,horizontal,3.2000000000000002,175,true,2,2.17434260772962e-11
3776,horizontal,3.2000000000000002,176,true,3,2.2455011301368226e-11
3777,horizontal,3.2000000000000002,177,true,4,3.0550795350345798e-12
3778,horizontal,3.2000000000000002,178,true,2,3.9751089975199355e-11
3779,horizontal,3.2000000000000002,179,true,3,9.9339101544566776e-13
3780,horizontal,3.2000000000000002,180,true,2,4.0516426726665319e-11
3781,horizontal,3.2000000000000002,181,true,2,7.3314481520913319e-11
3782,horizontal,3.2000000000000002,182,true,3,3.0102510896305101e-12
3783,horizontal,3.2000000000000002,183,true,3,2.3456409680740787e-11
3784,horizontal,3.2000000000000002,184,true,3,1.9956823930582564e-13
3785,horizontal,3.2000000000000002,185,true,4,2.5416718397298045e-12
3786,horizontal,3.2000000000000002,186,true,2,7.3718650914322424e-11
3787,horizontal,3.2000000000000002,187,true,3,3.9592184897712579e-12
3788,horizontal,3.2000000000000002,188,true,2,8.0786143874536938e-12
3789,horizontal,3.2000000000000002,189,true,3,9.5542882723788325e-12
3790,horizontal,3.2000000000000002,190,true,2,5.1128701029209287e-11
3791,horizontal,3.2000000000000002,191,true,2,6.1692713457864197e-11
3792,horizontal,3.2000000000000002,192,true,3,5.6259020891162158e-11
3793,horizontal,3.2000000000000002,193,true,3,1.561877029672929e-11
3794,horizontal,3.2000000000000002,194,true,3,1.4100068648288424e-12
3795,horizontal,3.2000000000000002,195,true,3,1.593437797544201e-11
3796,horizontal,3.2000000000000002,196,true,3,4.1256873885848261e-11
3797,horizontal,3.2000000000000002,197,true,2,7.5912322326398292e-11
3798,horizontal,3.2000000000000002,198,true,4,2.4312324083598404e-12
3799,horizontal,3.2000000000000002,199,true,3,8.8084703785861831e-11
3800,horizontal,3.2000000000000002,200,true,2,4.1115378065554552e-11
3801,horizontal,3.2000000000000002,201,true,3,3.8499576924849765e-13
3802,horizontal,3.2000000000000002,202,true,3,5.1769666774332725e-12
3803,horizontal,3.2000000000000002,203,true,3,1.6826730724427012e-12
3804,horizontal,3.2000000000000002,204,true,2,7.5531413895011185e-11
3805,horizontal,3.2000000000000002,205,true,2,5.2029627775019861e-11
3806,horizontal,3.2000000000000002,206,true,2,9.4075317952812511e-11
3807,horizontal,3.2000000000000002,207,true,2,2.0944900130953589e-11
3808,horizontal,3.2000000000000002,208,true,3,2.4302773881173581e-11
3809,horizontal,3.2000000000000002,209,true,4,1.2868317933489796e-11
3810,horizontal,3.2000000000000002,210,true,2,1.4828251619831381e-11
3811,horizontal,3.2000000000000002,211,true,3,8.3648332698384627e-13
3812,horizontal,3.2000000000000002,212,true,4,8.1831262167498592e-12
3813,horizontal,3.2000000000000002,213,true,3,1.5354530997320338e-11
3814,horizontal,3.2000000000000002,214,true,3,3.3632738485763283e-11
3815,horizontal,3.2000000000000002,215,true,3,3.5324780724531499e-11
3816,horizontal,3.2000000000000002,216,true,3,3.6737870797544788e-12
3817,horizontal,3.2000000000000002,217,true,3,1.6178488119736148e-12
3818,horizontal,3.2000000000000002,218,true,2,2.1344304477837764e-11
3819,horizontal,3.2000000000000002,219,true,3,2.3607715235133193e-12
3820,horizontal,3.2000000000000002,220,true,3,1.1068164546523567e-12
3821,horizontal,3.2000000000000002,221,true,3,2.0499270257538586e-12
3822,horizontal,3.2000000000000002,222,true,2,7.2103134839042306e-11
3823,horizontal,3.2000000000000002,223,true,3,7.162470321558581e-11
3824,horizontal,3.2000000000000002,224,true,3,4.44408940442809e-12
3825,horizontal,3.2000000000000002,225,true,3,6.095001520323088e-12
3826,horizontal,3.2000000000000002,226,true,3,4.051440018444617e-12
3827,horizontal,3.2000000000000002,227,true,3,3.1549981135260029e-13
3828,horizontal,3.2000000000000002,228,true,3,3.8971183385294223e-12
3829,horizontal,3.2000000000000002,229,true,3,1.2283391002359033e-11
3830,horizontal,3.2000000000000002,230,true,3,3.0121997823609885e-11
3831,horizontal,3.2000000000000002,231,true,3,1.8811835659692985e-11
3832,horizontal,3.2000000000000002,232,true,3,2.69860206882383e-13
3833,horizontal,3.2000000000000002,233,true,3,3.2557466500303357e-12
3834,horizontal,3.2000000000000002,234,true,3,5.940203332207885e-11
3835,horizontal,3.2000000000000002,235,true,3,2.3840010897012581e-11
3836,horizontal,3.2000000000000002,236,true,2,4.829711400615461e-11
3837,horizontal,3.2000000000000002,237,true,3,2.6588862667932952e-12
3838,horizontal,3.2000000000000002,238,true,4,4.5553455607126907e-12
3839,horizontal,3.2000000000000002,239,true,3,6.2366176865834916e-13
3840,horizontal,3.2000000000000002,240,true,3,7.9070620476395565e-12
3841,horizontal,3.2000000000000002,241,true,3,3.2792115641614696e-12
3842,horizontal,3.2000000000000002,242,true,3,1.9378970254451075e-11
3843,horizontal,3.2000000000000002,243,true,4,5.3669308387022449e-12
3844,horizontal,3.2000000000000002,244,true,3,1.2616834800431594e-12
3845,horizontal,3.2000000000000002,245,true,3,3.159414427997405e-11
3846,horizontal,3.2000000000000002,246,true,2,4.4506836478049091e-11
3847,horizontal,3.2000000000000002,247,true,3,5.3248916179062861e-12
3848,horizontal,3.2000000000000002,248,true,3,3.6300277141663969e-12
3849,horizontal,3.2000000000000002,249,true,3,1.0188118992905263e-12
3850,horizontal,3.2000000000000002,250,true,3,3.5587235232576313e-12
3851,horizontal,3.2000000000000002,251,true,3,1.5842032224015653e-12
3852,horizontal,3.2000000000000002,252,true,3,2.9192828534450282e-11
3853,horizontal,3.2000000000000002,253,true,3,2.3364760126223282e-11
3854,horizontal,3.2000000000000002,254,true,3,2.0076017665083834e-12
3855,horizontal,3.2000000000000002,255,true,3,1.3744622630668407e-12
3856,horizontal,3.2000000000000002,256,true,4,5.8641376111364654e-12
3857,horizontal,3.2000000000000002,257,true,3,1.2759726707638553e-11
3858,horizontal,3.2000000000000002,258,true,2,9.7516221838609146e-11
3859,horizontal,3.2000000000000002,259,true,3,2.8341505456449485e-12
3860,horizontal,3.2000000000000002,260,true,3,6.5729118598707043e-11
3861,horizontal,3.2000000000000002,261,true,3,4.6440762762890491e-12
3862,horizontal,3.2000000000000002,262,true,2,2.0607393733400605e-11
3863,horizontal,3.2000000000000002,263,true,3,1.6902750904730945e-12
3864,horizontal,3.2000000000000002,264,true,3,3.4326523910654809e-11
3865,horizontal,3.2000000000000002,265,true,3,3.9564110754117731e-11
3866,horizontal,3.2000000000000002,266,true,3,1.4154883060497047e-11
3867,horizontal,3.2000000000000002,267,true,3,2.6833917714638535e-12
3868,horizontal,3.2000000000000002,268,true,2,1.5809247843690491e-11
3869,horizontal,3.2000000000000002,269,true,3,6.3480438900066435e-13
3870,horizontal,3.2000000000000002,270,true,2,1.1738428606169206e-11
3871,horizontal,3.2000000000000002,271,true,2,4.90589993112075e-11
3872,horizontal,3.2000000000000002,272,true,3,1.5687512047742e-11
3873,horizontal,3.2000000000000002,273,true,3,3.6313919560786662e-12
3874,horizontal,3.2000000000000002,274,true,3,3.3078384988328277e-12
3875,horizontal,3.2000000000000002,275,true,3,1.1956074353872592e-11
3876,horizontal,3.2000000000000002,276,true,3,8.5352864679895192e-11
3877,horizontal,3.2000000000000002,277,true,3,6.8561863602122515e-12
3878,horizontal,3.2000000000000002,278,true,4,5.7538744174018195e-12
3879,horizontal,3.2000000000000002,279,true,2,9.0548980071171802e-11
3880,horizontal,3.2000000000000002,280,true,2,4.3339538984536564e-11
3881,horizontal,3.2000000000000002,281,true,3,9.0901920936553394e-11
3882,horizontal,3.2000000000000002,282,true,3,1.9265630093941354e-11
3883,horizontal,3.2000000000000002,283,true,3,4.3592892618012379e-11
3884,horizontal,3.2000000000000002,284,true,2,6.4556760124329536e-11
3885,horizontal,3.2000000000000002,285,true,3,4.4659579754083844e-11
3886,horizontal,3.2000000000000002,286,true,3,6.4422773902321461e-13
3887,horizontal,3.2000000000000002,287,true,3,4.9627301064413086e-12
3888,horizontal,3.2000000000000002,288,true,2,5.8396749059248793e-11
3889,horizontal,3.2000000000000002,289,true,3,6.5165639432827394e-12
3890,horizontal,3.2000000000000002,290,true,2,6.3529541940371464e-11
3891,horizontal,3.2000000000000002,291,true,3,1.6015454374080764e-11
3892,horizontal,3.2000000000000002,292,true,2,7.0338609837322386e-12
3893,horizontal,3.2000000000000002,293,true,3,9.3698172129946667e-12
3894,horizontal,3.2000000000000002,294,true,4,3.0846740522098533e-12
3895,horizontal,3.2000000000000002,295,true,3,8.4977212371520553e-11
3896,horizontal,3.2000000000000002,296,true,3,8.1852835456159187e-11
3897,horizontal,3.2000000000000002,297,true,3,5.2739254099823303e-11
3898,horizontal,3.2000000000000002,298,true,3,1.262763725126897e-12
3899,horizontal,3.2000000000000002,299,true,3,6.1883756977679308e-11
3900,horizontal,3.2000000000000002,300,true,3,9.502257577175909e-11
3901,horizontal,3.2000000000000002,301,true,3,2.148073106999387e-12
3902,horizontal,3.2000000000000002,302,true,3,2.5571646232662753e-12
3903,horizontal,3.2000000000000002,303,true,3,2.5784030241210119e-11
3904,horizontal,3.2000000000000002,304,true,3,2.4695691444739095e-12
3905,horizontal,3.2000000000000002,305,true,3,7.6658053645414133e-12
3906,horizontal,3.2000000000000002,306,true,3,2.7480201134758706e-11
3907,horizontal,3.2000000000000002,307,true,2,7.0427220226334265e-11
3908,horizontal,3.2000000000000002,308,true,3,2.5627713132023471e-11
3909,horizontal,3.2000000000000002,309,true,3,3.6574465990484737e-12
3910,horizontal,3.2000000000000002,310,true,2,4.0897012903510361e-11
3911,horizontal,3.2000000000000002,311,true,2,1.3224888640235699e-11
3912,horizontal,3.2000000000000002,312,true,2,5.0553435554662976e-11
3913,horizontal,3.2000000000000002,313,true,3,1.5139718549822004e-12
3914,horizontal,3.2000000000000002,314,true,3,1.1894863043159258e-11
3915,horizontal,3.2000000000000002,315,true,3,2.6320975663066935e-12
3916,horizontal,3.2000000000000002,316,true,3,4.001788484638962e-12
3917,horizontal,3.2000000000000002,317,true,3,4.2935184349107045e-12
3918,horizontal,3.2000000000000002,318,true,3,5.2625860691269795e-12
3919,horizontal,3.2000000000000002,319,true,3,4.4884462337618745e-12
3920,horizontal,3.2000000000000002,320,true,3,2.4238678876861906e-12
3921,horizontal,3.2000000000000002,321,true,3,4.3543068398978076e-12
3922,horizontal,3.2000000000000002,322,true,3,5.2051065909239779e-12
3923,horizontal,3.2000000000000002,323,true,3,4.931277617613135e-11
3924,horizontal,3.2000000000000002,324,true,3,3.0048827808748169e-12
3925,horizontal,3.2000000000000002,325,true,3,1.1062997679005336e-11
3926,horizontal,3.2000000000000002,326,true,3,2.0838888883356138e-11
3927,horizontal,3.2000000000000002,327,true,3,4.815492063701736e-11
3928,horizontal,3.2000000000000002,328,true,3,5.348438108751429e-12
3929,horizontal,3.2000000000000002,329,true,3,1.9753809639106099e-11
3930,horizontal,3.2000000000000002,330,true,3,1.7654343758448329e-11
3931,horizontal,3.2000000000000002,331,true,3,1.2916838505300424e-12
3932,horizontal,3.2000000000000002,332,true,2,7.9448232330623278e-12
3933,horizontal,3.2000000000000002,333,true,3,1.1403713202740678e-12
3934,horizontal,3.2000000000000002,334,true,2,9.6126927864097682e-12
3935,horizontal,3.2000000000000002,335,true,2,9.1008770841184449e-11
3936,horizontal,3.2000000000000002,336,true,3,4.4620809288889485e-12
3937,horizontal,3.2000000000000002,337,true,3,6.6611063400300098e-12
3938,horizontal,3.2000000000000002,338,true,3,4.2975288337029149e-12
3939,horizontal,3.2000000000000002,339,true,2,4.7027296162584683e-11
3940,horizontal,3.2000000000000002,340,true,3,3.798907486403616e-11
3941,horizontal,3.2000000000000002,341,true,3,4.1573721527438285e-12
3942,horizontal,3.2000000000000002,342,true,3,1.4031485101656322e-12
3943,horizontal,3.2000000000000002,343,true,2,4.7777401624530023e-11
3944,horizontal,3.2000000000000002,344,true,2,9.4105454814375205e-12
3945,horizontal,3.2000000000000002,345,true,3,6.1560597135253576e-12
3946,horizontal,3.2000000000000002,346,true,2,4.2289833902485311e-11
3947,horizontal,3.2000000000000002,347,true,3,7.0420817571094942e-12
3948,horizontal,3.2000000000000002,348,true,3,2.359032734531862e-13
3949,horizontal,3.2000000000000002,349,true,3,3.3726774906631733e-12
3950,horizontal,3.2000000000000002,350,true,4,9.1688228796457494e-13
3951,horizontal,3.2000000000000002,351,true,3,5.6911359729940106e-11
3952,horizontal,3.2000000000000002,352,true,3,1.0591991691078764e-11
3953,horizontal,3.2000000000000002,353,true,3,1.8910501384060728e-11
3954,horizontal,3.2000000000000002,354,true,3,5.0588658632929042e-12
3955,horizontal,3.2000000000000002,355,true,2,6.9253507264802908e-11
3956,horizontal,3.2000000000000002,356,true,2,4.0226296144156869e-11
3957,horizontal,3.2000000000000002,357,true,3,1.2830325210935292e-12
3958,horizontal,3.2000000000000002,358,true,3,5.6479499093125935e-12
3959,horizontal,3.2000000000000002,359,true,4,6.8650160520885227e-12
3960,horizontal,3.2000000000000002,360,true,3,1.1124736334333975e-11
3961,horizontal,3.2000000000000002,361,true,3,1.1971138515352346e-11
3962,horizontal,3.2000000000000002,362,true,3,9.451556962530695e-12
3963,horizontal,3.2000000000000002,363,true,4,3.7462693403323322e-12
3964,horizontal,3.2000000000000002,364,true,3,7.6957683474458275e-13
3965,horizontal,3.2000000000000002,365,true,3,1.9179653602683441e-11
3966,horizontal,3.2000000000000002,366,true,3,3.723748807692e-11
3967,horizontal,3.2000000000000002,367,true,3,1.2376985499739398e-11
3968,horizontal,3.2000000000000002,368,true,3,7.037742952177048e-12
3969,horizontal,3.2000000000000002,369,true,2,2.5220482529252772e-11
3970,horizontal,3.2000000000000002,370,true,3,7.7856035298773031e-11
3971,horizontal,3.2000000000000002,371,true,3,7.9815829852760221e-11
3972,horizontal,3.2000000000000002,372,true,3,2.1406585077059474e-12
3973,horizontal,3.2000000000000002,373,true,3,2.3648830632550343e-11
3974,horizontal,3.2000000000000002,374,true,2,6.0569477130823596e-11
3975,horizontal,3.2000000000000002,375,true,3,7.3479977257600506e-12
3976,horizontal,3.2000000000000002,376,true,3,5.2894978258936034e-12
3977,horizontal,3.2000000000000002,377,true,3,9.8643653625795059e-12
3978,horizontal,3.2000000000000002,378,true,3,5.2799038783884676e-13
3979,horizontal,3.2000000000000002,379,true,2,3.7116092463027295e-11
3980,horizontal,3.2000000000000002,380,true,2,3.5024454139987715e-11
3981,horizontal,3.2000000000000002,381,true,3,8.4019277896653454e-12
3982,horizontal,3.2000000000000002,382,true,3,1.0446326890194071e-11
3983,horizontal,3.2000000000000002,383,true,3,5.5831098026540507e-11
3984,horizontal,3.2000000000000002,384,true,2,8.002206811698556e-11
3985,horizontal,3.2000000000000002,385,true,3,7.1824440046666314e-13
3986,horizontal,3.2000000000000002,386,true,2,3.2416005881924928e-11
3987,horizontal,3.2000000000000002,387,true,3,2.3600606188926309e-11
3988,horizontal,3.2000000000000002,388,true,2,1.7389028320423986e-11
3989,horizontal,3.2000000000000002,389,true,3,1.559471320460434e-12
3990,horizontal,3.2000000000000002,390,true,3,2.6167566911219079e-11
3991,horizontal,3.2000000000000002,391,true,3,2.1610948198036721e-11
3992,horizontal,3.2000000000000002,392,true,3,3.2405698799070399e-12
3993,horizontal,3.2000000000000002,393,true,3,3.1964553560346699e-12
3994,horizontal,3.2000000000000002,394,true,2,5.137207817289418e-11
3995,horizontal,3.2000000000000002,395,true,3,1.7098898853265064e-12
3996,horizontal,3.2000000000000002,396,true,3,1.293098750145451e-12
3997,horizontal,3.2000000000000002,397,true,2,4.8663793033779266e-12
3998,horizontal,3.2000000000000002,398,true,3,6.1941977177470686e-12
3999,horizontal,3.2000000000000002,399,true,3,2.6107655859798541e-12
4000,horizontal,3.2000000000000002,400,true,2,2.8943372406423721e-11
4001,horizontal,3.2000000000000002,401,true,3,3.6314990891431764e-12
4002,horizontal,3.2000000000000002,402,true,3,1.8572042291930081e-11
4003,horizontal,3.2000000000000002,403,true,3,1.5458907501947199e-12
4004,horizontal,3.2000000000000002,404,true,2,2.7104291835092234e-11
4005,horizontal,3.2000000000000002,405,true,2,5.6036564413149259e-11
4006,horizontal,3.2000000000000002,406,true,3,1.4001587695472655e-11
4007,horizontal,3.2000000000000002,407,true,3,7.655915156257568e-12
4008,horizontal,3.2000000000000002,408,true,3,1.2492607785525371e-12
4009,horizontal,3.2000000000000002,409,true,3,1.5915132031741038e-12
4010,horizontal,3.2000000000000002,410,true,2,5.4661239923968835e-11
4011,horizontal,3.2000000000000002,411,true,3,2.6194421300928428e-12
4012,horizontal,3.2000000000000002,412,true,3,3.9960299691665526e-12
4013,horizontal,3.2000000000000002,413,true,2,7.2054452742727518e-12
4014,horizontal,3.2000000000000002,414,true,3,3.3087263647181635e-11
4015,horizontal,3.2000000000000002,415,true,2,1.7658513949171585e-11
4016,horizontal,3.2000000000000002,416,true,2,6.6978598839823008e-12
4017,horizontal,3.2000000000000002,417,true,3,1.1304937900026754e-11
4018,horizontal,3.2000000000000002,418,true,3,3.6430358195865547e-12
4019,horizontal,3.2000000000000002,419,true,3,6.1061006145786001e-11
4020,horizontal,3.2000000000000002,420,true,4,4.0136117312920779e-12
4021,horizontal,3.2000000000000002,421,true,3,1.2607125233402279e-11
4022,horizontal,3.2000000000000002,422,true,4,1.9384512828440976e-12
4023,horizontal,3.2000000000000002,423,true,3,1.2460371516595123e-11
4024,horizontal,3.2000000000000002,424,true,3,8.5425205733656696e-13
4025,horizontal,3.2000000000000002,425,true,3,2.2963580451838126e-11
4026,horizontal,3.2000000000000002,426,true,3,5.8535076596340844e-11
4027,horizontal,3.2000000000000002,427,true,3,2.4655910911644241e-11
4028,horizontal,3.2000000000000002,428,true,3,1.4720152645287446e-12
4029,horizontal,3.2000000000000002,429,true,3,1.775647064972129e-11
4030,horizontal,3.2000000000000002,430,true,3,1.598687396360528e-11
4031,horizontal,3.2000000000000002,431,true,2,2.9733172329198897e-11
4032,horizontal,3.2000000000000002,432,true,3,1.8723582227432134e-11
4033,horizontal,3.2000000000000002,433,true,3,2.3474573169844702e-11
4034,horizontal,3.2000000000000002,434,true,3,3.930043245379045e-11
4035,horizontal,3.2000000000000002,435,true,3,1.0139852449878979e-12
4036,horizontal,3.2000000000000002,436,true,3,2.3611479978803256e-11
4037,horizontal,3.2000000000000002,437,true,2,7.6168726262813991e-11
4038,horizontal,3.2000000000000002,438,true,3,3.3532254140948527e-12
4039,horizontal,3.2000000000000002,439,true,3,5.6726001536187681e-11
4040,horizontal,3.2000000000000002,440,true,4,6.5898834184399952e-13
4041,horizontal,3.2000000000000002,441,true,3,3.955946004791779e-12
4042,horizontal,3.2000000000000002,442,true,3,7.978224697306568e-12
4043,horizontal,3.2000000000000002,443,true,3,2.216230184066769e-11
4044,horizontal,3.2000000000000002,444,true,3,1.9871355909332451e-11
4045,horizontal,3.2000000000000002,445,true,3,6.2290209138491564e-13
4046,horizontal,3.2000000000000002,446,true,3,1.0425331887482218e-12
4047,horizontal,3.2000000000000002,447,true,2,2.0307979478707326e-11
4048,horizontal,3.2000000000000002,448,true,3,5.1084018039631825e-11
4049,horizontal,3.2000000000000002,449,true,2,6.9160455181441196e-11
4050,horizontal,3.2000000000000002,450,true,3,1.0110672232421591e-11
4051,horizontal,3.2000000000000002,451,true,2,5.9757210472741915e-11
4052,horizontal,3.2000000000000002,452,true,2,9.7337851615819232e-11
4053,horizontal,3.2000000000000002,453,true,3,1.2855096394565467e-12
4054,horizontal,3.2000000000000002,454,true,3,2.9214018310292814e-12
4055,horizontal,3.2000000000000002,455,true,3,3.2219427572609812e-12
4056,horizontal,3.2000000000000002,456,true,2,8.2621282423692894e-11
4057,horizontal,3.2000000000000002,457,true,3,5.0333764891017188e-13
4058,horizontal,3.2000000000000002,458,true,3,1.125835346537707e-12
4059,horizontal,3.2000000000000002,459,true,2,2.111439224871775e-11
4060,horizontal,3.2000000000000002,460,true,2,1.4689594765686075e-11
4061,horizontal,3.2000000000000002,461,true,3,1.103316000209808e-11
4062,horizontal,3.2000000000000002,462,true,3,2.9236126202020364e-12
4063,horizontal,3.2000000000000002,463,true,3,1.8735277434109128e-11
4064,horizontal,3.2000000000000002,464,true,3,4.7360292911077354e-11
4065,horizontal,3.2000000000000002,465,true,3,6.9862397259654278e-12
4066,horizontal,3.2000000000000002,466,true,3,3.235766406701135e-13
4067,horizontal,3.2000000000000002,467,true,3,4.5693497001427084e-13
4068,horizontal,3.2000000000000002,468,true,3,6.4125520449296972e-13
4069,horizontal,3.2000000000000002,469,true,4,1.0727119087445124e-12
4070,horizontal,3.2000000000000002,470,true,3,1.3501732367665623e-11
4071,horizontal,3.2000000000000002,471,true,3,3.618264412035648e-12
4072,horizontal,3.2000000000000002,472,true,2,9.4700977840157314e-11
4073,horizontal,3.2000000000000002,473,true,2,8.6631239144832372e-11
4074,horizontal,3.2000000000000002,474,true,3,6.5945878857637494e-11
4075,horizontal,3.2000000000000002,475,true,2,4.2583394943144909e-11
4076,horizontal,3.2000000000000002,476,true,2,1.3579767901331305e-11
4077,horizontal,3.2000000000000002,477,true,3,5.331380663988418e-12
4078,horizontal,3.2000000000000002,478,true,3,1.3695679062397751e-11
4079,horizontal,3.2000000000000002,479,true,3,2.3531120689241643e-11
4080,horizontal,3.2000000000000002,480,true,3,8.6087445021357162e-12
4081,horizontal,3.2000000000000002,481,true,3,1.2128785941305147e-11
4082,horizontal,3.2000000000000002,482,true,3,3.836980010948993e-11
4083,horizontal,3.2000000000000002,483,true,3,9.3133045913475463e-12
4084,horizontal,3.2000000000000002,484,true,4,5.4005298334076198e-12
4085,horizontal,3.2000000000000002,485,true,3,1.9019560881089318e-11
4086,horizontal,3.2000000000000002,486,true,2,6.1683253402207678e-11
4087,horizontal,3.2000000000000002,487,true,3,2.3118980007888478e-11
4088,horizontal,3.2000000000000002,488,true,3,1.1608704620031873e-11
4089,horizontal,3.2000000000000002,489,true,3,3.5014290950904167e-12
4090,horizontal,3.2000000000000002,490,true,4,1.3287720081821513e-11
4091,horizontal,3.2000000000000002,491,true,3,3.2534825489004585e-11
4092,horizontal,3.2000000000000002,492,true,3,2.5482503665917587e-11
4093,horizontal,3.2000000000000002,493,true,3,2.8490572694784992e-12
4094,horizontal,3.2000000000000002,494,true,3,3.1689688933581491e-11
4095,horizontal,3.2000000000000002,495,true,3,3.1276842837435926e-12
4096,horizontal,3.2000000000000002,496,true,3,1.2553731885872864e-11
4097,horizontal,3.2000000000000002,497,true,3,1.2070962272447085e-12
4098,horizontal,3.2000000000000002,498,true,3,2.3986204919294585e-12
4099,horizontal,3.2000000000000002,499,true,3,7.4789911424730624e-12
4100,horizontal,3.2000000000000002,500,true,3,2.2831442895026737e-12
4101,horizontal,3.2000000000000002,501,true,2,3.6556871834594746e-11
4102,horizontal,3.2000000000000002,502,true,2,8.2065558140647344e-11
4103,horizontal,3.2000000000000002,503,true,2,5.777401104798076e-11
4104,horizontal,3.2000000000000002,504,true,3,1.8169214341430019e-12
4105,horizontal,3.2000000000000002,505,true,3,4.1623952292641658e-11
4106,horizontal,3.2000000000000002,506,true,3,4.39690508364401e-12
4107,horizontal,3.2000000000000002,507,true,3,1.2832284905727552e-11
4108,horizontal,3.2000000000000002,508,true,3,2.797099668575025e-13
4109,horizontal,3.2000000000000002,509,true,2,1.9320800425202436e-11
4110,horizontal,3.2000000000000002,510,true,3,7.7524838497730826e-12
4111,horizontal,3.2000000000000002,511,true,3,5.6645895603443172e-12
4112,horizontal,3.2000000000000002,512,true,2,1.8818159755814642e-11
4113,horizontal,3.2000000000000002,513,true,2,9.8549270555609586e-12
4114,horizontal,3.2000000000000002,514,true,2,8.9278912416592642e-11
4115,horizontal,3.2000000000000002,515,true,3,2.5798747302796041e-12
4116,horizontal,3.2000000000000002,516,true,2,5.0948520708000565e-12
4117,horizontal,3.2000000000000002,517,true,2,2.9011550929386786e-11
4118,horizontal,3.2000000000000002,518,true,3,6.1691511104178899e-12
4119,horizontal,3.2000000000000002,519,true,3,8.9736203245635901e-11
4120,horizontal,3.2000000000000002,520,true,3,2.1616090090000501e-12
4121,horizontal,3.2000000000000002,521,true,3,5.1564726828743411e-12
4122,horizontal,3.2000000000000002,522,true,3,8.2489450354858955e-11
4123,horizontal,3.2000000000000002,523,true,4,3.808364718017718e-12
4124,horizontal,3.2000000000000002,524,true,3,1.9621418584068649e-13
4125,horizontal,3.2000000000000002,525,true,3,2.5313710005458743e-12
4126,horizontal,3.2000000000000002,526,true,3,2.4495851605640947e-12
4127,horizontal,3.2000000000000002,527,true,3,6.2580643825117711e-12
4128,horizontal,3.2000000000000002,528,true,3,5.7001095175584762e-12
4129,horizontal,3.2000000000000002,529,true,2,2.9959715000499581e-11
4130,horizontal,3.2000000000000002,530,true,2,3.5921358998349303e-11
4131,horizontal,3.2000000000000002,531,true,3,3.1336222408474568e-12
4132,horizontal,3.2000000000000002,532,true,3,1.5804975509687662e-12
4133,horizontal,3.2000000000000002,533,true,3,5.2126463014710711e-12
4134,horizontal,3.2000000000000002,534,true,2,6.9815734771409372e-11
4135,horizontal,3.2000000000000002,535,true,3,1.0402397481173059e-11
4136,horizontal,3.2000000000000002,536,true,3,9.4382678210288669e-12
4137,horizontal,3.2000000000000002,537,true,3,2.4525171622674585e-13
4138,horizontal,3.2000000000000002,538,true,3,3.5041017208960021e-12
4139,horizontal,3.2000000000000002,539,true,2,7.7153260788147014e-11
4140,horizontal,3.2000000000000002,540,true,3,4.298917900611715e-12
4141,horizontal,3.2000000000000002,541,true,3,8.0533183466870109e-12
4142,horizontal,3.2000000000000002,542,true,3,9.3660189533524738e-11
4143,horizontal,3.2000000000000002,543,true,3,5.0144158117194347e-12
4144,horizontal,3.2000000000000002,544,true,3,4.4529066328404655e-13
4145,horizontal,3.2000000000000002,545,true,3,9.4471839359959179e-13
4146,horizontal,3.2000000000000002,546,true,2,7.3787707941861668e-11
4147,horizontal,3.2000000000000002,547,true,3,4.672048820493513e-12
4148,horizontal,3.2000000000000002,548,true,3,3.9191514659596603e-11
4149,horizontal,3.2000000000000002,549,true,3,7.3306156344018488e-13
4150,horizontal,3.2000000000000002,550,true,2,3.3188661097454316e-11
4151,horizontal,3.2000000000000002,551,true,3,7.2099927712341168e-11
4152,horizontal,3.2000000000000002,552,true,3,1.3030873029213899e-11
4153,horizontal,3.2000000000000002,553,true,3,3.3723423847044876e-11
4154,horizontal,3.2000000000000002,554,true,3,6.5759284987459863e-12
4155,horizontal,3.2000000000000002,555,true,3,5.4502789299810416e-12
4156,horizontal,3.2000000000000002,556,true,3,1.0159981657971959e-11
4157,horizontal,3.2000000000000002,557,true,3,1.888163943279787e-11
4158,horizontal,3.2000000000000002,558,true,3,7.4717471771243999e-13
4159,horizontal,3.2000000000000002,559,true,3,9.2287822888191999e-12
4160,horizontal,3.2000000000000002,560,true,3,1.1200314746359144e-12
4161,horizontal,3.2000000000000002,561,true,3,1.9103215252935942e-11
4162,horizontal,3.2000000000000002,562,true,3,6.1840777030915881e-11
4163,horizontal,3.2000000000000002,563,true,3,1.982047927692046e-11
4164,horizontal,3.2000000000000002,564,true,3,1.1523054124009355e-11
4165,horizontal,3.2000000000000002,565,true,3,6.6736557283174806e-13
4166,horizontal,3.2000000000000002,566,true,2,3.7043055487983022e-11
4167,horizontal,3.2000000000000002,567,true,2,8.5586713899884148e-11
4168,horizontal,3.2000000000000002,568,true,3,1.3769398956931706e-12
4169,horizontal,3.2000000000000002,569,true,3,6.6566191984040346e-11
4170,horizontal,3.2000000000000002,570,true,3,2.2488916819704376e-11
4171,horizontal,3.2000000000000002,571,true,3,6.6792849766246397e-11
4172,horizontal,3.2000000000000002,572,true,3,1.0398878312833728e-11
4173,horizontal,3.2000000000000002,573,true,3,1.6659083835724536e-11
4174,horizontal,3.2000000000000002,574,true,3,2.2091594013302044e-11
4175,horizontal,3.2000000000000002,575,true,3,1.8429333146707807e-11
4176,horizontal,3.2000000000000002,576,true,3,8.9963814792475302e-13
4177,horizontal,3.2000000000000002,577,true,4,1.8196343678571331e-12
4178,horizontal,3.2000000000000002,578,true,3,1.3493310607861053e-12
4179,horizontal,3.2000000000000002,579,true,4,5.6436371442984847e-13
4180,horizontal,3.2000000000000002,580,true,3,6.1880700967428907e-12
4181,horizontal,3.2000000000000002,581,true,3,6.6851640081981283e-13
4182,horizontal,3.2000000000000002,582,true,3,7.3689714966682428e-12
4183,horizontal,3.2000000000000002,583,true,2,6.8505859307335543e-11
4184,horizontal,3.2000000000000002,584,true,3,1.3909377506672959e-12
4185,horizontal,3.2000000000000002,585,true,3,3.5263389523633684e-12
4186,horizontal,3.2000000000000002,586,true,2,6.271303546786731e-11
4187,horizontal,3.2000000000000002,587,true,2,5.6036266786289092e-11
4188,horizontal,3.2000000000000002,588,true,3,2.2989742990442577e-12
4189,horizontal,3.2000000000000002,589,true,3,1.7664365487140289e-12
4190,horizontal,3.2000000000000002,590,true,3,1.6760445890536318e-11
4191,horizontal,3.2000000000000002,591,true,3,2.2168421066397138e-12
4192,horizontal,3.2000000000000002,592,true,3,8.4199836472591328e-11
4193,horizontal,3.2000000000000002,593,true,3,8.9590357515711728e-12
4194,horizontal,3.2000000000000002,594,true,3,3.4760985118502388e-12
4195,horizontal,3.2000000000000002,595,true,3,1.2352029559174889e-11
4196,horizontal,3.2000000000000002,596,true,3,1.6857238541462389e-11
4197,horizontal,3.2000000000000002,597,true,3,4.9728589877697026e-12
4198,horizontal,3.2000000000000002,598,true,3,4.4871485609673219e-12
4199,horizontal,3.2000000000000002,599,true,3,7.4310888524873892e-12
4200,horizontal,3.2000000000000002,600,true,3,1.6924336278905313e-12
4201,horizontal,4.5300000000000002,1,true,2,1.0158674079112317e-11
4202,horizontal,4.5300000000000002,2,true,3,9.0837699012268849e-11
4203,horizontal,4.5300000000000002,3,true,3,1.1449636298722943e-11
4204,horizontal,4.5300000000000002,4,true,3,4.5482199638351626e-12
4205,horizontal,4.5300000000000002,5,true,2,8.5645755846703556e-11
4206,horizontal,4.5300000000000002,6,true,3,4.5512234565735397e-11
4207,horizontal,4.5300000000000002,7,true,3,1.1148414965427657e-12
4208,horizontal,4.5300000000000002,8,true,3,2.564054911874806e-11
4209,horizontal,4.5300000000000002,9,true,3,1.962001430529792e-12
4210,horizontal,4.5300000000000002,10,true,3,1.6061220295371236e-12
4211,horizontal,4.5300000000000002,11,true,4,2.4710574132691195e-11
4212,horizontal,4.5300000000000002,12,true,3,1.9072068079129955e-11
4213,horizontal,4.5300000000000002,13,true,4,3.4798942557694875e-12
4214,horizontal,4.5300000000000002,14,true,3,3.3088280806331479e-12
4215,horizontal,4.5300000000000002,15,true,3,8.3183881613112127e-11
4216,horizontal,4.5300000000000002,16,true,4,7.2862989127660678e-11
4217,horizontal,4.5300000000000002,17,true,3,4.1979069548902628e-12
4218,horizontal,4.5300000000000002,18,true,3,8.7720665467498343e-13
4219,horizontal,4.5300000000000002,19,true,3,6.2643391584869913e-12
4220,horizontal,4.5300000000000002,20,true,3,2.4186526026248819e-11
4221,horizontal,4.5300000000000002,21,true,3,1.0149634167073687e-11
4222,horizontal,4.5300000000000002,22,true,2,7.374087260135884e-11
4223,horizontal,4.5300000000000002,23,true,4,2.6453341412592664e-11
4224,horizontal,4.5300000000000002,24,true,4,1.3672394528036998e-12
4225,horizontal,4.5300000000000002,25,true,4,3.8622361022859192e-11
4226,horizontal,4.5300000000000002,26,true,4,1.757210862100786e-11
4227,horizontal,4.5300000000000002,27,true,4,3.0281565185156047e-11
4228,horizontal,4.5300000000000002,28,true,4,7.7386788936446335e-11
4229,horizontal,4.5300000000000002,29,true,3,3.1989760831912714e-11
4230,horizontal,4.5300000000000002,30,true,3,6.7902401200947157e-11
4231,horizontal,4.5300000000000002,31,true,3,1.2073214805133864e-12
4232,horizontal,4.5300000000000002,32,true,4,1.099345735012139e-11
4233,horizontal,4.5300000000000002,33,true,3,4.4680800268629837e-12
4234,horizontal,4.5300000000000002,34,true,4,3.6979126528709249e-11
4235,horizontal,4.5300000000000002,35,true,3,7.5700198794217626e-11
4236,horizontal,4.5300000000000002,36,true,4,1.6040564886902026e-12
4237,horizontal,4.5300000000000002,37,true,3,2.4830829180049694e-12
4238,horizontal,4.5300000000000002,38,true,3,2.8309495144160103e-11
4239,horizontal,4.5300000000000002,39,true,4,6.7809434211857894e-12
4240,horizontal,4.5300000000000002,40,true,3,1.678505729681353e-11
4241,horizontal,4.5300000000000002,41,true,3,4.2160507873010117e-11
4242,horizontal,4.5300000000000002,42,true,3,6.7790434095054791e-12
4243,horizontal,4.5300000000000002,43,true,3,9.4549985043565635e-11
4244,horizontal,4.5300000000000002,44,true,3,3.4308237380674004e-11
4245,horizontal,4.5300000000000002,45,true,3,1.5140629449129755e-12
4246,horizontal,4.5300000000000002,46,true,4,1.0395946593359125e-12
4247,horizontal,4.5300000000000002,47,true,4,2.0952081782841029e-11
4248,horizontal,4.5300000000000002,48,true,4,9.9524484038553676e-12
4249,horizontal,4.5300000000000002,49,true,4,7.4884142189572174e-12
4250,horizontal,4.5300000000000002,50,true,3,1.2967369077808495e-11
4251,horizontal,4.5300000000000002,51,true,4,1.2833061694942793e-12
4252,horizontal,4.5300000000000002,52,true,3,5.1682997582994686e-11
4253,horizontal,4.5300000000000002,53,true,3,3.601057840811347e-11
4254,horizontal,4.5300000000000002,54,true,3,1.1500977434503939e-11
4255,horizontal,4.5300000000000002,55,true,3,6.4167862968440201e-12
4256,horizontal,4.5300000000000002,56,true,3,4.8610390902699889e-11
4257,horizontal,4.5300000000000002,57,true,3,2.8769360921121954e-11
4258,horizontal,4.5300000000000002,58,true,3,1.7700796236360299e-11
4259,horizontal,4.5300000000000002,59,true,3,4.4749899208024512e-11
4260,horizontal,4.5300000000000002,60,true,3,2.3018764892928549e-11
4261,horizontal,4.5300000000000002,61,true,3,8.3486398859924692e-13
4262,horizontal,4.5300000000000002,62,true,4,3.9000660675173889e-12
4263,horizontal,4.5300000000000002,63,true,3,1.5847412906537972e-12
4264,horizontal,4.5300000000000002,64,true,3,1.5988992543165491e-12
4265,horizontal,4.5300000000000002,65,true,4,4.1603172787946343e-11
4266,horizontal,4.5300000000000002,66,true,3,1.3361204047351408e-11
4267,horizontal,4.5300000000000002,67,true,3,5.3511132627731753e-11
4268,horizontal,4.5300000000000002,68,true,3,8.8137041144140729e-11
4269,horizontal,4.5300000000000002,69,true,4,7.5571329689124301e-13
4270,horizontal,4.5300000000000002,70,true,3,7.6291244728917911e-12
4271,horizontal,4.5300000000000002,71,true,4,1.9951813542710917e-12
4272,horizontal,4.5300000000000002,72,true,4,7.1450365317513577e-12
4273,horizontal,4.5300000000000002,73,true,3,7.102107335239445e-12
4274,horizontal,4.5300000000000002,74,true,3,5.5004363958017162e-12
4275,horizontal,4.5300000000000002,75,true,3,3.9763144166977225e-13
4276,horizontal,4.5300000000000002,76,true,3,1.5894466279406866e-11
4277,horizontal,4.5300000000000002,77,true,3,6.5854717714605556e-12
4278,horizontal,4.5300000000000002,78,true,3,5.4565933717273464e-11
4279,horizontal,4.5300000000000002,79,true,3,1.6109584591975058e-12
4280,horizontal,4.5300000000000002,80,true,4,2.3376620224468606e-13
4281,horizontal,4.5300000000000002,81,true,3,4.4165914495222584e-11
4282,horizontal,4.5300000000000002,82,true,3,2.6262959672070609e-11
4283,horizontal,4.5300000000000002,83,true,3,1.2505372209228931e-12
4284,horizontal,4.5300000000000002,84,true,3,2.4274281883419451e-12
4285,horizontal,4.5300000000000002,85,true,4,2.9883330167810093e-11
4286,horizontal,4.5300000000000002,86,true,3,8.0609303417235748e-12
4287,horizontal,4.5300000000000002,87,true,4,6.0764650947522255e-12
4288,horizontal,4.5300000000000002,88,true,3,1.5095098199337098e-11
4289,horizontal,4.5300000000000002,89,true,4,1.5756775759296765e-12
4290,horizontal,4.5300000000000002,90,true,4,1.6284421442469785e-12
4291,horizontal,4.5300000000000002,91,true,4,3.2742272127076505e-12
4292,horizontal,4.5300000000000002,92,true,3,2.3369438540665469e-12
4293,horizontal,4.5300000000000002,93,true,4,2.8580470672629232e-12
4294,horizontal,4.5300000000000002,94,true,4,3.3778597541874441e-12
4295,horizontal,4.5300000000000002,95,true,3,2.4397698837028639e-12
4296,horizontal,4.5300000000000002,96,true,3,2.0886423610966094e-11
4297,horizontal,4.5300000000000002,97,true,3,2.6010596077391941e-13
4298,horizontal,4.5300000000000002,98,true,3,2.1586704548677218e-11
4299,horizontal,4.5300000000000002,99,true,4,1.4184999195225795e-11
4300,horizontal,4.5300000000000002,100,true,3,2.702859341695112e-11
4301,horizontal,4.5300000000000002,101,true,4,9.3555998410044853e-12
4302,horizontal,4.5300000000000002,102,true,2,7.0670214318125735e-11
4303,horizontal,4.5300000000000002,103,true,3,9.0424131560402253e-12
4304,horizontal,4.5300000000000002,104,true,3,9.1133813068689902e-12
4305,horizontal,4.5300000000000002,105,true,3,8.7019192681393948e-12
4306,horizontal,4.5300000000000002,106,true,2,8.4948810963835722e-11
4307,horizontal,4.5300000000000002,107,true,3,4.2569056077704803e-11
4308,horizontal,4.5300000000000002,108,true,3,1.3303559189750314e-11
4309,horizontal,4.5300000000000002,109,true,4,1.6875593882397258e-12
4310,horizontal,4.5300000000000002,110,true,3,9.8838792787406417e-12
4311,horizontal,4.5300000000000002,111,true,4,3.4617566429403443e-12
4312,horizontal,4.5300000000000002,112,true,3,6.3358036923889345e-12
4313,horizontal,4.5300000000000002,113,true,2,1.5237888988058743e-11
4314,horizontal,4.5300000000000002,114,true,3,1.6004969482354284e-12
4315,horizontal,4.5300000000000002,115,true,4,2.4866098303275019e-12
4316,horizontal,4.5300000000000002,116,true,3,1.6122208329302085e-11
4317,horizontal,4.5300000000000002,117,true,2,9.8255934958374337e-11
4318,horizontal,4.5300000000000002,118,true,4,2.9268295565143071e-12
4319,horizontal,4.5300000000000002,119,true,3,1.7885948323966957e-11
4320,horizontal,4.5300000000000002,120,true,3,2.9059388331889945e-12
4321,horizontal,4.5300000000000002,121,true,3,5.0730277139722831e-12
4322,horizontal,4.5300000000000002,122,true,3,9.8134124630911551e-13
4323,horizontal,4.5300000000000002,123,true,3,1.8752947959152401e-12
4324,horizontal,4.5300000000000002,124,true,4,3.3782480256824645e-12
4325,horizontal,4.5300000000000002,125,true,3,5.5444780952607207e-12
4326,horizontal,4.5300000000000002,126,true,2,3.6781957838765206e-11
4327,horizontal,4.5300000000000002,127,true,2,9.0865418136385491e-12
4328,horizontal,4.5300000000000002,128,true,3,1.0801834727065914e-12
4329,horizontal,4.5300000000000002,129,true,3,1.8728114879691976e-12
4330,horizontal,4.5300000000000002,130,true,3,5.9076008955367581e-12
4331,horizontal,4.5300000000000002,131,true,3,3.9219187130836938e-11
4332,horizontal,4.5300000000000002,132,true,3,1.770453187421466e-11
4333,horizontal,4.5300000000000002,133,true,3,1.1733789962750328e-11
4334,horizontal,4.5300000000000002,134,true,3,1.203925965572409e-11
4335,horizontal,4.5300000000000002,135,true,4,9.5958099990728251e-12
4336,horizontal,4.5300000000000002,136,true,3,5.5744389073550331e-12
4337,horizontal,4.5300000000000002,137,true,4,1.2441729201261448e-11
4338,horizontal,4.5300000000000002,138,true,3,5.0545663974971499e-11
4339,horizontal,4.5300000000000002,139,true,3,5.0398173996622461e-12
4340,horizontal,4.5300000000000002,140,true,3,3.4767337377623848e-11
4341,horizontal,4.5300000000000002,141,true,3,2.0050387587423312e-11
4342,horizontal,4.5300000000000002,142,true,3,6.2331929430635618e-11
4343,horizontal,4.5300000000000002,143,true,4,6.4123564310346355e-13
4344,horizontal,4.5300000000000002,144,true,3,2.04382983337661e-11
4345,horizontal,4.5300000000000002,145,true,3,3.9397361385437304e-12
4346,horizontal,4.5300000000000002,146,true,4,1.0613199645109637e-11
4347,horizontal,4.5300000000000002,147,true,3,1.3651888887997277e-11
4348,horizontal,4.5300000000000002,148,true,3,9.8580872611276517e-11
4349,horizontal,4.5300000000000002,149,true,3,1.7353052880777349e-12
4350,horizontal,4.5300000000000002,150,true,3,2.8166158005108222e-11
4351,horizontal,4.5300000000000002,151,true,4,2.1437366790380695e-11
4352,horizontal,4.5300000000000002,152,true,3,1.2679346347065888e-11
4353,horizontal,4.5300000000000002,153,true,3,1.6388978656834432e-12
4354,horizontal,4.5300000000000002,154,true,3,1.396219538010076e-11
4355,horizontal,4.5300000000000002,155,true,3,2.2967059850967579e-12
4356,horizontal,4.5300000000000002,156,true,3,5.3131860662674143e-12
4357,horizontal,4.5300000000000002,157,true,3,4.3813849824917741e-12
4358,horizontal,4.5300000000000002,158,true,3,6.3873940473139473e-11
4359,horizontal,4.5300000000000002,159,true,3,3.1563021291965338e-12
4360,horizontal,4.5300000000000002,160,true,4,3.1486225548009642e-11
4361,horizontal,4.5300000000000002,161,true,3,3.6730443820762876e-11
4362,horizontal,4.5300000000000002,162,true,3,3.001769839131724e-11
4363,horizontal,4.5300000000000002,163,true,3,3.4834333278267091e-11
4364,horizontal,4.5300000000000002,164,true,3,8.1452027852614698e-11
4365,horizontal,4.5300000000000002,165,true,3,4.0640639191144042e-12
4366,horizontal,4.5300000000000002,166,true,3,6.5426310244391838e-12
4367,horizontal,4.5300000000000002,167,true,4,3.5506087704570576e-11
4368,horizontal,4.5300000000000002,168,true,4,2.430771789122047e-12
4369,horizontal,4.5300000000000002,169,true,3,3.2568254167784864e-12
4370,horizontal,4.5300000000000002,170,true,3,2.3338340394435633e-12
4371,horizontal,4.5300000000000002,171,true,3,1.0643174492144331e-12
4372,horizontal,4.5300000000000002,172,true,4,8.1916172370572185e-13
4373,horizontal,4.5300000000000002,173,true,3,4.9449712144422953e-11
4374,horizontal,4.5300000000000002,174,true,4,6.5410116033834506e-12
4375,horizontal,4.5300000000000002,175,true,2,9.1809747753940561e-11
4376,horizontal,4.5300000000000002,176,true,4,1.0916456599321217e-11
4377,horizontal,4.5300000000000002,177,true,4,2.6223218821242875e-11
4378,horizontal,4.5300000000000002,178,true,3,3.4498126922128932e-12
4379,horizontal,4.5300000000000002,179,true,3,5.2466479895477411e-12
4380,horizontal,4.5300000000000002,180,true,3,1.2424795176674343e-11
4381,horizontal,4.5300000000000002,181,true,3,5.5219257829855427e-12
4382,horizontal,4.5300000000000002,182,true,3,1.6741447139961283e-11
4383,horizontal,4.5300000000000002,183,true,4,7.2742121128583525e-12
4384,horizontal,4.5300000000000002,184,true,3,1.0589812013019351e-12
4385,horizontal,4.5300000000000002,185,true,4,2.1723574806654267e-11
4386,horizontal,4.5300000000000002,186,true,3,8.8239057026872275e-13
4387,horizontal,4.5300000000000002,187,true,3,2.3197665068579917e-11
4388,horizontal,4.5300000000000002,188,true,2,3.6175161155163641e-11
4389,horizontal,4.5300000000000002,189,true,3,5.4803439151253893e-11
4390,horizontal,4.5300000000000002,190,true,3,3.6915485090002776e-13
4391,horizontal,4.5300000000000002,191,true,3,1.5614962373389135e-12
4392,horizontal,4.5300000000000002,192,true,4,7.0663356998201665e-12
4393,horizontal,4.5300000000000002,193,true,3,8.9772122960363348e-11
4394,horizontal,4.5300000000000002,194,true,3,7.7601970938129345e-12
4395,horizontal,4.5300000000000002,195,true,3,9.220201161573052e-11
4396,horizontal,4.5300000000000002,196,true,4,4.4257069643250795e-13
4397,horizontal,4.5300000000000002,197,true,3,1.6874693609684936e-12
4398,horizontal,4.5300000000000002,198,true,4,1.8617787502312298e-11
4399,horizontal,4.5300000000000002,199,true,4,6.9688956628700711e-12
4400,horizontal,4.5300000000000002,200,true,3,1.1795945392651249e-12
4401,horizontal,4.5300000000000002,201,true,3,2.7534455249809983e-12
4402,horizontal,4.5300000000000002,202,true,3,2.9206563011170307e-11
4403,horizontal,4.5300000000000002,203,true,3,9.5123579600361893e-12
4404,horizontal,4.5300000000000002,204,true,3,1.9622414375129295e-12
4405,horizontal,4.5300000000000002,205,true,3,1.0789010446869664e-12
4406,horizontal,4.5300000000000002,206,true,3,3.1557765876063167e-12
4407,horizontal,4.5300000000000002,207,true,2,8.1236816579277755e-11
4408,horizontal,4.5300000000000002,208,true,4,1.7633854675074958e-12
4409,horizontal,4.5300000000000002,209,true,5,3.6211765651245251e-12
4410,horizontal,4.5300000000000002,210,true,2,5.943677632787823e-11
4411,horizontal,4.5300000000000002,211,true,3,4.9258626085199971e-12
4412,horizontal,4.5300000000000002,212,true,4,6.812521420690927e-11
4413,horizontal,4.5300000000000002,213,true,3,8.5684385854417938e-11
4414,horizontal,4.5300000000000002,214,true,4,6.6796468783658273e-12
4415,horizontal,4.5300000000000002,215,true,4,1.0258004118656542e-11
4416,horizontal,4.5300000000000002,216,true,3,2.1288913885312085e-11
4417,horizontal,4.5300000000000002,217,true,3,9.5846966845882853e-12
4418,horizontal,4.5300000000000002,218,true,2,8.967996607536568e-11
4419,horizontal,4.5300000000000002,219,true,3,1.3073706942397708e-11
4420,horizontal,4.5300000000000002,220,true,3,6.2262456974801057e-12
4421,horizontal,4.5300000000000002,221,true,3,1.2336162953561338e-11
4422,horizontal,4.5300000000000002,222,true,3,1.5372928508527188e-12
4423,horizontal,4.5300000000000002,223,true,4,1.2740706485036815e-11
4424,horizontal,4.5300000000000002,224,true,3,2.4802016484475331e-11
4425,horizontal,4.5300000000000002,225,true,3,3.3071458268996864e-11
4426,horizontal,4.5300000000000002,226,true,3,2.4226552094423859e-11
4427,horizontal,4.5300000000000002,227,true,3,1.8453024768227761e-12
4428,horizontal,4.5300000000000002,228,true,3,2.1466074556661016e-11
4429,horizontal,4.5300000000000002,229,true,3,7.0856835773080483e-11
4430,horizontal,4.5300000000000002,230,true,4,2.1576524217293557e-12
4431,horizontal,4.5300000000000002,231,true,4,1.7746966238892733e-12
4432,horizontal,4.5300000000000002,232,true,3,1.4720847836855494e-12
4433,horizontal,4.5300000000000002,233,true,3,1.8063261713079376e-11
4434,horizontal,4.5300000000000002,234,true,4,7.1504619473063196e-12
4435,horizontal,4.5300000000000002,235,true,4,2.0624949299098929e-12
4436,horizontal,4.5300000000000002,236,true,3,2.0366665265174428e-13
4437,horizontal,4.5300000000000002,237,true,3,1.4718499966429723e-11
4438,horizontal,4.5300000000000002,238,true,4,3.8719953658208657e-11
4439,horizontal,4.5300000000000002,239,true,3,3.0385632923095748e-12
4440,horizontal,4.5300000000000002,240,true,3,5.4857540059177354e-11
4441,horizontal,4.5300000000000002,241,true,3,1.9279434932877602e-11
4442,horizontal,4.5300000000000002,242,true,4,2.3366874776401892e-12
4443,horizontal,4.5300000000000002,243,true,4,4.5114361845383281e-11
4444,horizontal,4.5300000000000002,244,true,3,7.2980211243264253e-12
4445,horizontal,4.5300000000000002,245,true,4,3.1973258596215057e-12
4446,horizontal,4.5300000000000002,246,true,3,2.4437531533745764e-13
4447,horizontal,4.5300000000000002,247,true,3,3.0436284135088676e-11
4448,horizontal,4.5300000000000002,248,true,3,2.0720360454076673e-11
4449,horizontal,4.5300000000000002,249,true,3,5.6884568104012303e-12
4450,horizontal,4.5300000000000002,250,true,3,2.0650771730449062e-11
4451,horizontal,4.5300000000000002,251,true,3,9.0661713281451264e-12
4452,horizontal,4.5300000000000002,252,true,4,4.7809131020145344e-12
4453,horizontal,4.5300000000000002,253,true,4,8.9145172240009006e-12
4454,horizontal,4.5300000000000002,254,true,3,1.1661233072296137e-11
4455,horizontal,4.5300000000000002,255,true,3,7.6173025783626343e-12
4456,horizontal,4.5300000000000002,256,true,4,4.4248239088301996e-11
4457,horizontal,4.5300000000000002,257,true,3,7.2979587047116134e-11
4458,horizontal,4.5300000000000002,258,true,3,8.6248165520288511e-12
4459,horizontal,4.5300000000000002,259,true,3,1.6271585014562831e-11
4460,horizontal,4.5300000000000002,260,true,4,9.9766058300229592e-12
4461,horizontal,4.5300000000000002,261,true,3,2.5214595419795701e-11
4462,horizontal,4.5300000000000002,262,true,2,8.5869043216976176e-11
4463,horizontal,4.5300000000000002,263,true,3,8.8816387352878191e-12
4464,horizontal,4.5300000000000002,264,true,4,4.2059406063175494e-11
4465,horizontal,4.5300000000000002,265,true,4,2.3263465228755757e-12
4466,horizontal,4.5300000000000002,266,true,3,7.8171663300262863e-11
4467,horizontal,4.5300000000000002,267,true,3,1.6023364645478478e-11
4468,horizontal,4.5300000000000002,268,true,2,6.3896208482458471e-11
4469,horizontal,4.5300000000000002,269,true,3,3.5579566257457966e-12
4470,horizontal,4.5300000000000002,270,true,2,4.6768446547265735e-11
4471,horizontal,4.5300000000000002,271,true,3,6.3720223750088315e-13
4472,horizontal,4.5300000000000002,272,true,3,9.7021242480643865e-11
4473,horizontal,4.5300000000000002,273,true,3,2.0038486119325296e-11
4474,horizontal,4.5300000000000002,274,true,3,1.8302007211618242e-11
4475,horizontal,4.5300000000000002,275,true,3,6.1595144332707591e-11
4476,horizontal,4.5300000000000002,276,true,4,8.4491052512369188e-12
4477,horizontal,4.5300000000000002,277,true,3,4.3131889358515699e-11
4478,horizontal,4.5300000000000002,278,true,4,4.9714046582020343e-11
4479,horizontal,4.5300000000000002,279,true,3,4.626157055461065e-12
4480,horizontal,4.5300000000000002,280,true,3,1.400389081541787e-11
4481,horizontal,4.5300000000000002,281,true,4,7.2319065078163948e-12
4482,horizontal,4.5300000000000002,282,true,4,1.244827545827592e-12
4483,horizontal,4.5300000000000002,283,true,4,8.8004967115411717e-12
4484,horizontal,4.5300000000000002,284,true,3,4.4436037896846748e-12
4485,horizontal,4.5300000000000002,285,true,4,4.8666030584002966e-12
4486,horizontal,4.5300000000000002,286,true,3,3.4782808930817599e-12
4487,horizontal,4.5300000000000002,287,true,3,2.8109166835876595e-11
4488,horizontal,4.5300000000000002,288,true,3,7.8556888082128196e-12
4489,horizontal,4.5300000000000002,289,true,3,3.291286340060068e-11
4490,horizontal,4.5300000000000002,290,true,3,9.8342307354127598e-12
4491,horizontal,4.5300000000000002,291,true,3,9.5417759893396534e-11
4492,horizontal,4.5300000000000002,292,true,2,3.2570518713323129e-11
4493,horizontal,4.5300000000000002,293,true,3,5.4698922501591648e-11
4494,horizontal,4.5300000000000002,294,true,4,2.3631407181197146e-11
4495,horizontal,4.5300000000000002,295,true,4,1.5807424568113148e-11
4496,horizontal,4.5300000000000002,296,true,4,9.549784269329526e-12
4497,horizontal,4.5300000000000002,297,true,4,2.8152741222928046e-12
4498,horizontal,4.5300000000000002,298,true,3,6.6155260028898899e-12
4499,horizontal,4.5300000000000002,299,true,4,7.808010150948256e-12
4500,horizontal,4.5300000000000002,300,true,4,2.1942196299645736e-11
4501,horizontal,4.5300000000000002,301,true,3,1.1846052921387958e-11
4502,horizontal,4.5300000000000002,302,true,3,1.275086136970661e-11
4503,horizontal,4.5300000000000002,303,true,4,1.4167430039756142e-12
4504,horizontal,4.5300000000000002,304,true,3,1.2742583066523216e-11
4505,horizontal,4.5300000000000002,305,true,3,4.2267904698806225e-11
4506,horizontal,4.5300000000000002,306,true,4,2.9380504437665739e-12
4507,horizontal,4.5300000000000002,307,true,3,5.4036429408952406e-12
4508,horizontal,4.5300000000000002,308,true,4,2.0454310170302698e-12
4509,horizontal,4.5300000000000002,309,true,3,2.1288285286133694e-11
4510,horizontal,4.5300000000000002,310,true,3,8.5140437160453293e-13
4511,horizontal,4.5300000000000002,311,true,2,4.9885607750330492e-11
4512,horizontal,4.5300000000000002,312,true,3,3.4097058460147311e-12
4513,horizontal,4.5300000000000002,313,true,3,8.9358076958178479e-12
4514,horizontal,4.5300000000000002,314,true,3,6.4320388863421277e-11
4515,horizontal,4.5300000000000002,315,true,3,1.4706502010411836e-11
4516,horizontal,4.5300000000000002,316,true,3,2.3242041582780857e-11
4517,horizontal,4.5300000000000002,317,true,3,2.5265355615997551e-11
4518,horizontal,4.5300000000000002,318,true,3,3.0905707395147012e-11
4519,horizontal,4.5300000000000002,319,true,3,2.4008019145741886e-11
4520,horizontal,4.5300000000000002,320,true,3,1.3833677170306499e-11
4521,horizontal,4.5300000000000002,321,true,3,2.6338723183364803e-11
4522,horizontal,4.5300000000000002,322,true,3,2.9383623059655139e-11
4523,horizontal,4.5300000000000002,323,true,4,8.390183810182239e-13
4524,horizontal,4.5300000000000002,324,true,3,1.7634683333921605e-11
4525,horizontal,4.5300000000000002,325,true,3,6.2191330994647721e-11
4526,horizontal,4.5300000000000002,326,true,4,2.3933052279229409e-12
4527,horizontal,4.5300000000000002,327,true,4,4.5640066502367693e-12
4528,horizontal,4.5300000000000002,328,true,3,3.327316870071603e-11
4529,horizontal,4.5300000000000002,329,true,4,2.4412708500054965e-12
4530,horizontal,4.5300000000000002,330,true,3,9.9777553787062721e-11
4531,horizontal,4.5300000000000002,331,true,3,7.6614039503793628e-12
4532,horizontal,4.5300000000000002,332,true,2,3.2042502005164111e-11
4533,horizontal,4.5300000000000002,333,true,3,6.5100913053789307e-12
4534,horizontal,4.5300000000000002,334,true,2,3.8931622642987673e-11
4535,horizontal,4.5300000000000002,335,true,3,6.5969648802653263e-12
4536,horizontal,4.5300000000000002,336,true,3,2.5381711777260779e-11
4537,horizontal,4.5300000000000002,337,true,3,3.8383256194405551e-11
4538,horizontal,4.5300000000000002,338,true,3,2.3594150305473924e-11
4539,horizontal,4.5300000000000002,339,true,3,1.1315166404819099e-12
4540,horizontal,4.5300000000000002,340,true,4,4.4583480801798062e-12
4541,horizontal,4.5300000000000002,341,true,3,2.4134959339607406e-11
4542,horizontal,4.5300000000000002,342,true,3,7.9731350548839696e-12
4543,horizontal,4.5300000000000002,343,true,3,1.0070196534280567e-12
4544,horizontal,4.5300000000000002,344,true,2,3.7468471755514948e-11
4545,horizontal,4.5300000000000002,345,true,3,3.4537509000344812e-11
4546,horizontal,4.5300000000000002,346,true,3,1.4327646059148237e-12
4547,horizontal,4.5300000000000002,347,true,3,4.0333452566282581e-11
4548,horizontal,4.5300000000000002,348,true,3,1.3034754206628719e-12
4549,horizontal,4.5300000000000002,349,true,3,1.9104230978979745e-11
4550,horizontal,4.5300000000000002,350,true,4,6.0980603914430236e-12
4551,horizontal,4.5300000000000002,351,true,4,1.5502051976399868e-11
4552,horizontal,4.5300000000000002,352,true,3,5.8016996696172304e-11
4553,horizontal,4.5300000000000002,353,true,4,3.4438763170666783e-12
4554,horizontal,4.5300000000000002,354,true,3,2.9586303811054309e-11
4555,horizontal,4.5300000000000002,355,true,3,1.9513782995166906e-12
4556,horizontal,4.5300000000000002,356,true,3,8.0663075746230589e-13
4557,horizontal,4.5300000000000002,357,true,3,7.2737287758299684e-12
4558,horizontal,4.5300000000000002,358,true,3,3.1792170929847155e-11
4559,horizontal,4.5300000000000002,359,true,4,5.2291341046460202e-11
4560,horizontal,4.5300000000000002,360,true,3,6.4782898357129905e-11
4561,horizontal,4.5300000000000002,361,true,3,6.7676679495123568e-11
4562,horizontal,4.5300000000000002,362,true,3,5.2764683565257881e-11
4563,horizontal,4.5300000000000002,363,true,4,2.8964288426736836e-11
4564,horizontal,4.5300000000000002,364,true,3,4.2147609017930128e-12
4565,horizontal,4.5300000000000002,365,true,4,1.5429704213015227e-12
4566,horizontal,4.5300000000000002,366,true,4,1.0248554196496587e-11
4567,horizontal,4.5300000000000002,367,true,3,6.864427290520103e-11
4568,horizontal,4.5300000000000002,368,true,3,4.0884028710142735e-11
4569,horizontal,4.5300000000000002,369,true,2,9.9920737987787352e-11
4570,horizontal,4.5300000000000002,370,true,4,8.2755703782743111e-12
4571,horizontal,4.5300000000000002,371,true,4,1.8852390729183205e-11
4572,horizontal,4.5300000000000002,372,true,3,1.1953530920391226e-11
4573,horizontal,4.5300000000000002,373,true,4,3.5265060191453104e-12
4574,horizontal,4.5300000000000002,374,true,3,5.3691003974215949e-13
4575,horizontal,4.5300000000000002,375,true,3,4.2612280209155836e-11
4576,horizontal,4.5300000000000002,376,true,3,3.1716213584455732e-11
4577,horizontal,4.5300000000000002,377,true,3,5.9478763732077035e-11
4578,horizontal,4.5300000000000002,378,true,3,2.6759026922798958e-12
4579,horizontal,4.5300000000000002,379,true,3,1.8711703905387602e-11
4580,horizontal,4.5300000000000002,380,true,3,2.3782790491885961e-13
4581,horizontal,4.5300000000000002,381,true,3,4.4650770448732513e-11
4582,horizontal,4.5300000000000002,382,true,3,6.050405144748989e-11
4583,horizontal,4.5300000000000002,383,true,4,8.7773631222018756e-12
4584,horizontal,4.5300000000000002,384,true,3,2.8613943526060568e-11
4585,horizontal,4.5300000000000002,385,true,3,3.9139614779466105e-12
4586,horizontal,4.5300000000000002,386,true,3,1.284280011582015e-12
4587,horizontal,4.5300000000000002,387,true,4,1.0261112216342049e-11
4588,horizontal,4.5300000000000002,388,true,2,7.0643433797420967e-11
4589,horizontal,4.5300000000000002,389,true,3,9.4326780189250893e-12
4590,horizontal,4.5300000000000002,390,true,4,2.8618621895698742e-12
4591,horizontal,4.5300000000000002,391,true,4,4.2399394468641772e-12
4592,horizontal,4.5300000000000002,392,true,3,1.7816508904722468e-11
4593,horizontal,4.5300000000000002,393,true,3,1.8716502920336428e-11
4594,horizontal,4.5300000000000002,394,true,3,1.1979503792480442e-12
4595,horizontal,4.5300000000000002,395,true,3,9.731392267864349e-12
4596,horizontal,4.5300000000000002,396,true,3,7.0965329611560617e-12
4597,horizontal,4.5300000000000002,397,true,2,2.0284572891020289e-11
4598,horizontal,4.5300000000000002,398,true,3,3.4896433529007082e-11
4599,horizontal,4.5300000000000002,399,true,3,1.4169811399801001e-11
4600,horizontal,4.5300000000000002,400,true,3,8.7592094464522592e-13
4601,horizontal,4.5300000000000002,401,true,3,2.0449246822861934e-11
4602,horizontal,4.5300000000000002,402,true,4,4.5697595003253488e-12
4603,horizontal,4.5300000000000002,403,true,3,8.6431453149997702e-12
4604,horizontal,4.5300000000000002,404,true,3,9.894019353674152e-13
4605,horizontal,4.5300000000000002,405,true,3,1.0648845541877454e-12
4606,horizontal,4.5300000000000002,406,true,3,8.3928644565823728e-11
4607,horizontal,4.5300000000000002,407,true,3,4.153262488400003e-11
4608,horizontal,4.5300000000000002,408,true,3,7.6138862375510217e-12
4609,horizontal,4.5300000000000002,409,true,3,8.0326243696761903e-12
4610,horizontal,4.5300000000000002,410,true,3,1.8662347538946401e-13
4611,horizontal,4.5300000000000002,411,true,3,1.488429891552275e-11
4612,horizontal,4.5300000000000002,412,true,3,2.3395339375505524e-11
4613,horizontal,4.5300000000000002,413,true,2,2.8586665237318323e-11
4614,horizontal,4.5300000000000002,414,true,4,3.6983679590541814e-12
4615,horizontal,4.5300000000000002,415,true,2,7.037687039082204e-11
4616,horizontal,4.5300000000000002,416,true,2,2.7052760488352512e-11
4617,horizontal,4.5300000000000002,417,true,3,5.9446261352253926e-11
4618,horizontal,4.5300000000000002,418,true,3,2.205090362235631e-11
4619,horizontal,4.5300000000000002,419,true,4,8.6980529607924292e-12
4620,horizontal,4.5300000000000002,420,true,4,3.1113745838245058e-11
4621,horizontal,4.5300000000000002,421,true,3,7.2626349080520105e-11
4622,horizontal,4.5300000000000002,422,true,4,1.641600055425946e-11
4623,horizontal,4.5300000000000002,423,true,3,7.3125575729536861e-11
4624,horizontal,4.5300000000000002,424,true,3,4.7031265162186676e-12
4625,horizontal,4.5300000000000002,425,true,4,1.117892025174574e-11
4626,horizontal,4.5300000000000002,426,true,4,1.2059214372073724e-11
4627,horizontal,4.5300000000000002,427,true,4,3.5279103207054389e-12
4628,horizontal,4.5300000000000002,428,true,3,8.6112596545999675e-12
4629,horizontal,4.5300000000000002,429,true,4,1.8929322470742442e-12
4630,horizontal,4.5300000000000002,430,true,3,8.9804844898333998e-11
4631,horizontal,4.5300000000000002,431,true,3,1.1779244369359226e-12
4632,horizontal,4.5300000000000002,432,true,4,1.9415665940684173e-12
4633,horizontal,4.5300000000000002,433,true,4,1.6887425298881061e-12
4634,horizontal,4.5300000000000002,434,true,4,5.6279883137824143e-12
4635,horizontal,4.5300000000000002,435,true,3,5.556242543852857e-12
4636,horizontal,4.5300000000000002,436,true,4,8.5987674441525026e-12
4637,horizontal,4.5300000000000002,437,true,3,2.560743237705256e-12
4638,horizontal,4.5300000000000002,438,true,3,1.9174686393182446e-11
4639,horizontal,4.5300000000000002,439,true,4,5.8556563220890387e-12
4640,horizontal,4.5300000000000002,440,true,4,4.8792418610279489e-12
4641,horizontal,4.5300000000000002,441,true,3,2.2505775538187041e-11
4642,horizontal,4.5300000000000002,442,true,3,4.4907360118062782e-11
4643,horizontal,4.5300000000000002,443,true,4,1.7834615447783221e-12
4644,horizontal,4.5300000000000002,444,true,4,1.807056241945429e-12
4645,horizontal,4.5300000000000002,445,true,3,3.6070649914398049e-12
4646,horizontal,4.5300000000000002,446,true,3,5.5169743626632052e-12
4647,horizontal,4.5300000000000002,447,true,2,8.725899928701853e-11
4648,horizontal,4.5300000000000002,448,true,4,7.1088747377521218e-12
4649,horizontal,4.5300000000000002,449,true,3,6.3907752485833717e-13
4650,horizontal,4.5300000000000002,450,true,3,5.5759140700743378e-11
4651,horizontal,4.5300000000000002,451,true,3,2.8800790339205979e-12
4652,horizontal,4.5300000000000002,452,true,3,1.1935849847747083e-11
4653,horizontal,4.5300000000000002,453,true,3,7.493845045512283e-12
4654,horizontal,4.5300000000000002,454,true,3,1.6288286385523676e-11
4655,horizontal,4.5300000000000002,455,true,3,1.7332361837511939e-11
4656,horizontal,4.5300000000000002,456,true,3,4.3850798852376684e-12
4657,horizontal,4.5300000000000002,457,true,3,2.8162775042485652e-12
4658,horizontal,4.5300000000000002,458,true,3,5.9402328401837827e-12
4659,horizontal,4.5300000000000002,459,true,2,8.5010563207960012e-11
4660,horizontal,4.5300000000000002,460,true,2,5.9128255215422583e-11
4661,horizontal,4.5300000000000002,461,true,3,6.0848506864593338e-11
4662,horizontal,4.5300000000000002,462,true,3,1.622532537492881e-11
4663,horizontal,4.5300000000000002,463,true,4,3.859157131698771e-12
4664,horizontal,4.5300000000000002,464,true,4,1.5619287368858904e-11
4665,horizontal,4.5300000000000002,465,true,3,3.9896867665584612e-11
4666,horizontal,4.5300000000000002,466,true,3,1.809244851549997e-12
4667,horizontal,4.5300000000000002,467,true,3,2.8196051578084985e-12
4668,horizontal,4.5300000000000002,468,true,3,3.6392138510415892e-12
4669,horizontal,4.5300000000000002,469,true,4,7.7645062389937055e-12
4670,horizontal,4.5300000000000002,470,true,3,7.8454267748670883e-11
4671,horizontal,4.5300000000000002,471,true,3,2.1173404147860703e-11
4672,horizontal,4.5300000000000002,472,true,3,2.5643647409924944e-12
4673,horizontal,4.5300000000000002,473,true,3,2.9579154268905202e-12
4674,horizontal,4.5300000000000002,474,true,4,1.8494237841770766e-11
4675,horizontal,4.5300000000000002,475,true,3,8.6197727543775815e-13
4676,horizontal,4.5300000000000002,476,true,2,5.5342414682280086e-11
4677,horizontal,4.5300000000000002,477,true,3,3.0454619649781416e-11
4678,horizontal,4.5300000000000002,478,true,3,7.7355022715512949e-11
4679,horizontal,4.5300000000000002,479,true,4,2.1832149737242027e-12
4680,horizontal,4.5300000000000002,480,true,3,4.9998645405791778e-11
4681,horizontal,4.5300000000000002,481,true,3,6.8821055404372331e-11
4682,horizontal,4.5300000000000002,482,true,4,3.1543382981137306e-11
4683,horizontal,4.5300000000000002,483,true,3,5.5084160637695147e-11
4684,horizontal,4.5300000000000002,484,true,4,4.135141677827356e-11
4685,horizontal,4.5300000000000002,485,true,4,1.4561148925296426e-12
4686,horizontal,4.5300000000000002,486,true,3,3.518903780426592e-12
4687,horizontal,4.5300000000000002,487,true,4,5.3542586691455612e-12
4688,horizontal,4.5300000000000002,488,true,3,6.3434516105283901e-11
4689,horizontal,4.5300000000000002,489,true,3,1.9721629950507178e-11
4690,horizontal,4.5300000000000002,490,true,5,4.0619214646691816e-12
4691,horizontal,4.5300000000000002,491,true,4,2.3260624643320858e-11
4692,horizontal,4.5300000000000002,492,true,4,2.3086731513923884e-12
4693,horizontal,4.5300000000000002,493,true,3,1.4135126447619843e-11
4694,horizontal,4.5300000000000002,494,true,4,7.2432268757929599e-12
4695,horizontal,4.5300000000000002,495,true,3,1.8232236533656809e-11
4696,horizontal,4.5300000000000002,496,true,3,6.7957663915346116e-11
4697,horizontal,4.5300000000000002,497,true,3,6.0629000886367445e-12
4698,horizontal,4.5300000000000002,498,true,3,1.4162239905554492e-11
4699,horizontal,4.5300000000000002,499,true,3,4.163774567468064e-11
4700,horizontal,4.5300000000000002,500,true,3,1.2861085727874469e-11
4701,horizontal,4.5300000000000002,501,true,3,3.0081280725355799e-12
4702,horizontal,4.5300000000000002,502,true,3,1.7050004371294493e-12
4703,horizontal,4.5300000000000002,503,true,3,3.6875187700688354e-13
4704,horizontal,4.5300000000000002,504,true,3,8.9879695957077326e-12
4705,horizontal,4.5300000000000002,505,true,4,3.1238380484413347e-12
4706,horizontal,4.5300000000000002,506,true,3,2.603735678109494e-11
4707,horizontal,4.5300000000000002,507,true,3,7.1013948307562166e-11
4708,horizontal,4.5300000000000002,508,true,3,2.4734334526570316e-12
4709,horizontal,4.5300000000000002,509,true,2,7.6650032719448823e-11
4710,horizontal,4.5300000000000002,510,true,3,4.4824205300449121e-11
4711,horizontal,4.5300000000000002,511,true,3,3.3018306016144669e-11
4712,horizontal,4.5300000000000002,512,true,2,7.5140072948617604e-11
4713,horizontal,4.5300000000000002,513,true,2,3.9758889439511276e-11
4714,horizontal,4.5300000000000002,514,true,3,1.2033108415507076e-12
4715,horizontal,4.5300000000000002,515,true,3,1.5524136739722717e-11
4716,horizontal,4.5300000000000002,516,true,2,1.7285005386172831e-11
4717,horizontal,4.5300000000000002,517,true,3,2.2662820493851987e-12
4718,horizontal,4.5300000000000002,518,true,3,3.4843699992877118e-11
4719,horizontal,4.5300000000000002,519,true,4,1.3319109341825575e-11
4720,horizontal,4.5300000000000002,520,true,3,1.185950901042428e-11
4721,horizontal,4.5300000000000002,521,true,3,2.7699346515263165e-11
4722,horizontal,4.5300000000000002,522,true,4,8.9167098084439378e-12
4723,horizontal,4.5300000000000002,523,true,4,3.4473618443666166e-11
4724,horizontal,4.5300000000000002,524,true,3,9.8034574666392882e-13
4725,horizontal,4.5300000000000002,525,true,3,1.4403289524488891e-11
4726,horizontal,4.5300000000000002,526,true,3,1.395275039795748e-11
4727,horizontal,4.5300000000000002,527,true,3,3.5775340926527947e-11
4728,horizontal,4.5300000000000002,528,true,3,3.0603941717946608e-11
4729,horizontal,4.5300000000000002,529,true,3,8.3428267564179884e-13
4730,horizontal,4.5300000000000002,530,true,3,1.9261837976311951e-13
4731,horizontal,4.5300000000000002,531,true,3,1.7915209468912137e-11
4732,horizontal,4.5300000000000002,532,true,3,8.2484966064141559e-12
4733,horizontal,4.5300000000000002,533,true,3,3.077137028330882e-11
4734,horizontal,4.5300000000000002,534,true,3,1.7825895744804774e-12
4735,horizontal,4.5300000000000002,535,true,3,5.67299882326817e-11
4736,horizontal,4.5300000000000002,536,true,3,5.3003990148096711e-11
4737,horizontal,4.5300000000000002,537,true,3,2.375418397220772e-12
4738,horizontal,4.5300000000000002,538,true,3,1.9620580306087466e-11
4739,horizontal,4.5300000000000002,539,true,3,5.1042659863873428e-13
4740,horizontal,4.5300000000000002,540,true,3,2.4492012859874521e-11
4741,horizontal,4.5300000000000002,541,true,3,4.5747253514582902e-11
4742,horizontal,4.5300000000000002,542,true,4,5.1285901850231815e-12
4743,horizontal,4.5300000000000002,543,true,3,2.9019491253554478e-11
4744,horizontal,4.5300000000000002,544,true,3,1.5585123791716588e-12
4745,horizontal,4.5300000000000002,545,true,3,5.2102541476117013e-12
4746,horizontal,4.5300000000000002,546,true,3,8.1326608821285689e-12
4747,horizontal,4.5300000000000002,547,true,3,2.7213926916665286e-11
4748,horizontal,4.5300000000000002,548,true,4,4.0848864188560016e-12
4749,horizontal,4.5300000000000002,549,true,3,4.0401449992962303e-12
4750,horizontal,4.5300000000000002,550,true,3,9.2372270359955274e-13
4751,horizontal,4.5300000000000002,551,true,4,1.4642541386645538e-11
4752,horizontal,4.5300000000000002,552,true,3,7.5291460523698846e-11
4753,horizontal,4.5300000000000002,553,true,4,4.5255184860296487e-12
4754,horizontal,4.5300000000000002,554,true,3,3.7999304512481678e-11
4755,horizontal,4.5300000000000002,555,true,3,3.3089788059267406e-11
4756,horizontal,4.5300000000000002,556,true,3,6.0011851610526136e-11
4757,horizontal,4.5300000000000002,557,true,3,9.873964109740957e-11
4758,horizontal,4.5300000000000002,558,true,3,4.0477365936020588e-12
4759,horizontal,4.5300000000000002,559,true,3,5.3691898026039162e-11
4760,horizontal,4.5300000000000002,560,true,3,5.7390841881235651e-12
4761,horizontal,4.5300000000000002,561,true,4,2.9126387891773257e-12
4762,horizontal,4.5300000000000002,562,true,4,2.6957585495451594e-11
4763,horizontal,4.5300000000000002,563,true,4,5.3778726424517902e-12
4764,horizontal,4.5300000000000002,564,true,3,6.4563693259379697e-11
4765,horizontal,4.5300000000000002,565,true,3,3.7659398605719675e-12
4766,horizontal,4.5300000000000002,566,true,3,1.4325174207024499e-12
4767,horizontal,4.5300000000000002,567,true,3,3.4416973002158926e-13
4768,horizontal,4.5300000000000002,568,true,3,7.2463384509152813e-12
4769,horizontal,4.5300000000000002,569,true,4,3.3419020052673255e-11
4770,horizontal,4.5300000000000002,570,true,4,5.43271193750047e-13
4771,horizontal,4.5300000000000002,571,true,4,7.6560361108668805e-12
4772,horizontal,4.5300000000000002,572,true,3,5.7287375925408899e-11
4773,horizontal,4.5300000000000002,573,true,3,9.7662728816838205e-11
4774,horizontal,4.5300000000000002,574,true,4,3.5272454195115796e-12
4775,horizontal,4.5300000000000002,575,true,4,2.6799447537133134e-12
4776,horizontal,4.5300000000000002,576,true,3,5.0346154445262563e-12
4777,horizontal,4.5300000000000002,577,true,4,1.4056341774297291e-11
4778,horizontal,4.5300000000000002,578,true,3,7.542918846355685e-12
4779,horizontal,4.5300000000000002,579,true,4,5.163037938094239e-12
4780,horizontal,4.5300000000000002,580,true,3,3.5320055267795381e-11
4781,horizontal,4.5300000000000002,581,true,3,3.7365679685027234e-12
4782,horizontal,4.5300000000000002,582,true,3,3.6613828511675771e-11
4783,horizontal,4.5300000000000002,583,true,3,6.624748547151728e-12
4784,horizontal,4.5300000000000002,584,true,3,7.8086353287736107e-12
4785,horizontal,4.5300000000000002,585,true,3,2.0474895310707837e-11
4786,horizontal,4.5300000000000002,586,true,3,1.4630792727162497e-12
4787,horizontal,4.5300000000000002,587,true,3,2.0071045309802809e-13
4788,horizontal,4.5300000000000002,588,true,3,1.2939034717481649e-11
4789,horizontal,4.5300000000000002,589,true,3,9.0511884136996343e-12
4790,horizontal,4.5300000000000002,590,true,3,9.9831812856053551e-11
4791,horizontal,4.5300000000000002,591,true,3,1.2658479331525272e-11
4792,horizontal,4.5300000000000002,592,true,4,7.7034991375820241e-12
4793,horizontal,4.5300000000000002,593,true,3,5.0459057643624101e-11
4794,horizontal,4.5300000000000002,594,true,3,2.0034032476392271e-11
4795,horizontal,4.5300000000000002,595,true,3,7.0451350876718343e-11
4796,horizontal,4.5300000000000002,596,true,3,9.9671278463975252e-11
4797,horizontal,4.5300000000000002,597,true,3,2.8590798720195376e-11
4798,horizontal,4.5300000000000002,598,true,3,2.2024102371008058e-11
4799,horizontal,4.5300000000000002,599,true,3,4.1910869894053672e-11
4800,horizontal,4.5300000000000002,600,true,3,8.4461681018364058e-12
4801,horizontal,6.4000000000000004,1,true,2,5.0769754329408455e-11
4802,horizontal,6.4000000000000004,2,true,4,1.9214512748610469e-11
4803,horizontal,6.4000000000000004,3,true,3,6.5402912677355691e-11
4804,horizontal,6.4000000000000004,4,true,3,2.8713118140599304e-11
4805,horizontal,6.4000000000000004,5,true,3,3.9709377253679743e-13
4806,horizontal,6.4000000000000004,6,true,4,7.4874623446649939e-12
4807,horizontal,6.4000000000000004,7,true,3,6.4074542274010147e-12
4808,horizontal,6.4000000000000004,8,true,4,5.555628200161191e-13
4809,horizontal,6.4000000000000004,9,true,3,1.1714707989905696e-11
4810,horizontal,6.4000000000000004,10,true,3,9.3690903290459114e-12
4811,horizontal,6.4000000000000004,11,true,5,6.6567901454612838e-12
4812,horizontal,6.4000000000000004,12,true,4,3.5121567450007639e-12
4813,horizontal,6.4000000000000004,13,true,4,2.9514826638567972e-11
4814,horizontal,6.4000000000000004,14,true,3,1.996462019352167e-11
4815,horizontal,6.4000000000000004,15,true,4,7.5407098416498056e-12
4816,horizontal,6.4000000000000004,16,true,5,8.7014114444501918e-12
4817,horizontal,6.4000000000000004,17,true,3,2.254646292382706e-11
4818,horizontal,6.4000000000000004,18,true,3,4.4375713538847932e-12
4819,horizontal,6.4000000000000004,19,true,3,3.5131723912697768e-11
4820,horizontal,6.4000000000000004,20,true,4,2.2617349482431753e-12
4821,horizontal,6.4000000000000004,21,true,3,5.723766061661172e-11
4822,horizontal,6.4000000000000004,22,true,3,9.283482878778948e-12
4823,horizontal,6.4000000000000004,23,true,5,7.1673870429829478e-12
4824,horizontal,6.4000000000000004,24,true,4,1.0925686741375923e-11
4825,horizontal,6.4000000000000004,25,true,5,4.0209681112404153e-12
4826,horizontal,6.4000000000000004,26,true,5,5.8849508306860564e-12
4827,horizontal,6.4000000000000004,27,true,5,1.5374157744972559e-12
4828,horizontal,6.4000000000000004,28,true,5,1.4131947018963448e-11
4829,horizontal,6.4000000000000004,29,true,4,2.1033466365124425e-12
4830,horizontal,6.4000000000000004,30,true,4,1.5722029084902274e-11
4831,horizontal,6.4000000000000004,31,true,3,5.2673067272856796e-12
4832,horizontal,6.4000000000000004,32,true,4,6.7444840058531072e-11
4833,horizontal,6.4000000000000004,33,true,3,2.1681031244828059e-11
4834,horizontal,6.4000000000000004,34,true,5,5.8849568644763096e-12
4835,horizontal,6.4000000000000004,35,true,4,5.3747719533502476e-11
4836,horizontal,6.4000000000000004,36,true,4,1.2524073472042712e-11
4837,horizontal,6.4000000000000004,37,true,3,1.4411045356773109e-11
4838,horizontal,6.4000000000000004,38,true,4,3.1569023478289023e-12
4839,horizontal,6.4000000000000004,39,true,4,5.7174302970831463e-11
4840,horizontal,6.4000000000000004,40,true,3,9.6519388857293737e-11
4841,horizontal,6.4000000000000004,41,true,4,2.2036388359945335e-12
4842,horizontal,6.4000000000000004,42,true,3,3.9232002166681561e-11
4843,horizontal,6.4000000000000004,43,true,4,8.8550105436754895e-12
4844,horizontal,6.4000000000000004,44,true,4,3.8393355849148041e-12
4845,horizontal,6.4000000000000004,45,true,3,9.3364864097098058e-12
4846,horizontal,6.4000000000000004,46,true,4,8.0609748820849866e-12
4847,horizontal,6.4000000000000004,47,true,5,1.3103774424108697e-11
4848,horizontal,6.4000000000000004,48,true,4,8.3602345960130733e-11
4849,horizontal,6.4000000000000004,49,true,4,5.4537769955323004e-11
4850,horizontal,6.4000000000000004,50,true,3,6.9308063232001069e-11
4851,horizontal,6.4000000000000004,51,true,4,8.901748138973856e-12
4852,horizontal,6.4000000000000004,52,true,4,4.8351580986272351e-11
4853,horizontal,6.4000000000000004,53,true,4,1.9963289870463367e-12
4854,horizontal,6.4000000000000004,54,true,3,6.5131941090317797e-11
4855,horizontal,6.4000000000000004,55,true,3,3.9624805813204397e-11
4856,horizontal,6.4000000000000004,56,true,4,1.2717960766985758e-11
4857,horizontal,6.4000000000000004,57,true,4,2.2558695744054283e-11
4858,horizontal,6.4000000000000004,58,true,4,1.1142368196550982e-12
4859,horizontal,6.4000000000000004,59,true,4,1.1864497865255881e-11
4860,horizontal,6.4000000000000004,60,true,4,5.752271661463429e-12
4861,horizontal,6.4000000000000004,61,true,3,4.5316250261477984e-12
4862,horizontal,6.4000000000000004,62,true,4,3.0589153576883718e-11
4863,horizontal,6.4000000000000004,63,true,3,8.704777946924801e-12
4864,horizontal,6.4000000000000004,64,true,3,8.7121293860615975e-12
4865,horizontal,6.4000000000000004,65,true,5,6.3014680343483375e-12
4866,horizontal,6.4000000000000004,66,true,3,6.9749845556275446e-11
4867,horizontal,6.4000000000000004,67,true,4,4.8371500453604658e-12
4868,horizontal,6.4000000000000004,68,true,4,2.1104372158960006e-11
4869,horizontal,6.4000000000000004,69,true,4,6.5171512107614193e-12
4870,horizontal,6.4000000000000004,70,true,3,4.3465430121547197e-11
4871,horizontal,6.4000000000000004,71,true,4,1.4514576128579439e-11
4872,horizontal,6.4000000000000004,72,true,4,7.2060428280002378e-11
4873,horizontal,6.4000000000000004,73,true,3,3.963939514742909e-11
4874,horizontal,6.4000000000000004,74,true,3,4.140752023189081e-11
4875,horizontal,6.4000000000000004,75,true,3,2.2318789040835198e-12
4876,horizontal,6.4000000000000004,76,true,3,9.0971503347063613e-11
4877,horizontal,6.4000000000000004,77,true,3,3.7704187177670818e-11
4878,horizontal,6.4000000000000004,78,true,4,5.6326034062712969e-11
4879,horizontal,6.4000000000000004,79,true,3,9.0182830522703757e-12
4880,horizontal,6.4000000000000004,80,true,4,1.798534882156764e-12
4881,horizontal,6.4000000000000004,81,true,4,1.613036934027787e-12
4882,horizontal,6.4000000000000004,82,true,4,9.4825387892593382e-13
4883,horizontal,6.4000000000000004,83,true,3,6.9822392365771325e-12
4884,horizontal,6.4000000000000004,84,true,3,1.2190717786513472e-11
4885,horizontal,6.4000000000000004,85,true,5,4.254597983779601e-12
4886,horizontal,6.4000000000000004,86,true,3,4.9783502723537021e-11
4887,horizontal,6.4000000000000004,87,true,4,5.0710099314303136e-11
4888,horizontal,6.4000000000000004,88,true,3,8.4393569861578573e-11
4889,horizontal,6.4000000000000004,89,true,4,1.3725565735791196e-11
4890,horizontal,6.4000000000000004,90,true,4,1.0354792211737398e-11
4891,horizontal,6.4000000000000004,91,true,4,2.5035185181233021e-11
4892,horizontal,6.4000000000000004,92,true,3,1.3479669120983247e-11
4893,horizontal,6.4000000000000004,93,true,4,2.3759289862689179e-11
4894,horizontal,6.4000000000000004,94,true,4,2.7429413116586887e-11
4895,horizontal,6.4000000000000004,95,true,3,1.3161553103302862e-11
4896,horizontal,6.4000000000000004,96,true,4,3.1741656409056225e-13
4897,horizontal,6.4000000000000004,97,true,3,1.3982240368459659e-12
4898,horizontal,6.4000000000000004,98,true,4,5.3186610300624557e-13
4899,horizontal,6.4000000000000004,99,true,5,3.5602715804547709e-12
4900,horizontal,6.4000000000000004,100,true,4,1.308809075320834e-12
4901,horizontal,6.4000000000000004,101,true,4,7.2364294113246125e-11
4902,horizontal,6.4000000000000004,102,true,3,4.6737995716251632e-12
4903,horizontal,6.4000000000000004,103,true,3,5.4658324797543039e-11
4904,horizontal,6.4000000000000004,104,true,3,5.1773842458873431e-11
4905,horizontal,6.4000000000000004,105,true,3,5.0974354318479612e-11
4906,horizontal,6.4000000000000004,106,true,3,2.4856843425047396e-12
4907,horizontal,6.4000000000000004,107,true,4,6.9188766933645225e-12
4908,horizontal,6.4000000000000004,108,true,3,7.8411504057136512e-11
4909,horizontal,6.4000000000000004,109,true,4,1.2854536345413116e-11
4910,horizontal,6.4000000000000004,110,true,3,5.7140640873077489e-11
4911,horizontal,6.4000000000000004,111,true,4,2.8759716202601267e-11
4912,horizontal,6.4000000000000004,112,true,3,3.5853443313908297e-11
4913,horizontal,6.4000000000000004,113,true,2,6.1247545266780268e-11
4914,horizontal,6.4000000000000004,114,true,3,1.0040395546153609e-11
4915,horizontal,6.4000000000000004,115,true,4,1.960029466730202e-11
4916,horizontal,6.4000000000000004,116,true,3,8.6489299250237832e-11
4917,horizontal,6.4000000000000004,117,true,3,8.6585136294019948e-12
4918,horizontal,6.4000000000000004,118,true,4,2.2089369434323736e-11
4919,horizontal,6.4000000000000004,119,true,3,9.9426057788936038e-11
4920,horizontal,6.4000000000000004,120,true,3,1.5398927376364388e-11
4921,horizontal,6.4000000000000004,121,true,3,2.9336767625043004e-11
4922,horizontal,6.4000000000000004,122,true,3,5.1902297304533259e-12
4923,horizontal,6.4000000000000004,123,true,3,1.1667192173789971e-11
4924,horizontal,6.4000000000000004,124,true,4,2.8345871015960361e-11
4925,horizontal,6.4000000000000004,125,true,3,2.9777077097726593e-11
4926,horizontal,6.4000000000000004,126,true,3,4.7957174242013476e-12
4927,horizontal,6.4000000000000004,127,true,2,4.1214191939370694e-11
4928,horizontal,6.4000000000000004,128,true,3,6.3633171116205918e-12
4929,horizontal,6.4000000000000004,129,true,3,1.0636767146255043e-11
4930,horizontal,6.4000000000000004,130,true,3,3.0661698530730595e-11
4931,horizontal,6.4000000000000004,131,true,4,3.5686214499848097e-12
4932,horizontal,6.4000000000000004,132,true,3,8.7270975537004529e-11
4933,horizontal,6.4000000000000004,133,true,3,6.6523873989349139e-11
4934,horizontal,6.4000000000000004,134,true,3,6.7217956631370338e-11
4935,horizontal,6.4000000000000004,135,true,4,7.1034413281869556e-11
4936,horizontal,6.4000000000000004,136,true,3,3.2023082386283373e-11
4937,horizontal,6.4000000000000004,137,true,5,3.0954515394734867e-12
4938,horizontal,6.4000000000000004,138,true,4,4.5417770426963898e-12
4939,horizontal,6.4000000000000004,139,true,3,2.8778612377655587e-11
4940,horizontal,6.4000000000000004,140,true,4,1.1626907191612186e-11
4941,horizontal,6.4000000000000004,141,true,4,1.0823366034797437e-12
4942,horizontal,6.4000000000000004,142,true,4,2.8273484047583304e-11
4943,horizontal,6.4000000000000004,143,true,4,4.4044294731241193e-12
4944,horizontal,6.4000000000000004,144,true,4,2.4508498867995177e-11
4945,horizontal,6.4000000000000004,145,true,3,2.2596498865407604e-11
4946,horizontal,6.4000000000000004,146,true,4,8.7541849962566482e-11
4947,horizontal,6.4000000000000004,147,true,3,7.917572980244604e-11
4948,horizontal,6.4000000000000004,148,true,4,1.2697982417926685e-11
4949,horizontal,6.4000000000000004,149,true,3,9.5572504315532145e-12
4950,horizontal,6.4000000000000004,150,true,4,3.0118427063762387e-12
4951,horizontal,6.4000000000000004,151,true,5,2.7825111526147368e-12
4952,horizontal,6.4000000000000004,152,true,3,7.6958654630840463e-11
4953,horizontal,6.4000000000000004,153,true,3,8.6524433849256291e-12
4954,horizontal,6.4000000000000004,154,true,3,7.4147470122834767e-11
4955,horizontal,6.4000000000000004,155,true,3,1.3575791232182775e-11
4956,horizontal,6.4000000000000004,156,true,3,2.9702705098461624e-11
4957,horizontal,6.4000000000000004,157,true,3,2.4939956971279919e-11
4958,horizontal,6.4000000000000004,158,true,4,2.7468230956557867e-11
4959,horizontal,6.4000000000000004,159,true,3,1.6312902481435665e-11
4960,horizontal,6.4000000000000004,160,true,5,9.7019573848796119e-12
4961,horizontal,6.4000000000000004,161,true,4,1.8253769054097883e-11
4962,horizontal,6.4000000000000004,162,true,4,6.5697613018667526e-13
4963,horizontal,6.4000000000000004,163,true,4,6.7219341989619536e-12
4964,horizontal,6.4000000000000004,164,true,4,5.2783223097296071e-12
4965,horizontal,6.4000000000000004,165,true,3,2.2665602048141862e-11
4966,horizontal,6.4000000000000004,166,true,3,3.8271815609405381e-11
4967,horizontal,6.4000000000000004,167,true,5,6.1384825920310137e-12
4968,horizontal,6.4000000000000004,168,true,4,2.0106971603506392e-11
4969,horizontal,6.4000000000000004,169,true,3,1.8275327840961039e-11
4970,horizontal,6.4000000000000004,170,true,3,1.2946939309792964e-11
4971,horizontal,6.4000000000000004,171,true,3,6.4726219382309262e-12
4972,horizontal,6.4000000000000004,172,true,4,7.5370206629018782e-12
4973,horizontal,6.4000000000000004,173,true,4,1.3500625166276064e-11
4974,horizontal,6.4000000000000004,174,true,4,4.4746197818210856e-11
4975,horizontal,6.4000000000000004,175,true,3,3.9946016019474845e-12
4976,horizontal,6.4000000000000004,176,true,4,8.7607376243331274e-11
4977,horizontal,6.4000000000000004,177,true,5,1.4928263818753742e-11
4978,horizontal,6.4000000000000004,178,true,3,1.9563784312676884e-11
4979,horizontal,6.4000000000000004,179,true,3,2.8339795316287041e-11
4980,horizontal,6.4000000000000004,180,true,3,6.8944428276228468e-11
4981,horizontal,6.4000000000000004,181,true,3,3.0399219534152502e-11
4982,horizontal,6.4000000000000004,182,true,3,9.196802671343408e-11
4983,horizontal,6.4000000000000004,183,true,4,5.9815281817228353e-11
4984,horizontal,6.4000000000000004,184,true,3,6.076507037837099e-12
4985,horizontal,6.4000000000000004,185,true,5,7.3612259849834676e-12
4986,horizontal,6.4000000000000004,186,true,3,5.7818328209539307e-12
4987,horizontal,6.4000000000000004,187,true,4,1.7017575139765903e-12
4988,horizontal,6.4000000000000004,188,true,3,5.2871673148071049e-12
4989,horizontal,6.4000000000000004,189,true,4,8.5671080303215206e-12
4990,horizontal,6.4000000000000004,190,true,3,1.3460710413558361e-12
4991,horizontal,6.4000000000000004,191,true,3,8.6731662401890965e-12
4992,horizontal,6.4000000000000004,192,true,4,5.5689862495089337e-11
4993,horizontal,6.4000000000000004,193,true,4,2.7700646954865192e-12
4994,horizontal,6.4000000000000004,194,true,3,4.1847208236438599e-11
4995,horizontal,6.4000000000000004,195,true,4,5.0042177885638982e-12
4996,horizontal,6.4000000000000004,196,true,4,3.5799662467355442e-12
4997,horizontal,6.4000000000000004,197,true,3,9.5743142120883268e-12
4998,horizontal,6.4000000000000004,198,true,5,5.407262085153403e-12
4999,horizontal,6.4000000000000004,199,true,4,5.3696658555918301e-11
5000,horizontal,6.4000000000000004,200,true,3,6.4614837903680373e-12
5001,horizontal,6.4000000000000004,201,true,3,1.6237440687649705e-11
5002,horizontal,6.4000000000000004,202,true,4,2.3901841880250418e-12
5003,horizontal,6.4000000000000004,203,true,3,5.5152832139349662e-11
5004,horizontal,6.4000000000000004,204,true,3,1.0628783945161496e-11
5005,horizontal,6.4000000000000004,205,true,3,6.4090632306174344e-12
5006,horizontal,6.4000000000000004,206,true,3,1.7968086384385022e-11
5007,horizontal,6.4000000000000004,207,true,3,1.4415836831501887e-12
5008,horizontal,6.4000000000000004,208,true,4,1.3279592413853457e-11
5009,horizontal,6.4000000000000004,209,true,5,4.7059449676600882e-11
5010,horizontal,6.4000000000000004,210,true,3,1.0421119560507426e-12
5011,horizontal,6.4000000000000004,211,true,3,2.7451567636192412e-11
5012,horizontal,6.4000000000000004,212,true,5,1.2430428731585227e-11
5013,horizontal,6.4000000000000004,213,true,4,3.3705129026515666e-12
5014,horizontal,6.4000000000000004,214,true,4,5.5948703413780512e-11
5015,horizontal,6.4000000000000004,215,true,4,7.6942587326599245e-11
5016,horizontal,6.4000000000000004,216,true,4,1.6743639697655549e-12
5017,horizontal,6.4000000000000004,217,true,3,5.090561473360429e-11
5018,horizontal,6.4000000000000004,218,true,3,1.330902645129123e-12
5019,horizontal,6.4000000000000004,219,true,3,7.0709030689171243e-11
5020,horizontal,6.4000000000000004,220,true,3,3.6176253022184002e-11
5021,horizontal,6.4000000000000004,221,true,3,7.1145772919788364e-11
5022,horizontal,6.4000000000000004,222,true,3,8.4042273360442713e-12
5023,horizontal,6.4000000000000004,223,true,5,3.5279341643882949e-12
5024,horizontal,6.4000000000000004,224,true,4,7.5953502107236236e-12
5025,horizontal,6.4000000000000004,225,true,4,5.0067754290754167e-12
5026,horizontal,6.4000000000000004,226,true,4,3.3756497915090927e-12
5027,horizontal,6.4000000000000004,227,true,3,1.0118162595318657e-11
5028,horizontal,6.4000000000000004,228,true,4,3.48160038789977e-12
5029,horizontal,6.4000000000000004,229,true,4,1.2597503026314425e-11
5030,horizontal,6.4000000000000004,230,true,4,1.5638968918291189e-11
5031,horizontal,6.4000000000000004,231,true,4,1.4876311479871815e-11
5032,horizontal,6.4000000000000004,232,true,3,7.62313345908311e-12
5033,horizontal,6.4000000000000004,233,true,3,9.8403470793393597e-11
5034,horizontal,6.4000000000000004,234,true,4,5.2826450301924665e-11
5035,horizontal,6.4000000000000004,235,true,4,1.6932382865009406e-11
5036,horizontal,6.4000000000000004,236,true,3,1.6074033354942503e-12
5037,horizontal,6.4000000000000004,237,true,3,7.9670640392920629e-11
5038,horizontal,6.4000000000000004,238,true,5,1.5551495382527087e-11
5039,horizontal,6.4000000000000004,239,true,3,1.6159489667143241e-11
5040,horizontal,6.4000000000000004,240,true,4,1.8925237349291961e-11
5041,horizontal,6.4000000000000004,241,true,4,1.7721808249259174e-12
5042,horizontal,6.4000000000000004,242,true,4,1.7826117462630396e-11
5043,horizontal,6.4000000000000004,243,true,5,2.037600807903589e-11
5044,horizontal,6.4000000000000004,244,true,3,4.22666719481014e-11
5045,horizontal,6.4000000000000004,245,true,4,2.4665742453236528e-11
5046,horizontal,6.4000000000000004,246,true,3,1.3183154205909773e-12
5047,horizontal,6.4000000000000004,247,true,4,2.3831004892378141e-12
5048,horizontal,6.4000000000000004,248,true,4,3.2806527257401285e-12
5049,horizontal,6.4000000000000004,249,true,3,3.0695048662915337e-11
5050,horizontal,6.4000000000000004,250,true,4,2.2828881165282996e-12
5051,horizontal,6.4000000000000004,251,true,3,5.1972954393076629e-11
5052,horizontal,6.4000000000000004,252,true,4,3.5343198936440698e-11
5053,horizontal,6.4000000000000004,253,true,4,6.9699736699185132e-11
5054,horizontal,6.4000000000000004,254,true,3,6.6938363231704064e-11
5055,horizontal,6.4000000000000004,255,true,3,4.1650885802284008e-11
5056,horizontal,6.4000000000000004,256,true,5,1.5509609802473174e-11
5057,horizontal,6.4000000000000004,257,true,4,9.462567497045913e-12
5058,horizontal,6.4000000000000004,258,true,3,4.8020964857579565e-11
5059,horizontal,6.4000000000000004,259,true,3,9.2610977302552559e-11
5060,horizontal,6.4000000000000004,260,true,4,7.5183332200586093e-11
5061,horizontal,6.4000000000000004,261,true,4,1.9046817300235471e-11
5062,horizontal,6.4000000000000004,262,true,3,2.6345537363511687e-11
5063,horizontal,6.4000000000000004,263,true,3,4.2661653467507621e-11
5064,horizontal,6.4000000000000004,264,true,5,1.9002316342011128e-12
5065,horizontal,6.4000000000000004,265,true,4,1.8105507244604316e-11
5066,horizontal,6.4000000000000004,266,true,4,8.4053812302162383e-12
5067,horizontal,6.4000000000000004,267,true,3,9.6706648738674509e-11
5068,horizontal,6.4000000000000004,268,true,3,4.9169870329023697e-12
5069,horizontal,6.4000000000000004,269,true,3,1.9575119478369148e-11
5070,horizontal,6.4000000000000004,270,true,3,5.2136209501628773e-12
5071,horizontal,6.4000000000000004,271,true,3,3.2753770660151077e-12
5072,horizontal,6.4000000000000004,272,true,4,5.0054785280626859e-11
5073,horizontal,6.4000000000000004,273,true,4,4.6038115610795863e-12
5074,horizontal,6.4000000000000004,274,true,4,6.8644698554142578e-13
5075,horizontal,6.4000000000000004,275,true,4,7.2592023925148097e-12
5076,horizontal,6.4000000000000004,276,true,4,7.0543112626212025e-11
5077,horizontal,6.4000000000000004,277,true,4,1.5637499017603949e-11
5078,horizontal,6.4000000000000004,278,true,5,1.9017034701129893e-11
5079,horizontal,6.4000000000000004,279,true,3,2.5594547537448981e-11
5080,horizontal,6.4000000000000004,280,true,3,8.0045244706592923e-11
5081,horizontal,6.4000000000000004,281,true,4,6.4558065486289216e-11
5082,horizontal,6.4000000000000004,282,true,4,1.0778262572184494e-11
5083,horizontal,6.4000000000000004,283,true,4,7.3768687187665573e-11
5084,horizontal,6.4000000000000004,284,true,3,2.4050790623953646e-11
5085,horizontal,6.4000000000000004,285,true,4,4.0637679388885206e-11
5086,horizontal,6.4000000000000004,286,true,3,1.9282200141324383e-11
5087,horizontal,6.4000000000000004,287,true,4,1.5174880209431009e-12
5088,horizontal,6.4000000000000004,288,true,3,4.1333637704853253e-11
5089,horizontal,6.4000000000000004,289,true,4,2.2955093946092755e-11
5090,horizontal,6.4000000000000004,290,true,3,5.6228700349876922e-11
5091,horizontal,6.4000000000000004,291,true,4,2.6658398535438755e-11
5092,horizontal,6.4000000000000004,292,true,3,9.7098608629671871e-12
5093,horizontal,6.4000000000000004,293,true,4,3.724116449682353e-12
5094,horizontal,6.4000000000000004,294,true,5,6.0439740781333166e-12
5095,horizontal,6.4000000000000004,295,true,5,4.5521679408523849e-12
5096,horizontal,6.4000000000000004,296,true,4,8.0961656856734442e-11
5097,horizontal,6.4000000000000004,297,true,4,2.3213766088805176e-11
5098,horizontal,6.4000000000000004,298,true,3,3.457715033531577e-11
5099,horizontal,6.4000000000000004,299,true,4,5.7289730292375488e-11
5100,horizontal,6.4000000000000004,300,true,5,5.30195476695964e-12
5101,horizontal,6.4000000000000004,301,true,3,6.7639697557266136e-11
5102,horizontal,6.4000000000000004,302,true,3,5.350929767289639e-11
5103,horizontal,6.4000000000000004,303,true,4,1.0619926333979567e-11
5104,horizontal,6.4000000000000004,304,true,3,6.4043208371919994e-11
5105,horizontal,6.4000000000000004,305,true,4,4.2864155208390061e-12
5106,horizontal,6.4000000000000004,306,true,4,2.4936936460336013e-11
5107,horizontal,6.4000000000000004,307,true,3,3.0732784851419387e-11
5108,horizontal,6.4000000000000004,308,true,4,1.5415007209874146e-11
5109,horizontal,6.4000000000000004,309,true,4,1.4264981651059838e-12
5110,horizontal,6.4000000000000004,310,true,3,4.569888446422878e-12
5111,horizontal,6.4000000000000004,311,true,3,1.0905915757337661e-11
5112,horizontal,6.4000000000000004,312,true,3,1.8921791525868934e-11
5113,horizontal,6.4000000000000004,313,true,3,5.7681943112163828e-11
5114,horizontal,6.4000000000000004,314,true,4,4.5841053771028192e-12
5115,horizontal,6.4000000000000004,315,true,3,8.0533063110295703e-11
5116,horizontal,6.4000000000000004,316,true,4,4.2856094749085691e-12
5117,horizontal,6.4000000000000004,317,true,4,2.965425150308209e-12
5118,horizontal,6.4000000000000004,318,true,4,5.4927178565760201e-12
5119,horizontal,6.4000000000000004,319,true,4,1.9816246173051529e-11
5120,horizontal,6.4000000000000004,320,true,3,7.8315116629440986e-11
5121,horizontal,6.4000000000000004,321,true,4,4.7082005612897398e-12
5122,horizontal,6.4000000000000004,322,true,4,2.1399412879410955e-12
5123,horizontal,6.4000000000000004,323,true,4,5.7778411854950489e-12
5124,horizontal,6.4000000000000004,324,true,4,9.367055018640546e-12
5125,horizontal,6.4000000000000004,325,true,4,6.6990929642708398e-12
5126,horizontal,6.4000000000000004,326,true,4,2.0585462217899992e-11
5127,horizontal,6.4000000000000004,327,true,4,3.6049057128508537e-11
5128,horizontal,6.4000000000000004,328,true,4,1.1547893620525224e-11
5129,horizontal,6.4000000000000004,329,true,4,2.0287709746971184e-11
5130,horizontal,6.4000000000000004,330,true,4,5.4490003510466348e-12
5131,horizontal,6.4000000000000004,331,true,3,4.2304158015109198e-11
5132,horizontal,6.4000000000000004,332,true,3,4.7254608406466187e-13
5133,horizontal,6.4000000000000004,333,true,3,3.6939001591310095e-11
5134,horizontal,6.4000000000000004,334,true,3,1.4807218897253514e-12
5135,horizontal,6.4000000000000004,335,true,3,3.4062775274529951e-11
5136,horizontal,6.4000000000000004,336,true,4,8.4169964746276917e-12
5137,horizontal,6.4000000000000004,337,true,4,6.9574515687434749e-12
5138,horizontal,6.4000000000000004,338,true,4,3.6083088850849446e-12
5139,horizontal,6.4000000000000004,339,true,3,6.5064768482377779e-12
5140,horizontal,6.4000000000000004,340,true,4,3.9433897978356782e-11
5141,horizontal,6.4000000000000004,341,true,4,7.1673395683227535e-12
5142,horizontal,6.4000000000000004,342,true,3,4.5047118073819613e-11
5143,horizontal,6.4000000000000004,343,true,3,5.8360422911274975e-12
5144,horizontal,6.4000000000000004,344,true,3,2.9767820747252607e-12
5145,horizontal,6.4000000000000004,345,true,4,3.1799796657181742e-12
5146,horizontal,6.4000000000000004,346,true,3,8.2729765647921673e-12
5147,horizontal,6.4000000000000004,347,true,4,4.5517410759702546e-12
5148,horizontal,6.4000000000000004,348,true,3,7.095945156248723e-12
5149,horizontal,6.4000000000000004,349,true,4,1.8706394163761331e-12
5150,horizontal,6.4000000000000004,350,true,4,3.6104220149349085e-11
5151,horizontal,6.4000000000000004,351,true,5,2.5186864216578054e-12
5152,horizontal,6.4000000000000004,352,true,4,1.4576139548741369e-11
5153,horizontal,6.4000000000000004,353,true,4,2.6874960627570677e-11
5154,horizontal,6.4000000000000004,354,true,4,2.9612806675561787e-12
5155,horizontal,6.4000000000000004,355,true,3,1.1430287244902423e-11
5156,horizontal,6.4000000000000004,356,true,3,3.9538254612086258e-12
5157,horizontal,6.4000000000000004,357,true,3,3.9626718961694619e-11
5158,horizontal,6.4000000000000004,358,true,4,2.9044912522585813e-12
5159,horizontal,6.4000000000000004,359,true,5,1.3454009692602917e-11
5160,horizontal,6.4000000000000004,360,true,4,7.7428961168645052e-12
5161,horizontal,6.4000000000000004,361,true,4,3.6488785367672667e-12
5162,horizontal,6.4000000000000004,362,true,4,2.4094473341301474e-12
5163,horizontal,6.4000000000000004,363,true,5,8.049356816142437e-12
5164,horizontal,6.4000000000000004,364,true,3,2.2206571559560366e-11
5165,horizontal,6.4000000000000004,365,true,4,1.1352761339341533e-11
5166,horizontal,6.4000000000000004,366,true,4,8.0305741440536318e-11
5167,horizontal,6.4000000000000004,367,true,4,6.3102645576845923e-12
5168,horizontal,6.4000000000000004,368,true,4,6.0939752812042286e-12
5169,horizontal,6.4000000000000004,369,true,3,4.4466556225389958e-11
5170,horizontal,6.4000000000000004,370,true,4,6.6771771711856591e-11
5171,horizontal,6.4000000000000004,371,true,5,3.5719173862754222e-12
5172,horizontal,6.4000000000000004,372,true,3,6.6292689949587154e-11
5173,horizontal,6.4000000000000004,373,true,4,2.6283826410040548e-11
5174,horizontal,6.4000000000000004,374,true,3,2.7802853387234532e-12
5175,horizontal,6.4000000000000004,375,true,4,1.1835526242340387e-12
5176,horizontal,6.4000000000000004,376,true,4,1.2499580139894243e-11
5177,horizontal,6.4000000000000004,377,true,4,3.0504521058697987e-11
5178,horizontal,6.4000000000000004,378,true,3,1.3055723609632358e-11
5179,horizontal,6.4000000000000004,379,true,4,8.4053899271699439e-13
5180,horizontal,6.4000000000000004,380,true,3,1.1823279700230295e-12
5181,horizontal,6.4000000000000004,381,true,4,1.2750308935081478e-11
5182,horizontal,6.4000000000000004,382,true,4,6.7803854106869773e-12
5183,horizontal,6.4000000000000004,383,true,4,7.2069861616137635e-11
5184,horizontal,6.4000000000000004,384,true,4,5.8821589212001076e-13
5185,horizontal,6.4000000000000004,385,true,3,2.1156187293956044e-11
5186,horizontal,6.4000000000000004,386,true,3,7.589100971709605e-12
5187,horizontal,6.4000000000000004,387,true,4,8.1810235272897534e-11
5188,horizontal,6.4000000000000004,388,true,3,8.2667177624456479e-13
5189,horizontal,6.4000000000000004,389,true,3,5.799563386842345e-11
5190,horizontal,6.4000000000000004,390,true,4,2.4968281451433937e-11
5191,horizontal,6.4000000000000004,391,true,4,3.022836609192523e-11
5192,horizontal,6.4000000000000004,392,true,3,9.570997740704642e-11
5193,horizontal,6.4000000000000004,393,true,4,1.4074218263683661e-12
5194,horizontal,6.4000000000000004,394,true,3,7.186498985067179e-12
5195,horizontal,6.4000000000000004,395,true,3,5.9087341288707563e-11
5196,horizontal,6.4000000000000004,396,true,3,3.879330045445007e-11
5197,horizontal,6.4000000000000004,397,true,2,8.6093766661577063e-11
5198,horizontal,6.4000000000000004,398,true,4,1.8217866021006447e-12
5199,horizontal,6.4000000000000004,399,true,3,7.5176780141630661e-11
5200,horizontal,6.4000000000000004,400,true,3,3.9696815640898979e-12
5201,horizontal,6.4000000000000004,401,true,4,1.1203932453572153e-12
5202,horizontal,6.4000000000000004,402,true,4,3.6250652570145313e-11
5203,horizontal,6.4000000000000004,403,true,3,4.8998910184113734e-11
5204,horizontal,6.4000000000000004,404,true,3,5.5811241448824794e-12
5205,horizontal,6.4000000000000004,405,true,3,6.0643918837477816e-12
5206,horizontal,6.4000000000000004,406,true,4,3.5962676295632792e-11
5207,horizontal,6.4000000000000004,407,true,4,9.3000297987317825e-12
5208,horizontal,6.4000000000000004,408,true,3,4.7283698957287896e-11
5209,horizontal,6.4000000000000004,409,true,3,3.754356235068425e-11
5210,horizontal,6.4000000000000004,410,true,3,1.0401026956871107e-12
5211,horizontal,6.4000000000000004,411,true,3,8.4650684253495903e-11
5212,horizontal,6.4000000000000004,412,true,4,3.9912932782089494e-12
5213,horizontal,6.4000000000000004,413,true,3,2.4882113427513524e-12
5214,horizontal,6.4000000000000004,414,true,4,2.9812933996591246e-11
5215,horizontal,6.4000000000000004,415,true,3,3.9200639359051154e-12
5216,horizontal,6.4000000000000004,416,true,3,2.9846923069168524e-12
5217,horizontal,6.4000000000000004,417,true,4,3.6247852750216218e-11
5218,horizontal,6.4000000000000004,418,true,4,1.2773136777702438e-11
5219,horizontal,6.4000000000000004,419,true,4,7.6173475919787311e-11
5220,horizontal,6.4000000000000004,420,true,5,1.3244948590077286e-11
5221,horizontal,6.4000000000000004,421,true,4,4.751172733635603e-12
5222,horizontal,6.4000000000000004,422,true,5,4.3995419783407107e-12
5223,horizontal,6.4000000000000004,423,true,4,8.7485122701110075e-12
5224,horizontal,6.4000000000000004,424,true,3,2.5489162205211727e-11
5225,horizontal,6.4000000000000004,425,true,4,9.2994270728940096e-11
5226,horizontal,6.4000000000000004,426,true,4,9.2043828043001307e-11
5227,horizontal,6.4000000000000004,427,true,4,2.8281017902440436e-11
5228,horizontal,6.4000000000000004,428,true,3,5.0665917814221516e-11
5229,horizontal,6.4000000000000004,429,true,4,1.6245351051808497e-11
5230,horizontal,6.4000000000000004,430,true,4,2.0411865145334413e-11
5231,horizontal,6.4000000000000004,431,true,3,6.3786031648534671e-12
5232,horizontal,6.4000000000000004,432,true,4,1.6079241769056666e-11
5233,horizontal,6.4000000000000004,433,true,4,1.4206806883402051e-11
5234,horizontal,6.4000000000000004,434,true,4,4.2281734541300027e-11
5235,horizontal,6.4000000000000004,435,true,3,3.0363781612307431e-11
5236,horizontal,6.4000000000000004,436,true,4,6.977431500102251e-11
5237,horizontal,6.4000000000000004,437,true,3,1.4405660781421185e-11
5238,horizontal,6.4000000000000004,438,true,4,8.6597877039220889e-13
5239,horizontal,6.4000000000000004,439,true,4,4.3402165783115399e-11
5240,horizontal,6.4000000000000004,440,true,4,4.0379301529978409e-11
5241,horizontal,6.4000000000000004,441,true,4,1.760601039205044e-12
5242,horizontal,6.4000000000000004,442,true,4,1.4400482309812427e-12
5243,horizontal,6.4000000000000004,443,true,4,1.5535552324430915e-11
5244,horizontal,6.4000000000000004,444,true,4,1.4570674106846425e-11
5245,horizontal,6.4000000000000004,445,true,3,2.0320347574532399e-11
5246,horizontal,6.4000000000000004,446,true,3,3.0780949892476093e-11
5247,horizontal,6.4000000000000004,447,true,3,3.0750349133770688e-12
5248,horizontal,6.4000000000000004,448,true,4,5.347601695051666e-11
5249,horizontal,6.4000000000000004,449,true,3,3.173910226772944e-12
5250,horizontal,6.4000000000000004,450,true,4,4.6825157141493413e-12
5251,horizontal,6.4000000000000004,451,true,3,1.6248576212860129e-11
5252,horizontal,6.4000000000000004,452,true,3,6.7089595223151477e-11
5253,horizontal,6.4000000000000004,453,true,3,4.3275574792976076e-11
5254,horizontal,6.4000000000000004,454,true,3,8.8786296108555001e-11
5255,horizontal,6.4000000000000004,455,true,3,9.0204832624335654e-11
5256,horizontal,6.4000000000000004,456,true,3,2.4983135080259804e-11
5257,horizontal,6.4000000000000004,457,true,3,1.6166798250299684e-11
5258,horizontal,6.4000000000000004,458,true,3,3.430082372288887e-11
5259,horizontal,6.4000000000000004,459,true,3,1.798134222918818e-12
5260,horizontal,6.4000000000000004,460,true,3,2.9505276874539516e-12
5261,horizontal,6.4000000000000004,461,true,4,1.0815271651024178e-11
5262,horizontal,6.4000000000000004,462,true,3,8.7399995804436061e-11
5263,horizontal,6.4000000000000004,463,true,4,3.2273652635726852e-11
5264,horizontal,6.4000000000000004,464,true,5,2.6323157262203622e-12
5265,horizontal,6.4000000000000004,465,true,4,2.5187879467995429e-12
5266,horizontal,6.4000000000000004,466,true,3,9.8679605948155932e-12
5267,horizontal,6.4000000000000004,467,true,3,1.742829544976167e-11
5268,horizontal,6.4000000000000004,468,true,3,2.027476043490012e-11
5269,horizontal,6.4000000000000004,469,true,4,5.4070622719163256e-11
5270,horizontal,6.4000000000000004,470,true,4,1.052324025068152e-11
5271,horizontal,6.4000000000000004,471,true,4,9.2506268186823252e-13
5272,horizontal,6.4000000000000004,472,true,3,1.4061586742798983e-11
5273,horizontal,6.4000000000000004,473,true,3,1.7296415860653067e-11
5274,horizontal,6.4000000000000004,474,true,5,9.5232866033876556e-13
5275,horizontal,6.4000000000000004,475,true,3,5.0273975718127345e-12
5276,horizontal,6.4000000000000004,476,true,3,4.129015378189097e-13
5277,horizontal,6.4000000000000004,477,true,4,3.6174930565804178e-11
5278,horizontal,6.4000000000000004,478,true,4,1.0292409682708947e-11
5279,horizontal,6.4000000000000004,479,true,4,1.6491722478863951e-11
5280,horizontal,6.4000000000000004,480,true,4,5.5480788210210145e-12
5281,horizontal,6.4000000000000004,481,true,4,4.3614317367877762e-12
5282,horizontal,6.4000000000000004,482,true,5,2.7756910829943251e-12
5283,horizontal,6.4000000000000004,483,true,4,1.4451068187849082e-11
5284,horizontal,6.4000000000000004,484,true,5,6.6037124541311962e-12
5285,horizontal,6.4000000000000004,485,true,4,1.2320769507192709e-11
5286,horizontal,6.4000000000000004,486,true,3,1.9929279974945588e-11
5287,horizontal,6.4000000000000004,487,true,4,3.9143618534591664e-11
5288,horizontal,6.4000000000000004,488,true,4,8.5253893288211563e-12
5289,horizontal,6.4000000000000004,489,true,4,1.9909718231511312e-12
5290,horizontal,6.4000000000000004,490,true,5,4.1071085484430428e-11
5291,horizontal,6.4000000000000004,491,true,5,2.456153759137285e-12
5292,horizontal,6.4000000000000004,492,true,4,1.8977809127654917e-11
5293,horizontal,6.4000000000000004,493,true,3,6.540867721225235e-11
5294,horizontal,6.4000000000000004,494,true,4,5.8593679680783511e-11
5295,horizontal,6.4000000000000004,495,true,4,3.0311327549693443e-12
5296,horizontal,6.4000000000000004,496,true,4,1.2670856957177214e-11
5297,horizontal,6.4000000000000004,497,true,3,2.9584307443247337e-11
5298,horizontal,6.4000000000000004,498,true,3,8.2429161880503202e-11
5299,horizontal,6.4000000000000004,499,true,4,1.345550625835797e-11
5300,horizontal,6.4000000000000004,500,true,3,7.2067638551423046e-11
5301,horizontal,6.4000000000000004,501,true,3,1.6408091846891581e-11
5302,horizontal,6.4000000000000004,502,true,3,1.0122827836219007e-11
5303,horizontal,6.4000000000000004,503,true,3,1.8009395437808064e-12
5304,horizontal,6.4000000000000004,504,true,3,4.9058179424984615e-11
5305,horizontal,6.4000000000000004,505,true,4,2.2579363459553148e-11
5306,horizontal,6.4000000000000004,506,true,4,1.7028683280606139e-12
5307,horizontal,6.4000000000000004,507,true,4,6.9895107808691181e-12
5308,horizontal,6.4000000000000004,508,true,3,1.678270675938806e-11
5309,horizontal,6.4000000000000004,509,true,3,2.6458611612397851e-12
5310,horizontal,6.4000000000000004,510,true,4,2.6022403542367192e-12
5311,horizontal,6.4000000000000004,511,true,4,9.4365802091208322e-13
5312,horizontal,6.4000000000000004,512,true,3,3.0382151538569857e-12
5313,horizontal,6.4000000000000004,513,true,3,1.372370191630458e-12
5314,horizontal,6.4000000000000004,514,true,3,6.522347390967317e-12
5315,horizontal,6.4000000000000004,515,true,3,9.3283965054303937e-11
5316,horizontal,6.4000000000000004,516,true,2,5.8096354451978001e-11
5317,horizontal,6.4000000000000004,517,true,3,1.2036591600718526e-11
5318,horizontal,6.4000000000000004,518,true,4,1.0797839637181215e-12
5319,horizontal,6.4000000000000004,519,true,5,4.1196441588916964e-12
5320,horizontal,6.4000000000000004,520,true,3,6.3313009868950026e-11
5321,horizontal,6.4000000000000004,521,true,4,3.2666594398764614e-12
5322,horizontal,6.4000000000000004,522,true,4,7.7351070892055322e-11
5323,horizontal,6.4000000000000004,523,true,5,2.5226952415853842e-11
5324,horizontal,6.4000000000000004,524,true,3,6.4543082338870475e-12
5325,horizontal,6.4000000000000004,525,true,3,8.08477603995649e-11
5326,horizontal,6.4000000000000004,526,true,3,7.886923215711067e-11
5327,horizontal,6.4000000000000004,527,true,4,2.0796713026988412e-12
5328,horizontal,6.4000000000000004,528,true,4,2.321298823324941e-12
5329,horizontal,6.4000000000000004,529,true,3,4.7354627314660959e-12
5330,horizontal,6.4000000000000004,530,true,3,9.6475038964247687e-13
5331,horizontal,6.4000000000000004,531,true,4,3.5827475349820134e-12
5332,horizontal,6.4000000000000004,532,true,3,4.1958824314895112e-11
5333,horizontal,6.4000000000000004,533,true,4,4.2339005044422707e-12
5334,horizontal,6.4000000000000004,534,true,3,9.5810919302863435e-12
5335,horizontal,6.4000000000000004,535,true,4,4.037375973492639e-12
5336,horizontal,6.4000000000000004,536,true,4,5.4080010381740025e-12
5337,horizontal,6.4000000000000004,537,true,3,1.3486659130204977e-11
5338,horizontal,6.4000000000000004,538,true,4,4.1531614424815148e-12
5339,horizontal,6.4000000000000004,539,true,3,2.8248477190616598e-12
5340,horizontal,6.4000000000000004,540,true,4,8.8805218456678351e-13
5341,horizontal,6.4000000000000004,541,true,4,2.3048728504525313e-12
5342,horizontal,6.4000000000000004,542,true,4,4.5353235335086126e-11
5343,horizontal,6.4000000000000004,543,true,4,1.1145012438673252e-12
5344,horizontal,6.4000000000000004,544,true,3,9.5507396362189407e-12
5345,horizontal,6.4000000000000004,545,true,3,2.8778746862232711e-11
5346,horizontal,6.4000000000000004,546,true,3,4.5200735146112047e-11
5347,horizontal,6.4000000000000004,547,true,4,6.9177059679062914e-12
5348,horizontal,6.4000000000000004,548,true,4,3.283779317423678e-11
5349,horizontal,6.4000000000000004,549,true,3,2.231801718940884e-11
5350,horizontal,6.4000000000000004,550,true,3,5.2028179065359549e-12
5351,horizontal,6.4000000000000004,551,true,5,3.0238759577837105e-12
5352,horizontal,6.4000000000000004,552,true,4,8.7712198748262822e-12
5353,horizontal,6.4000000000000004,553,true,4,3.7488325226075654e-11
5354,horizontal,6.4000000000000004,554,true,4,4.478389198714795e-12
5355,horizontal,6.4000000000000004,555,true,4,1.9123293468040629e-11
5356,horizontal,6.4000000000000004,556,true,4,1.7822764731028808e-11
5357,horizontal,6.4000000000000004,557,true,4,5.8209329539236152e-11
5358,horizontal,6.4000000000000004,558,true,3,2.1389784301585144e-11
5359,horizontal,6.4000000000000004,559,true,4,9.1750692553461826e-12
5360,horizontal,6.4000000000000004,560,true,3,2.9713048682354291e-11
5361,horizontal,6.4000000000000004,561,true,4,2.4918512559025599e-11
5362,horizontal,6.4000000000000004,562,true,5,3.3323096807171301e-12
5363,horizontal,6.4000000000000004,563,true,4,4.519512769788491e-11
5364,horizontal,6.4000000000000004,564,true,4,3.1829987301583623e-12
5365,horizontal,6.4000000000000004,565,true,3,2.1162917003708414e-11
5366,horizontal,6.4000000000000004,566,true,3,7.7261096439356646e-12
5367,horizontal,6.4000000000000004,567,true,3,1.4427908940148681e-12
5368,horizontal,6.4000000000000004,568,true,3,3.6335507797956074e-11
5369,horizontal,6.4000000000000004,569,true,5,2.188174139797133e-12
5370,horizontal,6.4000000000000004,570,true,4,4.656667565171526e-12
5371,horizontal,6.4000000000000004,571,true,4,5.8821180215903064e-11
5372,horizontal,6.4000000000000004,572,true,4,1.1137872335932362e-11
5373,horizontal,6.4000000000000004,573,true,4,1.3470849433250249e-11
5374,horizontal,6.4000000000000004,574,true,4,2.9569665178753506e-11
5375,horizontal,6.4000000000000004,575,true,4,1.9744541859020628e-11
5376,horizontal,6.4000000000000004,576,true,3,2.7993176742768156e-11
5377,horizontal,6.4000000000000004,577,true,5,2.8319503992005462e-12
5378,horizontal,6.4000000000000004,578,true,3,4.2363145409955587e-11
5379,horizontal,6.4000000000000004,579,true,4,4.410610807235562e-11
5380,horizontal,6.4000000000000004,580,true,4,2.9755733338716933e-12
5381,horizontal,6.4000000000000004,581,true,3,2.0070305943154175e-11
5382,horizontal,6.4000000000000004,582,true,4,2.2822536523522935e-11
5383,horizontal,6.4000000000000004,583,true,3,3.6996235922893655e-11
5384,horizontal,6.4000000000000004,584,true,3,4.2789093972729706e-11
5385,horizontal,6.4000000000000004,585,true,4,2.6708832093491049e-12
5386,horizontal,6.4000000000000004,586,true,3,8.1665719943081342e-12
5387,horizontal,6.4000000000000004,587,true,3,9.9205443292725382e-13
5388,horizontal,6.4000000000000004,588,true,3,7.1588621777818229e-11
5389,horizontal,6.4000000000000004,589,true,3,4.3751250387850548e-11
5390,horizontal,6.4000000000000004,590,true,4,2.412012959387244e-11
5391,horizontal,6.4000000000000004,591,true,3,7.1873893372777885e-11
5392,horizontal,6.4000000000000004,592,true,4,6.1794629601864592e-11
5393,horizontal,6.4000000000000004,593,true,4,1.4158002484361044e-12
5394,horizontal,6.4000000000000004,594,true,4,2.0092212116300234e-12
5395,horizontal,6.4000000000000004,595,true,4,8.5216508321734046e-12
5396,horizontal,6.4000000000000004,596,true,4,2.3795442741183505e-12
5397,horizontal,6.4000000000000004,597,true,4,3.0325228828893556e-12
5398,horizontal,6.4000000000000004,598,true,3,9.8840236693551651e-11
5399,horizontal,6.4000000000000004,599,true,4,1.8616780293762203e-12
5400,horizontal,6.4000000000000004,600,true,3,4.5280031849378304e-11
5401,horizontal,9.0500000000000007,1,true,3,3.8182205203665928e-12
5402,horizontal,9.0500000000000007,2,true,5,4.5118107522170161e-12
5403,horizontal,9.0500000000000007,3,true,4,5.6968946534182797e-12
5404,horizontal,9.0500000000000007,4,true,4,1.4050197514464433e-11
5405,horizontal,9.0500000000000007,5,true,3,2.3400316661089436e-12
5406,horizontal,9.0500000000000007,6,true,4,6.5337580629393899e-11
5407,horizontal,9.0500000000000007,7,true,3,3.6750586080111148e-11
5408,horizontal,9.0500000000000007,8,true,4,5.4438117063398024e-12
5409,horizontal,9.0500000000000007,9,true,3,7.1320327661897306e-11
5410,horizontal,9.0500000000000007,10,true,3,5.6011250979471556e-11
5411,horizontal,9.0500000000000007,11,true,5,7.2708282692603539e-11
5412,horizontal,9.0500000000000007,12,true,4,2.8666660454182754e-11
5413,horizontal,9.0500000000000007,13,true,5,3.6664139681462334e-11
5414,horizontal,9.0500000000000007,14,true,4,2.1408146600663421e-12
5415,horizontal,9.0500000000000007,15,true,4,6.1032321021108302e-11
5416,horizontal,9.0500000000000007,16,true,6,1.898580380937622e-11
5417,horizontal,9.0500000000000007,17,true,4,3.5131762349211869e-12
5418,horizontal,9.0500000000000007,18,true,3,2.1411562348245643e-11
5419,horizontal,9.0500000000000007,19,true,4,9.0476562095122766e-13
5420,horizontal,9.0500000000000007,20,true,4,2.0241189040627794e-11
5421,horizontal,9.0500000000000007,21,true,4,5.617182148015925e-12
5422,horizontal,9.0500000000000007,22,true,3,5.316498537697408e-11
5423,horizontal,9.0500000000000007,23,true,5,7.1803786207209482e-11
5424,horizontal,9.0500000000000007,24,true,4,7.9710712523028898e-11
5425,horizontal,9.0500000000000007,25,true,5,6.2236126774561401e-11
5426,horizontal,9.0500000000000007,26,true,5,6.6635967662695186e-11
5427,horizontal,9.0500000000000007,27,true,5,1.7593537325366292e-11
5428,horizontal,9.0500000000000007,28,true,6,2.6038743796332921e-11
5429,horizontal,9.0500000000000007,29,true,4,1.8153175724567336e-11
5430,horizontal,9.0500000000000007,30,true,5,3.655826958441379e-12
5431,horizontal,9.0500000000000007,31,true,3,2.784475805158879e-11
5432,horizontal,9.0500000000000007,32,true,6,4.5183876362242609e-12
5433,horizontal,9.0500000000000007,33,true,3,9.738971033358055e-11
5434,horizontal,9.0500000000000007,34,true,5,5.9253010837753423e-11
5435,horizontal,9.0500000000000007,35,true,5,4.2072962276294552e-12
5436,horizontal,9.0500000000000007,36,true,4,9.7077465765127196e-11
5437,horizontal,9.0500000000000007,37,true,3,8.4858275953141877e-11
5438,horizontal,9.0500000000000007,38,true,4,2.6774735271683134e-11
5439,horizontal,9.0500000000000007,39,true,5,6.9587892458016521e-12
5440,horizontal,9.0500000000000007,40,true,4,1.9830108763341419e-11
5441,horizontal,9.0500000000000007,41,true,4,2.2767501161684727e-11
5442,horizontal,9.0500000000000007,42,true,4,2.646659722520517e-12
5443,horizontal,9.0500000000000007,43,true,4,6.2976564696945399e-11
5444,horizontal,9.0500000000000007,44,true,4,3.1424242056026933e-11
5445,horizontal,9.0500000000000007,45,true,3,5.0620118480022499e-11
5446,horizontal,9.0500000000000007,46,true,4,5.8571342341328865e-11
5447,horizontal,9.0500000000000007,47,true,6,3.0436132793746255e-12
5448,horizontal,9.0500000000000007,48,true,5,2.1412196420045696e-11
5449,horizontal,9.0500000000000007,49,true,5,2.0691565252541476e-11
5450,horizontal,9.0500000000000007,50,true,4,4.9870008581688693e-11
5451,horizontal,9.0500000000000007,51,true,4,6.5105035731868525e-11
5452,horizontal,9.0500000000000007,52,true,5,2.8939934499291709e-12
5453,horizontal,9.0500000000000007,53,true,4,1.4422810593665255e-11
5454,horizontal,9.0500000000000007,54,true,4,6.569928821595738e-12
5455,horizontal,9.0500000000000007,55,true,4,3.128545328329875e-11
5456,horizontal,9.0500000000000007,56,true,5,8.5079968845616494e-13
5457,horizontal,9.0500000000000007,57,true,5,2.961506440245105e-12
5458,horizontal,9.0500000000000007,58,true,4,9.3180001200705671e-12
5459,horizontal,9.0500000000000007,59,true,4,9.9827242337139072e-11
5460,horizontal,9.0500000000000007,60,true,4,4.2437988297184952e-11
5461,horizontal,9.0500000000000007,61,true,3,2.3671240887945245e-11
5462,horizontal,9.0500000000000007,62,true,5,1.287748539109942e-11
5463,horizontal,9.0500000000000007,63,true,3,4.7896418647783191e-11
5464,horizontal,9.0500000000000007,64,true,3,5.5209870816239945e-11
5465,horizontal,9.0500000000000007,65,true,5,8.7336155886641395e-11
5466,horizontal,9.0500000000000007,66,true,4,3.2169609527172522e-11
5467,horizontal,9.0500000000000007,67,true,4,3.7573956163129777e-11
5468,horizontal,9.0500000000000007,68,true,5,4.3927319902859576e-12
5469,horizontal,9.0500000000000007,69,true,4,5.7012688971053803e-11
5470,horizontal,9.0500000000000007,70,true,4,5.0019886764420018e-12
5471,horizontal,9.0500000000000007,71,true,5,7.4207480703777793e-12
5472,horizontal,9.0500000000000007,72,true,5,2.8745283113095286e-11
5473,horizontal,9.0500000000000007,73,true,4,1.4892792352865451e-12
5474,horizontal,9.0500000000000007,74,true,4,8.6533496825363306e-12
5475,horizontal,9.0500000000000007,75,true,3,1.366168638538711e-11
5476,horizontal,9.0500000000000007,76,true,4,4.4345351647009118e-12
5477,horizontal,9.0500000000000007,77,true,4,2.026799811972857e-12
5478,horizontal,9.0500000000000007,78,true,5,4.5871874402047062e-12
5479,horizontal,9.0500000000000007,79,true,3,5.2453583805135988e-11
5480,horizontal,9.0500000000000007,80,true,4,1.5478962450394693e-11
5481,horizontal,9.0500000000000007,81,true,4,1.4107797029359601e-11
5482,horizontal,9.0500000000000007,82,true,4,8.6772728033290339e-12
5483,horizontal,9.0500000000000007,83,true,3,3.7731264881698556e-11
5484,horizontal,9.0500000000000007,84,true,3,5.8953850675376995e-11
5485,horizontal,9.0500000000000007,85,true,5,4.2679260661691874e-11
5486,horizontal,9.0500000000000007,86,true,4,5.1470027519518009e-11
5487,horizontal,9.0500000000000007,87,true,5,1.5559995896859069e-11
5488,horizontal,9.0500000000000007,88,true,4,9.3862915299842495e-12
5489,horizontal,9.0500000000000007,89,true,5,7.7581674599909003e-12
5490,horizontal,9.0500000000000007,90,true,4,5.7152083585506754e-11
5491,horizontal,9.0500000000000007,91,true,5,3.583435346302029e-12
5492,horizontal,9.0500000000000007,92,true,3,7.6947417359100887e-11
5493,horizontal,9.0500000000000007,93,true,5,6.1409906218941032e-12
5494,horizontal,9.0500000000000007,94,true,5,3.358475859015665e-11
5495,horizontal,9.0500000000000007,95,true,3,6.9786093940519438e-11
5496,horizontal,9.0500000000000007,96,true,4,2.4836334063100273e-12
5497,horizontal,9.0500000000000007,97,true,3,8.5915595292564605e-12
5498,horizontal,9.0500000000000007,98,true,4,4.3828038684565151e-12
5499,horizontal,9.0500000000000007,99,true,5,4.6085903204576111e-11
5500,horizontal,9.0500000000000007,100,true,4,9.7788207237399932e-12
5501,horizontal,9.0500000000000007,101,true,5,1.8746346213036807e-11
5502,horizontal,9.0500000000000007,102,true,3,2.7388943607132038e-11
5503,horizontal,9.0500000000000007,103,true,4,2.0616318411003489e-11
5504,horizontal,9.0500000000000007,104,true,4,4.915411674413857e-12
5505,horizontal,9.0500000000000007,105,true,4,1.0536272631136206e-11
5506,horizontal,9.0500000000000007,106,true,3,1.4116066112167944e-11
5507,horizontal,9.0500000000000007,107,true,4,5.7805800827789648e-11
5508,horizontal,9.0500000000000007,108,true,4,9.2391118885227588e-12
5509,horizontal,9.0500000000000007,109,true,5,2.0943714226044663e-11
5510,horizontal,9.0500000000000007,110,true,4,2.7468347626321306e-12
5511,horizontal,9.0500000000000007,111,true,5,9.1056543892992364e-12
5512,horizontal,9.0500000000000007,112,true,4,1.0239298178912701e-11
5513,horizontal,9.0500000000000007,113,true,3,9.1042347660665098e-13
5514,horizontal,9.0500000000000007,114,true,3,6.0676975809274152e-11
5515,horizontal,9.0500000000000007,115,true,5,5.2137326526730981e-12
5516,horizontal,9.0500000000000007,116,true,4,7.5468830372448616e-12
5517,horizontal,9.0500000000000007,117,true,3,4.9985214682519703e-11
5518,horizontal,9.0500000000000007,118,true,5,6.5487086244153193e-12
5519,horizontal,9.0500000000000007,119,true,4,1.3780043109554476e-11
5520,horizontal,9.0500000000000007,120,true,3,7.9833142571254668e-11
5521,horizontal,9.0500000000000007,121,true,4,7.3145147265357202e-12
5522,horizontal,9.0500000000000007,122,true,3,2.999147113099598e-11
5523,horizontal,9.0500000000000007,123,true,3,7.3344698776209885e-11
5524,horizontal,9.0500000000000007,124,true,5,6.2038258102560083e-12
5525,horizontal,9.0500000000000007,125,true,4,7.5913894424307842e-12
5526,horizontal,9.0500000000000007,126,true,3,2.7421423175953338e-11
5527,horizontal,9.0500000000000007,127,true,3,6.4287889105925763e-12
5528,horizontal,9.0500000000000007,128,true,3,3.5310362304933058e-11
5529,horizontal,9.0500000000000007,129,true,3,6.424146985294485e-11
5530,horizontal,9.0500000000000007,130,true,4,2.8972218952754002e-11
5531,horizontal,9.0500000000000007,131,true,4,2.5778798786063404e-11
5532,horizontal,9.0500000000000007,132,true,4,5.2285114740896813e-11
5533,horizontal,9.0500000000000007,133,true,4,3.5775628864937639e-12
5534,horizontal,9.0500000000000007,134,true,4,3.3121470837497272e-12
5535,horizontal,9.0500000000000007,135,true,5,2.3335502024609633e-11
5536,horizontal,9.0500000000000007,136,true,4,4.793965830930845e-12
5537,horizontal,9.0500000000000007,137,true,5,3.9666916037871211e-11
5538,horizontal,9.0500000000000007,138,true,4,3.8444193693265289e-11
5539,horizontal,9.0500000000000007,139,true,4,2.6017877479652858e-12
5540,horizontal,9.0500000000000007,140,true,4,9.2909370460894662e-11
5541,horizontal,9.0500000000000007,141,true,4,7.0022701053140194e-12
5542,horizontal,9.0500000000000007,142,true,5,4.597614961125191e-12
5543,horizontal,9.0500000000000007,143,true,4,3.2248473219335453e-11
5544,horizontal,9.0500000000000007,144,true,5,1.799694810163745e-12
5545,horizontal,9.0500000000000007,145,true,4,1.4760368567942233e-12
5546,horizontal,9.0500000000000007,146,true,5,3.466149755763469e-11
5547,horizontal,9.0500000000000007,147,true,4,9.906470949386789e-12
5548,horizontal,9.0500000000000007,148,true,5,3.879115160711145e-12
5549,horizontal,9.0500000000000007,149,true,3,5.2243571394367784e-11
5550,horizontal,9.0500000000000007,150,true,4,2.4619230748136677e-11
5551,horizontal,9.0500000000000007,151,true,5,2.6451153796344702e-11
5552,horizontal,9.0500000000000007,152,true,4,3.5137515159576761e-12
5553,horizontal,9.0500000000000007,153,true,3,4.5067023107560983e-11
5554,horizontal,9.0500000000000007,154,true,4,9.9914424990607945e-12
5555,horizontal,9.0500000000000007,155,true,3,7.5781156903052143e-11
5556,horizontal,9.0500000000000007,156,true,4,2.4982520986177075e-12
5557,horizontal,9.0500000000000007,157,true,4,1.7326395919506668e-12
5558,horizontal,9.0500000000000007,158,true,5,3.3676329987951177e-12
5559,horizontal,9.0500000000000007,159,true,3,8.2686246855394353e-11
5560,horizontal,9.0500000000000007,160,true,5,9.7369864323520349e-11
5561,horizontal,9.0500000000000007,161,true,5,1.553093136220203e-12
5562,horizontal,9.0500000000000007,162,true,4,5.6261502561753645e-12
5563,horizontal,9.0500000000000007,163,true,4,5.4283360362127006e-11
5564,horizontal,9.0500000000000007,164,true,4,4.0245926276439364e-11
5565,horizontal,9.0500000000000007,165,true,4,2.1844713989863373e-12
5566,horizontal,9.0500000000000007,166,true,4,3.9600051900238977e-13
5567,horizontal,9.0500000000000007,167,true,5,8.7237888019150559e-11
5568,horizontal,9.0500000000000007,168,true,5,8.6048653653367174e-12
5569,horizontal,9.0500000000000007,169,true,4,2.6919434323017102e-12
5570,horizontal,9.0500000000000007,170,true,3,7.4784565491650957e-11
5571,horizontal,9.0500000000000007,171,true,3,4.0325742777292725e-11
5572,horizontal,9.0500000000000007,172,true,4,6.7564723292578361e-11
5573,horizontal,9.0500000000000007,173,true,5,2.777829091200012e-12
5574,horizontal,9.0500000000000007,174,true,5,3.6767752149495493e-11
5575,horizontal,9.0500000000000007,175,true,3,2.4295281693565074e-11
5576,horizontal,9.0500000000000007,176,true,5,1.5205137061094654e-11
5577,horizontal,9.0500000000000007,177,true,6,1.0339777397411307e-11
5578,horizontal,9.0500000000000007,178,true,4,5.6325762077830392e-13
5579,horizontal,9.0500000000000007,179,true,4,9.1416307533579281e-12
5580,horizontal,9.0500000000000007,180,true,4,2.9984707963603983e-12
5581,horizontal,9.0500000000000007,181,true,4,2.0692492882331755e-12
5582,horizontal,9.0500000000000007,182,true,4,9.638601355980316e-12
5583,horizontal,9.0500000000000007,183,true,5,1.176057373821708e-11
5584,horizontal,9.0500000000000007,184,true,3,3.59636596065768e-11
5585,horizontal,9.0500000000000007,185,true,5,9.5921700168979883e-11
5586,horizontal,9.0500000000000007,186,true,3,3.5456108411478949e-11
5587,horizontal,9.0500000000000007,187,true,4,1.3977715346703694e-11
5588,horizontal,9.0500000000000007,188,true,3,3.1416106061857931e-11
5589,horizontal,9.0500000000000007,189,true,4,6.7158569631441399e-11
5590,horizontal,9.0500000000000007,190,true,3,7.962080609395043e-12
5591,horizontal,9.0500000000000007,191,true,3,5.0128452376129426e-11
5592,horizontal,9.0500000000000007,192,true,5,1.8457221828645894e-11
5593,horizontal,9.0500000000000007,193,true,4,2.5110328456034562e-11
5594,horizontal,9.0500000000000007,194,true,4,1.4528565052007772e-11
5595,horizontal,9.0500000000000007,195,true,4,4.6317401888334702e-11
5596,horizontal,9.0500000000000007,196,true,4,2.2616298297232222e-11
5597,horizontal,9.0500000000000007,197,true,3,5.4957520364938535e-11
5598,horizontal,9.0500000000000007,198,true,5,5.4583361240186188e-11
5599,horizontal,9.0500000000000007,199,true,5,3.1928928526599038e-11
5600,horizontal,9.0500000000000007,200,true,3,3.6018222993108859e-11
5601,horizontal,9.0500000000000007,201,true,4,5.649833800689336e-12
5602,horizontal,9.0500000000000007,202,true,4,1.8949643146965846e-11
5603,horizontal,9.0500000000000007,203,true,4,4.2623673537021816e-12
5604,horizontal,9.0500000000000007,204,true,3,5.697424374201447e-11
5605,horizontal,9.0500000000000007,205,true,3,3.8885424474157682e-11
5606,horizontal,9.0500000000000007,206,true,4,5.2508581848637773e-13
5607,horizontal,9.0500000000000007,207,true,3,7.3266825577197454e-12
5608,horizontal,9.0500000000000007,208,true,4,9.7941223010606008e-11
5609,horizontal,9.0500000000000007,209,true,6,5.3487385955054629e-11
5610,horizontal,9.0500000000000007,210,true,3,5.7617707023826461e-12
5611,horizontal,9.0500000000000007,211,true,4,6.7688554685996049e-12
5612,horizontal,9.0500000000000007,212,true,6,2.1985629129780502e-11
5613,horizontal,9.0500000000000007,213,true,4,2.0978761626769982e-11
5614,horizontal,9.0500000000000007,214,true,5,2.1542544685240574e-11
5615,horizontal,9.0500000000000007,215,true,5,1.2488315353260197e-11
5616,horizontal,9.0500000000000007,216,true,4,1.5305826024573249e-11
5617,horizontal,9.0500000000000007,217,true,4,3.1887224836982728e-11
5618,horizontal,9.0500000000000007,218,true,3,6.7299866069193288e-12
5619,horizontal,9.0500000000000007,219,true,4,7.4323345388853978e-12
5620,horizontal,9.0500000000000007,220,true,4,6.9167858548518179e-12
5621,horizontal,9.0500000000000007,221,true,4,4.5866721313942352e-11
5622,horizontal,9.0500000000000007,222,true,3,4.1720777117312785e-11
5623,horizontal,9.0500000000000007,223,true,5,4.4498648081596717e-11
5624,horizontal,9.0500000000000007,224,true,4,6.1768192649898088e-11
5625,horizontal,9.0500000000000007,225,true,4,3.6798964529951226e-11
5626,horizontal,9.0500000000000007,226,true,4,3.0161850407201755e-11
5627,horizontal,9.0500000000000007,227,true,3,5.7232982560310752e-11
5628,horizontal,9.0500000000000007,228,true,4,2.7017707428961185e-11
5629,horizontal,9.0500000000000007,229,true,5,3.0532655912216522e-12
5630,horizontal,9.0500000000000007,230,true,5,6.2016596738961924e-12
5631,horizontal,9.0500000000000007,231,true,5,4.1911216340859451e-12
5632,horizontal,9.0500000000000007,232,true,3,3.9581392642480645e-11
5633,horizontal,9.0500000000000007,233,true,4,7.5611218073876767e-12
5634,horizontal,9.0500000000000007,234,true,5,1.844112312619171e-11
5635,horizontal,9.0500000000000007,235,true,5,5.9916246404920033e-12
5636,horizontal,9.0500000000000007,236,true,3,7.0994980094691277e-12
5637,horizontal,9.0500000000000007,237,true,4,1.7310276197239486e-11
5638,horizontal,9.0500000000000007,238,true,6,1.3398844402594577e-11
5639,horizontal,9.0500000000000007,239,true,3,8.3320946772938534e-11
5640,horizontal,9.0500000000000007,240,true,5,6.4749988055293881e-12
5641,horizontal,9.0500000000000007,241,true,4,1.5370120805885277e-11
5642,horizontal,9.0500000000000007,242,true,5,4.5307652154217552e-12
5643,horizontal,9.0500000000000007,243,true,6,1.9083824668199876e-11
5644,horizontal,9.0500000000000007,244,true,4,7.6973326907446453e-12
5645,horizontal,9.0500000000000007,245,true,5,6.6684613126705822e-12
5646,horizontal,9.0500000000000007,246,true,3,7.0842029315832051e-12
5647,horizontal,9.0500000000000007,247,true,4,1.9663745004767171e-11
5648,horizontal,9.0500000000000007,248,true,4,2.7068170148643432e-11
5649,horizontal,9.0500000000000007,249,true,4,8.9352119119855681e-12
5650,horizontal,9.0500000000000007,250,true,4,1.897126703704111e-11
5651,horizontal,9.0500000000000007,251,true,4,3.2655643639045674e-12
5652,horizontal,9.0500000000000007,252,true,5,6.6546476628241474e-12
5653,horizontal,9.0500000000000007,253,true,5,4.0014992440279929e-12
5654,horizontal,9.0500000000000007,254,true,4,8.4407200262624957e-12
5655,horizontal,9.0500000000000007,255,true,4,6.8698812764410687e-12
5656,horizontal,9.0500000000000007,256,true,6,6.9803038127803805e-12
5657,horizontal,9.0500000000000007,257,true,4,7.4175449034633353e-11
5658,horizontal,9.0500000000000007,258,true,4,3.9661558886001258e-12
5659,horizontal,9.0500000000000007,259,true,4,2.1410118675367131e-12
5660,horizontal,9.0500000000000007,260,true,5,2.1143245207667628e-11
5661,horizontal,9.0500000000000007,261,true,5,1.3877241598963025e-12
5662,horizontal,9.0500000000000007,262,true,4,2.6435855897756821e-13
5663,horizontal,9.0500000000000007,263,true,4,1.6257457845633774e-11
5664,horizontal,9.0500000000000007,264,true,5,3.0167832748448844e-11
5665,horizontal,9.0500000000000007,265,true,5,1.2269620256004624e-11
5666,horizontal,9.0500000000000007,266,true,4,6.0141624338658954e-11
5667,horizontal,9.0500000000000007,267,true,4,1.3075008328743289e-11
5668,horizontal,9.0500000000000007,268,true,3,2.7452281221621669e-11
5669,horizontal,9.0500000000000007,269,true,4,3.4469293432259673e-12
5670,horizontal,9.0500000000000007,270,true,3,3.0390179353374968e-11
5671,horizontal,9.0500000000000007,271,true,3,1.7855383967388642e-11
5672,horizontal,9.0500000000000007,272,true,5,1.1796296299770777e-11
5673,horizontal,9.0500000000000007,273,true,4,3.4481582688864559e-11
5674,horizontal,9.0500000000000007,274,true,4,5.0609822380009404e-12
5675,horizontal,9.0500000000000007,275,true,4,4.651844242136173e-11
5676,horizontal,9.0500000000000007,276,true,5,4.0761975056685349e-11
5677,horizontal,9.0500000000000007,277,true,5,1.289284896641001e-12
5678,horizontal,9.0500000000000007,278,true,6,1.8724919244415829e-11
5679,horizontal,9.0500000000000007,279,true,4,6.6769355989236683e-13
5680,horizontal,9.0500000000000007,280,true,4,4.6082687021498664e-12
5681,horizontal,9.0500000000000007,281,true,5,4.8634284102130215e-11
5682,horizontal,9.0500000000000007,282,true,4,9.8144660866480841e-11
5683,horizontal,9.0500000000000007,283,true,5,2.3993354669855232e-11
5684,horizontal,9.0500000000000007,284,true,4,1.9220813490717517e-12
5685,horizontal,9.0500000000000007,285,true,5,2.3484164218938044e-11
5686,horizontal,9.0500000000000007,286,true,4,3.7437542473807888e-12
5687,horizontal,9.0500000000000007,287,true,4,1.1360053077044208e-11
5688,horizontal,9.0500000000000007,288,true,4,7.0236674224809325e-13
5689,horizontal,9.0500000000000007,289,true,5,1.4701186375518872e-12
5690,horizontal,9.0500000000000007,290,true,4,2.6290378742528873e-12
5691,horizontal,9.0500000000000007,291,true,5,6.8598057228643154e-12
5692,horizontal,9.0500000000000007,292,true,3,5.6798796758589151e-11
5693,horizontal,9.0500000000000007,293,true,4,3.2570628968301119e-11
5694,horizontal,9.0500000000000007,294,true,5,6.095315774817888e-11
5695,horizontal,9.0500000000000007,295,true,5,5.9690908463843154e-11
5696,horizontal,9.0500000000000007,296,true,5,3.4764827164464947e-11
5697,horizontal,9.0500000000000007,297,true,5,1.8834114109102688e-11
5698,horizontal,9.0500000000000007,298,true,4,1.8245841453130727e-11
5699,horizontal,9.0500000000000007,299,true,5,1.780149288901967e-11
5700,horizontal,9.0500000000000007,300,true,5,7.0140019921531503e-11
5701,horizontal,9.0500000000000007,301,true,4,6.0559197013655521e-12
5702,horizontal,9.0500000000000007,302,true,4,7.8066874930288779e-12
5703,horizontal,9.0500000000000007,303,true,4,7.8628461151305539e-11
5704,horizontal,9.0500000000000007,304,true,5,1.4593825288034771e-12
5705,horizontal,9.0500000000000007,305,true,4,3.0213420918895757e-11
5706,horizontal,9.0500000000000007,306,true,5,9.7398486489627106e-12
5707,horizontal,9.0500000000000007,307,true,4,2.5250820560063022e-12
5708,horizontal,9.0500000000000007,308,true,5,6.2937148198621944e-12
5709,horizontal,9.0500000000000007,309,true,4,1.068387940175349e-11
5710,horizontal,9.0500000000000007,310,true,3,2.6308200436531714e-11
5711,horizontal,9.0500000000000007,311,true,3,6.0561369697942254e-11
5712,horizontal,9.0500000000000007,312,true,4,8.8107329744923135e-13
5713,horizontal,9.0500000000000007,313,true,4,1.427196978393558e-11
5714,horizontal,9.0500000000000007,314,true,4,2.5338194860706389e-11
5715,horizontal,9.0500000000000007,315,true,4,1.516092661561129e-11
5716,horizontal,9.0500000000000007,316,true,4,3.5743107616910287e-11
5717,horizontal,9.0500000000000007,317,true,4,2.5719071891173889e-11
5718,horizontal,9.0500000000000007,318,true,4,4.7589253979476857e-11
5719,horizontal,9.0500000000000007,319,true,5,9.6981335669654021e-13
5720,horizontal,9.0500000000000007,320,true,4,1.2892009459297081e-11
5721,horizontal,9.0500000000000007,321,true,4,4.0833468648557946e-11
5722,horizontal,9.0500000000000007,322,true,4,1.4944056104347617e-11
5723,horizontal,9.0500000000000007,323,true,4,4.0109715169863324e-11
5724,horizontal,9.0500000000000007,324,true,4,7.5823363227797229e-11
5725,horizontal,9.0500000000000007,325,true,4,5.1871970871536665e-11
5726,horizontal,9.0500000000000007,326,true,5,8.5178484938583169e-12
5727,horizontal,9.0500000000000007,327,true,5,7.1839352671933278e-12
5728,horizontal,9.0500000000000007,328,true,4,9.7197469074046317e-11
5729,horizontal,9.0500000000000007,329,true,5,5.0491274407933231e-12
5730,horizontal,9.0500000000000007,330,true,4,4.637422260841459e-11
5731,horizontal,9.0500000000000007,331,true,4,1.5234260794539115e-11
5732,horizontal,9.0500000000000007,332,true,3,3.0290333335572137e-12
5733,horizontal,9.0500000000000007,333,true,4,2.2880154033984622e-12
5734,horizontal,9.0500000000000007,334,true,3,7.822440570716443e-12
5735,horizontal,9.0500000000000007,335,true,4,4.4522053013561813e-13
5736,horizontal,9.0500000000000007,336,true,4,7.1128123273128278e-11
5737,horizontal,9.0500000000000007,337,true,4,5.7385150210723751e-11
5738,horizontal,9.0500000000000007,338,true,4,2.7598510766481172e-11
5739,horizontal,9.0500000000000007,339,true,3,3.7696411893678973e-11
5740,horizontal,9.0500000000000007,340,true,5,1.9799936190512378e-11
5741,horizontal,9.0500000000000007,341,true,4,5.7892006161920871e-11
5742,horizontal,9.0500000000000007,342,true,4,2.1788431717476396e-12
5743,horizontal,9.0500000000000007,343,true,3,3.4471818813429893e-11
5744,horizontal,9.0500000000000007,344,true,3,1.703540607299501e-11
5745,horizontal,9.0500000000000007,345,true,4,2.554157142247479e-11
5746,horizontal,9.0500000000000007,346,true,3,4.8451779554679115e-11
5747,horizontal,9.0500000000000007,347,true,4,3.7887585588588423e-11
5748,horizontal,9.0500000000000007,348,true,3,3.6987354751495536e-11
5749,horizontal,9.0500000000000007,349,true,4,1.4598704261825516e-11
5750,horizontal,9.0500000000000007,350,true,5,9.7705541328264774e-11
5751,horizontal,9.0500000000000007,351,true,5,2.3872948095653592e-11
5752,horizontal,9.0500000000000007,352,true,5,2.1742437415857996e-12
5753,horizontal,9.0500000000000007,353,true,5,4.141817763366328e-12
5754,horizontal,9.0500000000000007,354,true,4,2.67010872189459e-11
5755,horizontal,9.0500000000000007,355,true,3,6.5915965686290694e-11
5756,horizontal,9.0500000000000007,356,true,3,2.1782509733132114e-11
5757,horizontal,9.0500000000000007,357,true,4,7.1414072622001074e-12
5758,horizontal,9.0500000000000007,358,true,4,2.2110840937583574e-11
5759,horizontal,9.0500000000000007,359,true,6,1.2688924848410694e-11
5760,horizontal,9.0500000000000007,360,true,4,6.6239894891713689e-11
5761,horizontal,9.0500000000000007,361,true,4,2.5009701718686451e-11
5762,horizontal,9.0500000000000007,362,true,4,1.7279259500217965e-11
5763,horizontal,9.0500000000000007,363,true,5,8.1372732793046422e-11
5764,horizontal,9.0500000000000007,364,true,4,3.9446626307152419e-12
5765,horizontal,9.0500000000000007,365,true,4,7.8297396890877772e-11
5766,horizontal,9.0500000000000007,366,true,5,1.4433060559533862e-11
5767,horizontal,9.0500000000000007,367,true,4,5.0095836720056465e-11
5768,horizontal,9.0500000000000007,368,true,4,5.1248701100819103e-11
5769,horizontal,9.0500000000000007,369,true,4,1.4407544172957499e-12
5770,horizontal,9.0500000000000007,370,true,5,5.4708579239178154e-11
5771,horizontal,9.0500000000000007,371,true,5,3.6702915397081167e-11
5772,horizontal,9.0500000000000007,372,true,4,7.1389835276807279e-12
5773,horizontal,9.0500000000000007,373,true,5,5.1408000477802779e-12
5774,horizontal,9.0500000000000007,374,true,3,1.4851359684732035e-11
5775,horizontal,9.0500000000000007,375,true,4,1.0995053467657939e-11
5776,horizontal,9.0500000000000007,376,true,5,2.2863311730501082e-12
5777,horizontal,9.0500000000000007,377,true,5,4.8642692586833469e-12
5778,horizontal,9.0500000000000007,378,true,3,5.7031208259923667e-11
5779,horizontal,9.0500000000000007,379,true,4,6.7583253145726546e-12
5780,horizontal,9.0500000000000007,380,true,3,6.3750986905368593e-12
5781,horizontal,9.0500000000000007,381,true,4,9.1736127655392717e-11
5782,horizontal,9.0500000000000007,382,true,4,5.5656118278318811e-11
5783,horizontal,9.0500000000000007,383,true,5,1.9663491907127462e-11
5784,horizontal,9.0500000000000007,384,true,4,4.800237783810159e-12
5785,horizontal,9.0500000000000007,385,true,4,9.7967363524823812e-12
5786,horizontal,9.0500000000000007,386,true,3,4.3121061806561275e-11
5787,horizontal,9.0500000000000007,387,true,5,1.3198400003063262e-11
5788,horizontal,9.0500000000000007,388,true,3,4.0184976892639208e-12
5789,horizontal,9.0500000000000007,389,true,4,7.1671010121981407e-12
5790,horizontal,9.0500000000000007,390,true,5,9.4723512717874406e-12
5791,horizontal,9.0500000000000007,391,true,5,6.0629114457928731e-12
5792,horizontal,9.0500000000000007,392,true,4,1.1533262281669628e-11
5793,horizontal,9.0500000000000007,393,true,4,1.1565276664539075e-11
5794,horizontal,9.0500000000000007,394,true,3,4.0471799731129687e-11
5795,horizontal,9.0500000000000007,395,true,4,4.3580147425373902e-11
5796,horizontal,9.0500000000000007,396,true,4,4.5914625984511162e-12
5797,horizontal,9.0500000000000007,397,true,3,1.5715733518027007e-12
5798,horizontal,9.0500000000000007,398,true,4,1.2251268661007348e-11
5799,horizontal,9.0500000000000007,399,true,4,6.7720946559765932e-11
5800,horizontal,9.0500000000000007,400,true,3,1.8770261279250852e-11
5801,horizontal,9.0500000000000007,401,true,4,9.0938406134799759e-12
5802,horizontal,9.0500000000000007,402,true,5,5.4140866450992991e-12
5803,horizontal,9.0500000000000007,403,true,4,1.8590429530701578e-12
5804,horizontal,9.0500000000000007,404,true,3,3.0197804542514627e-11
5805,horizontal,9.0500000000000007,405,true,3,3.5167896877573347e-11
5806,horizontal,9.0500000000000007,406,true,5,6.5119956338987497e-12
5807,horizontal,9.0500000000000007,407,true,4,6.9925562951769543e-11
5808,horizontal,9.0500000000000007,408,true,4,3.2414532157401614e-11
5809,horizontal,9.0500000000000007,409,true,4,5.7521090027412608e-12
5810,horizontal,9.0500000000000007,410,true,3,6.8009743934635109e-12
5811,horizontal,9.0500000000000007,411,true,4,3.7580107133046982e-12
5812,horizontal,9.0500000000000007,412,true,4,3.3964852085095774e-11
5813,horizontal,9.0500000000000007,413,true,3,1.3827827541085145e-11
5814,horizontal,9.0500000000000007,414,true,5,1.1270118966339946e-11
5815,horizontal,9.0500000000000007,415,true,3,2.3569362304688446e-11
5816,horizontal,9.0500000000000007,416,true,3,1.7065191895196186e-11
5817,horizontal,9.0500000000000007,417,true,5,1.5326453002365006e-12
5818,horizontal,9.0500000000000007,418,true,5,1.4873836388774829e-12
5819,horizontal,9.0500000000000007,419,true,5,3.7929776384892876e-11
5820,horizontal,9.0500000000000007,420,true,6,4.9462777343345229e-12
5821,horizontal,9.0500000000000007,421,true,4,4.0450878449382808e-11
5822,horizontal,9.0500000000000007,422,true,5,5.5882876538073671e-11
5823,horizontal,9.0500000000000007,423,true,4,7.5406934861250982e-11
5824,horizontal,9.0500000000000007,424,true,4,2.6034092921972644e-12
5825,horizontal,9.0500000000000007,425,true,5,2.345963841898543e-11
5826,horizontal,9.0500000000000007,426,true,5,1.5160239320667284e-11
5827,horizontal,9.0500000000000007,427,true,5,9.0768789319276697e-12
5828,horizontal,9.0500000000000007,428,true,4,3.5070298057699084e-11
5829,horizontal,9.0500000000000007,429,true,5,5.2302744218378632e-12
5830,horizontal,9.0500000000000007,430,true,5,6.7942837013282203e-12
5831,horizontal,9.0500000000000007,431,true,3,3.2286862576356061e-11
5832,horizontal,9.0500000000000007,432,true,5,4.9231485841078952e-12
5833,horizontal,9.0500000000000007,433,true,5,6.7780047178624531e-12
5834,horizontal,9.0500000000000007,434,true,5,1.1328605955621307e-11
5835,horizontal,9.0500000000000007,435,true,4,1.6437054936882598e-12
5836,horizontal,9.0500000000000007,436,true,5,1.4676972597016636e-11
5837,horizontal,9.0500000000000007,437,true,3,8.0788295173943175e-11
5838,horizontal,9.0500000000000007,438,true,4,6.9405073998935833e-12
5839,horizontal,9.0500000000000007,439,true,5,1.3112355492838155e-11
5840,horizontal,9.0500000000000007,440,true,5,6.4983285014956506e-11
5841,horizontal,9.0500000000000007,441,true,4,1.4248532837707003e-11
5842,horizontal,9.0500000000000007,442,true,4,9.9664164008671937e-12
5843,horizontal,9.0500000000000007,443,true,5,4.8200277159402622e-12
5844,horizontal,9.0500000000000007,444,true,5,5.6210124731886767e-12
5845,horizontal,9.0500000000000007,445,true,4,2.5007314237330012e-12
5846,horizontal,9.0500000000000007,446,true,4,6.7547520815048888e-13
5847,horizontal,9.0500000000000007,447,true,3,1.8535874917148063e-11
5848,horizontal,9.0500000000000007,448,true,5,1.708916102519374e-11
5849,horizontal,9.0500000000000007,449,true,3,1.3691595332974424e-11
5850,horizontal,9.0500000000000007,450,true,4,3.3357873591594606e-11
5851,horizontal,9.0500000000000007,451,true,3,9.2191662641310929e-11
5852,horizontal,9.0500000000000007,452,true,4,1.7801381034229439e-12
5853,horizontal,9.0500000000000007,453,true,4,4.9378218970509298e-12
5854,horizontal,9.0500000000000007,454,true,4,1.154189771157419e-11
5855,horizontal,9.0500000000000007,455,true,4,1.7215200364600226e-11
5856,horizontal,9.0500000000000007,456,true,4,1.1294625304238901e-12
5857,horizontal,9.0500000000000007,457,true,3,9.4922383261913538e-11
5858,horizontal,9.0500000000000007,458,true,4,4.1341649637018994e-12
5859,horizontal,9.0500000000000007,459,true,3,1.0225771044237527e-11
5860,horizontal,9.0500000000000007,460,true,3,1.7111228737763691e-11
5861,horizontal,9.0500000000000007,461,true,4,8.026281554056525e-11
5862,horizontal,9.0500000000000007,462,true,4,9.8206395413854509e-12
5863,horizontal,9.0500000000000007,463,true,5,9.865243950137761e-12
5864,horizontal,9.0500000000000007,464,true,5,3.4247699076704401e-11
5865,horizontal,9.0500000000000007,465,true,4,2.1974185350122371e-11
5866,horizontal,9.0500000000000007,466,true,3,5.2885896267847952e-11
5867,horizontal,9.0500000000000007,467,true,4,8.0910781214247566e-12
5868,horizontal,9.0500000000000007,468,true,4,1.9727188682622426e-12
5869,horizontal,9.0500000000000007,469,true,5,7.2637425274694559e-11
5870,horizontal,9.0500000000000007,470,true,4,8.9198238564888559e-11
5871,horizontal,9.0500000000000007,471,true,4,7.1944190192222862e-12
5872,horizontal,9.0500000000000007,472,true,3,7.663788944422787e-11
5873,horizontal,9.0500000000000007,473,true,4,1.8931009660779542e-12
5874,horizontal,9.0500000000000007,474,true,5,8.5809331211500438e-12
5875,horizontal,9.0500000000000007,475,true,3,2.9831660969664196e-11
5876,horizontal,9.0500000000000007,476,true,3,2.6181104340286912e-12
5877,horizontal,9.0500000000000007,477,true,5,1.2205340089536216e-12
5878,horizontal,9.0500000000000007,478,true,4,7.7555478729535859e-11
5879,horizontal,9.0500000000000007,479,true,5,3.9338776443921667e-12
5880,horizontal,9.0500000000000007,480,true,4,4.6528002903721215e-11
5881,horizontal,9.0500000000000007,481,true,4,3.3122562870155815e-11
5882,horizontal,9.0500000000000007,482,true,5,4.2716573203039696e-11
5883,horizontal,9.0500000000000007,483,true,5,4.0313504527901929e-12
5884,horizontal,9.0500000000000007,484,true,5,6.4641167896482972e-11
5885,horizontal,9.0500000000000007,485,true,5,4.5467945000955976e-12
5886,horizontal,9.0500000000000007,486,true,4,8.829349963716392e-13
5887,horizontal,9.0500000000000007,487,true,5,6.0428990755946523e-12
5888,horizontal,9.0500000000000007,488,true,4,6.1502495654675579e-11
5889,horizontal,9.0500000000000007,489,true,4,1.5447927315475497e-11
5890,horizontal,9.0500000000000007,490,true,6,3.3196269148823386e-11
5891,horizontal,9.0500000000000007,491,true,5,3.669814924783732e-11
5892,horizontal,9.0500000000000007,492,true,5,1.4365686124323166e-11
5893,horizontal,9.0500000000000007,493,true,4,3.2976091839788445e-11
5894,horizontal,9.0500000000000007,494,true,5,5.5289906979621596e-12
5895,horizontal,9.0500000000000007,495,true,4,2.4643534915623019e-11
5896,horizontal,9.0500000000000007,496,true,4,9.1928394090538656e-11
5897,horizontal,9.0500000000000007,497,true,4,3.2418082838522936e-12
5898,horizontal,9.0500000000000007,498,true,4,1.1343729351210114e-11
5899,horizontal,9.0500000000000007,499,true,5,1.8495597300978207e-12
5900,horizontal,9.0500000000000007,500,true,4,2.0794548363943232e-12
5901,horizontal,9.0500000000000007,501,true,3,8.9591220597476515e-11
5902,horizontal,9.0500000000000007,502,true,3,6.2611566111554834e-11
5903,horizontal,9.0500000000000007,503,true,3,9.5648273114141152e-12
5904,horizontal,9.0500000000000007,504,true,4,8.639237057311906e-12
5905,horizontal,9.0500000000000007,505,true,5,1.329295366807532e-11
5906,horizontal,9.0500000000000007,506,true,4,1.432679736242393e-11
5907,horizontal,9.0500000000000007,507,true,4,4.9952870015543824e-11
5908,horizontal,9.0500000000000007,508,true,4,1.137748341192003e-11
5909,horizontal,9.0500000000000007,509,true,3,1.5456784720309823e-11
5910,horizontal,9.0500000000000007,510,true,4,2.3296451027335433e-11
5911,horizontal,9.0500000000000007,511,true,4,8.814082948557143e-12
5912,horizontal,9.0500000000000007,512,true,3,1.8349214788175171e-11
5913,horizontal,9.0500000000000007,513,true,3,7.5971896440585213e-12
5914,horizontal,9.0500000000000007,514,true,3,3.7517338995821632e-11
5915,horizontal,9.0500000000000007,515,true,4,8.695264020044786e-12
5916,horizontal,9.0500000000000007,516,true,3,2.7509553342845542e-12
5917,horizontal,9.0500000000000007,517,true,3,6.3684617183586846e-11
5918,horizontal,9.0500000000000007,518,true,4,6.7050661566529034e-12
5919,horizontal,9.0500000000000007,519,true,5,5.0126898509370168e-11
5920,horizontal,9.0500000000000007,520,true,4,1.846139149717855e-11
5921,horizontal,9.0500000000000007,521,true,4,2.3776378033369093e-11
5922,horizontal,9.0500000000000007,522,true,5,3.716434169091799e-11
5923,horizontal,9.0500000000000007,523,true,6,2.322311095384635e-11
5924,horizontal,9.0500000000000007,524,true,3,3.8268824380015873e-11
5925,horizontal,9.0500000000000007,525,true,4,2.655998144497879e-12
5926,horizontal,9.0500000000000007,526,true,4,6.4541408383566189e-12
5927,horizontal,9.0500000000000007,527,true,4,1.8290550845106146e-11
5928,horizontal,9.0500000000000007,528,true,4,1.6419345462703338e-11
5929,horizontal,9.0500000000000007,529,true,3,2.7147162083512744e-11
5930,horizontal,9.0500000000000007,530,true,3,5.8606585351399759e-12
5931,horizontal,9.0500000000000007,531,true,4,2.9664869640992057e-11
5932,horizontal,9.0500000000000007,532,true,4,7.9777532527467697e-11
5933,horizontal,9.0500000000000007,533,true,4,3.5770652227484528e-11
5934,horizontal,9.0500000000000007,534,true,3,5.2890869116774827e-11
5935,horizontal,9.0500000000000007,535,true,4,2.7500581144655518e-11
5936,horizontal,9.0500000000000007,536,true,4,4.1427611095249263e-11
5937,horizontal,9.0500000000000007,537,true,3,7.4800050655864689e-11
5938,horizontal,9.0500000000000007,538,true,4,3.2976304161471321e-11
5939,horizontal,9.0500000000000007,539,true,3,1.6598730263636429e-11
5940,horizontal,9.0500000000000007,540,true,4,7.4781860198357678e-12
5941,horizontal,9.0500000000000007,541,true,4,2.0685308680464949e-11
5942,horizontal,9.0500000000000007,542,true,5,4.3984450769127697e-11
5943,horizontal,9.0500000000000007,543,true,4,1.018631571052101e-11
5944,horizontal,9.0500000000000007,544,true,3,6.481171351934856e-11
5945,horizontal,9.0500000000000007,545,true,4,2.8843257205365112e-12
5946,horizontal,9.0500000000000007,546,true,4,1.6661953402100321e-12
5947,horizontal,9.0500000000000007,547,true,4,5.4112223148282676e-11
5948,horizontal,9.0500000000000007,548,true,5,8.1700594022479664e-12
5949,horizontal,9.0500000000000007,549,true,4,1.5214178325944546e-12
5950,horizontal,9.0500000000000007,550,true,3,2.9499184858304281e-11
5951,horizontal,9.0500000000000007,551,true,5,3.7646359739664554e-11
5952,horizontal,9.0500000000000007,552,true,4,7.3859710066381947e-11
5953,horizontal,9.0500000000000007,553,true,5,1.0738144783041633e-11
5954,horizontal,9.0500000000000007,554,true,4,3.7863582930408183e-11
5955,horizontal,9.0500000000000007,555,true,5,2.3393879012258649e-12
5956,horizontal,9.0500000000000007,556,true,5,2.0440618578600103e-12
5957,horizontal,9.0500000000000007,557,true,5,3.9898515120600474e-12
5958,horizontal,9.0500000000000007,558,true,4,1.0676067105997778e-11
5959,horizontal,9.0500000000000007,559,true,4,7.2622712496804138e-11
5960,horizontal,9.0500000000000007,560,true,4,5.8924721701141281e-13
5961,horizontal,9.0500000000000007,561,true,5,8.4941477029973564e-12
5962,horizontal,9.0500000000000007,562,true,5,4.1573131058218991e-11
5963,horizontal,9.0500000000000007,563,true,5,1.1132533044858471e-11
5964,horizontal,9.0500000000000007,564,true,4,2.3525577508204812e-11
5965,horizontal,9.0500000000000007,565,true,4,2.5476328710631617e-12
5966,horizontal,9.0500000000000007,566,true,3,4.1730708013144633e-11
5967,horizontal,9.0500000000000007,567,true,3,8.6484037896733706e-12
5968,horizontal,9.0500000000000007,568,true,4,2.2663261925381913e-11
5969,horizontal,9.0500000000000007,569,true,5,1.6457927977058349e-11
5970,horizontal,9.0500000000000007,570,true,4,3.5223534121744191e-11
5971,horizontal,9.0500000000000007,571,true,5,1.7539994864801108e-11
5972,horizontal,9.0500000000000007,572,true,4,8.4909553512271287e-11
5973,horizontal,9.0500000000000007,573,true,5,4.2285159460525026e-12
5974,horizontal,9.0500000000000007,574,true,5,5.7782768496588531e-12
5975,horizontal,9.0500000000000007,575,true,5,3.3702190092177982e-12
5976,horizontal,9.0500000000000007,576,true,4,1.0575769628817349e-11
5977,horizontal,9.0500000000000007,577,true,5,2.8963859247393275e-11
5978,horizontal,9.0500000000000007,578,true,4,3.7157050063103065e-12
5979,horizontal,9.0500000000000007,579,true,5,6.3730359030530955e-11
5980,horizontal,9.0500000000000007,580,true,4,2.4091086294041894e-11
5981,horizontal,9.0500000000000007,581,true,4,9.5369857557497762e-12
5982,horizontal,9.0500000000000007,582,true,5,2.1294038466653409e-12
5983,horizontal,9.0500000000000007,583,true,4,8.7653286966962324e-13
5984,horizontal,9.0500000000000007,584,true,4,2.0597784196838999e-12
5985,horizontal,9.0500000000000007,585,true,4,2.0418318325010857e-11
5986,horizontal,9.0500000000000007,586,true,3,4.5275621726546236e-11
5987,horizontal,9.0500000000000007,587,true,3,6.2621664115228995e-12
5988,horizontal,9.0500000000000007,588,true,4,6.6786355140858831e-12
5989,horizontal,9.0500000000000007,589,true,4,6.0530803583631261e-12
5990,horizontal,9.0500000000000007,590,true,5,3.8061820092676498e-12
5991,horizontal,9.0500000000000007,591,true,4,8.1183308698612409e-12
5992,horizontal,9.0500000000000007,592,true,5,2.4367058599849425e-11
5993,horizontal,9.0500000000000007,593,true,4,9.381633813774086e-12
5994,horizontal,9.0500000000000007,594,true,4,1.6572638853436299e-11
5995,horizontal,9.0500000000000007,595,true,4,6.7953874702483454e-11
5996,horizontal,9.0500000000000007,596,true,4,2.1924068835676167e-11
5997,horizontal,9.0500000000000007,597,true,4,2.3155200516636624e-11
5998,horizontal,9.0500000000000007,598,true,5,9.6114779263593891e-13
5999,horizontal,9.0500000000000007,599,true,4,1.3389754586869092e-11
6000,horizontal,9.0500000000000007,600,true,4,1.5432919313431772e-11
6001,vertical,1.1299999999999999,1,true,2,6.3198731695755453e-13
6002,vertical,1.1299999999999999,2,true,2,4.3019621894898172e-11
6003,vertical,1.1299999999999999,3,true,2,3.6226086978049313e-13
6004,vertical,1.1299999999999999,4,true,2,3.2676536594821385e-11
6005,vertical,1.1299999999999999,5,true,2,3.8180972578022138e-11
6006,vertical,1.1299999999999999,6,true,2,4.9217678960106359e-13
6007,vertical,1.1299999999999999,7,true,2,7.0124724042874097e-12
6008,vertical,1.1299999999999999,8,true,2,1.0407174085778724e-12
6009,vertical,1.1299999999999999,9,true,2,9.2351495253547434e-12
6010,vertical,1.1299999999999999,10,true,2,2.252668273059409e-12
6011,vertical,1.1299999999999999,11,true,2,6.1063166464489527e-12
6012,vertical,1.1299999999999999,12,true,2,1.8220374843945016e-11
6013,vertical,1.1299999999999999,13,true,2,2.0233019640988049e-11
6014,vertical,1.1299999999999999,14,true,2,1.6251573241841383e-11
6015,vertical,1.1299999999999999,15,true,2,5.5940292714407832e-11
6016,vertical,1.1299999999999999,16,true,2,6.2058599383220523e-12
6017,vertical,1.1299999999999999,17,true,2,1.6630672901954562e-12
6018,vertical,1.1299999999999999,18,true,2,8.9408964539109818e-12
6019,vertical,1.1299999999999999,19,true,2,9.1154285273534258e-12
6020,vertical,1.1299999999999999,20,true,2,8.9961012453825743e-13
6021,vertical,1.1299999999999999,21,true,2,3.9740663869996966e-11
6022,vertical,1.1299999999999999,22,true,2,1.3334951898746296e-11
6023,vertical,1.1299999999999999,23,true,2,2.5522934190841582e-11
6024,vertical,1.1299999999999999,24,true,2,2.4341272815810614e-13
6025,vertical,1.1299999999999999,25,true,2,2.946697200324437e-11
6026,vertical,1.1299999999999999,26,true,2,1.2606350098567627e-11
6027,vertical,1.1299999999999999,27,true,2,4.3758750391299458e-13
6028,vertical,1.1299999999999999,28,true,2,1.8327158202754039e-12
6029,vertical,1.1299999999999999,29,true,2,5.6852921378397712e-12
6030,vertical,1.1299999999999999,30,true,2,1.64946240053204e-11
6031,vertical,1.1299999999999999,31,true,2,8.0211924497810882e-12
6032,vertical,1.1299999999999999,32,true,2,3.2734729209620714e-11
6033,vertical,1.1299999999999999,33,true,2,2.7333579182028457e-12
6034,vertical,1.1299999999999999,34,true,2,2.8372622453977218e-12
6035,vertical,1.1299999999999999,35,true,1,5.2285426875825971e-11
6036,vertical,1.1299999999999999,36,true,2,4.6981706079580783e-11
6037,vertical,1.1299999999999999,37,true,2,2.9978739813921701e-11
6038,vertical,1.1299999999999999,38,true,2,6.6840681409708862e-11
6039,vertical,1.1299999999999999,39,true,2,2.2227434949649038e-12
6040,vertical,1.1299999999999999,40,true,2,1.5142079238933153e-11
6041,vertical,1.1299999999999999,41,true,2,5.5211363370187186e-12
6042,vertical,1.1299999999999999,42,true,2,6.5091111849029871e-12
6043,vertical,1.1299999999999999,43,true,2,4.5134215821274905e-11
6044,vertical,1.1299999999999999,44,true,2,1.1400847741635694e-11
6045,vertical,1.1299999999999999,45,true,2,1.1182319036481805e-11
6046,vertical,1.1299999999999999,46,true,2,2.0433880216560206e-11
6047,vertical,1.1299999999999999,47,true,2,1.5179457502462617e-11
6048,vertical,1.1299999999999999,48,true,2,8.4966071862429071e-11
6049,vertical,1.1299999999999999,49,true,2,6.7340289549376026e-12
6050,vertical,1.1299999999999999,50,true,2,4.6771771804410988e-12
6051,vertical,1.1299999999999999,51,true,2,1.6714324403600273e-11
6052,vertical,1.1299999999999999,52,true,2,2.235501258678864e-11
6053,vertical,1.1299999999999999,53,true,2,3.9315857510763209e-12
6054,vertical,1.1299999999999999,54,true,2,7.1160190737489609e-11
6055,vertical,1.1299999999999999,55,true,2,6.4543621294180175e-13
6056,vertical,1.1299999999999999,56,true,2,3.0063197645236222e-11
6057,vertical,1.1299999999999999,57,true,2,5.4740804921668726e-12
6058,vertical,1.1299999999999999,58,true,3,2.7564935569347206e-13
6059,vertical,1.1299999999999999,59,true,2,1.0556735420575928e-12
6060,vertical,1.1299999999999999,60,true,3,7.2576363175720793e-13
6061,vertical,1.1299999999999999,61,true,2,5.2883122317325167e-13
6062,vertical,1.1299999999999999,62,true,2,1.3722360130353879e-12
6063,vertical,1.1299999999999999,63,true,2,7.208224834832716e-13
6064,vertical,1.1299999999999999,64,true,2,1.464728840770131e-12
6065,vertical,1.1299999999999999,65,true,2,1.0917040716117289e-12
6066,vertical,1.1299999999999999,66,true,2,3.4997319621700895e-11
6067,vertical,1.1299999999999999,67,true,1,4.6157044605348103e-11
6068,vertical,1.1299999999999999,68,true,2,2.4395309083784934e-12
6069,vertical,1.1299999999999999,69,true,2,6.6885571357773716e-12
6070,vertical,1.1299999999999999,70,true,2,7.4523766098187222e-12
6071,vertical,1.1299999999999999,71,true,2,3.6826798335799666e-11
6072,vertical,1.1299999999999999,72,true,2,3.3274462780167947e-11
6073,vertical,1.1299999999999999,73,true,2,2.6586226401451626e-12
6074,vertical,1.1299999999999999,74,true,2,3.6700554036947964e-11
6075,vertical,1.1299999999999999,75,true,2,1.5654976877639498e-11
6076,vertical,1.1299999999999999,76,true,1,3.3243231015601315e-11
6077,vertical,1.1299999999999999,77,true,2,3.597320980448244e-13
6078,vertical,1.1299999999999999,78,true,2,6.6748783222564451e-11
6079,vertical,1.1299999999999999,79,true,2,1.8097234810482508e-12
6080,vertical,1.1299999999999999,80,true,2,1.6498660449513626e-11
6081,vertical,1.1299999999999999,81,true,2,6.4623120844154531e-13
6082,vertical,1.1299999999999999,82,true,2,1.2564561429791129e-11
6083,vertical,1.1299999999999999,83,true,2,3.5798494809171344e-12
6084,vertical,1.1299999999999999,84,true,2,1.4723138638176926e-11
6085,vertical,1.1299999999999999,85,true,2,9.1026523985293328e-11
6086,vertical,1.1299999999999999,86,true,2,6.4402941937623018e-11
6087,vertical,1.1299999999999999,87,true,2,2.4511480295452955e-11
6088,vertical,1.1299999999999999,88,true,2,2.5322684536916788e-11
6089,vertical,1.1299999999999999,89,true,2,6.9428028059192565e-11
6090,vertical,1.1299999999999999,90,true,2,7.5582529780206905e-12
6091,vertical,1.1299999999999999,91,true,2,8.7862705642463542e-12
6092,vertical,1.1299999999999999,92,true,2,1.2237948833321877e-11
6093,vertical,1.1299999999999999,93,true,2,6.1137369158895407e-11
6094,vertical,1.1299999999999999,94,true,2,4.4892106112489256e-12
6095,vertical,1.1299999999999999,95,true,2,1.9981462256664852e-12
6096,vertical,1.1299999999999999,96,true,2,1.6326205950363803e-12
6097,vertical,1.1299999999999999,97,true,2,3.3770519701124183e-12
6098,vertical,1.1299999999999999,98,true,2,4.6485581942907711e-11
6099,vertical,1.1299999999999999,99,true,2,1.1088392828236856e-12
6100,vertical,1.1299999999999999,100,true,2,4.1121136043365912e-11
6101,vertical,1.1299999999999999,101,true,2,8.407291451437729e-12
6102,vertical,1.1299999999999999,102,true,2,2.959475351858222e-12
6103,vertical,1.1299999999999999,103,true,2,4.9690506938420339e-11
6104,vertical,1.1299999999999999,104,true,2,9.3312884655254489e-12
6105,vertical,1.1299999999999999,105,true,2,5.6653021140486963e-12
6106,vertical,1.1299999999999999,106,true,2,1.7327085365205282e-11
6107,vertical,1.1299999999999999,107,true,2,8.3643945328738e-12
6108,vertical,1.1299999999999999,108,true,2,6.0725883303218293e-11
6109,vertical,1.1299999999999999,109,true,2,1.3289158234033919e-11
6110,vertical,1.1299999999999999,110,true,2,7.2466065003017367e-12
6111,vertical,1.1299999999999999,111,true,2,5.0777945828881077e-11
6112,vertical,1.1299999999999999,112,true,2,3.7647457161007022e-11
6113,vertical,1.1299999999999999,113,true,2,6.0811154424672895e-12
6114,vertical,1.1299999999999999,114,true,2,4.532856996302267e-11
6115,vertical,1.1299999999999999,115,true,2,2.3901290793184013e-12
6116,vertical,1.1299999999999999,116,true,2,1.3015711013842953e-12
6117,vertical,1.1299999999999999,117,true,2,4.4174784795726007e-11
6118,vertical,1.1299999999999999,118,true,2,1.3064983369270186e-11
6119,vertical,1.1299999999999999,119,true,2,5.9117239346996542e-11
6120,vertical,1.1299999999999999,120,true,2,2.5658914999951336e-12
6121,vertical,1.1299999999999999,121,true,2,2.1509300038859412e-11
6122,vertical,1.1299999999999999,122,true,3,2.783085675812997e-13
6123,vertical,1.1299999999999999,123,true,3,2.8500869681694233e-13
6124,vertical,1.1299999999999999,124,true,2,3.711087880228155e-11
6125,vertical,1.1299999999999999,125,true,2,1.1858104399742527e-12
6126,vertical,1.1299999999999999,126,true,2,5.2817671158190989e-12
6127,vertical,1.1299999999999999,127,true,2,1.683462384969357e-12
6128,vertical,1.1299999999999999,128,true,2,1.8355002137416755e-11
6129,vertical,1.1299999999999999,129,true,2,1.3762924862936894e-11
6130,vertical,1.1299999999999999,130,true,2,3.3744379756871034e-13
6131,vertical,1.1299999999999999,131,true,2,1.1450646035666759e-11
6132,vertical,1.1299999999999999,132,true,2,5.6469460237076062e-12
6133,vertical,1.1299999999999999,133,true,2,1.0121965775968945e-11
6134,vertical,1.1299999999999999,134,true,2,1.8912419911555694e-11
6135,vertical,1.1299999999999999,135,true,2,5.2100917887712325e-11
6136,vertical,1.1299999999999999,136,true,2,3.3951013893307563e-11
6137,vertical,1.1299999999999999,137,true,2,2.1356637057207083e-12
6138,vertical,1.1299999999999999,138,true,2,1.5716252566173997e-11
6139,vertical,1.1299999999999999,139,true,2,8.7984057760129118e-11
6140,vertical,1.1299999999999999,140,true,2,1.6020508507487438e-11
6141,vertical,1.1299999999999999,141,true,2,4.8231050191387599e-11
6142,vertical,1.1299999999999999,142,true,2,1.9531358259869132e-12
6143,vertical,1.1299999999999999,143,true,2,1.7253278252684058e-11
6144,vertical,1.1299999999999999,144,true,2,2.1106248660097855e-11
6145,vertical,1.1299999999999999,145,true,2,2.9137793628011327e-12
6146,vertical,1.1299999999999999,146,true,2,1.9522934405276903e-11
6147,vertical,1.1299999999999999,147,true,2,4.1436863641663937e-11
6148,vertical,1.1299999999999999,148,true,2,1.2437943645915642e-11
6149,vertical,1.1299999999999999,149,true,2,1.908200809653126e-11
6150,vertical,1.1299999999999999,150,true,3,2.6752467553228808e-13
6151,vertical,1.1299999999999999,151,true,2,4.3601070849722799e-12
6152,vertical,1.1299999999999999,152,true,3,2.9689367183776184e-13
6153,vertical,1.1299999999999999,153,true,2,1.7779757179533036e-11
6154,vertical,1.1299999999999999,154,true,2,8.9095201547720043e-11
6155,vertical,1.1299999999999999,155,true,2,9.7210364385129415e-12
6156,vertical,1.1299999999999999,156,true,2,8.5679909517824881e-12
6157,vertical,1.1299999999999999,157,true,2,2.3932030886101367e-12
6158,vertical,1.1299999999999999,158,true,2,1.3521237530101073e-11
6159,vertical,1.1299999999999999,159,true,1,5.7004553182247168e-11
6160,vertical,1.1299999999999999,160,true,2,3.1307761221507662e-12
6161,vertical,1.1299999999999999,161,true,2,4.0993672770355168e-12
6162,vertical,1.1299999999999999,162,true,2,3.6495613801714617e-12
6163,vertical,1.1299999999999999,163,true,2,7.9967093165277037e-12
6164,vertical,1.1299999999999999,164,true,2,2.9655173009864978e-11
6165,vertical,1.1299999999999999,165,true,2,4.4289984517782191e-12
6166,vertical,1.1299999999999999,166,true,2,3.3789473814704785e-12
6167,vertical,1.1299999999999999,167,true,2,1.1152316037609511e-12
6168,vertical,1.1299999999999999,168,true,2,4.2929248711784735e-11
6169,vertical,1.1299999999999999,169,true,2,3.1245397629853996e-11
6170,vertical,1.1299999999999999,170,true,2,1.2284885490835024e-11
6171,vertical,1.1299999999999999,171,true,2,9.3682134906064902e-12
6172,vertical,1.1299999999999999,172,true,2,2.9531693600730293e-11
6173,vertical,1.1299999999999999,173,true,2,2.3941589409560209e-12
6174,vertical,1.1299999999999999,174,true,2,5.7931431320563477e-12
6175,vertical,1.1299999999999999,175,true,2,2.132785773367282e-11
6176,vertical,1.1299999999999999,176,true,2,4.3137766185166237e-11
6177,vertical,1.1299999999999999,177,true,2,5.1571402519168965e-13
6178,vertical,1.1299999999999999,178,true,2,2.3492943163769334e-12
6179,vertical,1.1299999999999999,179,true,2,3.9645812822954766e-11
6180,vertical,1.1299999999999999,180,true,2,3.6329485634937846e-12
6181,vertical,1.1299999999999999,181,true,3,9.2724987549021684e-13
6182,vertical,1.1299999999999999,182,true,2,1.9762580130675723e-11
6183,vertical,1.1299999999999999,183,true,2,3.525204413001049e-12
6184,vertical,1.1299999999999999,184,true,2,2.7948400496197853e-11
6185,vertical,1.1299999999999999,185,true,2,1.0438146897951401e-12
6186,vertical,1.1299999999999999,186,true,2,4.4475879794787913e-12
6187,vertical,1.1299999999999999,187,true,2,8.0474091545977068e-12
6188,vertical,1.1299999999999999,188,true,3,1.9335569464613764e-13
6189,vertical,1.1299999999999999,189,true,2,2.6896599714813563e-12
6190,vertical,1.1299999999999999,190,true,2,1.3208434212770388e-12
6191,vertical,1.1299999999999999,191,true,2,2.3258556592273765e-12
6192,vertical,1.1299999999999999,192,true,2,3.0854930655423026e-12
6193,vertical,1.1299999999999999,193,true,2,8.3445374589427619e-12
6194,vertical,1.1299999999999999,194,true,2,1.1072673995716758e-11
6195,vertical,1.1299999999999999,195,true,2,9.9881741289693021e-11
6196,vertical,1.1299999999999999,196,true,2,3.6503303598844772e-12
6197,vertical,1.1299999999999999,197,true,2,1.5809322768186622e-11
6198,vertical,1.1299999999999999,198,true,2,2.103078404915822e-11
6199,vertical,1.1299999999999999,199,true,2,1.9431029315845783e-11
6200,vertical,1.1299999999999999,200,true,2,1.1393114531293409e-11
6201,vertical,1.1299999999999999,201,true,2,2.3906273373405758e-11
6202,vertical,1.1299999999999999,202,true,2,1.616288117751899e-11
6203,vertical,1.1299999999999999,203,true,2,8.6148919597992918e-12
6204,vertical,1.1299999999999999,204,true,2,1.5957352433518506e-12
6205,vertical,1.1299999999999999,205,true,2,5.5502421301739764e-12
6206,vertical,1.1299999999999999,206,true,2,5.5609418248297023e-12
6207,vertical,1.1299999999999999,207,true,2,1.5459689149578859e-11
6208,vertical,1.1299999999999999,208,true,2,4.777752318822237e-11
6209,vertical,1.1299999999999999,209,true,2,2.1352880535297246e-11
6210,vertical,1.1299999999999999,210,true,2,7.7002157411152557e-11
6211,vertical,1.1299999999999999,211,true,1,4.4312369596232216e-11
6212,vertical,1.1299999999999999,212,true,2,2.2391372778731809e-13
6213,vertical,1.1299999999999999,213,true,2,1.4587227608435365e-11
6214,vertical,1.1299999999999999,214,true,3,1.5009407344296927e-12
6215,vertical,1.1299999999999999,215,true,2,8.614059211136514e-12
6216,vertical,1.1299999999999999,216,true,2,4.1854241586451422e-12
6217,vertical,1.1299999999999999,217,true,2,4.5139042497572863e-11
6218,vertical,1.1299999999999999,218,true,2,2.4841342810803166e-12
6219,vertical,1.1299999999999999,219,true,2,5.7789690343890469e-11
6220,vertical,1.1299999999999999,220,true,2,3.8104130532642238e-12
6221,vertical,1.1299999999999999,221,true,2,5.234324938333888e-12
6222,vertical,1.1299999999999999,222,true,3,4.5903314747677997e-13
6223,vertical,1.1299999999999999,223,true,2,5.9370656328533432e-11
6224,vertical,1.1299999999999999,224,true,1,4.0105551562432289e-11
6225,vertical,1.1299999999999999,225,true,2,2.0991240762673648e-11
6226,vertical,1.1299999999999999,226,true,2,9.7932949176544994e-12
6227,vertical,1.1299999999999999,227,true,2,8.9142452850499314e-12
6228,vertical,1.1299999999999999,228,true,2,2.600800876656114e-11
6229,vertical,1.1299999999999999,229,true,2,4.9468297202602061e-13
6230,vertical,1.1299999999999999,230,true,2,2.9295533758487072e-12
6231,vertical,1.1299999999999999,231,true,2,5.0778652632674877e-11
6232,vertical,1.1299999999999999,232,true,2,1.4275262532750667e-11
6233,vertical,1.1299999999999999,233,true,2,2.3941111217094764e-12
6234,vertical,1.1299999999999999,234,true,2,4.643005155923442e-12
6235,vertical,1.1299999999999999,235,true,2,9.9887181570756198e-12
6236,vertical,1.1299999999999999,236,true,1,3.6611947102312803e-11
6237,vertical,1.1299999999999999,237,true,2,1.9001572115387659e-12
6238,vertical,1.1299999999999999,238,true,2,3.8949111310356843e-11
6239,vertical,1.1299999999999999,239,true,2,3.5966167565931132e-12
6240,vertical,1.1299999999999999,240,true,2,4.6905083090975672e-12
6241,vertical,1.1299999999999999,241,true,2,1.9629279951306443e-12
6242,vertical,1.1299999999999999,242,true,2,2.9741428917869081e-12
6243,vertical,1.1299999999999999,243,true,2,2.03903377526061e-11
6244,vertical,1.1299999999999999,244,true,2,4.3692146131453208e-12
6245,vertical,1.1299999999999999,245,true,2,5.1095901861539481e-11
6246,vertical,1.1299999999999999,246,true,2,2.8501085688774481e-12
6247,vertical,1.1299999999999999,247,true,2,3.9868426540879883e-12
6248,vertical,1.1299999999999999,248,true,2,1.4141879637343486e-11
6249,vertical,1.1299999999999999,249,true,2,6.6169990641884837e-12
6250,vertical,1.1299999999999999,250,true,2,5.2377132916859788e-12
6251,vertical,1.1299999999999999,251,true,2,1.8813390292801528e-12
6252,vertical,1.1299999999999999,252,true,2,3.4545606939053762e-12
6253,vertical,1.1299999999999999,253,true,2,1.7752620531384877e-12
6254,vertical,1.1299999999999999,254,true,2,2.5406586030857129e-11
6255,vertical,1.1299999999999999,255,true,2,6.160212984028055e-12
6256,vertical,1.1299999999999999,256,true,2,2.0745214352323949e-11
6257,vertical,1.1299999999999999,257,true,2,9.4180329289849496e-11
6258,vertical,1.1299999999999999,258,true,3,3.8321879394919151e-13
6259,vertical,1.1299999999999999,259,true,1,7.7947192931337005e-11
6260,vertical,1.1299999999999999,260,true,2,3.8504690923019464e-12
6261,vertical,1.1299999999999999,261,true,2,8.9336295212348507e-12
6262,vertical,1.1299999999999999,262,true,2,7.2930622411728359e-12
6263,vertical,1.1299999999999999,263,true,3,7.6144693446272345e-13
6264,vertical,1.1299999999999999,264,true,2,2.0012946923236142e-12
6265,vertical,1.1299999999999999,265,true,2,5.9216521122663234e-13
6266,vertical,1.1299999999999999,266,true,2,1.6611911667332708e-11
6267,vertical,1.1299999999999999,267,true,1,5.8880349922832311e-11
6268,vertical,1.1299999999999999,268,true,2,3.82490430616602e-12
6269,vertical,1.1299999999999999,269,true,2,4.9017051920925017e-12
6270,vertical,1.1299999999999999,270,true,2,4.8219616216415523e-11
6271,vertical,1.1299999999999999,271,true,2,5.6516848663088565e-12
6272,vertical,1.1299999999999999,272,true,3,8.1999687540600508e-13
6273,vertical,1.1299999999999999,273,true,2,2.7928323828548552e-11
6274,vertical,1.1299999999999999,274,true,2,1.4527873804556711e-11
6275,vertical,1.1299999999999999,275,true,2,1.2040784551608854e-12
6276,vertical,1.1299999999999999,276,true,2,4.5863426727340518e-12
6277,vertical,1.1299999999999999,277,true,2,9.4534758282110289e-12
6278,vertical,1.1299999999999999,278,true,2,2.4947966796539523e-11
6279,vertical,1.1299999999999999,279,true,2,3.5223734491709025e-12
6280,vertical,1.1299999999999999,280,true,2,1.1025065787013829e-11
6281,vertical,1.1299999999999999,281,true,2,2.6852514563070448e-11
6282,vertical,1.1299999999999999,282,true,2,4.7120321818507487e-12
6283,vertical,1.1299999999999999,283,true,2,5.9165923524846378e-12
6284,vertical,1.1299999999999999,284,true,2,2.5152598618278381e-11
6285,vertical,1.1299999999999999,285,true,2,2.7211224517332368e-12
6286,vertical,1.1299999999999999,286,true,2,1.8401408902334008e-11
6287,vertical,1.1299999999999999,287,true,2,2.2404539902237254e-11
6288,vertical,1.1299999999999999,288,true,2,3.0427017399775616e-12
6289,vertical,1.1299999999999999,289,true,2,2.4361106673997706e-11
6290,vertical,1.1299999999999999,290,true,2,3.8913536845506318e-11
6291,vertical,1.1299999999999999,291,true,2,1.9749352506633885e-12
6292,vertical,1.1299999999999999,292,true,2,4.9928702585140154e-12
6293,vertical,1.1299999999999999,293,true,2,9.3014770969715633e-12
6294,vertical,1.1299999999999999,294,true,2,2.3050495738140945e-11
6295,vertical,1.1299999999999999,295,true,2,1.6235389717626574e-12
6296,vertical,1.1299999999999999,296,true,2,1.8860801604041777e-13
6297,vertical,1.1299999999999999,297,true,2,3.0953564750676384e-12
6298,vertical,1.1299999999999999,298,true,2,3.912639549915207e-11
6299,vertical,1.1299999999999999,299,true,2,1.9683364846153805e-12
6300,vertical,1.1299999999999999,300,true,2,2.1902842741381351e-11
6301,vertical,1.1299999999999999,301,true,2,3.4492937323433551e-12
6302,vertical,1.1299999999999999,302,true,2,4.5571456594666208e-11
6303,vertical,1.1299999999999999,303,true,2,3.1693169218160534e-11
6304,vertical,1.1299999999999999,304,true,2,1.5772991308991669e-11
6305,vertical,1.1299999999999999,305,true,2,8.0638209025002257e-11
6306,vertical,1.1299999999999999,306,true,2,1.0667866898331738e-12
6307,vertical,1.1299999999999999,307,true,2,2.8818211498844647e-12
6308,vertical,1.1299999999999999,308,true,2,5.5710728334344695e-12
6309,vertical,1.1299999999999999,309,true,2,4.0491077434574192e-12
6310,vertical,1.1299999999999999,310,true,2,5.3891860832674186e-11
6311,vertical,1.1299999999999999,311,true,2,3.9895902449427239e-11
6312,vertical,1.1299999999999999,312,true,2,8.2885171379238714e-13
6313,vertical,1.1299999999999999,313,true,2,5.5102455536440086e-11
6314,vertical,1.1299999999999999,314,true,2,5.4290860412538575e-12
6315,vertical,1.1299999999999999,315,true,2,5.0951296559654622e-11
6316,vertical,1.1299999999999999,316,true,2,1.0023919571899948e-11
6317,vertical,1.1299999999999999,317,true,2,2.4011854408604022e-12
6318,vertical,1.1299999999999999,318,true,2,8.8050277844006882e-11
6319,vertical,1.1299999999999999,319,true,2,5.2617315863178423e-11
6320,vertical,1.1299999999999999,320,true,2,3.2737458703343003e-11
6321,vertical,1.1299999999999999,321,true,2,2.0149911868718322e-12
6322,vertical,1.1299999999999999,322,true,2,1.7150582213419293e-11
6323,vertical,1.1299999999999999,323,true,2,1.3986081864021934e-11
6324,vertical,1.1299999999999999,324,true,2,1.6955670777611296e-12
6325,vertical,1.1299999999999999,325,true,2,5.7256725252245759e-12
6326,vertical,1.1299999999999999,326,true,2,2.375510209443196e-11
6327,vertical,1.1299999999999999,327,true,2,2.5797538587391086e-12
6328,vertical,1.1299999999999999,328,true,2,1.7773298460886191e-11
6329,vertical,1.1299999999999999,329,true,2,3.0869847348264842e-12
6330,vertical,1.1299999999999999,330,true,2,2.6660209422392764e-11
6331,vertical,1.1299999999999999,331,true,1,3.4244692259445229e-11
6332,vertical,1.1299999999999999,332,true,2,1.6985515711286108e-11
6333,vertical,1.1299999999999999,333,true,2,5.7423651466723165e-12
6334,vertical,1.1299999999999999,334,true,2,6.3091832367171287e-12
6335,vertical,1.1299999999999999,335,true,2,6.6055149949337692e-13
6336,vertical,1.1299999999999999,336,true,2,5.7682419083672093e-11
6337,vertical,1.1299999999999999,337,true,2,2.3142640316320306e-12
6338,vertical,1.1299999999999999,338,true,2,3.1427602082383965e-11
6339,vertical,1.1299999999999999,339,true,2,1.0403216466292194e-11
6340,vertical,1.1299999999999999,340,true,2,7.0917313106217754e-12
6341,vertical,1.1299999999999999,341,true,2,2.6921480160815243e-11
6342,vertical,1.1299999999999999,342,true,3,3.8084308276027068e-13
6343,vertical,1.1299999999999999,343,true,2,1.6307211807531789e-11
6344,vertical,1.1299999999999999,344,true,2,1.5631682179058004e-11
6345,vertical,1.1299999999999999,345,true,2,5.1848357081780462e-12
6346,vertical,1.1299999999999999,346,true,2,2.5034822852531793e-11
6347,vertical,1.1299999999999999,347,true,2,1.9269425165730928e-12
6348,vertical,1.1299999999999999,348,true,2,6.2987025837357011e-12
6349,vertical,1.1299999999999999,349,true,2,5.371570580750246e-13
6350,vertical,1.1299999999999999,350,true,2,3.5231479181529062e-11
6351,vertical,1.1299999999999999,351,true,2,9.0939100419604115e-12
6352,vertical,1.1299999999999999,352,true,2,1.1088150639272554e-12
6353,vertical,1.1299999999999999,353,true,2,1.2852914088689557e-11
6354,vertical,1.1299999999999999,354,true,2,2.8498062623436859e-11
6355,vertical,1.1299999999999999,355,true,2,1.2776177681450414e-11
6356,vertical,1.1299999999999999,356,true,2,5.3298006256108791e-12
6357,vertical,1.1299999999999999,357,true,2,5.1478142617781514e-11
6358,vertical,1.1299999999999999,358,true,2,9.3547510935632017e-12
6359,vertical,1.1299999999999999,359,true,2,5.940276462746639e-12
6360,vertical,1.1299999999999999,360,true,2,4.4425916921107073e-12
6361,vertical,1.1299999999999999,361,true,2,1.7129128880084976e-12
6362,vertical,1.1299999999999999,362,true,2,2.2180873190220755e-11
6363,vertical,1.1299999999999999,363,true,2,3.3636722762650063e-11
6364,vertical,1.1299999999999999,364,true,2,3.061696510820025e-12
6365,vertical,1.1299999999999999,365,true,2,4.832517920342245e-12
6366,vertical,1.1299999999999999,366,true,3,5.3493026653700406e-13
6367,vertical,1.1299999999999999,367,true,2,5.2809213526954291e-12
6368,vertical,1.1299999999999999,368,true,2,1.8072801359763001e-11
6369,vertical,1.1299999999999999,369,true,2,2.4695209325792066e-11
6370,vertical,1.1299999999999999,370,true,2,2.5907435593163094e-12
6371,vertical,1.1299999999999999,371,true,2,7.3280991031139474e-12
6372,vertical,1.1299999999999999,372,true,2,1.9100745451764453e-12
6373,vertical,1.1299999999999999,373,true,2,2.7868465499636814e-13
6374,vertical,1.1299999999999999,374,true,2,1.8129562258522691e-11
6375,vertical,1.1299999999999999,375,true,2,3.2705203911599072e-11
6376,vertical,1.1299999999999999,376,true,2,1.8528436976105908e-11
6377,vertical,1.1299999999999999,377,true,2,7.8864662780356732e-12
6378,vertical,1.1299999999999999,378,true,3,1.502142505031317e-13
6379,vertical,1.1299999999999999,379,true,2,9.0539726703609259e-12
6380,vertical,1.1299999999999999,380,true,2,1.2405620768521759e-11
6381,vertical,1.1299999999999999,381,true,2,9.9645257294630899e-13
6382,vertical,1.1299999999999999,382,true,2,2.9877365326012845e-11
6383,vertical,1.1299999999999999,383,true,2,5.1516355734470678e-11
6384,vertical,1.1299999999999999,384,true,2,6.5267090607718141e-12
6385,vertical,1.1299999999999999,385,true,2,3.7384884598900627e-12
6386,vertical,1.1299999999999999,386,true,2,6.0827989206356756e-12
6387,vertical,1.1299999999999999,387,true,2,1.9389570433935265e-12
6388,vertical,1.1299999999999999,388,true,2,3.1204233360513028e-11
6389,vertical,1.1299999999999999,389,true,2,2.4873081039551132e-12
6390,vertical,1.1299999999999999,390,true,2,1.6212103610127549e-13
6391,vertical,1.1299999999999999,391,true,2,1.263033338457795e-11
6392,vertical,1.1299999999999999,392,true,2,7.6470957152372496e-12
6393,vertical,1.1299999999999999,393,true,2,4.0139395097370483e-11
6394,vertical,1.1299999999999999,394,true,3,2.3009678143062866e-13
6395,vertical,1.1299999999999999,395,true,2,6.8270044098639495e-12
6396,vertical,1.1299999999999999,396,true,2,8.3977523666397815e-13
6397,vertical,1.1299999999999999,397,true,2,2.2559195887576155e-12
6398,vertical,1.1299999999999999,398,true,2,1.2901824383565728e-12
6399,vertical,1.1299999999999999,399,true,2,7.479374499828606e-12
6400,vertical,1.1299999999999999,400,true,2,9.2294902830294202e-12
6401,vertical,1.1299999999999999,401,true,2,3.4012141300447601e-11
6402,vertical,1.1299999999999999,402,true,2,1.9565391023645329e-12
6403,vertical,1.1299999999999999,403,true,2,7.8780126163226316e-12
6404,vertical,1.1299999999999999,404,true,2,2.5301579801999376e-11
6405,vertical,1.1299999999999999,405,true,2,1.1308109038017197e-11
6406,vertical,1.1299999999999999,406,true,2,7.4952647029241142e-12
6407,vertical,1.1299999999999999,407,true,2,2.3219866566753529e-11
6408,vertical,1.1299999999999999,408,true,2,4.863421085539527e-11
6409,vertical,1.1299999999999999,409,true,2,4.9735578819772271e-13
6410,vertical,1.1299999999999999,410,true,2,1.609611026544194e-11
6411,vertical,1.1299999999999999,411,true,2,7.267944442785323e-11
6412,vertical,1.1299999999999999,412,true,2,8.4026478397900741e-12
6413,vertical,1.1299999999999999,413,true,2,3.5886431681880571e-12
6414,vertical,1.1299999999999999,414,true,2,7.8768474356442163e-12
6415,vertical,1.1299999999999999,415,true,2,9.6529986860033732e-12
6416,vertical,1.1299999999999999,416,true,2,1.929091858716763e-11
6417,vertical,1.1299999999999999,417,true,2,3.2264447787590516e-11
6418,vertical,1.1299999999999999,418,true,2,5.6336306309296541e-11
6419,vertical,1.1299999999999999,419,true,2,8.9385477261374473e-12
6420,vertical,1.1299999999999999,420,true,2,7.8159343583585735e-12
6421,vertical,1.1299999999999999,421,true,2,1.4794106576328053e-12
6422,vertical,1.1299999999999999,422,true,2,3.8508529472857033e-12
6423,vertical,1.1299999999999999,423,true,2,2.5375393672252521e-11
6424,vertical,1.1299999999999999,424,true,2,1.9483914918246501e-12
6425,vertical,1.1299999999999999,425,true,2,1.5288459753675533e-12
6426,vertical,1.1299999999999999,426,true,2,6.3149772333093762e-11
6427,vertical,1.1299999999999999,427,true,2,1.3746827786517842e-12
6428,vertical,1.1299999999999999,428,true,2,3.0741921686247824e-12
6429,vertical,1.1299999999999999,429,true,3,2.8406742864131969e-13
6430,vertical,1.1299999999999999,430,true,2,9.6464669049429612e-12
6431,vertical,1.1299999999999999,431,true,2,1.7858334503251313e-12
6432,vertical,1.1299999999999999,432,true,2,3.8676386776854216e-12
6433,vertical,1.1299999999999999,433,true,2,4.6662990116535199e-11
6434,vertical,1.1299999999999999,434,true,2,4.5627032523073224e-12
6435,vertical,1.1299999999999999,435,true,2,4.7105757768242462e-12
6436,vertical,1.1299999999999999,436,true,2,2.1090854980201396e-12
6437,vertical,1.1299999999999999,437,true,2,2.4198678426651175e-12
6438,vertical,1.1299999999999999,438,true,2,4.2875058168888267e-13
6439,vertical,1.1299999999999999,439,true,2,2.257956174586291e-12
6440,vertical,1.1299999999999999,440,true,2,8.9398604513995206e-13
6441,vertical,1.1299999999999999,441,true,2,4.5346849732079755e-11
6442,vertical,1.1299999999999999,442,true,2,4.8397069939288294e-11
6443,vertical,1.1299999999999999,443,true,2,1.0233946931124938e-12
6444,vertical,1.1299999999999999,444,true,2,1.7099490494410751e-11
6445,vertical,1.1299999999999999,445,true,2,1.9562690020165435e-12
6446,vertical,1.1299999999999999,446,true,2,1.689952205756809e-11
6447,vertical,1.1299999999999999,447,true,3,9.0859227637878363e-13
6448,vertical,1.1299999999999999,448,true,2,1.2007148193283798e-12
6449,vertical,1.1299999999999999,449,true,2,5.1218519471608848e-11
6450,vertical,1.1299999999999999,450,true,2,6.3960210714789569e-12
6451,vertical,1.1299999999999999,451,true,2,2.275550429124561e-12
6452,vertical,1.1299999999999999,452,true,2,8.7584724655668508e-13
6453,vertical,1.1299999999999999,453,true,3,1.979001885949352e-13
6454,vertical,1.1299999999999999,454,true,2,2.0833872102774751e-11
6455,vertical,1.1299999999999999,455,true,2,7.8588089262614883e-12
6456,vertical,1.1299999999999999,456,true,2,4.8884828585706698e-12
6457,vertical,1.1299999999999999,457,true,3,1.4662155999087158e-12
6458,vertical,1.1299999999999999,458,true,3,6.3040283193953879e-13
6459,vertical,1.1299999999999999,459,true,2,5.267559374649942e-11
6460,vertical,1.1299999999999999,460,true,2,2.9561981547544342e-12
6461,vertical,1.1299999999999999,461,true,2,8.9979216489860707e-13
6462,vertical,1.1299999999999999,462,true,2,3.5488370043899e-12
6463,vertical,1.1299999999999999,463,true,2,3.1931695801906764e-11
6464,vertical,1.1299999999999999,464,true,2,3.0104587796444158e-12
6465,vertical,1.1299999999999999,465,true,2,2.656898799298069e-13
6466,vertical,1.1299999999999999,466,true,2,3.1581555914836245e-12
6467,vertical,1.1299999999999999,467,true,2,4.2935940085413001e-11
6468,vertical,1.1299999999999999,468,true,2,1.3852441439655677e-11
6469,vertical,1.1299999999999999,469,true,2,4.651603817657428e-13
6470,vertical,1.1299999999999999,470,true,2,5.564530175169108e-11
6471,vertical,1.1299999999999999,471,true,2,5.7045301558028374e-12
6472,vertical,1.1299999999999999,472,true,2,6.7413864821819368e-11
6473,vertical,1.1299999999999999,473,true,3,3.3165342812345461e-13
6474,vertical,1.1299999999999999,474,true,2,8.4997844041894294e-11
6475,vertical,1.1299999999999999,475,true,3,5.7953986364354912e-13
6476,vertical,1.1299999999999999,476,true,2,5.2128181377751459e-12
6477,vertical,1.1299999999999999,477,true,2,1.7722225888999985e-12
6478,vertical,1.1299999999999999,478,true,2,1.7684401245221586e-12
6479,vertical,1.1299999999999999,479,true,2,1.7737060726575091e-11
6480,vertical,1.1299999999999999,480,true,2,6.2523024209156446e-13
6481,vertical,1.1299999999999999,481,true,2,2.0140328080260601e-11
6482,vertical,1.1299999999999999,482,true,2,5.389198111863193e-11
6483,vertical,1.1299999999999999,483,true,2,4.5909101868481352e-12
6484,vertical,1.1299999999999999,484,true,2,1.126833377959911e-12
6485,vertical,1.1299999999999999,485,true,2,2.0661303232632297e-12
6486,vertical,1.1299999999999999,486,true,2,2.0850524676542392e-12
6487,vertical,1.1299999999999999,487,true,2,1.2063531543644217e-11
6488,vertical,1.1299999999999999,488,true,2,5.1995567239385066e-12
6489,vertical,1.1299999999999999,489,true,1,3.5270303236438158e-11
6490,vertical,1.1299999999999999,490,true,2,1.8771286247001548e-12
6491,vertical,1.1299999999999999,491,true,2,2.4549362111810773e-12
6492,vertical,1.1299999999999999,492,true,2,2.1619186393689324e-11
6493,vertical,1.1299999999999999,493,true,2,5.0477155081601344e-11
6494,vertical,1.1299999999999999,494,true,2,7.3800953400743429e-12
6495,vertical,1.1299999999999999,495,true,2,3.0690343734483958e-12
6496,vertical,1.1299999999999999,496,true,2,1.4997648279449078e-11
6497,vertical,1.1299999999999999,497,true,2,3.0529473901858171e-11
6498,vertical,1.1299999999999999,498,true,2,7.2629067954377996e-12
6499,vertical,1.1299999999999999,499,true,2,1.1005401089623343e-12
6500,vertical,1.1299999999999999,500,true,1,5.2591820825456187e-11
6501,vertical,1.1299999999999999,501,true,2,4.4575597309252774e-12
6502,vertical,1.1299999999999999,502,true,3,7.3178018118039308e-13
6503,vertical,1.1299999999999999,503,true,2,2.025694446525657e-12
6504,vertical,1.1299999999999999,504,true,3,3.5938389403606546e-13
6505,vertical,1.1299999999999999,505,true,2,1.8864320290111928e-11
6506,vertical,1.1299999999999999,506,true,2,4.6836574509263373e-12
6507,vertical,1.1299999999999999,507,true,2,7.21440539990552e-12
6508,vertical,1.1299999999999999,508,true,2,2.1520944327298e-11
6509,vertical,1.1299999999999999,509,true,2,1.3035772736451955e-11
6510,vertical,1.1299999999999999,510,true,2,1.9104812006273665e-12
6511,vertical,1.1299999999999999,511,true,3,5.1547156360283035e-12
6512,vertical,1.1299999999999999,512,true,2,5.2710096908997592e-11
6513,vertical,1.1299999999999999,513,true,2,3.3199613119211042e-13
6514,vertical,1.1299999999999999,514,true,2,1.1379648467469017e-11
6515,vertical,1.1299999999999999,515,true,2,9.0780562393685081e-11
6516,vertical,1.1299999999999999,516,true,2,1.0375351150947374e-11
6517,vertical,1.1299999999999999,517,true,2,5.7318264708834624e-12
6518,vertical,1.1299999999999999,518,true,2,6.7267509537594445e-11
6519,vertical,1.1299999999999999,519,true,2,2.7644041463205998e-12
6520,vertical,1.1299999999999999,520,true,2,1.1873355676842494e-11
6521,vertical,1.1299999999999999,521,true,1,3.5378668521548438e-11
6522,vertical,1.1299999999999999,522,true,2,8.4658347529082818e-12
6523,vertical,1.1299999999999999,523,true,2,3.9110279333455259e-11
6524,vertical,1.1299999999999999,524,true,2,4.6970711081887983e-11
6525,vertical,1.1299999999999999,525,true,2,5.902347016468348e-13
6526,vertical,1.1299999999999999,526,true,2,6.7781089633699228e-11
6527,vertical,1.1299999999999999,527,true,2,1.3002296340633316e-11
6528,vertical,1.1299999999999999,528,true,2,4.5365063156846874e-11
6529,vertical,1.1299999999999999,529,true,2,4.0447667303817494e-12
6530,vertical,1.1299999999999999,530,true,2,2.5154049453416283e-11
6531,vertical,1.1299999999999999,531,true,2,5.3732124323184729e-12
6532,vertical,1.1299999999999999,532,true,2,2.6523272972721714e-11
6533,vertical,1.1299999999999999,533,true,2,9.3286720158318839e-12
6534,vertical,1.1299999999999999,534,true,2,2.2316819663236229e-11
6535,vertical,1.1299999999999999,535,true,2,9.8512490380644517e-12
6536,vertical,1.1299999999999999,536,true,2,9.7550342227645451e-12
6537,vertical,1.1299999999999999,537,true,2,4.5564328490226682e-12
6538,vertical,1.1299999999999999,538,true,2,2.5940779118966056e-11
6539,vertical,1.1299999999999999,539,true,2,1.3651871307911635e-12
6540,vertical,1.1299999999999999,540,true,2,3.0768198597553652e-12
6541,vertical,1.1299999999999999,541,true,2,2.8433778863661651e-12
6542,vertical,1.1299999999999999,542,true,2,4.2303835134665896e-12
6543,vertical,1.1299999999999999,543,true,2,6.6747898622460717e-12
6544,vertical,1.1299999999999999,544,true,2,5.7451549208492618e-12
6545,vertical,1.1299999999999999,545,true,2,2.0179939807126651e-11
6546,vertical,1.1299999999999999,546,true,2,3.8536794910217941e-12
6547,vertical,1.1299999999999999,547,true,3,2.1977741273808508e-13
6548,vertical,1.1299999999999999,548,true,2,9.7938083833095605e-12
6549,vertical,1.1299999999999999,549,true,2,5.6809896029989543e-11
6550,vertical,1.1299999999999999,550,true,2,1.5977771622142512e-11
6551,vertical,1.1299999999999999,551,true,2,4.5607181309114124e-12
6552,vertical,1.1299999999999999,552,true,2,7.6050873334392455e-13
6553,vertical,1.1299999999999999,553,true,2,1.7267542766785243e-11
6554,vertical,1.1299999999999999,554,true,2,7.2732209082613835e-13
6555,vertical,1.1299999999999999,555,true,3,1.896103054964122e-13
6556,vertical,1.1299999999999999,556,true,2,1.009692135531505e-12
6557,vertical,1.1299999999999999,557,true,2,1.4026094086411981e-11
6558,vertical,1.1299999999999999,558,true,2,9.8715356881542955e-12
6559,vertical,1.1299999999999999,559,true,2,5.4696454220830227e-13
6560,vertical,1.1299999999999999,560,true,2,3.3053827348085768e-11
6561,vertical,1.1299999999999999,561,true,2,1.9303974644623249e-12
6562,vertical,1.1299999999999999,562,true,2,4.577064595294607e-12
6563,vertical,1.1299999999999999,563,true,2,4.6932611067946084e-11
6564,vertical,1.1299999999999999,564,true,1,7.2928192322253285e-11
6565,vertical,1.1299999999999999,565,true,2,2.2179523851039058e-12
6566,vertical,1.1299999999999999,566,true,2,5.6094091435621402e-11
6567,vertical,1.1299999999999999,567,true,2,2.1120813151892883e-11
6568,vertical,1.1299999999999999,568,true,2,2.9887331303834777e-11
6569,vertical,1.1299999999999999,569,true,2,3.820432596452419e-12
6570,vertical,1.1299999999999999,570,true,2,2.8709806343102299e-12
6571,vertical,1.1299999999999999,571,true,2,1.0231839707483376e-11
6572,vertical,1.1299999999999999,572,true,2,2.6989416504054412e-12
6573,vertical,1.1299999999999999,573,true,2,5.860464857006985e-13
6574,vertical,1.1299999999999999,574,true,2,2.4952423535232787e-11
6575,vertical,1.1299999999999999,575,true,2,9.8713147733029641e-12
6576,vertical,1.1299999999999999,576,true,2,2.5192461725981288e-12
6577,vertical,1.1299999999999999,577,true,3,1.7811123835814841e-13
6578,vertical,1.1299999999999999,578,true,3,3.7104559706389687e-13
6579,vertical,1.1299999999999999,579,true,2,9.8557493813412521e-12
6580,vertical,1.1299999999999999,580,true,2,1.9123754710056973e-12
6581,vertical,1.1299999999999999,581,true,2,1.0758939764224402e-11
6582,vertical,1.1299999999999999,582,true,2,1.0920352518429217e-11
6583,vertical,1.1299999999999999,583,true,2,9.1613966576547041e-12
6584,vertical,1.1299999999999999,584,true,2,9.9634565020579753e-13
6585,vertical,1.1299999999999999,585,true,2,1.1405934927001128e-11
6586,vertical,1.1299999999999999,586,true,2,3.770609292498361e-12
6587,vertical,1.1299999999999999,587,true,2,6.8311351303286457e-12
6588,vertical,1.1299999999999999,588,true,3,2.2095310994568582e-13
6589,vertical,1.1299999999999999,589,true,2,4.5478998529168121e-11
6590,vertical,1.1299999999999999,590,true,2,2.0581494716533369e-12
6591,vertical,1.1299999999999999,591,true,2,1.6039505044177216e-12
6592,vertical,1.1299999999999999,592,true,2,1.6959861676761006e-12
6593,vertical,1.1299999999999999,593,true,2,3.9966935649227648e-12
6594,vertical,1.1299999999999999,594,true,2,1.9748934105861762e-11
6595,vertical,1.1299999999999999,595,true,2,7.3547136020706278e-11
6596,vertical,1.1299999999999999,596,true,2,9.759651308976135e-11
6597,vertical,1.1299999999999999,597,true,2,9.771920431845574e-11
6598,vertical,1.1299999999999999,598,true,2,1.8877948212604079e-11
6599,vertical,1.1299999999999999,599,true,2,3.1304009258764978e-12
6600,vertical,1.1299999999999999,600,true,2,3.2018863437144926e-11
6601,vertical,3.2000000000000002,1,true,2,4.1189114778148074e-11
6602,vertical,3.2000000000000002,2,true,3,9.6881993884831663e-12
6603,vertical,3.2000000000000002,3,true,2,2.575523929527576e-11
6604,vertical,3.2000000000000002,4,true,3,4.2648057379667906e-12
6605,vertical,3.2000000000000002,5,true,3,4.2021439476932517e-12
6606,vertical,3.2000000000000002,6,true,2,3.9682504623984558e-11
6607,vertical,3.2000000000000002,7,true,3,6.3114635521448158e-12
6608,vertical,3.2000000000000002,8,true,2,6.7355025802079782e-11
6609,vertical,3.2000000000000002,9,true,3,1.2517488431585311e-12
6610,vertical,3.2000000000000002,10,true,3,7.0938679284065541e-13
6611,vertical,3.2000000000000002,11,true,3,4.1015042109038511e-12
6612,vertical,3.2000000000000002,12,true,3,2.245055045331654e-12
6613,vertical,3.2000000000000002,13,true,3,3.5597920450772766e-12
6614,vertical,3.2000000000000002,14,true,3,1.8099084168743163e-11
6615,vertical,3.2000000000000002,15,true,3,2.659085758088024e-11
6616,vertical,3.2000000000000002,16,true,3,2.2081438956097512e-12
6617,vertical,3.2000000000000002,17,true,3,2.8236225683125762e-13
6618,vertical,3.2000000000000002,18,true,3,3.6188958864715709e-13
6619,vertical,3.2000000000000002,19,true,3,9.685409532196757e-12
6620,vertical,3.2000000000000002,20,true,2,5.8299800712024207e-11
6621,vertical,3.2000000000000002,21,true,3,6.9296252217668401e-12
6622,vertical,3.2000000000000002,22,true,3,6.0837965590115568e-12
6623,vertical,3.2000000000000002,23,true,3,1.200892007804772e-11
6624,vertical,3.2000000000000002,24,true,2,1.3829837760295478e-11
6625,vertical,3.2000000000000002,25,true,3,5.5397965362580306e-12
6626,vertical,3.2000000000000002,26,true,3,6.0712442253439455e-12
6627,vertical,3.2000000000000002,27,true,2,3.1722868727048334e-11
6628,vertical,3.2000000000000002,28,true,3,9.7890229089979745e-13
6629,vertical,3.2000000000000002,29,true,3,8.9288125683419009e-12
6630,vertical,3.2000000000000002,30,true,3,1.2631476397422489e-11
6631,vertical,3.2000000000000002,31,true,3,6.0941096619046177e-12
6632,vertical,3.2000000000000002,32,true,3,9.4918840326933149e-12
6633,vertical,3.2000000000000002,33,true,3,9.1905334558352895e-13
6634,vertical,3.2000000000000002,34,true,3,3.0536659431655111e-13
6635,vertical,3.2000000000000002,35,true,2,1.2907433835322099e-11
6636,vertical,3.2000000000000002,36,true,3,2.9360171237452649e-11
6637,vertical,3.2000000000000002,37,true,3,2.2440729037354345e-11
6638,vertical,3.2000000000000002,38,true,3,1.8881810264558069e-11
6639,vertical,3.2000000000000002,39,true,3,7.3736107296415979e-13
6640,vertical,3.2000000000000002,40,true,3,7.2165539850570758e-12
6641,vertical,3.2000000000000002,41,true,3,5.1335270484799059e-12
6642,vertical,3.2000000000000002,42,true,3,2.6857451270491013e-13
6643,vertical,3.2000000000000002,43,true,3,5.7665577375708252e-12
6644,vertical,3.2000000000000002,44,true,3,7.0082390063222463e-12
6645,vertical,3.2000000000000002,45,true,3,1.6711276801739146e-12
6646,vertical,3.2000000000000002,46,true,3,6.6502893995927864e-12
6647,vertical,3.2000000000000002,47,true,3,3.8058674620667395e-12
6648,vertical,3.2000000000000002,48,true,3,3.2748600052671704e-11
6649,vertical,3.2000000000000002,49,true,3,8.7221501316384379e-13
6650,vertical,3.2000000000000002,50,true,3,6.4284606741635966e-13
6651,vertical,3.2000000000000002,51,true,3,2.3578504862782211e-12
6652,vertical,3.2000000000000002,52,true,3,1.1609903596908503e-11
6653,vertical,3.2000000000000002,53,true,3,8.9355340133298531e-13
6654,vertical,3.2000000000000002,54,true,3,8.7810435007986856e-12
6655,vertical,3.2000000000000002,55,true,2,4.018106345697475e-11
6656,vertical,3.2000000000000002,56,true,3,1.088754172095288e-12
6657,vertical,3.2000000000000002,57,true,3,9.6787346486029826e-13
6658,vertical,3.2000000000000002,58,true,3,4.5323325536067655e-11
6659,vertical,3.2000000000000002,59,true,2,6.9207280817627264e-11
6660,vertical,3.2000000000000002,60,true,4,6.4451282115244659e-12
6661,vertical,3.2000000000000002,61,true,2,3.5204703499308015e-11
6662,vertical,3.2000000000000002,62,true,2,9.3035089895728861e-11
6663,vertical,3.2000000000000002,63,true,2,4.9457276168652234e-11
6664,vertical,3.2000000000000002,64,true,2,8.7930667924710588e-11
6665,vertical,3.2000000000000002,65,true,2,6.7310793895770012e-11
6666,vertical,3.2000000000000002,66,true,3,8.5488014028882918e-12
6667,vertical,3.2000000000000002,67,true,2,1.2622094088537401e-11
6668,vertical,3.2000000000000002,68,true,3,5.0099162358256705e-13
6669,vertical,3.2000000000000002,69,true,3,1.1495787563136114e-12
6670,vertical,3.2000000000000002,70,true,3,6.2311062529506166e-13
6671,vertical,3.2000000000000002,71,true,3,3.9157775014989772e-12
6672,vertical,3.2000000000000002,72,true,3,2.1502036980593709e-11
6673,vertical,3.2000000000000002,73,true,3,7.0300396033528904e-13
6674,vertical,3.2000000000000002,74,true,3,3.4659087741737621e-11
6675,vertical,3.2000000000000002,75,true,3,5.5958003377460715e-12
6676,vertical,3.2000000000000002,76,true,2,3.0846610549087758e-12
6677,vertical,3.2000000000000002,77,true,2,2.3250652039648969e-11
6678,vertical,3.2000000000000002,78,true,3,3.1605065001400148e-11
6679,vertical,3.2000000000000002,79,true,3,1.6277771743073922e-13
6680,vertical,3.2000000000000002,80,true,3,8.1385943065297945e-12
6681,vertical,3.2000000000000002,81,true,2,3.9198181134971663e-11
6682,vertical,3.2000000000000002,82,true,3,2.0949521960885393e-12
6683,vertical,3.2000000000000002,83,true,3,3.7089859772675699e-13
6684,vertical,3.2000000000000002,84,true,3,7.9412760404308213e-12
6685,vertical,3.2000000000000002,85,true,3,1.9499138778165509e-11
6686,vertical,3.2000000000000002,86,true,3,1.3296727043342472e-11
6687,vertical,3.2000000000000002,87,true,3,5.3103840019120653e-12
6688,vertical,3.2000000000000002,88,true,3,1.7559447701301077e-11
6689,vertical,3.2000000000000002,89,true,3,2.5172229718970457e-11
6690,vertical,3.2000000000000002,90,true,3,1.250038801636105e-12
6691,vertical,3.2000000000000002,91,true,3,4.360512100566323e-12
6692,vertical,3.2000000000000002,92,true,3,5.406253215273521e-12
6693,vertical,3.2000000000000002,93,true,3,3.9003427128567482e-11
6694,vertical,3.2000000000000002,94,true,3,2.0730431442909666e-12
6695,vertical,3.2000000000000002,95,true,3,4.6538685739775127e-13
6696,vertical,3.2000000000000002,96,true,3,1.0645230285336573e-12
6697,vertical,3.2000000000000002,97,true,3,4.9686431286327076e-13
6698,vertical,3.2000000000000002,98,true,3,2.9910945546124615e-11
6699,vertical,3.2000000000000002,99,true,2,5.8410166890676613e-11
6700,vertical,3.2000000000000002,100,true,3,1.9029533218291387e-11
6701,vertical,3.2000000000000002,101,true,3,4.5556990366452025e-12
6702,vertical,3.2000000000000002,102,true,3,6.4638722090907865e-12
6703,vertical,3.2000000000000002,103,true,3,4.2897057655173312e-11
6704,vertical,3.2000000000000002,104,true,3,2.81799737999541e-12
6705,vertical,3.2000000000000002,105,true,3,1.4732326059335506e-12
6706,vertical,3.2000000000000002,106,true,3,1.7204897777512437e-12
6707,vertical,3.2000000000000002,107,true,3,3.2348502345049654e-12
6708,vertical,3.2000000000000002,108,true,3,7.8753624413957233e-12
6709,vertical,3.2000000000000002,109,true,3,1.1093994165829869e-11
6710,vertical,3.2000000000000002,110,true,3,6.564595843100974e-13
6711,vertical,3.2000000000000002,111,true,3,3.1825459887996861e-11
6712,vertical,3.2000000000000002,112,true,3,1.9829876509295427e-11
6713,vertical,3.2000000000000002,113,true,3,4.0499135747971005e-13
6714,vertical,3.2000000000000002,114,true,3,1.0163836461193387e-11
6715,vertical,3.2000000000000002,115,true,3,3.8958249321100809e-13
6716,vertical,3.2000000000000002,116,true,2,8.9667072377689933e-11
6717,vertical,3.2000000000000002,117,true,3,1.3906708391392402e-11
6718,vertical,3.2000000000000002,118,true,3,2.5322008027846176e-12
6719,vertical,3.2000000000000002,119,true,3,1.3725277914807121e-11
6720,vertical,3.2000000000000002,120,true,3,8.0703000577854598e-13
6721,vertical,3.2000000000000002,121,true,3,5.1878008706430086e-12
6722,vertical,3.2000000000000002,122,true,3,5.0237908938411376e-11
6723,vertical,3.2000000000000002,123,true,3,5.3633172262862756e-11
6724,vertical,3.2000000000000002,124,true,3,6.2407032476692374e-12
6725,vertical,3.2000000000000002,125,true,2,7.6298349213186578e-11
6726,vertical,3.2000000000000002,126,true,3,7.0836229980444576e-12
6727,vertical,3.2000000000000002,127,true,3,2.4389164753957568e-13
6728,vertical,3.2000000000000002,128,true,3,3.1571367889410118e-12
6729,vertical,3.2000000000000002,129,true,3,1.3049703319475597e-11
6730,vertical,3.2000000000000002,130,true,2,2.2499924708700976e-11
6731,vertical,3.2000000000000002,131,true,3,4.8614157382809216e-12
6732,vertical,3.2000000000000002,132,true,3,9.1865455605543094e-13
6733,vertical,3.2000000000000002,133,true,3,5.1122458184007738e-12
6734,vertical,3.2000000000000002,134,true,3,4.6081419086946999e-12
6735,vertical,3.2000000000000002,135,true,3,2.7092790397986874e-11
6736,vertical,3.2000000000000002,136,true,3,2.0412989481778685e-11
6737,vertical,3.2000000000000002,137,true,3,2.183151552128873e-13
6738,vertical,3.2000000000000002,138,true,3,1.6915697858411613e-12
6739,vertical,3.2000000000000002,139,true,3,4.2076345896781407e-11
6740,vertical,3.2000000000000002,140,true,3,4.0719621508064562e-12
6741,vertical,3.2000000000000002,141,true,3,1.4054597564831895e-11
6742,vertical,3.2000000000000002,142,true,3,3.2798137074845565e-13
6743,vertical,3.2000000000000002,143,true,3,2.4295623904677897e-12
6744,vertical,3.2000000000000002,144,true,3,1.1056498033216526e-11
6745,vertical,3.2000000000000002,145,true,3,8.0251799091294443e-13
6746,vertical,3.2000000000000002,146,true,3,5.8222693032948029e-12
6747,vertical,3.2000000000000002,147,true,3,2.7108967062013074e-12
6748,vertical,3.2000000000000002,148,true,3,2.8636604897718853e-12
6749,vertical,3.2000000000000002,149,true,3,4.3668014070265289e-12
6750,vertical,3.2000000000000002,150,true,3,3.6122339070192291e-11
6751,vertical,3.2000000000000002,151,true,3,5.9707739997042206e-13
6752,vertical,3.2000000000000002,152,true,3,6.8730510763770745e-11
6753,vertical,3.2000000000000002,153,true,3,1.922389632078126e-12
6754,vertical,3.2000000000000002,154,true,3,1.8704227527480783e-11
6755,vertical,3.2000000000000002,155,true,3,1.2766811495096043e-11
6756,vertical,3.2000000000000002,156,true,3,5.388599407470392e-12
6757,vertical,3.2000000000000002,157,true,3,2.7103109797890447e-12
6758,vertical,3.2000000000000002,158,true,3,5.5086752794332931e-12
6759,vertical,3.2000000000000002,159,true,2,8.5797505566921004e-12
6760,vertical,3.2000000000000002,160,true,3,2.9089114446442676e-13
6761,vertical,3.2000000000000002,161,true,3,7.7287658052020423e-13
6762,vertical,3.2000000000000002,162,true,3,6.1731834000578442e-13
6763,vertical,3.2000000000000002,163,true,3,4.0739297657785183e-12
6764,vertical,3.2000000000000002,164,true,3,1.0130142380862389e-11
6765,vertical,3.2000000000000002,165,true,3,3.5531502100850867e-13
6766,vertical,3.2000000000000002,166,true,3,1.269323493081198e-13
6767,vertical,3.2000000000000002,167,true,2,6.8727980229196059e-11
6768,vertical,3.2000000000000002,168,true,3,1.6073798680745935e-11
6769,vertical,3.2000000000000002,169,true,3,2.3314964596778336e-11
6770,vertical,3.2000000000000002,170,true,3,1.0127637746383697e-11
6771,vertical,3.2000000000000002,171,true,3,2.9376948604234047e-13
6772,vertical,3.2000000000000002,172,true,3,1.0787753810468363e-11
6773,vertical,3.2000000000000002,173,true,3,2.9035655825593557e-13
6774,vertical,3.2000000000000002,174,true,3,4.7573267633407861e-13
6775,vertical,3.2000000000000002,175,true,3,1.2002768320170506e-11
6776,vertical,3.2000000000000002,176,true,3,5.1662784495435881e-12
6777,vertical,3.2000000000000002,177,true,2,3.5891935833366771e-11
6778,vertical,3.2000000000000002,178,true,3,1.0763306103574783e-12
6779,vertical,3.2000000000000002,179,true,3,1.7834825115481536e-11
6780,vertical,3.2000000000000002,180,true,3,2.7216475923073124e-12
6781,vertical,3.2000000000000002,181,true,4,4.9886404245561569e-12
6782,vertical,3.2000000000000002,182,true,3,3.2968533780715163e-12
6783,vertical,3.2000000000000002,183,true,3,5.4945166376845299e-13
6784,vertical,3.2000000000000002,184,true,3,1.0891525783682414e-11
6785,vertical,3.2000000000000002,185,true,2,6.6631652152279366e-11
6786,vertical,3.2000000000000002,186,true,3,6.8012408627399259e-13
6787,vertical,3.2000000000000002,187,true,3,1.6871316876063107e-12
6788,vertical,3.2000000000000002,188,true,3,3.5810971257164283e-11
6789,vertical,3.2000000000000002,189,true,3,6.3958104509099193e-13
6790,vertical,3.2000000000000002,190,true,3,9.5303675289386925e-13
6791,vertical,3.2000000000000002,191,true,3,1.8016972413363798e-12
6792,vertical,3.2000000000000002,192,true,3,6.1167961321051382e-14
6793,vertical,3.2000000000000002,193,true,3,2.8616325885967402e-12
6794,vertical,3.2000000000000002,194,true,3,7.4079259285029427e-13
6795,vertical,3.2000000000000002,195,true,3,2.268379034720795e-11
6796,vertical,3.2000000000000002,196,true,3,2.9792857301836072e-13
6797,vertical,3.2000000000000002,197,true,3,5.7265601836732624e-12
6798,vertical,3.2000000000000002,198,true,3,5.9207984907876785e-12
6799,vertical,3.2000000000000002,199,true,3,5.5828455954784963e-12
6800,vertical,3.2000000000000002,200,true,3,3.8982666806183806e-12
6801,vertical,3.2000000000000002,201,true,3,2.357021239049432e-12
6802,vertical,3.2000000000000002,202,true,3,1.9014679178924239e-12
6803,vertical,3.2000000000000002,203,true,3,1.2106209502826454e-12
6804,vertical,3.2000000000000002,204,true,3,2.1633561556961639e-13
6805,vertical,3.2000000000000002,205,true,3,1.3442414842595928e-12
6806,vertical,3.2000000000000002,206,true,3,1.2531244816806812e-12
6807,vertical,3.2000000000000002,207,true,3,3.5393641869927953e-12
6808,vertical,3.2000000000000002,208,true,4,8.9750134618608472e-12
6809,vertical,3.2000000000000002,209,true,3,6.7427572102585165e-12
6810,vertical,3.2000000000000002,210,true,3,6.0064721308671884e-12
6811,vertical,3.2000000000000002,211,true,2,2.3431658003628267e-11
6812,vertical,3.2000000000000002,212,true,2,1.0935884518209493e-11
6813,vertical,3.2000000000000002,213,true,3,4.3192573292128159e-12
6814,vertical,3.2000000000000002,214,true,4,1.2807681175490472e-11
6815,vertical,3.2000000000000002,215,true,3,1.6893329490637613e-12
6816,vertical,3.2000000000000002,216,true,3,3.3523832692021425e-13
6817,vertical,3.2000000000000002,217,true,3,1.8014176100342738e-11
6818,vertical,3.2000000000000002,218,true,3,5.9323293339437735e-13
6819,vertical,3.2000000000000002,219,true,3,1.5519909835410699e-11
6820,vertical,3.2000000000000002,220,true,3,3.6904274849329757e-13
6821,vertical,3.2000000000000002,221,true,3,2.071282339126708e-11
6822,vertical,3.2000000000000002,222,true,3,8.1630861340072309e-11
6823,vertical,3.2000000000000002,223,true,3,1.3341129361482078e-11
6824,vertical,3.2000000000000002,224,true,2,2.5952817845314934e-11
6825,vertical,3.2000000000000002,225,true,3,9.5800606138319706e-12
6826,vertical,3.2000000000000002,226,true,3,4.5861649531495329e-12
6827,vertical,3.2000000000000002,227,true,3,3.4072165915461901e-12
6828,vertical,3.2000000000000002,228,true,3,2.4738495554587158e-11
6829,vertical,3.2000000000000002,229,true,2,2.9570991817491863e-11
6830,vertical,3.2000000000000002,230,true,3,2.3664603181534509e-12
6831,vertical,3.2000000000000002,231,true,3,1.6038017032632065e-11
6832,vertical,3.2000000000000002,232,true,3,2.5571062030548031e-12
6833,vertical,3.2000000000000002,233,true,3,1.0358070711373849e-12
6834,vertical,3.2000000000000002,234,true,3,2.8652052338726768e-13
6835,vertical,3.2000000000000002,235,true,3,3.1526305294664824e-12
6836,vertical,3.2000000000000002,236,true,2,2.775111754425338e-12
6837,vertical,3.2000000000000002,237,true,3,1.9080820679041823e-13
6838,vertical,3.2000000000000002,238,true,3,1.7583452693447016e-11
6839,vertical,3.2000000000000002,239,true,3,6.8258685563013236e-13
6840,vertical,3.2000000000000002,240,true,3,3.8515733716837976e-12
6841,vertical,3.2000000000000002,241,true,3,8.1875595623624512e-13
6842,vertical,3.2000000000000002,242,true,3,4.8137556323944997e-13
6843,vertical,3.2000000000000002,243,true,3,1.0025796172694515e-12
6844,vertical,3.2000000000000002,244,true,3,9.2436194509412934e-13
6845,vertical,3.2000000000000002,245,true,3,1.3199055461761144e-11
6846,vertical,3.2000000000000002,246,true,3,1.148227979085975e-13
6847,vertical,3.2000000000000002,247,true,3,1.4437254949596135e-12
6848,vertical,3.2000000000000002,248,true,3,1.8120011574186655e-12
6849,vertical,3.2000000000000002,249,true,3,8.1350242543184826e-13
6850,vertical,3.2000000000000002,250,true,3,8.9452676266772266e-13
6851,vertical,3.2000000000000002,251,true,3,4.0356338810536695e-13
6852,vertical,3.2000000000000002,252,true,3,2.1949268693252078e-12
6853,vertical,3.2000000000000002,253,true,3,2.9480080434500419e-13
6854,vertical,3.2000000000000002,254,true,3,8.6669511284364825e-12
6855,vertical,3.2000000000000002,255,true,3,1.7760627057142389e-12
6856,vertical,3.2000000000000002,256,true,3,1.0534157389502059e-11
6857,vertical,3.2000000000000002,257,true,3,4.8465898837387852e-11
6858,vertical,3.2000000000000002,258,true,3,6.3322510153014088e-11
6859,vertical,3.2000000000000002,259,true,2,3.1581038989411954e-11
6860,vertical,3.2000000000000002,260,true,3,5.4386892940385654e-13
6861,vertical,3.2000000000000002,261,true,3,9.9622968051605543e-13
6862,vertical,3.2000000000000002,262,true,3,1.3785933734062904e-12
6863,vertical,3.2000000000000002,263,true,4,2.2278327165677953e-12
6864,vertical,3.2000000000000002,264,true,3,1.0177807530571054e-12
6865,vertical,3.2000000000000002,265,true,2,3.9113595005850418e-11
6866,vertical,3.2000000000000002,266,true,3,3.1249049027779768e-12
6867,vertical,3.2000000000000002,267,true,2,1.6090898116639104e-11
6868,vertical,3.2000000000000002,268,true,3,1.1538129077653066e-12
6869,vertical,3.2000000000000002,269,true,3,1.8193398802968383e-12
6870,vertical,3.2000000000000002,270,true,3,3.8810709380355115e-11
6871,vertical,3.2000000000000002,271,true,3,2.1034145885887559e-12
6872,vertical,3.2000000000000002,272,true,4,3.1207307881357225e-12
6873,vertical,3.2000000000000002,273,true,3,3.4741980035972792e-12
6874,vertical,3.2000000000000002,274,true,3,9.2532350476103364e-13
6875,vertical,3.2000000000000002,275,true,2,7.2136361339046633e-11
6876,vertical,3.2000000000000002,276,true,3,5.5354504517890166e-13
6877,vertical,3.2000000000000002,277,true,3,1.2238620826214469e-12
6878,vertical,3.2000000000000002,278,true,3,5.1777966303912196e-12
6879,vertical,3.2000000000000002,279,true,3,2.4838204762277654e-13
6880,vertical,3.2000000000000002,280,true,3,9.1117619121781123e-12
6881,vertical,3.2000000000000002,281,true,3,4.7367113916200266e-12
6882,vertical,3.2000000000000002,282,true,3,9.5540372158407757e-13
6883,vertical,3.2000000000000002,283,true,3,2.9689106667847004e-12
6884,vertical,3.2000000000000002,284,true,3,3.0229984776712391e-12
6885,vertical,3.2000000000000002,285,true,3,1.8492641863032964e-12
6886,vertical,3.2000000000000002,286,true,3,9.3888191698012719e-12
6887,vertical,3.2000000000000002,287,true,3,1.2477339667534973e-11
6888,vertical,3.2000000000000002,288,true,3,3.4904698327680781e-13
6889,vertical,3.2000000000000002,289,true,3,5.025328768649186e-12
6890,vertical,3.2000000000000002,290,true,3,4.988752726874754e-12
6891,vertical,3.2000000000000002,291,true,3,5.3032154145278493e-13
6892,vertical,3.2000000000000002,292,true,3,3.1309109406236373e-13
6893,vertical,3.2000000000000002,293,true,3,1.3224986289642436e-12
6894,vertical,3.2000000000000002,294,true,3,2.3143051836856356e-12
6895,vertical,3.2000000000000002,295,true,3,1.4713452302133565e-13
6896,vertical,3.2000000000000002,296,true,2,1.2433074298194977e-11
6897,vertical,3.2000000000000002,297,true,3,1.4447687478743003e-13
6898,vertical,3.2000000000000002,298,true,3,1.3453136584181404e-11
6899,vertical,3.2000000000000002,299,true,3,4.8697573845452278e-13
6900,vertical,3.2000000000000002,300,true,3,4.0007455476626119e-12
6901,vertical,3.2000000000000002,301,true,3,1.0224032494188535e-12
6902,vertical,3.2000000000000002,302,true,3,3.1950054379601451e-11
6903,vertical,3.2000000000000002,303,true,3,1.1207916422151672e-11
6904,vertical,3.2000000000000002,304,true,3,1.9097635195316473e-12
6905,vertical,3.2000000000000002,305,true,3,3.9200479389330304e-11
6906,vertical,3.2000000000000002,306,true,2,6.2471596891240822e-11
6907,vertical,3.2000000000000002,307,true,3,1.2205576217123687e-12
6908,vertical,3.2000000000000002,308,true,3,7.2042078955775892e-13
6909,vertical,3.2000000000000002,309,true,3,9.7596055799613297e-13
6910,vertical,3.2000000000000002,310,true,3,2.886105204635674e-11
6911,vertical,3.2000000000000002,311,true,3,8.9831258292599736e-12
6912,vertical,3.2000000000000002,312,true,2,5.1232215832518144e-11
6913,vertical,3.2000000000000002,313,true,3,6.5979015947221035e-12
6914,vertical,3.2000000000000002,314,true,3,3.3463536688404733e-13
6915,vertical,3.2000000000000002,315,true,3,2.632516155361176e-11
6916,vertical,3.2000000000000002,316,true,3,2.5593249179612007e-12
6917,vertical,3.2000000000000002,317,true,3,1.7770727041803896e-13
6918,vertical,3.2000000000000002,318,true,3,8.5218272351226926e-11
6919,vertical,3.2000000000000002,319,true,3,1.6851330123678026e-11
6920,vertical,3.2000000000000002,320,true,3,1.3035474816235395e-11
6921,vertical,3.2000000000000002,321,true,3,6.9580662954226534e-13
6922,vertical,3.2000000000000002,322,true,3,1.3132326278878962e-11
6923,vertical,3.2000000000000002,323,true,3,3.5305563968312502e-12
6924,vertical,3.2000000000000002,324,true,3,1.1507127596021293e-12
6925,vertical,3.2000000000000002,325,true,3,2.8921442556799462e-12
6926,vertical,3.2000000000000002,326,true,3,5.8282682028341723e-12
6927,vertical,3.2000000000000002,327,true,3,2.1115708337273614e-12
6928,vertical,3.2000000000000002,328,true,3,2.170841796601198e-12
6929,vertical,3.2000000000000002,329,true,3,2.1980588270625449e-13
6930,vertical,3.2000000000000002,330,true,3,4.5122181039536487e-11
6931,vertical,3.2000000000000002,331,true,2,1.0407532967836556e-11
6932,vertical,3.2000000000000002,332,true,3,3.3548801756182236e-11
6933,vertical,3.2000000000000002,333,true,3,3.1948803895270041e-12
6934,vertical,3.2000000000000002,334,true,3,2.2428955349272861e-12
6935,vertical,3.2000000000000002,335,true,2,4.3162758099643694e-11
6936,vertical,3.2000000000000002,336,true,3,2.1120248478763697e-11
6937,vertical,3.2000000000000002,337,true,3,2.6497524122100626e-12
6938,vertical,3.2000000000000002,338,true,3,1.088669236662754e-11
6939,vertical,3.2000000000000002,339,true,3,1.2108832800996427e-11
6940,vertical,3.2000000000000002,340,true,3,5.2832991755161775e-12
6941,vertical,3.2000000000000002,341,true,3,1.6445027212464268e-11
6942,vertical,3.2000000000000002,342,true,3,6.1102045636740086e-11
6943,vertical,3.2000000000000002,343,true,3,1.0800714923296757e-11
6944,vertical,3.2000000000000002,344,true,3,3.051654080468078e-12
6945,vertical,3.2000000000000002,345,true,3,8.1986190998626405e-13
6946,vertical,3.2000000000000002,346,true,3,7.5692775456205157e-12
6947,vertical,3.2000000000000002,347,true,3,2.3049321687521902e-13
6948,vertical,3.2000000000000002,348,true,3,6.6653518677735823e-13
6949,vertical,3.2000000000000002,349,true,2,3.4209541190880667e-11
6950,vertical,3.2000000000000002,350,true,3,1.6707987401522055e-11
6951,vertical,3.2000000000000002,351,true,3,3.7759214174550521e-12
6952,vertical,3.2000000000000002,352,true,2,6.9553377457331009e-11
6953,vertical,3.2000000000000002,353,true,3,4.6338452441154082e-12
6954,vertical,3.2000000000000002,354,true,3,2.190518913837209e-12
6955,vertical,3.2000000000000002,355,true,3,1.2983872916216479e-12
6956,vertical,3.2000000000000002,356,true,3,1.7576190321067392e-12
6957,vertical,3.2000000000000002,357,true,3,1.4184519196547727e-11
6958,vertical,3.2000000000000002,358,true,3,1.0820182394285933e-12
6959,vertical,3.2000000000000002,359,true,3,9.6957169145690986e-12
6960,vertical,3.2000000000000002,360,true,3,5.1819630018076364e-13
6961,vertical,3.2000000000000002,361,true,3,1.8765236848293608e-12
6962,vertical,3.2000000000000002,362,true,3,2.9650903716957924e-12
6963,vertical,3.2000000000000002,363,true,3,2.0414610984331496e-11
6964,vertical,3.2000000000000002,364,true,3,6.9694841576915982e-13
6965,vertical,3.2000000000000002,365,true,3,1.2916668692558186e-12
6966,vertical,3.2000000000000002,366,true,3,9.3278951371092851e-11
6967,vertical,3.2000000000000002,367,true,3,7.8408636804787022e-12
6968,vertical,3.2000000000000002,368,true,3,4.78676107693339e-12
6969,vertical,3.2000000000000002,369,true,3,3.3975982758156128e-12
6970,vertical,3.2000000000000002,370,true,3,1.1289496719960746e-12
6971,vertical,3.2000000000000002,371,true,3,1.9631625621741625e-12
6972,vertical,3.2000000000000002,372,true,3,1.1563249880913097e-12
6973,vertical,3.2000000000000002,373,true,2,1.8413901669926331e-11
6974,vertical,3.2000000000000002,374,true,3,6.258918890640175e-12
6975,vertical,3.2000000000000002,375,true,3,2.0608896457500239e-11
6976,vertical,3.2000000000000002,376,true,3,2.5953456944081437e-12
6977,vertical,3.2000000000000002,377,true,3,1.7335613224732701e-12
6978,vertical,3.2000000000000002,378,true,3,1.6375869603500382e-11
6979,vertical,3.2000000000000002,379,true,3,1.5761086582681148e-12
6980,vertical,3.2000000000000002,380,true,3,1.667470115051812e-12
6981,vertical,3.2000000000000002,381,true,2,5.7450650496957853e-11
6982,vertical,3.2000000000000002,382,true,3,8.9371150178982212e-12
6983,vertical,3.2000000000000002,383,true,3,1.1546351387292723e-11
6984,vertical,3.2000000000000002,384,true,3,8.8996814089218512e-13
6985,vertical,3.2000000000000002,385,true,3,3.6336114041199878e-12
6986,vertical,3.2000000000000002,386,true,3,1.4432700402197097e-12
6987,vertical,3.2000000000000002,387,true,3,4.8578158795599178e-13
6988,vertical,3.2000000000000002,388,true,3,1.5958988770618651e-11
6989,vertical,3.2000000000000002,389,true,3,1.3393186266339953e-13
6990,vertical,3.2000000000000002,390,true,2,9.3516801065121789e-12
6991,vertical,3.2000000000000002,391,true,3,2.9068774786612876e-12
6992,vertical,3.2000000000000002,392,true,3,2.9707716431981099e-13
6993,vertical,3.2000000000000002,393,true,3,1.3303834299064464e-11
6994,vertical,3.2000000000000002,394,true,3,3.4455848370502084e-11
6995,vertical,3.2000000000000002,395,true,3,7.839019980408033e-13
6996,vertical,3.2000000000000002,396,true,2,5.5841632265320679e-11
6997,vertical,3.2000000000000002,397,true,3,3.8622393449125259e-13
6998,vertical,3.2000000000000002,398,true,2,8.284957827478744e-11
6999,vertical,3.2000000000000002,399,true,3,3.1704931207602844e-13
7000,vertical,3.2000000000000002,400,true,3,6.6408414854229001e-12
7001,vertical,3.2000000000000002,401,true,3,2.7764814284970345e-11
7002,vertical,3.2000000000000002,402,true,3,3.9405120078987424e-13
7003,vertical,3.2000000000000002,403,true,3,9.3945350928859548e-13
7004,vertical,3.2000000000000002,404,true,3,9.4005365461465669e-12
7005,vertical,3.2000000000000002,405,true,3,5.063513865008911e-12
7006,vertical,3.2000000000000002,406,true,3,3.9880561814732866e-12
7007,vertical,3.2000000000000002,407,true,3,9.2465662781061441e-13
7008,vertical,3.2000000000000002,408,true,3,5.8584250038184936e-11
7009,vertical,3.2000000000000002,409,true,2,2.4242458574948508e-11
7010,vertical,3.2000000000000002,410,true,3,1.2114333293938498e-11
7011,vertical,3.2000000000000002,411,true,3,3.7093434871550344e-11
7012,vertical,3.2000000000000002,412,true,3,3.5990271070748397e-13
7013,vertical,3.2000000000000002,413,true,3,9.6156621452589896e-13
7014,vertical,3.2000000000000002,414,true,3,1.6567219852671404e-12
7015,vertical,3.2000000000000002,415,true,3,3.4219905162291535e-12
7016,vertical,3.2000000000000002,416,true,3,4.9637727489259188e-12
7017,vertical,3.2000000000000002,417,true,3,1.1561284322992104e-11
7018,vertical,3.2000000000000002,418,true,3,1.8984833699845221e-11
7019,vertical,3.2000000000000002,419,true,3,5.5527900910450932e-12
7020,vertical,3.2000000000000002,420,true,3,7.7090124203861288e-13
7021,vertical,3.2000000000000002,421,true,2,9.6649001852184662e-11
7022,vertical,3.2000000000000002,422,true,3,3.6316849632955627e-13
7023,vertical,3.2000000000000002,423,true,3,1.0245220179548703e-11
7024,vertical,3.2000000000000002,424,true,3,3.4607864769157681e-13
7025,vertical,3.2000000000000002,425,true,2,9.5906020002790841e-11
7026,vertical,3.2000000000000002,426,true,3,2.3866793231499184e-11
7027,vertical,3.2000000000000002,427,true,2,8.5271133863091271e-11
7028,vertical,3.2000000000000002,428,true,3,2.2319257337835515e-13
7029,vertical,3.2000000000000002,429,true,3,5.1177802631027877e-11
7030,vertical,3.2000000000000002,430,true,3,7.7072580902457704e-12
7031,vertical,3.2000000000000002,431,true,3,3.5790501616518457e-13
7032,vertical,3.2000000000000002,432,true,3,2.8009793001846027e-12
7033,vertical,3.2000000000000002,433,true,3,8.4056911659925199e-12
7034,vertical,3.2000000000000002,434,true,3,2.5444748314135448e-13
7035,vertical,3.2000000000000002,435,true,3,2.1652252590550573e-13
7036,vertical,3.2000000000000002,436,true,3,3.6802878643230719e-13
7037,vertical,3.2000000000000002,437,true,3,5.0090274667259792e-13
7038,vertical,3.2000000000000002,438,true,2,1.9259446088836968e-11
7039,vertical,3.2000000000000002,439,true,3,1.2338820374389261e-12
7040,vertical,3.2000000000000002,440,true,2,5.7182144195896893e-11
7041,vertical,3.2000000000000002,441,true,3,5.1060926810158589e-12
7042,vertical,3.2000000000000002,442,true,3,1.056202914643828e-11
7043,vertical,3.2000000000000002,443,true,2,6.6593121691966126e-11
7044,vertical,3.2000000000000002,444,true,3,3.8684704927981482e-12
7045,vertical,3.2000000000000002,445,true,3,6.0211929074033299e-13
7046,vertical,3.2000000000000002,446,true,3,3.5913013935359243e-12
7047,vertical,3.2000000000000002,447,true,4,2.0635019633299593e-11
7048,vertical,3.2000000000000002,448,true,2,7.7966320975011164e-11
7049,vertical,3.2000000000000002,449,true,3,1.7113656770276668e-11
7050,vertical,3.2000000000000002,450,true,3,6.9698381355744874e-13
7051,vertical,3.2000000000000002,451,true,3,8.1785821141081083e-13
7052,vertical,3.2000000000000002,452,true,2,4.4295970421360258e-11
7053,vertical,3.2000000000000002,453,true,3,1.2698841631896912e-11
7054,vertical,3.2000000000000002,454,true,3,3.9863933657785795e-12
7055,vertical,3.2000000000000002,455,true,3,2.8631538793241583e-12
7056,vertical,3.2000000000000002,456,true,3,8.3169852633002336e-13
7057,vertical,3.2000000000000002,457,true,4,2.053875108745725e-12
7058,vertical,3.2000000000000002,458,true,4,6.9807813519815403e-12
7059,vertical,3.2000000000000002,459,true,3,1.4603466760865508e-11
7060,vertical,3.2000000000000002,460,true,3,6.0843073940289516e-13
7061,vertical,3.2000000000000002,461,true,2,5.1642492749852369e-11
7062,vertical,3.2000000000000002,462,true,3,1.1842144922877503e-12
7063,vertical,3.2000000000000002,463,true,3,6.2256878828202668e-12
7064,vertical,3.2000000000000002,464,true,3,1.616308871476469e-12
7065,vertical,3.2000000000000002,465,true,2,1.6937285979043042e-11
7066,vertical,3.2000000000000002,466,true,3,7.5442273301341103e-13
7067,vertical,3.2000000000000002,467,true,3,2.4991715698670334e-11
7068,vertical,3.2000000000000002,468,true,3,4.2121534631238189e-12
7069,vertical,3.2000000000000002,469,true,2,2.7032859855341713e-11
7070,vertical,3.2000000000000002,470,true,3,2.8242759144114331e-11
7071,vertical,3.2000000000000002,471,true,3,1.1882925052556455e-12
7072,vertical,3.2000000000000002,472,true,3,1.8223227764831297e-11
7073,vertical,3.2000000000000002,473,true,3,4.8663996461963269e-11
7074,vertical,3.2000000000000002,474,true,3,7.4370604062903554e-11
7075,vertical,3.2000000000000002,475,true,4,7.6870556123796008e-12
7076,vertical,3.2000000000000002,476,true,3,1.5161783412968981e-12
7077,vertical,3.2000000000000002,477,true,3,2.0912582441008229e-13
7078,vertical,3.2000000000000002,478,true,3,6.3708609644809062e-13
7079,vertical,3.2000000000000002,479,true,3,1.0651910076236254e-11
7080,vertical,3.2000000000000002,480,true,2,3.6886061032612735e-11
7081,vertical,3.2000000000000002,481,true,3,1.6418693261954721e-11
7082,vertical,3.2000000000000002,482,true,3,4.1884800709005513e-11
7083,vertical,3.2000000000000002,483,true,3,3.0128965785838159e-13
7084,vertical,3.2000000000000002,484,true,2,7.2023492558421037e-11
7085,vertical,3.2000000000000002,485,true,3,3.138144372054983e-13
7086,vertical,3.2000000000000002,486,true,3,5.3429461275512481e-13
7087,vertical,3.2000000000000002,487,true,3,2.5765083042866981e-12
7088,vertical,3.2000000000000002,488,true,3,2.2782710216652887e-12
7089,vertical,3.2000000000000002,489,true,2,5.7252841694140421e-12
7090,vertical,3.2000000000000002,490,true,3,1.132326470365384e-12
7091,vertical,3.2000000000000002,491,true,3,5.5241666050028678e-12
7092,vertical,3.2000000000000002,492,true,3,1.9656623833439119e-12
7093,vertical,3.2000000000000002,493,true,3,8.0180318067761809e-12
7094,vertical,3.2000000000000002,494,true,3,6.6971199531228227e-13
7095,vertical,3.2000000000000002,495,true,3,5.1907877880019733e-13
7096,vertical,3.2000000000000002,496,true,3,1.0355841787711026e-12
7097,vertical,3.2000000000000002,497,true,3,3.9525874150948118e-12
7098,vertical,3.2000000000000002,498,true,3,8.482061879316558e-13
7099,vertical,3.2000000000000002,499,true,2,7.1470973549142835e-11
7100,vertical,3.2000000000000002,500,true,2,2.0249458366456978e-11
7101,vertical,3.2000000000000002,501,true,3,9.2564452404453154e-13
7102,vertical,3.2000000000000002,502,true,4,4.2330320632576512e-12
7103,vertical,3.2000000000000002,503,true,3,4.36338844037856e-13
7104,vertical,3.2000000000000002,504,true,3,6.2079487326926207e-11
7105,vertical,3.2000000000000002,505,true,3,6.3895224727197327e-12
7106,vertical,3.2000000000000002,506,true,3,4.5999765288737795e-13
7107,vertical,3.2000000000000002,507,true,3,4.9446612240905581e-12
7108,vertical,3.2000000000000002,508,true,3,5.1947464239034762e-12
7109,vertical,3.2000000000000002,509,true,3,7.9414753282231544e-12
7110,vertical,3.2000000000000002,510,true,3,1.0632085448148876e-12
7111,vertical,3.2000000000000002,511,true,4,5.0809703546661488e-11
7112,vertical,3.2000000000000002,512,true,3,8.5433528472501644e-12
7113,vertical,3.2000000000000002,513,true,2,1.8308297879868003e-11
7114,vertical,3.2000000000000002,514,true,3,2.2928295110885477e-12
7115,vertical,3.2000000000000002,515,true,3,5.7822998681969417e-11
7116,vertical,3.2000000000000002,516,true,3,1.4975221483637126e-12
7117,vertical,3.2000000000000002,517,true,3,3.9732861859931873e-12
7118,vertical,3.2000000000000002,518,true,3,3.4597557370858964e-11
7119,vertical,3.2000000000000002,519,true,3,3.4432923269888138e-13
7120,vertical,3.2000000000000002,520,true,3,1.5222713570674648e-12
7121,vertical,3.2000000000000002,521,true,2,7.0598673345924504e-12
7122,vertical,3.2000000000000002,522,true,3,1.2468941615993497e-12
7123,vertical,3.2000000000000002,523,true,3,1.2454425915756293e-11
7124,vertical,3.2000000000000002,524,true,3,1.7811752649557287e-11
7125,vertical,3.2000000000000002,525,true,2,3.9345019890480039e-11
7126,vertical,3.2000000000000002,526,true,3,2.157940341099554e-11
7127,vertical,3.2000000000000002,527,true,3,2.4177743894251955e-11
7128,vertical,3.2000000000000002,528,true,3,3.2306802458804876e-11
7129,vertical,3.2000000000000002,529,true,3,4.2722436401789633e-13
7130,vertical,3.2000000000000002,530,true,3,7.8752192535749236e-12
7131,vertical,3.2000000000000002,531,true,3,1.1354509166454664e-12
7132,vertical,3.2000000000000002,532,true,3,9.5061778115859232e-12
7133,vertical,3.2000000000000002,533,true,3,1.9501388466746731e-12
7134,vertical,3.2000000000000002,534,true,3,5.536233012347507e-12
7135,vertical,3.2000000000000002,535,true,3,1.1199956369104179e-12
7136,vertical,3.2000000000000002,536,true,3,4.3968002747636923e-12
7137,vertical,3.2000000000000002,537,true,3,3.1823452732430253e-13
7138,vertical,3.2000000000000002,538,true,3,5.7181411138393039e-12
7139,vertical,3.2000000000000002,539,true,2,9.3195146368730067e-11
7140,vertical,3.2000000000000002,540,true,3,3.6218123227845539e-13
7141,vertical,3.2000000000000002,541,true,3,3.2295970342557958e-12
7142,vertical,3.2000000000000002,542,true,3,3.3563970582672033e-12
7143,vertical,3.2000000000000002,543,true,3,1.0723349716007227e-12
7144,vertical,3.2000000000000002,544,true,3,5.8768927658834801e-13
7145,vertical,3.2000000000000002,545,true,3,1.18989498007166e-11
7146,vertical,3.2000000000000002,546,true,3,1.4178614299380928e-12
7147,vertical,3.2000000000000002,547,true,3,2.367350357692549e-11
7148,vertical,3.2000000000000002,548,true,3,1.4612498636956296e-12
7149,vertical,3.2000000000000002,549,true,3,1.814020387278e-11
7150,vertical,3.2000000000000002,550,true,3,2.8653974224386663e-12
7151,vertical,3.2000000000000002,551,true,3,6.2924271755439172e-13
7152,vertical,3.2000000000000002,552,true,2,4.7693631525556674e-11
7153,vertical,3.2000000000000002,553,true,3,9.0607141641956755e-12
7154,vertical,3.2000000000000002,554,true,2,4.6631976707716876e-11
7155,vertical,3.2000000000000002,555,true,3,3.4547813109815429e-11
7156,vertical,3.2000000000000002,556,true,2,7.4493010540650921e-11
7157,vertical,3.2000000000000002,557,true,3,3.2772172517274072e-12
7158,vertical,3.2000000000000002,558,true,3,8.7414687026377739e-12
7159,vertical,3.2000000000000002,559,true,2,3.4838143048844117e-11
7160,vertical,3.2000000000000002,560,true,3,4.9451915514023171e-12
7161,vertical,3.2000000000000002,561,true,3,7.782252183289397e-13
7162,vertical,3.2000000000000002,562,true,3,1.0571817207136395e-12
7163,vertical,3.2000000000000002,563,true,3,8.8237340420617903e-12
7164,vertical,3.2000000000000002,564,true,2,6.3018810638108855e-11
7165,vertical,3.2000000000000002,565,true,3,1.6172076813568837e-13
7166,vertical,3.2000000000000002,566,true,3,2.3059994809788945e-11
7167,vertical,3.2000000000000002,567,true,3,2.8906945004047505e-12
7168,vertical,3.2000000000000002,568,true,3,6.9546662231971927e-12
7169,vertical,3.2000000000000002,569,true,3,9.6547351955125845e-13
7170,vertical,3.2000000000000002,570,true,3,8.5282626896037648e-13
7171,vertical,3.2000000000000002,571,true,3,8.9040873529232817e-13
7172,vertical,3.2000000000000002,572,true,3,5.8446157914898267e-13
7173,vertical,3.2000000000000002,573,true,2,2.5774197646735079e-11
7174,vertical,3.2000000000000002,574,true,3,3.3544119961497186e-12
7175,vertical,3.2000000000000002,575,true,3,3.4175109585509778e-12
7176,vertical,3.2000000000000002,576,true,3,1.5100845754104886e-12
7177,vertical,3.2000000000000002,577,true,3,3.1236729067345833e-11
7178,vertical,3.2000000000000002,578,true,3,6.7618121570725829e-11
7179,vertical,3.2000000000000002,579,true,3,6.9538429233511036e-13
7180,vertical,3.2000000000000002,580,true,3,3.7058790956445025e-13
7181,vertical,3.2000000000000002,581,true,3,7.0353957967663988e-12
7182,vertical,3.2000000000000002,582,true,3,3.1523748158137431e-12
7183,vertical,3.2000000000000002,583,true,3,2.3437440721871527e-12
7184,vertical,3.2000000000000002,584,true,2,6.512679321798002e-11
7185,vertical,3.2000000000000002,585,true,3,2.6790796731933961e-12
7186,vertical,3.2000000000000002,586,true,3,7.5417710926203721e-13
7187,vertical,3.2000000000000002,587,true,3,1.7322938062201848e-12
7188,vertical,3.2000000000000002,588,true,3,4.1736555919361715e-11
7189,vertical,3.2000000000000002,589,true,3,2.5384565719261856e-11
7190,vertical,3.2000000000000002,590,true,3,1.032494086928036e-12
7191,vertical,3.2000000000000002,591,true,3,8.8775435581942068e-14
7192,vertical,3.2000000000000002,592,true,3,6.4242733911222338e-13
7193,vertical,3.2000000000000002,593,true,3,1.4974698318540256e-12
7194,vertical,3.2000000000000002,594,true,3,3.7889863726600776e-12
7195,vertical,3.2000000000000002,595,true,3,1.0800491073654228e-11
7196,vertical,3.2000000000000002,596,true,3,2.5737156057912872e-11
7197,vertical,3.2000000000000002,597,true,3,2.3105736397860513e-11
7198,vertical,3.2000000000000002,598,true,3,1.0639919402266685e-11
7199,vertical,3.2000000000000002,599,true,3,1.3668845696672023e-12
7200,vertical,3.2000000000000002,600,true,3,6.6649610987101655e-11
7201,vertical,4.5300000000000002,1,true,3,9.9856225610748424e-13
7202,vertical,4.5300000000000002,2,true,3,5.7575039577141112e-11
7203,vertical,4.5300000000000002,3,true,3,6.6483747789034019e-13
7204,vertical,4.5300000000000002,4,true,3,2.5440953413199101e-11
7205,vertical,4.5300000000000002,5,true,3,2.4190995614837386e-11
7206,vertical,4.5300000000000002,6,true,3,1.0477787664410823e-12
7207,vertical,4.5300000000000002,7,true,3,3.5900012410870369e-11
7208,vertical,4.5300000000000002,8,true,3,4.5585832546586604e-13
7209,vertical,4.5300000000000002,9,true,3,7.6131956722589794e-12
7210,vertical,4.5300000000000002,10,true,3,3.9008143468135919e-12
7211,vertical,4.5300000000000002,11,true,3,2.327151694904594e-11
7212,vertical,4.5300000000000002,12,true,3,1.318273129673823e-11
7213,vertical,4.5300000000000002,13,true,3,2.0279364400883388e-11
7214,vertical,4.5300000000000002,14,true,4,3.1429801623777825e-12
7215,vertical,4.5300000000000002,15,true,4,3.8963310952828249e-12
7216,vertical,4.5300000000000002,16,true,3,1.2591487233018082e-11
7217,vertical,4.5300000000000002,17,true,3,1.5381340613656651e-12
7218,vertical,4.5300000000000002,18,true,3,2.405401366387447e-12
7219,vertical,4.5300000000000002,19,true,3,5.5824855353946389e-11
7220,vertical,4.5300000000000002,20,true,3,7.4880375212842472e-13
7221,vertical,4.5300000000000002,21,true,3,3.9239995609242511e-11
7222,vertical,4.5300000000000002,22,true,3,4.3200278377405357e-11
7223,vertical,4.5300000000000002,23,true,3,6.8434056579863411e-11
7224,vertical,4.5300000000000002,24,true,2,5.5460413004838394e-11
7225,vertical,4.5300000000000002,25,true,3,3.2297956103697646e-11
7226,vertical,4.5300000000000002,26,true,3,3.4527581816215224e-11
7227,vertical,4.5300000000000002,27,true,3,5.4074281219764669e-13
7228,vertical,4.5300000000000002,28,true,3,5.5691784596150964e-12
7229,vertical,4.5300000000000002,29,true,3,5.0923344727735177e-11
7230,vertical,4.5300000000000002,30,true,3,7.1880225679011416e-11
7231,vertical,4.5300000000000002,31,true,3,3.5299162798032763e-11
7232,vertical,4.5300000000000002,32,true,3,5.4796239710787254e-11
7233,vertical,4.5300000000000002,33,true,3,5.2045172316174042e-12
7234,vertical,4.5300000000000002,34,true,3,1.7417215007261537e-12
7235,vertical,4.5300000000000002,35,true,2,5.0483542591351109e-11
7236,vertical,4.5300000000000002,36,true,4,7.2197965045670984e-12
7237,vertical,4.5300000000000002,37,true,4,4.7750603238579142e-12
7238,vertical,4.5300000000000002,38,true,4,4.8186732031266683e-12
7239,vertical,4.5300000000000002,39,true,3,4.0313261312804433e-12
7240,vertical,4.5300000000000002,40,true,3,4.1188996386926725e-11
7241,vertical,4.5300000000000002,41,true,3,2.9325653223014926e-11
7242,vertical,4.5300000000000002,42,true,3,1.5278620463037851e-12
7243,vertical,4.5300000000000002,43,true,3,3.265737029317895e-11
7244,vertical,4.5300000000000002,44,true,3,3.9877086944589311e-11
7245,vertical,4.5300000000000002,45,true,3,9.559543702850447e-12
7246,vertical,4.5300000000000002,46,true,3,3.8122723792204917e-11
7247,vertical,4.5300000000000002,47,true,3,2.1668333719538603e-11
7248,vertical,4.5300000000000002,48,true,4,2.0091819664277635e-11
7249,vertical,4.5300000000000002,49,true,3,5.1228343652392312e-12
7250,vertical,4.5300000000000002,50,true,3,3.850843738430072e-12
7251,vertical,4.5300000000000002,51,true,3,1.3461570747621883e-11
7252,vertical,4.5300000000000002,52,true,3,6.6149769773352275e-11
7253,vertical,4.5300000000000002,53,true,3,5.3749017030601505e-12
7254,vertical,4.5300000000000002,54,true,3,5.0592105969504847e-11
7255,vertical,4.5300000000000002,55,true,3,1.2202149535266622e-13
7256,vertical,4.5300000000000002,56,true,3,7.0108382166000457e-12
7257,vertical,4.5300000000000002,57,true,3,5.5102327823679869e-12
7258,vertical,4.5300000000000002,58,true,4,7.2792224172648022e-12
7259,vertical,4.5300000000000002,59,true,3,4.995588791897069e-12
7260,vertical,4.5300000000000002,60,true,4,5.2754151549323695e-11
7261,vertical,4.5300000000000002,61,true,3,7.2508807811011923e-13
7262,vertical,4.5300000000000002,62,true,3,3.9327059021113868e-12
7263,vertical,4.5300000000000002,63,true,3,2.2702152474154698e-13
7264,vertical,4.5300000000000002,64,true,3,1.3543048036612181e-12
7265,vertical,4.5300000000000002,65,true,3,1.8709028866845264e-12
7266,vertical,4.5300000000000002,66,true,3,4.9179522671488316e-11
7267,vertical,4.5300000000000002,67,true,2,5.4194078456476969e-11
7268,vertical,4.5300000000000002,68,true,3,2.8494697644679223e-12
7269,vertical,4.5300000000000002,69,true,3,6.5201276004240244e-12
7270,vertical,4.5300000000000002,70,true,3,3.5511822114586243e-12
7271,vertical,4.5300000000000002,71,true,3,2.2698721362701685e-11
7272,vertical,4.5300000000000002,72,true,4,3.3828729413844234e-12
7273,vertical,4.5300000000000002,73,true,3,3.9075583774892412e-12
7274,vertical,4.5300000000000002,74,true,4,4.8294520505246366e-12
7275,vertical,4.5300000000000002,75,true,3,3.2266654598448031e-11
7276,vertical,4.5300000000000002,76,true,2,1.3050702341150713e-11
7277,vertical,4.5300000000000002,77,true,2,9.3339771430478777e-11
7278,vertical,4.5300000000000002,78,true,4,9.631945889452454e-12
7279,vertical,4.5300000000000002,79,true,3,7.4285889632881361e-13
7280,vertical,4.5300000000000002,80,true,3,5.1517190631572224e-11
7281,vertical,4.5300000000000002,81,true,3,1.0432040036225754e-12
7282,vertical,4.5300000000000002,82,true,3,1.2266047764717515e-11
7283,vertical,4.5300000000000002,83,true,3,2.136052526424339e-12
7284,vertical,4.5300000000000002,84,true,3,4.5573811101747255e-11
7285,vertical,4.5300000000000002,85,true,4,1.6890397659530934e-11
7286,vertical,4.5300000000000002,86,true,3,7.792162355729951e-11
7287,vertical,4.5300000000000002,87,true,3,3.2720202647110926e-11
7288,vertical,4.5300000000000002,88,true,3,9.982004699294926e-11
7289,vertical,4.5300000000000002,89,true,4,8.4709495605804912e-12
7290,vertical,4.5300000000000002,90,true,3,7.133094039033803e-12
7291,vertical,4.5300000000000002,91,true,3,2.4776353296566266e-11
7292,vertical,4.5300000000000002,92,true,3,3.0858627844174178e-11
7293,vertical,4.5300000000000002,93,true,4,2.6094308955172116e-11
7294,vertical,4.5300000000000002,94,true,3,1.1815149231893364e-11
7295,vertical,4.5300000000000002,95,true,3,2.2027508244370977e-12
7296,vertical,4.5300000000000002,96,true,3,6.0279105159038614e-12
7297,vertical,4.5300000000000002,97,true,3,2.2591933510701638e-12
7298,vertical,4.5300000000000002,98,true,4,1.2273058664843911e-11
7299,vertical,4.5300000000000002,99,true,3,1.3237389694871657e-12
7300,vertical,4.5300000000000002,100,true,4,2.0823227306849106e-12
7301,vertical,4.5300000000000002,101,true,3,2.6520774555610665e-11
7302,vertical,4.5300000000000002,102,true,3,3.8515210491754338e-11
7303,vertical,4.5300000000000002,103,true,4,2.6343645017799685e-12
7304,vertical,4.5300000000000002,104,true,3,1.6020450509918023e-11
7305,vertical,4.5300000000000002,105,true,3,8.5981414658741141e-12
7306,vertical,4.5300000000000002,106,true,3,1.0842951549613748e-11
7307,vertical,4.5300000000000002,107,true,3,1.833175649351731e-11
7308,vertical,4.5300000000000002,108,true,3,4.5156388880287196e-11
7309,vertical,4.5300000000000002,109,true,3,6.4418129501635276e-11
7310,vertical,4.5300000000000002,110,true,3,3.5407594069169231e-12
7311,vertical,4.5300000000000002,111,true,4,6.5671231182314547e-12
7312,vertical,4.5300000000000002,112,true,4,6.6089251555318174e-12
7313,vertical,4.5300000000000002,113,true,3,2.0207694602014292e-12
7314,vertical,4.5300000000000002,114,true,3,5.8026358901216673e-11
7315,vertical,4.5300000000000002,115,true,3,2.2197377661462318e-12
7316,vertical,4.5300000000000002,116,true,3,2.1895230985908642e-12
7317,vertical,4.5300000000000002,117,true,3,7.9577939010449738e-11
7318,vertical,4.5300000000000002,118,true,3,1.5097762512798538e-11
7319,vertical,4.5300000000000002,119,true,3,7.9726504080285934e-11
7320,vertical,4.5300000000000002,120,true,3,4.6074508342729929e-12
7321,vertical,4.5300000000000002,121,true,3,2.9544459756215952e-11
7322,vertical,4.5300000000000002,122,true,4,1.0125988016699289e-11
7323,vertical,4.5300000000000002,123,true,4,2.2194596426494363e-11
7324,vertical,4.5300000000000002,124,true,3,3.5941681809418565e-11
7325,vertical,4.5300000000000002,125,true,3,1.0652203427083055e-12
7326,vertical,4.5300000000000002,126,true,3,4.1347411143993646e-11
7327,vertical,4.5300000000000002,127,true,3,4.7885655906276979e-13
7328,vertical,4.5300000000000002,128,true,3,2.3136194391333923e-11
7329,vertical,4.5300000000000002,129,true,3,7.5143278253934345e-11
7330,vertical,4.5300000000000002,130,true,2,9.0386433473924563e-11
7331,vertical,4.5300000000000002,131,true,3,2.7795594606867393e-11
7332,vertical,4.5300000000000002,132,true,3,5.7487929312736729e-12
7333,vertical,4.5300000000000002,133,true,3,2.9068169562080706e-11
7334,vertical,4.5300000000000002,134,true,3,2.678466109495559e-11
7335,vertical,4.5300000000000002,135,true,4,6.8069656571165506e-12
7336,vertical,4.5300000000000002,136,true,4,9.8855842441564726e-13
7337,vertical,4.5300000000000002,137,true,3,1.2525267942888497e-12
7338,vertical,4.5300000000000002,138,true,3,9.7866659073502659e-12
7339,vertical,4.5300000000000002,139,true,4,1.840982832446014e-11
7340,vertical,4.5300000000000002,140,true,3,2.3682778537891803e-11
7341,vertical,4.5300000000000002,141,true,3,8.0598245444042056e-11
7342,vertical,4.5300000000000002,142,true,3,1.8546343392901035e-12
7343,vertical,4.5300000000000002,143,true,3,1.387023028663707e-11
7344,vertical,4.5300000000000002,144,true,3,6.3264819058118298e-11
7345,vertical,4.5300000000000002,145,true,3,4.5623537795578637e-12
7346,vertical,4.5300000000000002,146,true,3,3.5807258839569662e-11
7347,vertical,4.5300000000000002,147,true,3,1.5502322651940556e-11
7348,vertical,4.5300000000000002,148,true,3,1.6416074723388595e-11
7349,vertical,4.5300000000000002,149,true,3,2.4844578198239422e-11
7350,vertical,4.5300000000000002,150,true,4,1.7827282718704483e-11
7351,vertical,4.5300000000000002,151,true,3,3.5483283521826658e-12
7352,vertical,4.5300000000000002,152,true,4,1.5089508578232959e-11
7353,vertical,4.5300000000000002,153,true,3,1.3810004601938951e-11
7354,vertical,4.5300000000000002,154,true,4,1.1293557412247127e-11
7355,vertical,4.5300000000000002,155,true,3,7.2748953072181581e-11
7356,vertical,4.5300000000000002,156,true,3,3.0646243017398796e-11
7357,vertical,4.5300000000000002,157,true,3,1.5551014835065125e-11
7358,vertical,4.5300000000000002,158,true,3,3.1231048153283788e-11
7359,vertical,4.5300000000000002,159,true,2,3.4978122314022628e-11
7360,vertical,4.5300000000000002,160,true,3,1.4722721718356496e-12
7361,vertical,4.5300000000000002,161,true,3,4.2764798200795944e-12
7362,vertical,4.5300000000000002,162,true,3,3.581515471698698e-12
7363,vertical,4.5300000000000002,163,true,3,2.315783657698195e-11
7364,vertical,4.5300000000000002,164,true,3,5.8018928219786553e-11
7365,vertical,4.5300000000000002,165,true,3,1.964568764822846e-12
7366,vertical,4.5300000000000002,166,true,3,6.9762889530614453e-13
7367,vertical,4.5300000000000002,167,true,3,2.0530394876134381e-12
7368,vertical,4.5300000000000002,168,true,3,9.2043116186573277e-11
7369,vertical,4.5300000000000002,169,true,4,2.5004304177795949e-12
7370,vertical,4.5300000000000002,170,true,3,5.7986542156067416e-11
7371,vertical,4.5300000000000002,171,true,3,1.1445963897915344e-12
7372,vertical,4.5300000000000002,172,true,3,6.1591452065356098e-11
7373,vertical,4.5300000000000002,173,true,3,1.6140840221593126e-12
7374,vertical,4.5300000000000002,174,true,3,2.6450898553863933e-12
7375,vertical,4.5300000000000002,175,true,3,7.1430673271757472e-11
7376,vertical,4.5300000000000002,176,true,3,3.0380035386668301e-11
7377,vertical,4.5300000000000002,177,true,3,6.7333017622986744e-13
7378,vertical,4.5300000000000002,178,true,3,5.9865868614112304e-12
7379,vertical,4.5300000000000002,179,true,4,3.1880014062982139e-12
7380,vertical,4.5300000000000002,180,true,3,1.5449627885275724e-11
7381,vertical,4.5300000000000002,181,true,4,4.0142108157864517e-11
7382,vertical,4.5300000000000002,182,true,3,1.9085899500548553e-11
7383,vertical,4.5300000000000002,183,true,3,3.2097273751552765e-12
7384,vertical,4.5300000000000002,184,true,3,6.2185785774557744e-11
7385,vertical,4.5300000000000002,185,true,3,4.3632659736360209e-13
7386,vertical,4.5300000000000002,186,true,3,3.7474569920226142e-12
7387,vertical,4.5300000000000002,187,true,3,9.4947175573362943e-12
7388,vertical,4.5300000000000002,188,true,4,1.7501347714039475e-11
7389,vertical,4.5300000000000002,189,true,3,3.2268990815892119e-12
7390,vertical,4.5300000000000002,190,true,3,5.3967944537680805e-12
7391,vertical,4.5300000000000002,191,true,3,1.0202146737992323e-11
7392,vertical,4.5300000000000002,192,true,3,3.5797962693362242e-13
7393,vertical,4.5300000000000002,193,true,3,1.6287951530843752e-11
7394,vertical,4.5300000000000002,194,true,3,4.9257548026257779e-12
7395,vertical,4.5300000000000002,195,true,4,1.0040112677442265e-11
7396,vertical,4.5300000000000002,196,true,3,1.6062993318657438e-12
7397,vertical,4.5300000000000002,197,true,3,3.2570958420976345e-11
7398,vertical,4.5300000000000002,198,true,3,3.376316072937573e-11
7399,vertical,4.5300000000000002,199,true,3,3.2769236190024084e-11
7400,vertical,4.5300000000000002,200,true,3,2.2815763664144321e-11
7401,vertical,4.5300000000000002,201,true,3,1.629692616166489e-11
7402,vertical,4.5300000000000002,202,true,3,1.0638570294577639e-11
7403,vertical,4.5300000000000002,203,true,3,7.2590267501379903e-12
7404,vertical,4.5300000000000002,204,true,3,1.2748602428196064e-12
7405,vertical,4.5300000000000002,205,true,3,7.7528841866220483e-12
7406,vertical,4.5300000000000002,206,true,3,7.1194588251868578e-12
7407,vertical,4.5300000000000002,207,true,3,2.0326228607951316e-11
7408,vertical,4.5300000000000002,208,true,4,7.3271779385465502e-11
7409,vertical,4.5300000000000002,209,true,3,3.8839343313140563e-11
7410,vertical,4.5300000000000002,210,true,3,3.7385910458268829e-11
7411,vertical,4.5300000000000002,211,true,2,9.403991934576698e-11
7412,vertical,4.5300000000000002,212,true,2,4.4083218808855758e-11
7413,vertical,4.5300000000000002,213,true,3,2.4593431018363047e-11
7414,vertical,4.5300000000000002,214,true,5,1.6398980617962103e-12
7415,vertical,4.5300000000000002,215,true,3,9.4956953707196588e-12
7416,vertical,4.5300000000000002,216,true,3,1.8911514806314162e-12
7417,vertical,4.5300000000000002,217,true,4,1.1532399279452835e-11
7418,vertical,4.5300000000000002,218,true,3,3.3884581777003812e-12
7419,vertical,4.5300000000000002,219,true,3,8.8542843762333742e-11
7420,vertical,4.5300000000000002,220,true,3,1.5922764055834242e-12
7421,vertical,4.5300000000000002,221,true,4,2.3834152180745043e-12
7422,vertical,4.5300000000000002,222,true,4,4.5640079102240549e-11
7423,vertical,4.5300000000000002,223,true,3,7.5852341796722817e-11
7424,vertical,4.5300000000000002,224,true,3,6.6801172108171509e-13
7425,vertical,4.5300000000000002,225,true,3,5.4575125067723568e-11
7426,vertical,4.5300000000000002,226,true,3,2.6054959657169732e-11
7427,vertical,4.5300000000000002,227,true,3,1.9437389374182412e-11
7428,vertical,4.5300000000000002,228,true,4,5.1821559616945574e-12
7429,vertical,4.5300000000000002,229,true,3,3.5481265309999177e-13
7430,vertical,4.5300000000000002,230,true,3,1.3446651348240907e-11
7431,vertical,4.5300000000000002,231,true,3,9.1604722528762874e-11
7432,vertical,4.5300000000000002,232,true,3,1.4653639807062491e-11
7433,vertical,4.5300000000000002,233,true,3,5.8853498629858439e-12
7434,vertical,4.5300000000000002,234,true,3,1.6712522602348685e-12
7435,vertical,4.5300000000000002,235,true,3,1.7930189284188758e-11
7436,vertical,4.5300000000000002,236,true,2,1.119885356536016e-11
7437,vertical,4.5300000000000002,237,true,3,1.2177581764746391e-12
7438,vertical,4.5300000000000002,238,true,4,4.5992248989248105e-12
7439,vertical,4.5300000000000002,239,true,3,3.8897517106435804e-12
7440,vertical,4.5300000000000002,240,true,3,2.195591174391685e-11
7441,vertical,4.5300000000000002,241,true,3,4.6374386217857152e-12
7442,vertical,4.5300000000000002,242,true,3,2.684661917927989e-12
7443,vertical,4.5300000000000002,243,true,3,5.9181092931368628e-12
7444,vertical,4.5300000000000002,244,true,3,5.2683914314066426e-12
7445,vertical,4.5300000000000002,245,true,3,7.6300239694660759e-11
7446,vertical,4.5300000000000002,246,true,3,6.6568426104010274e-13
7447,vertical,4.5300000000000002,247,true,3,1.1002452127312747e-11
7448,vertical,4.5300000000000002,248,true,3,1.057523557470905e-11
7449,vertical,4.5300000000000002,249,true,3,4.8099967554721419e-12
7450,vertical,4.5300000000000002,250,true,3,5.1088682827249461e-12
7451,vertical,4.5300000000000002,251,true,3,2.2872912529595068e-12
7452,vertical,4.5300000000000002,252,true,3,1.2527853673052589e-11
7453,vertical,4.5300000000000002,253,true,3,1.4100140356841254e-12
7454,vertical,4.5300000000000002,254,true,3,4.9168284480188409e-11
7455,vertical,4.5300000000000002,255,true,3,1.0214678190501476e-11
7456,vertical,4.5300000000000002,256,true,3,6.0264788571448154e-11
7457,vertical,4.5300000000000002,257,true,4,1.1565834865534513e-11
7458,vertical,4.5300000000000002,258,true,4,3.2370735287422417e-11
7459,vertical,4.5300000000000002,259,true,3,4.4673222060090434e-13
7460,vertical,4.5300000000000002,260,true,3,3.1495602538304952e-12
7461,vertical,4.5300000000000002,261,true,3,5.6946007281133745e-12
7462,vertical,4.5300000000000002,262,true,3,7.8238990136647592e-12
7463,vertical,4.5300000000000002,263,true,4,1.8056992613318867e-11
7464,vertical,4.5300000000000002,264,true,3,5.6852552309882695e-12
7465,vertical,4.5300000000000002,265,true,3,1.7655405702019943e-12
7466,vertical,4.5300000000000002,266,true,3,1.7789829749371072e-11
7467,vertical,4.5300000000000002,267,true,2,6.4656071448601178e-11
7468,vertical,4.5300000000000002,268,true,3,6.511680512753912e-12
7469,vertical,4.5300000000000002,269,true,3,1.1148395211182993e-11
7470,vertical,4.5300000000000002,270,true,4,8.5232049028496536e-12
7471,vertical,4.5300000000000002,271,true,3,1.2016061217641359e-11
7472,vertical,4.5300000000000002,272,true,4,2.5145739705539804e-11
7473,vertical,4.5300000000000002,273,true,3,2.326123691092943e-11
7474,vertical,4.5300000000000002,274,true,3,5.4145583905350377e-12
7475,vertical,4.5300000000000002,275,true,3,6.585719430276822e-13
7476,vertical,4.5300000000000002,276,true,3,3.3991701824434026e-12
7477,vertical,4.5300000000000002,277,true,3,7.0368775920041503e-12
7478,vertical,4.5300000000000002,278,true,3,2.9501216357087446e-11
7479,vertical,4.5300000000000002,279,true,3,5.1139729482494016e-13
7480,vertical,4.5300000000000002,280,true,3,5.2008190353874689e-11
7481,vertical,4.5300000000000002,281,true,3,2.7269493841022648e-11
7482,vertical,4.5300000000000002,282,true,3,5.3407991049862216e-12
7483,vertical,4.5300000000000002,283,true,3,2.3177342282848098e-11
7484,vertical,4.5300000000000002,284,true,3,1.7692792580014032e-11
7485,vertical,4.5300000000000002,285,true,3,1.0576756232096368e-11
7486,vertical,4.5300000000000002,286,true,3,5.3245563865831138e-11
7487,vertical,4.5300000000000002,287,true,3,7.1620173702209142e-11
7488,vertical,4.5300000000000002,288,true,3,2.0171717146180854e-12
7489,vertical,4.5300000000000002,289,true,3,2.9064554819895998e-11
7490,vertical,4.5300000000000002,290,true,3,2.9453365020565238e-11
7491,vertical,4.5300000000000002,291,true,3,2.9605731613490872e-12
7492,vertical,4.5300000000000002,292,true,3,1.3858390842861319e-12
7493,vertical,4.5300000000000002,293,true,3,8.0699193841484888e-12
7494,vertical,4.5300000000000002,294,true,3,1.3615352378617636e-11
7495,vertical,4.5300000000000002,295,true,3,2.2811926904651322e-13
7496,vertical,4.5300000000000002,296,true,2,5.1266385723122799e-11
7497,vertical,4.5300000000000002,297,true,3,9.2052450072339991e-13
7498,vertical,4.5300000000000002,298,true,3,7.6625191733723635e-11
7499,vertical,4.5300000000000002,299,true,3,2.5827980834191577e-12
7500,vertical,4.5300000000000002,300,true,3,2.2952402134793581e-11
7501,vertical,4.5300000000000002,301,true,3,5.6156281873019599e-12
7502,vertical,4.5300000000000002,302,true,4,1.4580762668584094e-11
7503,vertical,4.5300000000000002,303,true,3,6.4756974639879033e-11
7504,vertical,4.5300000000000002,304,true,3,1.1119583432196449e-11
7505,vertical,4.5300000000000002,305,true,4,9.8617046449982155e-12
7506,vertical,4.5300000000000002,306,true,3,3.9130879812081649e-12
7507,vertical,4.5300000000000002,307,true,3,6.9464435912231053e-12
7508,vertical,4.5300000000000002,308,true,3,4.1483995856594413e-12
7509,vertical,4.5300000000000002,309,true,3,5.7263197041373951e-12
7510,vertical,4.5300000000000002,310,true,4,4.1043329460509544e-12
7511,vertical,4.5300000000000002,311,true,3,5.1289081970203563e-11
7512,vertical,4.5300000000000002,312,true,3,2.3050955930161281e-12
7513,vertical,4.5300000000000002,313,true,3,3.7375728288924837e-11
7514,vertical,4.5300000000000002,314,true,3,1.9823472007836174e-12
7515,vertical,4.5300000000000002,315,true,4,5.9094099832685313e-12
7516,vertical,4.5300000000000002,316,true,3,1.482103586967395e-11
7517,vertical,4.5300000000000002,317,true,3,1.0675849469374716e-12
7518,vertical,4.5300000000000002,318,true,4,7.2459509470238667e-11
7519,vertical,4.5300000000000002,319,true,3,9.596418218838035e-11
7520,vertical,4.5300000000000002,320,true,3,7.4439085653111205e-11
7521,vertical,4.5300000000000002,321,true,3,3.7694071696617461e-12
7522,vertical,4.5300000000000002,322,true,3,7.5574677856776963e-11
7523,vertical,4.5300000000000002,323,true,3,2.0288583532419785e-11
7524,vertical,4.5300000000000002,324,true,3,6.5764899962339383e-12
7525,vertical,4.5300000000000002,325,true,3,1.6778468728071338e-11
7526,vertical,4.5300000000000002,326,true,3,3.3237327949121092e-11
7527,vertical,4.5300000000000002,327,true,3,1.212147402085445e-11
7528,vertical,4.5300000000000002,328,true,3,1.2470165529085477e-11
7529,vertical,4.5300000000000002,329,true,3,1.248801782421328e-12
7530,vertical,4.5300000000000002,330,true,4,3.8022960262893118e-12
7531,vertical,4.5300000000000002,331,true,2,4.1021613555835624e-11
7532,vertical,4.5300000000000002,332,true,4,1.4154391322002713e-11
7533,vertical,4.5300000000000002,333,true,3,1.8210425965222362e-11
7534,vertical,4.5300000000000002,334,true,3,1.3309850547322431e-11
7535,vertical,4.5300000000000002,335,true,3,1.2375316338099921e-12
7536,vertical,4.5300000000000002,336,true,4,8.1688653538619773e-12
7537,vertical,4.5300000000000002,337,true,3,1.507429914834439e-11
7538,vertical,4.5300000000000002,338,true,3,6.1896030947158633e-11
7539,vertical,4.5300000000000002,339,true,3,6.8882735860939231e-11
7540,vertical,4.5300000000000002,340,true,3,3.1876186600167135e-11
7541,vertical,4.5300000000000002,341,true,3,9.3642791908525103e-11
7542,vertical,4.5300000000000002,342,true,4,3.1534036210905798e-11
7543,vertical,4.5300000000000002,343,true,3,6.122919384341898e-11
7544,vertical,4.5300000000000002,344,true,3,1.7187519578907651e-11
7545,vertical,4.5300000000000002,345,true,3,4.5734226209133756e-12
7546,vertical,4.5300000000000002,346,true,3,4.3210746574785373e-11
7547,vertical,4.5300000000000002,347,true,3,4.9319672016375404e-13
7548,vertical,4.5300000000000002,348,true,3,3.6087195340455311e-12
7549,vertical,4.5300000000000002,349,true,3,2.3421294546289547e-12
7550,vertical,4.5300000000000002,350,true,3,9.6097334974644539e-11
7551,vertical,4.5300000000000002,351,true,3,2.15269487490968e-11
7552,vertical,4.5300000000000002,352,true,3,1.8266714875037582e-12
7553,vertical,4.5300000000000002,353,true,3,2.6400134526553193e-11
7554,vertical,4.5300000000000002,354,true,3,1.3507134397991427e-11
7555,vertical,4.5300000000000002,355,true,3,7.3796453351120464e-12
7556,vertical,4.5300000000000002,356,true,3,1.0015020858133948e-11
7557,vertical,4.5300000000000002,357,true,3,8.0833376741794846e-11
7558,vertical,4.5300000000000002,358,true,3,6.1854328260686635e-12
7559,vertical,4.5300000000000002,359,true,3,5.5160516171215292e-11
7560,vertical,4.5300000000000002,360,true,3,2.9873919494448683e-12
7561,vertical,4.5300000000000002,361,true,3,1.0669241908888261e-11
7562,vertical,4.5300000000000002,362,true,3,1.6950424905739031e-11
7563,vertical,4.5300000000000002,363,true,4,4.2201067385950789e-12
7564,vertical,4.5300000000000002,364,true,3,3.9829274959744493e-12
7565,vertical,4.5300000000000002,365,true,3,9.2701512357289008e-12
7566,vertical,4.5300000000000002,366,true,4,1.1077384430855862e-11
7567,vertical,4.5300000000000002,367,true,3,4.5567616642228699e-11
7568,vertical,4.5300000000000002,368,true,3,2.7810825892914598e-11
7569,vertical,4.5300000000000002,369,true,3,1.917307481657281e-11
7570,vertical,4.5300000000000002,370,true,3,6.431251372942171e-12
7571,vertical,4.5300000000000002,371,true,3,1.1125513121751996e-11
7572,vertical,4.5300000000000002,372,true,3,6.5989253267155493e-12
7573,vertical,4.5300000000000002,373,true,2,7.5296694295951024e-11
7574,vertical,4.5300000000000002,374,true,3,3.5767714603247888e-11
7575,vertical,4.5300000000000002,375,true,4,3.7525558030859705e-12
7576,vertical,4.5300000000000002,376,true,3,1.8163704931451282e-11
7577,vertical,4.5300000000000002,377,true,3,9.8740671349527552e-12
7578,vertical,4.5300000000000002,378,true,3,9.804411661582444e-11
7579,vertical,4.5300000000000002,379,true,3,9.0420220098102888e-12
7580,vertical,4.5300000000000002,380,true,3,9.9091952200214078e-12
7581,vertical,4.5300000000000002,381,true,3,2.0898433635682305e-12
7582,vertical,4.5300000000000002,382,true,3,5.223715956800457e-11
7583,vertical,4.5300000000000002,383,true,3,6.7479415030903533e-11
7584,vertical,4.5300000000000002,384,true,3,5.0312186569715582e-12
7585,vertical,4.5300000000000002,385,true,3,2.0639972248248307e-11
7586,vertical,4.5300000000000002,386,true,3,8.4353893821670746e-12
7587,vertical,4.5300000000000002,387,true,3,2.7988045515944714e-12
7588,vertical,4.5300000000000002,388,true,3,9.1480120800550898e-11
7589,vertical,4.5300000000000002,389,true,3,6.1004968067977603e-13
7590,vertical,4.5300000000000002,390,true,2,4.0041797088453552e-11
7591,vertical,4.5300000000000002,391,true,3,1.6517936636606409e-11
7592,vertical,4.5300000000000002,392,true,3,2.034650677215758e-12
7593,vertical,4.5300000000000002,393,true,3,7.6326173094212657e-11
7594,vertical,4.5300000000000002,394,true,4,1.4085428398214129e-11
7595,vertical,4.5300000000000002,395,true,3,4.482737638490049e-12
7596,vertical,4.5300000000000002,396,true,3,2.7505196261537878e-12
7597,vertical,4.5300000000000002,397,true,3,1.0398976061855858e-12
7598,vertical,4.5300000000000002,398,true,3,5.2638620625458501e-13
7599,vertical,4.5300000000000002,399,true,3,1.4295615748101886e-12
7600,vertical,4.5300000000000002,400,true,3,3.7868606309434138e-11
7601,vertical,4.5300000000000002,401,true,4,1.0064362163488902e-11
7602,vertical,4.5300000000000002,402,true,3,1.7830990005394451e-12
7603,vertical,4.5300000000000002,403,true,3,5.374472313715829e-12
7604,vertical,4.5300000000000002,404,true,3,5.3607653095840673e-11
7605,vertical,4.5300000000000002,405,true,3,2.8706982875654947e-11
7606,vertical,4.5300000000000002,406,true,3,2.2728576191513111e-11
7607,vertical,4.5300000000000002,407,true,3,5.7565850324903775e-12
7608,vertical,4.5300000000000002,408,true,4,1.0398960057920207e-11
7609,vertical,4.5300000000000002,409,true,2,9.7850145638374883e-11
7610,vertical,4.5300000000000002,410,true,3,6.932246158263108e-11
7611,vertical,4.5300000000000002,411,true,4,1.3170885023620711e-11
7612,vertical,4.5300000000000002,412,true,3,2.44444368613095e-12
7613,vertical,4.5300000000000002,413,true,3,5.4840240490850742e-12
7614,vertical,4.5300000000000002,414,true,3,9.5135993565748772e-12
7615,vertical,4.5300000000000002,415,true,3,2.1928810241726276e-11
7616,vertical,4.5300000000000002,416,true,3,2.8202983368543608e-11
7617,vertical,4.5300000000000002,417,true,3,6.6478231112994247e-11
7618,vertical,4.5300000000000002,418,true,4,1.0684235861092855e-11
7619,vertical,4.5300000000000002,419,true,3,3.159228618692933e-11
7620,vertical,4.5300000000000002,420,true,3,4.8387971073800528e-12
7621,vertical,4.5300000000000002,421,true,3,3.8243880843022964e-12
7622,vertical,4.5300000000000002,422,true,3,1.9716373970647322e-12
7623,vertical,4.5300000000000002,423,true,3,5.8307166400928881e-11
7624,vertical,4.5300000000000002,424,true,3,1.6454961878392919e-12
7625,vertical,4.5300000000000002,425,true,3,1.4760898297285312e-12
7626,vertical,4.5300000000000002,426,true,4,5.0475941044209599e-12
7627,vertical,4.5300000000000002,427,true,3,2.5225044844585655e-12
7628,vertical,4.5300000000000002,428,true,3,1.1990311655353563e-12
7629,vertical,4.5300000000000002,429,true,4,1.8451364501527177e-11
7630,vertical,4.5300000000000002,430,true,3,4.3838158324959471e-11
7631,vertical,4.5300000000000002,431,true,3,2.8283705157930771e-13
7632,vertical,4.5300000000000002,432,true,3,1.5906654493037486e-11
7633,vertical,4.5300000000000002,433,true,3,4.7933699792700363e-11
7634,vertical,4.5300000000000002,434,true,3,1.0452694141955752e-12
7635,vertical,4.5300000000000002,435,true,3,1.2745288693632863e-12
7636,vertical,4.5300000000000002,436,true,3,1.8474434920599871e-12
7637,vertical,4.5300000000000002,437,true,3,2.8356481499929436e-12
7638,vertical,4.5300000000000002,438,true,2,7.8446572306814198e-11
7639,vertical,4.5300000000000002,439,true,3,7.0214683635441065e-12
7640,vertical,4.5300000000000002,440,true,3,2.3283415525476438e-12
7641,vertical,4.5300000000000002,441,true,3,2.9533904063908813e-11
7642,vertical,4.5300000000000002,442,true,3,6.2890166224874343e-11
7643,vertical,4.5300000000000002,443,true,3,4.8118679286078474e-13
7644,vertical,4.5300000000000002,444,true,3,2.2429388879383521e-11
7645,vertical,4.5300000000000002,445,true,3,3.434684259137893e-12
7646,vertical,4.5300000000000002,446,true,3,2.2538745623168017e-11
7647,vertical,4.5300000000000002,447,true,5,1.9342914412005906e-12
7648,vertical,4.5300000000000002,448,true,3,2.1204266220614503e-12
7649,vertical,4.5300000000000002,449,true,4,9.112578131139896e-12
7650,vertical,4.5300000000000002,450,true,3,3.6650535512385734e-12
7651,vertical,4.5300000000000002,451,true,3,4.1811668678233457e-12
7652,vertical,4.5300000000000002,452,true,3,1.9623821986792422e-12
7653,vertical,4.5300000000000002,453,true,3,7.5392331525839832e-11
7654,vertical,4.5300000000000002,454,true,3,2.2793853152312596e-11
7655,vertical,4.5300000000000002,455,true,3,1.6281367611302798e-11
7656,vertical,4.5300000000000002,456,true,3,4.8733442649206911e-12
7657,vertical,4.5300000000000002,457,true,4,1.6776654012751435e-11
7658,vertical,4.5300000000000002,458,true,4,5.6562068096029983e-11
7659,vertical,4.5300000000000002,459,true,3,9.6839603935029166e-11
7660,vertical,4.5300000000000002,460,true,3,3.2893416466086891e-12
7661,vertical,4.5300000000000002,461,true,3,3.6019900877870237e-12
7662,vertical,4.5300000000000002,462,true,3,6.927643384585611e-12
7663,vertical,4.5300000000000002,463,true,3,3.5930985992418178e-11
7664,vertical,4.5300000000000002,464,true,3,1.0734291283702616e-11
7665,vertical,4.5300000000000002,465,true,2,6.8680377750357577e-11
7666,vertical,4.5300000000000002,466,true,3,4.2595886864838689e-12
7667,vertical,4.5300000000000002,467,true,4,3.0280760372241691e-12
7668,vertical,4.5300000000000002,468,true,3,2.3938762378135939e-11
7669,vertical,4.5300000000000002,469,true,3,2.9121442307614587e-13
7670,vertical,4.5300000000000002,470,true,4,3.6380190797268196e-12
7671,vertical,4.5300000000000002,471,true,3,6.7607016290743991e-12
7672,vertical,4.5300000000000002,472,true,4,2.7509928474883559e-12
7673,vertical,4.5300000000000002,473,true,4,2.674003310953418e-11
7674,vertical,4.5300000000000002,474,true,4,2.9290843017782585e-11
7675,vertical,4.5300000000000002,475,true,4,6.1973072023152433e-11
7676,vertical,4.5300000000000002,476,true,3,9.0618187289376135e-12
7677,vertical,4.5300000000000002,477,true,3,1.1841365089746124e-12
7678,vertical,4.5300000000000002,478,true,3,3.6637361563933784e-12
7679,vertical,4.5300000000000002,479,true,3,6.0760712699585511e-11
7680,vertical,4.5300000000000002,480,true,3,7.1310153200232353e-13
7681,vertical,4.5300000000000002,481,true,3,9.4555499365726664e-11
7682,vertical,4.5300000000000002,482,true,4,1.7114329742119586e-11
7683,vertical,4.5300000000000002,483,true,3,1.6937020771908938e-12
7684,vertical,4.5300000000000002,484,true,3,5.4150407647068956e-12
7685,vertical,4.5300000000000002,485,true,3,1.8527594241485678e-12
7686,vertical,4.5300000000000002,486,true,3,3.0732630674554039e-12
7687,vertical,4.5300000000000002,487,true,3,1.4712689661316419e-11
7688,vertical,4.5300000000000002,488,true,3,1.3025304891850104e-11
7689,vertical,4.5300000000000002,489,true,2,2.633471530123288e-11
7690,vertical,4.5300000000000002,490,true,3,8.9455612152277379e-12
7691,vertical,4.5300000000000002,491,true,3,3.1451431208697472e-11
7692,vertical,4.5300000000000002,492,true,3,1.4556690557315288e-11
7693,vertical,4.5300000000000002,493,true,3,4.5878077883183366e-11
7694,vertical,4.5300000000000002,494,true,3,3.7257559164814878e-12
7695,vertical,4.5300000000000002,495,true,3,2.6490927555973938e-12
7696,vertical,4.5300000000000002,496,true,3,6.2936335776230291e-12
7697,vertical,4.5300000000000002,497,true,3,2.31013489834194e-11
7698,vertical,4.5300000000000002,498,true,3,4.8262227609132394e-12
7699,vertical,4.5300000000000002,499,true,3,2.3387306907553766e-12
7700,vertical,4.5300000000000002,500,true,2,8.1835215183124148e-11
7701,vertical,4.5300000000000002,501,true,3,5.2921696274180475e-12
7702,vertical,4.5300000000000002,502,true,4,3.3953301993745432e-11
7703,vertical,4.5300000000000002,503,true,3,2.4878215300770693e-12
7704,vertical,4.5300000000000002,504,true,4,2.4006909882407616e-11
7705,vertical,4.5300000000000002,505,true,3,3.6629522121864625e-11
7706,vertical,4.5300000000000002,506,true,3,2.5418396297694303e-12
7707,vertical,4.5300000000000002,507,true,3,2.8281228791173472e-11
7708,vertical,4.5300000000000002,508,true,3,2.9837816032729944e-11
7709,vertical,4.5300000000000002,509,true,3,4.5354562732515014e-11
7710,vertical,4.5300000000000002,510,true,3,6.0519915181286725e-12
7711,vertical,4.5300000000000002,511,true,5,7.4146291698768304e-12
7712,vertical,4.5300000000000002,512,true,3,4.9892921125805616e-11
7713,vertical,4.5300000000000002,513,true,2,8.8952706031885885e-11
7714,vertical,4.5300000000000002,514,true,3,1.30731538136974e-11
7715,vertical,4.5300000000000002,515,true,4,1.620870019822123e-11
7716,vertical,4.5300000000000002,516,true,3,8.5316755763797443e-12
7717,vertical,4.5300000000000002,517,true,3,2.2603398330388453e-11
7718,vertical,4.5300000000000002,518,true,4,2.1736257085150419e-12
7719,vertical,4.5300000000000002,519,true,3,1.9445451887688606e-12
7720,vertical,4.5300000000000002,520,true,3,8.8990202057798788e-12
7721,vertical,4.5300000000000002,521,true,2,2.8364465899434524e-11
7722,vertical,4.5300000000000002,522,true,3,7.0639633937140167e-12
7723,vertical,4.5300000000000002,523,true,3,7.4425254007369037e-11
7724,vertical,4.5300000000000002,524,true,4,8.014251757022312e-13
7725,vertical,4.5300000000000002,525,true,3,5.579380664596273e-13
7726,vertical,4.5300000000000002,526,true,4,1.3576535771613381e-11
7727,vertical,4.5300000000000002,527,true,4,2.3716556891052954e-12
7728,vertical,4.5300000000000002,528,true,4,1.1652016390512538e-11
7729,vertical,4.5300000000000002,529,true,3,2.5069278665507472e-12
7730,vertical,4.5300000000000002,530,true,3,4.732139169874369e-11
7731,vertical,4.5300000000000002,531,true,3,6.756609311302084e-12
7732,vertical,4.5300000000000002,532,true,3,5.4260873209581493e-11
7733,vertical,4.5300000000000002,533,true,3,1.314613571505247e-11
7734,vertical,4.5300000000000002,534,true,3,3.1640274312668058e-11
7735,vertical,4.5300000000000002,535,true,3,6.4421277851250442e-12
7736,vertical,4.5300000000000002,536,true,3,2.4979247034192773e-11
7737,vertical,4.5300000000000002,537,true,3,2.1897892772680805e-12
7738,vertical,4.5300000000000002,538,true,3,3.3261754260000006e-11
7739,vertical,4.5300000000000002,539,true,3,3.537899150594694e-12
7740,vertical,4.5300000000000002,540,true,3,1.6646970393118578e-12
7741,vertical,4.5300000000000002,541,true,3,1.8377698097440107e-11
7742,vertical,4.5300000000000002,542,true,3,1.923756428335182e-11
7743,vertical,4.5300000000000002,543,true,3,6.72241234674079e-12
7744,vertical,4.5300000000000002,544,true,3,3.2459425619479624e-12
7745,vertical,4.5300000000000002,545,true,3,6.8460471792529147e-11
7746,vertical,4.5300000000000002,546,true,3,7.9554307802416551e-12
7747,vertical,4.5300000000000002,547,true,4,1.257988998356214e-11
7748,vertical,4.5300000000000002,548,true,3,8.3514496981042512e-12
7749,vertical,4.5300000000000002,549,true,4,4.6231572337778059e-12
7750,vertical,4.5300000000000002,550,true,3,1.6588272258494079e-11
7751,vertical,4.5300000000000002,551,true,3,3.5801019993961315e-12
7752,vertical,4.5300000000000002,552,true,3,1.7533715376752663e-12
7753,vertical,4.5300000000000002,553,true,3,5.1903034055774659e-11
7754,vertical,4.5300000000000002,554,true,3,2.9597577766236996e-13
7755,vertical,4.5300000000000002,555,true,4,1.5901895477805785e-11
7756,vertical,4.5300000000000002,556,true,3,2.1977625972542547e-12
7757,vertical,4.5300000000000002,557,true,3,1.8855943958529705e-11
7758,vertical,4.5300000000000002,558,true,3,4.9757524875908637e-11
7759,vertical,4.5300000000000002,559,true,3,7.5920975058845268e-13
7760,vertical,4.5300000000000002,560,true,3,3.6021372864353042e-11
7761,vertical,4.5300000000000002,561,true,3,4.4035848562673735e-12
7762,vertical,4.5300000000000002,562,true,3,6.0054723072071148e-12
7763,vertical,4.5300000000000002,563,true,3,5.7850900549412311e-11
7764,vertical,4.5300000000000002,564,true,3,2.4763969473806531e-12
7765,vertical,4.5300000000000002,565,true,3,9.3631453989726602e-13
7766,vertical,4.5300000000000002,566,true,4,2.9366599004336325e-12
7767,vertical,4.5300000000000002,567,true,3,1.676831202116737e-11
7768,vertical,4.5300000000000002,568,true,3,3.9914590859642658e-11
7769,vertical,4.5300000000000002,569,true,3,5.5421362988572103e-12
7770,vertical,4.5300000000000002,570,true,3,4.8132034391661547e-12
7771,vertical,4.5300000000000002,571,true,3,5.0534189545537503e-12
7772,vertical,4.5300000000000002,572,true,3,3.3116833769998939e-12
7773,vertical,4.5300000000000002,573,true,3,3.7933133219014047e-13
7774,vertical,4.5300000000000002,574,true,3,2.0260737661273816e-11
7775,vertical,4.5300000000000002,575,true,3,1.9444250548930351e-11
7776,vertical,4.5300000000000002,576,true,3,8.4850769386817211e-12
7777,vertical,4.5300000000000002,577,true,4,1.9615193636592903e-11
7778,vertical,4.5300000000000002,578,true,4,1.6360845549544066e-11
7779,vertical,4.5300000000000002,579,true,3,3.9315800265096124e-12
7780,vertical,4.5300000000000002,580,true,3,2.1214411728263266e-12
7781,vertical,4.5300000000000002,581,true,3,3.9948834723932117e-11
7782,vertical,4.5300000000000002,582,true,3,1.7847001668407258e-11
7783,vertical,4.5300000000000002,583,true,3,1.4729623770581774e-11
7784,vertical,4.5300000000000002,584,true,3,5.923632133104665e-13
7785,vertical,4.5300000000000002,585,true,3,1.5248927216311456e-11
7786,vertical,4.5300000000000002,586,true,3,4.2876250963477322e-12
7787,vertical,4.5300000000000002,587,true,3,9.8852141113367518e-12
7788,vertical,4.5300000000000002,588,true,4,3.0199655642378219e-11
7789,vertical,4.5300000000000002,589,true,4,8.1167241253295508e-12
7790,vertical,4.5300000000000002,590,true,3,5.8656095863672552e-12
7791,vertical,4.5300000000000002,591,true,3,4.6614584172860021e-13
7792,vertical,4.5300000000000002,592,true,3,3.9515938696141745e-12
7793,vertical,4.5300000000000002,593,true,3,8.5074892012618427e-12
7794,vertical,4.5300000000000002,594,true,3,2.1464598591334712e-11
7795,vertical,4.5300000000000002,595,true,3,6.8269499810537379e-11
7796,vertical,4.5300000000000002,596,true,4,1.5821802351002444e-11
7797,vertical,4.5300000000000002,597,true,4,2.7160541620745496e-12
7798,vertical,4.5300000000000002,598,true,3,6.0445280380092423e-11
7799,vertical,4.5300000000000002,599,true,3,7.8828854401951079e-12
7800,vertical,4.5300000000000002,600,true,4,3.2109309695200432e-11
7801,vertical,6.4000000000000004,1,true,3,5.2896870971576481e-12
7802,vertical,6.4000000000000004,2,true,4,1.9913389740457796e-11
7803,vertical,6.4000000000000004,3,true,3,3.7352122801355794e-12
7804,vertical,6.4000000000000004,4,true,4,2.3280606824854826e-11
7805,vertical,6.4000000000000004,5,true,4,7.9344460895769327e-12
7806,vertical,6.4000000000000004,6,true,3,6.0684135342114946e-12
7807,vertical,6.4000000000000004,7,true,4,9.1664119771784155e-12
7808,vertical,6.4000000000000004,8,true,3,2.5578962272551428e-12
7809,vertical,6.4000000000000004,9,true,3,4.7881935166409752e-11
7810,vertical,6.4000000000000004,10,true,3,2.1884848552954523e-11
7811,vertical,6.4000000000000004,11,true,4,4.388905699828371e-12
7812,vertical,6.4000000000000004,12,true,3,7.66798020285078e-11
7813,vertical,6.4000000000000004,13,true,4,5.6889873988998947e-12
7814,vertical,6.4000000000000004,14,true,4,2.5460113357292684e-11
7815,vertical,6.4000000000000004,15,true,4,3.1005479506503904e-11
7816,vertical,6.4000000000000004,16,true,3,7.1601634973763056e-11
7817,vertical,6.4000000000000004,17,true,3,9.9295699502237399e-12
7818,vertical,6.4000000000000004,18,true,3,1.6944380232868103e-11
7819,vertical,6.4000000000000004,19,true,4,1.474259989996903e-11
7820,vertical,6.4000000000000004,20,true,3,4.2695065182989861e-12
7821,vertical,6.4000000000000004,21,true,4,7.9603090782763823e-12
7822,vertical,6.4000000000000004,22,true,4,6.9751242464954727e-12
7823,vertical,6.4000000000000004,23,true,4,1.4247641423304662e-11
7824,vertical,6.4000000000000004,24,true,3,1.0767933046461392e-12
7825,vertical,6.4000000000000004,25,true,4,1.3341507913109487e-11
7826,vertical,6.4000000000000004,26,true,4,3.4739483574871765e-12
7827,vertical,6.4000000000000004,27,true,3,2.8931423080235252e-12
7828,vertical,6.4000000000000004,28,true,3,3.1494742132063621e-11
7829,vertical,6.4000000000000004,29,true,4,2.7240356152078151e-11
7830,vertical,6.4000000000000004,30,true,4,1.6035634817056704e-11
7831,vertical,6.4000000000000004,31,true,4,2.1341053435362005e-11
7832,vertical,6.4000000000000004,32,true,4,2.3714910216970307e-11
7833,vertical,6.4000000000000004,33,true,3,2.9340135244711987e-11
7834,vertical,6.4000000000000004,34,true,3,9.8334890806094803e-12
7835,vertical,6.4000000000000004,35,true,3,2.3366878527742626e-12
7836,vertical,6.4000000000000004,36,true,4,5.7447021323053952e-11
7837,vertical,6.4000000000000004,37,true,4,3.854195690236993e-11
7838,vertical,6.4000000000000004,38,true,4,3.8404023858320467e-11
7839,vertical,6.4000000000000004,39,true,3,2.2663965893804867e-11
7840,vertical,6.4000000000000004,40,true,4,8.0851645028800975e-12
7841,vertical,6.4000000000000004,41,true,4,5.909348608656761e-12
7842,vertical,6.4000000000000004,42,true,3,8.6290872571060178e-12
7843,vertical,6.4000000000000004,43,true,4,1.2800464722514758e-11
7844,vertical,6.4000000000000004,44,true,4,7.5337524380113597e-12
7845,vertical,6.4000000000000004,45,true,3,5.4825170087770018e-11
7846,vertical,6.4000000000000004,46,true,4,9.255504938271505e-12
7847,vertical,6.4000000000000004,47,true,4,4.2488298474589073e-12
7848,vertical,6.4000000000000004,48,true,5,2.2381487155361561e-12
7849,vertical,6.4000000000000004,49,true,3,3.0804509116254256e-11
7850,vertical,6.4000000000000004,50,true,3,2.395540532189594e-11
7851,vertical,6.4000000000000004,51,true,3,7.6487219714183685e-11
7852,vertical,6.4000000000000004,52,true,4,3.1617881415982688e-11
7853,vertical,6.4000000000000004,53,true,3,3.3438007557819162e-11
7854,vertical,6.4000000000000004,54,true,4,4.4088083308940654e-11
7855,vertical,6.4000000000000004,55,true,3,6.3500799591396253e-13
7856,vertical,6.4000000000000004,56,true,3,4.6585011971207297e-11
7857,vertical,6.4000000000000004,57,true,3,3.0929527043238367e-11
7858,vertical,6.4000000000000004,58,true,4,5.6718831079269781e-11
7859,vertical,6.4000000000000004,59,true,3,2.8168465807334964e-11
7860,vertical,6.4000000000000004,60,true,5,2.3025991854247018e-11
7861,vertical,6.4000000000000004,61,true,3,4.4429179793457523e-12
7862,vertical,6.4000000000000004,62,true,3,2.270221108798746e-11
7863,vertical,6.4000000000000004,63,true,3,1.3069661915456483e-12
7864,vertical,6.4000000000000004,64,true,3,7.7406099027646965e-12
7865,vertical,6.4000000000000004,65,true,3,1.0536948764638616e-11
7866,vertical,6.4000000000000004,66,true,4,1.180891782774255e-11
7867,vertical,6.4000000000000004,67,true,3,4.0824550346819713e-12
7868,vertical,6.4000000000000004,68,true,3,1.6436229988803964e-11
7869,vertical,6.4000000000000004,69,true,3,3.7273356091010879e-11
7870,vertical,6.4000000000000004,70,true,3,2.0235138706244814e-11
7871,vertical,6.4000000000000004,71,true,4,6.7596853430203724e-12
7872,vertical,6.4000000000000004,72,true,4,2.6074466632499988e-11
7873,vertical,6.4000000000000004,73,true,3,2.2167424536020416e-11
7874,vertical,6.4000000000000004,74,true,4,3.8467195249045458e-11
7875,vertical,6.4000000000000004,75,true,4,9.7642601401119612e-12
7876,vertical,6.4000000000000004,76,true,2,5.3178646132799651e-11
7877,vertical,6.4000000000000004,77,true,3,1.6771197964616682e-12
7878,vertical,6.4000000000000004,78,true,4,7.5720519014563e-11
7879,vertical,6.4000000000000004,79,true,3,4.4014521298849915e-12
7880,vertical,6.4000000000000004,80,true,4,1.5462795895545606e-11
7881,vertical,6.4000000000000004,81,true,3,5.8770364491235037e-12
7882,vertical,6.4000000000000004,82,true,3,7.2935195953146721e-11
7883,vertical,6.4000000000000004,83,true,3,1.2005868113958001e-11
7884,vertical,6.4000000000000004,84,true,4,1.9309419620320219e-11
7885,vertical,6.4000000000000004,85,true,5,1.00976949740621e-12
7886,vertical,6.4000000000000004,86,true,4,2.9872116963662579e-11
7887,vertical,6.4000000000000004,87,true,4,1.3400012109130304e-11
7888,vertical,6.4000000000000004,88,true,4,6.8063037515667131e-12
7889,vertical,6.4000000000000004,89,true,4,6.7526720370694017e-11
7890,vertical,6.4000000000000004,90,true,3,4.0925464149802616e-11
7891,vertical,6.4000000000000004,91,true,4,1.7340571749556551e-12
7892,vertical,6.4000000000000004,92,true,4,4.9285927179702577e-12
7893,vertical,6.4000000000000004,93,true,5,3.6925850185814146e-12
7894,vertical,6.4000000000000004,94,true,3,6.6954849519524277e-11
7895,vertical,6.4000000000000004,95,true,3,1.3557687987532841e-11
7896,vertical,6.4000000000000004,96,true,3,3.4153202864525381e-11
7897,vertical,6.4000000000000004,97,true,3,1.376043900570062e-11
7898,vertical,6.4000000000000004,98,true,4,9.7489146017352222e-11
7899,vertical,6.4000000000000004,99,true,3,8.1590824859921271e-12
7900,vertical,6.4000000000000004,100,true,4,1.6519017631986308e-11
7901,vertical,6.4000000000000004,101,true,4,2.821546267076065e-12
7902,vertical,6.4000000000000004,102,true,4,2.3821102372223881e-11
7903,vertical,6.4000000000000004,103,true,4,2.155520333543267e-11
7904,vertical,6.4000000000000004,104,true,3,9.0068287219365176e-11
7905,vertical,6.4000000000000004,105,true,3,5.0588206931206467e-11
7906,vertical,6.4000000000000004,106,true,3,7.1139341817369023e-11
7907,vertical,6.4000000000000004,107,true,4,3.1558011839223455e-12
7908,vertical,6.4000000000000004,108,true,4,6.8119998113237685e-12
7909,vertical,6.4000000000000004,109,true,4,9.8816982584507942e-12
7910,vertical,6.4000000000000004,110,true,3,1.990506593002762e-11
7911,vertical,6.4000000000000004,111,true,4,5.2002572680982565e-11
7912,vertical,6.4000000000000004,112,true,4,5.2983665411825739e-11
7913,vertical,6.4000000000000004,113,true,3,1.1848197304969786e-11
7914,vertical,6.4000000000000004,114,true,4,6.0193977093214937e-12
7915,vertical,6.4000000000000004,115,true,3,1.2523668958351751e-11
7916,vertical,6.4000000000000004,116,true,3,1.2342564888688953e-11
7917,vertical,6.4000000000000004,117,true,4,4.5156052514196295e-11
7918,vertical,6.4000000000000004,118,true,3,9.2610813399701196e-11
7919,vertical,6.4000000000000004,119,true,4,3.2386968899361555e-11
7920,vertical,6.4000000000000004,120,true,3,2.61376411786162e-11
7921,vertical,6.4000000000000004,121,true,4,8.6075995765010981e-12
7922,vertical,6.4000000000000004,122,true,4,7.8420103518944928e-11
7923,vertical,6.4000000000000004,123,true,5,3.4062695616508231e-12
7924,vertical,6.4000000000000004,124,true,4,1.4360057826558552e-11
7925,vertical,6.4000000000000004,125,true,3,5.9471235978116402e-12
7926,vertical,6.4000000000000004,126,true,4,2.1276836726224281e-11
7927,vertical,6.4000000000000004,127,true,3,3.4822900988983676e-12
7928,vertical,6.4000000000000004,128,true,4,6.515356072982874e-12
7929,vertical,6.4000000000000004,129,true,4,5.3955338710400771e-12
7930,vertical,6.4000000000000004,130,true,3,1.590155366381113e-12
7931,vertical,6.4000000000000004,131,true,4,1.5511071205717011e-12
7932,vertical,6.4000000000000004,132,true,3,3.8029983295790475e-11
7933,vertical,6.4000000000000004,133,true,4,2.1046167663246187e-12
7934,vertical,6.4000000000000004,134,true,4,5.7883246106636852e-12
7935,vertical,6.4000000000000004,135,true,4,5.3570665887114441e-11
7936,vertical,6.4000000000000004,136,true,4,6.8751082560407845e-12
7937,vertical,6.4000000000000004,137,true,3,7.2267629605544412e-12
7938,vertical,6.4000000000000004,138,true,3,5.6943555765831428e-11
7939,vertical,6.4000000000000004,139,true,5,2.5016371251481738e-12
7940,vertical,6.4000000000000004,140,true,4,3.6699183073518117e-12
7941,vertical,6.4000000000000004,141,true,4,4.2530060217344139e-11
7942,vertical,6.4000000000000004,142,true,3,1.0393357394874506e-11
7943,vertical,6.4000000000000004,143,true,3,7.8772648286650969e-11
7944,vertical,6.4000000000000004,144,true,4,7.5642466019997672e-12
7945,vertical,6.4000000000000004,145,true,3,2.7452848692853295e-11
7946,vertical,6.4000000000000004,146,true,4,1.5719403793507931e-11
7947,vertical,6.4000000000000004,147,true,3,8.8265700172601505e-11
7948,vertical,6.4000000000000004,148,true,3,9.4026508155514309e-11
7949,vertical,6.4000000000000004,149,true,4,5.23213284929703e-12
7950,vertical,6.4000000000000004,150,true,5,1.2302851447324632e-12
7951,vertical,6.4000000000000004,151,true,3,2.1728452698225918e-11
7952,vertical,6.4000000000000004,152,true,5,6.0349710968330901e-12
7953,vertical,6.4000000000000004,153,true,4,8.3770586007453601e-13
7954,vertical,6.4000000000000004,154,true,4,8.963089882834538e-11
7955,vertical,6.4000000000000004,155,true,4,7.2563399524030426e-12
7956,vertical,6.4000000000000004,156,true,4,2.3484011208395859e-12
7957,vertical,6.4000000000000004,157,true,3,8.935274092391446e-11
7958,vertical,6.4000000000000004,158,true,4,3.0417881574779299e-12
7959,vertical,6.4000000000000004,159,true,3,7.6678930998037081e-13
7960,vertical,6.4000000000000004,160,true,3,8.31256516919131e-12
7961,vertical,6.4000000000000004,161,true,3,2.4107710964659931e-11
7962,vertical,6.4000000000000004,162,true,3,2.0847213397930018e-11
7963,vertical,6.4000000000000004,163,true,4,2.3725731476259521e-12
7964,vertical,6.4000000000000004,164,true,4,2.1809358251390048e-11
7965,vertical,6.4000000000000004,165,true,3,1.0964707132353097e-11
7966,vertical,6.4000000000000004,166,true,3,3.9803701246359266e-12
7967,vertical,6.4000000000000004,167,true,3,1.1517139205859399e-11
7968,vertical,6.4000000000000004,168,true,4,1.088828333099969e-11
7969,vertical,6.4000000000000004,169,true,4,2.0019403349445571e-11
7970,vertical,6.4000000000000004,170,true,4,8.5825058051012745e-12
7971,vertical,6.4000000000000004,171,true,3,6.8963356575995389e-12
7972,vertical,6.4000000000000004,172,true,4,2.4954705776985742e-12
7973,vertical,6.4000000000000004,173,true,3,9.3743826912366408e-12
7974,vertical,6.4000000000000004,174,true,3,1.4918659765922725e-11
7975,vertical,6.4000000000000004,175,true,4,3.0285015578422294e-11
7976,vertical,6.4000000000000004,176,true,4,2.8113912857680209e-11
7977,vertical,6.4000000000000004,177,true,3,3.6563009828603103e-12
7978,vertical,6.4000000000000004,178,true,3,3.3840057249132083e-11
7979,vertical,6.4000000000000004,179,true,4,2.6635774941135665e-11
7980,vertical,6.4000000000000004,180,true,3,8.6796242412125152e-11
7981,vertical,6.4000000000000004,181,true,5,6.1483666711436679e-12
7982,vertical,6.4000000000000004,182,true,4,7.5377237329309504e-12
7983,vertical,6.4000000000000004,183,true,3,1.906658811633335e-11
7984,vertical,6.4000000000000004,184,true,4,1.7554660704027781e-11
7985,vertical,6.4000000000000004,185,true,3,2.7396900963445565e-12
7986,vertical,6.4000000000000004,186,true,3,2.1451614228300258e-11
7987,vertical,6.4000000000000004,187,true,3,5.3895985824252159e-11
7988,vertical,6.4000000000000004,188,true,5,1.7105403360417186e-12
7989,vertical,6.4000000000000004,189,true,3,1.813816841841741e-11
7990,vertical,6.4000000000000004,190,true,3,3.0655588606771288e-11
7991,vertical,6.4000000000000004,191,true,3,5.7449178201608062e-11
7992,vertical,6.4000000000000004,192,true,3,1.9548539701382724e-12
7993,vertical,6.4000000000000004,193,true,3,9.1815778848910949e-11
7994,vertical,6.4000000000000004,194,true,3,3.4288480268348997e-11
7995,vertical,6.4000000000000004,195,true,4,8.0012181407019871e-11
7996,vertical,6.4000000000000004,196,true,3,9.1518373356426709e-12
7997,vertical,6.4000000000000004,197,true,4,5.5956130610746959e-12
7998,vertical,6.4000000000000004,198,true,4,9.8879485017496316e-12
7999,vertical,6.4000000000000004,199,true,4,1.0705960300336059e-11
8000,vertical,6.4000000000000004,200,true,4,2.3381577897018721e-12
8001,vertical,6.4000000000000004,201,true,4,2.6868638633377501e-12
8002,vertical,6.4000000000000004,202,true,3,5.9742810263163103e-11
8003,vertical,6.4000000000000004,203,true,3,4.5494025911666397e-11
8004,vertical,6.4000000000000004,204,true,3,7.9735241779216461e-12
8005,vertical,6.4000000000000004,205,true,3,4.5124183349256262e-11
8006,vertical,6.4000000000000004,206,true,3,4.0746798260411548e-11
8007,vertical,6.4000000000000004,207,true,4,8.7253584558380689e-12
8008,vertical,6.4000000000000004,208,true,5,1.3230472935034659e-11
8009,vertical,6.4000000000000004,209,true,4,9.4959377370416393e-12
8010,vertical,6.4000000000000004,210,true,4,2.355687783553125e-11
8011,vertical,6.4000000000000004,211,true,3,3.2716375863853975e-13
8012,vertical,6.4000000000000004,212,true,3,2.322168691113419e-12
8013,vertical,6.4000000000000004,213,true,4,9.4648870138887364e-12
8014,vertical,6.4000000000000004,214,true,5,1.8583375136458365e-11
8015,vertical,6.4000000000000004,215,true,3,5.3506963943500478e-11
8016,vertical,6.4000000000000004,216,true,3,1.0615330490924193e-11
8017,vertical,6.4000000000000004,217,true,4,9.2295237362726561e-11
8018,vertical,6.4000000000000004,218,true,3,1.9111738924148773e-11
8019,vertical,6.4000000000000004,219,true,4,2.0439038649843739e-11
8020,vertical,6.4000000000000004,220,true,3,8.9565336366721716e-12
8021,vertical,6.4000000000000004,221,true,4,1.9810749269563751e-11
8022,vertical,6.4000000000000004,222,true,5,5.6761145966490828e-12
8023,vertical,6.4000000000000004,223,true,4,2.6812799744291227e-11
8024,vertical,6.4000000000000004,224,true,3,5.1810976841452827e-12
8025,vertical,6.4000000000000004,225,true,4,8.3731130980319659e-12
8026,vertical,6.4000000000000004,226,true,4,1.2503212374692368e-12
8027,vertical,6.4000000000000004,227,true,4,2.4055581242352172e-12
8028,vertical,6.4000000000000004,228,true,4,4.1612654914999334e-11
8029,vertical,6.4000000000000004,229,true,3,1.9521271008912318e-12
8030,vertical,6.4000000000000004,230,true,3,7.5636747851470305e-11
8031,vertical,6.4000000000000004,231,true,4,2.5114766642043748e-11
8032,vertical,6.4000000000000004,232,true,3,8.3840477104552723e-11
8033,vertical,6.4000000000000004,233,true,3,3.3131996902429551e-11
8034,vertical,6.4000000000000004,234,true,3,9.8670606419103321e-12
8035,vertical,6.4000000000000004,235,true,4,4.2125028268851944e-12
8036,vertical,6.4000000000000004,236,true,2,4.463575781556533e-11
8037,vertical,6.4000000000000004,237,true,3,8.1180047634666428e-12
8038,vertical,6.4000000000000004,238,true,4,3.6682955376442216e-11
8039,vertical,6.4000000000000004,239,true,3,2.2909335581062194e-11
8040,vertical,6.4000000000000004,240,true,4,1.359119308746266e-11
8041,vertical,6.4000000000000004,241,true,3,2.6118715851125369e-11
8042,vertical,6.4000000000000004,242,true,3,1.4996161676931837e-11
8043,vertical,6.4000000000000004,243,true,3,3.6611322482879223e-11
8044,vertical,6.4000000000000004,244,true,3,2.9824317016048135e-11
8045,vertical,6.4000000000000004,245,true,4,6.7303462469295865e-12
8046,vertical,6.4000000000000004,246,true,3,3.8514665293768444e-12
8047,vertical,6.4000000000000004,247,true,3,8.5259349980695166e-11
8048,vertical,6.4000000000000004,248,true,3,6.2144617004511017e-11
8049,vertical,6.4000000000000004,249,true,3,2.8807920627427571e-11
8050,vertical,6.4000000000000004,250,true,3,2.9104043523389294e-11
8051,vertical,6.4000000000000004,251,true,3,1.2930296019556833e-11
8052,vertical,6.4000000000000004,252,true,3,7.1109029017743337e-11
8053,vertical,6.4000000000000004,253,true,3,8.0776349049792971e-12
8054,vertical,6.4000000000000004,254,true,4,6.2856018347699094e-12
8055,vertical,6.4000000000000004,255,true,3,5.8550621700856223e-11
8056,vertical,6.4000000000000004,256,true,4,4.6654405051364121e-11
8057,vertical,6.4000000000000004,257,true,4,9.1562981407954337e-11
8058,vertical,6.4000000000000004,258,true,5,3.1054444882033046e-12
8059,vertical,6.4000000000000004,259,true,3,1.6325665825120292e-12
8060,vertical,6.4000000000000004,260,true,3,1.8409542885572253e-11
8061,vertical,6.4000000000000004,261,true,3,3.2235554898424621e-11
8062,vertical,6.4000000000000004,262,true,3,4.4121412227310505e-11
8063,vertical,6.4000000000000004,263,true,5,4.1093897610808977e-12
8064,vertical,6.4000000000000004,264,true,3,3.2074924548623545e-11
8065,vertical,6.4000000000000004,265,true,3,9.9551729593715904e-12
8066,vertical,6.4000000000000004,266,true,4,3.0609007849281711e-12
8067,vertical,6.4000000000000004,267,true,3,2.5349980019552196e-13
8068,vertical,6.4000000000000004,268,true,3,3.7150459522151444e-11
8069,vertical,6.4000000000000004,269,true,3,7.0834047392453767e-11
8070,vertical,6.4000000000000004,270,true,4,6.7939620177871905e-11
8071,vertical,6.4000000000000004,271,true,3,6.7960251686729713e-11
8072,vertical,6.4000000000000004,272,true,5,2.1099536442946494e-12
8073,vertical,6.4000000000000004,273,true,4,1.2527221541951762e-11
8074,vertical,6.4000000000000004,274,true,3,3.2943441651151273e-11
8075,vertical,6.4000000000000004,275,true,3,3.7724180956186564e-12
8076,vertical,6.4000000000000004,276,true,3,2.178175702931819e-11
8077,vertical,6.4000000000000004,277,true,3,4.0397389371023846e-11
8078,vertical,6.4000000000000004,278,true,4,1.1285874142557693e-11
8079,vertical,6.4000000000000004,279,true,3,2.9952313509502556e-12
8080,vertical,6.4000000000000004,280,true,4,8.7429193651428777e-12
8081,vertical,6.4000000000000004,281,true,4,9.6262219704072728e-12
8082,vertical,6.4000000000000004,282,true,3,2.9556145657677692e-11
8083,vertical,6.4000000000000004,283,true,4,5.5703498425023623e-13
8084,vertical,6.4000000000000004,284,true,4,3.5743981688618206e-12
8085,vertical,6.4000000000000004,285,true,3,6.0268018620591371e-11
8086,vertical,6.4000000000000004,286,true,4,1.2372192606372944e-11
8087,vertical,6.4000000000000004,287,true,4,5.1127608829822031e-12
8088,vertical,6.4000000000000004,288,true,3,1.1855143505994716e-11
8089,vertical,6.4000000000000004,289,true,4,1.3351646756029042e-11
8090,vertical,6.4000000000000004,290,true,4,1.4200857877490814e-11
8091,vertical,6.4000000000000004,291,true,3,1.6652836165370337e-11
8092,vertical,6.4000000000000004,292,true,3,9.6551633485552323e-12
8093,vertical,6.4000000000000004,293,true,3,5.0798534567760173e-11
8094,vertical,6.4000000000000004,294,true,3,8.0448265217525835e-11
8095,vertical,6.4000000000000004,295,true,3,2.5000165432431999e-12
8096,vertical,6.4000000000000004,296,true,3,3.7368429485355556e-12
8097,vertical,6.4000000000000004,297,true,3,6.0960772372659996e-12
8098,vertical,6.4000000000000004,298,true,4,1.8343371678576083e-11
8099,vertical,6.4000000000000004,299,true,3,1.4596996537477406e-11
8100,vertical,6.4000000000000004,300,true,4,9.0959560280918142e-12
8101,vertical,6.4000000000000004,301,true,3,3.2459503837693213e-11
8102,vertical,6.4000000000000004,302,true,5,2.0494960401897141e-12
8103,vertical,6.4000000000000004,303,true,4,3.5885273811572816e-11
8104,vertical,6.4000000000000004,304,true,3,6.6982402991697222e-11
8105,vertical,6.4000000000000004,305,true,4,7.8865107152578486e-11
8106,vertical,6.4000000000000004,306,true,3,2.2083968949578782e-11
8107,vertical,6.4000000000000004,307,true,3,3.9253471063724276e-11
8108,vertical,6.4000000000000004,308,true,3,2.38936480333231e-11
8109,vertical,6.4000000000000004,309,true,3,3.4439388938527054e-11
8110,vertical,6.4000000000000004,310,true,4,3.2709179235706725e-11
8111,vertical,6.4000000000000004,311,true,4,1.8780454777207119e-11
8112,vertical,6.4000000000000004,312,true,3,1.6842095121831023e-11
8113,vertical,6.4000000000000004,313,true,4,2.5074555275171376e-11
8114,vertical,6.4000000000000004,314,true,3,1.5806881676993262e-11
8115,vertical,6.4000000000000004,315,true,4,4.680745580964498e-11
8116,vertical,6.4000000000000004,316,true,3,8.6704269878854777e-11
8117,vertical,6.4000000000000004,317,true,3,6.6576148126744336e-12
8118,vertical,6.4000000000000004,318,true,5,1.0427592717306303e-11
8119,vertical,6.4000000000000004,319,true,4,4.1983499656528054e-11
8120,vertical,6.4000000000000004,320,true,4,2.2485712237007503e-11
8121,vertical,6.4000000000000004,321,true,3,2.0972451360588708e-11
8122,vertical,6.4000000000000004,322,true,4,1.3378007782335647e-11
8123,vertical,6.4000000000000004,323,true,4,6.4568393395099481e-12
8124,vertical,6.4000000000000004,324,true,3,3.7418843638053775e-11
8125,vertical,6.4000000000000004,325,true,3,9.7799843332553044e-11
8126,vertical,6.4000000000000004,326,true,4,1.0018964794330258e-11
8127,vertical,6.4000000000000004,327,true,3,6.9470952591947029e-11
8128,vertical,6.4000000000000004,328,true,3,7.2507236729088958e-11
8129,vertical,6.4000000000000004,329,true,3,7.0389612807824211e-12
8130,vertical,6.4000000000000004,330,true,4,2.9848791127740609e-11
8131,vertical,6.4000000000000004,331,true,3,6.0236769620480858e-13
8132,vertical,6.4000000000000004,332,true,5,2.3185470497581454e-12
8133,vertical,6.4000000000000004,333,true,4,1.6885705878835405e-12
8134,vertical,6.4000000000000004,334,true,3,8.1143364008017003e-11
8135,vertical,6.4000000000000004,335,true,3,7.7341495150286453e-12
8136,vertical,6.4000000000000004,336,true,4,6.5969698265115069e-11
8137,vertical,6.4000000000000004,337,true,3,8.5241992081960164e-11
8138,vertical,6.4000000000000004,338,true,4,4.3107990712879939e-12
8139,vertical,6.4000000000000004,339,true,4,8.7209759618617534e-12
8140,vertical,6.4000000000000004,340,true,4,1.7456211884221376e-11
8141,vertical,6.4000000000000004,341,true,4,1.7379637538144552e-11
8142,vertical,6.4000000000000004,342,true,5,4.7938308541591417e-12
8143,vertical,6.4000000000000004,343,true,4,5.6446683959191266e-12
8144,vertical,6.4000000000000004,344,true,3,9.5778419877069261e-11
8145,vertical,6.4000000000000004,345,true,3,2.553526371481093e-11
8146,vertical,6.4000000000000004,346,true,4,2.5815068350548426e-11
8147,vertical,6.4000000000000004,347,true,3,2.6627431895434554e-12
8148,vertical,6.4000000000000004,348,true,3,2.0510388499940333e-11
8149,vertical,6.4000000000000004,349,true,3,1.341780551972734e-11
8150,vertical,6.4000000000000004,350,true,4,1.2261102951105571e-11
8151,vertical,6.4000000000000004,351,true,4,5.6260324570277909e-12
8152,vertical,6.4000000000000004,352,true,3,1.0292559419378761e-11
8153,vertical,6.4000000000000004,353,true,4,3.3557019391147663e-12
8154,vertical,6.4000000000000004,354,true,3,8.6370039207113189e-11
8155,vertical,6.4000000000000004,355,true,3,4.2065627472574377e-11
8156,vertical,6.4000000000000004,356,true,3,5.6621852197370894e-11
8157,vertical,6.4000000000000004,357,true,4,3.2158906513521308e-11
8158,vertical,6.4000000000000004,358,true,3,3.5193487706562047e-11
8159,vertical,6.4000000000000004,359,true,4,2.3157364333985127e-11
8160,vertical,6.4000000000000004,360,true,3,1.7191886659296178e-11
8161,vertical,6.4000000000000004,361,true,3,6.0258632073292796e-11
8162,vertical,6.4000000000000004,362,true,3,9.7253578242383317e-11
8163,vertical,6.4000000000000004,363,true,4,3.2798986856740599e-11
8164,vertical,6.4000000000000004,364,true,3,2.263522465685143e-11
8165,vertical,6.4000000000000004,365,true,3,6.8795460561251507e-11
8166,vertical,6.4000000000000004,366,true,4,8.8675339608398205e-11
8167,vertical,6.4000000000000004,367,true,4,8.7202238792981185e-12
8168,vertical,6.4000000000000004,368,true,4,7.2081485872064475e-12
8169,vertical,6.4000000000000004,369,true,4,6.0083867101270863e-12
8170,vertical,6.4000000000000004,370,true,3,3.6322849213860084e-11
8171,vertical,6.4000000000000004,371,true,3,6.2695835111253214e-11
8172,vertical,6.4000000000000004,372,true,3,3.746172506713856e-11
8173,vertical,6.4000000000000004,373,true,3,1.1112664495921938e-11
8174,vertical,6.4000000000000004,374,true,4,5.2759140425932037e-12
8175,vertical,6.4000000000000004,375,true,4,3.0061380083977294e-11
8176,vertical,6.4000000000000004,376,true,4,8.8451047430986757e-12
8177,vertical,6.4000000000000004,377,true,3,5.5668451213013287e-11
8178,vertical,6.4000000000000004,378,true,4,3.3139198597169495e-11
8179,vertical,6.4000000000000004,379,true,3,5.1777726588030361e-11
8180,vertical,6.4000000000000004,380,true,3,6.0346820771079016e-11
8181,vertical,6.4000000000000004,381,true,3,1.1951680710589908e-11
8182,vertical,6.4000000000000004,382,true,4,7.9026141722382179e-11
8183,vertical,6.4000000000000004,383,true,4,2.4370038775169665e-11
8184,vertical,6.4000000000000004,384,true,3,3.1618283228755468e-11
8185,vertical,6.4000000000000004,385,true,4,4.6692232339029215e-12
8186,vertical,6.4000000000000004,386,true,3,5.0030458658334096e-11
8187,vertical,6.4000000000000004,387,true,3,1.5959511074987375e-11
8188,vertical,6.4000000000000004,388,true,4,7.7937914595723136e-11
8189,vertical,6.4000000000000004,389,true,3,3.7027980184231512e-12
8190,vertical,6.4000000000000004,390,true,3,4.7677117009625877e-12
8191,vertical,6.4000000000000004,391,true,3,9.2982012463803359e-11
8192,vertical,6.4000000000000004,392,true,3,1.4470890644315762e-11
8193,vertical,6.4000000000000004,393,true,4,2.4332293489367525e-11
8194,vertical,6.4000000000000004,394,true,5,1.6588963711255487e-12
8195,vertical,6.4000000000000004,395,true,3,2.5628869901918435e-11
8196,vertical,6.4000000000000004,396,true,3,1.5768624564779039e-11
8197,vertical,6.4000000000000004,397,true,3,6.9140040783703173e-12
8198,vertical,6.4000000000000004,398,true,3,3.2731628182707453e-12
8199,vertical,6.4000000000000004,399,true,3,9.8462531320940364e-12
8200,vertical,6.4000000000000004,400,true,4,4.5470101991937858e-12
8201,vertical,6.4000000000000004,401,true,4,8.2093284769445907e-11
8202,vertical,6.4000000000000004,402,true,3,1.0197395226874022e-11
8203,vertical,6.4000000000000004,403,true,3,3.0576502318288465e-11
8204,vertical,6.4000000000000004,404,true,4,1.0290777366180099e-11
8205,vertical,6.4000000000000004,405,true,4,2.492607855068383e-12
8206,vertical,6.4000000000000004,406,true,4,4.297307349215267e-12
8207,vertical,6.4000000000000004,407,true,3,3.8219073420960744e-11
8208,vertical,6.4000000000000004,408,true,4,8.159780963809222e-11
8209,vertical,6.4000000000000004,409,true,3,1.8410675755311523e-12
8210,vertical,6.4000000000000004,410,true,4,3.1606022132501738e-11
8211,vertical,6.4000000000000004,411,true,5,1.0904415486000279e-12
8212,vertical,6.4000000000000004,412,true,3,1.7374926280740309e-11
8213,vertical,6.4000000000000004,413,true,3,3.0988078866379109e-11
8214,vertical,6.4000000000000004,414,true,3,5.4571690630103066e-11
8215,vertical,6.4000000000000004,415,true,4,4.0174707570990933e-12
8216,vertical,6.4000000000000004,416,true,4,2.6430811104943325e-12
8217,vertical,6.4000000000000004,417,true,4,1.4711002383618848e-11
8218,vertical,6.4000000000000004,418,true,4,8.5412439417590459e-11
8219,vertical,6.4000000000000004,419,true,4,2.7793548234978608e-12
8220,vertical,6.4000000000000004,420,true,3,3.1801385991626685e-11
8221,vertical,6.4000000000000004,421,true,3,2.1870595900875208e-11
8222,vertical,6.4000000000000004,422,true,3,1.0980396965881939e-11
8223,vertical,6.4000000000000004,423,true,4,1.3521738712318871e-11
8224,vertical,6.4000000000000004,424,true,3,9.7647749784414605e-12
8225,vertical,6.4000000000000004,425,true,3,8.3174556022642517e-12
8226,vertical,6.4000000000000004,426,true,4,3.9779978998952477e-11
8227,vertical,6.4000000000000004,427,true,3,1.4313183289570205e-11
8228,vertical,6.4000000000000004,428,true,3,7.9437840784154076e-12
8229,vertical,6.4000000000000004,429,true,5,1.6002229846377179e-12
8230,vertical,6.4000000000000004,430,true,4,2.975148618769293e-12
8231,vertical,6.4000000000000004,431,true,3,1.5967959314643786e-12
8232,vertical,6.4000000000000004,432,true,3,9.0006292969527565e-11
8233,vertical,6.4000000000000004,433,true,4,2.943303252785895e-11
8234,vertical,6.4000000000000004,434,true,3,6.0898654754947905e-12
8235,vertical,6.4000000000000004,435,true,3,7.7384797714654373e-12
8236,vertical,6.4000000000000004,436,true,3,1.0470493121219471e-11
8237,vertical,6.4000000000000004,437,true,3,1.5964532320112895e-11
8238,vertical,6.4000000000000004,438,true,3,5.4874224790876668e-12
8239,vertical,6.4000000000000004,439,true,3,3.9541746511756204e-11
8240,vertical,6.4000000000000004,440,true,3,1.3124358184135215e-11
8241,vertical,6.4000000000000004,441,true,4,2.3937613952272644e-11
8242,vertical,6.4000000000000004,442,true,4,5.4259148680094e-11
8243,vertical,6.4000000000000004,443,true,3,2.9810307343526439e-12
8244,vertical,6.4000000000000004,444,true,4,6.6842481540799331e-12
8245,vertical,6.4000000000000004,445,true,3,1.9350196591185198e-11
8246,vertical,6.4000000000000004,446,true,4,1.2343566714369821e-11
8247,vertical,6.4000000000000004,447,true,5,2.7959989979701117e-11
8248,vertical,6.4000000000000004,448,true,3,1.1908126150213207e-11
8249,vertical,6.4000000000000004,449,true,4,7.2872375077084791e-11
8250,vertical,6.4000000000000004,450,true,3,2.0725794923276971e-11
8251,vertical,6.4000000000000004,451,true,3,2.4177751274456706e-11
8252,vertical,6.4000000000000004,452,true,3,1.1087809676656312e-11
8253,vertical,6.4000000000000004,453,true,4,6.8355601186463116e-11
8254,vertical,6.4000000000000004,454,true,4,9.3750030650019399e-12
8255,vertical,6.4000000000000004,455,true,3,9.1792635860072974e-11
8256,vertical,6.4000000000000004,456,true,3,2.8973150086795881e-11
8257,vertical,6.4000000000000004,457,true,5,1.0605476599707852e-11
8258,vertical,6.4000000000000004,458,true,5,4.1592753330706027e-12
8259,vertical,6.4000000000000004,459,true,4,8.6468214142434029e-11
8260,vertical,6.4000000000000004,460,true,3,1.9401443016290406e-11
8261,vertical,6.4000000000000004,461,true,3,2.0846397013858799e-11
8262,vertical,6.4000000000000004,462,true,3,4.1104639131058032e-11
8263,vertical,6.4000000000000004,463,true,4,1.6351676378755458e-11
8264,vertical,6.4000000000000004,464,true,3,7.4700856855966964e-11
8265,vertical,6.4000000000000004,465,true,3,1.1590099105992206e-12
8266,vertical,6.4000000000000004,466,true,3,2.3984619761573449e-11
8267,vertical,6.4000000000000004,467,true,4,2.4261621228249346e-11
8268,vertical,6.4000000000000004,468,true,4,2.9192673547020262e-12
8269,vertical,6.4000000000000004,469,true,3,1.3141333898906086e-12
8270,vertical,6.4000000000000004,470,true,4,2.8742585322319202e-11
8271,vertical,6.4000000000000004,471,true,3,3.8084727694198903e-11
8272,vertical,6.4000000000000004,472,true,4,2.1932160206997181e-11
8273,vertical,6.4000000000000004,473,true,5,2.7392955343261784e-12
8274,vertical,6.4000000000000004,474,true,5,2.5469571831134029e-12
8275,vertical,6.4000000000000004,475,true,5,6.4225550385021422e-12
8276,vertical,6.4000000000000004,476,true,3,5.5267817762914547e-11
8277,vertical,6.4000000000000004,477,true,3,6.6334500099228531e-12
8278,vertical,6.4000000000000004,478,true,3,2.100928629645363e-11
8279,vertical,6.4000000000000004,479,true,4,1.3734955673940232e-11
8280,vertical,6.4000000000000004,480,true,3,4.1000876991911155e-12
8281,vertical,6.4000000000000004,481,true,4,3.6151657800456171e-11
8282,vertical,6.4000000000000004,482,true,5,2.3951781369804797e-12
8283,vertical,6.4000000000000004,483,true,3,9.5454709721440417e-12
8284,vertical,6.4000000000000004,484,true,3,3.0608928082708413e-11
8285,vertical,6.4000000000000004,485,true,3,1.1223133882035898e-11
8286,vertical,6.4000000000000004,486,true,3,1.7340641522922532e-11
8287,vertical,6.4000000000000004,487,true,3,8.3491727004965277e-11
8288,vertical,6.4000000000000004,488,true,3,7.410001031717955e-11
8289,vertical,6.4000000000000004,489,true,3,1.8916976238277671e-12
8290,vertical,6.4000000000000004,490,true,3,7.1163590571071608e-11
8291,vertical,6.4000000000000004,491,true,4,3.3378521048374305e-12
8292,vertical,6.4000000000000004,492,true,4,3.7273065699449561e-12
8293,vertical,6.4000000000000004,493,true,4,1.3590134157331998e-11
8294,vertical,6.4000000000000004,494,true,3,2.1055682308326809e-11
8295,vertical,6.4000000000000004,495,true,3,1.520571741035606e-11
8296,vertical,6.4000000000000004,496,true,3,3.9201251714943198e-11
8297,vertical,6.4000000000000004,497,true,4,8.1780570445571527e-13
8298,vertical,6.4000000000000004,498,true,3,2.7538231049685921e-11
8299,vertical,6.4000000000000004,499,true,3,1.3342474644892356e-11
8300,vertical,6.4000000000000004,500,true,3,1.212103903497014e-12
8301,vertical,6.4000000000000004,501,true,3,3.0119977032804673e-11
8302,vertical,6.4000000000000004,502,true,5,3.900184206008949e-12
8303,vertical,6.4000000000000004,503,true,3,1.4037008497115771e-11
8304,vertical,6.4000000000000004,504,true,5,2.0158221478151763e-12
8305,vertical,6.4000000000000004,505,true,4,2.5210200636193025e-11
8306,vertical,6.4000000000000004,506,true,3,1.5966070034032805e-11
8307,vertical,6.4000000000000004,507,true,4,1.0546602050941583e-11
8308,vertical,6.4000000000000004,508,true,4,1.2501600351653125e-11
8309,vertical,6.4000000000000004,509,true,4,1.7496629770870948e-12
8310,vertical,6.4000000000000004,510,true,3,3.4179433777251837e-11
8311,vertical,6.4000000000000004,511,true,5,8.6155034655182187e-11
8312,vertical,6.4000000000000004,512,true,4,3.9763065992908328e-11
8313,vertical,6.4000000000000004,513,true,3,1.1981811700617648e-11
8314,vertical,6.4000000000000004,514,true,3,7.3929112758234813e-11
8315,vertical,6.4000000000000004,515,true,5,1.8454925400491157e-12
8316,vertical,6.4000000000000004,516,true,3,4.819733711442295e-11
8317,vertical,6.4000000000000004,517,true,4,3.4976537376908415e-12
8318,vertical,6.4000000000000004,518,true,4,1.7399903447638206e-11
8319,vertical,6.4000000000000004,519,true,3,1.0719726320771419e-11
8320,vertical,6.4000000000000004,520,true,3,5.4105846605566584e-11
8321,vertical,6.4000000000000004,521,true,3,1.6937149304627331e-13
8322,vertical,6.4000000000000004,522,true,3,3.9817336456038221e-11
8323,vertical,6.4000000000000004,523,true,4,5.7049127364869245e-11
8324,vertical,6.4000000000000004,524,true,4,6.4125220739886843e-12
8325,vertical,6.4000000000000004,525,true,3,3.0461077962048915e-12
8326,vertical,6.4000000000000004,526,true,5,1.4488710788459398e-12
8327,vertical,6.4000000000000004,527,true,4,1.8850684739569389e-11
8328,vertical,6.4000000000000004,528,true,4,9.2074223065829592e-11
8329,vertical,6.4000000000000004,529,true,3,1.5245946036722827e-11
8330,vertical,6.4000000000000004,530,true,4,1.3787464431452625e-11
8331,vertical,6.4000000000000004,531,true,3,4.0932314338424274e-11
8332,vertical,6.4000000000000004,532,true,4,2.3817878270414006e-11
8333,vertical,6.4000000000000004,533,true,3,9.2160393179628599e-11
8334,vertical,6.4000000000000004,534,true,4,1.5242945729375456e-11
8335,vertical,6.4000000000000004,535,true,3,3.7336091193394481e-11
8336,vertical,6.4000000000000004,536,true,4,3.2483432898834298e-12
8337,vertical,6.4000000000000004,537,true,3,1.6038920633208688e-11
8338,vertical,6.4000000000000004,538,true,4,1.3248704452609023e-11
8339,vertical,6.4000000000000004,539,true,3,2.0011215243874856e-11
8340,vertical,6.4000000000000004,540,true,3,1.1396220550134679e-11
8341,vertical,6.4000000000000004,541,true,4,1.3755987192439441e-12
8342,vertical,6.4000000000000004,542,true,4,9.503684843809767e-12
8343,vertical,6.4000000000000004,543,true,3,4.4467324588026428e-11
8344,vertical,6.4000000000000004,544,true,3,1.8249048617973431e-11
8345,vertical,6.4000000000000004,545,true,4,2.7449657373516283e-11
8346,vertical,6.4000000000000004,546,true,3,4.4809564246514025e-11
8347,vertical,6.4000000000000004,547,true,5,1.0557591811710443e-12
8348,vertical,6.4000000000000004,548,true,3,4.7628949017973919e-11
8349,vertical,6.4000000000000004,549,true,4,3.6596161228814186e-11
8350,vertical,6.4000000000000004,550,true,3,9.6714814277761067e-11
8351,vertical,6.4000000000000004,551,true,3,2.0224579850031754e-11
8352,vertical,6.4000000000000004,552,true,3,1.0298226852356794e-11
8353,vertical,6.4000000000000004,553,true,4,1.903931901069763e-11
8354,vertical,6.4000000000000004,554,true,3,1.6890162157003261e-12
8355,vertical,6.4000000000000004,555,true,5,9.3662507911011203e-13
8356,vertical,6.4000000000000004,556,true,3,1.3111738552999681e-11
8357,vertical,6.4000000000000004,557,true,4,4.2888718375281039e-12
8358,vertical,6.4000000000000004,558,true,4,2.1020392039685958e-12
8359,vertical,6.4000000000000004,559,true,3,4.9948081346404261e-12
8360,vertical,6.4000000000000004,560,true,4,9.5715372744598319e-12
8361,vertical,6.4000000000000004,561,true,3,2.4969666383871552e-11
8362,vertical,6.4000000000000004,562,true,3,3.3773082379068853e-11
8363,vertical,6.4000000000000004,563,true,4,8.5547117061076058e-12
8364,vertical,6.4000000000000004,564,true,3,1.6618182681370637e-11
8365,vertical,6.4000000000000004,565,true,3,5.2287707146484305e-12
8366,vertical,6.4000000000000004,566,true,4,2.3228047845828405e-11
8367,vertical,6.4000000000000004,567,true,3,9.8015492347303538e-11
8368,vertical,6.4000000000000004,568,true,4,5.7595249820011316e-12
8369,vertical,6.4000000000000004,569,true,3,3.1809410297862058e-11
8370,vertical,6.4000000000000004,570,true,3,2.674415038510074e-11
8371,vertical,6.4000000000000004,571,true,3,2.8738958577419804e-11
8372,vertical,6.4000000000000004,572,true,3,2.0511814366131651e-11
8373,vertical,6.4000000000000004,573,true,3,2.1119532095229212e-12
8374,vertical,6.4000000000000004,574,true,4,1.0849991628607074e-11
8375,vertical,6.4000000000000004,575,true,4,2.6551775076033288e-12
8376,vertical,6.4000000000000004,576,true,3,4.8079056625629166e-11
8377,vertical,6.4000000000000004,577,true,5,1.439103307910945e-12
8378,vertical,6.4000000000000004,578,true,5,1.902194362037201e-12
8379,vertical,6.4000000000000004,579,true,3,2.2086652403519765e-11
8380,vertical,6.4000000000000004,580,true,3,1.2068337397452886e-11
8381,vertical,6.4000000000000004,581,true,4,4.9640763364417156e-12
8382,vertical,6.4000000000000004,582,true,4,5.1396741738293064e-12
8383,vertical,6.4000000000000004,583,true,3,9.7795032539437994e-11
8384,vertical,6.4000000000000004,584,true,3,3.7380980206299722e-12
8385,vertical,6.4000000000000004,585,true,3,8.6029433109508388e-11
8386,vertical,6.4000000000000004,586,true,3,2.416658808296175e-11
8387,vertical,6.4000000000000004,587,true,3,5.8665400090082861e-11
8388,vertical,6.4000000000000004,588,true,5,2.2162445516264532e-12
8389,vertical,6.4000000000000004,589,true,4,6.4387207233267744e-11
8390,vertical,6.4000000000000004,590,true,3,3.3040538031512134e-11
8391,vertical,6.4000000000000004,591,true,3,2.9550068153480605e-12
8392,vertical,6.4000000000000004,592,true,3,2.5146810898301743e-11
8393,vertical,6.4000000000000004,593,true,3,4.8157594046159404e-11
8394,vertical,6.4000000000000004,594,true,4,7.7722967280266923e-12
8395,vertical,6.4000000000000004,595,true,4,2.1943557858046135e-11
8396,vertical,6.4000000000000004,596,true,5,1.1086459066772771e-12
8397,vertical,6.4000000000000004,597,true,4,2.0368713499080563e-11
8398,vertical,6.4000000000000004,598,true,4,2.2316450355741562e-11
8399,vertical,6.4000000000000004,599,true,3,4.5553969300698439e-11
8400,vertical,6.4000000000000004,600,true,5,6.5580780532475021e-12
8401,vertical,9.0500000000000007,1,true,3,3.0040952636279716e-11
8402,vertical,9.0500000000000007,2,true,5,2.0470911722205909e-12
8403,vertical,9.0500000000000007,3,true,3,2.1446973541080628e-11
8404,vertical,9.0500000000000007,4,true,5,9.3638221597726308e-13
8405,vertical,9.0500000000000007,5,true,4,6.2521617888616897e-11
8406,vertical,9.0500000000000007,6,true,3,3.6136260380037783e-11
8407,vertical,9.0500000000000007,7,true,4,7.3467216777040893e-11
8408,vertical,9.0500000000000007,8,true,3,1.4550214809856589e-11
8409,vertical,9.0500000000000007,9,true,4,3.327200744228789e-11
8410,vertical,9.0500000000000007,10,true,4,9.5844372159999412e-12
8411,vertical,9.0500000000000007,11,true,4,3.5641800268327411e-11
8412,vertical,9.0500000000000007,12,true,4,2.0642850476708972e-11
8413,vertical,9.0500000000000007,13,true,4,4.5558540953073449e-11
8414,vertical,9.0500000000000007,14,true,5,4.9424430735763659e-12
8415,vertical,9.0500000000000007,15,true,5,3.8328982382053671e-12
8416,vertical,9.0500000000000007,16,true,4,9.1484960396595135e-12
8417,vertical,9.0500000000000007,17,true,3,6.6023505408630863e-11
8418,vertical,9.0500000000000007,18,true,4,5.3336658362302336e-12
8419,vertical,9.0500000000000007,19,true,5,2.1245840426766709e-12
8420,vertical,9.0500000000000007,20,true,3,2.5528745197562574e-11
8421,vertical,9.0500000000000007,21,true,4,6.115107160721692e-11
8422,vertical,9.0500000000000007,22,true,4,4.2769151108196458e-11
8423,vertical,9.0500000000000007,23,true,5,2.5810788541646656e-12
8424,vertical,9.0500000000000007,24,true,3,6.1325991547678443e-12
8425,vertical,9.0500000000000007,25,true,5,1.1800506213067114e-12
8426,vertical,9.0500000000000007,26,true,4,2.7683709020197098e-11
8427,vertical,9.0500000000000007,27,true,3,1.8020174969295754e-11
8428,vertical,9.0500000000000007,28,true,4,1.215914474702244e-12
8429,vertical,9.0500000000000007,29,true,5,6.1354396282636194e-12
8430,vertical,9.0500000000000007,30,true,5,2.7346715984953066e-12
8431,vertical,9.0500000000000007,31,true,5,2.6809761819471842e-12
8432,vertical,9.0500000000000007,32,true,5,2.7609703825604792e-12
8433,vertical,9.0500000000000007,33,true,4,2.6886011804508581e-12
8434,vertical,9.0500000000000007,34,true,3,5.6035139664352661e-11
8435,vertical,9.0500000000000007,35,true,3,1.3122757285326793e-11
8436,vertical,9.0500000000000007,36,true,5,6.4969471136861423e-12
8437,vertical,9.0500000000000007,37,true,5,9.4661607995765701e-12
8438,vertical,9.0500000000000007,38,true,5,3.1880403176432168e-12
8439,vertical,9.0500000000000007,39,true,4,7.2857634495235991e-12
8440,vertical,9.0500000000000007,40,true,4,6.3497913016624887e-11
8441,vertical,9.0500000000000007,41,true,4,4.8150029171310915e-11
8442,vertical,9.0500000000000007,42,true,3,4.9099685183263309e-11
8443,vertical,9.0500000000000007,43,true,4,9.9237053960212241e-11
8444,vertical,9.0500000000000007,44,true,4,5.9966938514316197e-11
8445,vertical,9.0500000000000007,45,true,4,2.1748080092134316e-11
8446,vertical,9.0500000000000007,46,true,4,7.3080546523307542e-11
8447,vertical,9.0500000000000007,47,true,4,3.4906022009943464e-11
8448,vertical,9.0500000000000007,48,true,5,2.5725048671535529e-11
8449,vertical,9.0500000000000007,49,true,4,1.7923056637767469e-11
8450,vertical,9.0500000000000007,50,true,4,1.2843060808740337e-12
8451,vertical,9.0500000000000007,51,true,4,3.3382102331432761e-11
8452,vertical,9.0500000000000007,52,true,5,1.5850905103159495e-11
8453,vertical,9.0500000000000007,53,true,4,2.0379533138090288e-11
8454,vertical,9.0500000000000007,54,true,5,3.1809941808900758e-12
8455,vertical,9.0500000000000007,55,true,3,3.6134969354435177e-12
8456,vertical,9.0500000000000007,56,true,4,5.2731405382803607e-12
8457,vertical,9.0500000000000007,57,true,4,6.0331098145197043e-12
8458,vertical,9.0500000000000007,58,true,5,5.8051598737104464e-11
8459,vertical,9.0500000000000007,59,true,4,1.7454599785606497e-12
8460,vertical,9.0500000000000007,60,true,6,4.9229401109666188e-11
8461,vertical,9.0500000000000007,61,true,3,2.9510639206575961e-11
8462,vertical,9.0500000000000007,62,true,4,4.3072972850411015e-12
8463,vertical,9.0500000000000007,63,true,3,7.614974283493862e-12
8464,vertical,9.0500000000000007,64,true,3,4.4952602277669675e-11
8465,vertical,9.0500000000000007,65,true,3,5.9665600682470087e-11
8466,vertical,9.0500000000000007,66,true,4,9.3323670923887803e-11
8467,vertical,9.0500000000000007,67,true,3,3.1705640936817596e-11
8468,vertical,9.0500000000000007,68,true,3,9.7363220483955832e-11
8469,vertical,9.0500000000000007,69,true,4,1.9593512725409737e-11
8470,vertical,9.0500000000000007,70,true,4,1.0252465807420327e-11
8471,vertical,9.0500000000000007,71,true,4,5.4216591779538775e-11
8472,vertical,9.0500000000000007,72,true,5,6.5549269102000118e-12
8473,vertical,9.0500000000000007,73,true,4,1.7840980415538251e-12
8474,vertical,9.0500000000000007,74,true,5,1.0886464609643214e-11
8475,vertical,9.0500000000000007,75,true,4,7.6831038916842208e-11
8476,vertical,9.0500000000000007,76,true,3,1.2893308516327247e-12
8477,vertical,9.0500000000000007,77,true,3,9.7839094354058494e-12
8478,vertical,9.0500000000000007,78,true,5,1.2496187855631803e-11
8479,vertical,9.0500000000000007,79,true,3,2.707167413372438e-11
8480,vertical,9.0500000000000007,80,true,5,2.06255293091681e-12
8481,vertical,9.0500000000000007,81,true,3,3.3298036041676669e-11
8482,vertical,9.0500000000000007,82,true,4,1.4390856300535142e-11
8483,vertical,9.0500000000000007,83,true,3,6.9105742108294917e-11
8484,vertical,9.0500000000000007,84,true,5,1.853950354238736e-12
8485,vertical,9.0500000000000007,85,true,5,1.4051351152210919e-11
8486,vertical,9.0500000000000007,86,true,5,3.6288148937588146e-12
8487,vertical,9.0500000000000007,87,true,5,2.2081948273764084e-12
8488,vertical,9.0500000000000007,88,true,4,5.9492198967194381e-11
8489,vertical,9.0500000000000007,89,true,5,9.9789487751601924e-12
8490,vertical,9.0500000000000007,90,true,4,3.0011537454402891e-11
8491,vertical,9.0500000000000007,91,true,4,1.3544836619200201e-11
8492,vertical,9.0500000000000007,92,true,4,4.0002408647667154e-11
8493,vertical,9.0500000000000007,93,true,5,5.2478414043498952e-11
8494,vertical,9.0500000000000007,94,true,4,2.4600623252662372e-11
8495,vertical,9.0500000000000007,95,true,3,8.8138145592955854e-11
8496,vertical,9.0500000000000007,96,true,4,4.1284134284266188e-12
8497,vertical,9.0500000000000007,97,true,3,8.9554646687878677e-11
8498,vertical,9.0500000000000007,98,true,5,1.5092661615560545e-11
8499,vertical,9.0500000000000007,99,true,3,5.3866859738389042e-11
8500,vertical,9.0500000000000007,100,true,5,3.1573119026228806e-12
8501,vertical,9.0500000000000007,101,true,4,2.3945128136326348e-11
8502,vertical,9.0500000000000007,102,true,5,1.0366675449118003e-12
8503,vertical,9.0500000000000007,103,true,5,3.9264479009530955e-12
8504,vertical,9.0500000000000007,104,true,4,2.373085456483875e-11
8505,vertical,9.0500000000000007,105,true,4,2.2122783357848131e-11
8506,vertical,9.0500000000000007,106,true,4,2.1991212796720838e-11
8507,vertical,9.0500000000000007,107,true,4,2.5264775630468431e-11
8508,vertical,9.0500000000000007,108,true,4,5.4358460914543968e-11
8509,vertical,9.0500000000000007,109,true,4,8.2950983843944255e-11
8510,vertical,9.0500000000000007,110,true,4,4.1171834461428847e-12
8511,vertical,9.0500000000000007,111,true,5,6.7364979982985552e-12
8512,vertical,9.0500000000000007,112,true,5,2.4712694156916129e-12
8513,vertical,9.0500000000000007,113,true,3,7.1910577907393755e-11
8514,vertical,9.0500000000000007,114,true,4,4.9938645666647426e-11
8515,vertical,9.0500000000000007,115,true,3,7.1195924944036362e-11
8516,vertical,9.0500000000000007,116,true,3,7.3499264051436695e-11
8517,vertical,9.0500000000000007,117,true,5,8.1388596284011168e-12
8518,vertical,9.0500000000000007,118,true,4,1.6918823565047335e-11
8519,vertical,9.0500000000000007,119,true,5,3.6100584309329396e-12
8520,vertical,9.0500000000000007,120,true,4,1.2957160902958013e-11
8521,vertical,9.0500000000000007,121,true,4,6.8363096812364787e-11
8522,vertical,9.0500000000000007,122,true,5,1.962545652454986e-11
8523,vertical,9.0500000000000007,123,true,5,4.507227081523165e-11
8524,vertical,9.0500000000000007,124,true,5,9.3065187964515102e-13
8525,vertical,9.0500000000000007,125,true,3,3.3610059344218768e-11
8526,vertical,9.0500000000000007,126,true,5,3.3544110188134304e-12
8527,vertical,9.0500000000000007,127,true,3,2.6802351056483845e-11
8528,vertical,9.0500000000000007,128,true,4,5.4359490811996824e-11
8529,vertical,9.0500000000000007,129,true,4,4.6961524391143241e-11
8530,vertical,9.0500000000000007,130,true,3,1.0251363610592392e-11
8531,vertical,9.0500000000000007,131,true,4,1.3186523861146333e-11
8532,vertical,9.0500000000000007,132,true,4,9.5461073812818048e-12
8533,vertical,9.0500000000000007,133,true,4,1.7029531298035064e-11
8534,vertical,9.0500000000000007,134,true,4,4.49659569248684e-11
8535,vertical,9.0500000000000007,135,true,5,1.202140835981119e-11
8536,vertical,9.0500000000000007,136,true,4,5.4740810240061791e-11
8537,vertical,9.0500000000000007,137,true,3,4.2973600192174915e-11
8538,vertical,9.0500000000000007,138,true,4,3.8978719051915491e-11
8539,vertical,9.0500000000000007,139,true,5,3.5380070423564347e-11
8540,vertical,9.0500000000000007,140,true,4,2.8567768911803395e-11
8541,vertical,9.0500000000000007,141,true,5,3.408111776269979e-12
8542,vertical,9.0500000000000007,142,true,3,5.8209264407580607e-11
8543,vertical,9.0500000000000007,143,true,4,6.1992417732711275e-12
8544,vertical,9.0500000000000007,144,true,4,6.7935914853063359e-11
8545,vertical,9.0500000000000007,145,true,4,1.0010918992668921e-11
8546,vertical,9.0500000000000007,146,true,5,3.0213819839321953e-12
8547,vertical,9.0500000000000007,147,true,4,9.2006381982034612e-11
8548,vertical,9.0500000000000007,148,true,4,4.615537159098827e-11
8549,vertical,9.0500000000000007,149,true,4,4.1740958344859249e-11
8550,vertical,9.0500000000000007,150,true,5,1.6456451208851625e-11
8551,vertical,9.0500000000000007,151,true,4,3.5390886768698956e-12
8552,vertical,9.0500000000000007,152,true,5,9.4964052612832681e-11
8553,vertical,9.0500000000000007,153,true,4,8.6548032505608859e-12
8554,vertical,9.0500000000000007,154,true,5,8.7419207980822682e-12
8555,vertical,9.0500000000000007,155,true,4,6.5610609674074176e-11
8556,vertical,9.0500000000000007,156,true,4,1.9981473972489788e-11
8557,vertical,9.0500000000000007,157,true,4,2.4321501355165761e-11
8558,vertical,9.0500000000000007,158,true,4,2.5964103227370744e-11
8559,vertical,9.0500000000000007,159,true,3,4.9153459010267962e-12
8560,vertical,9.0500000000000007,160,true,3,4.7388907991225818e-11
8561,vertical,9.0500000000000007,161,true,4,2.0213384753573916e-12
8562,vertical,9.0500000000000007,162,true,4,4.2550205842823701e-12
8563,vertical,9.0500000000000007,163,true,4,1.9334055434039553e-11
8564,vertical,9.0500000000000007,164,true,5,1.0838676621636323e-12
8565,vertical,9.0500000000000007,165,true,3,6.1825123798856595e-11
8566,vertical,9.0500000000000007,166,true,3,2.3428861269449986e-11
8567,vertical,9.0500000000000007,167,true,3,6.4666453472480935e-11
8568,vertical,9.0500000000000007,168,true,4,8.636276943169092e-11
8569,vertical,9.0500000000000007,169,true,5,4.839816775167847e-12
8570,vertical,9.0500000000000007,170,true,4,7.3338439670304917e-11
8571,vertical,9.0500000000000007,171,true,3,4.4041342312733851e-11
8572,vertical,9.0500000000000007,172,true,4,2.328221196733141e-11
8573,vertical,9.0500000000000007,173,true,3,5.5999891978552534e-11
8574,vertical,9.0500000000000007,174,true,3,8.5068799207990876e-11
8575,vertical,9.0500000000000007,175,true,5,3.5510137847283714e-12
8576,vertical,9.0500000000000007,176,true,5,1.4689854609308794e-12
8577,vertical,9.0500000000000007,177,true,3,2.1102319477382635e-11
8578,vertical,9.0500000000000007,178,true,4,7.7591646433281099e-12
8579,vertical,9.0500000000000007,179,true,5,3.3541414493729253e-12
8580,vertical,9.0500000000000007,180,true,4,1.6657627216932436e-11
8581,vertical,9.0500000000000007,181,true,5,6.9739433263933971e-11
8582,vertical,9.0500000000000007,182,true,4,5.998877300979546e-11
8583,vertical,9.0500000000000007,183,true,4,1.7645204166451638e-11
8584,vertical,9.0500000000000007,184,true,5,2.577805198321907e-12
8585,vertical,9.0500000000000007,185,true,3,1.8623459717570214e-11
8586,vertical,9.0500000000000007,186,true,4,8.3348790294125303e-12
8587,vertical,9.0500000000000007,187,true,4,6.7593765494741779e-12
8588,vertical,9.0500000000000007,188,true,5,2.4920060251196453e-11
8589,vertical,9.0500000000000007,189,true,4,5.127692790364461e-12
8590,vertical,9.0500000000000007,190,true,4,9.3350883086496728e-12
8591,vertical,9.0500000000000007,191,true,4,5.1701954138288407e-12
8592,vertical,9.0500000000000007,192,true,3,1.1446817323385528e-11
8593,vertical,9.0500000000000007,193,true,4,5.7059342561429212e-12
8594,vertical,9.0500000000000007,194,true,4,1.6283459970154443e-11
8595,vertical,9.0500000000000007,195,true,5,1.4267121986399033e-11
8596,vertical,9.0500000000000007,196,true,3,5.318900824535805e-11
8597,vertical,9.0500000000000007,197,true,4,4.4823805397073751e-11
8598,vertical,9.0500000000000007,198,true,4,7.8978315219330569e-11
8599,vertical,9.0500000000000007,199,true,4,8.4577132893719117e-11
8600,vertical,9.0500000000000007,200,true,4,2.0920836861136472e-11
8601,vertical,9.0500000000000007,201,true,4,2.3079234669672951e-11
8602,vertical,9.0500000000000007,202,true,4,1.8372229436145797e-11
8603,vertical,9.0500000000000007,203,true,4,7.2057060541074022e-12
8604,vertical,9.0500000000000007,204,true,3,5.2231267452492059e-11
8605,vertical,9.0500000000000007,205,true,4,8.2674793382684349e-12
8606,vertical,9.0500000000000007,206,true,4,5.0941835136783362e-12
8607,vertical,9.0500000000000007,207,true,4,7.0650726701730144e-11
8608,vertical,9.0500000000000007,208,true,6,2.3603843337768272e-11
8609,vertical,9.0500000000000007,209,true,4,7.7182974789612224e-11
8610,vertical,9.0500000000000007,210,true,5,3.1847173017970707e-12
8611,vertical,9.0500000000000007,211,true,3,1.745152738215318e-12
8612,vertical,9.0500000000000007,212,true,3,1.5075385802542679e-11
8613,vertical,9.0500000000000007,213,true,4,7.6279988564947337e-11
8614,vertical,9.0500000000000007,214,true,6,1.3788904494476426e-11
8615,vertical,9.0500000000000007,215,true,4,9.9395287999978103e-12
8616,vertical,9.0500000000000007,216,true,3,5.9774681460370393e-11
8617,vertical,9.0500000000000007,217,true,5,8.0933074815989902e-12
8618,vertical,9.0500000000000007,218,true,4,7.9188146917686895e-12
8619,vertical,9.0500000000000007,219,true,5,3.2301252382484839e-12
8620,vertical,9.0500000000000007,220,true,3,5.0598686787182122e-11
8621,vertical,9.0500000000000007,221,true,5,2.9094099517263487e-12
8622,vertical,9.0500000000000007,222,true,5,7.2822863567413451e-11
8623,vertical,9.0500000000000007,223,true,5,2.4846330001519312e-12
8624,vertical,9.0500000000000007,224,true,3,4.0535521001340468e-11
8625,vertical,9.0500000000000007,225,true,4,6.7282713543224935e-11
8626,vertical,9.0500000000000007,226,true,4,9.4222692718745194e-12
8627,vertical,9.0500000000000007,227,true,4,1.9174949364458179e-11
8628,vertical,9.0500000000000007,228,true,5,7.2334722102236785e-12
8629,vertical,9.0500000000000007,229,true,3,1.0810058296035392e-11
8630,vertical,9.0500000000000007,230,true,4,3.8205063083125304e-12
8631,vertical,9.0500000000000007,231,true,5,3.5602719106211126e-12
8632,vertical,9.0500000000000007,232,true,4,2.8402813789942123e-11
8633,vertical,9.0500000000000007,233,true,4,1.8230480471834085e-12
8634,vertical,9.0500000000000007,234,true,3,6.0657776790543383e-11
8635,vertical,9.0500000000000007,235,true,4,3.3255157290344013e-11
8636,vertical,9.0500000000000007,236,true,3,7.0987212968039631e-13
8637,vertical,9.0500000000000007,237,true,3,5.7102588469918511e-11
8638,vertical,9.0500000000000007,238,true,5,5.0621880274065991e-12
8639,vertical,9.0500000000000007,239,true,4,2.118250584398337e-12
8640,vertical,9.0500000000000007,240,true,5,1.8507366181907525e-12
8641,vertical,9.0500000000000007,241,true,4,2.8913891778538488e-12
8642,vertical,9.0500000000000007,242,true,3,8.4824108929890224e-11
8643,vertical,9.0500000000000007,243,true,4,7.8508571899871462e-12
8644,vertical,9.0500000000000007,244,true,4,5.8023956305664242e-12
8645,vertical,9.0500000000000007,245,true,4,6.868970908014733e-11
8646,vertical,9.0500000000000007,246,true,3,2.3263579089405432e-11
8647,vertical,9.0500000000000007,247,true,4,1.585298978748149e-11
8648,vertical,9.0500000000000007,248,true,4,5.3734794708023293e-11
8649,vertical,9.0500000000000007,249,true,4,1.4204944179651827e-11
8650,vertical,9.0500000000000007,250,true,4,2.1327713316408042e-12
8651,vertical,9.0500000000000007,251,true,3,7.3585981922285588e-11
8652,vertical,9.0500000000000007,252,true,4,3.6807402545167826e-11
8653,vertical,9.0500000000000007,253,true,3,4.7754345938861366e-11
8654,vertical,9.0500000000000007,254,true,4,4.9632731899907961e-11
8655,vertical,9.0500000000000007,255,true,4,4.6151594216661201e-11
8656,vertical,9.0500000000000007,256,true,5,4.3844372964052212e-12
8657,vertical,9.0500000000000007,257,true,5,1.3016196891623884e-11
8658,vertical,9.0500000000000007,258,true,5,4.2685303542055869e-11
8659,vertical,9.0500000000000007,259,true,3,9.9347923692893063e-12
8660,vertical,9.0500000000000007,260,true,4,1.035502607702962e-12
8661,vertical,9.0500000000000007,261,true,4,1.0326277206973421e-11
8662,vertical,9.0500000000000007,262,true,4,7.8648408031098036e-12
8663,vertical,9.0500000000000007,263,true,5,4.5868198191071218e-11
8664,vertical,9.0500000000000007,264,true,4,1.7316666526940175e-12
8665,vertical,9.0500000000000007,265,true,3,5.6611454321408179e-11
8666,vertical,9.0500000000000007,266,true,4,2.4585474910185716e-11
8667,vertical,9.0500000000000007,267,true,3,1.4411225467849708e-12
8668,vertical,9.0500000000000007,268,true,4,6.3447286941241227e-12
8669,vertical,9.0500000000000007,269,true,4,8.0620575190910081e-12
8670,vertical,9.0500000000000007,270,true,5,1.1084343942370347e-11
8671,vertical,9.0500000000000007,271,true,4,4.8895286204537228e-11
8672,vertical,9.0500000000000007,272,true,5,2.6546104701187885e-11
8673,vertical,9.0500000000000007,273,true,4,9.1100522803442382e-11
8674,vertical,9.0500000000000007,274,true,4,1.9070727745080163e-11
8675,vertical,9.0500000000000007,275,true,3,2.1982896108428769e-11
8676,vertical,9.0500000000000007,276,true,4,6.2947415386642753e-12
8677,vertical,9.0500000000000007,277,true,4,1.5936914725701705e-11
8678,vertical,9.0500000000000007,278,true,4,9.1337206793673446e-11
8679,vertical,9.0500000000000007,279,true,3,1.80513334954179e-11
8680,vertical,9.0500000000000007,280,true,4,7.0881661738236855e-11
8681,vertical,9.0500000000000007,281,true,4,7.6075442013752061e-11
8682,vertical,9.0500000000000007,282,true,4,7.03810798608538e-12
8683,vertical,9.0500000000000007,283,true,4,5.3987165563806146e-12
8684,vertical,9.0500000000000007,284,true,4,2.9215955383541906e-11
8685,vertical,9.0500000000000007,285,true,4,6.4261059271248816e-12
8686,vertical,9.0500000000000007,286,true,4,9.8955897844142691e-11
8687,vertical,9.0500000000000007,287,true,4,4.6323644980768754e-11
8688,vertical,9.0500000000000007,288,true,3,7.2572194257598765e-11
8689,vertical,9.0500000000000007,289,true,5,1.436848242528287e-12
8690,vertical,9.0500000000000007,290,true,5,1.4192611512849199e-12
8691,vertical,9.0500000000000007,291,true,3,9.4768498245529112e-11
8692,vertical,9.0500000000000007,292,true,3,7.1287378719447943e-11
8693,vertical,9.0500000000000007,293,true,4,2.80438543497703e-11
8694,vertical,9.0500000000000007,294,true,4,6.0431785331637472e-11
8695,vertical,9.0500000000000007,295,true,3,1.9489672972047965e-11
8696,vertical,9.0500000000000007,296,true,3,2.6642387181715101e-11
8697,vertical,9.0500000000000007,297,true,3,4.1556144287642849e-11
8698,vertical,9.0500000000000007,298,true,5,2.4612815916521299e-12
8699,vertical,9.0500000000000007,299,true,3,8.365823070306985e-11
8700,vertical,9.0500000000000007,300,true,4,7.27921929087027e-11
8701,vertical,9.0500000000000007,301,true,4,6.0620191987994907e-12
8702,vertical,9.0500000000000007,302,true,5,2.5269990569461831e-11
8703,vertical,9.0500000000000007,303,true,5,3.8732443786666177e-12
8704,vertical,9.0500000000000007,304,true,4,1.2106982707337823e-11
8705,vertical,9.0500000000000007,305,true,5,9.4812304156640464e-12
8706,vertical,9.0500000000000007,306,true,4,4.1345695164951195e-12
8707,vertical,9.0500000000000007,307,true,4,4.354910184858861e-12
8708,vertical,9.0500000000000007,308,true,4,7.8268642267654301e-12
8709,vertical,9.0500000000000007,309,true,4,3.3349556868035306e-12
8710,vertical,9.0500000000000007,310,true,5,3.0690231187192967e-12
8711,vertical,9.0500000000000007,311,true,5,1.7264900577451187e-12
8712,vertical,9.0500000000000007,312,true,4,3.5715247277239732e-13
8713,vertical,9.0500000000000007,313,true,5,1.3596348332748987e-12
8714,vertical,9.0500000000000007,314,true,4,9.6161967036567085e-13
8715,vertical,9.0500000000000007,315,true,5,8.718251080510864e-12
8716,vertical,9.0500000000000007,316,true,4,1.2603902442783905e-11
8717,vertical,9.0500000000000007,317,true,3,4.41110079688189e-11
8718,vertical,9.0500000000000007,318,true,6,1.9982830503365799e-11
8719,vertical,9.0500000000000007,319,true,5,3.271181291176654e-12
8720,vertical,9.0500000000000007,320,true,5,1.4836870743653586e-12
8721,vertical,9.0500000000000007,321,true,4,2.3750855092732229e-12
8722,vertical,9.0500000000000007,322,true,5,3.5141083261092012e-12
8723,vertical,9.0500000000000007,323,true,4,5.1806409671843695e-11
8724,vertical,9.0500000000000007,324,true,4,4.5079768070995588e-12
8725,vertical,9.0500000000000007,325,true,4,1.4140338141672804e-11
8726,vertical,9.0500000000000007,326,true,4,7.9436890385033434e-11
8727,vertical,9.0500000000000007,327,true,4,1.0732810933795642e-11
8728,vertical,9.0500000000000007,328,true,4,1.4078679877871982e-11
8729,vertical,9.0500000000000007,329,true,3,3.9825167225093773e-11
8730,vertical,9.0500000000000007,330,true,5,1.909589296509729e-11
8731,vertical,9.0500000000000007,331,true,3,3.9964680581144955e-12
8732,vertical,9.0500000000000007,332,true,5,2.8011057639017598e-11
8733,vertical,9.0500000000000007,333,true,4,1.2733886627041362e-11
8734,vertical,9.0500000000000007,334,true,4,2.8002585210510493e-11
8735,vertical,9.0500000000000007,335,true,3,5.3376906918218054e-11
8736,vertical,9.0500000000000007,336,true,5,1.5311503612953098e-11
8737,vertical,9.0500000000000007,337,true,4,1.9001383148220144e-11
8738,vertical,9.0500000000000007,338,true,4,3.5125024618836922e-11
8739,vertical,9.0500000000000007,339,true,4,7.0388618623647775e-11
8740,vertical,9.0500000000000007,340,true,5,3.4682316311705337e-12
8741,vertical,9.0500000000000007,341,true,5,3.1332130510980337e-12
8742,vertical,9.0500000000000007,342,true,5,6.3209466277393813e-11
8743,vertical,9.0500000000000007,343,true,4,4.7171075956925e-11
8744,vertical,9.0500000000000007,344,true,4,5.7900136607691658e-11
8745,vertical,9.0500000000000007,345,true,4,1.7454550454502581e-12
8746,vertical,9.0500000000000007,346,true,5,2.4671391580035684e-12
8747,vertical,9.0500000000000007,347,true,3,1.5103872748607467e-11
8748,vertical,9.0500000000000007,348,true,4,9.0066878749411165e-12
8749,vertical,9.0500000000000007,349,true,3,8.0498862056055325e-11
8750,vertical,9.0500000000000007,350,true,5,3.6228931144611058e-12
8751,vertical,9.0500000000000007,351,true,4,4.4775765491118834e-11
8752,vertical,9.0500000000000007,352,true,3,5.8931706962740936e-11
8753,vertical,9.0500000000000007,353,true,4,2.6710296003951006e-11
8754,vertical,9.0500000000000007,354,true,4,8.6472335366166585e-12
8755,vertical,9.0500000000000007,355,true,4,1.5243308163358303e-11
8756,vertical,9.0500000000000007,356,true,4,1.2234685389524245e-11
8757,vertical,9.0500000000000007,357,true,5,2.0344026672718727e-12
8758,vertical,9.0500000000000007,358,true,4,1.2046401361848359e-11
8759,vertical,9.0500000000000007,359,true,5,5.2187212963510237e-12
8760,vertical,9.0500000000000007,360,true,4,5.3236370381001474e-12
8761,vertical,9.0500000000000007,361,true,4,1.3713029180722809e-11
8762,vertical,9.0500000000000007,362,true,5,9.0928838925936362e-13
8763,vertical,9.0500000000000007,363,true,5,6.3779649551824744e-12
8764,vertical,9.0500000000000007,364,true,4,1.7436156012327514e-12
8765,vertical,9.0500000000000007,365,true,4,1.3921669032658003e-11
8766,vertical,9.0500000000000007,366,true,5,2.2084053993900926e-11
8767,vertical,9.0500000000000007,367,true,4,7.5339654493650096e-11
8768,vertical,9.0500000000000007,368,true,4,5.8959792191397437e-11
8769,vertical,9.0500000000000007,369,true,4,4.7784234632559888e-11
8770,vertical,9.0500000000000007,370,true,4,3.6136811824915247e-12
8771,vertical,9.0500000000000007,371,true,4,3.5790958924367314e-11
8772,vertical,9.0500000000000007,372,true,4,2.2169415717530872e-12
8773,vertical,9.0500000000000007,373,true,3,6.4007420858628111e-11
8774,vertical,9.0500000000000007,374,true,4,4.2059583615509785e-11
8775,vertical,9.0500000000000007,375,true,5,2.571779621256582e-12
8776,vertical,9.0500000000000007,376,true,4,6.8142456503256251e-11
8777,vertical,9.0500000000000007,377,true,4,1.406887153168692e-11
8778,vertical,9.0500000000000007,378,true,5,4.0145346877241564e-12
8779,vertical,9.0500000000000007,379,true,4,1.5552968420209998e-11
8780,vertical,9.0500000000000007,380,true,4,5.7319606533749561e-11
8781,vertical,9.0500000000000007,381,true,3,6.9895819237093017e-11
8782,vertical,9.0500000000000007,382,true,5,6.9370120081908552e-12
8783,vertical,9.0500000000000007,383,true,5,3.5415599126831107e-12
8784,vertical,9.0500000000000007,384,true,4,1.1714250057014238e-11
8785,vertical,9.0500000000000007,385,true,4,3.7514978993720051e-11
8786,vertical,9.0500000000000007,386,true,4,4.8752287440437266e-12
8787,vertical,9.0500000000000007,387,true,3,9.3727313869869067e-11
8788,vertical,9.0500000000000007,388,true,5,1.692324601230503e-11
8789,vertical,9.0500000000000007,389,true,3,2.3693695361971423e-11
8790,vertical,9.0500000000000007,390,true,3,3.1845932515588031e-11
8791,vertical,9.0500000000000007,391,true,4,1.9572450479094799e-11
8792,vertical,9.0500000000000007,392,true,4,5.1816598328127139e-12
8793,vertical,9.0500000000000007,393,true,5,4.809980616876714e-12
8794,vertical,9.0500000000000007,394,true,5,2.3442229685655027e-11
8795,vertical,9.0500000000000007,395,true,4,5.0970203674044514e-12
8796,vertical,9.0500000000000007,396,true,3,9.2054321924166933e-11
8797,vertical,9.0500000000000007,397,true,3,4.8557000742125176e-11
8798,vertical,9.0500000000000007,398,true,3,2.2233007677287376e-11
8799,vertical,9.0500000000000007,399,true,3,7.1087888835469679e-11
8800,vertical,9.0500000000000007,400,true,4,3.6491176047537451e-11
8801,vertical,9.0500000000000007,401,true,5,2.4651762466694445e-11
8802,vertical,9.0500000000000007,402,true,3,5.9749950613351048e-11
8803,vertical,9.0500000000000007,403,true,4,1.1618272962639744e-11
8804,vertical,9.0500000000000007,404,true,4,8.2828963092657879e-11
8805,vertical,9.0500000000000007,405,true,4,2.0786278878019954e-11
8806,vertical,9.0500000000000007,406,true,4,3.3812209413114606e-11
8807,vertical,9.0500000000000007,407,true,4,4.3113018829747702e-12
8808,vertical,9.0500000000000007,408,true,5,2.7706846320227328e-11
8809,vertical,9.0500000000000007,409,true,3,1.2752121905628636e-11
8810,vertical,9.0500000000000007,410,true,5,5.0317130343530494e-12
8811,vertical,9.0500000000000007,411,true,5,1.314401979820626e-11
8812,vertical,9.0500000000000007,412,true,4,2.5487687148901177e-12
8813,vertical,9.0500000000000007,413,true,4,3.1023269992427239e-12
8814,vertical,9.0500000000000007,414,true,4,2.1912756744951221e-11
8815,vertical,9.0500000000000007,415,true,4,3.8436015467523605e-11
8816,vertical,9.0500000000000007,416,true,4,2.1537866753245862e-11
8817,vertical,9.0500000000000007,417,true,5,9.3132745655279837e-13
8818,vertical,9.0500000000000007,418,true,5,8.267163010348018e-12
8819,vertical,9.0500000000000007,419,true,4,2.3927492379027687e-11
8820,vertical,9.0500000000000007,420,true,4,3.9558728496458663e-12
8821,vertical,9.0500000000000007,421,true,4,1.7189859838220858e-12
8822,vertical,9.0500000000000007,422,true,3,6.2530027101761593e-11
8823,vertical,9.0500000000000007,423,true,5,1.4720642057394927e-12
8824,vertical,9.0500000000000007,424,true,3,6.0536018948507607e-11
8825,vertical,9.0500000000000007,425,true,3,4.7192273973483221e-11
8826,vertical,9.0500000000000007,426,true,5,6.5559575587965566e-12
8827,vertical,9.0500000000000007,427,true,3,8.2157008113763179e-11
8828,vertical,9.0500000000000007,428,true,3,5.5814682606839718e-11
8829,vertical,9.0500000000000007,429,true,5,1.9265018969720839e-11
8830,vertical,9.0500000000000007,430,true,4,2.3366630982872336e-11
8831,vertical,9.0500000000000007,431,true,3,1.0895199229241974e-11
8832,vertical,9.0500000000000007,432,true,4,1.8260092597525714e-11
8833,vertical,9.0500000000000007,433,true,5,1.8672141789059251e-12
8834,vertical,9.0500000000000007,434,true,3,3.7022643438085282e-11
8835,vertical,9.0500000000000007,435,true,3,4.9387949291169277e-11
8836,vertical,9.0500000000000007,436,true,3,6.0134358434658582e-11
8837,vertical,9.0500000000000007,437,true,3,8.9995569202603694e-11
8838,vertical,9.0500000000000007,438,true,3,3.2856000436067286e-11
8839,vertical,9.0500000000000007,439,true,4,1.0347147510425508e-11
8840,vertical,9.0500000000000007,440,true,3,7.4417333194690688e-11
8841,vertical,9.0500000000000007,441,true,5,1.4870404028683543e-12
8842,vertical,9.0500000000000007,442,true,5,4.8632823685582094e-12
8843,vertical,9.0500000000000007,443,true,3,1.9986423027078497e-11
8844,vertical,9.0500000000000007,444,true,4,5.3475496039773206e-11
8845,vertical,9.0500000000000007,445,true,4,1.6682599547898263e-12
8846,vertical,9.0500000000000007,446,true,4,9.8532524082959512e-11
8847,vertical,9.0500000000000007,447,true,6,5.3442459585074815e-11
8848,vertical,9.0500000000000007,448,true,3,6.7664945963192493e-11
8849,vertical,9.0500000000000007,449,true,5,1.1976746786902601e-11
8850,vertical,9.0500000000000007,450,true,4,4.3393748240588566e-12
8851,vertical,9.0500000000000007,451,true,4,7.605316984503821e-12
8852,vertical,9.0500000000000007,452,true,3,6.3514145776855607e-11
8853,vertical,9.0500000000000007,453,true,5,2.374024037099111e-12
8854,vertical,9.0500000000000007,454,true,4,7.5130304874756588e-11
8855,vertical,9.0500000000000007,455,true,4,3.024070737496181e-11
8856,vertical,9.0500000000000007,456,true,4,1.3539376875892645e-11
8857,vertical,9.0500000000000007,457,true,6,7.6366061377806371e-12
8858,vertical,9.0500000000000007,458,true,5,5.9870789650692018e-11
8859,vertical,9.0500000000000007,459,true,5,1.7741322201542216e-11
8860,vertical,9.0500000000000007,460,true,4,5.4319034492633119e-12
8861,vertical,9.0500000000000007,461,true,4,1.0615380348549789e-12
8862,vertical,9.0500000000000007,462,true,4,2.1037418033045211e-11
8863,vertical,9.0500000000000007,463,true,5,1.7092601303591804e-12
8864,vertical,9.0500000000000007,464,true,4,1.7594984789974057e-11
8865,vertical,9.0500000000000007,465,true,3,7.4617012329139179e-12
8866,vertical,9.0500000000000007,466,true,4,7.0858117266714815e-12
8867,vertical,9.0500000000000007,467,true,5,2.9775989461146607e-12
8868,vertical,9.0500000000000007,468,true,4,2.332976532452782e-11
8869,vertical,9.0500000000000007,469,true,3,8.3623765373916908e-12
8870,vertical,9.0500000000000007,470,true,5,8.7113573141609845e-12
8871,vertical,9.0500000000000007,471,true,4,9.9555382271667261e-12
8872,vertical,9.0500000000000007,472,true,5,8.7945727287496599e-12
8873,vertical,9.0500000000000007,473,true,5,3.6348333761272971e-11
8874,vertical,9.0500000000000007,474,true,5,3.0969932056461452e-11
8875,vertical,9.0500000000000007,475,true,5,7.5569478416265305e-11
8876,vertical,9.0500000000000007,476,true,4,4.9860038365647246e-12
8877,vertical,9.0500000000000007,477,true,3,3.7990585058684391e-11
8878,vertical,9.0500000000000007,478,true,4,3.3486283734196467e-12
8879,vertical,9.0500000000000007,479,true,5,2.4051893834688563e-12
8880,vertical,9.0500000000000007,480,true,3,2.4286165576697305e-11
8881,vertical,9.0500000000000007,481,true,5,7.9967843259926303e-12
8882,vertical,9.0500000000000007,482,true,5,2.9039082024548867e-11
8883,vertical,9.0500000000000007,483,true,3,5.4739731710862355e-11
8884,vertical,9.0500000000000007,484,true,4,5.8291670558945397e-12
8885,vertical,9.0500000000000007,485,true,3,7.1611138391438535e-11
8886,vertical,9.0500000000000007,486,true,3,9.9423263749013176e-11
8887,vertical,9.0500000000000007,487,true,4,5.46270699204287e-11
8888,vertical,9.0500000000000007,488,true,4,4.3947206154430372e-11
8889,vertical,9.0500000000000007,489,true,3,1.4440307039130391e-11
8890,vertical,9.0500000000000007,490,true,4,1.2581983510702827e-11
8891,vertical,9.0500000000000007,491,true,4,2.6862575757788223e-11
8892,vertical,9.0500000000000007,492,true,4,3.3384400259415911e-11
8893,vertical,9.0500000000000007,493,true,5,7.3148792370733568e-13
8894,vertical,9.0500000000000007,494,true,4,9.7325417659059629e-12
8895,vertical,9.0500000000000007,495,true,3,8.8999783730306247e-11
8896,vertical,9.0500000000000007,496,true,4,2.0980350157178233e-11
8897,vertical,9.0500000000000007,497,true,4,8.6610439775413395e-12
8898,vertical,9.0500000000000007,498,true,4,9.1499907582842557e-12
8899,vertical,9.0500000000000007,499,true,3,7.734483083617766e-11
8900,vertical,9.0500000000000007,500,true,3,6.9345077712447463e-12
8901,vertical,9.0500000000000007,501,true,4,8.3533824753261732e-12
8902,vertical,9.0500000000000007,502,true,5,4.6385550498834536e-11
8903,vertical,9.0500000000000007,503,true,3,8.0374127469979002e-11
8904,vertical,9.0500000000000007,504,true,5,2.6742002627999471e-11
8905,vertical,9.0500000000000007,505,true,5,2.8140379312668298e-12
8906,vertical,9.0500000000000007,506,true,4,5.8648947338335025e-12
8907,vertical,9.0500000000000007,507,true,4,8.5365137138380288e-11
8908,vertical,9.0500000000000007,508,true,4,9.9509572737181345e-11
8909,vertical,9.0500000000000007,509,true,4,1.4848073876325418e-11
8910,vertical,9.0500000000000007,510,true,4,2.4570274184596002e-12
8911,vertical,9.0500000000000007,511,true,6,5.1737475398376332e-11
8912,vertical,9.0500000000000007,512,true,5,2.4007022857876438e-12
8913,vertical,9.0500000000000007,513,true,3,9.0698964164799999e-11
8914,vertical,9.0500000000000007,514,true,4,1.7444024018282481e-11
8915,vertical,9.0500000000000007,515,true,5,2.1722802306977885e-11
8916,vertical,9.0500000000000007,516,true,4,3.2451301042625835e-11
8917,vertical,9.0500000000000007,517,true,4,2.8233504301741111e-11
8918,vertical,9.0500000000000007,518,true,5,6.6887911394016855e-12
8919,vertical,9.0500000000000007,519,true,3,5.8497316251670173e-11
8920,vertical,9.0500000000000007,520,true,4,1.7132805076515173e-11
8921,vertical,9.0500000000000007,521,true,3,9.6758511144854553e-13
8922,vertical,9.0500000000000007,522,true,4,1.7472409408941248e-11
8923,vertical,9.0500000000000007,523,true,5,6.7808933316910552e-12
8924,vertical,9.0500000000000007,524,true,4,5.5141260090716891e-11
8925,vertical,9.0500000000000007,525,true,3,1.7215607122027817e-11
8926,vertical,9.0500000000000007,526,true,5,1.9979101793089572e-11
8927,vertical,9.0500000000000007,527,true,5,1.0520699560569613e-11
8928,vertical,9.0500000000000007,528,true,5,2.2773301939512701e-11
8929,vertical,9.0500000000000007,529,true,3,9.6905861286224939e-11
8930,vertical,9.0500000000000007,530,true,5,3.4503443102769219e-12
8931,vertical,9.0500000000000007,531,true,4,3.5124826293615193e-12
8932,vertical,9.0500000000000007,532,true,5,3.0184980910995441e-12
8933,vertical,9.0500000000000007,533,true,4,4.9219199230061006e-11
8934,vertical,9.0500000000000007,534,true,5,8.8109523266260338e-13
8935,vertical,9.0500000000000007,535,true,4,5.2106232236525778e-12
8936,vertical,9.0500000000000007,536,true,4,2.5471445494076748e-11
8937,vertical,9.0500000000000007,537,true,4,3.0953819538621333e-12
8938,vertical,9.0500000000000007,538,true,5,1.4965761695831935e-12
8939,vertical,9.0500000000000007,539,true,4,5.5476314531383231e-12
8940,vertical,9.0500000000000007,540,true,3,8.1216810461661027e-11
8941,vertical,9.0500000000000007,541,true,4,1.1701226426334116e-11
8942,vertical,9.0500000000000007,542,true,4,7.7158162205374154e-11
8943,vertical,9.0500000000000007,543,true,4,1.1118294743273019e-11
8944,vertical,9.0500000000000007,544,true,4,1.0601642014907374e-12
8945,vertical,9.0500000000000007,545,true,5,4.6426633353097972e-12
8946,vertical,9.0500000000000007,546,true,4,7.5098951953114734e-12
8947,vertical,9.0500000000000007,547,true,5,1.5127633913772045e-11
8948,vertical,9.0500000000000007,548,true,4,1.4596783424538049e-11
8949,vertical,9.0500000000000007,549,true,5,3.9749024964217182e-12
8950,vertical,9.0500000000000007,550,true,4,1.8342034202539997e-11
8951,vertical,9.0500000000000007,551,true,4,7.5666117595388174e-12
8952,vertical,9.0500000000000007,552,true,3,6.1482969047378533e-11
8953,vertical,9.0500000000000007,553,true,5,2.6673095905612949e-12
8954,vertical,9.0500000000000007,554,true,3,1.0098123467940932e-11
8955,vertical,9.0500000000000007,555,true,5,1.1426107209860894e-11
8956,vertical,9.0500000000000007,556,true,3,8.1785752964804363e-11
8957,vertical,9.0500000000000007,557,true,4,3.5429392472111427e-11
8958,vertical,9.0500000000000007,558,true,4,1.8581819689464009e-11
8959,vertical,9.0500000000000007,559,true,3,3.4582250511688193e-11
8960,vertical,9.0500000000000007,560,true,4,7.9018255658548687e-11
8961,vertical,9.0500000000000007,561,true,4,4.8087733215064021e-12
8962,vertical,9.0500000000000007,562,true,4,5.2793731127383457e-12
8963,vertical,9.0500000000000007,563,true,4,8.2630092614268399e-11
8964,vertical,9.0500000000000007,564,true,4,8.1355659546399355e-12
8965,vertical,9.0500000000000007,565,true,3,3.0325386115818223e-11
8966,vertical,9.0500000000000007,566,true,5,4.4937373398126143e-12
8967,vertical,9.0500000000000007,567,true,4,7.7568327235203153e-11
8968,vertical,9.0500000000000007,568,true,4,4.6626123655232966e-11
8969,vertical,9.0500000000000007,569,true,4,1.2235018050135902e-12
8970,vertical,9.0500000000000007,570,true,4,1.5652854195266104e-12
8971,vertical,9.0500000000000007,571,true,4,1.9812157976680214e-11
8972,vertical,9.0500000000000007,572,true,4,2.6504478297969369e-12
8973,vertical,9.0500000000000007,573,true,3,1.2073406813644172e-11
8974,vertical,9.0500000000000007,574,true,4,8.8429446616362223e-11
8975,vertical,9.0500000000000007,575,true,4,2.0714057365171026e-11
8976,vertical,9.0500000000000007,576,true,4,3.6761410515349352e-11
8977,vertical,9.0500000000000007,577,true,5,1.6344831679811658e-11
8978,vertical,9.0500000000000007,578,true,5,2.1133353988783424e-11
8979,vertical,9.0500000000000007,579,true,4,1.8708910682905929e-11
8980,vertical,9.0500000000000007,580,true,3,6.9750983674846459e-11
8981,vertical,9.0500000000000007,581,true,4,3.9749014391728664e-11
8982,vertical,9.0500000000000007,582,true,4,4.1137228232437153e-11
8983,vertical,9.0500000000000007,583,true,4,7.4380666557908e-12
8984,vertical,9.0500000000000007,584,true,3,2.49288448023845e-11
8985,vertical,9.0500000000000007,585,true,4,2.9447453766489036e-11
8986,vertical,9.0500000000000007,586,true,4,4.7906704381532466e-12
8987,vertical,9.0500000000000007,587,true,4,8.2309268047904426e-12
8988,vertical,9.0500000000000007,588,true,5,2.952343911956444e-11
8989,vertical,9.0500000000000007,589,true,5,1.2852139011645483e-11
8990,vertical,9.0500000000000007,590,true,4,4.1298106741655074e-12
8991,vertical,9.0500000000000007,591,true,3,1.9663469193725314e-11
8992,vertical,9.0500000000000007,592,true,4,1.0863842380504951e-11
8993,vertical,9.0500000000000007,593,true,4,2.6075966983140508e-11
8994,vertical,9.0500000000000007,594,true,4,6.0568474951192643e-11
8995,vertical,9.0500000000000007,595,true,5,3.6720254536213554e-12
8996,vertical,9.0500000000000007,596,true,5,1.3020377056485187e-11
8997,vertical,9.0500000000000007,597,true,5,2.7292930176953608e-12
8998,vertical,9.0500000000000007,598,true,5,4.7278469626349994e-12
8999,vertical,9.0500000000000007,599,true,4,2.0129686566396824e-11
9000,vertical,9.0500000000000007,600,true,5,8.4045575827076228e-11
