target,target_index,realization,relative_truth_x_um,relative_truth_y_um,estimate_x_um,estimate_y_um,error_x_um,error_y_um,error_2d_um,local_orbit_prediction_rmse_2d_um,oracle_error_x_um,oracle_error_y_um,error_vector_difference_from_oracle_um
SEX_09AW,1,1,-328.1786350536157,160.2103806924369,-323.84514829412217,157.45282177872568,4.33348675949358,-2.7575589137112257,5.136461686540103,0.1602323510397279,4.236241273097505,-2.688861579164495,0.11906304379711842
SEX_09AW,1,2,195.90488146546383,-285.12455800317485,197.8042515565842,-285.9749237220787,1.8993700911203777,-0.8503657189038306,2.081040268454568,0.08823874116388185,1.8590279479680305,-0.8387811376269383,0.04197250335023391
SEX_09AW,1,3,269.21638018458566,-37.525592651500034,264.1973734692275,-36.57986599516242,-5.0190067153581825,0.9457266563376123,5.107330742894771,0.17169547913968794,-4.865317088938866,0.9209369961934613,0.15567603707369848
SEX_09AW,1,4,299.6966404153511,68.49869459064973,295.36627237088953,67.2535231264298,-4.330368044461587,-1.2451714642199305,4.505833926788877,0.035181095780637654,-4.345391869816638,-1.25338380506318,0.017121853591967103
SEX_09AW,1,5,-77.9369805768518,-291.12585170999495,-78.90085852970502,-295.11035728682464,-0.9638779528532238,-3.984505576829704,4.099432326528093,0.06856098645788467,-0.9783750613449627,-3.9249937613119528,0.06125212111298759
SEX_09AW,1,6,-48.88203017873394,171.82804486437615,-50.02891021023278,175.1072210269594,-1.146880031498844,3.2791761625832394,3.473950217246201,0.0560539188870063,-1.1659418431244433,3.2401501202774057,0.04343252975025231
SEX_09AW,1,7,-143.47846285155774,43.67399105659511,-141.1555051721991,42.52505083499954,2.3229576793586353,-1.148940221595577,2.591562465558442,0.06525179378782216,2.3092553369678797,-1.1413888291487808,0.01564537359346303
SEX_09AW,1,8,1.5733283011182813,188.2904512120024,1.8718221331059905,192.39861579281092,0.2984938319877094,4.108164580808491,4.1189943907153,0.07082204047835548,0.2624095401439659,4.055708855988144,0.06366851014663703
SEX_10W,2,1,-160.26715566365638,163.93787540230872,-164.10680133013017,167.52824610465422,-3.839645666473793,3.5903707023455134,5.256770931316296,0.11051594957328925,-3.8589240394782394,3.580422818263031,0.02169368717892534
SEX_10W,2,2,-68.32658428614394,-268.244954507637,-70.41189210036241,-275.86663104319445,-2.0853078142184684,-7.621676535557475,7.901801180282125,0.03947876551233548,-2.071513011600885,-7.651802221222681,0.03313387263899142
SEX_10W,2,3,191.5828315292889,-11.224076274903446,194.8537864314687,-11.442305361033805,3.270954902179804,-0.21822908613035893,3.2782266404456206,0.06651484398245885,3.3208521016599946,-0.2223275851602473,0.0500652395406627
SEX_10W,2,4,-244.0590191423177,138.12527725062898,-249.35476176696278,140.91278273360655,-5.295742624645096,2.78750548297755,5.98456988965062,0.03871352004217013,-5.284994317773737,2.7728766903945825,0.018152897097609044
SEX_10W,2,5,177.64443420542466,-83.07422929515245,181.67134048373774,-84.86481769481709,4.026906278313102,-1.7905883996646526,4.40706035712368,0.23417104882357243,3.940018090822889,-1.7008228882626355,0.1249295968239713
SEX_10W,2,6,-207.5052928186578,-0.5414499269948602,-209.81254712006083,-0.43031147568607114,-2.3072543014030185,0.11113845130878901,2.309929472235472,0.24047038548172114,-2.5574393969622804,0.11422499441402323,0.2502041342351031
SEX_10W,2,7,-89.10401038749883,-203.67037634903645,-92.04974388412771,-209.6310608323566,-2.945733496628866,-5.960684483320179,6.648842406227965,0.44353619997801064,-2.76584430630254,-5.7658013614544075,0.265216047750528
SEX_10W,2,8,10.356165488599132,221.9723061491706,10.667664599441508,228.93736853256894,0.31149911084237664,6.965062383398331,6.972024505169645,0.34916153512035186,0.35118099083784493,7.332909708023692,0.36998149390747936
SEX_10AW,3,1,184.42327084981605,-214.32254713793117,186.38826011233834,-215.94145609981925,1.9649892625222924,-1.6189089618880679,2.5459868477094307,0.003185370736788015,1.9668146822908454,-1.6190513281362087,0.0018309629925352807
SEX_10AW,3,2,-139.8844972616299,268.99696474551104,-142.62656940427706,271.0459523878015,-2.742072142647184,2.0489876422904247,3.4230556515693102,0.0027899874295318765,-2.7404537570446905,2.048571757425293,0.001670967438163949
SEX_10AW,3,3,253.2180130481347,312.9353354223154,255.34446035220873,314.58797973253434,2.1264473040740155,1.6526443102189379,2.6931415397454845,0.002785558822690166,2.126891659982846,1.652074948232098,0.0007222362811231876
SEX_10AW,3,4,-110.06410933786233,-109.71960806301615,-111.45199287817674,-108.57029567386984,-1.3878835403144167,1.1493123891463148,1.8019821556610627,0.0017126070760579237,-1.3875325853237683,1.1482747438805632,0.0010953890190237847
SEX_10AW,3,5,-9.038009112279106,152.88090922008126,-10.853905134740662,158.28093533699595,-1.815896022461555,5.400026116914698,5.697171265439764,0.002007373110283543,-1.814180944044569,5.399636204502627,0.0017588421377422183
SEX_10AW,3,6,-136.09011164725595,8.927273892795663,-132.60631273849532,8.598036733218846,3.4837989087606323,-0.3292371595768159,3.4993216405366314,0.0018857615312597347,3.4819609734452683,-0.32915287041013563,0.0018398670840801248
SEX_10AW,3,7,-5.382887711968147,-44.646247851415524,-6.550912152387266,-42.37820551762744,-1.168024440419119,2.268042333788079,2.551136437212105,0.0018272162243504312,-1.1671565006319824,2.2668267624382565,0.0014936308716022825
SEX_10AW,3,8,-258.7523883359804,55.551350796867226,-254.54896534157436,54.3996056063438,4.2034229944060355,-1.1517451905234266,4.358357701450771,0.0023763169951468476,4.201605640954824,-1.1518046510925117,0.0018183259130050903
SEX_12W,4,1,222.3090306401475,-221.942129473409,223.30352313065472,-220.90093047130966,0.9944924905072355,1.041199002099351,1.4398300856864912,0.275986094937667,0.9498730111632199,0.9990075538310919,0.06140860073234221
SEX_12W,4,2,317.24210105986026,-174.65833593583525,312.3564589456575,-172.39739322765487,-4.885642114202783,2.2609427081803934,5.383433922483486,0.36612556673148144,-4.749563144510546,2.1410744269658437,0.18134467412590632
SEX_12W,4,3,-73.14385944739368,200.1928650825329,-74.5769808678323,203.6051156614155,-1.4331214204386293,3.4122505788826225,3.700985141662261,0.3247270673621429,-1.3653418142117744,3.245049366178307,0.180417073887316
SEX_12W,4,4,-354.08412990381714,-101.92132696749546,-349.4120712422719,-100.09703821841525,4.672058661545238,1.8242887490802169,5.015591847124379,0.04640610697852663,4.634851204712106,1.8108125684168925,0.03957274679953263
SEX_12W,4,5,342.19545494039505,-303.18801523215666,342.3899168011291,-301.972121631732,0.1944618607340842,1.2158936004246077,1.2313458745753274,0.25799726876699,0.20422526903740845,1.1793741720370008,0.03780202099696484
SEX_12W,4,6,167.04413841235976,315.75252937029967,170.82561433661783,320.74304290209443,3.7814759242580753,4.990513531794743,6.261372491456638,0.12358938794014461,3.703099951877846,4.924485951578674,0.1024813856060501
SEX_12W,4,7,-159.21458395216402,276.6049110146533,-161.34187354506423,278.81881969547635,-2.1272895929002127,2.2139086808230646,3.070301721180717,0.17109850465152115,-2.206470182162036,2.2558153146196105,0.08958644803767689
SEX_12W,4,8,215.2249855266263,-118.18818611043562,213.43748229109985,-115.24357166450267,-1.7875032355264668,2.9446144459329675,3.444694769092714,0.21059698112854963,-1.7554897082759169,2.8772309735972357,0.07460159697380507
SEX_13W,5,1,113.09786771030399,52.744931336793044,113.3171961802719,54.59609671354564,0.21932846996791938,1.8511653767526022,1.8641132556328417,0.036304634688737104,0.20910234878098777,1.837130085846141,0.01736556780985877
SEX_13W,5,2,-338.85481363615315,43.008385109980146,-345.57908397657053,43.962059236060824,-6.724270340417369,0.9536741260806776,6.791561377899228,0.10427909828986386,-6.819880676154753,0.965170690935615,0.09629905141422282
SEX_13W,5,3,108.04395515437183,307.1954780248719,104.22341172642166,298.33518901127746,-3.820543427950169,-8.86028901359438,9.648900118110587,0.0727793867251883,-3.7939176465271203,-8.836620131050324,0.035625106838749185
SEX_13W,5,4,-114.02396369885584,-88.06973021822223,-113.25749065901394,-90.50962831809318,0.766473039841902,-2.439898099870942,2.557456482241354,0.1199304977949506,0.7646748430071142,-2.482164725618759,0.04230485981495095
SEX_13W,5,5,-94.01485702184027,-179.03751447117185,-88.55026179997442,-173.16734253892216,5.464595221865842,5.87017193224971,8.020019915998418,0.0697548351785996,5.498500743445774,5.879988419683912,0.03529798604953355
SEX_13W,5,6,107.03607744023257,178.88145034109428,103.13553222682224,176.00612568459505,-3.900545213410335,-2.8753246564992505,4.845796615844582,0.10591947942587884,-3.862391768506882,-2.872180243260857,0.03828279891301854
SEX_13W,5,7,61.00592584342811,-144.74335626704527,57.905379723416814,-140.40306762143894,-3.100546120011295,4.340288645606334,5.3339939791394935,0.051120013010376636,-3.0750276975903077,4.3255898953746055,0.02944899219380335
SEX_13W,5,8,13.26760420041334,236.61748097252888,13.198490977384315,225.82742207318904,-0.06911322302902455,-10.79005889933983,10.790280241440446,0.18136004794908567,-0.04596900770222234,-10.63563046545886,0.15615311682455266
SEX_14W,6,1,144.19425308874614,-335.89599482178926,146.42268030384815,-339.28514650589125,2.2284272151020055,-3.389151684101983,4.056135721454423,0.22000820121461073,2.1313060361617033,-3.2786566183822856,0.14711112448470529
SEX_14W,6,2,228.39442610680885,290.77168970671795,230.07607378803365,290.890340941501,1.6816476812248007,0.11865123478302028,1.6858282947217027,0.12280031800701907,1.7052370757595554,0.14119323901871894,0.03262823147948066
SEX_14W,6,3,-191.59225332058082,-144.84260910431064,-191.22342614583448,-143.18126005135008,0.3688271747463354,1.661349052960577,1.7017973324119324,0.15445610844538915,0.34316777630931483,1.6090639420896764,0.05824205994753398
SEX_14W,6,4,-37.14507060660337,82.03365789213068,-36.05240629472843,82.55713131020771,1.0926643118749346,0.5234734180770335,1.2115856213567313,0.10571381196323912,1.0696764518768873,0.4992228048030398,0.03341457693065442
SEX_14W,6,5,81.02925138685755,189.56278938328694,84.01491935209762,192.61567381710952,2.9856679652400717,3.052884433822563,4.27016587089271,0.24728118568354668,2.863149678500733,2.9607242617381075,0.15331088645030816
SEX_14W,6,6,-247.1689787734925,298.1179287987527,-249.04007501210853,299.2309266989192,-1.8710962386160037,1.112997900166524,2.1771002411322375,0.26148897781753855,-1.9526862415171706,1.1397265278966415,0.08585655545005072
SEX_14W,6,7,12.830625106991082,100.68251079520468,14.18669085121636,103.71807695107385,1.3560657442252784,3.0355661558691756,3.3246918938932706,0.057041721197937774,1.3232672170994366,3.0697580413636842,0.04737962025274338
SEX_14W,6,8,-65.21436844922488,274.37972560792747,-66.03972981272572,279.9334009131937,-0.8253613635008424,5.5536753052661805,5.61467103013911,0.05376896373559464,-0.8676588691331659,5.561021614764002,0.04293072612889532
SEX_15W,7,1,271.53490691074416,195.95439780646473,272.02813294342116,196.13352964035454,0.493226032677015,0.17913183388983295,0.5247476852955548,0.10413172544545753,0.516716356172708,0.20787077083636518,0.037117674964214295
SEX_15W,7,2,-135.1241816463012,-133.77450378297888,-134.62465021112385,-134.40403543199378,0.499531435177355,-0.6295316490149159,0.803642801150976,0.17802923042958876,0.48504149535568786,-0.6210503696870262,0.0167895936542021
SEX_15W,7,3,231.72931791096568,-142.6691948471562,233.63710724098604,-144.62258034925148,1.9077893300203659,-1.9533855020952657,2.7304532677809243,0.3161903212483822,1.8103572595366586,-1.833434147408127,0.15453587237279845
SEX_15W,7,4,319.98713335720606,328.81966416392504,319.58225395818386,328.99294637792735,-0.404879399022208,0.17328221400234348,0.4404021496792883,0.14320626244708648,-0.38446164091698165,0.17715268461569167,0.020781371196634923
SEX_15W,7,5,198.4674223405204,-116.37541689402333,200.82648299505468,-118.0528910514307,2.3590606545343014,-1.6774741574073795,2.894665217350947,0.0853901018261587,2.340134816310922,-1.6605032276230816,0.02542046046398651
SEX_15W,7,6,-40.47657666322641,-290.05717585172584,-40.56719611339797,-287.0496247222032,-0.0906194501715577,3.0075511295226818,3.0089160309723755,0.19884802116146916,0.01509567736967199,3.1576621391546382,0.18360011820198752
SEX_15W,7,7,-107.8347765366353,316.59622937549403,-106.20378008899442,312.2564153293174,1.630996447640881,-4.339814046176618,4.6361768050419565,0.1394016718304357,1.6835791087843006,-4.25134695350215,0.1029143466150204
SEX_15W,7,8,-244.12318265694097,-140.70317207121855,-245.4328663150611,-142.29165670741702,-1.3096836581201432,-1.5884846361984808,2.058775054197418,0.185810026555951,-1.390285586719358,-1.6577273351204838,0.10626016303354738
SEX_16W,8,1,206.09999145481765,-317.12207504974805,208.81950257156117,-319.81674858562627,2.7195111167435053,-2.694673535878246,3.8284469669898886,0.21498157569077467,2.630908011086035,-2.6144163336334145,0.11954801898951169
SEX_16W,8,2,261.7273379568317,-119.75561459731976,257.24006645276637,-116.54491181272641,-4.487271504065337,3.2107027845933565,5.517627925312863,0.27264856334795834,-4.3669268269513,3.1120067153238153,0.15563982587673342
SEX_16W,8,3,-343.58439436570814,-328.5151746592355,-343.9126028883904,-327.02865837672243,-0.3282085226822629,1.4865162825130849,1.5223178027395576,0.07691867033091532,-0.31147519029815385,1.4925356244211798,0.017783050629282406
SEX_16W,8,4,-69.62443493576929,77.64698025302883,-70.18096527826224,76.23241314182492,-0.556530342492957,-1.4145671112039144,1.5201072772061568,0.2594265232082226,-0.5131965770145968,-1.3960754648681757,0.04711428885953351
SEX_16W,8,5,-195.14836383047043,177.1929633592186,-195.72248181155132,175.07249488955645,-0.57411798108089,-2.120468469662165,2.196815419426903,0.31527986546399583,-0.6363687399215223,-2.1724940891292874,0.08112842940161236
SEX_16W,8,6,154.6243856259664,-324.05638200074503,157.6124138325537,-327.00594203732516,2.9880282065873134,-2.9495600365801278,4.1985970243346715,0.11804983063496319,3.035973751051813,-3.026150222545823,0.09035945894181244
SEX_16W,8,7,146.4399680411777,337.92755440873816,149.76438762065422,343.31309475264345,3.3244195794765203,5.385540343905257,6.328965976858937,0.07926378294863175,3.286291941405068,5.324974801964174,0.07156746226830113
SEX_16W,8,8,11.656795925875464,168.90394397444055,12.866792857769822,175.64696932602422,1.2099969318943569,6.743025351583652,6.850728681482985,0.06034836590263709,1.2091054434433417,6.7923914369417275,0.04937413427331227
SEX_17W,9,1,-92.82309809849033,141.9452452846054,-89.50073150301291,142.06039776231742,3.322366595477424,0.11515247771203756,3.324361575982292,0.27364635859671405,3.2767187347728424,0.09319090587817414,0.05065607391338997
SEX_17W,9,2,-141.10823980079107,302.42961899992736,-134.50443459288,291.6377822020316,6.603805207911081,-10.7918367978958,12.652034804585835,0.17195550425526807,6.5620432013895424,-10.703100348456644,0.09807253768396505
SEX_17W,9,3,-35.17451425371863,-254.02018835020857,-32.42586163308904,-239.32638384195215,2.7486526206295836,14.69380450825643,14.948678274541562,0.05010685523402182,2.7609934517348194,14.645206553528482,0.05014037610656455
SEX_17W,9,4,-267.1952291082287,278.0787885047451,-266.71276908060565,274.9872646800814,0.482460027623091,-3.0915238246636463,3.12894346972217,0.08886910428026168,0.49209289777974163,-3.1143276767847965,0.02475495625159087
SEX_17W,9,5,-77.07004238028415,-339.34349484018554,-74.35911687833973,-323.60979174109013,2.7109255019444025,15.733703099095363,15.9655419666097,0.10348158796641467,2.7066483391174074,15.645071969294634,0.08873427348889724
SEX_17W,9,6,-191.97703375663087,-45.76375780369362,-205.7265993954108,-49.763316494304306,-13.749565638779922,-3.9995586906106886,14.319463152463397,0.2150493188013447,-13.546269164279693,-3.9398421844727594,0.21188562398035338
SEX_17W,9,7,20.144888445283314,313.68500315367373,20.97131955128883,298.9534399546783,0.8264311060055135,-14.731563198995447,14.7547261126383,0.16809785014701112,0.8373352694955756,-14.879618066624403,0.1484558675500754
SEX_17W,9,8,339.16843119207095,-47.88931915618248,347.717923479449,-49.63574184449528,8.549492287378019,-1.7464226883127976,8.726042091245603,0.27321864868370405,8.863342543551028,-1.792460225283584,0.3172088241367185
SEX_18W,10,1,89.40526951570374,330.89928901821685,91.96840129162743,336.8456184927786,2.563131775923692,5.946329474561729,6.475220360790148,0.02463178374333052,2.5575964710073578,5.962657556744489,0.01724081982632353
SEX_18W,10,2,65.38069249906982,-21.396128078049866,60.33912755929332,-17.03400199754608,-5.0415649397765065,4.362126080503785,6.666747406659038,0.26224321300026593,-5.066009409120397,4.378520361525219,0.029433051688775955
SEX_18W,10,3,203.8705755754762,89.78967505615464,194.329233410454,80.53005527309391,-9.54134216502221,-9.259619783060717,13.295780113888771,0.21206457679886825,-9.470509107043853,-9.172026200602943,0.11264971278415307
SEX_18W,10,4,33.90353088594495,-43.3750394377632,37.10031253447088,-41.78952334090558,3.1967816485259286,1.5855160968576185,3.568371365447656,0.16497067247532632,3.162039223443344,1.574863528287949,0.03633886786555853
SEX_18W,10,5,97.66795971208415,81.09067275003373,99.82911930066636,75.98046089799368,2.161159588582199,-5.110211852040058,5.548412019672967,0.037152025980654334,2.144251966140601,-5.0989956787363155,0.020289658454671133
SEX_18W,10,6,-138.96538281180946,260.8872183419343,-142.45878190915016,265.8060620980004,-3.4933990973406805,4.918843756066123,6.033146869577383,0.016719291644556242,-3.498903731607868,4.908964658809339,0.01130918038694682
SEX_18W,10,7,-256.6672819679294,316.07136099563957,-257.65554551028146,315.67863936392826,-0.9882635423520562,-0.39272163171135593,1.0634355218612288,0.085439069629723,-1.0301101617243944,-0.35855257749420844,0.0540246593602192
SEX_18W,10,8,-211.91521310013962,-266.835014477422,-212.9112155104384,-266.06796300458586,-0.9960024102987828,0.7670514728361265,1.2571351412243061,0.06609825957977843,-0.9740400563956371,0.8002413224660927,0.03979838071362686
SEX_19W,11,1,86.63679246389242,-90.24651914840173,87.54530141088938,-91.45804377614358,0.9085089469969585,-1.2115246277418559,1.5143250742157592,0.21881141357673367,0.9520421444078835,-1.1573877523340457,0.06946898988569887
SEX_19W,11,2,34.70112839314889,343.6439260027173,33.703211241371335,343.0735728017956,-0.9979171517775562,-0.5703532009217194,1.1494091593568765,0.17129939416817497,-0.9698396781882153,-0.7041613737343937,0.13672224264773694
SEX_19W,11,3,-73.14117231052761,193.9198413195784,-72.99108009935898,194.10932236862968,0.1500922111686225,0.1894810490512817,0.24172451220978938,0.27404498666675586,0.2765757710832304,0.05215794201458834,0.18669688442736088
SEX_19W,11,4,-110.39639651002312,318.4930111973322,-110.7781143951717,319.6698745318358,-0.3817178851485658,1.1768633345036354,1.2372210198429823,0.07657279787459133,-0.36176653503136436,1.2041055098697484,0.03376673644546072
SEX_19W,11,5,-103.01277636177772,242.29927802048152,-103.3569440862163,242.55947868384374,-0.34416772443856763,0.2602006633622023,0.4314577705400054,0.05253702173107399,-0.3122105644308135,0.2762645686771066,0.03576743113123178
SEX_19W,11,6,-36.45580896892727,154.01559492484265,-35.95384596998913,153.67699097829416,0.5019629989381341,-0.3386039465484887,0.6054911105220101,0.29852634596999805,0.4899328781781591,-0.20290842740041626,0.13622774211725186
SEX_19W,11,7,-115.6437082136407,130.58373150640014,-114.46914620866266,129.64311696049637,1.1745620049780363,-0.940614545903777,1.5047762715778692,0.047251880863024544,1.198308218118413,-0.9283208526870368,0.02673981173111593
SEX_19W,11,8,111.25641278478497,292.1082041694116,110.26335805652808,291.3476006234413,-0.9930547282568881,-0.7606035459702944,1.2508698763084622,0.21921891347494074,-0.8887951701886578,-0.6346952713025757,0.1634715543401493
SEX_20W,12,1,193.50956020575558,-3.149060707602595,187.05600626708596,-2.8513857440298747,-6.453553938669634,0.29767496357272055,6.4604155302315,0.23530273614068525,-6.655062211421864,0.3063503080725791,0.20169493198833333
SEX_20W,12,2,310.2832677827018,16.067714596228303,303.29040151502807,15.687900107935846,-6.99286626767374,-0.3798144882924553,7.003173400900918,0.08125337844853145,-7.05965478339931,-0.38761240515037976,0.06724219910255588
SEX_20W,12,3,69.50226131114024,221.27498143240177,73.19503911889991,225.67801836775513,3.692777807759665,4.403036935353367,5.7465939643904065,0.13801576266615465,3.7382686456455048,4.540766485364287,0.1450477344799504
SEX_20W,12,4,325.59564668003827,-293.824068305178,326.45532394925357,-293.4109964380617,0.8596772692152921,0.4130718671163137,0.953767987829545,0.20870942087695718,0.8298926688818256,0.4110799584561846,0.029851132593833547
SEX_20W,12,5,223.11523100558088,143.99913413637884,220.02199830331148,141.6668531422085,-3.0932327022693924,-2.332280994170332,3.8739673703010156,0.2597777722300685,-3.0290879106168234,-2.2380623577177516,0.11398116401903882
SEX_20W,12,6,192.69626739136703,-257.7542961061951,196.13325175104464,-258.00172372583796,3.4369843596775898,-0.2474276196428064,3.44587897576663,0.021273009672118762,3.441520279935901,-0.251297676584727,0.005962542521732203
SEX_20W,12,7,222.71314016772328,-339.61864431776036,226.12578710416173,-340.9121694426637,3.412646936438448,-1.2935251249033348,3.6495707092121,0.07729655370918134,3.441768965541911,-1.3219968270033178,0.040727514036252084
SEX_20W,12,8,-103.35415868760619,-93.99743277476105,-103.22234281940842,-94.57280683527384,0.13181586819776495,-0.575374060512776,0.5902802153381816,0.13369223146047846,0.15403197078276776,-0.5911651990244877,0.02725647206744547
SEX_21W,13,1,-97.27620689150065,188.09357429410363,-93.34226255995588,184.5479298304328,3.9339443315447555,-3.5456444636708317,5.295990244180283,0.12914020670221654,3.9960457674477823,-3.556618139100692,0.06306353854373906
SEX_21W,13,2,-3.2386527617382526,-311.1625160152507,-4.09994083271315,-297.4990146826068,-0.8612880709748979,13.663501332643877,13.690620358784502,0.14234831580767338,-0.8248277555806531,13.796277088650697,0.13769079846464138
SEX_21W,13,3,-143.12122948432835,-335.4986567811428,-138.78040218871905,-326.0959220061187,4.340827295609299,9.40273477502407,10.356360502597122,0.1537827370385746,4.306197172093704,9.287292501426293,0.12052453687166527
SEX_21W,13,4,87.12264004009215,317.3080426385085,83.79502299755553,305.59640024159364,-3.3276170425366036,-11.71164239691482,12.175204426004223,0.07413424361182076,-3.3221953774644533,-11.767970112577927,0.05658803764028584
SEX_21W,13,5,308.3261912737702,-322.19978189732427,302.5919282222759,-317.8379387371868,-5.734263051494293,4.361843160137502,7.204682400867574,0.16426021071469796,-5.761001030819045,4.370106870066934,0.0279858614333862
SEX_21W,13,6,-65.72046475838327,288.85154691563525,-63.44299902745349,277.82257875994503,2.277465730929779,-11.028968155690224,11.2616601233916,0.08946575823017075,2.3252670077757216,-11.086795735738633,0.07502660249776455
SEX_21W,13,7,-158.12730825420164,-162.76276768602747,-152.6829880160192,-161.13453666740278,5.444320238182418,1.6282310186246864,5.682583840639244,0.03965302948108429,5.457840822549457,1.6136859202196092,0.019858652754897507
SEX_21W,13,8,62.56382686052779,-248.53257566242831,60.40150158599341,-238.2343597993953,-2.1623252745343824,10.298215863033017,10.522780077266418,0.05344995495681502,-2.1489141705259485,10.33687660819706,0.040920788449931855
SEX_22W,14,1,183.208678778127,122.89786242777149,183.53373250438972,121.36307379259652,0.325053726262718,-1.534788635174962,1.5688327124392518,0.19704946021894043,0.3089507614678553,-1.594450040991532,0.0617963495620417
SEX_22W,14,2,240.00247118210993,-325.95796917303784,242.6870897679045,-328.3654356960053,2.6846185857945426,-2.407466522967507,3.6059772614927494,0.15610457362751948,2.735748310686006,-2.4656299365874474,0.07744179395779129
SEX_22W,14,3,-3.561835473798755,19.946596124711192,0.2358506943412169,20.490118457098543,3.7976861681399723,0.5435223323873525,3.8363832912634592,0.1128431951922751,3.7792301827739205,0.5646466961495928,0.028051063084870244
SEX_22W,14,4,-218.0220892096874,-124.67684647619355,-216.14228012634726,-123.20560164933829,1.879809083340161,1.4712448268552545,2.387099396832173,0.23245646038601975,1.809130571187012,1.3832109463958062,0.11289559862515129
SEX_22W,14,5,310.8050791556772,-3.7006427973434644,306.0572416424709,-3.4482971862078173,-4.747837513206343,0.2523456111356469,4.754538816674947,0.24196369000687318,-4.488445147967809,0.24445798753149095,0.25951226127133514
SEX_22W,14,6,283.7783443932761,-132.0569528473489,282.8731498422241,-131.75999767141414,-0.9051945510519642,0.29695517593476484,0.9526592002225215,0.06373631522278841,-0.8753663586223297,0.2787484597232037,0.03494575194251268
SEX_22W,14,7,-43.83504498030836,89.6241869388094,-41.60432441297893,91.42304275614826,2.2307205673294273,1.7988558173388698,2.8656581270417476,0.2851386305130402,2.287234575700616,1.7066343728175752,0.10816019587525247
SEX_22W,14,8,-15.728813118445286,-243.73781287042985,-13.021770805188622,-251.6170264241109,2.7070423132566646,-7.879213553681029,8.331271470206262,0.2532097909620514,2.699728578434579,-7.602236884274021,0.2770732143547026
SEX_23W,15,1,299.3816448540084,14.349530154999844,309.36986524737983,14.633648999763029,9.988220393371467,0.284118844763184,9.992260512242025,0.22680168116514868,9.779117348219472,0.27200333925432574,0.20945373944041287
SEX_23W,15,2,295.6737060234065,107.40425504383192,305.36579975687647,110.23035443319704,9.692093733469989,2.8260993893651087,10.09571783960596,0.21225407624071632,9.523096040536359,2.7530255445697946,0.1841195454319259
SEX_23W,15,3,23.992936747610727,-336.38404865866613,18.877747210069526,-330.74176207511647,-5.115189537541201,5.642286583549682,7.6158099960461,0.0938675864417069,-5.096689499454808,5.743617162351768,0.10300552222848924
SEX_23W,15,4,220.71709714474238,129.7490997336717,226.01075365844986,132.66619523134943,5.293656513707484,2.9170954976777312,6.044191048245362,0.06710469332411688,5.322399484162673,2.9457632923640205,0.040595576147692755
SEX_23W,15,5,-110.97903210776664,348.1446948193012,-115.13514373559364,346.1158081013011,-4.15611162782701,-2.0288867180000802,4.624894072023273,0.11825191601325621,-4.17280440662428,-1.9174700873577422,0.11266017241095357
SEX_23W,15,6,-238.0188974764866,166.55116059170908,-238.82823316236662,169.38277266955012,-0.8093356858800247,2.8316120778410347,2.9450044502197468,0.045573479442799575,-0.798037831837803,2.814819247965545,0.02023958105264258
SEX_23W,15,7,-211.01183536177038,190.5234006916897,-211.90828442350022,191.90501549127006,-0.8964490617298446,1.3816147995803916,1.6469609511751895,0.21176255678193276,-0.8898676455135899,1.4496882228199297,0.0683908326529285
SEX_23W,15,8,-5.669035664063911,-125.75638937815594,-6.4441068258838206,-122.77293428460348,-0.7750711618199104,2.9834550935524646,3.0824891891341664,0.06580167245191727,-0.7531121042333426,3.0208420154537663,0.04335876081421413
SEX_24W,16,1,246.66577418700436,-82.82972409419165,233.71430564191456,-77.0856904331884,-12.951468545089776,5.744033661003243,14.168078916112382,0.21825935653727707,-13.023899700471844,5.805847983040621,0.09522228037031025
SEX_24W,16,2,-164.3702454177068,-338.13365559202015,-166.82150184092882,-341.12407207481414,-2.4512564232220053,-2.9904164827940227,3.8666844703121703,0.04317536531280502,-2.4755326592063227,-3.0093107999435915,0.030762491025837873
SEX_24W,16,3,-82.93723971608654,-195.89324290737,-93.11898532500827,-203.08447716732428,-10.181745608921734,-7.191234259954296,12.465223376511847,0.031194572206942033,-10.187713639730205,-7.164738176600935,0.027159893681661208
SEX_24W,16,4,319.263521204142,-135.32742936730313,301.22200691325884,-126.41017192573537,-18.041514290883207,8.917257441567761,20.124952625716627,0.05778094877710351,-18.008320189355175,8.896915755799355,0.03893112580126432
SEX_24W,16,5,181.29487745613852,-83.56542503585776,172.75211434147874,-78.4673047701669,-8.542763114659762,5.0981202656908495,9.948348198401536,0.19308344012217324,-8.584976821619733,5.152928685385817,0.06918063258428643
SEX_24W,16,6,42.80260474456016,171.9671658492177,41.1511716721598,187.21003635666722,-1.6514330724003643,15.24287050744949,15.332068761243253,0.15377237642843697,-1.6331491875221928,15.408986090109352,0.16711878185489332
SEX_24W,16,7,22.90547058867319,162.29164007888758,17.89840926498179,174.83874502635874,-5.007061323691399,12.547104947471164,13.50927480148589,0.10609975989241542,-5.024628760624584,12.63804584656674,0.09262214621089943
SEX_24W,16,8,167.820706398087,4.890774680739503,155.98880068141534,4.062142090497679,-11.831905716671654,-0.8286325902418243,11.860886343685207,0.08444346557784321,-11.877268194551277,-0.8336415459202557,0.04563818616430506
SEX_25W,17,1,205.26726934877783,-294.6238181316283,202.04893576943033,-292.7168534614544,-3.218333579347476,1.9069646701739065,3.74088028159777,0.07611953382492116,-3.230258945656118,1.9140514710690013,0.013872170288819503
SEX_25W,17,2,-298.17855109265776,-246.74154449715024,-299.6176816903678,-248.60499027520513,-1.4391305977100528,-1.8634457780548832,2.3544695888917024,0.1551931999880092,-1.408215812583535,-1.8107155705482967,0.06112445274279719
SEX_25W,17,3,194.63606114724885,170.4638047062877,194.04200709136478,171.3824441414912,-0.594054055884065,0.9186394352034971,1.0939829218151935,0.24881213144817999,-0.6234847001856281,0.9778070697598196,0.06608306744541789
SEX_25W,17,4,137.74136475844526,232.7273574598199,137.85015063432982,231.66043171855455,0.1087858758845703,-1.0669257412653357,1.0724574136843656,0.09244835818257881,0.14913167773315195,-1.039777294266031,0.0486294345153125
SEX_25W,17,5,-135.44770594453894,251.01329864751526,-133.43025689916394,248.86904245861808,2.017449045374985,-2.1442561888971756,2.94413573978991,0.14019341213172312,2.067370440129764,-2.161898057634744,0.05294696579423664
SEX_25W,17,6,-171.07669763969344,134.16142218110076,-170.31196840366084,136.0464098753526,0.7647292360325839,1.8849876942518367,2.034204859871256,0.19257426618784296,0.7423276185852501,1.9681141944108163,0.08609208728412575
SEX_25W,17,7,33.929374855278624,325.61037412880853,35.53886513648676,320.51885866463687,1.609490281208133,-5.091515464171654,5.339849125883851,0.1341863221425599,1.6074939714016736,-5.19369407046014,0.10219810583323302
SEX_25W,17,8,26.982784095981312,82.11427666718824,25.69635501529682,80.3901019869163,-1.2864290806844938,-1.724174680271928,2.1512038740485657,0.27845174421113633,-1.2229571373835242,-1.640994808283068,0.10463067757825437
SEX_26W,18,1,331.1855226203318,226.62861707424995,332.19815817972056,229.8856268166579,1.012635559388751,3.257009742407943,3.4107980353985816,0.01941412988515681,1.0104352211369587,3.254866545158535,0.0030716091665723335
SEX_26W,18,2,336.0945209815625,-190.37157279057385,337.86282912926174,-193.04398718050547,1.7683081476992797,-2.6724143899316344,3.2044831684272155,0.12167280655174939,1.7231889918115826,-2.631292880366516,0.06104684084317914
SEX_26W,18,3,-140.05702231715054,87.90526779016109,-139.70830431057598,89.22083518637673,0.34871800657455604,1.3155673962156338,1.3610003020186714,0.19562870728774137,0.3431846639553555,1.2601633833973835,0.055679641853250986
SEX_26W,18,4,102.56901046384033,-23.26026790116061,101.46306518373638,-22.56603937161773,-1.105945280103945,0.6942285295428817,1.3057826058787372,0.04609656781203076,-1.0831185345393521,0.6852926955246836,0.024513454319443656
SEX_26W,18,5,-146.10017472357003,81.09587002820864,-147.0975040188434,81.73067318784034,-0.9973292952733721,0.6348031596317049,1.1822185816036208,0.20509489281463972,-1.0504031167091625,0.7070007159467337,0.08960645992148075
SEX_26W,18,6,-110.80916089592301,-205.23065545422656,-112.00792872999388,-211.11802373921236,-1.1987678340708723,-5.887368284985807,6.008173569651571,0.01545936331610914,-1.2097410173604857,-5.888463208755212,0.011027674712660815
SEX_26W,18,7,16.50462400097835,-46.407416349669084,19.391802078761955,-45.04179439147444,2.8871780777836062,1.3656219581946476,3.193856694583779,0.12328687082868035,2.860372778031495,1.3809148271939833,0.030860912770547956
SEX_26W,18,8,24.15374265633205,-343.19648439794435,29.251627340946488,-350.52440263264754,5.097884684614441,-7.3279182347032314,8.926747106988222,0.1965569885359625,5.070649701106948,-7.137184693485324,0.19266818126555485
SEX_27W,19,1,-262.07485078255655,-239.35281199437037,-260.5611550581011,-237.91407163427596,1.5136957244554468,1.4387403600944206,2.088360258671698,0.12573914515170145,1.5401298445955263,1.4275321218251804,0.028712145734518312
SEX_27W,19,2,-322.06377452185654,31.522111082782498,-327.8488877001797,31.0883003099438,-5.785113178323172,-0.4338107728386987,5.801355554750919,0.021621900710414067,-5.777846484118072,-0.4362517244242987,0.007665708663501257
SEX_27W,19,3,-301.9922612189563,58.29215673674375,-303.4136688649607,60.25983238673964,-1.421407646004394,1.9676756499958887,2.427374540466818,0.08668433332435124,-1.3477051082926437,1.9475674409912642,0.0763963620503336
SEX_27W,19,4,-131.42150530892292,207.97556720143143,-129.3667283010968,206.3463338243721,2.054777007826113,-1.6292333770593304,2.6223100405587028,0.13870089801552196,2.0138466191151565,-1.5970025496676499,0.05209724517076032
SEX_27W,19,5,-165.91349236771114,-304.13101828671097,-164.21544644982063,-301.92220660498714,1.698045917890512,2.2088116817238577,2.7860741168505205,0.1294533541399346,1.6630893804643847,2.1390461648589394,0.07803324196939045
SEX_27W,19,6,250.22644721254724,17.707416351667494,256.6477822304516,18.311695686230482,6.421335017904313,0.6042793345629907,6.449705181350856,0.06717818353899987,6.354155527308393,0.5997573343786655,0.06733151151128502
SEX_27W,19,7,-138.52291095308303,-62.89906293924855,-138.71019565134762,-64.25831294073949,-0.18728469826457336,-1.359250001490943,1.3720918791236905,0.12057707621153702,-0.14730792537477555,-1.3232903172038064,0.05377026375900541
SEX_27W,19,8,29.823216131878002,-6.609447808065888,30.01134010388269,-6.906809938852113,0.18812397200468842,-0.2973621307862248,0.3518733659550615,0.15646281062355344,0.20132897198704214,-0.30102856147228607,0.01370455174420723
SEX_28W,20,1,291.85078576825055,310.55221428111116,289.65855080500455,307.22110733158087,-2.1922349632459985,-3.3311069495303127,3.987752204348626,0.10488572623067267,-2.181008141008874,-3.338651541763511,0.013526359802593792
SEX_28W,20,2,-276.19067655274137,-293.05323383187385,-275.52221577636516,-291.9665284306605,0.6684607763762025,1.0867054012133757,1.2758402872537766,0.010225556356318192,0.6665084148850156,1.089682305828262,0.0035600107413323572
SEX_28W,20,3,-291.19202272869217,333.09456922421197,-288.7534739586523,326.19470361628754,2.4385487700398327,-6.899865607924412,7.318105322505334,0.13228860643661045,2.4296001571517536,-6.925532634829608,0.027182235794222992
SEX_28W,20,4,-8.066264420776628,-55.84198196725043,-4.791505877567035,-63.308614409890204,3.2747585432095927,-7.466632442639769,8.153198363207222,0.1571973574914179,3.2649220638905176,-7.516218844732066,0.05055262206704554
SEX_28W,20,5,34.1663824085689,-163.57998693214148,39.4314848207689,-173.81828210632247,5.265102412200002,-10.238295174181003,11.51277514262362,0.13510529024123397,5.221081275898747,-10.131500501040449,0.11551174248729588
SEX_28W,20,6,116.68086582232583,259.1921100463642,122.80015760016526,262.6779039423619,6.119291777839439,3.4857938959977814,7.042477614285241,0.18701104599799226,6.035998550994677,3.3890290915631454,0.12767610980714572
SEX_28W,20,7,97.63196560168039,1.5048522723471585,90.090287204858,1.2943370518395487,-7.541678396822388,-0.2105152205076098,7.544615941130661,0.07767555280244622,-7.579369467250899,-0.21137972320394738,0.037700983474691085
SEX_28W,20,8,-226.7513241205993,341.5801689756572,-227.1897221581303,342.4228929714612,-0.43839803753103407,0.8427239958039854,0.9499350358918748,0.19627933149446566,-0.3550967716518869,0.7442758681129931,0.12896175690075837
SEX_29W,21,1,-196.12880275922942,-223.31054795151684,-194.20661511713536,-223.50055623375277,1.922187642094069,-0.19000828223593685,1.931555973493237,0.1584007484597364,1.9104723972678244,-0.1553083576817187,0.03662419590117006
SEX_29W,21,2,261.4440583011294,-293.5271078762378,259.57392333141144,-293.06471739991974,-1.8701349697180267,0.46239047631806485,1.9264500402429054,0.12136940743027047,-1.875194073113505,0.4414430780769294,0.021549664040046306
SEX_29W,21,3,-142.1630188671956,330.67907140639414,-139.9235756364581,326.96581104606446,2.2394432307374754,-3.7132603603296737,4.336289714409262,0.16477427456020521,2.2032545210174703,-3.6233249425496297,0.0969432931278376
SEX_29W,21,4,-264.61241483487265,-333.3381935422601,-262.0709889237947,-331.74357056149455,2.5414259110780004,1.5946229807655516,3.0002780058328353,0.07640773393367728,2.5255448469926023,1.5753004592160664,0.025011358130154447
SEX_29W,21,5,285.56167336103283,-322.18472142510933,283.0733861032663,-320.9049115303515,-2.4882872577665447,1.279809894757784,2.798122020906751,0.22894079592077266,-2.4741683861713,1.3193303073342122,0.04196671949693122
SEX_29W,21,6,-172.73453997254379,212.56160637737094,-170.2022861049436,211.2837294635528,2.5322538676001685,-1.2778769138181658,2.8364201128967923,0.09277126115882385,2.513705485060285,-1.270342390093532,0.020020278284852054
SEX_29W,21,7,-142.65652868288223,262.49188138955134,-140.17368960273723,260.659080126814,2.4828390801450135,-1.832801262737372,3.086041212716875,0.10576276839208511,2.527454944602681,-1.8380630980932438,0.044925073985662645
SEX_29W,21,8,-167.81878635104977,144.3576248951355,-167.27005737265748,146.82771046387825,0.5487289783922806,2.470085568742733,2.5303016042832813,0.04044356111535796,0.5454619592799759,2.492229086133449,0.022383225333117207
SEX_30W,22,1,225.40253169325376,61.26061342323517,222.28696693690597,60.32871120315563,-3.1155647563478204,-0.9319022200795453,3.2519510295799106,0.2051291406495072,-2.9840950053181245,-0.8812071506835935,0.1409052358745784
SEX_30W,22,2,-73.05094929581058,-166.1653641570108,-74.71736386286163,-168.65898222824362,-1.6664145670510513,-2.4936180712328166,2.999177986458759,0.022190220088003407,-1.6600122667785087,-2.481852010078569,0.01339513508200996
SEX_30W,22,3,183.6616636800945,-160.554658894923,184.01711475577665,-160.07980474129323,0.35545107568215617,0.4748541536297795,0.5931542248210462,0.05236787089285947,0.34363313979972077,0.4659459580210239,0.014799309359737264
SEX_30W,22,4,-148.38337456242567,-104.48504063520433,-149.41051749915195,-102.78884778327924,-1.027142936726273,1.696192851925095,1.9829505297380616,0.16161298369213203,-1.041605033424048,1.6433341278534215,0.05480143201943834
SEX_30W,22,5,-11.71339523798743,211.5283314440397,-12.99960675488454,215.6225114872228,-1.2862115168971107,4.094180043183085,4.2914624887324155,0.19042458605370216,-1.3005364956193795,4.285062742165849,0.19141946031252344
SEX_30W,22,6,209.22554068829282,-258.29505563058143,211.7468781388694,-260.3457570447853,2.5213374505765542,-2.050701414203814,3.250002896906001,0.19379489773157813,2.597637241199351,-2.0952168093605223,0.08833616731011429
SEX_30W,22,7,-264.27770629289597,-261.74082717693074,-265.4108386071116,-261.9378122416901,-1.133132314215632,-0.19698506475935912,1.1501269309332438,0.15174522657148992,-1.1499158260235163,-0.18702362074770917,0.019517085730267926
SEX_30W,22,8,301.896711033033,141.5656797600558,300.1158411646732,140.27023288581788,-1.780869868359743,-1.2954468742379246,2.2021989219878524,0.01347804341058391,-1.7905671891699058,-1.3006335722778601,0.01099726636272334
SEX_31W,23,1,-217.83573714246737,22.102681269458156,-219.7591012434269,23.1418684306026,-1.9233641009595348,1.0391871611444468,2.18614716356135,0.02763997392581506,-1.9065056605883228,1.0366813105582047,0.01704365861281784
SEX_31W,23,2,-212.26414902614803,29.374303453716653,-214.70542044454638,31.00653507298429,-2.441271418398335,1.6322316192676334,2.936662424798884,0.14449223268210568,-2.5774517319830466,1.6563896807196556,0.13830650650330967
SEX_31W,23,3,-261.9559290706473,202.07763395863975,-262.3004770894194,204.0482642274198,-0.34454801877212154,1.9706302687800474,2.0005241796768956,0.13087862080899237,-0.3546144554536568,2.0083372423239325,0.03902754157390147
SEX_31W,23,4,-28.50771360790762,260.47479235568284,-28.404090153755195,258.35127419032483,0.10362345415242179,-2.1235181653579858,2.126044971033262,0.16531668632698696,0.09559357467252383,-1.9685896517991068,0.15513646662866026
SEX_31W,23,5,-103.74136033342809,-105.66000110172313,-103.1042011476191,-106.25163324814557,0.6371591858089987,-0.5916321464224423,0.869482849020734,0.04403787900693221,0.6467471241384004,-0.6086382120109022,0.019522674719602572
SEX_31W,23,6,-83.6308097776645,10.315485483690086,-85.49054974322489,10.629085491571727,-1.859739965560394,0.31360000788164144,1.8859951496347864,0.1306842699103813,-1.813406192300718,0.3049482644698909,0.047134607334121476
SEX_31W,23,7,-109.73534721522377,-342.3565417271785,-108.01475619742477,-340.1416707105226,1.7205910177989951,2.2148710166559393,2.804654536828573,0.059776656934076335,1.718904179874599,2.170698033722772,0.044205178920541426
SEX_31W,23,8,-197.61680341617046,42.642284580039785,-198.92343860509666,44.14699890394305,-1.306635188926187,1.504714323903262,1.9928524063512136,0.1792681668241458,-1.468903424776613,1.550311175851185,0.1685528204260324
SEX_32W,24,1,-9.063132279449235,-28.665059269616247,-10.036861691248275,-31.677133842195975,-0.9737294117990398,-3.0120745725797273,3.16555559075873,0.09164010228803718,-0.9871171077983982,-3.0275307788783117,0.020448098134438705
SEX_32W,24,2,200.7646188862869,120.1662026256581,197.60603633068575,117.17817925839921,-3.158582555601156,-2.988023367258885,4.347979692205687,0.09819175801217662,-3.1213979883853824,-2.9436777912922594,0.057872464495960244
SEX_32W,24,3,-16.642007707421364,67.0473458456924,-16.837964033802887,67.52015359661281,-0.19595632638152277,0.47280775092040916,0.5118066540983592,0.16751332016448353,-0.22618031368792124,0.5315603719274122,0.06607087016144009
SEX_32W,24,4,-23.693356310569875,9.024523610628268,-23.34485037787711,8.730887990727052,0.3485059326927646,-0.2936356199012174,0.4557173053514931,0.004666030974136401,0.3412908435199036,-0.29262211868026533,0.007285924546494254
SEX_32W,24,5,177.75027379204528,237.61042694785453,179.65208779869593,238.80352304647937,1.9018140066506395,1.1930960986248262,2.245077908769836,0.00646634066867309,1.9014413396334362,1.1968484337458847,0.0037707956145142402
SEX_32W,24,6,149.81849827554493,-207.382151771296,152.06535120135788,-208.9195589109104,2.24685292581295,-1.5374071396143898,2.722493119031068,0.08394084945141783,2.2844726041774948,-1.5704748968647948,0.05008709184833469
SEX_32W,24,7,-212.0462025526568,119.5695990312422,-209.93339490263438,117.28722094291419,2.112807650022432,-2.28237808832801,3.110177793000447,0.10299698372449836,2.079519278896754,-2.245789383931694,0.04946563394521356
SEX_32W,24,8,285.65029337869635,-279.4451194015741,285.330128887688,-278.4152924757245,-0.3201644910083763,1.0298269258495656,1.0784474018270058,0.024610829061204223,-0.3247311530739694,1.0300167871495773,0.004570607151634131
SEX_33W,25,1,9.933317750203518,274.5148113455537,9.499423102453092,264.8995784202558,-0.43389464775042624,-9.615232925297954,9.625017858325268,0.37529890494842505,-0.4189640487463162,-9.970311326910462,0.3553921694105185
SEX_33W,25,2,52.385105478914845,-233.043860081203,50.27929150618742,-226.61467804387584,-2.105813972727424,6.429182037327177,6.765266746908393,0.0945081516215313,-2.070374683172595,6.354824878826719,0.08237068813851954
SEX_33W,25,3,133.8211552806225,113.03554354453506,131.74507043994336,113.30048389842159,-2.076084840679131,0.26494035388653764,2.0929217990205022,0.2344105586297127,-2.1196410260279066,0.30750177634701004,0.06089840690852017
SEX_33W,25,4,-134.8657789857753,-255.79825689995099,-131.28154006585657,-250.646650987182,3.5842389199187323,5.151605912768965,6.275811669858837,0.30068102017426107,3.471586429567523,5.014616756319157,0.1773601211297494
SEX_33W,25,5,125.7655345259492,-12.270851319335492,129.1186503987368,-12.923487748497188,3.353115872787595,-0.6526364291616972,3.4160386948934063,0.25657596885452794,3.1526061251149713,-0.6255119816195664,0.20233609308822043
SEX_33W,25,6,-316.9769341813481,322.1493243852621,-315.5345968387882,320.9258676806337,1.4423373425599098,-1.223456704628446,1.8913443149894942,0.37025885562895144,1.4058044878173632,-1.1322977006398105,0.09820699304957896
SEX_33W,25,7,50.35841043581115,-215.0650798226361,48.20021902234232,-208.9852354657448,-2.158191413468838,6.079844356891324,6.451534513679199,0.19288284971958122,-2.106406148988704,5.967103626091642,0.12406524895603817
SEX_33W,25,8,-262.76111150096995,19.494489931212758,-270.95978992599174,18.920401526817248,-8.198678425021786,-0.5740884043955136,8.218753276074123,0.4398999223553813,-8.68702034725851,-0.544204019177954,0.48925546444949447
SEX_34W,26,1,-345.4581066728418,-255.00612482531557,-344.42171025596974,-253.6499347370451,1.0363964168720337,1.356190088270474,1.706859422573595,0.7722416130019031,0.9953858322737688,1.2255891483634969,0.1368885442748125
SEX_34W,26,2,6.686123938603118,-273.91876211322295,5.8643674416200104,-278.7291952880665,-0.821756496983108,-4.810433174843546,4.880117936071761,0.255969999372379,-0.8419307087308852,-5.108177329409045,0.2984268426223894
SEX_34W,26,3,146.63577963897077,-286.7115138211192,149.26825503717507,-290.8071438462284,2.63247539820428,-4.095630025109252,4.868686889165003,0.9995180363880001,2.172895824164641,-3.3045196703709507,0.914914738239918
SEX_34W,26,4,-14.560657929669855,-318.0030102070795,-14.691651581282633,-324.0032543158132,-0.1309936516127784,-6.000244108733698,6.001673824955526,0.7691484514303688,-0.11295211418118711,-5.11238615934144,0.8880412351754394
SEX_34W,26,5,-314.04854912728746,-199.00119284350106,-312.5115443619584,-197.85805189477458,1.5370047653291046,1.143140948726485,1.9155038181375843,0.5776888431595105,1.5848314696978036,1.2237957257274275,0.09376879387004344
SEX_34W,26,6,-65.98191858824842,-165.01552470198465,-68.03120359428533,-167.2611113913841,-2.0492850060368983,-2.245586689399458,3.0401033889615774,1.0428390903546385,-2.4574890564903598,-2.837543995060315,0.7190577157168079
SEX_34W,26,7,15.761678208385506,164.51697998489763,15.709283381502418,169.17258179167044,-0.05239482688308711,4.655601806772793,4.655896626978546,0.4685302835361039,-0.1409668282259844,4.268009636219347,0.3975835636645689
SEX_34W,26,8,-55.54101054635837,-83.9588770158261,-57.15585386971986,-83.6489972814681,-1.6148433233614898,0.3098797343580067,1.644306665063111,0.13914294418363415,-1.6703227858872083,0.325108506873903,0.05753161108889197
SEX_35W,27,1,326.05922989006,325.23062565559815,328.8347762382305,326.47590329564906,2.7755463481704807,1.2452776400509025,3.0421002500991374,0.09719856502910836,2.7618492919393702,1.218770994509498,0.02983641411523611
SEX_35W,27,2,-141.0663393116503,225.22987368837116,-141.34272249560252,226.2206144884634,-0.27638318395221506,0.9907408000922515,1.0285693935457143,0.051307624039309656,-0.2959543854676667,1.005947564045755,0.02478462423955602
SEX_35W,27,3,-118.53553381361644,-256.39381028590526,-118.81542851980659,-257.2566206810472,-0.2798947061901459,-0.8628103951419086,0.9070737701632677,0.06480010963635063,-0.2513918985002306,-0.8434207617521565,0.03447271282039295
SEX_35W,27,4,-253.209472401752,-127.02715355877443,-254.35345379792537,-127.62342942418915,-1.143981396173365,-0.5962758654147189,1.2900536199967945,0.03686223981534166,-1.1151531176490153,-0.5760063817316734,0.035240908209845094
SEX_35W,27,5,160.0306375345649,-171.70583041840067,161.308955460355,-172.98871139514787,1.2783179257901156,-1.28288097674722,1.8110439861848315,0.16916693971166682,1.2056823606426406,-1.2707319416788323,0.07364458145298951
SEX_35W,27,6,344.72442403820935,-203.92805621628733,347.52151536598853,-205.2971234168823,2.7970913277791816,-1.369067200594976,3.114171622708432,0.06420630118485778,2.795836328292239,-1.3595852343649426,0.00956465928821928
SEX_35W,27,7,-125.72720510447925,215.44899152825639,-125.47177726284555,216.0620661854196,0.25542784163370663,0.6130746571632122,0.6641565459569333,0.0495976405548207,0.2468209723643895,0.6178611175751598,0.009848268979585077
SEX_35W,27,8,-206.86850156754616,-333.93497416348146,-207.41977122747699,-335.8043160673753,-0.5512696599308344,-1.8693419038938062,1.9489323722524536,0.19924630445184538,-0.4777503450463598,-1.8243879121508257,0.08617395798447743
SEX_36W,28,1,-332.4712616805488,121.97010938188508,-328.8915156944191,119.94004051939994,3.5797459861296677,-2.0300688624851375,4.115308118676312,0.1721088653063685,3.4749024136944513,-1.9793545016607368,0.11646510668352977
SEX_36W,28,2,282.6134103490027,-100.02246775861708,277.5688794155173,-97.71093919600025,-5.044530933485437,2.311528562616837,5.548914906059104,0.1330653718998181,-5.122951967796325,2.3530659314312743,0.08874238914079362
SEX_36W,28,3,284.3437044871102,0.3201529591382173,276.34833477653575,0.31064952828642917,-7.995369710574445,-0.009503430851788165,7.995375358541289,0.21924058308859976,-7.762248850625781,-0.007395596816157146,0.23313038906913508
SEX_36W,28,4,-47.988029693760566,282.6335463745384,-49.05065331918902,287.7584773936607,-1.062623625428449,5.124931019122325,5.233936082918943,0.166698288214883,-1.0955321996245857,5.287906323772688,0.16626462095557576
SEX_36W,28,5,98.98327235422828,292.10393334105805,100.92162808732944,297.69256025121786,1.9383557331011596,5.5886269101598,5.915232344465296,0.03510760707511128,1.9462848899886467,5.616775520217118,0.02924407251231168
SEX_36W,28,6,-90.6116098571563,267.5510445548201,-93.55464658651276,272.9191583218779,-2.9430367293564563,5.368113767057793,6.121936834566047,0.11482936571936386,-2.9875139736763145,5.468789784343244,0.11006309880586075
SEX_36W,28,7,318.51123670506433,255.84001991338906,317.61759179722924,253.82608873431002,-0.8936449078351082,-2.0139311790790306,2.203297532192662,0.09771710041839263,-0.8952489721589814,-2.001098782371969,0.012932263050314656
SEX_36W,28,8,6.227448446720394,-9.601489075748685,5.390849805065175,-9.32548799826423,-0.8365986416552191,0.27600107748445624,0.8809505559291841,0.030440330190650712,-0.8426863012854557,0.280822766487117,0.007765840882479657
SEX_37W,29,1,207.29855837219262,-29.053612109004277,214.8128838601737,-30.332628174419302,7.5143254879811,-1.279016065415026,7.622399204641026,0.06940073294336269,7.5841860452187575,-1.2903906133384062,0.07078049023577927
SEX_37W,29,2,-111.84351346071527,62.646130948660954,-111.16519844187098,63.68242540269162,0.6783150188442987,1.0362944540306653,1.2385545850887865,0.09127919174151027,0.6624345885083045,1.066418096630926,0.03405322174427266
SEX_37W,29,3,102.22564312856233,-292.51006815695035,98.31709090101167,-284.5659528509888,-3.9085522275506515,7.944115305961519,8.853572641024822,0.04920530178627217,-3.9190348147293292,7.9777789679691296,0.035258002974093754
SEX_37W,29,4,-216.59161919407538,338.3373354439564,-214.89033050673314,334.967040088604,1.7012886873422364,-3.3702953553524155,3.7753508419733306,0.1478749341306426,1.6603600674276038,-3.33151916962521,0.05638035568943493
SEX_37W,29,5,133.55054681547773,-28.361610296347468,138.20760390056523,-29.84388749410532,4.657057085087504,-1.4822771977578544,4.887261644802394,0.07816554798293139,4.599263744289175,-1.4642132090534616,0.06055062285843363
SEX_37W,29,6,-252.79165001039593,180.3001531646597,-251.95725577194494,181.6859370988837,0.8343942384509795,1.385783934224001,1.617594157232753,0.15767665726074245,0.8058880032228615,1.4449811120462357,0.06570320623073175
SEX_37W,29,7,240.7130581399389,-22.87011257186947,249.59782732965314,-23.488363709664327,8.88476918971422,-0.6182511377948589,8.906253871515213,0.11131313973304763,9.007454042892022,-0.6299194852491325,0.12323848234854415
SEX_37W,29,8,-206.9806629718302,16.57076142451965,-211.43557082921495,17.075015737334404,-4.454907857384736,0.5042543128147549,4.483355487777044,0.10558976861178017,-4.567342452434133,0.5143929861966399,0.11289079174966568
SEX_38W,30,1,-260.37170828710856,185.95239483016658,-259.6893463819746,184.89976472153157,0.682361905133958,-1.0526301086350038,1.2544512406558435,0.02583297112426097,0.6870036735605254,-1.0602933268846186,0.008959404448238017
SEX_38W,30,2,318.5827073351077,-262.9768106367698,319.9656953801378,-262.3387208737841,1.3829880450300374,0.6380897629856895,1.5230937194812202,0.11448116710361729,1.3837134759592686,0.6216448907805443,0.016460864858100367
SEX_38W,30,3,143.57379430608572,29.063855144330503,140.29473387546,28.18853463463496,-3.2790604306257207,-0.8753205096955433,3.393880272253133,0.17431224240668414,-3.174155842001312,-0.8354365236066812,0.11223058879286413
SEX_38W,30,4,-202.41141570987278,301.17746806993455,-204.8857170605988,303.69167284633903,-2.4743013507260336,2.514204776404448,3.527519359535765,0.09084584863275488,-2.443881980779281,2.481883702252503,0.04438456829003661
SEX_38W,30,5,298.51334508727393,159.28231574621668,296.63740331447616,156.81920004905234,-1.8759417727977996,-2.463115697164326,3.096142191913197,0.04220811731165185,-1.8938598407243603,-2.4788534518101812,0.02384814624900606
SEX_38W,30,6,104.1613373639855,52.87007800498571,103.53628080181404,52.81730889132853,-0.6250565621714521,-0.05276911365718049,0.6272800692432039,0.22092714872789215,-0.6592429459110747,-0.10228719729359881,0.06017266356258505
SEX_38W,30,7,-121.71669725524515,75.30896740547745,-121.73961053099605,72.96494775346042,-0.022913275750889844,-2.3440196520170233,2.3441316403409695,0.23102603159125393,-0.055142833815125414,-2.278363857896551,0.07313978202459866
SEX_38W,30,8,48.732127461710924,200.89712289382365,48.021298574870016,208.42890853532668,-0.7108288868409106,7.531785641503019,7.565254302131458,0.20178447643907305,-0.6721098111980695,7.726420083157649,0.1984483124061417
SEX_39W,31,1,74.47452148292145,140.56479530265756,72.84053691191626,139.50387783699847,-1.633984571005199,-1.0609174656590752,1.9481918404570737,0.23232701225502064,-1.698885693564435,-1.1179763335313737,0.0864168392867813
SEX_39W,31,2,-340.9983978400209,-231.70495765434958,-341.3981350204898,-230.59701853785992,-0.3997371804688975,1.10793911648968,1.1778450234632554,0.20807845624762564,-0.3527847519724219,1.1810777368218908,0.08691253261651018
SEX_39W,31,3,49.65424718350403,-309.43279402195435,48.99298027296464,-302.01002852217226,-0.6612669105393986,7.42276549978209,7.452162209166517,0.0626645832610897,-0.6398219551897526,7.377542759131359,0.050049799019692906
SEX_39W,31,4,160.67093779862964,-240.90964083528758,160.66350453649446,-240.4151882972295,-0.007433262135182099,0.49445253805807815,0.49450840819752045,0.03562079316516234,0.00748296936984616,0.4969766514919911,0.015128288433886283
SEX_39W,31,5,25.719069710163723,-27.391463224675146,25.749047562411015,-28.389729979272126,0.029977852247290684,-0.9982667545969809,0.9987167691387531,0.20231007892572922,0.04269192690850332,-0.9773320897440847,0.024493017106799568
SEX_39W,31,6,-110.69995095068963,8.80376614518824,-113.7273967956861,9.155762652968175,-3.0274458449964707,0.3519965077799347,3.047840200186956,0.23200211836555948,-3.183396028403436,0.3694968415799984,0.15692903296643296
SEX_39W,31,7,-34.12814820577884,-313.9462587139967,-31.829995205041364,-305.7450686086018,2.298153000737477,8.201190105394966,8.517101993027145,0.12532319352671328,2.301119118968259,8.089813447536642,0.11141614682373997
SEX_39W,31,8,21.518457510631897,-167.71698675103744,21.06723037996674,-161.08366926728345,-0.4512271306651563,6.63331748375397,6.648646987449734,0.01993753687034216,-0.4395838439931907,6.632229718381893,0.011693988114850324
SEX_40W,32,1,68.60777560666763,116.3108262721491,74.43439948834587,117.18053391291443,5.826623881678247,0.8697076407653155,5.891174521175626,0.013313732805605941,5.827033326748079,0.8713081334876733,0.0016520357803419864
SEX_40W,32,2,216.2958836844068,74.5309303695034,209.86979920080992,70.70845376416473,-6.426084483596872,-3.822476605338669,7.47702408640536,0.20444737906500793,-6.533076594419413,-3.889048971772951,0.12601266504174524
SEX_40W,32,3,-228.94520190847027,-243.81874008641756,-229.259017507904,-242.33598832133862,-0.3138155994337425,1.482751765078923,1.5155965912117317,0.10850554539143704,-0.3462383484099689,1.4744844301502553,0.033460177495018784
SEX_40W,32,4,-216.9918287388715,-259.69277875766534,-219.22156790426698,-260.4475517344744,-2.229739165395472,-0.7547729768090793,2.354021875900845,0.10494516208231192,-2.1805157176680154,-0.7119142992115144,0.06526725098845247
SEX_40W,32,5,221.6052195545141,-36.36876335361411,212.0626802938789,-34.50486783177524,-9.542539260635195,1.8638955218388729,9.722867995457673,0.24328417995747567,-9.3542685687963,1.8226023597417864,0.1927458913737783
SEX_40W,32,6,178.98945418719933,28.994885534822373,168.15955357107953,26.689233680454596,-10.829900616119808,-2.305651854367778,11.07261386613756,0.18495128538398095,-10.685281670935296,-2.273827076611049,0.14807922131597645
SEX_40W,32,7,-298.8719705935326,-133.38535538667614,-292.4682390148199,-127.60579169895746,6.403731578712635,5.779563687718681,8.626188877632913,0.29572561737693304,6.330021545531736,5.696396341133607,0.11113044825578207
SEX_40W,32,8,-103.31503657741013,-46.70178844826143,-99.49946896454504,-44.528088978725386,3.8155676128650793,2.1736994695360443,4.391301127479895,0.14298947684478427,3.842660312172626,2.2052598556325904,0.04159413812464683
SEX_41W,33,1,-261.58410917603976,297.66550554707095,-259.8651001217371,296.50745883906046,1.7190090543026788,-1.1580467080105246,2.072694938168327,0.16999357309246405,1.6961772099945733,-1.1531533456724787,0.023350334247735593
SEX_41W,33,2,276.17531368508946,-117.66176759554553,278.1997378435201,-119.96494724883867,2.024424158430648,-2.3031796532931454,3.0664196856564128,0.20402445760861188,2.196363820744523,-2.3906982800321117,0.19293200227770363
SEX_41W,33,3,-253.86877106121312,-294.2969262447232,-250.95131088094442,-293.1855779897401,2.917460180268687,1.1113482549830485,3.121965542299797,0.06893489296006935,2.9280059712177717,1.100713188429097,0.01497726100956972
SEX_41W,33,4,113.1668071144377,287.0433361529706,111.49180123912707,283.5188776643481,-1.6750058753106276,-3.524458488622477,3.902236835501935,0.1589688522143662,-1.606012921588615,-3.450009480487381,0.10150213039925479
SEX_41W,33,5,-297.1677148142177,13.88835592856626,-298.4216856422292,14.195713362123811,-1.253970828011511,0.3073574335575517,1.2910892414806032,0.06215408692946808,-1.1918167219175189,0.3037803359368514,0.06225695568955523
SEX_41W,33,6,0.07864254189507329,240.07905896613715,0.4166811995982572,233.05261147150657,0.3380386577031839,-7.026447494630581,7.034574225132758,0.151482663101482,0.3622052269411651,-6.90647531384073,0.12238197266022026
SEX_41W,33,7,264.27426673756185,122.40319728946207,266.1021286422491,123.71018996085282,1.8278619046873053,1.3069926713907427,2.2470667514954275,0.20039536416425216,1.71367524447993,1.230321450435511,0.1375393379803776
SEX_41W,33,8,220.02750631736106,38.189256850196514,222.4385541325919,38.815260609867565,2.4110478152308206,0.6260037596710452,2.4909902196619713,0.1994757651518676,2.5984215327788434,0.6683643392857164,0.19210239127365678
SEX_42W,34,1,-297.4750460858441,-161.1075565653229,-293.5927551193359,-157.969234690691,3.8822909665081857,3.138321874631924,4.99211852197284,0.1324310786118444,3.8285806157779803,3.090182648056981,0.07212618741341732
SEX_42W,34,2,310.1697222569563,308.6057356757144,309.29581490585974,307.58611304417593,-0.8739073510965231,-1.0196226315384478,1.3428865808570474,0.19054924878326993,-0.8979052338490874,-1.0171397532940887,0.02412598310913227
SEX_42W,34,3,24.947663997678536,310.27943016589126,27.363740790597454,316.94187467136845,2.4160767929189157,6.6624445054771835,7.087001753763326,0.21489402325538812,2.430470346740062,6.9079242673550425,0.24590137836785828
SEX_42W,34,4,229.2202497002289,-190.3192213725726,229.12029199126954,-188.19412254818744,-0.09995770895935142,2.1250988243851823,2.127448367642253,0.05006090796534634,-0.0912581533359571,2.1298569868556854,0.00991576412286193
SEX_42W,34,5,176.80348052324527,-249.25790370769968,179.48171576679496,-248.38152196216723,2.6782352435496737,0.8763817455324525,2.817976043846734,0.05315062895720739,2.693000181980409,0.865905647741215,0.018103923105089025
SEX_42W,34,6,-332.9010372263703,171.09379793692887,-328.56906584438747,167.02304694870352,4.3319713819828225,-4.070750988225335,5.944492380553255,0.08690542595564581,4.296298627424164,-4.040509592922405,0.046766306329133485
SEX_42W,34,7,48.79834385067504,-257.2291468273353,51.82865217464432,-262.8422505017833,3.030308323969278,-5.613103674448057,6.378847967965671,0.014052379572483389,3.019894612745702,-5.614300330409947,0.010482240549575004
SEX_42W,34,8,-152.1821974507428,311.2864524706083,-153.28653371489034,314.8700847021655,-1.1043362641475574,3.583632231557183,3.749930473404393,0.24324376076758927,-1.2186774197518844,3.7731224818721216,0.22131528376809192
SEX_43W,35,1,-316.34816383761165,-144.2204403655523,-321.16064251594446,-147.2348355026009,-4.812478678332791,-3.0143951370486186,5.678602739377891,0.04655027246061989,-4.846301512236835,-3.0309839462518653,0.03767190842102679
SEX_43W,35,2,-138.04791789061278,-180.06447917153767,-135.28070009755476,-180.5935813241001,2.7672177930580117,-0.5291021525624043,2.817346872868696,0.2085199791812565,2.8258692536736305,-0.563110766547311,0.06779808004302088
SEX_43W,35,3,153.5041992169438,-25.017709918731352,158.55238600311264,-26.392003756108544,5.048186786168872,-1.3742938373771907,5.231909152451228,0.012536767731018408,5.040655780426874,-1.3725063959349235,0.007740219273091046
SEX_43W,35,4,187.72307389209269,51.98749128624637,194.56982597232098,54.68338863012777,6.8467520802283035,2.6958973438814047,7.358388175195532,0.16339544072885906,6.711025553760919,2.6463876480460584,0.14447456512691115
SEX_43W,35,5,-269.2559169532649,-79.75084245283824,-275.09184011926783,-82.42793144117704,-5.835923166002939,-2.6770889883387943,6.42065453446723,0.10461314750672429,-5.7455679130681006,-2.641556554468565,0.09709081104646725
SEX_43W,35,6,-104.845192979416,-321.30573723180646,-102.71612788465849,-315.5296492542571,2.1290650947574985,5.776087977549325,6.155981684679106,0.037858027435509596,2.1496015100903776,5.791223517376295,0.0255113488584654
SEX_43W,35,7,-8.027270885316106,314.17035605344836,-8.420803478441503,306.0990995818618,-0.3935325931253953,-8.071256471586548,8.08084456798791,0.032235525628888165,-0.3773122397001858,-8.088390026549632,0.023593612926208412
SEX_43W,35,8,316.68604129847193,113.99093194731259,324.14571232486986,117.0925360650531,7.459671026397883,3.1016041177405156,8.078777130560352,0.11392401676037704,7.566380787651212,3.1473892108678285,0.11611738844556933
SEX_44W,36,1,-336.65280704043977,-214.10758752807934,-335.82464772072785,-216.25414932710677,0.8281593197119637,-2.146561799027454,2.300777133029134,0.1800195471209501,0.7744405919322048,-2.2100544308075314,0.08316859987180443
SEX_44W,36,2,4.687593330589288,-221.68957715696408,3.407118499667946,-208.78828551633652,-1.280474830921342,12.901291640627559,12.964680550987346,0.1928968945938255,-1.2705727369733681,13.058828083898987,0.15784733898031542
SEX_44W,36,3,247.67335673765317,11.468877379968365,258.94186644055196,11.885307750208034,11.268509702898799,0.4164303702396686,11.276201717669931,0.1525632726211673,11.442098170199955,0.4238865110486074,0.17374852521885592
SEX_44W,36,4,-109.3384840812915,28.31074539186459,-112.90224281355654,30.424269022998008,-3.5637587322650512,2.113523631133416,4.143351112463773,0.061805541978044706,-3.6067730068677406,2.1315580489392545,0.04664191296667742
SEX_44W,36,5,-110.843070739807,-331.7592119536571,-107.54795972286654,-319.1629828376422,3.2951110169404743,12.596229116014923,13.020090036443857,0.12297927120104077,3.341801422679211,12.688701606933876,0.10359129096986681
SEX_44W,36,6,-83.23628446536385,213.23605444201218,-78.32232513886538,203.94926323341448,4.913959326498474,-9.286791208597695,10.50673532618809,0.1384367977840421,4.965781286005125,-9.350998143546093,0.08251088402493853
SEX_44W,36,7,188.48695113733785,251.58143054019797,182.59679930046278,247.39049645342914,-5.8901518368750905,-4.190934086768816,7.228956852899577,0.15211627146555082,-5.8534247327718845,-4.202146283804012,0.03840043669235811
SEX_44W,36,8,243.79354050581202,196.73689791227181,243.34898938095688,198.82525314233703,-0.4445511248551417,2.088355230065223,2.1351471306565135,0.03609435430556654,-0.4529798961030167,2.073263544002458,0.01728592412820481
SEX_45W,37,1,315.68528714639905,112.43762427213127,317.42132115099156,113.56194500028498,1.7360340045925022,1.1243207281537095,2.0683111866587116,0.09928458797998284,1.6649592499206278,1.0811531824597864,0.08315682625560017
SEX_45W,37,2,-26.18715544862625,210.12989955106124,-25.459694851946995,214.9428636891946,0.7274605966792543,4.812964138133351,4.867630092219278,0.25068943618862777,0.7148452068885938,4.553696335537865,0.25957453943378656
SEX_45W,37,3,207.12592186014697,18.50328407037184,206.84050100405452,18.32059779626276,-0.28542085609247664,-0.1826862741090834,0.33887953588321235,0.208717653490972,-0.46096605578136973,-0.20381902224984216,0.17681264145358527
SEX_45W,37,4,-222.9456586795624,-4.0567161567850665,-223.69996260791126,-4.075290881931213,-0.754303928348878,-0.018574725146146033,0.7545325948803034,0.225339913221981,-0.9659042707643835,-0.02104894995473039,0.21161480737122945
SEX_45W,37,5,274.45723884245456,164.29720957544848,276.44236578141766,165.24642582687983,1.9851269389630595,0.9492162514313472,2.200395522577299,0.06605775249230587,1.9907711503026917,0.9694052818723833,0.020963159871439055
SEX_45W,37,6,24.514491864171067,323.1304745196523,26.08902177915628,329.0256241077258,1.5745299149852126,5.895149588073492,6.101797531789006,0.12996090684547998,1.5284820674626154,5.779542351393445,0.12444049756514453
SEX_45W,37,7,337.8619972520425,-212.71554694077633,339.702197578161,-214.49288972902625,1.8402003261185096,-1.7773427882498862,2.5583753882475007,0.23410028837689553,1.7691248680659442,-1.6982099681994782,0.10636599055389953
SEX_45W,37,8,-16.02102051084634,251.6682123934556,-13.842299104971682,256.16574217559065,2.17872140587466,4.497529782135053,4.997459465129081,0.15808659556919327,2.1208620284468207,4.641592025425865,0.15524702089997847
SEX_47W,38,1,-334.0029590256187,177.10711156279845,-326.20324319683846,171.8818646971576,7.799715828780268,-5.225246865640836,9.388225168614932,0.25620601524389214,7.706422328714666,-5.120283656726485,0.14043130840410237
SEX_47W,38,2,-177.65769946429876,-324.8421445884877,-179.92736931443199,-324.08625403214285,-2.269669850133235,0.7558905563448838,2.3922315443483306,1.170830978330382,-2.1676087838477827,0.7931270447870133,0.10864169237831449
SEX_47W,38,3,69.4831799746964,-117.43094447426307,71.99364631680092,-118.16732004287034,2.5104663421045146,-0.7363755686072749,2.6162358901447154,0.2670496537246142,2.4295136380128923,-0.804533359325589,0.10582449969334726
SEX_47W,38,4,-105.5337677834688,40.00035109218794,-102.71324989863494,37.643974365832904,2.8205178848338703,-2.356376726355036,3.6753003163245594,1.939504919242001,3.543464620465528,-2.825045941117878,0.861569971288977
SEX_47W,38,5,-66.15235730664821,-44.59307405974493,-64.70575351053326,-42.473170222112536,1.4466037961149665,2.119903837632394,2.566447900063974,1.630340271997665,1.5612621198039136,2.459306524402642,0.3582467236110087
SEX_47W,38,6,-113.63880299820144,31.0003047669184,-107.14568326733222,28.146958946623712,6.493119730869228,-2.8533458202946904,7.092403415598725,0.8299597508596428,6.9584294501050294,-3.047157901671717,0.5040597759224548
SEX_47W,38,7,256.35029168189584,38.47163158415331,242.8385835624583,36.90736270602459,-13.51170811943753,-1.564268878128713,13.601955500146152,1.7604679766077407,-15.298199234295794,-1.8771834951520638,1.813688523703668
SEX_47W,38,8,-210.6145250924106,-350.0645386453951,-211.05062326469366,-351.65259616497775,-0.43609817228308145,-1.5880575195826967,1.6468479897585542,0.1987827270178336,-0.4096007236809953,-1.429585675065141,0.16067184036792678
SEX_47E,39,1,-219.18390026758402,101.43146827026912,-225.38148208383936,106.46956266709405,-6.197581816255325,5.038094396824939,7.987015432594174,0.04797906028455867,-6.196101268719616,5.041401624767076,0.00362350350720735
SEX_47E,39,2,-217.77609184520884,250.95613489371874,-216.89930494870637,253.16834120371612,0.876786896502463,2.2122063099973777,2.3796243442759266,0.1769187781804882,0.82592225839457,2.202740398402767,0.05173794441378495
SEX_47E,39,3,-70.48061930984454,-323.83866504833304,-67.79116526400047,-317.17522339051095,2.6894540458440686,6.663441657822091,7.185723191990201,0.2858284514504307,2.585439301509254,6.390656557400064,0.2919431075591479
SEX_47E,39,4,297.92513421856125,243.98319160786906,299.910260064664,248.2164513604746,1.9851258461027195,4.233259752605545,4.675597582972149,0.09210775372798552,1.996849011552058,4.230276056270014,0.012096902577735644
SEX_47E,39,5,-33.83421697116782,-182.92917125131927,-31.569313928050395,-175.9721015173937,2.264903043117427,6.957069733925592,7.3164612400685956,0.05546434706317175,2.219910986765619,6.944743053183771,0.04665010388922011
SEX_47E,39,6,127.88968320668126,215.1425964436166,124.4869213713294,214.42744544645294,-3.4027618353518623,-0.7151509971636751,3.477100668210711,0.21600117352545828,-3.338317407822572,-0.6349543940725937,0.1028813850360034
SEX_47E,39,7,-240.40515649105404,239.76197132891357,-240.8387649669273,243.207832186084,-0.4336084758732443,3.4458608571704112,3.47303517939688,0.37124484500087523,-0.5024320036257848,3.4158831494655715,0.07506890788829632
SEX_47E,39,8,-276.1155632004846,-82.44277040290804,-286.9209184507646,-86.32088183863223,-10.805355250280002,-3.8781114357241933,11.4802199627293,0.04739764158139558,-10.815084635776884,-3.886455892601944,0.01281760128618423
SEX_45E,40,1,-39.34939980202993,102.01661835115098,-36.843020322747854,101.18055782467938,2.5063794792820766,-0.8360605264716013,2.642145964569381,0.12056477734928786,2.427113053720447,-0.8229004276030167,0.08035144319518026
SEX_45E,40,2,320.7210497292377,-190.3464385509064,321.1270995564238,-192.92804149189854,0.4060498271861012,-2.581602940992145,2.6133408134219986,0.11988567407738207,0.4156703440687579,-2.6057665690363194,0.026008369140465223
SEX_45E,40,3,-318.02656390341434,-120.10626609553661,-321.14597627464,-121.23443752646996,-3.119412371225649,-1.1281714309333393,3.3171530443031725,0.2705145607576519,-2.9537888450138894,-1.0447431481975826,0.18544926744275578
SEX_45E,40,4,-88.71589304453718,-86.68014374067856,-86.09274631766594,-89.2658627061793,2.623146726871245,-2.5857189655007446,3.683319334410956,0.13418336657822813,2.6089028794601745,-2.560081260425136,0.029328810248862056
SEX_45E,40,5,296.24273548483757,167.02301547682794,298.52587971329046,169.2425639992327,2.283144228452862,2.219548522404744,3.1842021310254,0.2648031754258453,2.1227780889830683,2.1149540617459763,0.19146096178841218
SEX_45E,40,6,-42.25196695322867,341.94262571422263,-40.4294091749623,335.3030164635674,1.8225577782663682,-6.639609250655258,6.8852108069765094,0.13926529488639233,1.7843040520960614,-6.767639316180862,0.1336227721775115
SEX_45E,40,7,-95.8997788020427,204.00847196249828,-92.03999329277447,200.64907138914668,3.859785509268245,-3.3594005733515946,5.116983133623966,0.08092656206469201,3.826443237148851,-3.4052385423332225,0.05668180052225227
SEX_45E,40,8,201.21257772112233,-157.6119435164072,200.58605674379726,-158.6540061849138,-0.6265209773250726,-1.0420626685066225,1.2159042479255953,0.2124235579401419,-0.6395764911416677,-1.1127459593107858,0.07187888452056844
SEX_44E,41,1,278.04849271560664,-311.2724794860014,281.19669077721255,-313.77037882531187,3.148198061605925,-2.497899339310502,4.018787397266388,0.008190466886395381,3.1468127354576154,-2.4970522324795184,0.001623797561363264
SEX_44E,41,2,32.22786166607328,-182.8361357441895,33.430464192483186,-194.13992281665048,1.2026025264099092,-11.303787072460969,11.36757911853105,0.0075368027070732415,1.2024189408772905,-11.295770148882156,0.008019025334559981
SEX_44E,41,3,-244.84229955209162,-162.14229010618746,-241.23488149644393,-157.44832252191222,3.6074180556476976,4.693967584275239,5.920033505854485,0.0015936693069121717,3.607068949103393,4.694021197297388,0.00035319928570172644
SEX_44E,41,4,-100.08310970150244,-162.91221147735482,-105.69086915257802,-166.5478325365803,-5.607759451075584,-3.6356210592254925,6.68316590751804,0.00963041707105626,-5.603791218972134,-3.634483019261438,0.0041281958512931795
SEX_44E,41,5,-40.69253753491496,-327.4023244489235,-44.118514319059805,-336.8350695308906,-3.425976784144849,-9.432745081967125,10.035636337914726,0.015027026149369132,-3.423119328224807,-9.422596180146854,0.010543493846561542
SEX_44E,41,6,121.54613752599316,-106.53230210936901,122.2126065600964,-103.55043719509074,0.666469034103247,2.9818649142782774,3.0554376675727344,0.0015190194953728384,0.6666898726248149,2.9820137346767837,0.00026630276682732386
SEX_44E,41,7,57.56653077566474,-67.27391491000047,59.291021176101005,-66.73673670163586,1.7244904004362687,0.5371782083646082,1.8062191364113749,0.002575839284337516,1.7245381807677589,0.5377122090535167,0.0005361340278625203
SEX_44E,41,8,35.580872546478005,19.4475026378934,35.1744668068782,18.635931188347477,-0.40640573959980497,-0.811571449545923,0.9076419133654721,0.005929699871344513,-0.4060132200065496,-0.8116848303411661,0.00040856680704546796
SEX_43E,42,1,-79.53879569767507,-197.60991256249537,-82.74588645279863,-201.46428826330592,-3.207090755123548,-3.854375700810544,5.014144309311181,0.020007200142656632,-3.211836798953442,-3.8639447911470484,0.010681405427351597
SEX_43E,42,2,-329.1815387595876,222.18402202268499,-325.66953102407206,217.99639364862546,3.512007735515573,-4.187628374059525,5.465384683034639,0.03614115395991304,3.497993505633815,-4.174208871078633,0.019403136329802836
SEX_43E,42,3,-156.69453262385105,322.66555799787096,-159.88258893510417,326.32111442314346,-3.1880563112531024,3.65555642527248,4.850442848036832,0.024823356652819466,-3.178285672469883,3.646523018492644,0.013306683293824098
SEX_43E,42,4,160.35192355775084,236.76055741985508,163.51045410980356,236.70256231006357,3.1585305520527163,-0.05799510979150068,3.1590629435024185,0.015121245477513317,3.156706521520505,-0.05834481364951216,0.0018572507021799147
SEX_43E,42,5,-133.8607769041467,-230.20274619783504,-138.47158999693056,-234.96408248543105,-4.6108130927838555,-4.761336287596014,6.627965043674085,0.00563758629212992,-4.607410463730531,-4.761180139379206,0.0034062100258409967
SEX_43E,42,6,84.06287118655317,-177.63524074996337,87.15059156938962,-182.65308637838368,3.0877203828364514,-5.0178456284202975,5.891756267297585,0.02851687298605584,3.100619201696375,-5.0328340286829985,0.01977452073796123
SEX_43E,42,7,-122.74718571285149,-91.46068733859157,-121.28188991312201,-87.8207288224823,1.4652957997294782,3.639958516109268,3.9238233624490837,0.009576347702763173,1.4665074201615482,3.641801527686823,0.0022056100621852376
SEX_43E,42,8,332.2029652587816,-197.2579558941404,327.0780044321135,-193.375070642756,-5.124960826668134,3.882885251384405,6.429776150870375,0.027777958982040166,-5.108290301550937,3.869287930862498,0.02151263659011955
SEX_42E,43,1,308.0726170215404,-302.2760572062655,308.2202691681419,-304.52973283668797,0.14765214660146128,-2.253675630422506,2.2585072511630995,0.014431952159661273,0.15042720693850242,-2.254864821561398,0.003019128258129817
SEX_42E,43,2,251.26083201949584,22.702405168162187,256.7029005778468,23.265021796960603,5.4420685583509245,0.5626166287984159,5.4710737213815905,0.005023893420335082,5.446741364184589,0.5629127089454649,0.00468217661057434
SEX_42E,43,3,-230.141599192597,110.63004423273026,-234.53729165530765,113.57167619948017,-4.395692462710654,2.941631966749898,5.289169202675986,0.030449062005325014,-4.411982743102726,2.953348899306121,0.0200663834255056
SEX_42E,43,4,-36.68273400696016,-337.6153002012373,-34.82332537058667,-331.9590369156065,1.8594086363734814,5.656263285630807,5.954050288114411,0.02133378759867795,1.8545672464201104,5.632613744234618,0.024140005487378418
SEX_42E,43,5,164.69459030160547,340.86538750025636,164.59927449979347,336.96327430764677,-0.09531580181200623,-3.9021131926096,3.903277144914636,0.006122153680550986,-0.09869996973529283,-3.904378496538925,0.00407236963268515
SEX_42E,43,6,185.47322139186122,-62.376914286905325,188.31090925891252,-64.06216437953381,2.8376878670512964,-1.6852500926284861,3.3003848723314766,0.012876573559812234,2.831594259230144,-1.6816197436427842,0.007093059286090658
SEX_42E,43,7,139.91077259724193,120.16736116122466,140.24190260552567,121.37843515502473,0.3311300082837142,1.2110739938000592,1.2555267025614385,0.029750499880657727,0.33609926937651835,1.2061865660631383,0.006969971713865163
SEX_42E,43,8,-327.7284326690946,-202.22925877914872,-331.161971276102,-203.59851489415314,-3.4335386070073617,-1.3692561150044282,3.6964915358062265,0.006876882139988586,-3.4358717631486684,-1.371955507464179,0.003567959813601618
SEX_41E,44,1,-185.35459723811286,110.83917100876205,-185.8891310764725,109.85395271450054,-0.534533838359645,-0.985218294261524,1.1208842543720032,0.033311961666206404,-0.5397189249564462,-0.9726831900591151,0.013565174542982379
SEX_41E,44,2,223.49436322291706,-94.63300079697892,221.35781139707686,-92.7779137742788,-2.1365518258401983,1.8550870227001235,2.8295232047628613,0.008141984273524349,-2.140753668275579,1.8570117627891278,0.004621699282946299
SEX_41E,44,3,-157.16398720770496,118.8702885092785,-157.9909281349475,118.00944433447646,-0.8269409272425288,-0.8608441748020443,1.1936850465844606,0.022186194070260287,-0.8282016854295478,-0.8647364756187272,0.004091395465325467
SEX_41E,44,4,-268.5126484367851,-302.27174585603484,-270.18842052603003,-300.4176791182141,-1.6757720892449415,1.8540667378207,2.4991549698619027,0.02829711628872627,-1.6789195413758762,1.8546465263129335,0.003200407725939254
SEX_41E,44,5,53.625016825116745,157.00258053657768,54.64208067557346,160.93249510351325,1.017063850456715,3.9299145669355666,4.059390025523317,0.02760984756584334,1.0155302172861624,3.9133466151238565,0.016638781744375632
SEX_41E,44,6,327.3843751745788,-203.13330718678228,328.49442470037235,-201.63557524345822,1.1100495257935354,1.497731943324055,1.864245403311405,0.00816875708122425,1.1092098026879285,1.4967414882874834,0.0012985130240241124
SEX_41E,44,7,253.23436937841672,295.15308817895834,252.6956536422327,295.700114974517,-0.5387157361839848,0.5470267955587121,0.7677583991539824,0.02013124791796256,-0.5395369942903017,0.5487754551636499,0.0019319097523259649
SEX_41E,44,8,108.64865449448246,-42.91097542299922,106.29185790008916,-41.43678889413466,-2.3567965943933022,1.4741865288645652,2.7798769953416325,0.031195810434250255,-2.367346408593889,1.483922267475947,0.014355597722702021
SEX_40E,45,1,-186.6141775564706,76.29893906938847,-193.4988287222457,82.45759664876468,-6.88465116577508,6.158657579376209,9.237287743402614,0.01032999710580904,-6.879931408477859,6.154450286645869,0.006322770046700057
SEX_40E,45,2,209.8675603653014,-24.888479426566523,220.14574754149226,-26.73459498893148,10.278187176190873,-1.8461155623649572,10.442666053188745,0.01095525790418816,10.268773924875802,-1.8447368584367574,0.009513680930234561
SEX_40E,45,3,334.46671005935633,-274.8645840433464,338.3700991129514,-279.6507300935404,3.903389053595038,-4.7861460501940245,6.176053765756369,0.015384961714616646,3.906440605790465,-4.789920826407354,0.004853957793608194
SEX_40E,45,4,290.5671397185551,-171.07232192470735,294.7910431362832,-175.67940375297843,4.223903417728136,-4.607081828271079,6.2503250359226135,0.03032176160885503,4.233673056624582,-4.617019203219115,0.013935467879651954
SEX_40E,45,5,8.279976006212767,48.827828945504216,9.638704837166411,41.67842371557355,1.3587288309536456,-7.149405229930668,7.277371721839187,0.03190948082501195,1.355142711295784,-7.154151802148931,0.005948966466848463
SEX_40E,45,6,251.18940794432402,251.979702129032,253.07538906934798,255.73836391462282,1.8859811250239704,3.758661785590819,4.205289909436381,0.02951628207403033,1.8836393061703802,3.762090274782736,0.004151945770614109
SEX_40E,45,7,12.419417832936581,145.67275397344045,16.074553305003096,140.35991209963223,3.655135472066514,-5.312841873808208,6.448744381292284,0.029841775883501464,3.650522585958427,-5.331101354684989,0.01883314525340178
SEX_40E,45,8,187.9556716289338,259.39410012461764,185.88606384704943,258.3562718955109,-2.069607781884361,-1.0378282291067273,2.3152459489149546,0.02540523198086928,-2.059598189457148,-1.0305371675414676,0.012383518050510639
SEX_39E,46,1,97.77504546667649,291.2367143168872,103.57327765380212,300.9603494120942,5.798232187125634,9.723635095207058,11.321156122965625,0.024271729925182527,5.794285783599818,9.700085673892204,0.023877800255741228
SEX_39E,46,2,169.84989157106799,-278.332181421395,172.6846148064575,-280.51401053123783,2.8347232353894984,-2.1818291098428184,3.57715446770399,0.009686874932491544,2.833919228597182,-2.179191585478577,0.002757346857770688
SEX_39E,46,3,5.351161674588844,258.7258566766536,5.218232185175718,270.62339327954174,-0.13292948941312566,11.897536602888126,11.89827918088235,0.005960492796237684,-0.12885507390062534,11.899532784660039,0.004537136038848922
SEX_39E,46,4,-70.43979477163197,-289.49844327676743,-71.78356996212297,-299.0950559478728,-1.3437751904909985,-9.596612671105426,9.6902376917081,0.006336409174329769,-1.3395244304509362,-9.595557228105974,0.004379831143238449
SEX_39E,46,5,16.502932339878626,-43.72226989907566,19.012960542377417,-49.31373438165682,2.5100282024987925,-5.591464482581156,6.129006170441165,0.019842021381963157,2.5154877438646785,-5.593136500826667,0.005709836857489192
SEX_39E,46,6,294.6054953568629,-164.861285417293,293.6570215348857,-161.8271727495,-0.9484738219771696,3.0341126677929946,3.1789058293441004,0.019773844416156806,-0.9394425297095381,3.0254184446065437,0.012536098150509158
SEX_39E,46,7,-305.5724143562404,-267.16703979318993,-308.2344212263053,-267.6663268910558,-2.6620068700649107,-0.4992870978658766,2.708425406461864,0.020349586158931746,-2.660690726400901,-0.49512177117628653,0.004368315530650714
SEX_39E,46,8,48.05961543010232,-241.30235824122366,50.95767493947028,-250.18018862596497,2.8980595093679584,-8.877830384741317,9.338876873590007,0.036456679656266325,2.8941677405207713,-8.851266058825331,0.02684789146526546
SEX_38E,47,1,169.66620360695956,146.388769781714,167.48926807925287,147.74770495363387,-2.1769355277067084,1.358935171919879,2.5662722172974157,0.010121579370316058,-2.1764531607297783,1.3575318221974726,0.0014839367721742002
SEX_38E,47,2,-170.38414681448322,-248.37473870870167,-168.4258922901913,-246.69866690957411,1.9582545242918987,1.6760717991275587,2.5775914062823033,0.01687591103940313,1.963901860111747,1.6824197281343345,0.008496387734632172
SEX_38E,47,3,317.43273117370853,-144.40410531495775,318.20793256088723,-144.72273818335108,0.7752013871786941,-0.3186328683933172,0.8381313116119243,0.0314679615444678,0.791757611321259,-0.32899924770046596,0.019533826501700297
SEX_38E,47,4,-202.5589018398083,-187.02929828909387,-201.8613337218853,-187.03978252803915,0.6975681179230094,-0.010484238945269227,0.6976469009527033,0.004877532142427407,0.6968238933156101,-0.008822245988852728,0.0018210136884265085
SEX_38E,47,5,116.87222365130785,-277.59669528098664,113.37975064582862,-273.972215056381,-3.492473005479226,3.62448022460561,5.033311493694606,0.01460245687541543,-3.500662578854957,3.6337118002204534,0.01234062803949046
SEX_38E,47,6,-59.197441455756916,-20.39634760078988,-62.355850583200116,-20.03508865402347,-3.1584091274432,0.36125894676641257,3.179002397440948,0.019579608855902375,-3.150175962466257,0.365785544913102,0.009395482761368458
SEX_38E,47,7,-140.47842057325116,-345.7044860295116,-138.463656329625,-340.99316152003536,2.014764243626145,4.711324509476273,5.124046603123968,0.03870267344259677,2.0277063494276604,4.736216242465787,0.028055239685286313
SEX_38E,47,8,352.14684273539,-292.0102166509598,349.75358821067346,-289.30804264725924,-2.393254524716572,2.702174003700543,3.6096276215631122,0.006555959759710199,-2.3940056890960477,2.7011526890508435,0.0012678057969118767
SEX_37E,48,1,48.93555468152824,103.19175416107169,50.750338167779944,105.12963553092335,1.8147834862517065,1.9378813698516733,2.654962015846949,0.028415827966386795,1.810223658930319,1.9334379143212317,0.006366814136747243
SEX_37E,48,2,50.924474296692935,174.96684539625167,53.2292257483824,179.50448071875945,2.304751451689465,4.537635322507779,5.089402084148488,0.021808521809029903,2.3001083192423266,4.522524439747571,0.015808145264844323
SEX_37E,48,3,38.683696919837814,344.57885668993754,39.38143496882749,351.4808033069092,0.6977380489896776,6.901946616971679,6.937125160218368,0.012994360402728278,0.6986357706037865,6.8922975515544636,0.009690736170288452
SEX_37E,48,4,347.1531838195135,111.7558502376148,340.7615543105911,107.0197475007784,-6.391629508922434,-4.736102736836402,7.955098799713131,0.03292497516926091,-6.418746398721851,-4.746239927253768,0.02894975547308893
SEX_37E,48,5,-116.98008295856876,-37.801064911442715,-113.68140381683324,-35.994730306458735,3.2986791417355192,1.8063346049839817,3.7608680893224133,0.017083899652391637,3.303689244498017,1.8095220245057817,0.005938078215949816
SEX_37E,48,6,188.37975430434267,-203.026446024315,190.75389600671147,-202.89039162188595,2.3741417023688074,0.13605440242901354,2.37803692640526,0.022423690748159912,2.370909308716989,0.13233830184580597,0.004925217991605179
SEX_37E,48,7,-187.7264402415891,-192.7163280753535,-189.53774591084417,-192.22655807821852,-1.8113056692550713,0.48976999713495634,1.8763536120809257,0.029465493426367548,-1.8164857912358343,0.49391512120226366,0.006634434208653704
SEX_37E,48,8,-194.54054095476906,280.12265249869233,-196.00532743114866,281.57058458307904,-1.4647864763795846,1.447932084386685,2.059637526940333,0.021101236151151025,-1.4704768557914463,1.4525819676966307,0.007348593923129198
SEX_36E,49,1,-43.17023066820549,-130.34199397208286,-42.5432036736502,-126.99550872808865,0.6270269945552923,3.3464852439942017,3.404721183910949,0.006939960001500619,0.6243180690841186,3.3436688440757933,0.003907734088801879
SEX_36E,49,2,-161.2842853323283,299.65977675932044,-158.3764148944068,296.42775709556594,2.9078704379215203,-3.232019663754551,4.347604120735232,0.014505368003968035,2.90130036292652,-3.223792241622789,0.010528834711122589
SEX_36E,49,3,-167.4196606366792,-344.39432916730607,-166.16736014500958,-340.81377149405444,1.2523004916696405,3.5805576732516426,3.7932373736581844,0.003916035670408476,1.250160623329208,3.578189459157727,0.0031917823404809796
SEX_36E,49,4,44.00700983535035,-25.398847954460347,43.17531729325602,-26.417886794037738,-0.8316925420943361,-1.0190388395773893,1.3153526679725749,0.014986723353493731,-0.8314710271586065,-1.0212175106160792,0.0021899032767630747
SEX_36E,49,5,188.74960065374302,7.563394994650268,193.93411455285192,7.856835949300383,5.1845138991089055,0.29344095465011527,5.192811566378987,0.016229548707701325,5.170635183266455,0.29304220124750024,0.013884443010491165
SEX_36E,49,6,42.763786514520376,259.6841770992039,42.91219874152115,253.457583672142,0.1484122270007705,-6.2265934270619026,6.228361894997256,0.018868786057476952,0.15158496089946283,-6.2057271569729835,0.0211061002512456
SEX_36E,49,7,-231.13843288330924,220.12740992438802,-229.79241584625768,220.93999630290787,1.3460170370515354,0.812586378519842,1.5722781199867235,0.011811658353924465,1.343183865841695,0.8114522851197421,0.003051725240649703
SEX_36E,49,8,-67.51439480822128,-298.7886680396506,-65.36812754377193,-293.99877194498595,2.146267264449344,4.7898960946646145,5.248768214365176,0.008257829821127273,2.147535901567281,4.797099958940066,0.007314718083161936
SEX_35E,50,1,-255.23420361961186,-191.2381255821266,-253.90640759321545,-189.52209043655782,1.3277960263964064,1.7160351455687963,2.1697508862865815,0.005783488959705115,1.3307299002369462,1.7189035423908194,0.0041030861605376905
SEX_35E,50,2,172.7627062647438,45.27796692708594,172.3835711809359,45.11115737334978,-0.37913508380788624,-0.16680955373615894,0.41420869014503964,0.004320062694832883,-0.3795839958439444,-0.16675046298460927,0.0004527844222547914
SEX_35E,50,3,-339.2489837326731,-183.17625141467616,-337.90855495810194,-182.0537655103291,1.3404287745711436,1.1224859043470798,1.74834890830068,0.005643363228089316,1.3450551728584514,1.1250229801837577,0.005276392225172356
SEX_35E,50,4,85.99045958159269,-171.00263248492413,87.07343186603761,-172.32636819285491,1.0829722844449188,-1.323735707930762,1.7102938909224932,0.006973302417474198,1.0826142210143388,-1.3205487871042862,0.0032069726806667575
SEX_35E,50,5,-99.46021988249889,230.27486703468742,-100.27908100611923,230.6327727690478,-0.8188611236203454,0.35790573436037976,0.8936610400284983,0.018094958789449108,-0.8100298467531957,0.34580100587967877,0.01498385473420464
SEX_35E,50,6,-129.7474009385904,-72.46157886059558,-128.24263836479784,-71.20720682378436,1.5047625737925416,1.2543720368112146,1.9590200637616426,0.013867932847560206,1.5002146109961814,1.250141640444724,0.006211297691681904
SEX_35E,50,7,-33.2854791864323,-13.425012472977919,-32.16750666248396,-12.844405649338759,1.1179725239483387,0.5806068236391616,1.2597487241350058,0.012614666560865075,1.116152985028151,0.5789613694169304,0.002453210443385533
SEX_35E,50,8,175.72091846145042,-109.54822940246599,175.16554505050894,-108.97603140519219,-0.5553734109415014,0.572197997273803,0.7974021404943361,0.009738169143113073,-0.5509930017826434,0.5679201420532962,0.006122746906954772
SEX_34E,51,1,-49.26894666742682,115.78388125631251,-48.09826014142351,114.03478113919304,1.170686526003307,-1.7491001171194691,2.1047228230512993,1.6874933985844873,1.6455959241697613,-2.5572783813693434,0.9373852160519512
SEX_34E,51,2,226.07275009367493,24.57777797513027,230.4514860179838,25.291957905503047,4.378735924308856,0.7141799303727764,4.43659568450633,1.4251006978056306,5.194275863349276,0.8759617101285571,0.8314317388884067
SEX_34E,51,3,-295.51890280803997,-236.94739288750603,-296.1703993962671,-238.10069449593271,-0.6514965882271407,-1.1533016084266772,1.3245951851305988,1.2113777584395913,-0.846722147974333,-1.1580368238729193,0.19528297786526827
SEX_34E,51,4,268.1513775433861,296.617938528749,268.3015558643415,297.3581316329855,0.15017832095536335,0.740193104236482,0.7552743605102795,3.3175303966935568,-0.6901518498479504,0.6108147830231587,0.8502314661092615
SEX_34E,51,5,-32.341618788781794,170.15589311229252,-31.29343752699709,166.54440799264526,1.0481812617847033,-3.6114851196472695,3.760519741603576,1.8956752270154436,1.368641376766771,-5.254434561517741,1.673910856000645
SEX_34E,51,6,125.00122412831689,314.2259309107321,122.7962439205518,308.96718649981096,-2.204980207765088,-5.258744410921098,5.702309224869312,1.936182106829076,-1.4238356352634725,-3.617381862588502,1.8177617715799852
SEX_34E,51,7,134.148480906084,-267.53591403717405,132.8434169996777,-266.3261727859647,-1.305063906406319,1.209741251209347,1.779512768901105,1.2230556897649458,-1.9061184672965226,1.9305710256793986,0.9385425663918824
SEX_34E,51,8,319.2238893872624,-267.52624092747243,319.5103252529048,-268.7684394377969,0.2864358656424104,-1.2421985103244835,1.274795138121684,0.12065205162616963,0.33964328253620124,-1.286183590320718,0.069034168893272
SEX_33E,52,1,198.49556629052373,39.44944419069437,191.4618342282875,37.48516918297123,-7.033732062236228,-1.9642750077231472,7.302859921242887,0.003544748973783864,-7.031188647654062,-1.9634747735534361,0.002666333149317322
SEX_33E,52,2,273.09357175444705,256.4977176360535,275.50914012604056,255.26244631221996,2.4155683715935203,-1.235271323833556,2.7130915578594976,0.012130887241046284,2.4177789241754795,-1.2305402580477107,0.0052220231891099205
SEX_33E,52,3,242.76783624345296,-230.81269308843895,243.8670300237894,-231.07478474733176,1.0991937803364333,-0.2620916588928291,1.130008408991497,0.0011435630592620926,1.0992224104819854,-0.2621569675551143,7.130853107320611e-05
SEX_33E,52,4,172.57784446864665,53.71833490655056,166.99075966381886,51.47037009416528,-5.587084804827778,-2.247964812385279,6.022363523904866,0.006815446220648917,-5.58241544771775,-2.2459040987815087,0.005103864847126128
SEX_33E,52,5,-161.35759813906765,77.61200319406213,-160.83417264263127,75.93088462658822,0.5234254964363652,-1.6811185674738998,1.7607197074563434,0.008458086070648036,0.520858478735704,-1.6780326387351039,0.004014042358574946
SEX_33E,52,6,-290.6014068119903,-12.049975852102392,-287.8142826497904,-12.463634359152413,2.787124162199862,-0.41365850705002183,2.817654069607044,0.002240249569673178,2.784842055646493,-0.413738230745313,0.0022834986727651536
SEX_33E,52,7,-290.36591716763604,-110.57170620594235,-286.7366249575929,-108.19488405317473,3.629292210043165,2.376822152767624,4.338322889293387,0.017345168089327026,3.613420161112856,2.370022882917823,0.017267078726192774
SEX_33E,52,8,-276.9320485349749,-294.16618062268554,-277.9841025829556,-292.73472805762594,-1.0520540479806935,1.4314525650595722,1.77647802291168,0.011417831674895717,-1.0513632748744612,1.4346355432450082,0.0032570719386060825
SEX_32E,53,1,-130.56133483519432,-68.40991706931628,-131.34195492686857,-70.13751232156253,-0.7806200916742728,-1.727595252246249,1.8957724238708957,0.004178644428767035,-0.7797276087493401,-1.725894167855074,0.0019209929404334876
SEX_32E,53,2,157.0587029002351,142.5467988554275,157.39868487994548,144.55831291326592,0.33998197971038036,2.011514057838402,2.0400432719453048,0.00142272778842583,0.33990218157103413,2.0119147820968806,0.00040859230826858014
SEX_32E,53,3,-212.30364462292894,195.81294933500445,-212.34154592603974,197.44038417263138,-0.03790130311079895,1.6274348376269279,1.6278761192115576,0.004973213873409872,-0.03841286523586973,1.626019228874867,0.0015052056160931718
SEX_32E,53,4,339.30900874807463,240.95480830879941,340.02955145339206,243.5032393445285,0.7205427053174327,2.5484310357291124,2.648335804624014,0.017478747247021222,0.7209944494896945,2.5454400937061337,0.003024864787390157
SEX_32E,53,5,314.9481454585582,187.99870674939663,317.70613514102314,190.446604487105,2.757989682464982,2.447897737708376,3.687642935922766,0.0021196284690194723,2.758662282309956,2.448345497711472,0.0008080096359767997
SEX_32E,53,6,-252.11985650405126,7.417320315282545,-256.83912261022823,7.288087106327185,-4.719266106177004,-0.12923320895535972,4.721035246977929,0.01318769159413499,-4.708700914091082,-0.12955846310024377,0.010570197447124294
SEX_32E,53,7,128.9237454645572,251.2111657213971,126.6716306343083,247.40493898952377,-2.2521148302488845,-3.8062267318733176,4.422599138860994,0.017019133212795044,-2.2454134317013796,-3.796119322143511,0.012127179141856919
SEX_32E,53,8,-220.12457272417154,151.21749801575538,-222.0223166719954,153.40991733993033,-1.8977439478238893,2.192419324174947,2.8996783588042883,0.01828203574462484,-1.9022754199858127,2.1994890942503957,0.00839737392724637
SEX_31E,54,1,-273.23673066581813,-232.0703854470627,-271.72217465176004,-230.72227680674757,1.5145560140581316,1.3481086403151428,2.027628374681119,0.0119236569723055,1.515111951661197,1.3500263873152392,0.0019967023250552192
SEX_31E,54,2,261.215731050973,269.93096726719807,261.9435424300853,268.8515738497379,0.7278113791122894,-1.0793934174601434,1.3018446732316495,0.011360471348172857,0.7268556142918783,-1.0803521728674923,0.0013537718873784974
SEX_31E,54,3,-84.60180070324762,279.6790648846327,-84.63939539577278,283.9885759714569,-0.037594692525163904,4.309511086824204,4.309675065288194,0.009413606849874214,-0.031612259592023406,4.31032202854027,0.006037145870887945
SEX_31E,54,4,59.22754916049568,150.78893904754904,60.379902713601005,151.347982969962,1.152353553105329,0.5590439224129811,1.280800069699158,0.029019663728908393,1.167094746365187,0.5727968280564539,0.02016048591583921
SEX_31E,54,5,192.08372632288783,-49.61434145836104,188.56402601986537,-48.68848522625278,-3.5197003030224723,0.9258562321082613,3.639436767637293,0.0060542301832885,-3.5204990986530618,0.9259369116148335,0.0008028596653398352
SEX_31E,54,6,-140.09710582577588,59.592184471227405,-136.17171106091425,58.049744070998685,3.925394764861615,-1.5424404002287224,4.217564041986881,0.010512661456045857,3.92606831332634,-1.5432451874312463,0.001049452226487296
SEX_31E,54,7,297.5092402794625,40.81208403594419,293.54262340090594,40.45879118163084,-3.9666168785565867,-0.3532928543133448,3.9823190859295634,0.0195293108731518,-3.984434837607864,-0.35609019910885564,0.01803620810087233
SEX_31E,54,8,-24.827626675893068,19.907932552475415,-24.08167956702513,18.567943344978968,0.7459471088679361,-1.3399892074964455,1.5336258231509357,0.006421902237966668,0.7499045370743538,-1.3390066689001685,0.004077575272404406
SEX_30E,55,1,338.47164516972094,6.36894726397415,340.813006034814,6.4414422123177815,2.341360865093067,0.07249494834363156,2.342482917360274,0.017915817554604703,2.3577218631518235,0.0726227078102113,0.016361496874062003
SEX_30E,55,2,-8.093419597291659,-340.7001694818669,-7.037361329039667,-335.99934091578876,1.0560582682519921,4.700828566078113,4.817992141296974,0.005482054842752014,1.0563109819156171,4.706597942060284,0.005774908087531827
SEX_30E,55,3,-142.56578571014566,-125.7840424461222,-142.28073734037622,-127.19804747119431,0.28504836976944076,-1.4140050250721117,1.4424502709062101,0.01659040276396108,0.28201921483841375,-1.410582940101719,0.00457016904947216
SEX_30E,55,4,137.45839705370432,172.67485173177235,135.9093061680903,171.35958941184953,-1.549090885614025,-1.3152623199228062,2.0321411225850348,0.00996227309813637,-1.545541761405559,-1.3149706618511914,0.0035610879065051653
SEX_30E,55,5,-323.45348311866627,107.60042943277949,-326.9788831076344,108.90079888820827,-3.5253999889681533,1.3003694554287792,3.7575797799685895,0.01970087704689079,-3.541382406097057,1.306551055699643,0.017136214260769864
SEX_30E,55,6,-246.8576863576139,-29.507174294530223,-250.44551302476972,-29.97746117938738,-3.5878266671558356,-0.470286884857159,3.618517645061746,0.006389416041375644,-3.593852751726587,-0.47117518674671643,0.00609120476595857
SEX_30E,55,7,33.06789201672261,-301.23495714060294,32.39273805880957,-295.80657240729425,-0.6751539579130444,5.428384733308664,5.470209655918521,0.020095735045185546,-0.6778103730549674,5.4485085008023475,0.02029833883710868
SEX_30E,55,8,-126.37110287539107,218.61782892175074,-123.0574734786875,217.47069432202403,3.313629396703579,-1.1471345997267173,3.5065734797075474,0.0007902271422177777,3.31392864483,-1.1472142180142555,0.00030965870386099773
SEX_29E,56,1,221.94377980418395,-39.38022599051597,218.80375472451593,-38.086425038510306,-3.1400250796680247,1.2938009520056568,3.3961269711768627,0.004623774286422532,-3.1374915820836122,1.2930662883921542,0.002637866682610869
SEX_29E,56,2,-139.4061957887126,173.8943237085287,-142.32208651547802,173.44564585350628,-2.915890726765385,-0.44867785502241786,2.9502085600892496,0.020894725612666653,-2.9093215992556907,-0.4456118475781068,0.007249402588295936
SEX_29E,56,3,150.41428049533542,183.75192050674107,150.89475917846875,183.2126794392366,0.48047868313332864,-0.5392410675044758,0.7222469756453842,0.017731414579284337,0.48630856655427124,-0.5411911236533058,0.006147378277393637
SEX_29E,56,4,226.49656990558844,-174.06653126345938,226.89790999656506,-172.15869731897465,0.40134009097661905,1.9078339444847512,1.949590784845211,0.004163017391078435,0.4024064928694031,1.9064432588119757,0.0017524895541475667
SEX_29E,56,5,-343.82285192482647,321.04699490496466,-344.8005890942704,321.3269318038837,-0.9777371694439101,0.27993689891907086,1.0170224382424489,0.008876076209855886,-0.9786524586055521,0.2798565408273248,0.0009188099217620128
SEX_29E,56,6,-9.094366641995013,-260.72896009288235,-9.994444670299314,-266.91208031712864,-0.9000780283043004,-6.183120224246294,6.248289058976041,0.018935331972986594,-0.898527642184634,-6.20203338763082,0.018976602602410794
SEX_29E,56,7,256.9914259637276,-152.45078940250383,255.6946228311439,-150.2511278551142,-1.296803132583681,2.1996615473896335,2.5534700483348933,0.015666146878085308,-1.298348361638773,2.2045614365703727,0.005137766714850507
SEX_29E,56,8,112.16519684136111,321.19474542162027,112.12923630563913,324.06775210344176,-0.035960535721974295,2.873006681821462,2.8732317264571923,0.004798030108003856,-0.03327489872609135,2.8735804755631307,0.0027462493207342184
SEX_28E,57,1,316.956024605019,-335.26899240958124,322.56067725471206,-344.9743349515636,5.604652649693007,-9.705342541982398,11.20739957264504,0.01818865281520231,5.605728080512563,-9.704176751884233,0.001586069986044374
SEX_28E,57,2,-198.79884557319173,-273.7032900732084,-195.97144334992672,-272.49971822215696,2.827402223265008,1.2035718510513973,3.0729120606953915,0.007024237437840695,2.8242331857895238,1.2012852937357366,0.003907830968558548
SEX_28E,57,3,315.63244453631745,66.63082107938564,335.05205431093236,71.81004438202842,19.419609774614873,5.179223302642788,20.098397891796143,0.01603066077599619,19.408496842707166,5.176644310824059,0.011408262548977591
SEX_28E,57,4,-26.62002286394743,145.53536497706963,-21.87774842937412,137.02472074475992,4.742274434573309,-8.510644232309708,9.742701476579999,0.0146802775022462,4.739065646581352,-8.501254709963689,0.009922673544147503
SEX_28E,57,5,-230.49574577928024,41.78271570306647,-248.84055536749517,47.1174722847448,-18.344809588214936,5.334756581678323,19.104755078608644,0.01681899816966845,-18.332172808260566,5.330603994505545,0.013301585914570202
SEX_28E,57,6,-160.51224909926438,115.21457901108663,-164.9295570554367,124.68756501433985,-4.417307956172331,9.472986003253213,10.452275991261171,0.0025215189319172876,-4.417566228521366,9.473013553575782,0.0002597376109652418
SEX_28E,57,7,158.2411548326825,-138.43352631728476,158.70314880956352,-145.57629610348363,0.461993976881022,-7.142769786198862,7.157695065683483,0.017104094376983604,0.45894188022933236,-7.146526387194342,0.004840180266322481
SEX_28E,57,8,129.39299605148918,321.63041322529705,127.22672661035571,315.61752274504187,-2.166269441133473,-6.01289048025519,6.391210778806486,0.010969193213766321,-2.162753696275871,-6.0032642665932485,0.010248143801152564
SEX_27E,58,1,288.0223917938697,253.5816233093313,288.4514349927288,252.3761926349475,0.42904319885912756,-1.2054306743837961,1.2795081778686084,0.006336055803154233,0.42997107502685594,-1.2049799506297916,0.0010315551779048351
SEX_27E,58,2,298.41272270300084,256.88330338605465,297.52462059270636,254.83637534324637,-0.888102110294445,-2.046928042808251,2.231286572976287,0.021126217259319492,-0.8898617665531674,-2.051558066090365,0.004953130902952202
SEX_27E,58,3,-344.5579792799465,57.489089316262614,-335.8531142099178,55.87124631078574,8.704865070028635,-1.6178430054768753,8.853930871526785,0.0183427542597814,8.721568424970656,-1.6219087576791438,0.017191056026008598
SEX_27E,58,4,108.52402315745275,-149.3387273331061,111.77941544007285,-149.52815898362826,3.255392282620106,-0.18943165052217767,3.260899149615348,0.007701437487808526,3.25958241711497,-0.1877406184974575,0.004518497138837076
SEX_27E,58,5,-282.1647464227792,-247.4789098972726,-282.3491814379538,-245.44493272798263,-0.18443501517456834,2.0339771692899546,2.0423220607962937,0.009854060285527086,-0.1832393363066558,2.036554968365209,0.0028416009620556154
SEX_27E,58,6,-179.2701977788627,212.02853960892134,-181.73433694824186,212.13574424195838,-2.4641391693791816,0.10720463303705492,2.4664700848405468,0.009727045972971566,-2.465592352787155,0.10908607259659675,0.0023773003246157476
SEX_27E,58,7,289.3382833351821,229.9887140875035,289.58003888852403,227.88108110109724,0.24175555334189636,-2.107632986406263,2.1214529344200477,0.027565940651711127,0.2447794915009922,-2.0995155227131193,0.008662414143848352
SEX_27E,58,8,177.13951665986963,337.8013707055617,181.30367564196018,340.08368194503976,4.164158982090563,2.2823112394780813,4.748596068521041,0.03056640402056461,4.157947351397439,2.276122332924899,0.008768518699973228
SEX_26E,59,1,-279.3915253934776,-245.46046612307825,-279.3694943242553,-246.59344670272756,0.02203106922224864,-1.1329805796493142,1.1331947590214013,0.02318513523879797,0.02228410819139981,-1.128076254745622,0.004910848346353663
SEX_26E,59,2,301.13422134118514,222.3164758510287,301.32550869132643,224.39570230719434,0.19128735014132006,2.0792264561656326,2.0880070656832523,0.005180338910115346,0.19128902175771145,2.078264504737149,0.0009619528808955852
SEX_26E,59,3,15.39640405938717,-199.7050597690982,18.24733372710427,-195.76905678407363,2.850929667717102,3.9360029850245652,4.860032867007365,0.0020721675773546387,2.8493892080420906,3.935005964544672,0.0018349566337279952
SEX_26E,59,4,-88.80238691570577,-35.16089487014527,-87.61992274681629,-37.842810644515815,1.182464168889485,-2.681915774370544,2.9310226426155523,0.003124268264424496,1.183468369284597,-2.6805963930459242,0.0016580668000111222
SEX_26E,59,5,-140.21917316246626,349.3400341311355,-136.23605482827156,344.86974261453946,3.983118334194703,-4.470291516596036,5.987381556870121,0.012695780224726854,3.9868325079259535,-4.480466914868259,0.010832073508995305
SEX_26E,59,6,69.03070375705877,305.9524354286091,69.37663482066823,299.3810511518709,0.34593106360946824,-6.571384276738172,6.580483235548256,0.015055937048302123,0.3486940766416211,-6.555102661465639,0.01651439483900686
SEX_26E,59,7,195.60855380499152,-279.4141565175575,194.86072322781524,-278.8127782371307,-0.7478305771762618,0.6013782804268155,0.9596386863444462,0.01778343110867007,-0.7544453067684174,0.6041336690963135,0.007165669145120831
SEX_26E,59,8,90.74509879565342,-280.87907983079543,91.44998103812023,-275.5811742572995,0.7048822424668113,5.297905573495938,5.344591887265516,0.017925952367644563,0.6971410878193325,5.312367322586169,0.016403282050400564
SEX_25E,60,1,-141.5845914844653,130.83602413573576,-142.2876984934968,128.6895434317819,-0.7031070090314745,-2.1464807039538454,2.258702919508314,0.04101728356708897,-0.7009159663482194,-2.1333045020531927,0.013357131599509305
SEX_25E,60,2,325.8079605700908,123.91843684678733,323.1617953451455,122.13948361588142,-2.646165224945299,-1.778953230905907,3.1885521785695103,0.030213234372206986,-2.669761950395923,-1.7898257343056372,0.02598108508452385
SEX_25E,60,3,248.29379719555914,277.6960741631121,250.51649263090147,276.83743088728215,2.2226954353423083,-0.8586432758299128,2.3827805760118697,0.0033136862925837217,2.223024084019386,-0.8594662910549005,0.0008862076582304015
SEX_25E,60,4,-206.84318209342325,-245.605488374496,-207.33467790180862,-246.21608667248753,-0.49149580838537493,-0.6105982979915628,0.7838357041948182,0.029216576639558494,-0.483464867897311,-0.6091868345749845,0.008154031769570394
SEX_25E,60,5,59.255156885241696,-208.41401681875985,64.00385790326554,-214.45793529562317,4.748701018023838,-6.043918476863314,7.68629376966236,0.015740188399961892,4.755470638358958,-6.056957282262232,0.014691433072117904
SEX_25E,60,6,-161.16924540568655,197.1274661385549,-162.83412037615747,197.3798928798517,-1.6648749704709034,0.25242674129679676,1.6839025883412053,0.011548155532407296,-1.669307909351403,0.25485895763557664,0.005056344869258079
SEX_25E,60,7,-148.1726580042681,259.4346831455625,-151.72573350002142,260.33178790777333,-3.5530754957533373,0.897104762210871,3.664579434656076,0.03855996704320151,-3.567882237119477,0.9077933932362612,0.018261610637637798
SEX_25E,60,8,-242.36356818132472,-219.95037655032195,-243.505162669705,-218.79652489069255,-1.1415944883802844,1.1538516596293693,1.6231486772103452,0.016803052972160087,-1.1436660431211862,1.1562311949373054,0.0031549211283750634
SEX_24E,61,1,123.2853223323275,25.61954360273702,121.1991118483303,26.778058185723147,-2.086210483997182,1.158514582986124,2.3863005306396907,0.030561599462048183,-2.0716969851638396,1.1659470772344989,0.016305938155701104
SEX_24E,61,2,-166.72132926495146,-222.1199824094585,-168.1261906015689,-221.31746248700736,-1.4048613366174432,0.8025199224511175,1.6179226189943376,0.026849886177923304,-1.3983680031974757,0.8067399435426807,0.007744156307571901
SEX_24E,61,3,-251.2268944984894,282.2569972645562,-249.7978362125576,281.61133896767547,1.4290582859318022,-0.6456582968807838,1.5681461095578226,0.0206438398018557,1.4346241895218554,-0.6520530298940912,0.008477729241091116
SEX_24E,61,4,-207.1072402153889,-276.5754912010424,-206.8864991207236,-276.6477497092083,0.22074109466531183,-0.07225850816593203,0.23226692161477971,0.016377726930421665,0.21481847573980417,-0.07410251982526006,0.006203047149306479
SEX_24E,61,5,-305.1185754131341,318.5979025373426,-304.3100191597051,324.00977808400665,0.808556253428989,5.41187554666412,5.471942995640598,0.030877365364150748,0.8063297232110926,5.410885365545596,0.0024367797312616797
SEX_24E,61,6,172.64226815608544,-107.96073726412942,168.40744210744148,-111.76352299414712,-4.234826048643943,-3.802785730017713,5.691654502049437,0.0058552639629653935,-4.234731235284812,-3.8060549298515696,0.0032705744337588965
SEX_24E,61,7,271.9802693495675,306.98087848074124,270.84063869162753,305.8563362993379,-1.1396306579399778,-1.1245421814033685,1.6010475178058123,0.018291984612066107,-1.1415149867621608,-1.121412494045444,0.003653168223400373
SEX_24E,61,8,271.81569388082795,-287.4132186624962,266.61505387146894,-283.5668158221631,-5.200640009359004,3.846402840333089,6.468498381932864,0.04577531302156573,-5.218831257565569,3.855643072847272,0.020403514604817347
SEX_23E,62,1,-143.39796913383233,-76.14709667586088,-141.97936335693083,-73.85713349388021,1.4186057769015066,2.2899631819806703,2.693765714587177,0.012963743384588073,1.4206512486467773,2.29287903279031,0.0035617608854017903
SEX_23E,62,2,302.8856296659377,57.74211869592311,300.5248693897109,55.78445418007859,-2.360760276226819,-1.9576645158445198,3.06686149644996,0.01038093813708666,-2.350226770307529,-1.9550235425279112,0.010859534382778997
SEX_23E,62,3,-51.45579199271539,-263.64681009371634,-53.77693363089547,-267.7533865891204,-2.3211416381800802,-4.106576495404018,4.717167478169293,0.005734574371896918,-2.3195122821636787,-4.110975272494045,0.0046908465031304785
SEX_23E,62,4,266.56031165757594,-68.90295907675375,262.9965491242825,-67.97548435220921,-3.563762533293391,0.9274747245445458,3.682473728130957,0.009361590407289285,-3.555385276169204,0.9245303859052996,0.008879615247706127
SEX_23E,62,5,-262.0530734297036,-301.57854902500264,-262.9062700530959,-301.93322000620526,-0.8531966233923048,-0.3546709812026101,0.9239783455662003,0.016195862979046117,-0.8509164842916448,-0.35558174447760393,0.0024553052888462426
SEX_23E,62,6,266.0207581250653,3.1590214845308577,262.01554274395136,3.040085229799895,-4.005215381113945,-0.11893625473096259,4.00698091857213,0.016256721261610305,-4.023210115886684,-0.11914117431903293,0.0179959015217024
SEX_23E,62,7,63.453669148491,105.22401750090687,65.73035125384426,106.98587195654844,2.2766821053532555,1.7618544556415618,2.878786642267842,0.015385250762728491,2.273983982699548,1.7585999335513804,0.00422750279596945
SEX_23E,62,8,-242.25894202236734,62.12243145656637,-233.27285527760702,60.379807643122035,8.986086744760327,-1.7426238134443321,9.153496203065828,0.016140317133316845,8.9990155961477,-1.7472344951628216,0.013726382775735327
SEX_22E,63,1,317.61137587834446,-270.5181673424138,318.68824859134514,-273.4002536658611,1.0768727130006897,-2.882086323447309,3.0766989478672584,0.012305824960471966,1.078176775255315,-2.881890641027894,0.0013186621907095193
SEX_22E,63,2,-327.79795035367744,213.81509550361145,-331.72327914594143,215.6118910714248,-3.9253287922639775,1.7967955678133498,4.3170221727355385,0.04925365325682232,-3.9103055156545565,1.7823762291546075,0.020823452341979114
SEX_22E,63,3,36.06917721545857,-4.648076844531516,34.68638527810965,-4.326591930926564,-1.3827919373489246,0.3214849136049526,1.4196711209547006,0.03469211214213227,-1.3867738568771912,0.32200955695129707,0.004016333373918906
SEX_22E,63,4,190.25024883317525,-215.48558074955108,189.06605741095976,-218.09243884860288,-1.184191422215502,-2.6068580990517978,2.8632182021356196,0.006850016538312149,-1.1856691744636692,-2.6087978768639175,0.0024385425293307426
SEX_22E,63,5,-226.52235431776515,164.66353663232618,-228.36224054147533,168.38003785862202,-1.839886223710174,3.7165012262958363,4.14699441538772,0.022937099789345963,-1.8422540741339333,3.723406130242495,0.007299617396951423
SEX_22E,63,6,-101.67399711883594,-170.5024943013307,-97.81765797993161,-169.92711957693322,3.8563391389043358,0.575374724397454,3.899026497437646,0.031510493176763604,3.84023650861225,0.5678341918507499,0.017780729271081628
SEX_22E,63,7,336.74738451755854,39.06044694709656,344.86571211585124,40.24962417608489,8.11832759829267,1.1891772289883396,8.204961028252653,0.021066618914613536,8.134882505504322,1.190933213786984,0.016647775689247465
SEX_22E,63,8,-52.47158709743028,-291.9913572927435,-48.70279336164541,-286.29909773232146,3.768793735784871,5.692259560421997,6.826831265390035,0.03839139886022369,3.7701578182785696,5.73207615615604,0.03983995503132335
SEX_21E,64,1,-307.08377625289296,-338.00351168045506,-310.8325655377958,-341.4756500648405,-3.7487892849028763,-3.472138384385463,5.109712913943945,0.01543068796757276,-3.750919350676895,-3.4742308376881965,0.0029858903238006267
SEX_21E,64,2,50.73754625334651,335.89126645520184,50.603129547075454,345.6838313355229,-0.13441670627105412,9.792564880321017,9.793487365909108,0.016790276178527082,-0.1263196918231415,9.803902542013645,0.013932128897846483
SEX_21E,64,3,-224.62368340064842,171.48571238203425,-225.08446565051855,170.0859467774276,-0.46078224987013683,-1.3997656046066398,1.4736566864894878,0.01787955381284724,-0.4615809851494532,-1.3935324323539362,0.006284139907600609
SEX_21E,64,4,12.22247685466488,342.51556213008325,11.790489361760606,353.7942914035589,-0.43198749290427396,11.27872927347563,11.286999035101482,0.01354251573750633,-0.42596493744092,11.288629733659548,0.011588368572086125
SEX_21E,64,5,132.24246537218534,147.94922732709946,135.47826461477578,148.26610232615005,3.235799242590437,0.31687499905057964,3.25127767245004,0.018894551538665618,3.2404410934761643,0.3101298633323779,0.008188017800559933
SEX_21E,64,6,-97.96418103026627,124.74922446846126,-99.63716159177746,124.46574142059815,-1.6729805615111861,-0.28348304786311296,1.6968283936863042,0.023970421130814816,-1.6776128889886195,-0.28138086671994245,0.005087005348619738
SEX_21E,64,7,-224.11350918681927,-245.7853621051206,-227.30296987441946,-249.1862906724223,-3.1894606876001954,-3.400928567301692,4.662507329499424,0.018923378296981458,-3.193840569847083,-3.403617211977206,0.005139278031764132
SEX_21E,64,8,-61.42787657533316,-97.26204245428363,-62.09859138531024,-95.6074564674411,-0.6707148099770839,1.6545859868425268,1.7853607882381233,0.00791094930148669,-0.6662000412347382,1.6512312275367407,0.005624726375266633
SEX_20E,65,1,101.57014952792987,-6.163056376788257,105.45699390638762,-6.274537801602749,3.8868443784577615,-0.1114814248144917,3.888442789913126,0.007249245176204783,3.885082962134206,-0.1115851528471854,0.0017644678998653307
SEX_20E,65,2,81.13256506291829,261.2294958625717,81.49258587913836,257.0555620037279,0.3600208162200753,-4.173933858843773,4.189431804685957,0.006089652673527588,0.35883013545299036,-4.17046637808221,0.003666216513098106
SEX_20E,65,3,-167.18147187401263,-300.78210822251555,-160.4515692910815,-296.6120513136618,6.729902582931107,4.170056908853724,7.917131008062294,0.007321241846033813,6.726089655684802,4.169681285839943,0.0038313844539661595
SEX_20E,65,4,-310.91591611029594,202.87061621909717,-315.2201486863426,206.05626751079473,-4.304232576046642,3.1856512916975523,5.354884893346952,0.014466685788737154,-4.3062578849197735,3.1894928106875966,0.0043427116163124125
SEX_20E,65,5,-315.63077900955346,-304.0074106138332,-316.8063802634646,-303.70065196770844,-1.1756012539111487,0.30675864612475556,1.214964680626461,0.04238917710131256,-1.1763338393952267,0.3114212660746034,0.004719820577967029
SEX_20E,65,6,273.7278851526454,2.664041357314502,280.98003158736907,2.831518511176426,7.252146434723685,0.16747715386192433,7.254079990442699,0.020508389573967205,7.233467108564639,0.16694155579353076,0.018687003265555745
SEX_20E,65,7,212.68035984199855,306.92295674836026,211.27435278647238,306.724350273983,-1.4060070555261595,-0.19860647437725626,1.419964919233537,0.012305800702829398,-1.4102029634402697,-0.199751813502985,0.00434941891942112
SEX_20E,65,8,260.1633555883999,-108.37474571364362,266.05602848597573,-113.0811196437929,5.8926728975757845,-4.7063739301492875,7.541455393238963,0.03121897494024168,5.872406119561049,-4.694772486248681,0.02335242581997631
SEX_19E,66,1,279.82677200928026,-47.05407981008152,275.1898086772657,-46.20689899009599,-4.636963332014556,0.8471808199855246,4.71371873197785,0.2231166346859645,-4.409934601137991,0.8006955152074582,0.2317389225049034
SEX_19E,66,2,-208.26505499540434,-115.58944970752562,-204.81234861308846,-112.48276374581474,3.452706382315874,3.106685961710889,4.6446398167324325,0.1638580324741517,3.4895255295412255,3.1590807185386183,0.06403795862954254
SEX_19E,66,3,12.70163119798021,-267.92928101582044,13.798202204812098,-270.7434828956417,1.0965710068318861,-2.8142018798212542,3.0202980305615172,0.25427882004616525,1.1519987204958309,-2.5877676168789208,0.23311951200242778
SEX_19E,66,4,25.32285054495515,107.96993997525907,26.37809401476005,110.92219340049355,1.0552434698049005,2.952253425234487,3.1351776771619573,0.07019935646008671,1.1111768081819058,2.9509754595430167,0.05594793596108038
SEX_19E,66,5,-101.09428749301537,-230.18543385496343,-101.3332529954432,-230.27117460885077,-0.23896550242782466,-0.08574075388735744,0.2538818391058232,0.4233114920090881,-0.05445620210812763,0.05665265716311296,0.23306558178987385
SEX_19E,66,6,-277.4479278208577,148.85987354121264,-274.5139472450018,146.39421217169493,2.9339805758559128,-2.465661369517716,3.832457176359805,0.08074734692018005,2.9294770909579597,-2.4620301349945635,0.005785087759768642
SEX_19E,66,7,-71.39883554027696,0.9324655482695726,-65.98592677661756,0.9882011127152827,5.412908763659399,0.055735564445710005,5.413195704650331,0.24359081734346533,5.4741086620758495,0.054272412061382,0.06121738626471781
SEX_19E,66,8,-298.0555653517032,-192.8092641165473,-295.77650703046726,-190.42128166251112,2.2790583212359663,2.387982454036164,3.300994854945927,0.11585994853829852,2.247650823726758,2.358843910161511,0.04284256807109021
SEX_18E,67,1,-212.74387885260643,-63.2868286621086,-220.30642308892513,-65.8472560220455,-7.562544236318684,-2.5604273599369107,7.984225923143109,0.02098514817858208,-7.5773624503193275,-2.565542391100074,0.01567619245764124
SEX_18E,67,2,-212.0827204955856,206.86114694769586,-212.94000448884728,207.84959471715925,-0.8572839932616825,0.9884477694634055,1.308420741986261,0.024079613094093635,-0.8525438727633627,0.9901421021323813,0.005033836065243834
SEX_18E,67,3,218.1250036550759,-147.8243288339196,220.43643363560815,-153.21555726253246,2.311429980532257,-5.391228428612847,5.865837751283844,0.009578815212536854,2.309666282908637,-5.388301130234623,0.00341755835395922
SEX_18E,67,4,-9.80104422662933,-230.85676103490258,-15.137409120053801,-221.6083083170366,-5.336364893424471,9.248452717865966,10.677577812892562,0.0013585222413767858,-5.337607723324931,9.248868825556372,0.0013106379253980337
SEX_18E,67,5,-336.4588028101368,-166.28931911588626,-342.2446225846042,-172.27914703011828,-5.785819774467452,-5.989827914232017,8.327889823042309,0.004999432060420396,-5.787644950984827,-5.990983235258682,0.002160100922232789
SEX_18E,67,6,64.33853802841203,-123.7400075766084,55.87070414413376,-125.16251195233188,-8.46783388427827,-1.4225043757234794,8.586485275750706,0.02024387027324767,-8.47467679101139,-1.4153938442774603,0.009868385379736602
SEX_18E,67,7,94.8363545301792,8.580253423656274,101.07007236831657,9.673555771680652,6.233717838137381,1.0933023480243782,6.328866257846488,0.015556720095985755,6.242205770826331,1.094219629303307,0.00853735358743067
SEX_18E,67,8,17.923246152644683,206.52157480913513,11.72494364005004,199.20750848920747,-6.198302512594643,-7.314066319927677,9.587206066938242,0.013866934554802061,-6.200020963784896,-7.326539714404987,0.012591212978894305
SEX_17E,68,1,169.99187942732365,-271.94651131868613,173.99111510203997,-276.73948658644264,3.999235674716315,-4.792975267756518,6.242315107333923,0.02028600545394787,4.008783605870491,-4.797099265199449,0.010400497307061374
SEX_17E,68,2,286.54825776940453,13.52648741741826,275.2532299153649,14.23677445632775,-11.295027854039638,0.7102870389094902,11.317338993825981,0.02923122600271217,-11.325359182769887,0.7085386353031389,0.03038167898114111
SEX_17E,68,3,-45.24898445027545,250.02866171231523,-48.8051080654392,262.74600792890084,-3.556123615163744,12.7173462165856,13.205184964960898,0.028218258439378852,-3.5574386190860636,12.74376067740181,0.026447173299367247
SEX_17E,68,4,169.2840507148487,-27.263325150572577,161.71785548424904,-25.646419911657066,-7.5661952305996465,1.6169052389155107,7.737033851495111,0.009431784115862102,-7.563138464640986,1.616122768153847,0.0031553254378727112
SEX_17E,68,5,114.40952938801503,-344.2149014326179,116.26754251967698,-354.60047430567107,1.8580131316619446,-10.385572873053157,10.550466183962007,0.03744544073694475,1.8518320004872066,-10.357896154932405,0.028358545599781165
SEX_17E,68,6,58.380443446304604,-5.017916053743926,52.53548990738985,-4.302447008617944,-5.844953538914752,0.7154690451259831,5.888580289560937,0.02647702023016318,-5.840741090240066,0.7150916371368261,0.0042293215327223075
SEX_17E,68,7,338.66581198476973,326.8361920383122,342.69744945032244,329.51709036776856,4.031637465552718,2.680898329456309,4.84162333381377,0.01656278114340885,4.030803459031517,2.681945042325708,0.0013383477531535375
SEX_17E,68,8,-279.30053399045397,109.2455963491438,-275.38144116117934,105.59046253760194,3.9190928292746094,-3.655133811541862,5.359038326486218,0.008587609173856618,3.9154477947795385,-3.6533221634949484,0.004070423210937938
SEX_16E,69,1,114.68853528303094,251.295979621417,112.01622799065585,249.71710926819762,-2.6723072923751032,-1.5788703532193635,3.1038778740723987,0.03534336986767663,-2.6884670375964816,-1.5993319201882343,0.026073225508967
SEX_16E,69,2,-31.95692204680944,-124.78341333452937,-32.34117239709811,-125.5362699813647,-0.38425035028867177,-0.7528566468353317,0.8452463915220852,0.007632725873548071,-0.38824263032829975,-0.7562093640164136,0.0052133494426456406
SEX_16E,69,3,-41.32724426036575,179.05485878475162,-41.49679309271204,173.89903252918424,-0.16954883234628731,-5.15582625556737,5.158613300505073,0.023711865789202497,-0.16528489486865539,-5.176308884088456,0.0209217407006675
SEX_16E,69,4,266.43528379253576,-12.118253767156036,275.8934865193655,-12.842635162028019,9.458202726829793,-0.7243813948719834,9.48590149785708,0.021241561866547277,9.479837394145932,-0.7261554232070342,0.021707280032596754
SEX_16E,69,5,127.84366437999421,-107.18340372834456,130.422217577402,-110.85441908155774,2.5785531974077918,-3.6710153532131797,4.486121968403092,0.018410063734053773,2.5791154674544288,-3.66682394251697,0.004228956281358904
SEX_16E,69,6,-112.95220926646705,-347.0119605659151,-110.61657944170953,-340.68775305500446,2.335629824757517,6.324207510910624,6.741718424804998,0.006953024227196208,2.335315495222659,6.330078122152258,0.005879020276107553
SEX_16E,69,7,-196.23669944517593,193.62457659189133,-194.64304586518134,194.95726545022077,1.5936535799945784,1.3326888583294483,2.0774482727964574,0.025121933073535805,1.5839536611299252,1.3326668618497308,0.00969994380529981
SEX_16E,69,8,-225.22737913168172,270.06262589903645,-224.09885215135708,268.01894532649357,1.128526980324646,-2.0436805725428413,2.3345670750504683,0.023145243548077638,1.118469100792197,-2.0377877310227746,0.011657037439670538
SEX_15E,70,1,196.38455252356667,344.3606940802819,199.63961792965586,350.22506301445014,3.255065406089204,5.864368934168219,6.707180763477004,0.34510119835184866,3.417827699909509,6.037386073046832,0.23754261646152797
SEX_15E,70,2,-47.62613125767392,105.42015420571643,-49.785132384048524,108.92127344323468,-2.1590011263746054,3.5011192375182616,4.113286007440677,0.16552310933792533,-2.1737202944637843,3.5758006338417516,0.07611809815059552
SEX_15E,70,3,-247.41436998333765,313.78728105490507,-251.07786171386428,314.7958447458079,-3.663491730526627,1.0085636909028077,3.799785833207507,0.18910761107958607,-3.629012695537199,1.0165552538152838,0.03539306332583066
SEX_15E,70,4,-281.0854532529121,-245.12382684905052,-284.1304501118385,-244.90051658601038,-3.0449968589264125,0.22331026304012788,3.0531743062672936,0.11246268471503416,-3.0474443082551943,0.19663303035483182,0.026789265610732655
SEX_15E,70,5,183.1240471519744,343.30562025277356,185.10043526880438,349.09286202487027,1.9763881168299846,5.787241772096691,6.115413094554415,0.1542956496016411,1.980035972504112,5.736320594480958,0.05105167167480744
SEX_15E,70,6,314.4734731513526,176.77324637543506,310.46118419394276,173.78274658326347,-4.012288957409827,-2.9904997921715943,5.004153443363941,0.08956379426612943,-3.981719839626237,-2.963919813930886,0.04050884107628257
SEX_15E,70,7,59.18704377009709,-292.3867240570832,59.417543776025795,-299.95140021603345,0.23050000592870606,-7.564676158950225,7.568187077664179,0.23131038152955902,0.32496635150583586,-7.775244464028674,0.23078756801506553
SEX_15E,70,8,-299.10403538752655,-111.25147926404573,-294.2599395197304,-109.68865852312214,4.84409586779612,1.5628207409235844,5.089958098517156,0.22890589941578107,4.735974940455492,1.5066112612580298,0.12185910115075409
SEX_14E,71,1,-50.29099578376708,-222.83003966565994,-47.17195518046223,-220.4645540579732,3.1190406033048523,2.3654856076867614,3.914579983246926,0.2776734864641602,3.0030538720984055,2.1815225836394916,0.21747486299012336
SEX_14E,71,2,-202.69725186743543,-49.952865248140554,-204.0735763001553,-51.18678800886734,-1.3763244327198743,-1.2339227607267835,1.8484681018457665,0.15314347621381708,-1.2604659479108022,-1.1953918525588278,0.12209758141135066
SEX_14E,71,3,123.77729217436946,187.11736149530353,122.8488060289578,185.44465346593634,-0.928486145411662,-1.6727080293671848,1.9131227544856753,0.06397341979476277,-0.9470639158564182,-1.635689612462329,0.04141855556196727
SEX_14E,71,4,137.03779879070163,131.57664131485143,137.25677584720907,131.81695600073613,0.21897705650744106,0.24031468588470206,0.3251185930218788,0.13643235631884548,0.21239596950601936,0.22764380778812665,0.014278020095887115
SEX_14E,71,5,-26.752351828958535,-293.66697981533565,-23.299397264308283,-288.6854452881622,3.4529545646502515,4.981534527173431,6.061235968922513,0.24160455788877447,3.4103860132404797,5.211206757609773,0.23358385004689539
SEX_14E,71,6,-68.82340802280531,73.62064137071786,-64.32853983842725,74.54384129467702,4.494868184378069,0.9231999239591604,4.588696775178372,0.18654003489661916,4.440125963045006,0.8749315191565472,0.07298321518449975
SEX_14E,71,7,-187.07781228517936,174.62333350883472,-185.71519995899027,176.08223747179787,1.3626123261891072,1.4589039629631302,1.9962748119014113,0.1859330418381197,1.3295411571669433,1.3977562450088215,0.06951795186505585
SEX_14E,71,8,149.62672979231667,-265.3343715272299,149.4084479647746,-262.63805517582915,-0.21828182754206077,2.696316351400753,2.705137486906381,0.2532781814340195,-0.356242240527223,2.7796570879097544,0.16117926018225587
SEX_13E,72,1,-76.50566373487865,-183.2860303066979,-85.31660255535283,-196.33531348402988,-8.81093882047418,-13.049283177331956,15.745362312132983,0.008612546894050206,-8.81271926678049,-13.054831085038899,0.005826600121375122
SEX_13E,72,2,-55.89528703161852,-333.70174359930076,-61.909753533179924,-358.2455780845533,-6.0144665015614,-24.543834485252518,25.270014217207613,0.006996387623683933,-6.0134744752230915,-24.547796708727674,0.004084523365458513
SEX_13E,72,3,187.2720149397875,-15.694124960413903,176.13701553923278,-14.681608177428869,-11.134999400554737,1.0125167829850334,11.180939222005488,0.012127610032077329,-11.145265804767376,1.0137646974671402,0.010341970122368474
SEX_13E,72,4,100.29631909551952,-256.5074908731725,108.59524696811133,-274.6812915901944,8.298927872591797,-18.173800717021894,19.97896985173426,0.01064817797020177,8.3036896202496,-18.180692884864328,0.008377124705104225
SEX_13E,72,5,2.2950112279186965,-284.79749930311283,1.555326163134668,-309.3240653728165,-0.7396850647840284,-24.526566069703673,24.537717440026977,0.0057548291342837295,-0.7382475571229694,-24.531915765807867,0.005539465378791368
SEX_13E,72,6,-182.0674717211092,-97.02422181898187,-179.84521425315785,-92.48656230099351,2.2222574679513576,4.5376595179883585,5.052601523478368,0.005458384814294242,2.224406232751079,4.539690969839697,0.002957023298661541
SEX_13E,72,7,-298.7315292766191,315.53189121002333,-307.328469360975,321.15598730761286,-8.59694008435594,5.624096097589548,10.273160941449708,0.0054327946279114974,-8.595714966613286,5.623958131405459,0.0012328617729959193
SEX_13E,72,8,-0.09962516473624239,-176.4608121353111,-0.21373093371960228,-194.50319491393782,-0.11410576898335989,-18.042382778626735,18.042743595612112,0.008401834401094013,-0.11253537542730063,-18.04827553026567,0.006098414367611254
SEX_12E,73,1,-14.949854027529042,258.81634372159004,-13.041221407330806,248.98516699240935,1.908632620198237,-9.831176729180681,10.014734862155292,0.6306639601108601,1.7705601222486145,-9.292635957522322,0.5559587911243333
SEX_12E,73,2,-341.38022534666004,-4.261821144073313,-349.11900244209204,-3.467295322438562,-7.738777095432029,0.7945258216347505,7.779456421500654,0.7744204001622336,-7.144053408357138,0.7897406832276346,0.5947429373414438
SEX_12E,73,3,-20.006312184050298,141.1781492183735,-16.71996069573269,132.79167590465426,3.28635148831761,-8.386473313719229,9.007388120120735,0.9798100833131866,3.066200035399639,-7.691953880398842,0.7285766297937132
SEX_12E,73,4,35.78073561802234,-306.2296920715559,35.04762769124743,-296.11841568920084,-0.7331079267749131,10.111276382355085,10.137818173190519,0.5237408137672528,-0.7347708162075008,9.51126125271469,0.6000174339122534
SEX_12E,73,5,120.19569556804386,-195.16052082835586,117.07443559182516,-191.38996039635674,-3.1212599762186937,3.77056043199912,4.894832970643852,0.45967515187362556,-3.3835765300790115,3.9171538432372017,0.3004989228725626
SEX_12E,73,6,-53.853182421205204,-285.77054125973353,-51.31061485992177,-277.3456309118365,2.542567561283436,8.424910347896986,8.80021387091203,0.556446484084135,2.585915783051128,9.002958255035765,0.5796709853683746
SEX_12E,73,7,-251.97723361665115,-256.86341774714475,-249.13180099317526,-256.3287474435627,2.8454326234759066,0.534670303582068,2.8952304136758307,0.8217932782512647,2.6171723317070814,0.5031628553414578,0.23042456486456464
SEX_12E,73,8,-234.78079014003305,-97.87047607487546,-240.24043127027429,-101.47974621637141,-5.4596411302412395,-3.60927014149595,6.544808035788065,0.7297126473084841,-5.825665762438689,-3.846836985673889,0.43636227704505254
SEX_11E,74,1,72.98584730064738,-189.8589359439555,75.06084464491845,-192.38008916969272,2.0749973442710745,-2.521153225737232,3.2652454067615286,0.005565452097452236,2.078975706880385,-2.5214889250285637,0.003992500853520432
SEX_11E,74,2,-48.034662119412175,236.19596217774534,-50.69937121795688,240.61801425572816,-2.6647090985447073,4.422052077982815,5.162869275921973,0.011099435825881776,-2.6641744391325943,4.433703179693822,0.011663362798404114
SEX_11E,74,3,-142.8154215141439,296.7192283510848,-146.83967556438864,300.0934423881315,-4.02425405024475,3.3742140370467655,5.251660787666575,0.018990644283930273,-4.015338413407477,3.366561823541872,0.011749253241743024
SEX_11E,74,4,-192.8024682902259,-335.23724206312386,-196.088839900331,-338.1003704414316,-3.286371610105096,-2.863128378307797,4.358639979440398,0.00884818438442245,-3.282333412334765,-2.8615692627512885,0.004328727590280462
SEX_11E,74,5,-102.26490069369746,75.95330342683124,-102.20783310724978,74.83082018621904,0.057067586447671945,-1.1224832406121923,1.1239329761503625,0.018338727309211603,0.05620914989590631,-1.1155657221892454,0.0069705792044288855
SEX_11E,74,6,194.2737990265419,80.56152618232777,192.02792581602415,79.01476081534712,-2.2458732105177313,-1.5467653669806507,2.7269817707883584,0.012565099422854827,-2.239369950420638,-1.542445298423715,0.007807392921268205
SEX_11E,74,7,16.249343956309072,-53.11824392017317,16.50069837226763,-53.97287287249138,0.25135441595855773,-0.8546289523182077,0.8908252850937635,0.003273846848721472,0.25422270267665326,-0.8535577156275522,0.003061799592496159
SEX_11E,74,8,21.561847826771736,92.00429213575822,22.129087407040807,94.5541494703061,0.5672395802690722,2.5498573345478834,2.612189343820901,0.004959518789721642,0.5705022826543278,2.5508955343399577,0.0034238991899610306
SEX_10AE,75,1,335.99295684751536,136.81128473478478,337.3967845860729,137.6054135598059,1.4038277385575193,0.7941288250211322,1.612877214878108,0.01016254466503945,1.3956358408129859,0.790328012103231,0.00903069031103254
SEX_10AE,75,2,-140.97384607828718,-279.9856659181124,-138.7184287945165,-277.6500748290122,2.255417283770659,2.3355910891001486,3.2468281228632097,0.04890243445416362,2.27129272986636,2.3538207878971207,0.024173367720817032
SEX_10AE,75,3,-168.9357230319182,-162.05276083506962,-167.5650414003386,-162.2564285856695,1.3706816315796257,-0.20366775059987505,1.3857303806239503,0.0301184686079078,1.3637171525578822,-0.200439152062188,0.0076764455682211
SEX_10AE,75,4,59.81740855420171,-100.59482496002202,58.06012647756853,-100.55941951626984,-1.7572820766331798,0.035405443752189035,1.7576387121088084,0.04314690213793295,-1.769061388528442,0.04302919665555294,0.01403117233367963
SEX_10AE,75,5,-24.939727865274186,87.10102195592785,-23.625246768267445,85.02993381444023,1.31448109700674,-2.0710881414876128,2.4530117497066044,0.03859479570598046,1.3213616170018199,-2.0799972646038327,0.011256732656621927
SEX_10AE,75,6,248.9991220046056,-284.5563453518414,247.21199438434246,-283.55340808733064,-1.7871276202631545,1.0029372645107963,2.049318981430623,0.03937969604327299,-1.7847639852799375,1.0085393501978501,0.0060803070957789725
SEX_10AE,75,7,180.2271149944588,-220.2132539589986,178.64889133419388,-219.11291419503627,-1.578223660264914,1.1003397639623258,1.9239380234240004,0.018822258930425467,-1.5692441514843267,1.0963395257763295,0.009830233134842065
SEX_10AE,75,8,151.8531350500017,-257.6040120977038,149.67891407077275,-254.86303393166844,-2.1742209792289438,2.740978166035357,3.498599458812314,0.014695109109439447,-2.166351809621773,2.731304997437263,0.012469724176322956
SEX_09AE,76,1,22.000841684152828,117.69329729719895,20.834397050653653,114.27375878201804,-1.1664446334991734,-3.419538515180923,3.6130093744446294,0.04998030451851989,-1.1793216407436624,-3.4515576855350787,0.0345115138141326
SEX_09AE,76,2,48.939204968555416,-286.7063098340703,47.30074434939917,-281.4000026510706,-1.638460619156248,5.306307182999638,5.553507821267512,0.022846730789423352,-1.6485689711040834,5.323510775400848,0.019953505221095427
SEX_09AE,76,3,-193.03930760964954,59.008125072600336,-201.59652890110618,62.43760773379882,-8.557221291456642,3.4294826611984814,9.218860426019038,0.045501122085957295,-8.52623700593648,3.416119072737544,0.03374331705313271
SEX_09AE,76,4,-281.3341932035472,128.31348747337316,-292.0868288316856,134.08773864808737,-10.752635628138334,5.774251174714222,12.204964136784607,0.06593986119237173,-10.802960665893522,5.800590060380614,0.05680093593602469
SEX_09AE,76,5,-38.428464184620594,-186.42579958488392,-36.546285295987886,-182.24078652197818,1.8821788886327142,4.185013062905739,4.588783248913197,0.08030793499945213,1.896071991519861,4.250756780634163,0.06719564516088447
SEX_09AE,76,6,-3.847683034247016,-270.1366906634896,-3.866685066182125,-263.00277096464765,-0.01900203193510956,7.133919698841919,7.133945005867542,0.01287395465138824,-0.02518938966159112,7.12282168659118,0.012706268986331011
SEX_09AE,76,7,-256.86438643906547,-164.95968909727762,-263.12190209097076,-170.17551579578273,-6.257515651905308,-5.2158266985051,8.146247619774304,0.0093558297568331,-6.259806440067706,-5.218707744820648,0.003680779574671141
SEX_09AE,76,8,223.4378422767328,316.30678052970393,222.5470712947846,316.9019894492369,-0.8907709819482056,0.5952089195329765,1.071329361201579,0.052612256900272575,-0.8741780794340173,0.6106071287960617,0.022636900458214693
